price_cr,area_sqm,bhk,bathroom,balcony,addl_room,sector,landmark_count,has_hospital_or_clinic,has_police_stn,has_fire_stn,has_mall,has_market,has_park,has_bank_or_atm,has_institute,has_airport,has_rly_stn,has_metro_stn,has_expy,has_petrol_pump,has_hotel,has_temple_or_church,has_famous_chowk,has_club,has_stadium,has_restro_cafe,area_type,floor_rise,age,society,city
0.45,83.61,2,2,1,0,7,50,34,0,0,0,0,0,5,2,0,0,0,0,0,0,1,0,0,0,1,carpet,mid,new,maa bhagwati residency,gurgaon
0.5,60.39,2,2,1,0,3,48,4,0,0,0,0,0,1,0,0,0,0,0,0,0,2,0,0,0,0,carpet,low,old,apna enclave,gurgaon
0.4,55.28,2,2,3,0,33,6,0,0,0,0,0,0,0,0,1,0,1,0,0,0,0,1,0,0,0,carpet,high,new,tulsiani easy in homes,sohna
1.47,111.48,2,2,2,1,61,9,1,0,0,1,0,0,0,2,1,1,1,0,0,0,0,0,0,0,0,carpet,low,mid aged,smart world orchard,gurgaon
0.7,124.95,2,2,3,1,92,11,4,0,0,0,0,0,0,0,0,0,0,0,4,0,0,0,0,0,1,super built up,mid,under construction,parkwood westend,gurgaon
2.0,139.35,3,3,3,0,102,7,4,0,0,0,0,0,0,0,0,1,0,0,0,0,0,0,0,0,0,super built up,mid,new,the cocoon,gurgaon
1.8,212.75,3,4,3,0,104,13,1,0,0,1,0,2,0,3,1,0,1,1,0,1,0,1,0,0,0,carpet,high,new,ats triumph,gurgaon
1.1,125.42,2,4,3,1,88,7,1,0,0,0,0,0,0,2,0,0,0,1,0,0,0,0,0,0,0,built up,low,under construction,vatika xpressions,gurgaon
4.75,261.34,3,3,2,1,78,10,0,0,0,1,0,1,0,2,1,0,0,0,0,0,0,0,0,0,0,built up,high,mid aged,raheja revanta,gurgaon
0.96,99.87,2,2,2,0,81,6,0,0,0,1,0,0,0,1,0,0,0,1,0,0,0,0,0,0,0,carpet,low,mid aged,signature global city 81,gurgaon
0.29,48.22,2,2,1,0,33,5,0,0,0,0,0,0,0,0,0,0,0,0,0,0,0,0,0,0,1,carpet,mid,new,hcbs sports ville,sohna
1.35,180.7,3,3,3,0,79,3,0,0,0,0,0,0,0,0,0,0,0,0,2,0,0,0,0,0,1,carpet,mid,new,supertech araville,gurgaon
0.7,120.77,2,2,3,1,90,10,1,0,0,1,0,1,0,3,1,0,0,1,0,1,0,0,0,0,0,super built up,high,new,shree vardhman flora,gurgaon
3.95,217.67,4,5,3,0,108,13,1,0,0,0,0,1,0,2,1,0,0,1,0,0,0,0,0,1,0,built up,high,under construction,sobha city,gurgaon
0.9,59.37,1,1,0,0,62,43,12,0,0,0,2,2,8,2,0,0,0,0,0,0,2,0,1,0,1,built up,low,under construction,senate court,gurgaon
1.05,85.01,2,2,2,0,102,13,1,0,0,1,1,0,0,2,1,0,0,1,0,1,0,0,1,0,0,carpet,high,mid aged,shapoorji pallonji joyville gurugram,gurgaon
2.2,195.1,3,3,3,1,33,11,1,0,0,1,0,0,0,3,1,1,0,0,0,1,0,0,0,1,0,super built up,high,new,central park flower valley,sohna
1.01,102.47,2,2,2,1,89,14,1,0,0,1,0,2,0,2,0,1,1,2,0,1,0,0,0,0,0,carpet,mid,new,smart world gems,gurgaon
1.85,199.74,3,4,3,1,79,10,1,0,0,1,0,0,0,2,1,0,0,0,0,0,0,0,0,0,0,super built up,high,new,bestech altura,gurgaon
0.86,102.47,2,3,3,0,89,14,1,0,0,1,0,2,0,2,0,1,1,2,0,1,0,0,0,0,0,super built up,mid,mid aged,smart world gems,gurgaon
1.85,188.13,3,3,3,1,102,10,1,0,0,1,0,0,0,2,1,1,0,1,0,1,0,0,0,1,0,carpet,high,new,emaar imperial gardens,gurgaon
2.85,205.97,3,3,3,1,113,8,1,0,0,1,0,0,0,2,0,0,0,1,0,0,0,0,0,0,0,super built up,high,new,la vida by tata housing,gurgaon
,418.06,5,1,0,0,1,10,5,0,0,0,0,0,0,0,0,0,0,0,2,0,0,0,0,0,2,built up,low,under construction,the new people apartments,gurgaon
6.15,311.69,3,4,2,0,65,9,1,0,0,1,0,1,0,2,1,0,1,0,0,1,0,1,0,0,0,built up,high,under construction,m3m golfestate,gurgaon
6.25,267.56,3,5,3,1,48,15,3,0,0,2,0,2,0,4,0,0,0,0,0,0,0,0,0,0,0,carpet,mid,old,central park resort belgravia residences,gurgaon
0.42,69.68,2,2,2,0,37,32,26,0,0,0,0,0,0,0,0,1,0,0,0,0,0,0,0,0,0,carpet,mid,new,apex builders,gurgaon
1.35,98.11,2,2,0,0,3,48,4,0,0,0,0,0,1,0,0,0,0,0,0,0,2,0,0,0,0,built up,mid,under construction,godrej habitat,gurgaon
1.6,55.18,2,2,2,0,110,16,2,0,0,0,0,0,0,1,0,0,1,0,0,0,1,0,0,0,0,carpet,low,new,ompee k s residency,gurgaon
3.25,297.29,4,4,3,1,43,44,5,0,0,0,1,0,10,1,0,0,2,0,1,0,2,0,0,0,1,super built up,high,old,bhawna cghs,gurgaon
0.45,58.11,2,2,1,0,88,6,1,0,0,1,0,0,0,2,1,0,0,0,0,0,0,0,0,0,0,carpet,high,new,adani aangan arcade,gurgaon
0.85,120.77,3,2,2,0,92,49,5,0,0,0,1,1,8,3,0,0,2,0,0,0,0,1,0,0,6,built up,high,under construction,sare green parc,gurgaon
0.75,120.77,2,2,3,0,90,10,1,0,0,1,0,1,0,3,1,0,0,1,0,1,0,0,0,0,0,carpet,high,under construction,shree vardhman flora,gurgaon
0.82,109.63,2,2,3,1,68,24,8,0,0,0,0,2,7,0,0,0,0,0,0,0,1,0,0,0,0,super built up,high,under construction,supertech hues,gurgaon
1.8,188.59,3,3,2,1,109,8,1,0,0,0,0,1,0,2,1,0,0,0,0,1,0,0,0,0,0,super built up,high,old,chintels paradiso,gurgaon
0.3,60.85,2,2,2,0,33,14,1,0,0,0,0,1,1,1,0,1,0,0,0,1,0,0,1,0,0,super built up,mid,new,breez global hill view,sohna
0.78,126.81,2,2,3,0,37,9,1,0,0,1,0,1,0,2,1,1,0,1,0,0,0,0,0,0,0,super built up,low,old,ild greens,gurgaon
2.0,122.63,3,3,2,1,43,45,4,0,0,0,2,0,13,1,0,0,2,0,1,0,2,0,0,0,1,carpet,low,old,ansal sushant lok ci,gurgaon
0.74,112.41,2,2,3,0,33,6,1,0,0,0,0,0,0,2,1,0,0,0,0,0,0,0,0,0,0,carpet,high,new,ashiana mulberry,sohna
3.2,185.99,3,3,3,1,106,9,1,0,0,1,0,1,0,2,0,1,2,2,0,0,0,0,0,0,0,carpet,mid,new,godrej meridien,gurgaon
1.3,182.09,4,4,3,1,82,11,0,0,0,1,0,2,0,2,1,0,0,0,0,1,0,0,0,0,0,super built up,low,new,mapsko casa bella,gurgaon
0.25,65.03,2,2,2,0,3,46,3,0,0,0,0,0,1,1,0,3,0,0,0,0,3,0,0,0,3,carpet,low,new,pooja apartment,gurgaon
0.95,112.48,3,2,3,0,33,8,1,0,0,0,0,0,0,2,1,1,1,0,0,0,0,0,0,0,0,built up,low,new,signature global park,sohna
1.99,253.35,4,4,3,1,90,6,1,0,0,0,0,0,0,1,1,0,0,0,0,1,0,0,0,0,0,carpet,high,new,dlf new town heights 1,gurgaon
1.05,128.67,2,2,2,0,106,11,1,0,0,1,0,1,0,2,1,0,1,1,0,1,0,0,0,0,0,carpet,mid,new,paras dews,gurgaon
1.83,169.92,3,3,3,0,85,8,1,0,0,1,0,0,0,2,1,0,0,1,0,0,0,0,0,0,0,carpet,high,mid aged,godrej air,gurgaon
2.25,195.1,3,3,3,1,82,7,1,0,0,0,0,0,0,0,1,0,0,0,0,0,0,0,0,0,0,carpet,high,new,dlf the primus,gurgaon
2.8,153.29,3,3,3,1,65,6,1,0,0,0,0,0,0,0,1,0,0,0,0,1,0,0,0,0,0,carpet,low,new,emaar mgf emerald floors premier,gurgaon
1.6,102.19,2,2,2,0,28,45,5,0,0,0,1,0,8,1,0,0,3,0,1,0,2,0,0,0,4,carpet,low,new,dlf regency park 1,gurgaon
0.83,142.14,2,2,3,1,79,3,0,0,0,0,0,0,0,0,0,0,0,0,2,0,0,0,0,0,1,carpet,mid,new,supertech araville,gurgaon
0.83,104.05,3,2,2,0,33,8,1,0,0,0,0,0,0,2,1,1,1,0,0,0,0,0,0,0,0,carpet,low,new,signature global park,sohna
0.8,116.13,2,3,2,0,10,49,37,0,0,0,0,0,0,1,0,0,0,0,2,0,0,1,0,0,0,carpet,high,new,maxworth city residences,gurgaon
1.25,246.29,4,4,3,0,1,10,5,0,0,0,0,0,0,0,0,0,0,0,2,0,0,0,0,0,2,carpet,mid,old,deepak minda,manesar
0.23,42.74,1,1,1,0,21,48,18,0,0,0,0,0,1,0,0,0,0,0,0,0,1,0,0,0,0,carpet,low,new,shree shyam residency,gurgaon
0.3,41.81,1,1,1,0,84,15,2,0,0,0,0,0,1,5,1,0,0,1,1,1,0,0,0,0,0,carpet,high,new,pivotal devaan,gurgaon
1.55,145.86,3,4,1,1,33,13,0,0,0,1,0,2,0,1,1,0,1,1,0,0,0,0,0,0,0,super built up,low,new,unitech the residences,gurgaon
0.79,111.3,2,2,2,1,71,15,2,1,0,0,0,2,1,0,1,0,0,0,0,1,0,2,0,0,0,super built up,high,new,chd avenue 71,gurgaon
0.5,83.61,2,2,2,1,7,50,34,0,0,0,0,0,1,3,0,0,0,0,2,0,1,0,0,0,0,super built up,low,old,"gokuldham society, bahadurgarh",gurgaon
1.01,134.71,2,2,3,1,33,8,1,0,0,1,0,0,0,2,0,0,0,1,0,0,0,0,0,0,0,super built up,high,mid aged,silverglades the melia,sohna
0.95,176.24,4,5,3,1,92,8,4,0,0,0,0,0,0,0,0,0,0,0,4,0,0,0,0,0,0,super built up,mid,old,sare crescent parc royal greens phase 1,gurgaon
0.99,117.06,2,2,2,0,77,10,1,0,0,1,0,1,0,2,1,0,0,1,0,0,0,0,0,0,0,super built up,low,new,umang winter hills,gurgaon
1.1,160.26,3,3,3,0,37,5,3,0,0,0,0,0,0,0,0,1,0,0,0,0,0,0,0,0,0,super built up,mid,mid aged,ramprastha skyz,gurgaon
1.9,204.39,4,4,3,0,67,11,1,0,0,1,0,1,0,2,1,0,0,0,0,1,0,0,0,0,0,super built up,low,new,4s aradhya homes,gurgaon
1.0,174.19,3,3,3,0,37,9,1,0,0,1,0,1,0,2,1,1,0,1,0,0,0,0,0,0,0,super built up,mid,under construction,ild greens,gurgaon
2.5,209.03,3,3,3,0,57,5,0,0,0,0,0,0,0,3,0,0,0,0,0,0,0,0,0,0,1,super built up,high,old,bptp freedom park life,gurgaon
1.1,98.16,2,2,2,0,3,11,1,0,0,1,0,1,0,2,1,0,1,1,0,1,0,0,0,0,0,super built up,high,mid aged,godrej habitat,gurgaon
0.29,52.03,2,2,2,0,95,3,3,0,0,0,0,0,0,0,0,0,0,0,0,0,0,0,0,0,0,super built up,high,new,ramsons kshitij,gurgaon
0.65,127.28,3,2,3,0,92,14,1,0,0,0,0,0,1,1,0,0,0,1,0,0,1,0,0,0,0,super built up,mid,new,raheja sampada,gurgaon
0.5,49.38,2,2,2,0,33,7,1,0,0,1,0,0,0,2,1,0,0,0,0,1,0,0,0,0,0,carpet,mid,new,signature the serenas,sohna
0.32,53.42,2,2,1,0,99,15,1,0,0,0,0,0,2,3,0,1,0,1,1,0,1,0,1,1,0,super built up,low,new,pareena laxmi apartments,gurgaon
0.93,134.9,2,3,3,1,103,15,1,0,0,1,1,2,0,3,1,1,2,2,0,0,0,1,0,0,0,carpet,low,new,satya the hermitage,gurgaon
1.2,132.2,3,3,2,0,89,14,1,0,0,1,0,2,0,2,0,1,1,2,0,1,0,0,0,0,0,carpet,low,new,smart world gems,gurgaon
0.3,59.46,2,2,2,0,33,6,0,0,0,0,0,0,0,0,1,0,0,2,0,0,0,1,0,0,0,carpet,mid,new,gls arawali homes,sohna
0.56,76.37,2,2,3,0,33,8,1,0,0,0,0,0,0,2,1,1,1,0,0,0,0,0,0,0,0,carpet,low,new,signature global park,sohna
2.7,200.58,3,4,3,0,49,15,1,0,0,1,0,1,0,2,1,0,1,1,0,1,0,0,1,0,0,super built up,mid,old,bestech park view city 2,gurgaon
1.0,181.16,3,4,3,1,90,10,1,0,0,1,0,1,0,3,1,0,0,1,0,1,0,0,0,0,0,super built up,high,new,shree vardhman flora,gurgaon
1.45,120.77,3,2,2,0,30,49,4,0,0,0,2,0,14,3,0,0,0,0,1,0,0,0,0,0,6,built up,low,old,afnhb jalvayu vihar,gurgaon
1.25,132.2,3,3,0,0,89,9,1,0,0,0,0,0,0,2,1,0,0,2,0,0,0,0,0,0,0,built up,mid,under construction,m3m soulitude,gurgaon
0.46,540.1479999999999,2,2,1,0,86,8,1,0,0,1,0,0,0,2,1,0,0,1,0,0,0,0,0,0,0,carpet,high,under construction,pyramid elite,gurgaon
4.5,340.95,5,5,3,1,66,5,1,0,0,0,0,0,0,2,1,0,1,0,0,0,0,0,0,0,0,super built up,high,new,emaar mgf palm terraces,gurgaon
0.64,92.9,2,2,1,0,15,48,14,0,0,0,0,0,3,1,0,0,0,0,0,0,1,1,0,0,0,super built up,low,new,anamika enclave,gurgaon
0.28,69.03,2,2,1,0,33,5,0,0,0,0,0,0,0,0,0,0,0,0,0,0,0,0,0,0,1,built up,high,new,hcbs sports ville,sohna
3.87,209.03,3,4,3,1,61,8,1,0,0,0,0,0,0,3,1,0,1,0,0,0,0,0,0,0,0,super built up,high,under construction,puri the aravallis,gurgaon
1.38,202.25,3,3,1,0,109,10,4,0,0,0,0,0,0,0,0,4,0,0,0,0,1,0,0,0,0,carpet,mid,old,brisk lumbini terrace homes,gurgaon
0.43,60.39,2,2,1,0,4,48,12,0,0,0,0,0,1,0,0,0,0,0,0,0,1,0,0,0,0,carpet,low,new,huda ashok vihar phase 1,gurgaon
0.28,83.61,2,1,1,1,110,30,5,0,0,0,1,0,1,3,0,4,1,0,0,0,1,0,0,0,0,carpet,low,new,my home,gurgaon
1.1,103.87,2,2,2,0,37,10,1,0,0,1,0,1,0,2,1,0,0,1,0,1,0,0,0,0,0,carpet,mid,under construction,signature global city,gurgaon
2.0,133.13,2,2,2,0,65,11,1,0,0,1,0,2,0,2,1,0,1,1,0,1,0,0,0,0,0,built up,high,under construction,m3m heights,gurgaon
0.9,104.05,3,2,2,0,33,8,1,0,0,0,0,0,0,2,1,1,1,0,0,0,0,0,0,0,0,super built up,low,mid aged,signature global park,sohna
0.9,104.05,3,2,0,0,33,8,1,0,0,0,0,0,0,2,1,1,1,0,0,0,0,0,0,0,0,built up,low,mid aged,signature global park,sohna
1.75,185.43,3,3,0,0,33,8,1,0,0,1,0,0,0,2,1,0,0,0,0,0,0,0,0,0,0,built up,low,under construction,godrej nature plus,sohna
1.8,253.35,4,4,3,0,90,6,1,0,0,0,0,0,0,1,1,0,0,0,0,1,0,0,0,0,0,super built up,high,old,dlf new town heights 1,gurgaon
2.1,166.2,3,3,2,0,33,15,0,0,0,0,0,2,2,3,0,0,0,0,1,1,0,0,0,0,1,super built up,mid,under construction,central park flower valley aqua front towers,sohna
2.0,128.21,2,2,2,0,22,14,1,0,0,1,0,1,0,2,1,1,0,1,0,0,0,0,0,0,0,carpet,high,new,ambience creacions,gurgaon
2.0,143.07,3,3,2,0,63,13,1,0,0,0,0,3,0,2,1,0,1,0,0,1,0,1,1,0,0,built up,low,mid aged,signature global city 63a,gurgaon
1.29,151.34,3,3,3,1,88,7,1,0,0,0,1,0,0,1,0,0,0,1,0,0,0,0,0,0,0,super built up,mid,new,godrej oasis,gurgaon
2.85,169.83,3,3,3,0,65,9,1,0,0,0,0,1,0,1,1,0,1,0,0,1,0,0,0,0,0,super built up,high,mid aged,m3m skycity,gurgaon
1.1,181.16,3,3,3,0,79,3,0,0,0,0,0,0,0,0,0,0,0,0,2,0,0,0,0,0,1,carpet,low,new,supertech araville,gurgaon
1.65,111.48,2,2,2,1,61,9,1,0,0,1,0,0,0,2,1,1,1,0,0,0,0,0,0,0,0,carpet,low,mid aged,smart world orchard,gurgaon
0.24,30.1,1,1,2,0,33,5,0,0,0,0,0,0,0,0,0,0,0,0,0,0,0,0,0,0,1,carpet,low,new,hcbs sports ville,sohna
2.1,185.81,3,4,3,1,77,6,1,0,0,1,0,0,0,2,1,0,0,0,0,0,0,0,0,0,0,super built up,high,new,emaar palm premier,gurgaon
1.9,179.21,3,3,3,1,33,8,1,0,0,1,0,0,0,2,1,0,0,0,0,0,0,0,0,0,0,carpet,high,new,godrej nature plus,sohna
1.1,83.61204013377927,2,2,3,0,79,11,1,0,0,1,0,1,0,2,1,0,0,1,0,0,0,0,0,1,0,super built up,high,new,godrej aria,gurgaon
0.32,65.03,2,2,1,1,95,3,3,0,0,0,0,0,0,0,0,0,0,0,0,0,0,0,0,0,0,super built up,high,new,ramsons kshitij,gurgaon
1.7,89.65,1,1,2,0,109,22,8,0,0,0,0,0,0,0,0,4,0,0,0,0,2,0,0,0,1,built up,high,under construction,conscient one,gurgaon
0.32,48.68,2,2,2,0,99,15,1,0,0,0,0,0,2,3,0,1,0,1,1,0,1,0,1,1,0,super built up,low,new,pareena laxmi apartments,gurgaon
0.45,54.01,2,2,1,0,86,8,1,0,0,1,0,0,0,2,1,0,0,1,0,0,0,0,0,0,0,carpet,mid,mid aged,pyramid elite,gurgaon
1.2,111.28,1,2,2,0,78,10,0,0,0,1,0,1,0,2,1,0,0,0,0,0,0,0,0,0,0,super built up,high,under construction,raheja revanta,gurgaon
2.1,121.7,2,2,2,0,65,9,1,0,0,0,0,1,0,1,1,0,1,0,0,1,0,0,0,0,0,super built up,high,new,m3m skycity,gurgaon
0.45,528.8441,2,2,2,0,95,12,0,0,0,1,0,0,0,2,1,0,0,1,1,1,0,0,0,0,0,carpet,low,new,signature the roselia,gurgaon
0.42,69.68,2,2,1,0,4,48,13,0,0,0,0,0,1,0,0,0,0,0,0,0,1,0,0,0,0,carpet,low,new,not applicable,gurgaon
1.55,144.65,3,2,3,0,33,8,1,0,0,1,0,0,0,2,1,0,0,0,0,0,0,0,0,0,0,carpet,high,new,godrej nature plus,sohna
1.3,133.78,3,3,2,0,102,12,1,0,0,1,1,3,0,3,1,0,0,1,0,1,0,0,0,0,0,super built up,low,mid aged,ramprastha city,gurgaon
2.75,241.27,4,4,3,1,113,17,2,0,0,0,0,0,0,3,0,2,1,0,0,0,1,0,0,0,0,carpet,high,new,smartworld 1dxp,gurgaon
1.25,180.23,3,3,3,1,103,18,7,0,0,0,0,0,4,0,0,4,0,0,0,0,0,0,0,0,1,super built up,low,new,ansal housing highland park,gurgaon
0.42,52.68,3,2,2,0,63,8,1,0,0,2,0,0,0,2,0,0,2,0,0,0,0,0,0,0,0,carpet,high,under construction,czar mahira homes 63a,gurgaon
0.4,57.88,2,2,1,0,33,10,1,0,0,1,0,1,0,2,1,0,0,0,0,1,0,0,1,0,0,super built up,mid,new,breez global heights,sohna
0.34,58.44,2,2,1,0,33,13,1,0,0,0,1,1,1,2,0,0,1,1,0,0,1,1,0,0,0,carpet,mid,new,trisara our homes 3,sohna
1.25,132.2,3,3,3,1,89,9,1,0,0,0,0,0,0,2,1,0,0,2,0,0,0,0,0,0,0,super built up,low,new,m3m soulitude,gurgaon
1.5,134.71,3,3,3,0,77,10,1,0,0,1,0,1,0,2,1,0,0,1,0,0,0,0,0,0,0,super built up,mid,new,emaar mgf palm hills,gurgaon
1.3,130.06,3,3,2,0,102,12,1,0,0,1,1,3,0,3,1,0,0,1,0,1,0,0,0,0,0,super built up,low,mid aged,ramprastha city,gurgaon
1.6,185.81,3,3,3,0,99,15,2,0,0,1,2,1,3,4,1,0,0,0,0,1,0,0,0,0,0,super built up,mid,mid aged,pareena coban residences,gurgaon
1.5,118.54,2,2,2,0,113,8,1,0,0,1,0,0,0,2,0,0,0,1,0,0,0,0,0,0,0,carpet,high,new,la vida by tata housing,gurgaon
1.5,118.54,2,2,2,0,113,8,1,0,0,1,0,0,0,2,0,0,0,1,0,0,0,0,0,0,0,super built up,high,new,la vida by tata housing,gurgaon
0.9,116.96,2,2,0,0,104,46,13,0,0,0,0,0,1,0,0,0,0,0,0,0,1,0,0,0,0,built up,high,under construction,godrej summit premia towers,gurgaon
1.5,152.36,4,4,3,0,52,44,6,0,0,0,1,0,9,1,0,0,0,0,2,0,3,0,0,0,2,super built up,low,old,ardee city,gurgaon
0.8,56.67,1,1,0,0,67,7,1,0,0,1,0,0,0,1,1,0,0,1,0,0,0,0,0,0,0,built up,low,under construction,m3m one key resiments,gurgaon
1.25,157.01,3,2,1,0,86,4,1,0,0,1,0,0,0,1,0,0,0,1,0,0,0,0,0,0,0,super built up,high,new,ansal heights 86,gurgaon
0.26,44.76,2,2,1,0,33,10,0,0,0,0,0,0,5,0,0,0,0,0,0,0,0,0,0,0,2,carpet,low,new,mvn athens,sohna
0.42,49.33,2,2,1,0,33,7,1,0,0,1,0,0,0,2,1,0,0,0,0,1,0,0,0,0,0,carpet,high,new,signature the serenas,sohna
2.5,179.77,3,3,2,0,43,45,4,0,0,0,1,0,9,1,0,0,2,0,1,0,2,0,0,0,4,super built up,low,new,sushant lok 1 builder floors,gurgaon
0.9,181.16,3,3,2,1,78,7,1,0,0,0,0,0,1,0,0,0,1,0,0,0,0,0,0,0,0,super built up,low,old,umang monsoon breeze,gurgaon
0.42,54.91,2,2,1,1,92,4,1,0,0,0,0,0,0,1,0,0,0,0,0,1,0,0,0,0,0,carpet,mid,new,gls avenue 51,gurgaon
0.5,50.73,2,2,1,0,107,10,0,0,0,1,0,0,0,1,0,0,0,1,0,0,0,0,0,0,0,super built up,high,new,signature global solera,gurgaon
0.9,142.14,2,2,3,1,79,3,0,0,0,0,0,0,0,0,0,0,0,0,2,0,0,0,0,0,1,super built up,mid,new,supertech araville,gurgaon
1.3,177.44,3,3,3,1,89,7,0,0,0,0,0,0,0,0,0,1,0,0,3,0,0,0,0,0,1,carpet,low,new,greenopolis,gurgaon
1.7,166.2,3,3,3,0,33,15,0,0,0,0,0,2,2,3,0,0,0,0,1,1,0,0,0,0,1,super built up,high,under construction,central park flower valley aqua front towers,sohna
1.25,189.52,4,3,0,0,92,8,4,0,0,0,0,0,0,0,0,0,0,0,4,0,0,0,0,0,0,built up,high,mid aged,sare homes,gurgaon
2.91,404.13,4,4,3,1,82,9,1,0,0,0,0,0,0,0,0,0,0,0,3,0,0,0,0,0,1,super built up,mid,under construction,vatika sovereign next sector-82 a gurgaon,gurgaon
1.15,232.26,3,4,2,1,12,50,30,0,0,0,0,0,3,3,0,0,0,0,1,0,1,0,0,0,0,super built up,low,old,bhagwati sadan,gurgaon
1.2,89.0,3,3,3,1,89,14,1,0,0,1,0,2,0,2,0,1,1,2,0,1,0,0,0,0,0,carpet,low,mid aged,smart world gems,gurgaon
1.5,113.81,2,2,3,0,33,45,2,0,0,0,0,0,2,0,0,0,0,0,0,0,0,1,0,0,0,carpet,high,new,micasa sec 68,sohna
1.3,162.67,3,3,3,0,33,7,1,0,0,0,0,0,0,2,0,0,0,1,0,0,0,0,0,0,0,super built up,high,new,eldeco accolade,sohna
1.75,156.91,3,3,3,0,104,7,1,0,0,0,1,0,0,1,1,1,1,1,0,0,0,0,0,0,0,super built up,low,mid aged,hero homes,gurgaon
0.55,65.03,2,2,1,1,3,48,1,0,0,0,0,0,0,0,0,0,0,0,0,0,2,0,0,0,0,carpet,mid,new,shyam sadan,gurgaon
2.5,169.83,3,3,3,0,65,11,1,0,0,1,0,2,0,2,1,0,1,1,0,1,0,0,0,0,0,super built up,high,mid aged,m3m heights,gurgaon
0.43,75.25,2,2,1,0,33,48,37,0,0,0,0,0,0,1,0,0,0,0,2,0,0,1,0,0,0,super built up,low,old,hanumanta apartment,gurgaon
0.45,92.9,3,3,2,0,37,15,11,0,0,0,0,0,0,0,0,1,0,0,0,0,0,0,0,0,0,super built up,high,new,ashiyara 2,gurgaon
1.95,203.55,4,3,3,0,37,11,1,0,0,1,0,1,0,2,1,0,0,1,0,1,0,0,0,0,0,super built up,mid,mid aged,bptp terra,gurgaon
0.45,58.16,2,2,1,0,90,15,2,0,0,0,0,0,2,3,0,0,0,0,1,0,0,1,1,0,0,carpet,low,new,green court,gurgaon
1.7,145.86,3,2,3,0,79,3,0,0,0,0,0,0,0,0,0,0,0,0,2,0,0,0,0,0,1,built up,high,under construction,m3m golf hills phase 1,gurgaon
1.1,167.23,3,2,3,0,9,50,34,0,0,0,0,0,5,1,0,1,0,0,0,0,0,0,0,0,1,carpet,mid,old,abhinav group housing society,gurgaon
0.5,48.31,2,2,1,0,86,9,0,0,0,1,0,0,0,1,0,0,0,0,0,0,0,0,0,0,0,carpet,high,new,pyramid urban homes 2,gurgaon
2.8,169.83,3,3,3,0,65,11,1,0,0,1,0,2,0,2,1,0,1,1,0,1,0,0,0,0,0,super built up,high,mid aged,m3m heights,gurgaon
1.45,83.61204013377927,3,2,3,1,33,8,1,0,0,1,0,0,0,2,1,0,0,0,0,0,0,0,0,0,0,built up,high,under construction,godrej nature plus,sohna
2.2,151.43,3,3,2,0,61,13,1,0,0,1,0,1,0,2,1,1,1,0,0,0,0,0,0,0,0,carpet,low,mid aged,smart world orchard,gurgaon
0.9,118.45,2,2,2,0,33,13,1,0,0,1,0,1,0,4,0,0,0,0,1,1,0,0,1,0,0,super built up,high,new,ashiana anmol,sohna
1.35,161.19,3,3,3,1,77,10,1,0,0,1,0,1,0,2,1,0,0,1,0,0,0,0,0,0,0,super built up,mid,new,umang winter hills,gurgaon
1.85,213.68,4,4,0,0,67,23,8,0,0,0,0,2,7,0,0,0,0,0,0,0,1,0,0,0,0,carpet,mid,under construction,aardhya homesh,gurgaon
0.25,35.3,1,1,1,0,95,14,0,0,0,0,0,0,0,0,1,1,1,2,0,0,0,2,0,0,1,super built up,mid,new,rof ananda,gurgaon
0.88,102.66,2,2,3,1,89,14,1,0,0,1,0,2,0,2,0,1,1,2,0,1,0,0,0,0,0,carpet,low,new,smart world gems,gurgaon
1.15,126.81,2,2,2,1,99,11,1,0,0,0,0,1,0,2,1,0,1,1,0,1,0,0,0,0,0,super built up,low,new,assotech blith,gurgaon
1.6,121.98,3,3,3,0,17,49,42,0,0,0,0,0,0,1,0,0,0,0,1,0,1,0,0,0,1,super built up,mid,old,essel tower,gurgaon
0.85,116.31,2,2,2,0,99,13,1,0,0,1,0,0,0,2,1,1,0,2,0,1,0,0,0,1,0,super built up,low,new,raheja vanya,gurgaon
0.75,92.9,2,2,2,0,82,6,0,0,0,0,0,0,0,2,1,0,0,0,0,0,0,0,0,0,0,built up,low,under construction,vatika inxt floors,gurgaon
3.35,418.06,4,4,3,1,2,28,2,0,0,0,1,3,2,4,0,1,1,0,0,0,1,0,0,0,0,carpet,low,new,palam vihar society,gurgaon
1.5,171.87,3,3,3,0,88,7,1,0,0,0,1,0,0,1,0,0,0,1,0,0,0,0,0,0,0,super built up,high,new,godrej oasis,gurgaon
1.65,219.62,4,4,3,1,91,8,1,0,0,0,0,2,0,2,1,0,1,0,0,0,0,0,0,0,0,super built up,high,old,dlf new town heights,gurgaon
2.0,253.35,4,4,3,1,91,8,1,0,0,0,0,2,0,2,1,0,1,0,0,0,0,0,0,0,0,super built up,high,old,dlf new town heights,gurgaon
1.75,260.13,4,4,3,1,1,50,34,0,0,0,0,0,1,3,0,0,0,0,2,0,1,0,0,0,0,carpet,high,new,sonata group housing society sector 1 manesar,gurgaon
0.9,109.63,2,2,2,0,68,24,8,0,0,0,0,2,7,0,0,0,0,0,0,0,1,0,0,0,0,carpet,low,new,supertech hues,gurgaon
1.25,173.26,3,3,3,0,70,7,1,0,0,1,0,1,0,2,1,0,0,0,0,0,0,0,0,0,0,super built up,high,under construction,krrish florence estate,gurgaon
1.0,142.79,3,3,3,0,37,32,26,0,0,0,0,0,0,0,0,1,0,0,0,0,0,0,0,0,0,carpet,high,new,piedmont taksila heights,gurgaon
2.15,223.71,3,5,3,0,85,13,1,0,0,1,0,1,0,2,1,0,0,1,0,1,0,0,0,1,0,super built up,low,new,ss the leaf,gurgaon
1.0,76.74,1,1,1,0,67,23,7,0,0,0,0,2,7,0,0,0,0,0,0,0,1,0,1,0,0,built up,high,new,m3m urbana,gurgaon
1.65,117.24,2,2,3,0,70,11,1,0,0,1,0,1,0,1,1,0,0,0,0,1,0,0,0,0,0,super built up,high,new,aipl zen residences,gurgaon
1.79,205.78,4,3,3,0,90,14,0,0,0,0,2,0,0,0,0,0,0,0,0,0,0,0,0,0,0,carpet,high,old,dlf regal gardens,gurgaon
1.8,83.61204013377927,3,3,3,0,85,8,1,0,0,1,0,0,0,2,1,0,0,1,0,0,0,0,0,0,0,carpet,high,under construction,godrej air,gurgaon
1.45,132.85,3,3,3,0,2,11,0,0,0,1,1,0,0,1,0,0,1,0,0,0,0,0,0,0,0,built up,mid,under construction,suncity vatsal valley,gurgaon
0.22,54.35,1,1,1,0,21,48,25,0,0,0,0,0,1,0,0,0,0,0,0,0,1,0,0,0,0,super built up,low,new,shree shyam residency,gurgaon
0.36,65.03,2,2,1,0,7,50,35,0,0,0,0,0,5,2,0,0,0,0,0,0,0,0,0,0,1,built up,low,new,project krishna colony,gurgaon
0.25,54.53,2,2,1,0,33,10,0,0,0,0,0,0,5,0,0,0,0,0,0,0,0,0,0,0,2,built up,high,new,mvn athens,sohna
1.15,142.51,3,3,3,1,79,12,1,0,0,1,0,1,0,2,1,0,0,1,0,0,0,0,0,1,0,super built up,low,new,m3m antalya hills,gurgaon
1.65,87.89,3,3,0,0,33,50,34,0,0,0,0,0,1,3,0,0,0,0,2,0,1,0,0,0,0,carpet,low,under construction,central park flower valley,sohna
2.9,213.49,4,4,3,1,113,8,1,0,0,1,0,0,0,2,1,1,1,1,0,0,0,0,0,0,0,carpet,high,new,m3m capital,gurgaon
0.6,122.63,2,2,3,1,92,5,0,0,0,0,0,0,0,0,0,0,0,1,0,0,0,0,0,0,0,super built up,high,under construction,ansal heights,gurgaon
2.4,222.97,3,3,0,0,47,43,6,0,0,0,0,1,2,0,0,0,0,0,0,0,0,0,0,0,0,carpet,low,old,malibu towne,gurgaon
1.25,117.24,2,2,3,0,70,14,6,0,0,0,0,2,4,0,0,0,0,0,0,0,1,0,0,0,0,carpet,high,under construction,aipl zen residences,gurgaon
2.15,133.13,2,2,3,0,65,11,1,0,0,1,0,2,0,2,1,0,1,1,0,1,0,0,0,0,0,built up,high,under construction,m3m heights,gurgaon
0.29,69.03,2,2,1,0,33,5,0,0,0,0,0,0,0,0,0,0,0,0,0,0,0,0,0,0,1,built up,mid,under construction,hcbs sports ville,sohna
0.38,69.68,2,2,2,0,33,5,0,0,0,0,0,0,0,0,0,0,0,0,0,0,0,0,0,0,1,built up,high,under construction,hcbs sports ville,sohna
1.5,111.48,2,2,3,0,54,45,13,0,0,0,2,2,7,3,0,0,0,0,0,0,1,0,1,0,2,built up,mid,under construction,jmd empire,gurgaon
0.39,88.26,2,2,1,0,4,48,4,0,0,0,0,0,1,0,0,0,0,0,0,0,2,0,0,0,0,built up,mid,under construction,housing apna enclave,gurgaon
1.6,222.97,3,4,0,0,99,11,1,0,0,0,0,1,0,2,1,0,1,1,0,1,0,0,0,0,0,built up,high,under construction,assotech blith,gurgaon
1.7,185.71,4,4,3,0,68,15,1,0,0,1,0,1,0,2,1,0,1,1,0,1,0,0,1,0,0,super built up,low,new,pareena mi casa,gurgaon
3.25,213.86,3,3,3,1,54,47,5,0,0,0,1,2,13,0,0,0,4,0,1,0,2,1,0,0,4,carpet,high,old,suncity heights,gurgaon
0.6,65.96,2,2,3,0,111,15,2,1,0,0,2,2,2,3,0,0,1,0,0,0,0,0,0,0,0,carpet,high,new,lotus homz,gurgaon
0.27,92.9,2,2,0,0,95,4,3,0,0,0,0,0,0,0,0,0,0,0,1,0,0,0,0,0,0,super built up,low,under construction,ramson kshitij sec-95 gurugram,gurgaon
0.95,99.31,2,1,1,0,28,49,6,0,0,0,1,1,12,0,0,0,6,0,0,0,1,0,0,0,4,carpet,low,old,maruti vihar colony,gurgaon
2.65,133.13,2,2,3,1,65,11,1,0,0,1,0,2,0,2,1,0,1,1,0,1,0,0,0,0,0,super built up,mid,new,m3m heights,gurgaon
0.36,50.73,2,2,1,0,79,3,0,0,0,0,0,0,0,0,0,0,0,0,2,0,0,0,0,0,1,built up,mid,new,supertech basera,gurgaon
0.55,55.74,2,2,3,0,37,15,2,0,0,0,0,0,0,1,0,2,0,1,0,0,0,3,0,0,0,super built up,low,new,signature global the millennia,gurgaon
1.32,72.46,3,3,3,0,89,9,1,0,0,0,0,0,0,2,1,0,0,2,0,0,0,0,0,0,0,carpet,low,mid aged,m3m soulitude,gurgaon
0.59,116.33,2,2,3,1,99,13,1,0,0,1,0,0,0,2,1,1,0,2,0,1,0,0,0,1,0,super built up,low,mid aged,raheja vanya,gurgaon
0.45,78.97,2,2,1,0,4,48,10,0,0,0,0,0,1,0,0,0,0,0,0,0,2,0,0,0,0,carpet,mid,new,"ganpati apartment  2, laxman vihar phase 1",gurgaon
0.9,119.38,3,3,2,0,37,4,0,0,0,0,0,0,0,1,0,0,0,1,0,0,0,0,0,0,0,super built up,high,new,ramprastha the atrium,gurgaon
0.95,134.9,2,2,3,1,33,7,1,0,0,0,0,0,0,2,0,0,0,1,0,0,0,0,0,0,0,super built up,mid,new,eldeco accolade,sohna
3.0,169.83,3,3,3,0,65,11,1,0,0,1,0,2,0,2,1,0,1,1,0,1,0,0,0,0,0,super built up,high,mid aged,m3m heights,gurgaon
3.67,189.52,3,3,2,1,65,11,1,0,0,1,0,2,0,2,1,0,1,1,0,1,0,0,0,0,0,super built up,high,mid aged,m3m heights,gurgaon
3.85,477.52,5,6,3,1,82,12,1,0,0,1,0,1,0,1,1,0,0,0,0,0,0,0,0,0,0,carpet,mid,new,vatika sovereign next,gurgaon
3.29,169.83,3,3,3,0,65,11,1,0,0,1,0,2,0,2,1,0,1,1,0,1,0,0,0,0,0,super built up,high,new,m3m heights,gurgaon
2.33,117.15,2,2,3,0,65,11,1,0,0,1,0,2,0,2,1,0,1,1,0,1,0,0,0,0,0,super built up,high,under construction,m3m heights,gurgaon
2.79,169.83,3,3,3,0,65,11,1,0,0,1,0,2,0,2,1,0,1,1,0,1,0,0,0,0,0,super built up,high,new,m3m heights,gurgaon
3.4,269.42,4,4,3,0,41,49,3,0,0,0,1,1,13,2,0,0,1,0,2,0,0,0,0,0,3,built up,low,under construction,south city 1 floors,gurgaon
0.72,91.97,2,2,1,1,12,14,14,0,0,0,0,0,0,0,0,0,0,0,0,0,0,0,0,0,0,carpet,low,new,allure homes,gurgaon
0.4,52.81,2,2,1,0,104,9,1,0,0,1,0,1,0,2,1,0,0,0,0,1,0,0,0,0,0,super built up,mid,new,zara aavaas,gurgaon
0.56,126.72,2,2,2,0,95,4,3,0,0,0,0,0,0,0,0,0,0,0,1,0,0,0,0,0,0,super built up,high,new,sidhartha ncr one phase 1,gurgaon
1.1,150.5,3,3,3,1,71,15,2,1,0,0,0,2,1,0,1,0,0,0,0,1,0,2,0,0,0,super built up,high,new,chd avenue 71,gurgaon
0.71,121.7,2,2,3,1,37,15,1,1,0,0,0,1,3,3,0,0,0,0,0,0,1,0,1,0,0,super built up,high,new,ramprastha the edge towers,gurgaon
0.78,120.31,2,2,3,1,79,3,0,0,0,0,0,0,0,0,0,0,0,0,2,0,0,0,0,0,1,super built up,high,new,supertech araville,gurgaon
0.4,63.17,2,2,3,0,37,12,1,0,0,1,0,1,0,2,1,0,0,1,0,0,0,1,0,0,0,carpet,low,under construction,imperia aashiyara,gurgaon
1.85,146.69,3,2,2,0,113,8,1,0,0,1,0,0,0,2,0,0,0,1,0,0,0,0,0,0,0,super built up,mid,new,la vida by tata housing,gurgaon
1.1,83.89,2,2,1,0,102,13,1,0,0,1,1,0,0,2,1,0,0,1,0,1,0,0,1,0,0,super built up,high,mid aged,shapoorji pallonji joyville gurugram,gurgaon
1.41,106.84,2,2,2,1,61,9,1,0,0,1,0,0,0,2,1,1,1,0,0,0,0,0,0,0,0,built up,low,mid aged,smart world orchard,gurgaon
1.45,180.7,3,3,3,0,79,3,0,0,0,0,0,0,0,0,0,0,0,0,2,0,0,0,0,0,1,carpet,low,new,supertech araville,gurgaon
2.2,148.64,3,3,2,0,61,9,1,0,0,1,0,0,0,2,1,1,1,0,0,0,0,0,0,0,0,carpet,low,mid aged,smart world orchard,gurgaon
1.1,103.12,2,2,3,0,33,13,0,0,0,1,0,2,0,1,1,0,1,1,0,0,0,0,0,0,0,super built up,high,old,unitech the residences,gurgaon
2.05,188.13,3,4,3,1,102,10,1,0,0,1,0,0,0,2,1,1,0,1,0,1,0,0,0,1,0,carpet,high,new,emaar imperial gardens,gurgaon
0.6,111.48,3,2,3,0,92,8,4,0,0,0,0,0,0,0,0,0,0,0,4,0,0,0,0,0,0,carpet,mid,old,sare homes,gurgaon
0.8,154.22,2,3,3,1,89,7,0,0,0,0,0,0,0,0,0,1,0,0,3,0,0,0,0,0,1,super built up,high,under construction,greenopolis,gurgaon
0.41,54.16,2,2,2,0,84,15,2,0,0,0,0,0,1,5,1,0,0,1,1,1,0,0,0,0,0,super built up,high,new,pivotal devaan,gurgaon
0.9,150.69,3,3,3,1,73,42,15,0,0,0,0,1,2,0,0,0,0,0,0,0,0,0,0,0,0,built up,low,under construction,today callidora,gurgaon
0.54,83.61,2,2,1,0,7,50,34,0,0,0,0,0,5,2,0,0,0,0,0,0,1,0,0,0,1,carpet,low,new,"m m residency, krishna colony, gurgaon",gurgaon
0.82,100.43,3,2,2,0,36,12,1,0,0,2,0,2,0,3,1,0,1,0,0,0,0,0,0,0,0,super built up,low,new,signature global park 4,sohna
1.0,137.96,3,3,3,0,71,15,2,1,0,0,0,2,1,0,1,0,0,0,0,1,0,2,0,0,0,super built up,low,new,chd avenue 71,gurgaon
1.85,190.45,3,4,3,1,56,45,5,0,0,0,1,1,14,0,0,0,3,0,1,0,2,1,0,0,4,carpet,mid,old,park royal apartment,gurgaon
1.42,164.9,3,3,2,0,83,9,0,0,0,1,0,0,0,1,0,0,0,0,0,0,0,0,0,1,0,carpet,low,new,vatika boulevard residences and heights,gurgaon
0.55,78.97,2,2,3,0,37,15,2,0,0,0,0,0,0,1,0,2,0,1,0,0,0,3,0,0,0,super built up,low,new,signature global the millennia,gurgaon
2.29,133.13,2,2,3,1,65,11,1,0,0,1,0,2,0,2,1,0,1,1,0,1,0,0,0,0,0,carpet,high,under construction,m3m heights,gurgaon
0.97,85.01,2,2,2,0,102,13,1,0,0,1,1,0,0,2,1,0,0,1,0,1,0,0,1,0,0,super built up,high,new,shapoorji pallonji joyville gurugram,gurgaon
8.25,273.13,3,4,3,1,53,9,1,0,0,1,0,0,0,2,0,0,1,0,0,2,0,0,1,0,1,super built up,high,new,tulip monsella,gurgaon
0.3,62.71,2,2,1,0,3,48,1,0,0,0,0,0,0,0,0,0,0,0,0,0,2,0,0,0,0,carpet,low,new,shyamkunj ashok vihar pahse 2,gurgaon
1.65,106.93,2,2,3,0,33,8,1,0,0,1,0,0,0,2,1,0,0,0,0,0,0,0,0,0,0,carpet,low,under construction,godrej nature plus,sohna
1.99,117.06,2,2,2,0,65,11,1,0,0,1,0,2,0,2,1,0,1,1,0,1,0,0,0,0,0,super built up,high,mid aged,m3m heights,gurgaon
1.0,74.32,2,2,3,0,68,10,1,0,0,1,0,2,0,1,1,0,0,0,0,1,0,0,0,0,0,carpet,high,new,m3m the marina,gurgaon
4.25,148.64,3,3,3,1,62,11,1,0,0,1,0,1,0,4,1,0,1,0,0,0,0,0,0,0,0,carpet,high,mid aged,emaar digihomes,gurgaon
1.25,218.32,4,4,3,1,78,7,1,0,0,0,0,0,1,0,0,0,1,0,0,0,0,0,0,0,0,super built up,low,new,umang monsoon breeze,gurgaon
0.95,124.49,3,3,3,0,83,15,0,0,0,0,0,0,3,4,1,0,0,0,0,0,0,0,0,0,0,carpet,low,old,mapsko paradise,gurgaon
1.05,125.42,3,2,2,0,4,48,17,0,0,0,0,0,1,0,0,0,0,0,0,0,1,0,0,0,0,carpet,low,new,cancon enclave,gurgaon
4.1,269.88,4,5,3,1,72,10,1,0,0,0,0,2,0,2,0,0,1,0,0,1,0,0,0,0,0,super built up,high,new,tata primanti,gurgaon
0.5,66.52,2,2,2,0,90,9,1,0,0,1,0,0,0,2,1,1,1,0,0,0,0,0,0,0,0,carpet,low,mid aged,mrg world ultimus,gurgaon
1.65,260.13,4,3,3,1,1,11,5,0,0,0,0,0,0,0,0,0,0,0,3,0,0,0,0,0,2,carpet,high,new,sonata group housing gh 24,manesar
1.6,146.32,3,3,3,1,70,14,0,0,0,3,1,0,0,0,0,0,0,0,0,0,0,1,0,0,0,carpet,low,new,bptp pedestal,gurgaon
2.1,143.91,3,2,3,0,61,13,1,0,0,1,0,1,0,2,1,1,1,0,0,0,0,0,0,0,0,super built up,low,mid aged,smart world orchard,gurgaon
0.9,229.19,4,4,3,0,1,11,5,0,0,0,0,0,0,0,0,0,0,0,3,0,0,0,0,0,2,super built up,mid,old,hsiidc sidco aravali,manesar
1.1,125.51,2,2,3,0,79,11,1,0,0,1,0,1,0,2,1,0,0,1,0,0,0,0,0,1,0,super built up,mid,new,godrej aria,gurgaon
0.92,126.81,2,2,3,0,99,11,1,0,0,0,0,1,0,2,1,0,1,1,0,1,0,0,0,0,0,super built up,high,mid aged,assotech blith,gurgaon
0.7,117.06,3,3,2,0,92,8,4,0,0,0,0,0,0,0,0,0,0,0,4,0,0,0,0,0,0,built up,high,under construction,sare crescent parc,gurgaon
0.99,145.39,3,4,2,0,70,4,0,0,0,1,0,0,0,1,0,0,0,0,0,0,0,0,0,0,0,super built up,high,mid aged,unitech vistas,gurgaon
0.71,120.31,2,2,3,1,79,3,0,0,0,0,0,0,0,0,0,0,0,0,2,0,0,0,0,0,1,super built up,high,new,supertech araville,gurgaon
0.88,126.44,2,2,3,0,103,18,7,0,0,0,0,0,4,0,0,4,0,0,0,0,0,0,0,0,1,super built up,low,new,ansal housing highland park,gurgaon
0.91,123.19,3,2,2,0,69,42,12,0,0,0,2,3,11,0,0,0,0,0,0,0,1,0,1,0,0,carpet,high,old,tulip white,gurgaon
1.25,182.09,3,4,3,0,82,11,0,0,0,1,0,2,0,2,1,0,0,0,0,1,0,0,0,0,0,super built up,high,mid aged,mapsko casa bella,gurgaon
1.05,92.62,2,2,2,0,47,45,7,0,0,0,0,1,2,0,0,0,0,0,0,0,0,0,0,0,1,carpet,low,new,unitech uniworld gardens 2,gurgaon
0.66,121.7,2,2,3,0,37,6,1,0,0,1,0,0,0,2,1,0,0,1,0,0,0,0,0,0,0,built up,high,under construction,ild grand,gurgaon
1.83,121.7,2,2,0,0,113,8,1,0,0,1,0,0,0,2,1,1,1,1,0,0,0,0,0,0,0,built up,mid,under construction,m3m capital,gurgaon
0.53,101.73,2,2,2,1,70,4,0,0,0,1,0,0,0,1,0,0,0,0,0,0,0,0,0,0,0,super built up,high,mid aged,unitech vistas,gurgaon
0.8,128.21,2,2,3,0,37,15,1,1,0,0,0,1,3,3,0,0,0,0,0,0,1,0,1,0,0,super built up,low,new,ramprastha the edge towers,gurgaon
1.71,132.2,3,2,0,0,89,14,1,0,0,1,0,2,0,2,0,1,1,2,0,1,0,0,0,0,0,built up,low,under construction,smart world gems,gurgaon
0.65,65.03,1,1,0,0,83,10,1,0,0,0,0,0,0,0,0,0,0,0,4,0,0,0,0,0,2,built up,mid,under construction,sapphire eighty three,gurgaon
1.3,185.53,3,3,0,0,99,15,2,0,0,1,2,1,3,4,1,0,0,0,0,1,0,0,0,0,0,built up,high,under construction,pareena coban residences,gurgaon
5.7,128.39,3,3,3,0,54,47,6,0,0,0,1,0,13,0,0,0,4,0,1,0,3,1,0,0,3,built up,low,under construction,dlf the grove,gurgaon
0.88,74.69,1,1,2,0,63,10,2,0,0,0,0,3,2,0,0,0,0,0,0,0,1,0,0,0,1,built up,mid,under construction,baani city center,gurgaon
4.0,311.23,4,4,3,0,110,15,1,0,0,1,1,0,0,3,1,1,1,2,0,0,0,0,0,0,0,built up,high,new,indiabulls enigma,gurgaon
1.93,223.71,3,4,3,1,85,13,1,0,0,1,0,1,0,2,1,0,0,1,0,1,0,0,0,1,0,super built up,mid,new,ss the leaf,gurgaon
3.45,241.55,4,4,3,1,113,17,2,0,0,0,0,0,0,3,0,2,1,0,0,0,1,0,0,0,0,super built up,high,new,smart world one dxp,gurgaon
1.7,204.39,3,3,3,1,56,43,5,0,0,0,1,2,14,4,0,0,3,0,1,0,2,1,0,0,4,built up,mid,old,sukhshanti apartment,gurgaon
6.15,357.12,3,5,3,1,65,9,1,0,0,1,0,1,0,2,1,0,1,0,0,1,0,1,0,0,0,carpet,low,new,m3m golfestate,gurgaon
1.4,165.37,3,3,3,0,2,10,1,0,0,1,1,0,0,2,1,1,1,0,0,0,0,0,0,0,0,super built up,mid,old,bestech park view residency,gurgaon
1.48,185.81,3,3,2,1,84,12,1,0,0,1,0,0,0,2,1,0,0,1,0,1,0,0,0,0,0,super built up,low,new,ss almeria,gurgaon
3.25,402.08,4,4,3,1,33,44,3,0,0,0,0,0,2,0,0,0,0,0,0,0,0,1,0,0,0,carpet,high,old,jmd gardens,gurgaon
1.49,162.58,3,2,3,0,45,45,13,0,0,0,2,3,11,0,0,0,0,0,1,0,1,0,1,0,0,carpet,low,old,cghs agrim apartment,gurgaon
3.49,227.8,3,3,3,1,67,11,1,0,0,1,0,1,0,2,1,0,0,0,0,1,0,0,0,0,0,carpet,high,new,ireo victory valley,gurgaon
2.15,140.1,2,2,3,0,62,11,1,0,0,1,0,1,0,4,1,0,1,0,0,0,0,0,0,0,0,carpet,high,under construction,emaar digihomes,gurgaon
1.4,139.35,2,2,3,0,33,8,1,0,0,1,0,0,0,2,1,0,0,0,0,0,0,0,0,0,0,super built up,high,under construction,godrej nature plus,sohna
2.0,130.71,3,3,2,0,54,15,1,1,0,2,0,1,3,0,0,0,0,0,0,0,1,0,1,0,0,super built up,mid,old,dlf carlton estate,gurgaon
2.3,151.43,3,3,2,1,61,9,1,0,0,1,0,0,0,2,1,1,1,0,0,0,0,0,0,0,0,super built up,low,mid aged,smart world orchard,gurgaon
0.54,69.21,2,1,3,0,33,8,1,0,0,0,0,0,0,2,1,1,1,0,0,0,0,0,0,0,0,carpet,low,new,signature global park,sohna
1.25,167.78,4,3,3,1,9,50,36,0,0,0,0,0,5,2,0,0,0,0,0,0,1,0,0,0,1,carpet,low,old,railway officers rpf society,gurgaon
1.05,83.61204013377927,2,2,1,0,85,8,1,0,0,1,0,0,0,2,1,0,0,1,0,0,0,0,0,0,0,built up,high,mid aged,godrej air,gurgaon
1.25,134.71,3,4,3,1,77,10,1,0,0,1,0,1,0,2,1,0,0,1,0,0,0,0,0,0,0,carpet,low,new,emaar mgf palm hills,gurgaon
1.0,102.19,1,1,1,1,28,48,6,0,0,0,0,0,13,0,0,0,3,0,0,0,1,1,0,0,5,super built up,low,old,maruti vihar,gurgaon
1.7,213.68,5,5,2,1,14,50,16,0,0,0,1,0,11,5,0,0,0,0,2,0,2,0,0,0,3,carpet,low,old,vasant appartments,gurgaon
1.3,258.83,4,6,2,1,86,4,1,0,0,1,0,0,0,1,0,0,0,1,0,0,0,0,0,0,0,super built up,high,new,ansal heights 86,gurgaon
2.12,172.06,3,3,3,0,102,13,1,0,0,1,1,0,0,2,1,0,0,1,0,1,0,0,1,0,0,built up,high,new,shapoorji pallonji joyville gurugram,gurgaon
3.9,116.1,3,4,3,1,61,8,1,0,0,0,0,0,0,3,1,0,1,0,0,0,0,0,0,0,0,carpet,high,new,puri the aravallis,gurgaon
3.0,242.01,3,3,3,1,50,9,1,0,0,0,0,1,0,2,1,1,1,0,0,0,0,0,0,0,0,super built up,high,old,the close north,gurgaon
2.2,143.91,3,3,2,0,61,9,1,0,0,1,0,0,0,2,1,1,1,0,0,0,0,0,0,0,0,carpet,mid,new,smart world orchard,gurgaon
1.35,153.29,3,3,3,1,102,10,1,0,0,1,0,1,0,2,1,0,0,1,0,0,0,0,0,0,0,super built up,mid,new,emaar gurgaon greens,gurgaon
1.67,155.24,3,2,2,0,33,8,1,0,0,1,0,0,0,2,1,0,0,0,0,0,0,0,0,0,0,carpet,high,new,godrej nature plus,sohna
0.9,125.42,2,2,2,0,103,17,7,0,0,0,0,0,4,0,0,3,0,0,0,0,0,0,0,0,1,super built up,low,new,landmark the residency,gurgaon
2.37,191.38,4,4,3,1,113,8,1,0,0,1,0,0,0,2,1,1,1,1,0,0,0,0,0,0,0,built up,high,new,m3m capital,gurgaon
1.98,185.81,3,3,3,1,102,10,1,0,0,1,0,0,0,2,1,1,0,1,0,1,0,0,0,1,0,carpet,high,new,emaar imperial gardens,gurgaon
3.7,195.1,4,4,3,1,25,43,9,0,0,0,0,1,13,0,0,0,5,0,0,0,2,0,0,0,1,carpet,high,old,dlf belvedere towers,gurgaon
4.67,255.48,4,4,3,0,111,24,1,0,0,0,1,0,0,1,0,0,1,0,0,0,1,0,0,0,0,carpet,high,new,m3m crown,gurgaon
1.29,146.04,2,2,3,0,79,10,0,0,0,0,0,0,0,2,1,0,0,0,0,0,0,0,0,1,0,super built up,mid,new,godrej 101,gurgaon
3.65,173.73,3,3,3,1,48,9,1,0,0,1,0,1,0,3,1,0,1,0,0,0,0,1,0,0,0,super built up,high,new,central park resorts,gurgaon
1.7,204.39,3,3,3,1,56,43,5,0,0,0,1,2,14,4,0,0,3,0,1,0,2,1,0,0,4,built up,mid,old,sukhshanti apartment,gurgaon
6.15,357.12,3,5,3,1,65,9,1,0,0,1,0,1,0,2,1,0,1,0,0,1,0,1,0,0,0,carpet,low,new,m3m golfestate,gurgaon
1.4,165.37,3,3,3,0,2,10,1,0,0,1,1,0,0,2,1,1,1,0,0,0,0,0,0,0,0,super built up,mid,old,bestech park view residency,gurgaon
1.48,185.81,3,3,2,1,84,12,1,0,0,1,0,0,0,2,1,0,0,1,0,1,0,0,0,0,0,super built up,low,new,ss almeria,gurgaon
3.49,227.8,3,3,3,1,67,11,1,0,0,1,0,1,0,2,1,0,0,0,0,1,0,0,0,0,0,carpet,high,new,ireo victory valley,gurgaon
2.15,140.1,2,2,3,0,62,11,1,0,0,1,0,1,0,4,1,0,1,0,0,0,0,0,0,0,0,carpet,high,under construction,emaar digihomes,gurgaon
2.0,130.71,3,3,2,0,54,15,1,1,0,2,0,1,3,0,0,0,0,0,0,0,1,0,1,0,0,super built up,mid,old,dlf carlton estate,gurgaon
0.54,69.21,2,1,3,0,33,8,1,0,0,0,0,0,0,2,1,1,1,0,0,0,0,0,0,0,0,carpet,low,new,signature global park,sohna
1.25,167.78,4,3,3,1,9,50,36,0,0,0,0,0,5,2,0,0,0,0,0,0,1,0,0,0,1,carpet,low,old,railway officers rpf society,gurgaon
1.05,83.61204013377927,2,2,1,0,85,8,1,0,0,1,0,0,0,2,1,0,0,1,0,0,0,0,0,0,0,built up,high,mid aged,godrej air,gurgaon
1.25,134.71,3,4,3,1,77,10,1,0,0,1,0,1,0,2,1,0,0,1,0,0,0,0,0,0,0,carpet,low,new,emaar mgf palm hills,gurgaon
1.0,102.19,1,1,1,1,28,48,6,0,0,0,0,0,13,0,0,0,3,0,0,0,1,1,0,0,5,super built up,low,old,maruti vihar,gurgaon
1.7,213.68,5,5,2,1,14,50,16,0,0,0,1,0,11,5,0,0,0,0,2,0,2,0,0,0,3,carpet,low,old,vasant appartments,gurgaon
1.3,258.83,4,6,2,1,86,4,1,0,0,1,0,0,0,1,0,0,0,1,0,0,0,0,0,0,0,super built up,high,new,ansal heights 86,gurgaon
2.12,172.06,3,3,3,0,102,13,1,0,0,1,1,0,0,2,1,0,0,1,0,1,0,0,1,0,0,built up,high,new,shapoorji pallonji joyville gurugram,gurgaon
3.0,242.01,3,3,3,1,50,9,1,0,0,0,0,1,0,2,1,1,1,0,0,0,0,0,0,0,0,super built up,high,old,the close north,gurgaon
1.35,153.29,3,3,3,1,102,10,1,0,0,1,0,1,0,2,1,0,0,1,0,0,0,0,0,0,0,super built up,mid,new,emaar gurgaon greens,gurgaon
0.9,125.42,2,2,2,0,103,17,7,0,0,0,0,0,4,0,0,3,0,0,0,0,0,0,0,0,1,super built up,low,new,landmark the residency,gurgaon
1.98,185.81,3,3,3,1,102,10,1,0,0,1,0,0,0,2,1,1,0,1,0,1,0,0,0,1,0,carpet,high,new,emaar imperial gardens,gurgaon
3.7,195.1,4,4,3,1,25,43,9,0,0,0,0,1,13,0,0,0,5,0,0,0,2,0,0,0,1,carpet,high,old,dlf belvedere towers,gurgaon
1.29,146.04,2,2,3,0,79,10,0,0,0,0,0,0,0,2,1,0,0,0,0,0,0,0,0,1,0,super built up,mid,new,godrej 101,gurgaon
5.6,268.68,3,3,3,0,53,9,1,0,0,1,0,0,0,2,0,0,1,0,0,2,0,0,1,0,1,super built up,low,under construction,tulip monsella,gurgaon
1.25,199.09,4,4,3,1,92,45,12,0,0,0,2,3,10,1,0,0,0,0,0,0,1,0,1,0,0,super built up,high,new,sare crescent parc royal greens phase 1,gurgaon
1.27,121.15,2,2,3,1,70,11,1,0,0,1,0,1,0,2,1,0,0,0,0,0,0,0,0,0,0,carpet,high,new,aipl club residences,gurgaon
1.36,163.32,3,2,3,1,108,9,1,0,0,1,0,1,0,1,1,0,0,1,0,0,0,0,0,0,0,super built up,low,new,experion the heartsong,gurgaon
1.0,116.13,3,3,3,0,37,10,1,0,0,1,0,1,0,2,1,0,0,1,0,1,0,0,0,0,0,built up,mid,mid aged,signature global city,gurgaon
4.25,422.99,4,5,3,1,48,15,2,1,0,2,0,1,2,3,1,0,1,0,1,0,1,0,0,0,0,super built up,high,old,bestech park view city,gurgaon
1.8,176.52,3,3,3,0,83,10,0,0,0,1,0,0,0,0,0,0,0,0,0,0,0,0,0,0,0,super built up,high,new,emaar palm gardens,gurgaon
1.25,161.93,3,4,2,1,71,15,2,1,0,0,0,2,1,0,1,0,0,0,0,1,0,2,0,0,0,super built up,high,new,chd avenue 71,gurgaon
0.27,42.53,2,2,1,1,33,10,0,0,0,0,0,0,5,0,0,0,0,0,0,0,0,0,0,0,2,carpet,mid,new,mvn athens,sohna
5.5,281.03,3,3,1,1,59,15,1,0,0,1,0,1,1,2,1,0,2,0,0,0,0,0,1,0,0,super built up,high,mid aged,mahindra luminare,gurgaon
0.85,184.88,3,3,3,0,92,11,1,0,0,0,0,0,2,1,0,0,0,1,0,0,1,0,0,0,0,super built up,low,new,raheja navodaya,gurgaon
1.07,128.67,2,2,2,0,33,8,1,0,0,1,0,0,0,2,1,0,0,0,0,0,0,0,0,0,0,super built up,high,mid aged,godrej nature plus,sohna
0.95,76.74,1,1,1,0,67,23,7,0,0,0,0,2,7,0,0,0,0,0,0,0,1,0,1,0,0,built up,high,new,m3m urbana,gurgaon
0.87,119.19,2,3,3,1,108,9,1,0,0,1,0,1,0,1,1,0,0,1,0,0,0,0,0,0,0,super built up,low,new,experion the heartsong,gurgaon
4.1,217.76,4,5,3,1,108,13,1,0,0,0,0,1,0,2,1,0,0,1,0,0,0,0,0,1,0,super built up,high,new,sobha city,gurgaon
1.47,106.84,2,2,2,1,61,9,1,0,0,1,0,0,0,2,1,1,1,0,0,0,0,0,0,0,0,carpet,mid,mid aged,smart world orchard,gurgaon
3.45,204.39,3,4,3,1,66,14,1,0,0,0,0,2,0,2,1,0,1,0,0,0,0,0,1,0,0,super built up,mid,new,emaar mgf the palm drive,gurgaon
1.18,145.39,2,2,3,1,2,10,1,0,0,1,1,0,0,2,1,1,1,0,0,0,0,0,0,0,0,super built up,mid,old,bestech park view residency,gurgaon
1.55,178.37,3,4,3,1,2,10,1,0,0,1,1,0,0,2,1,1,1,0,0,0,0,0,0,0,0,super built up,mid,old,bestech park view residency,gurgaon
3.39,219.07,3,4,3,1,67,10,1,0,0,1,0,1,0,2,1,0,0,0,0,1,0,0,1,0,0,super built up,high,new,m3m merlin,gurgaon
1.54,179.21,3,3,3,1,86,10,0,0,0,1,0,0,0,3,1,0,0,0,0,1,0,0,0,0,0,super built up,high,new,dlf the skycourt,gurgaon
1.42,153.29,3,3,3,1,102,10,1,0,0,1,0,1,0,2,1,0,0,1,0,0,0,0,0,0,0,super built up,mid,new,emaar gurgaon greens,gurgaon
1.3,139.35,3,3,2,0,30,49,3,0,0,0,3,1,8,2,0,0,1,0,1,0,0,0,0,0,6,super built up,low,old,afnhb jalvayu vihar,gurgaon
2.25,165.09,3,3,2,1,28,47,6,0,0,0,1,0,11,0,0,0,3,0,0,0,3,0,0,0,5,super built up,high,old,dlf regency park 2,gurgaon
3.5,250.65,3,4,3,1,67,11,1,0,0,1,0,1,0,2,1,0,0,0,0,1,0,0,0,0,0,super built up,high,new,ireo victory valley,gurgaon
4.8,232.26,4,6,3,1,22,14,1,0,0,1,0,1,0,2,1,1,0,1,0,0,0,0,0,0,0,carpet,high,new,ambience creacions,gurgaon
0.78,111.2,2,2,2,0,92,10,1,0,0,1,0,0,0,2,1,0,0,1,0,1,0,0,0,0,0,super built up,low,new,signature global city 92,gurgaon
0.88,167.23,3,3,2,0,9,45,4,0,0,0,1,0,9,1,0,0,2,0,1,0,2,0,0,0,1,super built up,low,old,the khushboo cooperative housing society ltd,gurgaon
2.6,241.36,3,3,3,1,102,11,1,0,0,1,0,2,0,4,1,0,0,1,0,1,0,0,0,0,0,super built up,low,new,adani m2k oyster grande,gurgaon
3.4,229.47,4,4,3,1,25,43,13,0,0,0,0,1,9,0,0,0,7,0,0,0,1,0,0,0,2,carpet,low,old,dlf belvedere towers,gurgaon
2.9,186.08,3,4,2,0,108,13,1,0,0,0,0,1,0,2,1,0,0,1,0,0,0,0,0,1,0,super built up,high,new,sobha city,gurgaon
1.5,179.21,3,3,3,1,86,10,0,0,0,1,0,0,0,3,1,0,0,0,0,1,0,0,0,0,0,super built up,high,new,dlf the skycourt,gurgaon
1.28,124.49,3,3,3,0,2,11,0,0,0,1,1,0,0,1,0,0,1,0,0,0,0,0,0,0,0,carpet,low,new,suncity vatsal valley,gurgaon
2.51,157.47,3,3,3,1,113,8,1,0,0,1,0,0,0,2,1,1,1,1,0,0,0,0,0,0,0,super built up,low,new,m3m capital,gurgaon
6.5,325.16,4,5,3,1,24,42,9,0,0,0,1,0,12,0,0,0,6,0,0,0,1,0,0,0,1,carpet,low,new,dlf city plots phase 3,gurgaon
3.63,232.26,3,3,1,1,25,47,8,0,0,0,0,1,10,0,0,0,5,0,0,0,2,1,0,0,3,carpet,high,old,unitech heritage city,gurgaon
1.85,199.74,3,3,3,1,79,10,1,0,0,1,0,0,0,2,1,0,0,0,0,0,0,0,0,0,0,super built up,mid,new,bestech altura,gurgaon
2.45,267.1,4,6,3,1,103,15,1,0,0,1,1,1,0,3,1,1,1,2,0,1,0,0,0,0,0,super built up,mid,new,indiabulls centrum park,gurgaon
1.38,196.95,3,4,2,1,85,15,1,0,0,1,0,0,0,6,1,0,1,0,0,0,0,1,0,0,0,super built up,mid,new,orris aster court premier,gurgaon
5.9,497.03,4,4,3,1,2,11,1,0,0,1,0,1,0,2,1,0,1,0,0,0,0,0,0,0,0,super built up,high,new,paras quartier,gurgaon
3.0,454.3,4,6,3,1,82,11,0,0,0,1,0,2,0,2,1,0,0,0,0,1,0,0,0,0,0,super built up,high,new,mapsko casa bella,gurgaon
2.01,163.51,4,4,3,0,1,25,1,0,0,0,1,0,0,1,0,0,1,0,0,0,1,0,0,0,0,carpet,high,old,samadhan shri kamal cghs,gurgaon
2.1,163.42,4,4,3,0,38,46,1,0,0,0,0,0,4,0,0,0,0,0,0,0,0,1,0,0,0,carpet,high,old,navjyoti apartment,gurgaon
4.25,297.29,3,4,3,1,24,42,4,0,0,0,0,0,8,0,0,0,4,0,0,0,1,0,0,0,2,super built up,low,old,ambience lagoon,gurgaon
2.55,192.31,3,4,3,1,49,13,3,0,0,1,0,0,1,2,0,0,0,0,0,1,1,0,0,0,0,super built up,high,new,orchid petals,gurgaon
2.0,218.32,4,3,3,1,52,43,5,0,0,0,0,0,10,0,0,0,0,0,2,0,3,0,0,0,4,super built up,mid,old,friends apartment,gurgaon
3.25,235.7,3,4,3,1,50,15,0,0,1,0,2,0,4,2,0,0,0,0,1,0,1,0,0,0,0,carpet,mid,old,the close south,gurgaon
1.6,156.91,3,3,3,0,102,49,17,0,0,0,1,0,2,1,0,0,0,0,0,0,1,0,0,0,0,super built up,low,new,hero homes,gurgaon
1.5,178.37,3,4,3,1,2,10,1,0,0,1,1,0,0,2,1,1,1,0,0,0,0,0,0,0,0,super built up,high,old,bestech park view residency,gurgaon
3.75,217.67,3,3,2,1,108,13,1,0,0,0,0,1,0,2,1,0,0,1,0,0,0,0,0,1,0,super built up,high,new,sobha city,gurgaon
0.95,131.55,2,2,3,0,2,10,1,0,0,1,1,0,0,2,1,1,1,0,0,0,0,0,0,0,0,carpet,high,old,bestech park view residency,gurgaon
1.4,120.77,4,3,3,0,15,49,17,0,0,0,1,0,6,4,0,0,0,0,4,0,1,1,0,0,2,carpet,low,old,cghs rail vihar,gurgaon
1.56,179.21,3,4,3,1,86,10,0,0,0,1,0,0,0,3,1,0,0,0,0,1,0,0,0,0,0,super built up,high,new,dlf the skycourt,gurgaon
1.35,153.29,3,3,3,1,102,10,1,0,0,1,0,1,0,2,1,0,0,1,0,0,0,0,0,0,0,super built up,high,new,emaar gurgaon greens,gurgaon
1.4,125.33,2,2,2,0,102,13,1,0,0,1,1,0,0,2,1,0,0,1,0,1,0,0,1,0,0,super built up,high,new,shapoorji pallonji joyville gurugram,gurgaon
2.26,165.09,3,3,2,1,28,45,5,0,0,0,1,0,7,1,0,0,3,0,1,0,2,0,0,0,4,super built up,high,old,dlf regency park 2,gurgaon
1.2,138.61,2,2,2,1,33,7,1,0,0,0,0,0,0,2,0,0,0,1,0,0,0,0,0,0,0,built up,high,new,eldeco accolade,sohna
2.08,226.96,4,4,3,1,37,11,1,0,0,1,0,1,0,2,1,0,0,1,0,1,0,0,0,0,0,super built up,high,new,bptp terra,gurgaon
1.75,223.71,3,4,3,1,85,13,1,0,0,1,0,1,0,2,1,0,0,1,0,1,0,0,0,1,0,super built up,high,new,ss the leaf,gurgaon
2.99,234.77,3,3,3,1,67,11,1,0,0,1,0,1,0,2,1,0,0,0,0,1,0,0,0,0,0,super built up,mid,new,ireo victory valley,gurgaon
2.1,140.12,2,2,2,1,62,11,1,0,0,1,0,1,0,4,1,0,1,0,0,0,0,0,0,0,0,super built up,high,new,emaar digihomes,gurgaon
2.87,223.99,3,3,3,1,67,11,1,0,0,1,0,1,0,2,1,0,0,0,0,1,0,0,0,0,0,super built up,high,new,ireo victory valley,gurgaon
2.35,165.09,3,3,2,1,28,47,6,0,0,0,1,0,12,0,0,0,2,0,0,0,3,0,0,0,5,super built up,high,old,dlf regency park 2,gurgaon
3.0,232.26,3,4,3,0,24,42,7,0,0,0,0,0,8,0,0,0,4,0,0,0,1,0,0,0,2,carpet,low,old,lagoon apartment,gurgaon
6.0,408.77,4,6,3,0,24,42,7,0,0,0,0,0,8,0,0,0,4,0,0,0,1,0,0,0,2,carpet,mid,old,lagoon apartment,gurgaon
2.35,153.29,3,3,3,1,65,6,1,0,0,0,0,0,0,0,1,0,0,0,0,1,0,0,0,0,0,built up,low,new,emaar mgf emerald floors premier,gurgaon
1.9,310.67,3,4,3,1,103,15,1,0,0,1,1,1,0,3,1,1,1,2,0,1,0,0,0,0,0,carpet,high,new,indiabulls centrum park,gurgaon
0.72,137.03,3,3,2,1,85,8,2,0,0,1,0,1,0,2,0,0,0,0,0,0,0,0,0,0,0,super built up,high,old,orris carnation residency,gurgaon
0.65,141.77,3,2,3,0,1,10,4,0,0,0,0,0,0,0,0,0,0,0,3,0,0,0,0,0,2,carpet,mid,old,sbr minda sec 1 imt manesar,manesar
2.34,194.35,3,4,3,1,81,9,1,0,0,0,0,0,0,2,1,0,1,0,0,0,0,0,0,0,0,super built up,high,new,dlf the ultima,gurgaon
2.57,191.38,4,5,3,1,113,8,1,0,0,1,0,0,0,2,1,1,1,1,0,0,0,0,0,0,0,built up,high,new,m3m capital,gurgaon
1.71,203.55,3,3,3,1,37,11,1,0,0,1,0,1,0,2,1,0,0,1,0,1,0,0,0,0,0,built up,mid,new,bptp terra,gurgaon
3.79,355.82,5,5,3,1,110,15,1,0,0,1,1,0,0,3,1,1,1,2,0,0,0,0,0,0,0,super built up,mid,new,indiabulls enigma,gurgaon
2.05,241.55,4,4,3,1,56,47,7,0,0,0,1,0,13,0,0,0,4,0,1,0,2,1,0,0,4,built up,mid,old,the lions cghs,gurgaon
5.2,276.76,3,3,3,1,65,9,1,0,0,1,0,1,0,2,1,0,1,0,0,1,0,1,0,0,0,super built up,high,new,m3m golfestate,gurgaon
3.2,204.39,3,3,3,1,66,14,1,0,0,0,0,2,0,2,1,0,1,0,0,0,0,0,1,0,0,super built up,high,new,emaar mgf the palm drive,gurgaon
0.69,91.97,2,2,1,0,30,49,4,0,0,0,2,0,14,3,0,0,0,0,1,0,0,0,0,0,6,super built up,low,old,afnhb jalvayu vihar,gurgaon
3.75,260.31,3,3,2,1,112,8,2,0,0,0,0,1,0,1,1,1,0,1,0,0,0,0,0,0,0,super built up,high,new,experion windchants,gurgaon
3.65,260.31,3,4,3,1,112,8,2,0,0,0,0,1,0,1,1,1,0,1,0,0,0,0,0,0,0,super built up,high,new,experion windchants,gurgaon
5.49,440.27,4,5,3,1,112,8,2,0,0,0,0,1,0,1,1,1,0,1,0,0,0,0,0,0,0,super built up,mid,new,experion windchants,gurgaon
1.05,194.63,4,4,3,1,84,3,0,0,0,0,1,1,0,1,0,0,0,0,0,0,0,0,0,0,0,super built up,low,new,antriksh heights,gurgaon
3.35,192.58,3,4,2,0,108,13,1,0,0,0,0,1,0,2,1,0,0,1,0,0,0,0,0,1,0,super built up,high,new,sobha city,gurgaon
2.4,193.8,3,3,3,1,47,42,2,0,0,0,0,0,2,0,0,0,0,0,0,0,0,1,0,0,0,super built up,high,old,unitech uniworld gardens,gurgaon
1.71,209.12,3,3,3,1,56,45,6,0,0,0,1,2,14,5,0,0,3,0,1,0,2,1,0,0,4,built up,mid,old,park royal apartment,gurgaon
6.3,380.44,5,6,3,0,106,11,7,0,0,0,0,0,0,0,0,3,0,0,0,0,0,0,0,0,0,super built up,high,under construction,elan the presidential,gurgaon
2.2,215.35,3,3,2,1,109,15,4,0,0,0,0,0,0,7,0,0,0,1,0,0,0,0,0,0,0,carpet,mid,old,raheja atharva,gurgaon
3.25,315.87,4,4,3,1,110,15,1,0,0,1,1,0,0,3,1,1,1,2,0,0,0,0,0,0,0,super built up,high,new,indiabulls enigma,gurgaon
11.25,369.75,4,5,3,1,48,9,1,0,0,1,0,1,0,3,1,0,1,0,0,0,0,1,0,0,0,carpet,low,new,central park resorts,gurgaon
3.3,222.97,3,3,3,1,33,15,3,0,0,0,0,2,0,4,1,0,0,0,0,1,0,1,0,0,0,carpet,low,new,central park flower valley,sohna
1.51,178.37,3,4,3,1,2,10,1,0,0,1,1,0,0,2,1,1,1,0,0,0,0,0,0,0,0,super built up,mid,old,bestech park view residency,gurgaon
1.38,153.29,3,3,3,1,102,10,1,0,0,1,0,1,0,2,1,0,0,1,0,0,0,0,0,0,0,super built up,mid,new,emaar gurgaon greens,gurgaon
4.6,306.58,3,3,3,1,66,14,1,0,0,0,0,2,0,2,1,0,1,0,0,0,0,0,1,0,0,super built up,high,new,emaar mgf the palm drive,gurgaon
1.4,153.29,3,3,3,1,102,10,1,0,0,1,0,1,0,2,1,0,0,1,0,0,0,0,0,0,0,super built up,high,new,emaar gurgaon greens,gurgaon
3.5,183.48,4,4,3,1,65,6,1,0,0,0,0,0,0,0,1,0,0,0,0,1,0,0,0,0,0,super built up,mid,new,emaar mgf emerald floors premier,gurgaon
0.99,166.3,3,4,2,1,82,10,0,0,0,1,0,0,0,1,0,0,0,0,0,0,0,0,0,0,0,super built up,high,new,mapsko royale ville,gurgaon
2.65,153.29,3,3,3,1,65,6,1,0,0,0,0,0,0,0,1,0,0,0,0,1,0,0,0,0,0,carpet,mid,new,emaar mgf emerald floors premier,gurgaon
2.4,180.6,3,3,2,1,45,47,2,0,0,0,0,0,10,0,0,0,0,0,0,0,0,0,0,0,0,super built up,low,new,unitech greenwood city,gurgaon
1.65,199.74,3,3,3,1,109,11,1,0,0,1,0,0,0,2,1,0,2,1,0,0,0,0,0,1,0,super built up,high,new,ats tourmaline,gurgaon
1.25,167.78,4,3,3,1,9,44,26,0,0,0,0,0,5,1,0,4,0,0,0,0,1,0,0,0,1,carpet,low,old,railway officers rpf society,gurgaon
4.0,240.51,3,3,3,1,62,11,1,0,0,1,0,1,0,4,1,0,1,0,0,0,0,0,0,0,0,super built up,high,new,emaar digihomes,gurgaon
1.8,176.52,3,3,3,1,83,10,0,0,0,1,0,0,0,0,0,0,0,0,0,0,0,0,0,0,0,super built up,mid,new,emaar palm gardens,gurgaon
1.75,253.07,4,3,3,1,91,10,1,0,0,0,0,0,0,3,1,0,0,1,0,1,0,0,0,0,0,super built up,high,new,tarc maceo,gurgaon
2.35,153.29,3,3,2,1,65,6,1,0,0,0,0,0,0,0,1,0,0,0,0,1,0,0,0,0,0,built up,mid,new,emaar mgf emerald floors premier,gurgaon
7.15,402.92,4,5,3,1,62,12,1,0,0,1,0,1,0,2,1,0,0,0,0,1,0,0,1,0,0,super built up,mid,new,pioneer urban presidia,gurgaon
1.64,181.16,4,3,3,1,77,10,1,0,0,1,0,1,0,2,1,0,0,1,0,0,0,0,0,0,0,super built up,high,new,emaar mgf palm hills,gurgaon
2.8,153.29,3,3,2,1,65,6,1,0,0,0,0,0,0,0,1,0,0,0,0,1,0,0,0,0,0,super built up,low,new,emaar mgf emerald floors premier,gurgaon
6.75,293.57,4,6,3,1,54,11,1,0,0,1,0,1,0,2,1,1,1,0,0,0,0,1,1,0,0,super built up,high,old,la lagune,gurgaon
3.5,222.97,3,4,3,1,67,10,1,0,0,1,0,1,0,2,1,0,0,0,0,1,0,0,1,0,0,super built up,high,new,m3m merlin,gurgaon
4.6,159.51,3,3,3,1,65,8,0,0,0,0,0,0,0,1,0,0,1,0,0,0,0,0,0,0,0,carpet,mid,new,m3m latitude,gurgaon
2.25,185.81,3,3,3,1,74,7,1,0,0,2,0,1,0,2,1,0,0,1,0,0,0,0,0,0,0,super built up,mid,new,m3m skywalk,gurgaon
2.2,194.35,3,3,3,1,82,7,1,0,0,0,0,0,0,0,1,0,0,0,0,0,0,0,0,0,0,super built up,high,new,dlf the primus,gurgaon
2.85,242.11,4,4,3,1,82,7,1,0,0,0,0,0,0,0,1,0,0,0,0,0,0,0,0,0,0,super built up,low,new,dlf the primus,gurgaon
1.76,205.78,4,4,3,0,90,14,0,0,0,0,2,0,0,0,0,0,0,0,0,0,0,0,0,0,0,super built up,high,new,dlf regal gardens,gurgaon
1.0,128.67,2,2,3,0,106,11,1,0,0,1,0,1,0,2,1,0,1,1,0,1,0,0,0,0,0,super built up,low,new,paras dews,gurgaon
3.6,264.87,4,4,3,1,61,14,1,0,0,0,0,1,0,2,1,0,1,0,0,1,0,0,3,0,0,super built up,low,old,pioneer park,gurgaon
1.78,223.71,3,4,3,1,85,13,1,0,0,1,0,1,0,2,1,0,0,1,0,1,0,0,0,1,0,super built up,mid,new,ss the leaf,gurgaon
0.98,150.5,3,3,3,1,71,15,2,1,0,0,0,2,1,0,1,0,0,0,0,1,0,2,0,0,0,super built up,high,old,chd avenue 71,gurgaon
2.82,223.25,3,3,3,1,60,7,1,0,0,0,0,1,0,1,1,0,1,0,0,0,0,0,0,0,0,super built up,low,new,ireo skyon,gurgaon
3.21,202.99,3,4,3,1,72,10,1,0,0,0,0,2,0,2,0,0,1,0,0,1,0,0,0,0,0,super built up,high,new,tata primanti,gurgaon
1.9,146.69,3,2,2,1,113,8,1,0,0,1,0,0,0,2,0,0,0,1,0,0,0,0,0,0,0,super built up,high,new,la vida by tata housing,gurgaon
1.19,160.35,3,3,2,1,90,14,0,0,0,0,2,0,0,0,0,0,0,0,0,0,0,0,0,0,0,super built up,high,new,dlf regal gardens,gurgaon
1.35,166.3,3,3,3,1,81,9,0,0,0,1,0,0,0,1,0,0,1,1,0,0,0,0,0,0,0,super built up,high,old,bestech park view ananda,gurgaon
1.8,222.97,4,5,3,1,69,11,1,0,0,1,0,4,0,2,1,1,1,0,0,1,0,0,0,0,0,super built up,mid,new,tulip purple,gurgaon
1.35,166.3,3,3,3,1,103,15,1,0,0,1,1,1,0,3,1,1,1,2,0,1,0,0,0,0,0,super built up,low,new,indiabulls centrum park,gurgaon
1.7,236.44,3,3,3,1,109,11,6,0,0,0,0,0,0,0,0,3,0,0,0,0,0,0,0,0,0,super built up,high,new,sbtl caladium,gurgaon
1.6,225.29,4,5,3,1,82,10,1,0,0,1,0,1,0,2,1,0,0,0,0,0,0,0,0,1,0,super built up,high,new,vatika the seven lamps,gurgaon
2.65,189.99,3,4,3,1,60,7,1,0,0,0,0,1,0,1,1,0,1,0,0,0,0,0,0,0,0,super built up,mid,old,ireo skyon,gurgaon
0.55,103.59,2,2,2,1,85,8,2,0,0,1,0,1,0,2,0,0,0,0,0,0,0,0,0,0,0,super built up,mid,new,orris carnation residency,gurgaon
1.4,153.29,3,3,3,1,102,10,1,0,0,1,0,1,0,2,1,0,0,1,0,0,0,0,0,0,0,super built up,mid,new,emaar gurgaon greens,gurgaon
1.26,145.39,2,2,3,1,2,10,1,0,0,1,1,0,0,2,1,1,1,0,0,0,0,0,0,0,0,super built up,mid,old,bestech park view residency,gurgaon
1.7,257.16,4,5,3,1,107,6,0,0,0,0,0,0,0,2,1,0,0,0,0,0,0,0,0,0,0,super built up,high,new,m3m woodshire,gurgaon
4.1,258.36,3,3,3,0,22,14,1,0,0,1,0,1,0,2,1,1,0,1,0,0,0,0,0,0,0,super built up,low,new,ambience creacions,gurgaon
1.01,132.2,2,2,3,1,103,15,1,0,0,1,1,1,0,3,1,1,1,2,0,1,0,0,0,0,0,super built up,mid,new,indiabulls centrum park,gurgaon
1.45,185.53,3,5,3,1,99,15,2,0,0,1,2,1,3,4,1,0,0,0,0,1,0,0,0,0,0,super built up,high,new,pareena coban residences,gurgaon
1.6,177.44,3,3,3,1,48,45,12,0,0,0,2,3,11,0,0,0,0,0,1,0,1,0,1,0,0,super built up,high,old,parsvnath green ville,gurgaon
2.99,185.81,3,3,3,1,66,14,1,0,0,0,0,2,0,2,1,0,1,0,0,0,0,0,1,0,0,super built up,mid,new,emaar mgf the palm drive,gurgaon
1.9,180.42,3,4,3,1,102,15,0,0,0,2,0,1,0,2,1,1,1,1,0,1,0,0,0,1,0,super built up,high,new,conscient heritage max,gurgaon
1.75,129.6,3,3,3,1,65,8,1,0,0,1,0,0,0,1,1,0,1,0,0,0,0,0,1,0,0,super built up,high,new,emaar mgf emerald estate,gurgaon
1.3,168.9,3,3,3,0,90,14,0,0,0,0,2,0,0,0,0,0,0,0,0,0,0,0,0,0,0,super built up,mid,new,dlf regal gardens,gurgaon
2.95,223.99,3,3,3,1,67,11,1,0,0,1,0,1,0,2,1,0,0,0,0,1,0,0,0,0,0,super built up,high,new,ireo victory valley,gurgaon
3.4,219.07,3,4,3,1,67,10,1,0,0,1,0,1,0,2,1,0,0,0,0,1,0,0,1,0,0,super built up,high,new,m3m merlin,gurgaon
3.32,219.07,3,4,3,1,67,10,1,0,0,1,0,1,0,2,1,0,0,0,0,1,0,0,1,0,0,super built up,high,new,m3m merlin,gurgaon
0.95,131.46,2,2,3,0,2,10,1,0,0,1,1,0,0,2,1,1,1,0,0,0,0,0,0,0,0,super built up,low,old,bestech park view residency,gurgaon
1.55,130.62,2,2,3,1,74,7,1,0,0,2,0,1,0,2,1,0,0,1,0,0,0,0,0,0,0,super built up,high,new,m3m skywalk,gurgaon
1.54,132.29,2,2,3,1,74,7,1,0,0,2,0,1,0,2,1,0,0,1,0,0,0,0,0,0,0,super built up,high,new,m3m skywalk,gurgaon
2.45,187.48,3,3,3,1,74,7,1,0,0,2,0,1,0,2,1,0,0,1,0,0,0,0,0,0,0,super built up,high,new,m3m skywalk,gurgaon
2.6,227.61,3,4,3,1,104,13,1,0,0,1,0,3,0,3,1,1,1,1,0,1,0,0,0,0,0,super built up,mid,new,puri emerald bay,gurgaon
1.83,223.71,3,4,3,0,85,13,1,0,0,1,0,1,0,2,1,0,0,1,0,1,0,0,0,1,0,super built up,high,new,ss the leaf,gurgaon
1.09,152.36,2,2,3,0,85,13,1,0,0,1,0,1,0,2,1,0,0,1,0,1,0,0,0,1,0,super built up,mid,new,ss the leaf,gurgaon
1.87,223.71,3,4,3,0,85,13,1,0,0,1,0,1,0,2,1,0,0,1,0,1,0,0,0,1,0,super built up,mid,new,ss the leaf,gurgaon
1.05,155.24,2,2,3,1,85,13,1,0,0,1,0,1,0,2,1,0,0,1,0,1,0,0,0,1,0,super built up,mid,new,ss the leaf,gurgaon
1.77,223.71,3,4,3,1,85,13,1,0,0,1,0,1,0,2,1,0,0,1,0,1,0,0,0,1,0,super built up,mid,new,ss the leaf,gurgaon
2.2,187.48,3,3,3,1,74,7,1,0,0,2,0,1,0,2,1,0,0,1,0,0,0,0,0,0,0,super built up,high,new,m3m skywalk,gurgaon
0.6,68.28,1,1,1,0,2,24,1,0,0,0,1,0,0,1,0,0,1,0,0,0,1,0,0,0,0,super built up,mid,old,ansal api celebrity suites,gurgaon
1.8,278.71,4,4,3,1,47,44,2,0,0,0,0,0,2,0,0,0,0,0,0,0,0,1,0,0,0,super built up,mid,old,cghs airport apartment,gurgaon
0.64,141.77,3,2,3,0,1,7,0,0,0,0,0,0,0,0,0,1,0,0,3,0,0,0,0,0,1,carpet,mid,old,sbr minda sec-1 imt manesar,manesar
0.75,196.49,3,3,3,1,1,11,5,0,0,0,0,0,0,0,0,0,0,0,3,0,0,0,0,0,2,super built up,low,old,prasha apartments,manesar
4.95,289.11,3,3,3,1,65,9,1,0,0,1,0,1,0,2,1,0,1,0,0,1,0,1,0,0,0,super built up,high,new,m3m golfestate,gurgaon
4.25,349.59,3,5,2,1,112,8,2,0,0,0,0,1,0,1,1,1,0,1,0,0,0,0,0,0,0,super built up,high,new,experion windchants,gurgaon
5.31,440.27,4,6,3,1,112,8,2,0,0,0,0,1,0,1,1,1,0,1,0,0,0,0,0,0,0,super built up,high,new,experion windchants,gurgaon
1.4,153.29,3,3,3,1,102,10,1,0,0,1,0,1,0,2,1,0,0,1,0,0,0,0,0,0,0,super built up,high,new,emaar gurgaon greens,gurgaon
2.8,226.78,2,3,2,1,112,8,2,0,0,0,0,1,0,1,1,1,0,1,0,0,0,0,0,0,0,super built up,high,new,experion windchants,gurgaon
4.1,360.46,5,5,2,1,110,15,1,0,0,1,1,0,0,3,1,1,1,2,0,0,0,0,0,0,0,super built up,high,new,indiabulls enigma,gurgaon
3.4,315.87,4,5,3,1,110,15,1,0,0,1,1,0,0,3,1,1,1,2,0,0,0,0,0,0,0,super built up,high,new,indiabulls enigma,gurgaon
3.05,221.57,3,3,3,1,60,7,1,0,0,0,0,1,0,1,1,0,1,0,0,0,0,0,0,0,0,super built up,high,new,ireo skyon,gurgaon
4.25,301.93,4,4,3,1,72,10,1,0,0,0,0,2,0,2,0,0,1,0,0,1,0,0,0,0,0,super built up,mid,new,tata primanti,gurgaon
1.16,154.22,3,3,3,1,82,7,1,0,0,1,0,0,0,2,0,0,0,2,0,0,0,0,0,0,0,carpet,low,new,vatika independent floors,gurgaon
3.55,483.1,5,6,3,1,51,47,10,0,0,0,0,1,12,5,0,0,0,0,3,0,1,0,1,0,2,built up,high,old,citizen apartment,gurgaon
1.8,175.49,3,4,3,1,102,11,1,0,0,1,0,2,0,4,1,0,0,1,0,1,0,0,0,0,0,super built up,high,new,adani m2k oyster grande,gurgaon
1.75,172.06,3,3,3,0,102,13,1,0,0,1,1,0,0,2,1,0,0,1,0,1,0,0,1,0,0,super built up,low,new,shapoorji pallonji joyville gurugram,gurgaon
1.2,126.26,2,2,3,0,102,13,1,0,0,1,1,0,0,2,1,0,0,1,0,1,0,0,1,0,0,super built up,high,new,shapoorji pallonji joyville gurugram,gurgaon
1.52,153.29,3,3,3,1,102,10,1,0,0,1,0,1,0,2,1,0,0,1,0,0,0,0,0,0,0,super built up,mid,new,emaar gurgaon greens,gurgaon
1.55,209.03,3,3,3,1,56,47,6,0,0,0,1,1,13,0,0,0,4,0,1,0,2,1,0,0,4,super built up,mid,old,kiran residency,gurgaon
2.4,195.38,3,3,3,1,81,9,1,0,0,0,0,0,0,2,1,0,1,0,0,0,0,0,0,0,0,super built up,high,new,dlf the ultima,gurgaon
2.35,195.38,3,3,3,1,81,9,1,0,0,0,0,0,0,2,1,0,1,0,0,0,0,0,0,0,0,super built up,high,new,dlf the ultima,gurgaon
2.28,195.38,3,3,3,1,81,9,1,0,0,0,0,0,0,2,1,0,1,0,0,0,0,0,0,0,0,super built up,high,new,dlf the ultima,gurgaon
1.1,162.58,3,3,2,0,84,13,1,0,0,1,0,1,0,2,1,0,0,1,0,0,0,0,0,1,0,super built up,high,new,ss the coralwood,gurgaon
2.3,195.38,3,3,3,1,81,9,1,0,0,0,0,0,0,2,1,0,1,0,0,0,0,0,0,0,0,super built up,high,new,dlf the ultima,gurgaon
1.35,219.34,3,4,3,1,107,6,0,0,0,0,0,0,0,2,1,0,0,0,0,0,0,0,0,0,0,super built up,high,new,m3m woodshire,gurgaon
2.45,227.61,3,4,3,1,104,13,1,0,0,1,0,3,0,3,1,1,1,1,0,1,0,0,0,0,0,super built up,high,new,puri emerald bay,gurgaon
0.9,142.51,2,2,3,1,107,6,0,0,0,0,0,0,0,2,1,0,0,0,0,0,0,0,0,0,0,super built up,high,new,m3m woodshire,gurgaon
2.8,183.48,4,4,3,1,65,6,1,0,0,0,0,0,0,0,1,0,0,0,0,1,0,0,0,0,0,carpet,low,new,emaar mgf emerald floors premier,gurgaon
1.4,127.83,3,3,2,1,50,44,12,0,0,0,2,3,8,2,0,0,0,0,0,0,1,0,1,0,1,super built up,high,new,eros wembley estate,gurgaon
1.36,165.37,3,3,3,0,2,10,1,0,0,1,1,0,0,2,1,1,1,0,0,0,0,0,0,0,0,super built up,mid,old,bestech park view residency,gurgaon
0.98,131.46,2,2,3,0,2,10,1,0,0,1,1,0,0,2,1,1,1,0,0,0,0,0,0,0,0,super built up,high,old,bestech park view residency,gurgaon
0.56,60.48,1,1,2,0,2,10,1,0,0,1,1,0,0,2,1,1,1,0,0,0,0,0,0,0,0,carpet,mid,old,bestech park view residency,gurgaon
2.2,269.42,4,4,3,1,84,10,1,0,0,1,1,1,1,3,0,0,0,0,0,0,0,0,0,0,0,carpet,high,new,alpha corp gurgaonone 84,gurgaon
1.2,246.19,3,3,3,1,1,10,5,0,0,0,0,0,0,0,0,0,0,0,2,0,0,0,0,0,2,carpet,mid,old,deepak minda,manesar
1.33,166.3,3,3,3,1,103,15,1,0,0,1,1,1,0,3,1,1,1,2,0,1,0,0,0,0,0,super built up,high,new,indiabulls centrum park,gurgaon
0.87,146.6,2,3,3,1,37,8,1,0,0,1,1,0,0,2,0,0,0,1,0,0,0,0,0,0,0,super built up,high,new,imperia the esfera,gurgaon
1.09,152.36,2,2,3,1,85,13,1,0,0,1,0,1,0,2,1,0,0,1,0,1,0,0,0,1,0,super built up,high,new,ss the leaf,gurgaon
3.0,181.16,3,3,2,1,66,14,1,0,0,0,0,2,0,2,1,0,1,0,0,0,0,0,1,0,0,super built up,high,new,emaar mgf the palm drive,gurgaon
1.75,176.52,3,3,3,1,83,10,0,0,0,1,0,0,0,0,0,0,0,0,0,0,0,0,0,0,0,super built up,high,new,emaar palm gardens,gurgaon
1.75,176.52,3,3,3,1,83,10,0,0,0,1,0,0,0,0,0,0,0,0,0,0,0,0,0,0,0,super built up,mid,new,emaar palm gardens,gurgaon
3.8,260.13,4,5,3,1,60,7,1,0,0,0,0,1,0,1,1,0,1,0,0,0,0,0,0,0,0,super built up,high,old,ireo skyon,gurgaon
3.5,278.24,4,5,3,1,81,9,1,0,0,0,0,0,0,2,1,0,1,0,0,0,0,0,0,0,0,super built up,mid,new,dlf the ultima,gurgaon
1.78,205.78,4,4,3,0,90,14,0,0,0,0,2,0,0,0,0,0,0,0,0,0,0,0,0,0,0,super built up,high,new,dlf regal gardens,gurgaon
1.08,152.36,2,2,3,1,85,13,1,0,0,1,0,1,0,2,1,0,0,1,0,1,0,0,0,1,0,super built up,high,new,ss the leaf,gurgaon
2.03,261.24,4,4,3,1,85,13,1,0,0,1,0,1,0,2,1,0,0,1,0,1,0,0,0,1,0,super built up,low,new,ss the leaf,gurgaon
1.12,161.74,2,2,3,1,85,13,1,0,0,1,0,1,0,2,1,0,0,1,0,1,0,0,0,1,0,super built up,high,new,ss the leaf,gurgaon
2.0,261.24,4,5,3,1,85,13,1,0,0,1,0,1,0,2,1,0,0,1,0,1,0,0,0,1,0,super built up,low,new,ss the leaf,gurgaon
1.04,161.74,2,3,3,1,85,13,1,0,0,1,0,1,0,2,1,0,0,1,0,1,0,0,0,1,0,super built up,mid,new,ss the leaf,gurgaon
1.25,196.95,3,4,2,1,85,15,1,0,0,1,0,0,0,6,1,0,1,0,0,0,0,1,0,0,0,super built up,mid,new,orris aster court premier,gurgaon
2.05,141.58,2,3,2,1,60,7,1,0,0,0,0,1,0,1,1,0,1,0,0,0,0,0,0,0,0,super built up,low,new,ireo skyon,gurgaon
3.19,243.87,4,5,3,1,72,10,1,0,0,0,0,2,0,2,0,0,1,0,0,1,0,0,0,0,0,super built up,high,new,tata primanti,gurgaon
3.85,269.88,4,5,3,1,72,10,1,0,0,0,0,2,0,2,0,0,1,0,0,1,0,0,0,0,0,super built up,high,new,tata primanti,gurgaon
3.2,243.87,4,4,3,1,72,10,1,0,0,0,0,2,0,2,0,0,1,0,0,1,0,0,0,0,0,super built up,high,old,tata primanti,gurgaon
0.89,188.13,3,3,3,1,84,3,0,0,0,0,1,1,0,1,0,0,0,0,0,0,0,0,0,0,0,super built up,high,new,antriksh heights,gurgaon
0.49,104.52,2,2,2,0,84,3,0,0,0,0,1,1,0,1,0,0,0,0,0,0,0,0,0,0,0,super built up,high,new,antriksh heights,gurgaon
1.65,181.16,3,4,3,1,70,15,2,0,0,1,0,2,3,0,0,0,0,0,1,0,0,0,0,0,0,super built up,high,new,shree vardhman victoria,gurgaon
2.35,247.12,3,4,3,1,81,9,0,0,0,1,0,0,0,1,0,0,0,1,0,0,0,0,0,0,0,super built up,high,new,bestech park view grand spa,gurgaon
1.4,168.15,3,3,3,0,81,9,0,0,0,1,0,0,0,1,0,0,1,1,0,0,0,0,0,0,0,super built up,mid,new,bestech park view ananda,gurgaon
0.97,166.3,3,4,2,1,82,10,0,0,0,1,0,0,0,1,0,0,0,0,0,0,0,0,0,0,0,super built up,high,new,mapsko royale ville,gurgaon
2.35,192.22,3,3,3,0,50,9,1,0,0,0,0,1,0,2,1,1,1,0,0,0,0,0,0,0,0,super built up,high,old,the close north,gurgaon
3.32,244.8,4,5,3,1,67,11,0,0,0,1,0,0,0,1,0,0,0,0,0,0,0,0,0,0,0,super built up,high,old,bestech park view spa next,gurgaon
1.25,183.95,3,3,2,1,83,10,0,0,0,1,0,0,0,2,1,0,1,2,0,0,0,0,0,0,0,super built up,high,old,vatika gurgaon 21,gurgaon
2.8,190.17,3,3,3,1,67,10,1,0,0,1,0,1,0,2,1,0,0,0,0,1,0,0,1,0,0,super built up,mid,old,m3m merlin,gurgaon
4.7,221.11,3,3,3,1,65,8,0,0,0,0,0,0,0,1,0,0,1,0,0,0,0,0,0,0,0,super built up,high,new,m3m latitude,gurgaon
1.3,153.29,3,3,3,1,102,10,1,0,0,1,0,1,0,2,1,0,0,1,0,0,0,0,0,0,0,super built up,mid,new,emaar gurgaon greens,gurgaon
0.62,115.11,2,2,1,1,78,7,1,0,0,0,0,0,1,0,0,0,1,0,0,0,0,0,0,0,0,super built up,mid,old,umang monsoon breeze,gurgaon
0.8,153.66,3,2,2,1,78,7,1,0,0,0,0,0,1,0,0,0,1,0,0,0,0,0,0,0,0,super built up,mid,old,umang monsoon breeze,gurgaon
1.73,176.52,3,3,3,1,83,10,0,0,0,1,0,0,0,0,0,0,0,0,0,0,0,0,0,0,0,super built up,mid,new,emaar palm gardens,gurgaon
4.45,390.19,4,4,3,1,81,7,2,0,0,1,0,0,0,1,0,0,1,0,0,0,0,0,0,0,0,super built up,high,new,bestech spa signature,gurgaon
2.3,247.12,3,4,3,1,81,9,0,0,0,1,0,0,0,1,0,0,0,1,0,0,0,0,0,0,0,super built up,mid,new,bestech park view grand spa,gurgaon
2.2,195.38,3,3,3,1,81,9,1,0,0,0,0,0,0,2,1,0,1,0,0,0,0,0,0,0,0,super built up,mid,new,dlf the ultima,gurgaon
2.12,195.38,3,3,3,1,81,9,1,0,0,0,0,0,0,2,1,0,1,0,0,0,0,0,0,0,0,super built up,high,new,dlf the ultima,gurgaon
2.25,195.38,3,3,3,1,81,9,1,0,0,0,0,0,0,2,1,0,1,0,0,0,0,0,0,0,0,super built up,high,new,dlf the ultima,gurgaon
1.9,216.0,4,4,3,1,92,11,1,0,0,1,0,1,0,3,1,0,0,2,0,1,0,0,0,0,0,super built up,high,new,bestech park view sanskruti,gurgaon
4.4,390.19,4,4,3,1,81,7,2,0,0,1,0,0,0,1,0,0,1,0,0,0,0,0,0,0,0,super built up,mid,new,bestech spa signature,gurgaon
1.75,213.68,4,3,3,1,54,47,6,0,0,0,1,1,13,0,0,0,4,0,1,0,2,1,0,0,4,super built up,low,old,swarn jayanti cghs,gurgaon
2.8,218.32,3,4,3,1,70,11,1,0,0,1,0,1,0,2,1,0,0,0,0,0,0,0,0,0,0,super built up,high,new,aipl the peaceful homes,gurgaon
4.63,287.07,3,5,3,1,22,14,1,0,0,1,0,1,0,2,1,1,0,1,0,0,0,0,0,0,0,super built up,mid,new,ambience creacions,gurgaon
1.32,140.0,2,2,3,1,68,10,1,0,0,1,0,2,0,1,1,0,0,0,0,1,0,0,0,0,0,super built up,high,new,m3m the marina,gurgaon
1.16,161.93,3,3,3,1,71,15,2,1,0,0,0,2,1,0,1,0,0,0,0,1,0,2,0,0,0,super built up,mid,old,chd avenue 71,gurgaon
0.27,45.43,2,2,2,0,107,10,0,0,0,1,0,0,0,1,0,0,0,1,0,0,0,0,0,0,0,carpet,high,new,signature global solera,gurgaon
0.28,45.43,2,2,2,0,107,10,0,0,0,1,0,0,0,1,0,0,0,1,0,0,0,0,0,0,0,carpet,mid,new,signature global solera,gurgaon
1.79,188.13,3,3,3,1,77,5,0,0,0,0,0,0,0,1,0,0,0,0,0,0,0,0,0,0,0,super built up,low,new,emaar palm heights,gurgaon
1.55,181.16,4,4,3,1,77,10,1,0,0,1,0,1,0,2,1,0,0,1,0,0,0,0,0,0,0,super built up,low,new,emaar mgf palm hills,gurgaon
1.55,179.21,3,3,3,1,86,10,0,0,0,1,0,0,0,3,1,0,0,0,0,1,0,0,0,0,0,super built up,high,new,dlf the skycourt,gurgaon
3.35,250.0,3,4,3,1,113,8,1,0,0,1,0,0,0,2,0,0,0,1,0,0,0,0,0,0,0,super built up,high,new,la vida by tata housing,gurgaon
3.5,204.39,3,4,3,1,66,14,1,0,0,0,0,2,0,2,1,0,1,0,0,0,0,0,1,0,0,super built up,mid,new,emaar mgf the palm drive,gurgaon
4.8,268.95,3,4,3,1,53,15,0,0,0,1,0,1,0,2,1,0,1,0,0,0,0,0,2,0,0,super built up,high,new,parsvnath exotica,gurgaon
1.5,171.87,3,3,3,1,54,47,6,0,0,0,1,1,13,0,0,0,4,0,1,0,2,1,0,0,4,super built up,mid,old,shree arihant apartment,gurgaon
2.78,249.91,3,4,3,1,113,8,1,0,0,1,0,0,0,2,0,0,0,1,0,0,0,0,0,0,0,super built up,mid,new,la vida by tata housing,gurgaon
2.25,225.57,4,4,3,1,110,6,1,0,0,1,0,1,0,2,1,0,0,1,0,0,0,0,0,0,0,super built up,low,new,mahindra aura,gurgaon
2.55,199.74,3,3,3,1,70,11,1,0,0,1,0,1,0,2,1,0,0,0,0,0,0,0,0,0,0,super built up,high,new,aipl the peaceful homes,gurgaon
1.25,222.04,4,4,3,1,83,10,0,0,0,1,0,0,0,2,1,0,1,2,0,0,0,0,0,0,0,super built up,high,old,vatika gurgaon 21,gurgaon
0.85,115.66,2,2,2,1,83,10,0,0,0,1,0,0,0,2,1,0,1,2,0,0,0,0,0,0,0,super built up,high,old,vatika gurgaon 21,gurgaon
5.25,538.84,4,5,3,1,2,14,0,0,0,0,0,0,0,3,0,0,0,0,0,0,0,0,0,0,2,super built up,low,new,krrish provence estate,gurgaon
1.3,125.51,2,4,2,0,79,11,1,0,0,1,0,1,0,2,1,0,0,1,0,0,0,0,0,1,0,super built up,low,new,godrej aria,gurgaon
0.75,123.19,3,2,2,0,92,11,0,0,0,0,0,0,0,4,1,0,1,1,0,0,0,0,0,0,0,super built up,low,new,sare green parc phase 3,gurgaon
3.65,250.65,3,4,3,1,67,11,1,0,0,1,0,1,0,2,1,0,0,0,0,1,0,0,0,0,0,super built up,high,new,ireo victory valley,gurgaon
1.65,253.35,4,4,3,0,90,6,1,0,0,0,0,0,0,1,1,0,0,0,0,1,0,0,0,0,0,super built up,mid,old,dlf new town heights 1,gurgaon
1.25,179.3,3,3,3,1,90,6,1,0,0,0,0,0,0,1,1,0,0,0,0,1,0,0,0,0,0,super built up,high,new,dlf new town heights 1,gurgaon
1.42,219.62,4,4,3,1,90,6,1,0,0,0,0,0,0,1,1,0,0,0,0,1,0,0,0,0,0,super built up,high,old,dlf new town heights 1,gurgaon
1.27,163.04,3,3,3,1,90,14,0,0,0,0,2,0,0,0,0,0,0,0,0,0,0,0,0,0,0,super built up,low,new,dlf regal gardens,gurgaon
1.65,205.78,4,4,3,1,90,14,0,0,0,0,2,0,0,0,0,0,0,0,0,0,0,0,0,0,0,super built up,high,new,dlf regal gardens,gurgaon
1.24,163.04,3,3,3,1,90,14,0,0,0,0,2,0,0,0,0,0,0,0,0,0,0,0,0,0,0,super built up,high,new,dlf regal gardens,gurgaon
2.7,242.01,3,3,3,1,50,9,1,0,0,0,0,1,0,2,1,1,1,0,0,0,0,0,0,0,0,super built up,low,old,the close north,gurgaon
1.98,203.55,3,3,3,1,37,11,1,0,0,1,0,1,0,2,1,0,0,1,0,1,0,0,0,0,0,super built up,high,new,bptp terra,gurgaon
2.5,226.78,2,2,3,1,112,8,2,0,0,0,0,1,0,1,1,1,0,1,0,0,0,0,0,0,0,super built up,high,new,experion windchants,gurgaon
2.29,153.29,3,4,3,1,65,6,1,0,0,0,0,0,0,0,1,0,0,0,0,1,0,0,0,0,0,carpet,low,new,emaar mgf emerald floors premier,gurgaon
2.98,190.17,3,3,3,1,67,10,1,0,0,1,0,1,0,2,1,0,0,0,0,1,0,0,1,0,0,super built up,high,new,m3m merlin,gurgaon
1.35,159.79,3,3,3,1,83,10,0,0,0,1,0,0,0,0,0,0,0,0,0,0,0,0,0,0,0,super built up,mid,new,emaar palm gardens,gurgaon
1.37,139.35,3,3,3,1,56,46,5,0,0,0,1,2,13,0,0,0,3,0,1,0,2,1,0,0,4,super built up,low,old,shri banke bihari society,gurgaon
1.55,185.81,3,3,3,1,56,44,6,0,0,0,1,2,14,5,0,0,2,0,1,0,2,0,0,0,4,super built up,mid,old,kiran residency,gurgaon
4.25,297.29,3,4,3,1,24,42,4,0,0,0,0,0,8,0,0,0,4,0,0,0,1,0,0,0,2,super built up,low,old,ambience lagoon,gurgaon
1.28,174.38,3,3,3,1,82,10,1,0,0,1,0,1,0,2,1,0,0,0,0,0,0,0,0,1,0,super built up,low,new,vatika the seven lamps,gurgaon
1.95,172.06,3,3,3,1,102,13,1,0,0,1,1,0,0,2,1,0,0,1,0,1,0,0,1,0,0,super built up,high,new,shapoorji pallonji joyville gurugram,gurgaon
2.35,247.12,3,4,3,1,81,9,0,0,0,1,0,0,0,1,0,0,0,1,0,0,0,0,0,0,0,super built up,mid,new,bestech park view grand spa,gurgaon
5.0,276.76,3,3,3,1,65,9,1,0,0,1,0,1,0,2,1,0,1,0,0,1,0,1,0,0,0,super built up,high,new,m3m golfestate,gurgaon
0.99,168.62,3,3,1,1,37,8,1,0,0,1,1,0,0,2,0,0,0,1,0,0,0,0,0,0,0,super built up,high,new,imperia the esfera,gurgaon
1.95,253.35,4,4,3,1,90,6,1,0,0,0,0,0,0,1,1,0,0,0,0,1,0,0,0,0,0,super built up,high,new,dlf new town heights 1,gurgaon
3.3,322.37,4,5,3,1,81,9,0,0,0,1,0,0,0,1,0,0,0,1,0,0,0,0,0,0,0,super built up,mid,new,bestech park view grand spa,gurgaon
4.75,316.8,4,4,3,1,67,11,1,0,0,1,0,1,0,2,1,0,0,0,0,1,0,0,0,0,0,super built up,high,new,ireo victory valley,gurgaon
1.5,130.06,2,2,3,1,74,7,1,0,0,2,0,1,0,2,1,0,0,1,0,0,0,0,0,0,0,super built up,high,new,m3m skywalk,gurgaon
1.54,219.62,4,4,3,1,90,6,1,0,0,0,0,0,0,1,1,0,0,0,0,1,0,0,0,0,0,super built up,high,old,dlf new town heights 1,gurgaon
1.27,179.3,3,4,3,1,86,15,2,0,0,0,0,0,4,5,1,0,0,0,0,0,0,0,0,0,0,super built up,high,new,dlf new town heights 2,gurgaon
1.17,162.02,3,3,3,0,90,14,0,0,0,0,2,0,0,0,0,0,0,0,0,0,0,0,0,0,0,super built up,high,new,dlf regal gardens,gurgaon
1.8,168.9,3,3,3,1,82,7,1,0,0,0,0,0,0,0,1,0,0,0,0,0,0,0,0,0,0,super built up,high,new,dlf the primus,gurgaon
0.8,126.44,2,2,3,1,103,18,7,0,0,0,0,0,4,0,0,4,0,0,0,0,0,0,0,0,1,super built up,low,new,ansal housing highland park,gurgaon
1.76,165.0,3,3,3,1,48,15,2,1,0,2,0,1,2,3,1,0,1,0,1,0,1,0,0,0,0,super built up,high,old,bestech park view city,gurgaon
2.22,199.65,3,4,3,1,102,15,0,0,0,2,0,1,0,2,1,1,1,1,0,1,0,0,0,1,0,super built up,high,new,conscient heritage max,gurgaon
1.24,106.84,2,2,3,1,28,45,5,0,0,0,1,0,8,1,0,0,3,0,1,0,2,0,0,0,4,super built up,high,old,dlf regency park 1,gurgaon
1.12,146.04,2,2,3,1,79,10,0,0,0,0,0,0,0,2,1,0,0,0,0,0,0,0,0,1,0,super built up,mid,new,godrej 101,gurgaon
1.9,175.49,3,4,3,1,102,11,1,0,0,1,0,2,0,4,1,0,0,1,0,1,0,0,0,0,0,super built up,high,new,adani m2k oyster grande,gurgaon
1.35,106.84,2,2,2,1,28,45,5,0,0,0,1,0,7,1,0,0,3,0,1,0,2,0,0,0,4,super built up,high,old,dlf regency park 1,gurgaon
2.22,194.63,3,3,3,1,109,15,0,0,0,0,1,0,3,3,1,0,0,0,1,0,1,0,1,1,0,super built up,high,new,ats kocoon,gurgaon
0.9,119.19,2,3,3,1,108,9,1,0,0,1,0,1,0,1,1,0,0,1,0,0,0,0,0,0,0,super built up,mid,new,experion the heartsong,gurgaon
1.75,199.74,3,4,3,1,109,11,1,0,0,1,0,0,0,2,1,0,2,1,0,0,0,0,0,1,0,super built up,low,new,ats tourmaline,gurgaon
0.67,127.74,2,2,2,1,85,5,0,0,0,0,0,0,0,0,1,0,1,1,0,0,0,0,0,0,0,super built up,mid,new,orris aster court,gurgaon
2.95,226.31,3,3,3,1,67,11,1,0,0,1,0,1,0,2,1,0,0,0,0,1,0,0,0,0,0,super built up,high,old,ireo victory valley,gurgaon
2.04,166.76,3,3,3,1,61,14,1,0,0,0,0,1,0,2,1,0,1,0,0,1,0,0,3,0,0,super built up,high,old,pioneer park,gurgaon
2.24,319.03,4,4,3,1,84,10,1,0,0,1,1,1,1,3,0,0,0,0,0,0,0,0,0,0,0,super built up,high,new,alpha corp gurgaonone 84,gurgaon
1.31,150.22,2,2,3,1,88,14,0,0,0,0,0,0,0,1,0,0,0,0,0,0,0,0,0,0,0,super built up,low,new,godrej icon,gurgaon
1.7,129.6,3,3,3,1,65,8,1,0,0,1,0,0,0,1,1,0,1,0,0,0,0,0,1,0,0,super built up,mid,new,emaar mgf emerald estate,gurgaon
1.19,148.64,3,3,2,1,83,10,0,0,0,1,0,0,0,2,1,0,1,2,0,0,0,0,0,0,0,carpet,high,new,vatika gurgaon 21,gurgaon
1.75,188.13,3,3,3,1,77,5,0,0,0,0,0,0,0,1,0,0,0,0,0,0,0,0,0,0,0,super built up,high,new,emaar palm heights,gurgaon
1.12,161.19,3,3,2,0,83,10,0,0,0,1,0,0,0,2,1,0,1,2,0,0,0,0,0,0,0,super built up,high,old,vatika gurgaon 21,gurgaon
0.92,212.47,3,3,3,1,1,10,5,0,0,0,0,0,0,0,0,0,0,0,2,0,0,0,0,0,2,super built up,high,old,green campus chs,manesar
0.9,212.47,3,3,3,1,1,10,4,0,0,0,0,0,0,0,0,0,0,0,3,0,0,0,0,0,2,super built up,mid,old,green campus chs,manesar
2.3,227.61,3,4,3,1,104,13,1,0,0,1,0,3,0,3,1,1,1,1,0,1,0,0,0,0,0,super built up,high,old,puri emerald bay,gurgaon
1.58,157.94,2,3,3,1,104,13,1,0,0,1,0,3,0,3,1,1,1,1,0,1,0,0,0,0,0,super built up,high,new,puri emerald bay,gurgaon
4.25,360.46,5,5,3,1,110,15,1,0,0,1,1,0,0,3,1,1,1,2,0,0,0,0,0,0,0,super built up,mid,new,indiabulls enigma,gurgaon
1.68,196.95,3,4,3,1,92,11,1,0,0,1,0,1,0,3,1,0,0,2,0,1,0,0,0,0,0,super built up,high,new,bestech park view sanskruti,gurgaon
4.55,290.79,4,4,3,1,67,11,1,0,0,1,0,1,0,2,1,0,0,0,0,1,0,0,0,0,0,super built up,high,new,ireo victory valley,gurgaon
2.85,218.32,4,4,3,1,67,11,0,0,0,1,0,0,0,1,0,0,0,0,0,0,0,0,0,0,0,super built up,mid,old,bestech park view spa next,gurgaon
2.35,179.77,3,4,3,1,67,11,0,0,0,1,0,0,0,1,0,0,0,0,0,0,0,0,0,0,0,super built up,high,old,bestech park view spa next,gurgaon
2.3,194.35,3,4,3,1,81,9,1,0,0,0,0,0,0,2,1,0,1,0,0,0,0,0,0,0,0,super built up,mid,new,dlf the ultima,gurgaon
2.26,195.1,3,4,3,1,81,9,1,0,0,0,0,0,0,2,1,0,1,0,0,0,0,0,0,0,0,super built up,high,new,dlf the ultima,gurgaon
4.78,287.07,3,4,3,1,22,14,1,0,0,1,0,1,0,2,1,1,0,1,0,0,0,0,0,0,0,super built up,mid,new,ambience creacions,gurgaon
2.0,222.97,4,5,3,1,70,10,1,0,0,1,0,1,0,2,1,0,0,0,0,1,0,0,0,0,0,super built up,mid,old,tulip ivory,gurgaon
3.75,260.13,4,4,3,1,60,7,1,0,0,0,0,1,0,1,1,0,1,0,0,0,0,0,0,0,0,super built up,high,new,ireo skyon,gurgaon
6.16,278.71,4,5,3,1,22,14,1,0,0,1,0,1,0,2,1,1,0,1,0,0,0,0,0,0,0,carpet,high,new,ambience creacions,gurgaon
5.3,264.77,3,3,3,1,65,9,1,0,0,1,0,1,0,2,1,0,1,0,0,1,0,1,0,0,0,super built up,high,old,m3m golfestate,gurgaon
0.75,124.68,2,2,2,1,77,10,1,0,0,1,0,1,0,2,1,0,0,1,0,0,0,0,0,0,0,super built up,high,new,umang winter hills,gurgaon
1.25,138.43,3,3,3,1,79,9,0,0,0,1,0,0,0,2,1,0,1,1,0,0,0,0,0,0,0,super built up,high,new,mapsko mount ville,gurgaon
2.0,219.81,3,4,3,1,79,10,0,0,0,0,0,0,0,2,1,0,0,0,0,0,0,0,0,1,0,super built up,high,new,godrej 101,gurgaon
1.3,138.43,3,3,3,1,79,9,0,0,0,1,0,0,0,2,1,0,1,1,0,0,0,0,0,0,0,super built up,high,new,mapsko mount ville,gurgaon
1.75,185.81,3,4,3,1,39,47,1,0,0,0,0,0,5,0,0,0,0,0,0,0,0,1,0,0,0,carpet,low,old,city heights,gurgaon
2.0,297.29,5,4,3,1,39,47,1,0,0,0,0,0,5,0,0,0,0,0,0,0,0,1,0,0,0,carpet,high,old,kw royal court,gurgaon
1.78,181.16,3,3,3,1,70,15,2,0,0,1,0,2,3,0,0,0,0,0,1,0,0,0,0,0,0,super built up,mid,new,shree vardhman victoria,gurgaon
1.15,142.51,2,2,3,1,84,10,1,0,0,1,1,1,1,3,0,0,0,0,0,0,0,0,0,0,0,super built up,high,new,alpha corp gurgaonone 84,gurgaon
1.65,195.1,3,3,3,1,47,43,1,0,0,0,0,0,2,0,0,0,0,0,0,0,0,1,0,0,0,super built up,low,old,cghs airport apartment,gurgaon
0.21,28.06,1,1,1,0,92,4,1,0,0,0,0,0,0,1,0,0,0,0,0,1,0,0,0,0,0,carpet,high,new,gls avenue 51,gurgaon
2.75,185.81,3,4,3,1,43,45,4,0,0,0,2,0,12,1,0,0,2,0,1,0,2,0,0,0,1,carpet,mid,old,kamroon court,gurgaon
2.72,218.32,4,4,3,1,67,11,0,0,0,1,0,0,0,1,0,0,0,0,0,0,0,0,0,0,0,super built up,high,new,bestech park view spa next,gurgaon
2.4,193.8,3,4,3,1,47,42,5,0,0,0,0,1,2,0,0,0,0,0,0,0,0,0,0,0,0,super built up,high,old,unitech uniworld gardens,gurgaon
4.1,236.9,3,3,3,1,72,10,1,0,0,0,0,2,0,2,0,0,1,0,0,1,0,0,0,0,0,super built up,high,old,tata primanti,gurgaon
1.12,167.41,3,4,3,1,71,15,2,1,0,0,0,2,1,0,1,0,0,0,0,1,0,2,0,0,0,super built up,high,old,chd avenue 71,gurgaon
0.65,125.42,2,2,3,1,90,10,1,0,0,1,0,1,0,3,1,0,0,1,0,1,0,0,0,0,0,super built up,high,old,shree vardhman flora,gurgaon
7.5,929.03,5,6,3,1,2,14,0,0,0,0,0,0,0,3,0,0,0,0,0,0,0,0,0,0,2,super built up,high,new,krrish provence estate,gurgaon
11.0,288.0,4,5,3,1,54,13,0,0,0,1,0,0,0,3,0,0,1,0,0,0,0,0,0,0,0,carpet,mid,new,dlf the crest,gurgaon
1.26,158.12,3,3,3,1,90,14,0,0,0,0,2,0,0,0,0,0,0,0,0,0,0,0,0,0,0,super built up,mid,new,dlf regal gardens,gurgaon
1.8,205.78,4,4,3,0,90,14,0,0,0,0,2,0,0,0,0,0,0,0,0,0,0,0,0,0,0,super built up,mid,old,dlf regal gardens,gurgaon
5.9,312.43,3,3,3,1,65,9,1,0,0,1,0,1,0,2,1,0,1,0,0,1,0,1,0,0,0,super built up,high,new,m3m golfestate,gurgaon
2.9,221.39,4,4,3,1,49,15,1,0,0,1,0,1,0,2,1,0,1,1,0,1,0,0,1,0,0,super built up,mid,old,bestech park view city 2,gurgaon
1.59,179.21,3,3,3,1,86,10,0,0,0,1,0,0,0,3,1,0,0,0,0,1,0,0,0,0,0,super built up,high,new,dlf the skycourt,gurgaon
2.21,198.07,3,3,3,1,81,9,1,0,0,0,0,0,0,2,1,0,1,0,0,0,0,0,0,0,0,super built up,low,new,dlf the ultima,gurgaon
1.48,176.52,3,3,3,1,83,10,0,0,0,1,0,0,0,0,0,0,0,0,0,0,0,0,0,0,0,super built up,mid,new,emaar palm gardens,gurgaon
0.98,119.19,2,3,3,1,108,9,1,0,0,1,0,1,0,1,1,0,0,1,0,0,0,0,0,0,0,super built up,mid,new,experion the heartsong,gurgaon
2.04,172.06,3,3,3,0,102,13,1,0,0,1,1,0,0,2,1,0,0,1,0,1,0,0,1,0,0,super built up,low,new,shapoorji pallonji joyville gurugram,gurgaon
1.5,237.83,4,5,3,1,85,15,1,0,0,1,0,0,0,6,1,0,1,0,0,0,0,1,0,0,0,super built up,mid,new,orris aster court premier,gurgaon
1.49,237.83,4,5,3,1,85,15,1,0,0,1,0,0,0,6,1,0,1,0,0,0,0,1,0,0,0,super built up,high,new,orris aster court premier,gurgaon
1.2,196.95,3,4,2,1,85,15,1,0,0,1,0,0,0,6,1,0,1,0,0,0,0,1,0,0,0,super built up,mid,new,orris aster court premier,gurgaon
0.86,181.16,3,4,3,1,90,10,1,0,0,1,0,1,0,3,1,0,0,1,0,1,0,0,0,0,0,super built up,high,new,shree vardhman flora,gurgaon
0.9,183.48,4,4,3,0,85,8,2,0,0,1,0,1,0,2,0,0,0,0,0,0,0,0,0,0,0,super built up,high,old,orris carnation residency,gurgaon
2.0,182.55,3,4,3,1,95,5,0,0,0,0,0,0,0,0,1,0,1,1,0,0,0,0,0,0,0,super built up,mid,new,saan verdante,gurgaon
1.85,186.74,4,4,2,0,69,10,1,0,0,1,0,1,0,2,1,0,0,0,0,1,0,0,0,0,0,super built up,high,new,tulip violet,gurgaon
2.65,227.61,3,4,3,1,104,13,1,0,0,1,0,3,0,3,1,1,1,1,0,1,0,0,0,0,0,super built up,high,new,puri emerald bay,gurgaon
1.5,153.29,3,3,3,1,102,10,1,0,0,1,0,1,0,2,1,0,0,1,0,0,0,0,0,0,0,super built up,mid,new,emaar gurgaon greens,gurgaon
1.75,162.12,3,3,3,1,109,15,0,0,0,0,1,0,3,3,1,0,0,0,1,0,1,0,1,1,0,super built up,high,new,ats kocoon,gurgaon
1.32,144.0,2,2,2,0,104,13,1,0,0,1,0,3,0,3,1,1,1,1,0,1,0,0,0,0,0,super built up,high,new,puri emerald bay,gurgaon
0.8,122.63,2,2,2,1,83,15,4,0,0,0,0,0,0,3,0,0,0,0,2,0,0,0,0,0,0,super built up,high,old,vatika city homes,gurgaon
1.2,163.32,3,2,3,1,108,9,1,0,0,1,0,1,0,1,1,0,0,1,0,0,0,0,0,0,0,super built up,high,new,experion the heartsong,gurgaon
6.5,402.92,4,4,3,1,62,12,1,0,0,1,0,1,0,2,1,0,0,0,0,1,0,0,1,0,0,super built up,low,old,pioneer urban presidia,gurgaon
1.17,163.51,3,4,3,1,106,11,1,0,0,1,0,1,0,2,1,0,1,1,0,1,0,0,0,0,0,super built up,high,new,paras dews,gurgaon
1.15,176.52,3,4,3,1,106,11,1,0,0,1,0,1,0,2,1,0,1,1,0,1,0,0,0,0,0,super built up,mid,new,paras dews,gurgaon
2.48,205.97,3,3,3,1,113,8,1,0,0,1,0,0,0,2,0,0,0,1,0,0,0,0,0,0,0,super built up,high,new,la vida by tata housing,gurgaon
1.35,139.35,3,3,3,1,56,46,5,0,0,0,1,2,13,0,0,0,3,0,1,0,2,1,0,0,4,super built up,mid,old,shri banke bihari society,gurgaon
1.15,123.1,2,2,3,1,103,15,1,0,0,1,1,1,0,3,1,1,1,2,0,1,0,0,0,0,0,super built up,high,new,indiabulls centrum park,gurgaon
2.95,186.08,3,4,2,0,108,13,1,0,0,0,0,1,0,2,1,0,0,1,0,0,0,0,0,1,0,super built up,high,new,sobha city,gurgaon
3.4,219.07,3,4,3,1,67,10,1,0,0,1,0,1,0,2,1,0,0,0,0,1,0,0,1,0,0,super built up,high,new,m3m merlin,gurgaon
2.8,190.27,3,3,3,1,67,10,1,0,0,1,0,1,0,2,1,0,0,0,0,1,0,0,1,0,0,super built up,low,new,m3m merlin,gurgaon
2.15,194.63,3,4,3,1,109,15,0,0,0,0,1,0,3,3,1,0,0,0,1,0,1,0,1,1,0,super built up,high,new,ats kocoon,gurgaon
1.76,157.19,3,3,3,0,102,13,1,0,0,1,1,0,0,2,1,0,0,1,0,1,0,0,1,0,0,super built up,low,new,shapoorji pallonji joyville gurugram,gurgaon
3.45,274.06,4,5,3,1,111,10,1,0,0,1,0,0,0,2,1,0,2,1,0,0,0,0,0,0,0,super built up,high,new,puri diplomatic greens,gurgaon
3.3,311.23,4,5,3,1,110,15,1,0,0,1,1,0,0,3,1,1,1,2,0,0,0,0,0,0,0,super built up,mid,new,indiabulls enigma,gurgaon
1.75,212.75,3,4,3,1,104,13,1,0,0,1,0,2,0,3,1,0,1,1,0,1,0,1,0,0,0,super built up,high,new,ats triumph,gurgaon
2.78,292.64,4,4,3,1,104,13,1,0,0,1,0,2,0,3,1,0,1,1,0,1,0,1,0,0,0,super built up,high,new,ats triumph,gurgaon
1.42,218.79,4,6,3,1,106,11,1,0,0,1,0,1,0,2,1,0,1,1,0,1,0,0,0,0,0,super built up,high,new,paras dews,gurgaon
2.4,200.86,4,4,3,0,102,13,1,0,0,1,1,0,0,2,1,0,0,1,0,1,0,0,1,0,0,super built up,high,new,shapoorji pallonji joyville gurugram,gurgaon
2.28,258.18,4,5,3,0,108,9,1,0,0,1,0,1,0,1,1,0,0,1,0,0,0,0,0,0,0,super built up,high,new,experion the heartsong,gurgaon
1.9,128.3,2,2,2,0,108,13,1,0,0,0,0,1,0,2,1,0,0,1,0,0,0,0,0,1,0,super built up,high,new,sobha city,gurgaon
3.25,192.5,3,3,3,0,108,13,1,0,0,0,0,1,0,2,1,0,0,1,0,0,0,0,0,1,0,super built up,high,new,sobha city,gurgaon
1.6,236.44,3,3,3,1,109,12,7,0,0,0,0,0,0,0,0,3,0,0,0,0,0,0,0,0,0,super built up,high,new,sbtl caladium,gurgaon
4.45,603.87,4,5,3,0,104,13,1,0,0,1,0,2,0,3,1,0,1,1,0,1,0,1,0,0,0,carpet,high,new,ats triumph,gurgaon
0.82,126.91,2,2,3,0,107,6,0,0,0,0,0,0,0,2,1,0,0,0,0,0,0,0,0,0,0,super built up,mid,new,m3m woodshire,gurgaon
0.5,59.92,3,2,2,1,107,10,0,0,0,1,0,0,0,1,0,0,0,1,0,0,0,0,0,0,0,carpet,mid,new,signature global solera,gurgaon
0.52,59.92,3,2,2,1,107,10,0,0,0,1,0,0,0,1,0,0,0,1,0,0,0,0,0,0,0,carpet,mid,new,signature global solera,gurgaon
0.28,45.43,2,2,2,0,107,10,0,0,0,1,0,0,0,1,0,0,0,1,0,0,0,0,0,0,0,carpet,mid,new,signature global solera,gurgaon
0.29,45.43,2,2,2,0,107,10,0,0,0,1,0,0,0,1,0,0,0,1,0,0,0,0,0,0,0,carpet,low,new,signature global solera,gurgaon
0.97,97.55,2,2,3,1,108,9,1,0,0,1,0,1,0,1,1,0,0,1,0,0,0,0,0,0,0,carpet,high,new,experion the heartsong,gurgaon
0.8,126.91,2,2,3,0,107,6,0,0,0,0,0,0,0,2,1,0,0,0,0,0,0,0,0,0,0,super built up,mid,new,m3m woodshire,gurgaon
1.45,153.29,3,3,3,1,102,10,1,0,0,1,0,1,0,2,1,0,0,1,0,0,0,0,0,0,0,super built up,high,new,emaar gurgaon greens,gurgaon
0.55,78.97,3,2,1,0,110,24,2,0,0,0,1,0,0,1,0,0,1,0,0,0,1,0,0,0,4,carpet,low,new,laxmi apartment,gurgaon
1.1,144.0,2,2,3,1,99,15,2,0,0,1,2,1,3,4,1,0,0,0,0,1,0,0,0,0,0,super built up,high,new,pareena coban residences,gurgaon
1.4,137.87,2,2,2,1,67,12,0,0,0,1,0,1,0,2,1,0,1,0,0,2,0,0,0,0,0,super built up,high,new,ireo the corridors,gurgaon
1.42,146.6,3,3,2,1,69,10,1,0,0,1,0,1,0,2,1,0,0,0,0,1,0,0,0,0,0,super built up,high,new,tulip violet,gurgaon
2.95,239.32,4,5,3,1,82,7,1,0,0,0,0,0,0,0,1,0,0,0,0,0,0,0,0,0,0,super built up,high,new,dlf the primus,gurgaon
2.6,226.78,2,2,3,0,112,8,2,0,0,0,0,1,0,1,1,1,0,1,0,0,0,0,0,0,0,super built up,high,new,experion windchants,gurgaon
1.1,163.7,3,3,3,0,103,12,6,0,0,0,0,0,0,0,0,4,0,0,0,0,0,0,0,0,0,super built up,mid,new,ansal housing highland park,gurgaon
0.75,126.91,2,2,3,1,107,6,0,0,0,0,0,0,0,2,1,0,0,0,0,0,0,0,0,0,0,super built up,high,new,m3m woodshire,gurgaon
1.3,180.51,3,3,3,1,107,6,0,0,0,0,0,0,0,2,1,0,0,0,0,0,0,0,0,0,0,super built up,mid,new,m3m woodshire,gurgaon
1.49,219.34,3,4,3,1,107,6,0,0,0,0,0,0,0,2,1,0,0,0,0,0,0,0,0,0,0,super built up,mid,new,m3m woodshire,gurgaon
1.19,151.25,2,2,3,1,88,7,1,0,0,0,1,0,0,1,0,0,0,1,0,0,0,0,0,0,0,super built up,high,new,godrej oasis,gurgaon
1.15,150.13,2,2,3,1,88,7,1,0,0,0,1,0,0,1,0,0,0,1,0,0,0,0,0,0,0,super built up,high,new,godrej oasis,gurgaon
0.99,184.97,3,4,3,1,103,15,1,0,0,1,1,2,0,3,1,1,2,2,0,0,0,1,0,0,0,super built up,low,new,satya the hermitage,gurgaon
0.78,115.66,2,2,2,1,83,10,0,0,0,1,0,0,0,2,1,0,1,2,0,0,0,0,0,0,0,super built up,low,new,vatika gurgaon 21,gurgaon
1.15,183.95,3,3,2,1,83,10,0,0,0,1,0,0,0,2,1,0,1,2,0,0,0,0,0,0,0,super built up,low,new,vatika gurgaon 21,gurgaon
2.2,199.65,3,4,3,1,102,15,0,0,0,2,0,1,0,2,1,1,1,1,0,1,0,0,0,1,0,super built up,high,new,conscient heritage max,gurgaon
1.55,185.81,3,3,3,1,54,47,6,0,0,0,1,1,13,0,0,0,4,0,1,0,2,1,0,0,4,super built up,low,old,shree arihant apartment,gurgaon
1.55,146.6,3,3,2,1,69,10,1,0,0,1,0,1,0,2,1,0,0,0,0,1,0,0,0,0,0,super built up,high,new,tulip violet,gurgaon
0.9,139.35,3,2,3,0,69,42,12,0,0,0,2,3,11,0,0,0,0,0,0,0,1,0,1,0,0,super built up,low,new,tulip white,gurgaon
0.9,194.07,3,3,3,1,1,10,5,0,0,0,0,0,0,0,0,0,0,0,2,0,0,0,0,0,2,carpet,mid,old,denso haryana housing society,manesar
0.85,199.74,3,3,3,1,1,26,1,0,0,0,1,0,0,1,0,0,1,0,0,0,1,0,0,0,2,super built up,mid,old,the nav manesar apartment,gurgaon
3.0,223.25,3,3,3,1,60,7,1,0,0,0,0,1,0,1,1,0,1,0,0,0,0,0,0,0,0,super built up,mid,new,ireo skyon,gurgaon
2.12,126.81,2,2,2,1,60,7,1,0,0,0,0,1,0,1,1,0,1,0,0,0,0,0,0,0,0,super built up,low,new,ireo skyon,gurgaon
1.05,169.27,3,3,3,0,77,10,1,0,0,1,0,1,0,2,1,0,0,1,0,0,0,0,0,0,0,super built up,mid,new,umang winter hills,gurgaon
1.65,223.71,3,4,3,1,85,13,1,0,0,1,0,1,0,2,1,0,0,1,0,1,0,0,0,1,0,super built up,high,new,ss the leaf,gurgaon
1.5,182.37,3,3,3,1,84,10,1,0,0,1,1,1,1,3,0,0,0,0,0,0,0,0,0,0,0,super built up,high,new,alpha corp gurgaonone 84,gurgaon
3.4,219.07,3,4,3,1,67,10,1,0,0,1,0,1,0,2,1,0,0,0,0,1,0,0,1,0,0,super built up,high,new,m3m merlin,gurgaon
3.5,219.07,3,4,3,1,67,10,1,0,0,1,0,1,0,2,1,0,0,0,0,1,0,0,1,0,0,super built up,high,new,m3m merlin,gurgaon
3.15,227.8,3,4,3,1,67,11,1,0,0,1,0,1,0,2,1,0,0,0,0,1,0,0,0,0,0,super built up,high,new,ireo victory valley,gurgaon
5.25,239.23,4,4,3,1,54,7,1,0,0,1,0,0,0,2,1,0,1,0,0,0,0,0,0,0,0,super built up,high,old,dlf the icon,gurgaon
2.78,190.17,3,3,3,1,67,10,1,0,0,1,0,1,0,2,1,0,0,0,0,1,0,0,1,0,0,super built up,mid,new,m3m merlin,gurgaon
0.72,179.77,3,3,3,1,92,5,0,0,0,0,0,0,0,0,0,0,0,1,0,0,0,0,0,0,0,super built up,high,new,ansal heights,gurgaon
1.55,185.81,3,3,3,1,56,46,5,0,0,0,1,2,14,0,0,0,3,0,1,0,2,1,0,0,4,super built up,mid,old,professors enclave cghs,gurgaon
1.5,130.06,3,3,3,1,43,48,4,0,0,0,1,1,9,1,0,0,2,0,1,0,0,1,0,0,4,super built up,mid,old,ansal maple heights,gurgaon
3.05,221.57,3,4,2,1,67,11,1,0,0,1,0,1,0,2,1,0,0,0,0,1,0,0,0,0,0,super built up,high,new,ireo victory valley,gurgaon
3.83,201.04,3,4,2,1,58,13,1,0,0,1,0,2,0,2,1,0,1,0,0,0,0,0,0,0,0,super built up,high,new,ireo the grand arch,gurgaon
2.25,189.34,3,3,2,1,74,7,1,0,0,2,0,1,0,2,1,0,0,1,0,0,0,0,0,0,0,super built up,high,new,m3m skywalk,gurgaon
1.4,181.16,4,4,3,1,83,10,0,0,0,1,0,0,0,2,1,0,1,2,0,0,0,0,0,0,0,carpet,high,new,vatika gurgaon 21,gurgaon
3.75,260.31,3,5,3,1,112,8,2,0,0,0,0,1,0,1,1,1,0,1,0,0,0,0,0,0,0,super built up,high,new,experion windchants,gurgaon
1.51,183.58,3,3,3,1,70,14,6,0,0,0,0,2,4,0,0,0,0,0,0,0,1,0,0,0,0,super built up,mid,new,capital residences 360,gurgaon
2.7,214.14,3,3,3,1,48,15,2,1,0,2,0,1,2,3,1,0,1,0,1,0,1,0,0,0,0,super built up,mid,new,bestech park view city,gurgaon
3.35,250.09,4,4,3,1,113,8,1,0,0,1,0,0,0,2,0,0,0,1,0,0,0,0,0,0,0,carpet,high,new,la vida by tata housing,gurgaon
1.5,146.6,3,3,2,1,69,10,1,0,0,1,0,1,0,2,1,0,0,0,0,1,0,0,0,0,0,super built up,high,new,tulip violet,gurgaon
2.2,247.12,3,4,3,1,81,9,0,0,0,1,0,0,0,1,0,0,0,1,0,0,0,0,0,0,0,super built up,high,new,bestech park view grand spa,gurgaon
2.55,211.17,4,4,3,0,82,7,1,0,0,0,0,0,0,0,1,0,0,0,0,0,0,0,0,0,0,super built up,high,new,dlf the primus,gurgaon
0.45,55.56,2,2,2,1,81,10,1,0,0,1,0,0,0,2,0,0,0,2,0,1,0,0,0,0,0,carpet,mid,new,signature global synera,gurgaon
1.18,161.19,3,3,2,0,83,10,0,0,0,1,0,0,0,2,1,0,1,2,0,0,0,0,0,0,0,super built up,high,new,vatika gurgaon 21,gurgaon
0.85,117.99,2,2,3,0,84,10,1,0,0,1,1,1,1,3,0,0,0,0,0,0,0,0,0,0,0,super built up,mid,new,alpha corp gurgaonone 84,gurgaon
1.49,182.37,3,3,3,1,84,10,1,0,0,1,1,1,1,3,0,0,0,0,0,0,0,0,0,0,0,super built up,mid,new,alpha corp gurgaonone 84,gurgaon
6.5,314.94,4,5,3,1,53,15,0,0,0,1,0,1,0,2,1,0,1,0,0,0,0,0,2,0,0,super built up,high,new,parsvnath exotica,gurgaon
1.18,210.52,4,4,3,1,92,8,4,0,0,0,0,0,0,0,0,0,0,0,4,0,0,0,0,0,0,carpet,high,new,sare homes,gurgaon
0.8,141.49,3,3,3,1,92,8,4,0,0,0,0,0,0,0,0,0,0,0,4,0,0,0,0,0,0,carpet,mid,new,sare homes,gurgaon
1.42,222.04,4,4,3,1,83,10,0,0,0,1,0,0,0,2,1,0,1,2,0,0,0,0,0,0,0,super built up,mid,new,vatika gurgaon 21,gurgaon
5.0,301.56,3,3,3,1,65,9,1,0,0,1,0,1,0,2,1,0,1,0,0,1,0,1,0,0,0,super built up,low,new,m3m golfestate,gurgaon
1.72,179.21,3,3,1,1,86,10,0,0,0,1,0,0,0,3,1,0,0,0,0,1,0,0,0,0,0,super built up,high,new,dlf the skycourt,gurgaon
1.95,130.06,3,3,3,1,65,10,1,0,0,1,0,2,0,2,1,0,0,0,0,1,0,0,0,0,0,carpet,low,new,emaar emerald hills,gurgaon
0.75,124.49,3,3,3,1,83,15,0,0,0,0,0,0,3,4,1,0,0,0,0,0,0,0,0,0,0,super built up,high,new,mapsko paradise,gurgaon
1.72,203.55,3,3,3,1,37,11,1,0,0,1,0,1,0,2,1,0,0,1,0,1,0,0,0,0,0,super built up,high,new,bptp terra,gurgaon
2.5,297.1,4,5,3,1,102,11,1,0,0,1,0,2,0,4,1,0,0,1,0,1,0,0,0,0,0,super built up,high,new,adani m2k oyster grande,gurgaon
1.7,188.13,3,4,3,1,102,10,1,0,0,1,0,0,0,2,1,1,0,1,0,1,0,0,0,1,0,super built up,high,new,emaar imperial gardens,gurgaon
1.14,124.12,2,2,2,1,50,7,1,0,0,0,0,1,0,1,1,0,1,0,0,0,0,0,0,0,0,super built up,high,old,unitech fresco,gurgaon
1.35,124.95,3,3,3,1,43,45,4,0,0,0,2,0,13,1,0,0,1,0,1,0,2,0,0,0,1,super built up,low,old,ansal maple crescent,gurgaon
0.27,41.62,2,2,1,0,99,8,1,0,0,2,0,0,0,1,1,0,0,1,0,0,0,0,0,0,0,carpet,high,new,prime habitat,gurgaon
1.4,218.88,4,4,3,1,86,15,2,0,0,0,0,0,4,5,1,0,0,0,0,0,0,0,0,0,0,super built up,high,new,dlf new town heights 2,gurgaon
1.25,179.3,3,4,3,1,86,15,2,0,0,0,0,0,4,5,1,0,0,0,0,0,0,0,0,0,0,super built up,low,new,dlf new town heights 2,gurgaon
1.18,161.74,2,2,3,1,85,13,1,0,0,1,0,1,0,2,1,0,0,1,0,1,0,0,0,1,0,super built up,high,new,ss the leaf,gurgaon
1.1,152.36,2,2,3,1,85,13,1,0,0,1,0,1,0,2,1,0,0,1,0,1,0,0,0,1,0,super built up,high,new,ss the leaf,gurgaon
1.21,180.51,3,3,3,0,107,6,0,0,0,0,0,0,0,2,1,0,0,0,0,0,0,0,0,0,0,super built up,mid,old,m3m woodshire,gurgaon
3.45,315.87,4,4,3,1,110,15,1,0,0,1,1,0,0,3,1,1,1,2,0,0,0,0,0,0,0,super built up,high,old,indiabulls enigma,gurgaon
1.95,172.06,3,3,3,0,102,13,1,0,0,1,1,0,0,2,1,0,0,1,0,1,0,0,1,0,0,super built up,high,new,shapoorji pallonji joyville gurugram,gurgaon
3.65,274.06,4,5,3,1,111,10,1,0,0,1,0,0,0,2,1,0,2,1,0,0,0,0,0,0,0,super built up,high,old,puri diplomatic greens,gurgaon
2.3,165.09,3,3,3,1,28,47,6,0,0,0,1,0,12,0,0,0,2,0,0,0,3,0,0,0,5,built up,mid,old,dlf regency park 2,gurgaon
3.4,204.39,3,4,3,1,66,14,1,0,0,0,0,2,0,2,1,0,1,0,0,0,0,0,1,0,0,super built up,high,new,emaar mgf the palm drive,gurgaon
1.14,162.67,3,3,3,0,33,7,1,0,0,0,0,0,0,2,0,0,0,1,0,0,0,0,0,0,0,super built up,mid,new,eldeco accolade,sohna
0.96,135.36,2,2,3,1,33,7,1,0,0,0,0,0,0,2,0,0,0,1,0,0,0,0,0,0,0,super built up,high,new,eldeco accolade,sohna
3.05,249.91,3,4,3,1,113,8,1,0,0,1,0,0,0,2,0,0,0,1,0,0,0,0,0,0,0,super built up,low,new,la vida by tata housing,gurgaon
2.35,205.97,3,4,3,1,113,8,1,0,0,1,0,0,0,2,0,0,0,1,0,0,0,0,0,0,0,super built up,low,new,la vida by tata housing,gurgaon
1.05,144.0,2,2,3,1,99,15,2,0,0,1,2,1,3,4,1,0,0,0,0,1,0,0,0,0,0,super built up,low,new,pareena coban residences,gurgaon
1.02,144.0,2,2,3,1,99,15,2,0,0,1,2,1,3,4,1,0,0,0,0,1,0,0,0,0,0,super built up,low,new,pareena coban residences,gurgaon
1.08,185.53,3,5,3,1,99,15,2,0,0,1,2,1,3,4,1,0,0,0,0,1,0,0,0,0,0,super built up,low,new,pareena coban residences,gurgaon
1.75,146.79,2,2,2,1,113,12,1,0,0,1,0,1,0,3,1,0,2,2,0,0,0,0,0,0,0,super built up,high,new,tata gurgaon gateway,gurgaon
2.45,206.71,3,3,3,0,113,12,1,0,0,1,0,1,0,3,1,0,2,2,0,0,0,0,0,0,0,super built up,high,new,tata gurgaon gateway,gurgaon
6.0,609.91,5,6,3,0,113,12,1,0,0,1,0,1,0,3,1,0,2,2,0,0,0,0,0,0,0,carpet,high,old,tata gurgaon gateway,gurgaon
1.68,162.12,3,3,3,0,109,15,0,0,0,0,1,0,3,3,1,0,0,0,1,0,1,0,1,1,0,super built up,high,new,ats kocoon,gurgaon
1.26,112.88,2,2,2,0,102,13,1,0,0,1,1,0,0,2,1,0,0,1,0,1,0,0,1,0,0,super built up,high,new,shapoorji pallonji joyville gurugram,gurgaon
1.82,180.42,3,4,3,1,102,15,0,0,0,2,0,1,0,2,1,1,1,1,0,1,0,0,0,1,0,super built up,high,new,conscient heritage max,gurgaon
2.58,204.39,3,4,2,1,111,10,1,0,0,1,0,0,0,2,1,0,2,1,0,0,0,0,0,0,0,super built up,high,new,puri diplomatic greens,gurgaon
1.75,146.14,2,2,3,1,113,8,1,0,0,1,0,0,0,2,0,0,0,1,0,0,0,0,0,0,0,super built up,high,new,la vida by tata housing,gurgaon
2.6,158.96,3,3,2,0,108,13,1,0,0,0,0,1,0,2,1,0,0,1,0,0,0,0,0,1,0,super built up,high,new,sobha city,gurgaon
2.9,186.08,3,4,2,0,108,13,1,0,0,0,0,1,0,2,1,0,0,1,0,0,0,0,0,1,0,super built up,high,new,sobha city,gurgaon
1.4,219.34,3,4,3,1,107,6,0,0,0,0,0,0,0,2,1,0,0,0,0,0,0,0,0,0,0,super built up,mid,new,m3m woodshire,gurgaon
2.95,292.64,4,5,3,1,109,11,1,0,0,1,0,0,0,2,1,0,2,1,0,0,0,0,0,1,0,super built up,high,new,ats tourmaline,gurgaon
2.25,240.15,3,4,3,1,109,11,1,0,0,1,0,0,0,2,1,0,2,1,0,0,0,0,0,1,0,super built up,high,new,ats tourmaline,gurgaon
1.4,162.58,3,3,3,0,109,11,1,0,0,1,0,0,0,2,1,0,2,1,0,0,0,0,0,1,0,super built up,high,new,ats tourmaline,gurgaon
1.26,174.66,3,2,3,0,109,11,6,0,0,0,0,0,0,0,0,3,0,0,0,0,0,0,0,0,0,super built up,high,new,sbtl caladium,gurgaon
1.7,183.02,4,4,1,0,69,10,1,0,0,1,0,1,0,2,1,0,0,0,0,1,0,0,0,0,0,super built up,high,new,tulip violet,gurgaon
1.43,146.6,3,3,2,1,69,10,1,0,0,1,0,1,0,2,1,0,0,0,0,1,0,0,0,0,0,super built up,low,new,tulip violet,gurgaon
1.3,145.67,3,3,1,1,69,10,1,0,0,1,0,1,0,2,1,0,0,0,0,1,0,0,0,0,0,super built up,high,new,tulip violet,gurgaon
1.32,145.67,3,3,1,1,69,10,1,0,0,1,0,1,0,2,1,0,0,0,0,1,0,0,0,0,0,super built up,high,new,tulip violet,gurgaon
2.0,186.74,4,4,2,0,69,10,1,0,0,1,0,1,0,2,1,0,0,0,0,1,0,0,0,0,0,super built up,high,new,tulip violet,gurgaon
1.43,149.39,3,3,2,1,69,10,1,0,0,1,0,1,0,2,1,0,0,0,0,1,0,0,0,0,0,super built up,low,new,tulip violet,gurgaon
3.46,266.82,4,4,3,1,81,9,1,0,0,0,0,0,0,2,1,0,1,0,0,0,0,0,0,0,0,super built up,high,new,dlf the ultima,gurgaon
2.25,198.07,3,3,3,1,81,9,1,0,0,0,0,0,0,2,1,0,1,0,0,0,0,0,0,0,0,super built up,mid,new,dlf the ultima,gurgaon
1.7,162.12,3,3,3,0,109,15,0,0,0,0,1,0,3,3,1,0,0,0,1,0,1,0,1,1,0,super built up,high,old,ats kocoon,gurgaon
1.8,236.44,3,3,3,0,109,11,6,0,0,0,0,0,0,0,0,3,0,0,0,0,0,0,0,0,0,super built up,high,new,sbtl caladium,gurgaon
1.35,174.66,3,2,3,0,109,11,6,0,0,0,0,0,0,0,0,3,0,0,0,0,0,0,0,0,0,super built up,high,new,sbtl caladium,gurgaon
5.4,276.76,3,4,3,1,65,9,1,0,0,1,0,1,0,2,1,0,1,0,0,1,0,1,0,0,0,super built up,high,old,m3m golfestate,gurgaon
1.55,195.1,3,3,3,1,54,43,5,0,0,0,1,0,12,0,0,0,2,0,1,0,3,1,0,0,3,super built up,low,old,shree arihant apartment,gurgaon
1.6,156.26,2,2,2,0,74,7,1,0,0,2,0,1,0,2,1,0,0,1,0,0,0,0,0,0,0,super built up,high,new,m3m skywalk,gurgaon
2.09,222.97,4,4,3,1,56,46,5,0,0,0,1,2,14,0,0,0,3,0,1,0,2,1,0,0,4,super built up,mid,new,the lions cghs,gurgaon
1.75,204.39,3,3,3,1,54,43,5,0,0,0,1,2,14,4,0,0,3,0,1,0,2,1,0,0,4,super built up,mid,old,sunischit apartments,gurgaon
1.38,159.79,3,3,3,1,83,10,0,0,0,1,0,0,0,0,0,0,0,0,0,0,0,0,0,0,0,super built up,mid,new,emaar palm gardens,gurgaon
2.25,153.29,3,3,3,1,65,6,1,0,0,0,0,0,0,0,1,0,0,0,0,1,0,0,0,0,0,super built up,low,new,emaar mgf emerald floors premier,gurgaon
2.4,195.38,3,4,3,1,81,9,1,0,0,0,0,0,0,2,1,0,1,0,0,0,0,0,0,0,0,super built up,high,new,dlf the ultima,gurgaon
1.72,176.52,3,3,3,1,83,10,0,0,0,1,0,0,0,0,0,0,0,0,0,0,0,0,0,0,0,super built up,mid,new,emaar palm gardens,gurgaon
0.88,172.24,3,4,3,1,78,7,1,0,0,0,0,0,1,0,0,0,1,0,0,0,0,0,0,0,0,super built up,high,old,umang monsoon breeze,gurgaon
3.15,348.39,5,7,3,1,83,10,0,0,0,1,0,0,0,0,0,0,0,0,0,0,0,0,0,0,0,super built up,high,new,emaar palm gardens,gurgaon
1.72,168.25,3,3,3,1,37,11,1,0,0,1,0,1,0,2,1,0,0,1,0,1,0,0,0,0,0,super built up,high,new,bptp terra,gurgaon
1.47,131.46,2,2,3,0,74,7,1,0,0,2,0,1,0,2,1,0,0,1,0,0,0,0,0,0,0,super built up,high,new,m3m skywalk,gurgaon
1.1,167.41,3,4,3,1,71,15,2,1,0,0,0,2,1,0,1,0,0,0,0,1,0,2,0,0,0,super built up,low,old,chd avenue 71,gurgaon
1.32,203.74,4,4,3,1,71,15,2,1,0,0,0,2,1,0,1,0,0,0,0,1,0,2,0,0,0,super built up,high,old,chd avenue 71,gurgaon
1.3,218.32,4,4,3,1,71,15,2,1,0,0,0,2,1,0,1,0,0,0,0,1,0,2,0,0,0,super built up,mid,old,chd avenue 71,gurgaon
1.35,218.32,4,4,3,1,71,15,2,1,0,0,0,2,1,0,1,0,0,0,0,1,0,2,0,0,0,super built up,high,old,chd avenue 71,gurgaon
3.0,256.78,4,4,3,1,66,15,2,0,0,0,2,0,2,8,0,0,0,0,0,0,0,0,0,0,0,super built up,low,new,bptp mansions park prime,gurgaon
1.6,179.21,3,3,3,1,86,10,0,0,0,1,0,0,0,3,1,0,0,0,0,1,0,0,0,0,0,super built up,high,new,dlf the skycourt,gurgaon
3.0,221.39,4,4,3,1,49,15,1,0,0,1,0,1,0,2,1,0,1,1,0,1,0,0,1,0,0,super built up,mid,old,bestech park view city 2,gurgaon
0.9,240.43,3,3,3,1,1,10,4,0,0,0,0,0,0,0,0,0,0,0,3,0,0,0,0,0,2,super built up,high,old,hsiidc sidco aravali,manesar
1.75,204.39,3,4,3,1,54,47,6,0,0,0,1,1,13,0,0,0,4,0,1,0,2,1,0,0,4,super built up,mid,old,sunischit apartments,gurgaon
2.0,172.06,3,3,3,0,102,13,1,0,0,1,1,0,0,2,1,0,0,1,0,1,0,0,1,0,0,super built up,high,new,shapoorji pallonji joyville gurugram,gurgaon
1.8,157.19,3,3,3,0,102,13,1,0,0,1,1,0,0,2,1,0,0,1,0,1,0,0,1,0,0,super built up,mid,new,shapoorji pallonji joyville gurugram,gurgaon
1.6,162.12,3,3,3,0,109,15,0,0,0,0,1,0,3,3,1,0,0,0,1,0,1,0,1,1,0,super built up,high,new,ats kocoon,gurgaon
1.4,150.04,3,3,3,0,110,6,1,0,0,1,0,1,0,2,1,0,0,1,0,0,0,0,0,0,0,super built up,high,new,mahindra aura,gurgaon
1.8,189.71,3,3,3,1,110,6,1,0,0,1,0,1,0,2,1,0,0,1,0,0,0,0,0,0,0,super built up,mid,new,mahindra aura,gurgaon
2.7,218.32,4,4,3,1,67,11,0,0,0,1,0,0,0,1,0,0,0,0,0,0,0,0,0,0,0,super built up,high,old,bestech park view spa next,gurgaon
1.55,179.3,3,3,3,0,86,10,0,0,0,1,0,0,0,3,1,0,0,0,0,1,0,0,0,0,0,super built up,mid,new,dlf the skycourt,gurgaon
1.15,166.3,3,4,2,1,82,10,0,0,0,1,0,0,0,1,0,0,0,0,0,0,0,0,0,0,0,super built up,high,new,mapsko royale ville,gurgaon
1.49,153.29,3,3,3,0,102,10,1,0,0,1,0,1,0,2,1,0,0,1,0,0,0,0,0,0,0,super built up,high,new,emaar gurgaon greens,gurgaon
1.91,185.81,3,4,2,1,102,10,1,0,0,1,0,0,0,2,1,1,0,1,0,1,0,0,0,1,0,super built up,high,new,emaar imperial gardens,gurgaon
1.05,161.65,3,3,3,1,83,15,4,0,0,0,0,0,0,3,0,0,0,0,2,0,0,0,0,0,0,super built up,high,old,vatika city homes,gurgaon
2.14,267.1,4,6,3,1,103,15,1,0,0,1,1,1,0,3,1,1,1,2,0,1,0,0,0,0,0,super built up,mid,new,indiabulls centrum park,gurgaon
1.02,131.46,2,2,3,0,2,10,1,0,0,1,1,0,0,2,1,1,1,0,0,0,0,0,0,0,0,super built up,high,old,bestech park view residency,gurgaon
0.56,60.39,1,1,2,0,2,10,1,0,0,1,1,0,0,2,1,1,1,0,0,0,0,0,0,0,0,carpet,mid,old,bestech park view residency,gurgaon
2.5,144.0,2,3,2,1,60,7,1,0,0,0,0,1,0,1,1,0,1,0,0,0,0,0,0,0,0,super built up,mid,new,ireo skyon,gurgaon
2.0,157.94,3,3,3,0,61,14,1,0,0,0,0,1,0,2,1,0,1,0,0,1,0,0,3,0,0,super built up,high,old,pioneer park,gurgaon
2.2,159.51,3,4,3,1,63,6,0,0,0,0,0,0,0,0,1,0,1,0,0,0,0,1,0,0,0,super built up,high,old,dhoot time residency,gurgaon
1.65,186.08,3,4,3,1,108,9,1,0,0,1,0,1,0,1,1,0,0,1,0,0,0,0,0,0,0,super built up,low,old,experion the heartsong,gurgaon
1.6,145.39,2,2,2,0,70,11,1,0,0,1,0,1,0,2,1,0,0,0,0,0,0,0,0,0,0,super built up,high,old,aipl the peaceful homes,gurgaon
0.85,120.77,2,2,2,0,82,10,1,0,0,1,0,1,0,2,1,0,0,0,0,0,0,0,0,1,0,super built up,high,new,vatika the seven lamps,gurgaon
1.4,153.29,3,3,3,1,102,10,1,0,0,1,0,1,0,2,1,0,0,1,0,0,0,0,0,0,0,super built up,low,new,emaar gurgaon greens,gurgaon
2.09,132.85,3,3,2,0,54,14,3,0,0,1,0,0,3,1,1,0,0,0,0,0,0,0,0,0,0,super built up,high,old,dlf wellington estate,gurgaon
2.51,191.47,3,3,3,1,49,13,3,0,0,1,0,0,1,2,0,0,0,0,0,1,1,0,0,0,0,super built up,mid,old,orchid petals,gurgaon
1.69,204.39,3,3,3,1,54,47,6,0,0,0,1,1,13,0,0,0,4,0,1,0,2,1,0,0,4,super built up,mid,old,sunischit apartments,gurgaon
0.98,131.46,2,2,3,0,2,10,1,0,0,1,1,0,0,2,1,1,1,0,0,0,0,0,0,0,0,super built up,high,old,bestech park view residency,gurgaon
2.0,258.18,4,4,3,1,108,9,1,0,0,1,0,1,0,1,1,0,0,1,0,0,0,0,0,0,0,super built up,high,new,experion the heartsong,gurgaon
1.95,167.69,3,3,3,0,49,13,3,0,0,1,0,0,1,2,0,0,0,0,0,1,1,0,0,0,0,super built up,low,old,orchid petals,gurgaon
2.1,126.53,3,3,1,1,54,15,1,1,0,2,0,1,3,0,0,0,0,0,0,0,1,0,1,0,0,super built up,low,old,dlf carlton estate,gurgaon
1.55,185.81,3,3,3,1,56,44,6,0,0,0,1,2,14,5,0,0,2,0,1,0,2,0,0,0,4,super built up,mid,old,kiran residency,gurgaon
1.98,202.71,3,4,3,1,49,14,5,0,0,0,0,1,5,0,0,0,0,0,0,0,0,0,0,0,0,super built up,high,old,vatika city,gurgaon
2.05,222.97,4,4,3,0,56,46,5,0,0,0,1,2,14,0,0,0,3,0,1,0,2,1,0,0,4,carpet,high,old,the lions cghs,gurgaon
1.4,213.68,3,3,3,0,52,43,5,0,0,0,0,0,10,0,0,0,0,0,2,0,3,0,0,0,4,carpet,high,new,pgr shree kripaluji apartment,gurgaon
1.4,162.58,3,3,3,1,109,11,1,0,0,1,0,0,0,2,1,0,2,1,0,0,0,0,0,1,0,super built up,high,new,ats tourmaline,gurgaon
2.36,267.1,4,6,3,1,103,15,1,0,0,1,1,1,0,3,1,1,1,2,0,1,0,0,0,0,0,super built up,high,new,indiabulls centrum park,gurgaon
1.65,162.12,3,3,3,1,109,15,0,0,0,0,1,0,3,3,1,0,0,0,1,0,1,0,1,1,0,super built up,high,new,ats kocoon,gurgaon
2.65,205.78,3,4,2,1,111,10,1,0,0,1,0,0,0,2,1,0,2,1,0,0,0,0,0,0,0,super built up,mid,new,puri diplomatic greens,gurgaon
2.63,292.64,4,4,3,1,104,13,1,0,0,1,0,2,0,3,1,0,1,1,0,1,0,1,0,0,0,super built up,high,new,ats triumph,gurgaon
2.25,227.61,3,4,3,1,104,13,1,0,0,1,0,3,0,3,1,1,1,1,0,1,0,0,0,0,0,super built up,mid,new,puri emerald bay,gurgaon
2.55,292.64,4,4,3,1,104,13,1,0,0,1,0,2,0,3,1,0,1,1,0,1,0,1,0,0,0,super built up,high,new,ats triumph,gurgaon
1.15,137.59,2,2,3,1,103,15,1,0,0,1,1,1,0,3,1,1,1,2,0,1,0,0,0,0,0,super built up,high,new,indiabulls centrum park,gurgaon
1.45,185.81,3,3,3,1,56,46,5,0,0,0,1,2,13,0,0,0,3,0,1,0,2,1,0,0,4,super built up,mid,old,sagar apartment,gurgaon
2.6,292.64,4,4,3,1,104,13,1,0,0,1,0,2,0,3,1,0,1,1,0,1,0,1,0,0,0,super built up,high,new,ats triumph,gurgaon
1.55,153.29,3,4,3,1,102,10,1,0,0,1,0,1,0,2,1,0,0,1,0,0,0,0,0,0,0,super built up,mid,new,emaar gurgaon greens,gurgaon
1.2,131.92,2,2,3,0,70,15,1,0,0,1,0,2,0,2,1,0,0,0,0,1,0,0,1,0,0,super built up,mid,old,paras irene,gurgaon
1.55,181.16,3,3,3,1,70,15,2,0,0,1,0,2,3,0,0,0,0,0,1,0,0,0,0,0,0,super built up,mid,new,shree vardhman victoria,gurgaon
1.65,181.16,3,4,3,1,70,15,2,0,0,1,0,2,3,0,0,0,0,0,1,0,0,0,0,0,0,super built up,mid,new,shree vardhman victoria,gurgaon
1.05,152.36,2,2,3,1,85,13,1,0,0,1,0,1,0,2,1,0,0,1,0,1,0,0,0,1,0,super built up,mid,new,ss the leaf,gurgaon
1.29,158.12,3,3,3,1,90,14,0,0,0,0,2,0,0,0,0,0,0,0,0,0,0,0,0,0,0,super built up,mid,new,dlf regal gardens,gurgaon
0.56,65.03,2,2,2,1,67,11,0,0,0,2,0,1,0,4,0,0,0,0,1,0,0,0,0,0,0,carpet,high,new,pyramid urban,gurgaon
1.26,162.02,3,3,2,1,90,14,0,0,0,0,2,0,0,0,0,0,0,0,0,0,0,0,0,0,0,super built up,high,new,dlf regal gardens,gurgaon
1.91,366.97,4,6,3,1,85,13,1,0,0,1,0,1,0,2,1,0,0,1,0,1,0,0,0,1,0,super built up,mid,new,ss the leaf,gurgaon
2.2,366.97,4,6,3,1,85,13,1,0,0,1,0,1,0,2,1,0,0,1,0,1,0,0,0,1,0,super built up,high,new,ss the leaf,gurgaon
1.98,223.71,3,4,3,1,85,13,1,0,0,1,0,1,0,2,1,0,0,1,0,1,0,0,0,1,0,super built up,high,new,ss the leaf,gurgaon
1.11,152.36,2,2,3,1,85,13,1,0,0,1,0,1,0,2,1,0,0,1,0,1,0,0,0,1,0,super built up,high,new,ss the leaf,gurgaon
2.25,194.35,3,4,3,1,81,9,1,0,0,0,0,0,0,2,1,0,1,0,0,0,0,0,0,0,0,super built up,high,new,dlf the ultima,gurgaon
1.05,162.58,3,3,3,1,84,13,1,0,0,1,0,1,0,2,1,0,0,1,0,0,0,0,0,1,0,super built up,mid,new,ss the coralwood,gurgaon
2.6,211.17,4,4,3,1,82,7,1,0,0,0,0,0,0,0,1,0,0,0,0,0,0,0,0,0,0,super built up,low,new,dlf the primus,gurgaon
1.04,152.36,2,2,3,1,85,13,1,0,0,1,0,1,0,2,1,0,0,1,0,1,0,0,0,1,0,super built up,high,new,ss the leaf,gurgaon
1.25,162.02,3,3,2,1,90,14,0,0,0,0,2,0,0,0,0,0,0,0,0,0,0,0,0,0,0,super built up,high,new,dlf regal gardens,gurgaon
3.4,260.31,3,3,2,0,112,8,2,0,0,0,0,1,0,1,1,1,0,1,0,0,0,0,0,0,0,super built up,high,new,experion windchants,gurgaon
1.25,158.21,3,3,3,1,90,14,0,0,0,0,2,0,0,0,0,0,0,0,0,0,0,0,0,0,0,super built up,high,old,dlf regal gardens,gurgaon
0.41,46.54,2,2,1,1,86,9,0,0,0,1,0,0,0,1,0,0,0,0,0,0,0,0,0,0,0,carpet,mid,new,pyramid urban homes 2,gurgaon
0.75,115.66,2,2,2,1,83,10,0,0,0,1,0,0,0,2,1,0,1,2,0,0,0,0,0,0,0,super built up,high,new,vatika gurgaon 21,gurgaon
1.7,205.78,4,4,3,1,90,14,0,0,0,0,2,0,0,0,0,0,0,0,0,0,0,0,0,0,0,super built up,high,old,dlf regal gardens,gurgaon
0.87,121.7,2,2,2,1,91,10,1,0,0,0,0,0,0,3,1,0,0,1,0,1,0,0,0,0,0,super built up,high,new,tarc maceo,gurgaon
1.25,158.12,3,3,3,1,90,14,0,0,0,0,2,0,0,0,0,0,0,0,0,0,0,0,0,0,0,super built up,high,old,dlf regal gardens,gurgaon
2.35,194.35,3,4,3,1,81,9,1,0,0,0,0,0,0,2,1,0,1,0,0,0,0,0,0,0,0,super built up,high,new,dlf the ultima,gurgaon
1.73,212.75,3,4,3,1,104,13,1,0,0,1,0,2,0,3,1,0,1,1,0,1,0,1,0,0,0,super built up,high,new,ats triumph,gurgaon
0.97,128.67,2,2,3,1,106,11,1,0,0,1,0,1,0,2,1,0,1,1,0,1,0,0,0,0,0,super built up,mid,new,paras dews,gurgaon
1.35,218.79,4,4,3,1,106,11,1,0,0,1,0,1,0,2,1,0,1,1,0,1,0,0,0,0,0,super built up,high,new,paras dews,gurgaon
1.32,185.53,3,5,3,1,99,15,2,0,0,1,2,1,3,4,1,0,0,0,0,1,0,0,0,0,0,super built up,high,new,pareena coban residences,gurgaon
0.71,118.45,2,2,3,0,33,7,1,0,0,0,0,0,0,2,0,0,0,1,0,0,0,0,0,0,0,super built up,high,new,eldeco accolade,sohna
0.78,135.36,2,2,2,1,33,7,1,0,0,0,0,0,0,2,0,0,0,1,0,0,0,0,0,0,0,super built up,mid,new,eldeco accolade,sohna
5.5,301.28,3,4,3,1,65,9,1,0,0,1,0,1,0,2,1,0,1,0,0,1,0,1,0,0,0,super built up,low,new,m3m golfestate,gurgaon
2.3,198.07,3,4,3,1,81,9,1,0,0,0,0,0,0,2,1,0,1,0,0,0,0,0,0,0,0,super built up,high,new,dlf the ultima,gurgaon
0.43,126.72,2,2,2,0,95,4,3,0,0,0,0,0,0,0,0,0,0,0,1,0,0,0,0,0,0,super built up,mid,new,sidhartha ncr one phase 1,gurgaon
0.98,142.51,2,2,3,1,107,6,0,0,0,0,0,0,0,2,1,0,0,0,0,0,0,0,0,0,0,super built up,mid,new,m3m woodshire,gurgaon
0.8,126.91,2,2,3,1,107,6,0,0,0,0,0,0,0,2,1,0,0,0,0,0,0,0,0,0,0,super built up,mid,new,m3m woodshire,gurgaon
2.65,292.64,4,4,3,1,104,13,1,0,0,1,0,2,0,3,1,0,1,1,0,1,0,1,0,0,0,super built up,high,new,ats triumph,gurgaon
2.35,153.29,3,3,2,1,54,15,1,1,0,1,1,0,2,3,1,0,1,0,1,1,0,1,0,0,0,super built up,low,old,dlf exclusive floors,gurgaon
1.29,180.51,3,3,3,1,107,6,0,0,0,0,0,0,0,2,1,0,0,0,0,0,0,0,0,0,0,super built up,low,new,m3m woodshire,gurgaon
1.83,212.75,3,4,3,1,104,13,1,0,0,1,0,2,0,3,1,0,1,1,0,1,0,1,0,0,0,super built up,high,new,ats triumph,gurgaon
1.39,219.34,3,4,3,1,107,6,0,0,0,0,0,0,0,2,1,0,0,0,0,0,0,0,0,0,0,super built up,mid,new,m3m woodshire,gurgaon
1.12,161.19,3,3,2,1,83,10,0,0,0,1,0,0,0,2,1,0,1,2,0,0,0,0,0,0,0,super built up,mid,new,vatika gurgaon 21,gurgaon
1.5,215.54,3,4,3,1,91,10,1,0,0,0,0,0,0,3,1,0,0,1,0,1,0,0,0,0,0,super built up,low,new,tarc maceo,gurgaon
1.9,253.07,4,4,3,1,91,10,1,0,0,0,0,0,0,3,1,0,0,1,0,1,0,0,0,0,0,super built up,high,new,tarc maceo,gurgaon
2.35,194.45,3,3,3,1,50,9,1,0,0,0,0,1,0,2,1,1,1,0,0,0,0,0,0,0,0,super built up,high,old,the close north,gurgaon
0.6,68.28,1,1,1,0,2,24,1,0,0,0,1,0,0,1,0,0,1,0,0,0,1,0,0,0,0,super built up,mid,old,ansal api celebrity suites,gurgaon
2.0,127.28,3,3,1,0,28,3,0,0,0,1,0,1,0,0,0,0,1,0,0,0,0,0,0,0,0,super built up,high,old,dlf ridgewood estate,gurgaon
1.57,132.29,2,2,3,1,74,7,1,0,0,2,0,1,0,2,1,0,0,1,0,0,0,0,0,0,0,super built up,high,new,m3m skywalk,gurgaon
1.44,184.88,3,3,3,1,37,13,0,0,0,1,0,1,0,3,1,1,0,1,0,1,0,0,0,0,0,carpet,high,new,corona optus,gurgaon
1.26,161.19,3,3,3,0,37,13,0,0,0,1,0,1,0,3,1,1,0,1,0,1,0,0,0,0,0,super built up,mid,new,corona optus,gurgaon
1.05,114.27,2,2,2,0,68,10,1,0,0,1,0,1,0,2,1,0,0,0,0,1,0,0,1,0,0,super built up,high,new,m3m sierra 68,gurgaon
6.44,314.94,4,4,3,1,53,15,0,0,0,1,0,1,0,2,1,0,1,0,0,0,0,0,2,0,0,super built up,mid,old,parsvnath exotica,gurgaon
7.56,390.19,4,4,3,1,62,11,1,0,0,1,0,1,0,2,1,0,0,0,0,1,0,0,1,0,0,built up,high,new,pioneer araya,gurgaon
3.8,227.61,3,3,3,1,54,15,0,0,0,1,0,2,2,2,0,1,0,1,1,0,0,1,1,0,0,built up,low,old,dlf trinity towers,gurgaon
6.75,251.21,4,4,2,1,54,15,4,0,0,0,2,0,1,5,0,0,1,0,0,0,0,1,0,0,0,super built up,high,old,dlf park place,gurgaon
0.65,120.77,2,2,3,1,90,10,1,0,0,1,0,1,0,3,1,0,0,1,0,1,0,0,0,0,0,super built up,high,new,shree vardhman flora,gurgaon
1.75,199.74,3,4,3,1,109,11,1,0,0,1,0,0,0,2,1,0,2,1,0,0,0,0,0,1,0,super built up,mid,new,ats tourmaline,gurgaon
1.54,185.81,3,4,3,1,56,45,6,0,0,0,1,2,14,5,0,0,3,0,1,0,2,1,0,0,4,super built up,mid,old,kiran residency,gurgaon
1.4,153.29,3,3,3,1,102,10,1,0,0,1,0,1,0,2,1,0,0,1,0,0,0,0,0,0,0,super built up,mid,new,emaar gurgaon greens,gurgaon
0.97,85.01,2,2,2,0,102,13,1,0,0,1,1,0,0,2,1,0,0,1,0,1,0,0,1,0,0,super built up,high,new,shapoorji pallonji joyville gurugram,gurgaon
1.35,126.26,2,2,2,0,102,13,1,0,0,1,1,0,0,2,1,0,0,1,0,1,0,0,1,0,0,super built up,high,new,shapoorji pallonji joyville gurugram,gurgaon
1.75,180.42,3,4,3,1,102,15,0,0,0,2,0,1,0,2,1,1,1,1,0,1,0,0,0,1,0,super built up,high,new,conscient heritage max,gurgaon
2.2,267.1,4,6,3,1,103,15,1,0,0,1,1,1,0,3,1,1,1,2,0,1,0,0,0,0,0,super built up,mid,new,indiabulls centrum park,gurgaon
2.45,162.12,3,3,3,0,108,13,1,0,0,0,0,1,0,2,1,0,0,1,0,0,0,0,0,1,0,super built up,high,new,sobha city,gurgaon
1.5,218.79,4,6,3,1,106,11,1,0,0,1,0,1,0,2,1,0,1,1,0,1,0,0,0,0,0,super built up,high,new,paras dews,gurgaon
2.4,205.97,3,4,3,1,113,8,1,0,0,1,0,0,0,2,0,0,0,1,0,0,0,0,0,0,0,super built up,mid,new,la vida by tata housing,gurgaon
2.45,205.97,3,3,3,1,113,8,1,0,0,1,0,0,0,2,0,0,0,1,0,0,0,0,0,0,0,super built up,low,new,la vida by tata housing,gurgaon
3.0,250.0,3,3,3,1,113,8,1,0,0,1,0,0,0,2,0,0,0,1,0,0,0,0,0,0,0,super built up,low,new,la vida by tata housing,gurgaon
1.65,146.69,3,2,2,0,113,8,1,0,0,1,0,0,0,2,0,0,0,1,0,0,0,0,0,0,0,super built up,low,new,la vida by tata housing,gurgaon
0.88,128.67,2,2,3,0,106,11,1,0,0,1,0,1,0,2,1,0,1,1,0,1,0,0,0,0,0,super built up,low,new,paras dews,gurgaon
0.88,128.67,2,2,3,0,106,11,1,0,0,1,0,1,0,2,1,0,1,1,0,1,0,0,0,0,0,super built up,low,new,paras dews,gurgaon
1.28,163.51,3,4,3,1,106,11,1,0,0,1,0,1,0,2,1,0,1,1,0,1,0,0,0,0,0,super built up,high,new,paras dews,gurgaon
1.34,218.79,4,5,3,1,106,11,1,0,0,1,0,1,0,2,1,0,1,1,0,1,0,0,0,0,0,super built up,mid,new,paras dews,gurgaon
1.32,218.79,4,5,3,1,106,11,1,0,0,1,0,1,0,2,1,0,1,1,0,1,0,0,0,0,0,super built up,high,new,paras dews,gurgaon
1.13,163.51,3,4,3,1,106,11,1,0,0,1,0,1,0,2,1,0,1,1,0,1,0,0,0,0,0,super built up,high,new,paras dews,gurgaon
1.38,218.51,4,5,3,1,99,15,2,0,0,1,2,1,3,4,1,0,0,0,0,1,0,0,0,0,0,super built up,low,new,pareena coban residences,gurgaon
1.16,185.53,3,3,3,1,99,15,2,0,0,1,2,1,3,4,1,0,0,0,0,1,0,0,0,0,0,super built up,low,new,pareena coban residences,gurgaon
2.33,205.97,3,3,3,1,113,8,1,0,0,1,0,0,0,2,0,0,0,1,0,0,0,0,0,0,0,super built up,low,new,la vida by tata housing,gurgaon
3.05,249.91,3,4,3,1,113,8,1,0,0,1,0,0,0,2,0,0,0,1,0,0,0,0,0,0,0,super built up,high,new,la vida by tata housing,gurgaon
1.25,169.78,3,2,1,1,83,10,1,0,0,1,0,2,0,2,1,0,0,0,0,0,0,0,0,0,0,super built up,mid,new,vatika lifestyle homes,gurgaon
1.25,150.5,3,3,2,1,79,9,0,0,0,1,0,0,0,2,1,0,1,1,0,0,0,0,0,0,0,super built up,low,new,mapsko mount ville,gurgaon
1.05,163.04,3,3,2,1,83,10,1,0,0,1,0,2,0,2,1,0,0,0,0,0,0,0,0,0,0,super built up,high,new,vatika lifestyle homes,gurgaon
1.25,138.43,3,3,3,1,79,9,0,0,0,1,0,0,0,2,1,0,1,1,0,0,0,0,0,0,0,super built up,high,new,mapsko mount ville,gurgaon
1.1,138.43,3,3,3,1,79,9,0,0,0,1,0,0,0,2,1,0,1,1,0,0,0,0,0,0,0,super built up,high,new,mapsko mount ville,gurgaon
1.3,159.79,3,3,3,1,83,10,0,0,0,1,0,0,0,0,0,0,0,0,0,0,0,0,0,0,0,super built up,high,new,emaar palm gardens,gurgaon
2.28,319.03,4,4,3,1,84,10,1,0,0,1,1,1,1,3,0,0,0,0,0,0,0,0,0,0,0,super built up,high,new,alpha corp gurgaonone 84,gurgaon
1.2,155.24,2,2,2,1,85,13,1,0,0,1,0,1,0,2,1,0,0,1,0,1,0,0,0,1,0,super built up,mid,new,ss the leaf,gurgaon
1.22,164.62,2,2,3,1,85,13,1,0,0,1,0,1,0,2,1,0,0,1,0,1,0,0,0,1,0,super built up,high,new,ss the leaf,gurgaon
1.1,152.36,2,2,3,1,85,13,1,0,0,1,0,1,0,2,1,0,0,1,0,1,0,0,0,1,0,super built up,high,new,ss the leaf,gurgaon
1.15,161.74,2,2,3,1,85,13,1,0,0,1,0,1,0,2,1,0,0,1,0,1,0,0,0,1,0,super built up,high,new,ss the leaf,gurgaon
1.2,140.28,3,3,3,1,79,9,0,0,0,1,0,0,0,2,1,0,1,1,0,0,0,0,0,0,0,super built up,high,new,mapsko mount ville,gurgaon
1.4,159.79,3,3,3,1,83,10,0,0,0,1,0,0,0,0,0,0,0,0,0,0,0,0,0,0,0,super built up,low,new,emaar palm gardens,gurgaon
1.1,163.04,3,3,2,1,83,10,1,0,0,1,0,2,0,2,1,0,0,0,0,0,0,0,0,0,0,super built up,high,new,vatika lifestyle homes,gurgaon
1.0,161.65,3,3,2,1,83,15,4,0,0,0,0,0,0,3,0,0,0,0,2,0,0,0,0,0,0,super built up,low,new,vatika city homes,gurgaon
1.52,178.65,3,4,3,1,84,10,1,0,0,1,1,1,1,3,0,0,0,0,0,0,0,0,0,0,0,super built up,high,new,alpha corp gurgaonone 84,gurgaon
1.8,176.52,3,4,3,1,83,10,0,0,0,1,0,0,0,0,0,0,0,0,0,0,0,0,0,0,0,super built up,mid,new,emaar palm gardens,gurgaon
1.6,171.87,3,3,3,1,83,10,0,0,0,1,0,0,0,0,0,0,0,0,0,0,0,0,0,0,0,super built up,mid,new,emaar palm gardens,gurgaon
1.55,168.62,3,4,3,1,79,9,0,0,0,1,0,0,0,2,1,0,1,1,0,0,0,0,0,0,0,super built up,high,new,mapsko mount ville,gurgaon
1.3,150.5,3,3,2,1,79,9,0,0,0,1,0,0,0,2,1,0,1,1,0,0,0,0,0,0,0,super built up,mid,new,mapsko mount ville,gurgaon
2.25,247.12,3,4,3,1,81,9,0,0,0,1,0,0,0,1,0,0,0,1,0,0,0,0,0,0,0,super built up,high,new,bestech park view grand spa,gurgaon
4.79,382.3,5,5,3,1,49,13,3,0,0,1,0,0,1,2,0,0,0,0,0,1,1,0,0,0,0,super built up,high,new,orchid petals,gurgaon
1.25,158.21,3,3,3,1,90,14,0,0,0,0,2,0,0,0,0,0,0,0,0,0,0,0,0,0,0,super built up,high,new,dlf regal gardens,gurgaon
1.4,175.59,3,3,3,0,91,10,1,0,0,0,0,0,0,3,1,0,0,1,0,1,0,0,0,0,0,super built up,mid,new,tarc maceo,gurgaon
1.38,191.94,3,3,3,1,88,7,1,0,0,0,1,0,0,1,0,0,0,1,0,0,0,0,0,0,0,carpet,mid,new,godrej oasis,gurgaon
1.3,166.39,3,3,3,0,88,7,1,0,0,0,1,0,0,1,0,0,0,1,0,0,0,0,0,0,0,carpet,mid,new,godrej oasis,gurgaon
1.0,139.63,2,2,2,1,79,11,1,0,0,1,0,1,0,2,1,0,0,1,0,0,0,0,0,1,0,super built up,mid,new,godrej aria,gurgaon
1.0,134.71,2,2,3,1,88,7,1,0,0,0,1,0,0,1,0,0,0,1,0,0,0,0,0,0,0,carpet,mid,new,godrej oasis,gurgaon
0.95,121.42,2,2,2,0,88,7,1,0,0,0,1,0,0,1,0,0,0,1,0,0,0,0,0,0,0,carpet,mid,new,godrej oasis,gurgaon
1.85,136.75,2,3,3,1,66,15,2,0,0,0,2,0,2,8,0,0,0,0,0,0,0,0,0,0,0,super built up,high,new,ireo uptown,gurgaon
1.65,181.16,4,3,3,1,77,10,1,0,0,1,0,1,0,2,1,0,0,1,0,0,0,0,0,0,0,super built up,high,new,emaar mgf palm hills,gurgaon
1.32,180.51,3,3,3,0,107,6,0,0,0,0,0,0,0,2,1,0,0,0,0,0,0,0,0,0,0,super built up,high,new,m3m woodshire,gurgaon
1.02,142.51,2,2,3,1,107,6,0,0,0,0,0,0,0,2,1,0,0,0,0,0,0,0,0,0,0,super built up,mid,new,m3m woodshire,gurgaon
1.88,283.82,4,5,3,0,109,11,6,0,0,0,0,0,0,0,0,3,0,0,0,0,0,0,0,0,0,super built up,high,new,sbtl caladium,gurgaon
2.15,199.65,3,4,3,1,102,15,0,0,0,2,0,1,0,2,1,1,1,1,0,1,0,0,0,1,0,super built up,high,new,conscient heritage max,gurgaon
2.58,204.39,3,4,2,1,111,10,1,0,0,1,0,0,0,2,1,0,2,1,0,0,0,0,0,0,0,super built up,high,old,puri diplomatic greens,gurgaon
2.25,157.94,3,3,2,0,111,10,1,0,0,1,0,0,0,2,1,0,2,1,0,0,0,0,0,0,0,super built up,high,new,puri diplomatic greens,gurgaon
1.75,199.74,3,4,3,1,109,11,1,0,0,1,0,0,0,2,1,0,2,1,0,0,0,0,0,1,0,super built up,high,new,ats tourmaline,gurgaon
0.93,119.19,2,3,3,0,108,9,1,0,0,1,0,1,0,1,1,0,0,1,0,0,0,0,0,0,0,super built up,high,new,experion the heartsong,gurgaon
4.75,349.59,3,5,3,1,112,8,2,0,0,0,0,1,0,1,1,1,0,1,0,0,0,0,0,0,0,super built up,mid,new,experion windchants,gurgaon
1.72,199.74,3,4,3,1,79,10,1,0,0,1,0,0,0,2,1,0,0,0,0,0,0,0,0,0,0,super built up,mid,new,bestech altura,gurgaon
6.75,394.84,4,4,3,1,72,10,1,0,0,0,0,2,0,2,0,0,1,0,0,1,0,0,0,0,0,super built up,low,new,tata primanti,gurgaon
2.45,111.48,2,2,2,1,62,11,1,0,0,1,0,1,0,4,1,0,1,0,0,0,0,0,0,0,0,built up,mid,new,emaar digihomes,gurgaon
2.2,261.24,4,5,3,0,85,13,1,0,0,1,0,1,0,2,1,0,0,1,0,1,0,0,0,1,0,super built up,mid,new,ss the leaf,gurgaon
5.25,311.69,4,4,3,1,72,10,1,0,0,0,0,2,0,2,0,0,1,0,0,1,0,0,0,0,0,super built up,high,new,tata primanti,gurgaon
5.0,408.77,4,4,3,1,72,10,1,0,0,0,0,2,0,2,0,0,1,0,0,1,0,0,0,0,0,super built up,low,new,tata primanti,gurgaon
5.0,418.06,4,4,3,1,72,10,1,0,0,0,0,2,0,2,0,0,1,0,0,1,0,0,0,0,0,built up,low,old,tata primanti,gurgaon
2.7,205.97,3,4,3,1,113,8,1,0,0,1,0,0,0,2,0,0,0,1,0,0,0,0,0,0,0,built up,mid,new,la vida by tata housing,gurgaon
2.65,238.48,4,4,3,1,48,15,2,1,0,2,0,1,2,3,1,0,1,0,1,0,1,0,0,0,0,super built up,high,old,bestech park view city,gurgaon
1.65,128.21,2,2,2,1,22,14,1,0,0,1,0,1,0,2,1,1,0,1,0,0,0,0,0,0,0,super built up,high,new,ambience creacions,gurgaon
2.55,172.8,3,3,3,1,22,14,1,0,0,1,0,1,0,2,1,1,0,1,0,0,0,0,0,0,0,super built up,high,new,ambience creacions,gurgaon
2.55,172.8,3,3,3,0,22,14,1,0,0,1,0,1,0,2,1,1,0,1,0,0,0,0,0,0,0,super built up,mid,new,ambience creacions,gurgaon
4.3,287.07,3,4,3,1,22,14,1,0,0,1,0,1,0,2,1,1,0,1,0,0,0,0,0,0,0,super built up,mid,new,ambience creacions,gurgaon
1.7,186.74,4,4,2,1,69,10,1,0,0,1,0,1,0,2,1,0,0,0,0,1,0,0,0,0,0,super built up,high,new,tulip violet,gurgaon
2.4,128.21,2,2,2,1,22,14,1,0,0,1,0,1,0,2,1,1,0,1,0,0,0,0,0,0,0,super built up,high,new,ambience creacions,gurgaon
0.87,146.6,2,3,3,1,37,8,1,0,0,1,1,0,0,2,0,0,0,1,0,0,0,0,0,0,0,super built up,mid,new,imperia the esfera,gurgaon
1.25,163.79,3,3,3,1,37,13,0,0,0,1,0,1,0,3,1,1,0,1,0,1,0,0,0,0,0,super built up,mid,new,corona optus,gurgaon
0.99,168.62,3,5,3,1,37,8,1,0,0,1,1,0,0,2,0,0,0,1,0,0,0,0,0,0,0,super built up,mid,new,imperia the esfera,gurgaon
1.39,153.29,3,3,3,1,102,10,1,0,0,1,0,1,0,2,1,0,0,1,0,0,0,0,0,0,0,super built up,mid,new,emaar gurgaon greens,gurgaon
2.7,242.01,3,3,3,1,50,9,1,0,0,0,0,1,0,2,1,1,1,0,0,0,0,0,0,0,0,super built up,mid,old,the close north,gurgaon
1.75,203.55,4,4,3,1,37,11,1,0,0,1,0,1,0,2,1,0,0,1,0,1,0,0,0,0,0,super built up,mid,new,bptp terra,gurgaon
1.55,203.55,4,3,3,1,37,11,1,0,0,1,0,1,0,2,1,0,0,1,0,1,0,0,0,0,0,super built up,high,new,bptp terra,gurgaon
1.6,203.55,4,3,3,1,37,11,1,0,0,1,0,1,0,2,1,0,0,1,0,1,0,0,0,0,0,super built up,mid,new,bptp terra,gurgaon
1.4,162.58,3,3,3,0,109,11,1,0,0,1,0,0,0,2,1,0,2,1,0,0,0,0,0,1,0,super built up,mid,new,ats tourmaline,gurgaon
1.8,178.84,3,3,3,1,70,12,0,0,0,1,0,1,0,2,1,1,1,0,0,0,0,1,0,0,0,built up,low,new,bptp astaire gardens,gurgaon
1.65,257.16,4,5,3,1,107,6,0,0,0,0,0,0,0,2,1,0,0,0,0,0,0,0,0,0,0,super built up,high,new,m3m woodshire,gurgaon
3.55,219.99,3,5,3,1,30,15,2,1,0,0,1,1,4,1,0,0,1,0,0,1,2,0,0,0,0,super built up,high,old,unitech uniworld city,gurgaon
6.0,213.68,4,4,3,1,54,7,1,0,0,1,0,0,0,2,1,0,1,0,0,0,0,0,0,0,0,carpet,high,old,dlf the icon,gurgaon
1.8,163.14,3,4,3,1,48,15,2,1,0,2,0,1,2,3,1,0,1,0,1,0,1,0,0,0,0,carpet,low,old,bestech park view city,gurgaon
2.5,218.32,3,4,3,1,70,11,1,0,0,1,0,1,0,2,1,0,0,0,0,0,0,0,0,0,0,super built up,high,new,aipl the peaceful homes,gurgaon
1.5,218.32,4,3,3,1,39,47,1,0,0,0,0,0,5,0,0,0,0,0,0,0,0,1,0,0,0,carpet,high,old,hector trimurti heights,gurgaon
1.04,163.04,3,2,2,0,83,10,1,0,0,1,0,2,0,2,1,0,0,0,0,0,0,0,0,0,0,super built up,low,old,vatika lifestyle homes,gurgaon
0.53,54.91,2,2,1,1,67,11,0,0,0,2,0,1,0,4,0,0,0,0,1,0,0,0,0,0,0,carpet,mid,new,pyramid urban,gurgaon
1.64,181.16,3,5,3,1,70,15,2,0,0,1,0,2,3,0,0,0,0,0,1,0,0,0,0,0,0,super built up,high,new,shree vardhman victoria,gurgaon
2.9,183.48,4,4,3,1,65,6,1,0,0,0,0,0,0,0,1,0,0,0,0,1,0,0,0,0,0,super built up,mid,new,emaar mgf emerald floors premier,gurgaon
2.36,153.29,3,3,3,1,65,6,1,0,0,0,0,0,0,0,1,0,0,0,0,1,0,0,0,0,0,super built up,mid,new,emaar mgf emerald floors premier,gurgaon
4.85,184.23,3,4,3,1,54,15,4,0,0,0,2,0,1,5,0,0,1,0,0,0,0,1,0,0,0,super built up,mid,old,dlf park place,gurgaon
1.25,183.95,3,3,2,1,83,10,0,0,0,1,0,0,0,2,1,0,1,2,0,0,0,0,0,0,0,super built up,low,new,vatika gurgaon 21,gurgaon
0.92,181.16,3,3,2,1,90,10,1,0,0,1,0,1,0,3,1,0,0,1,0,1,0,0,0,0,0,carpet,mid,new,shree vardhman flora,gurgaon
2.7,195.93,3,3,3,1,81,9,1,0,0,0,0,0,0,2,1,0,1,0,0,0,0,0,0,0,0,carpet,high,new,dlf the ultima,gurgaon
0.7,125.6,2,3,2,1,90,10,1,0,0,1,0,1,0,3,1,0,0,1,0,1,0,0,0,0,0,carpet,mid,new,shree vardhman flora,gurgaon
1.25,161.74,2,2,2,0,85,13,1,0,0,1,0,1,0,2,1,0,0,1,0,1,0,0,0,1,0,carpet,high,new,ss the leaf,gurgaon
2.3,261.24,4,4,3,1,85,13,1,0,0,1,0,1,0,2,1,0,0,1,0,1,0,0,0,1,0,super built up,high,new,ss the leaf,gurgaon
2.0,223.71,3,4,3,1,85,13,1,0,0,1,0,1,0,2,1,0,0,1,0,1,0,0,0,1,0,super built up,high,new,ss the leaf,gurgaon
1.08,161.19,3,3,2,1,83,10,0,0,0,1,0,0,0,2,1,0,1,2,0,0,0,0,0,0,0,super built up,high,new,vatika gurgaon 21,gurgaon
1.73,129.6,3,3,3,1,65,8,1,0,0,1,0,0,0,1,1,0,1,0,0,0,0,0,1,0,0,super built up,high,new,emaar mgf emerald estate,gurgaon
1.3,94.76,2,2,2,1,65,8,1,0,0,1,0,0,0,1,1,0,1,0,0,0,0,0,1,0,0,super built up,mid,new,emaar mgf emerald estate,gurgaon
2.85,183.48,4,4,3,1,65,6,1,0,0,0,0,0,0,0,1,0,0,0,0,1,0,0,0,0,0,super built up,mid,new,emaar mgf emerald floors premier,gurgaon
2.25,153.29,3,3,3,1,65,6,1,0,0,0,0,0,0,0,1,0,0,0,0,1,0,0,0,0,0,super built up,low,new,emaar mgf emerald floors premier,gurgaon
2.35,153.29,3,3,3,1,65,6,1,0,0,0,0,0,0,0,1,0,0,0,0,1,0,0,0,0,0,super built up,low,new,emaar mgf emerald floors premier,gurgaon
2.8,183.48,4,4,3,1,65,6,1,0,0,0,0,0,0,0,1,0,0,0,0,1,0,0,0,0,0,super built up,low,new,emaar mgf emerald floors premier,gurgaon
2.35,153.29,3,3,3,1,65,6,1,0,0,0,0,0,0,0,1,0,0,0,0,1,0,0,0,0,0,super built up,low,new,emaar mgf emerald floors premier,gurgaon
2.75,183.48,4,4,3,1,65,6,1,0,0,0,0,0,0,0,1,0,0,0,0,1,0,0,0,0,0,super built up,low,new,emaar mgf emerald floors premier,gurgaon
2.36,153.29,3,3,3,1,65,6,1,0,0,0,0,0,0,0,1,0,0,0,0,1,0,0,0,0,0,super built up,low,new,emaar mgf emerald floors premier,gurgaon
3.4,223.9,4,4,3,1,66,8,1,0,0,1,0,1,0,1,1,0,1,0,0,0,0,0,0,0,0,super built up,low,new,emaar mgf palm terraces select,gurgaon
0.8,124.68,2,2,2,0,77,10,1,0,0,1,0,1,0,2,1,0,0,1,0,0,0,0,0,0,0,super built up,high,new,umang winter hills,gurgaon
7.0,557.42,4,4,3,1,2,27,3,0,0,0,1,2,9,4,0,0,0,0,0,0,2,0,0,0,3,super built up,mid,new,.,gurgaon
1.8,174.38,3,4,3,1,50,7,1,0,0,0,0,1,0,1,1,0,1,0,0,0,0,0,0,0,0,super built up,mid,old,unitech fresco,gurgaon
2.65,230.4,3,4,3,1,50,9,1,0,0,0,0,1,0,2,1,1,1,0,0,0,0,0,0,0,0,super built up,mid,old,the close north,gurgaon
1.05,161.19,3,3,3,1,83,10,0,0,0,1,0,0,0,2,1,0,1,2,0,0,0,0,0,0,0,super built up,low,new,vatika gurgaon 21,gurgaon
1.88,166.67,3,3,3,1,50,7,1,0,0,0,0,1,0,1,1,0,1,0,0,0,0,0,0,0,0,super built up,high,old,unitech fresco,gurgaon
1.15,142.51,2,2,3,1,84,10,1,0,0,1,1,1,1,3,0,0,0,0,0,0,0,0,0,0,0,super built up,high,new,alpha corp gurgaonone 84,gurgaon
1.33,222.04,4,4,3,1,83,10,0,0,0,1,0,0,0,2,1,0,1,2,0,0,0,0,0,0,0,super built up,low,new,vatika gurgaon 21,gurgaon
2.6,251.86,3,4,2,1,50,12,1,0,0,1,0,3,0,2,1,0,1,0,0,1,0,0,0,0,0,super built up,high,new,unitech harmony,gurgaon
2.97,242.01,3,3,3,1,50,9,1,0,0,0,0,1,0,2,1,1,1,0,0,0,0,0,0,0,0,super built up,high,old,the close north,gurgaon
1.8,186.74,4,4,2,1,69,10,1,0,0,1,0,1,0,2,1,0,0,0,0,1,0,0,0,0,0,super built up,high,new,tulip violet,gurgaon
1.78,186.74,4,4,2,1,69,10,1,0,0,1,0,1,0,2,1,0,0,0,0,1,0,0,0,0,0,super built up,high,new,tulip violet,gurgaon
1.52,146.6,3,3,2,1,69,10,1,0,0,1,0,1,0,2,1,0,0,0,0,1,0,0,0,0,0,super built up,mid,new,tulip violet,gurgaon
1.55,146.6,3,3,2,1,69,10,1,0,0,1,0,1,0,2,1,0,0,0,0,1,0,0,0,0,0,super built up,high,new,tulip violet,gurgaon
1.55,179.3,3,3,1,1,86,10,0,0,0,1,0,0,0,3,1,0,0,0,0,1,0,0,0,0,0,super built up,high,new,dlf the skycourt,gurgaon
0.4,43.48,1,1,1,0,83,10,1,0,0,0,0,0,0,0,0,0,0,0,4,0,0,0,0,0,2,carpet,mid,new,sapphire eighty three,gurgaon
2.4,199.74,3,3,3,1,70,11,1,0,0,1,0,1,0,2,1,0,0,0,0,0,0,0,0,0,0,super built up,high,new,aipl the peaceful homes,gurgaon
1.37,200.67,3,3,3,1,82,10,1,0,0,1,0,1,0,2,1,0,0,0,0,0,0,0,0,1,0,super built up,high,new,vatika the seven lamps,gurgaon
2.65,209.16,3,4,3,1,49,14,5,0,0,0,0,1,5,0,0,0,0,0,0,0,0,0,0,0,0,super built up,high,old,vatika city,gurgaon
1.16,168.71,3,4,3,1,104,15,1,0,0,1,0,0,0,2,1,1,1,1,0,1,0,0,0,1,0,carpet,high,new,godrej summit,gurgaon
1.05,167.23,3,4,3,1,104,15,1,0,0,1,0,0,0,2,1,1,1,1,0,1,0,0,0,1,0,carpet,mid,new,godrej summit,gurgaon
1.35,250.84,4,5,3,1,104,15,1,0,0,1,0,0,0,2,1,1,1,1,0,1,0,0,0,1,0,carpet,high,new,godrej summit,gurgaon
1.35,250.09,4,5,3,1,104,15,1,0,0,1,0,0,0,2,1,1,1,1,0,1,0,0,0,1,0,carpet,high,new,godrej summit,gurgaon
2.85,181.16,3,3,3,1,66,14,1,0,0,0,0,2,0,2,1,0,1,0,0,0,0,0,1,0,0,super built up,high,new,emaar mgf the palm drive,gurgaon
0.35,54.16,2,2,1,0,84,15,2,0,0,0,0,0,1,5,1,0,0,1,1,1,0,0,0,0,0,super built up,mid,new,pivotal devaan,gurgaon
0.88,126.91,2,2,3,0,107,6,0,0,0,0,0,0,0,2,1,0,0,0,0,0,0,0,0,0,0,super built up,low,new,m3m woodshire,gurgaon
2.4,239.6,3,4,3,1,102,11,1,0,0,1,0,2,0,4,1,0,0,1,0,1,0,0,0,0,0,super built up,low,new,adani m2k oyster grande,gurgaon
3.6,260.96,4,5,3,1,60,7,1,0,0,0,0,1,0,1,1,0,1,0,0,0,0,0,0,0,0,super built up,high,new,ireo skyon,gurgaon
7.5,497.03,4,4,3,1,2,11,1,0,0,1,0,1,0,2,1,0,1,0,0,0,0,0,0,0,0,super built up,high,new,paras quartier,gurgaon
1.45,118.54,2,2,2,0,113,8,1,0,0,1,0,0,0,2,0,0,0,1,0,0,0,0,0,0,0,super built up,mid,new,la vida by tata housing,gurgaon
2.35,185.53,3,3,3,0,50,9,1,0,0,0,0,1,0,2,1,1,1,0,0,0,0,0,0,0,0,super built up,high,old,the close north,gurgaon
0.94,133.32,2,2,2,1,82,10,1,0,0,1,0,1,0,2,1,0,0,0,0,0,0,0,0,1,0,super built up,high,new,vatika the seven lamps,gurgaon
0.81,120.77,2,2,2,0,82,10,1,0,0,1,0,1,0,2,1,0,0,0,0,0,0,0,0,1,0,super built up,high,new,vatika the seven lamps,gurgaon
3.1,231.42,3,4,3,1,50,15,0,0,1,0,2,0,4,2,0,0,0,0,1,0,1,0,0,0,0,super built up,mid,old,the close south,gurgaon
1.39,200.67,3,3,3,1,82,10,1,0,0,1,0,1,0,2,1,0,0,0,0,0,0,0,0,1,0,super built up,high,new,vatika the seven lamps,gurgaon
0.94,133.32,2,2,3,1,82,10,1,0,0,1,0,1,0,2,1,0,0,0,0,0,0,0,0,1,0,super built up,high,new,vatika the seven lamps,gurgaon
0.78,120.59,2,2,2,0,82,10,1,0,0,1,0,1,0,2,1,0,0,0,0,0,0,0,0,1,0,super built up,high,new,vatika the seven lamps,gurgaon
0.85,132.85,2,2,2,1,82,10,1,0,0,1,0,1,0,2,1,0,0,0,0,0,0,0,0,1,0,super built up,high,new,vatika the seven lamps,gurgaon
0.69,121.89,2,2,2,0,85,5,0,0,0,0,0,0,0,0,1,0,1,1,0,0,0,0,0,0,0,super built up,mid,new,orris aster court,gurgaon
2.03,208.47,3,4,3,1,79,10,0,0,0,0,0,0,0,2,1,0,0,0,0,0,0,0,0,1,0,super built up,mid,new,godrej 101,gurgaon
0.8,152.83,3,4,3,1,85,8,2,0,0,1,0,1,0,2,0,0,0,0,0,0,0,0,0,0,0,super built up,mid,new,orris carnation residency,gurgaon
0.65,125.42,2,2,3,1,90,10,1,0,0,1,0,1,0,3,1,0,0,1,0,1,0,0,0,0,0,super built up,high,new,shree vardhman flora,gurgaon
1.01,162.58,3,3,2,0,84,13,1,0,0,1,0,1,0,2,1,0,0,1,0,0,0,0,0,1,0,super built up,high,new,ss the coralwood,gurgaon
1.27,239.23,4,5,2,1,90,10,1,0,0,1,0,1,0,3,1,0,0,1,0,1,0,0,0,0,0,super built up,high,new,shree vardhman flora,gurgaon
0.84,115.66,2,2,2,0,83,10,0,0,0,1,0,0,0,2,1,0,1,2,0,0,0,0,0,0,0,super built up,mid,old,vatika gurgaon 21,gurgaon
1.77,223.71,3,4,3,1,85,13,1,0,0,1,0,1,0,2,1,0,0,1,0,1,0,0,0,1,0,super built up,mid,old,ss the leaf,gurgaon
1.68,186.74,4,4,2,1,69,10,1,0,0,1,0,1,0,2,1,0,0,0,0,1,0,0,0,0,0,super built up,low,new,tulip violet,gurgaon
1.66,183.02,4,4,1,1,69,10,1,0,0,1,0,1,0,2,1,0,0,0,0,1,0,0,0,0,0,super built up,high,new,tulip violet,gurgaon
1.4,146.6,3,3,2,1,69,10,1,0,0,1,0,1,0,2,1,0,0,0,0,1,0,0,0,0,0,super built up,low,new,tulip violet,gurgaon
2.29,195.1,3,4,3,1,81,9,1,0,0,0,0,0,0,2,1,0,1,0,0,0,0,0,0,0,0,super built up,high,new,dlf the ultima,gurgaon
1.21,179.3,3,3,3,1,90,6,1,0,0,0,0,0,0,1,1,0,0,0,0,1,0,0,0,0,0,super built up,mid,new,dlf new town heights 1,gurgaon
0.5,109.63,3,3,2,0,92,8,4,0,0,0,0,0,0,0,0,0,0,0,4,0,0,0,0,0,0,super built up,low,new,sare homes,gurgaon
0.71,124.68,2,2,2,1,77,10,1,0,0,1,0,1,0,2,1,0,0,1,0,0,0,0,0,0,0,super built up,mid,new,umang winter hills,gurgaon
3.0,183.48,4,4,3,1,65,6,1,0,0,0,0,0,0,0,1,0,0,0,0,1,0,0,0,0,0,super built up,low,new,emaar mgf emerald floors premier,gurgaon
1.2,163.04,3,3,3,0,90,14,0,0,0,0,2,0,0,0,0,0,0,0,0,0,0,0,0,0,0,super built up,high,new,dlf regal gardens,gurgaon
3.25,306.58,3,3,3,1,72,10,1,0,0,0,0,2,0,2,0,0,1,0,0,1,0,0,0,0,0,super built up,low,old,tata primanti,gurgaon
0.9,136.1,2,2,3,1,33,6,1,0,0,0,0,0,0,2,1,0,0,0,0,0,0,0,0,0,0,super built up,mid,old,ashiana mulberry,sohna
1.07,160.72,3,3,3,0,33,6,1,0,0,0,0,0,0,2,1,0,0,0,0,0,0,0,0,0,0,super built up,mid,new,ashiana mulberry,sohna
1.2,152.36,2,2,3,0,85,13,1,0,0,1,0,1,0,2,1,0,0,1,0,1,0,0,0,1,0,super built up,high,new,ss the leaf,gurgaon
2.15,261.24,4,5,3,1,85,13,1,0,0,1,0,1,0,2,1,0,0,1,0,1,0,0,0,1,0,super built up,low,new,ss the leaf,gurgaon
1.72,183.02,4,4,1,0,69,10,1,0,0,1,0,1,0,2,1,0,0,0,0,1,0,0,0,0,0,super built up,high,new,tulip violet,gurgaon
1.36,142.88,3,3,1,1,69,10,1,0,0,1,0,1,0,2,1,0,0,0,0,1,0,0,0,0,0,super built up,high,new,tulip violet,gurgaon
1.75,183.02,4,4,1,0,69,10,1,0,0,1,0,1,0,2,1,0,0,0,0,1,0,0,0,0,0,super built up,high,new,tulip violet,gurgaon
1.75,183.02,4,4,1,0,69,10,1,0,0,1,0,1,0,2,1,0,0,0,0,1,0,0,0,0,0,super built up,high,new,tulip violet,gurgaon
1.38,142.88,3,3,1,1,69,10,1,0,0,1,0,1,0,2,1,0,0,0,0,1,0,0,0,0,0,super built up,high,new,tulip violet,gurgaon
1.29,145.67,3,3,1,1,69,10,1,0,0,1,0,1,0,2,1,0,0,0,0,1,0,0,0,0,0,super built up,high,new,tulip violet,gurgaon
1.37,146.6,3,3,1,1,69,10,1,0,0,1,0,1,0,2,1,0,0,0,0,1,0,0,0,0,0,super built up,high,new,tulip violet,gurgaon
1.32,145.67,3,3,1,1,69,10,1,0,0,1,0,1,0,2,1,0,0,0,0,1,0,0,0,0,0,super built up,high,new,tulip violet,gurgaon
1.3,142.88,3,3,1,1,69,10,1,0,0,1,0,1,0,2,1,0,0,0,0,1,0,0,0,0,0,super built up,high,new,tulip violet,gurgaon
1.3,179.3,3,3,3,1,86,15,2,0,0,0,0,0,4,5,1,0,0,0,0,0,0,0,0,0,0,super built up,high,old,dlf new town heights 2,gurgaon
1.5,179.21,3,3,1,0,86,10,0,0,0,1,0,0,0,3,1,0,0,0,0,1,0,0,0,0,0,super built up,high,new,dlf the skycourt,gurgaon
1.68,186.74,4,4,2,1,69,10,1,0,0,1,0,1,0,2,1,0,0,0,0,1,0,0,0,0,0,super built up,low,new,tulip violet,gurgaon
1.4,146.6,3,3,2,1,69,10,1,0,0,1,0,1,0,2,1,0,0,0,0,1,0,0,0,0,0,super built up,high,new,tulip violet,gurgaon
1.5,176.52,3,3,1,1,86,10,0,0,0,1,0,0,0,3,1,0,0,0,0,1,0,0,0,0,0,super built up,high,new,dlf the skycourt,gurgaon
0.5,59.92,3,2,2,1,107,10,0,0,0,1,0,0,0,1,0,0,0,1,0,0,0,0,0,0,0,carpet,mid,new,signature global solera,gurgaon
0.36,55.93,2,2,1,1,107,10,0,0,0,1,0,0,0,1,0,0,0,1,0,0,0,0,0,0,0,super built up,mid,new,signature global solera,gurgaon
3.1,430.33,4,5,3,1,72,45,13,0,0,0,2,3,11,0,0,0,0,0,1,0,1,0,1,0,0,super built up,high,old,spaze privy,gurgaon
0.31,51.02,2,2,1,1,95,14,0,0,0,0,0,0,0,0,1,1,1,2,0,0,0,2,0,0,1,carpet,mid,new,rof ananda,gurgaon
0.71,123.19,3,3,3,1,92,8,4,0,0,0,0,0,0,0,0,0,0,0,4,0,0,0,0,0,0,carpet,low,new,sare homes,gurgaon
1.15,170.2,3,3,1,0,83,10,1,0,0,1,0,2,0,2,1,0,0,0,0,0,0,0,0,0,0,super built up,mid,old,vatika lifestyle homes,gurgaon
1.05,163.04,3,2,2,0,83,10,1,0,0,1,0,2,0,2,1,0,0,0,0,0,0,0,0,0,0,super built up,low,old,vatika lifestyle homes,gurgaon
2.1,167.23,3,3,3,0,61,14,1,0,0,0,0,1,0,2,1,0,1,0,0,1,0,0,3,0,0,super built up,high,new,pioneer park,gurgaon
0.28,45.43,2,2,2,0,107,10,0,0,0,1,0,0,0,1,0,0,0,1,0,0,0,0,0,0,0,carpet,high,new,signature global solera,gurgaon
0.28,45.43,2,2,2,0,107,10,0,0,0,1,0,0,0,1,0,0,0,1,0,0,0,0,0,0,0,carpet,high,new,signature global solera,gurgaon
0.28,45.43,2,2,2,0,107,10,0,0,0,1,0,0,0,1,0,0,0,1,0,0,0,0,0,0,0,carpet,high,new,signature global solera,gurgaon
0.28,45.43,2,2,2,0,107,10,0,0,0,1,0,0,0,1,0,0,0,1,0,0,0,0,0,0,0,carpet,high,new,signature global solera,gurgaon
0.23,33.45,1,1,1,0,103,11,0,0,0,0,0,0,0,4,0,0,0,1,0,0,0,0,0,0,0,carpet,mid,new,signature global grand iva,gurgaon
0.35,50.82,2,2,2,0,107,10,0,0,0,1,0,0,0,1,0,0,0,1,0,0,0,0,0,0,0,carpet,high,new,signature global solera,gurgaon
0.51,59.92,3,2,2,1,107,10,0,0,0,1,0,0,0,1,0,0,0,1,0,0,0,0,0,0,0,carpet,high,new,signature global solera,gurgaon
0.35,50.82,2,2,2,0,107,10,0,0,0,1,0,0,0,1,0,0,0,1,0,0,0,0,0,0,0,carpet,high,new,signature global solera,gurgaon
0.28,45.43,2,2,2,0,107,10,0,0,0,1,0,0,0,1,0,0,0,1,0,0,0,0,0,0,0,carpet,high,new,signature global solera,gurgaon
0.36,50.82,2,2,2,0,107,10,0,0,0,1,0,0,0,1,0,0,0,1,0,0,0,0,0,0,0,carpet,high,new,signature global solera,gurgaon
2.0,153.29,3,3,3,1,65,6,1,0,0,0,0,0,0,0,1,0,0,0,0,1,0,0,0,0,0,carpet,low,new,emaar mgf emerald floors premier,gurgaon
2.7,256.78,4,4,3,1,66,15,2,0,0,0,2,0,2,8,0,0,0,0,0,0,0,0,0,0,0,super built up,mid,new,bptp mansions park prime,gurgaon
4.94,282.7,3,4,3,1,65,9,1,0,0,1,0,1,0,2,1,0,1,0,0,1,0,1,0,0,0,super built up,high,old,m3m golfestate,gurgaon
1.75,186.74,4,4,2,0,69,10,1,0,0,1,0,1,0,2,1,0,0,0,0,1,0,0,0,0,0,super built up,high,new,tulip violet,gurgaon
1.25,239.23,4,5,2,1,90,10,1,0,0,1,0,1,0,3,1,0,0,1,0,1,0,0,0,0,0,super built up,high,new,shree vardhman flora,gurgaon
0.92,174.19,3,4,3,1,90,10,1,0,0,1,0,1,0,3,1,0,0,1,0,1,0,0,0,0,0,super built up,mid,new,shree vardhman flora,gurgaon
1.3,229.94,4,5,2,1,90,10,1,0,0,1,0,1,0,3,1,0,0,1,0,1,0,0,0,0,0,super built up,high,new,shree vardhman flora,gurgaon
0.62,44.78,2,2,1,0,69,33,9,0,0,0,2,2,9,0,0,0,0,0,0,0,1,0,0,0,0,carpet,mid,new,tulip lemon,gurgaon
1.92,222.97,4,5,3,1,69,11,1,0,0,1,0,4,0,2,1,1,1,0,0,1,0,0,0,0,0,super built up,mid,new,tulip purple,gurgaon
2.0,222.97,4,4,3,1,56,46,5,0,0,0,1,2,14,0,0,0,3,0,1,0,2,1,0,0,4,super built up,high,new,the lions cghs,gurgaon
2.0,222.97,4,5,3,1,70,10,1,0,0,1,0,1,0,2,1,0,0,0,0,1,0,0,0,0,0,super built up,low,new,tulip ivory,gurgaon
0.75,227.15,3,4,3,1,1,10,4,0,0,0,0,0,0,0,0,0,0,0,3,0,0,0,0,0,2,carpet,low,new,professional society,manesar
1.85,223.71,3,4,3,1,85,13,1,0,0,1,0,1,0,2,1,0,0,1,0,1,0,0,0,1,0,super built up,low,new,ss the leaf,gurgaon
0.89,130.44,2,2,3,1,91,10,1,0,0,0,0,0,0,3,1,0,0,1,0,1,0,0,0,0,0,super built up,high,new,tarc maceo,gurgaon
1.25,196.95,3,4,2,1,85,15,1,0,0,1,0,0,0,6,1,0,1,0,0,0,0,1,0,0,0,super built up,mid,new,orris aster court premier,gurgaon
2.15,157.19,3,3,3,0,102,13,1,0,0,1,1,0,0,2,1,0,0,1,0,1,0,0,1,0,0,super built up,high,new,shapoorji pallonji joyville gurugram,gurgaon
3.05,223.99,3,3,3,1,67,11,1,0,0,1,0,1,0,2,1,0,0,0,0,1,0,0,0,0,0,super built up,high,new,ireo victory valley,gurgaon
2.65,190.17,3,3,3,1,67,10,1,0,0,1,0,1,0,2,1,0,0,0,0,1,0,0,1,0,0,super built up,high,new,m3m merlin,gurgaon
0.49,68.28,2,2,3,0,81,10,1,0,0,1,0,0,0,2,0,0,0,2,0,1,0,0,0,0,0,super built up,mid,new,signature global synera,gurgaon
1.82,153.75,3,3,3,0,70,11,1,0,0,1,0,1,0,1,1,0,0,0,0,1,0,0,0,0,0,super built up,high,new,aipl zen residences,gurgaon
0.5,68.28,2,2,3,0,81,10,1,0,0,1,0,0,0,2,0,0,0,2,0,1,0,0,0,0,0,super built up,mid,new,signature global synera,gurgaon
0.92,169.27,3,3,3,1,77,10,1,0,0,1,0,1,0,2,1,0,0,1,0,0,0,0,0,0,0,super built up,high,new,umang winter hills,gurgaon
1.65,181.16,3,4,3,1,70,15,2,0,0,1,0,2,3,0,0,0,0,0,1,0,0,0,0,0,0,super built up,low,new,shree vardhman victoria,gurgaon
1.1,134.71,2,2,2,1,70,14,6,0,0,0,0,2,4,0,0,0,0,0,0,0,1,0,0,0,0,super built up,high,new,capital residences 360,gurgaon
1.55,183.58,3,3,3,1,70,14,6,0,0,0,0,2,4,0,0,0,0,0,0,0,1,0,0,0,0,super built up,high,new,capital residences 360,gurgaon
1.25,132.39,3,3,2,1,70,12,0,0,0,1,0,1,0,2,1,1,1,0,0,0,0,1,0,0,0,super built up,low,new,bptp astaire gardens,gurgaon
1.6,171.68,4,4,3,1,70,12,0,0,0,1,0,1,0,2,1,1,1,0,0,0,0,1,0,0,0,super built up,low,new,bptp astaire gardens,gurgaon
1.15,125.42,2,2,3,1,70,15,2,0,0,1,0,2,3,0,0,0,0,0,1,0,0,0,0,0,0,super built up,high,new,shree vardhman victoria,gurgaon
1.6,181.16,3,3,3,1,70,15,2,0,0,1,0,2,3,0,0,0,0,0,1,0,0,0,0,0,0,super built up,high,new,shree vardhman victoria,gurgaon
4.0,390.19,4,5,3,1,81,9,0,0,0,1,0,0,0,1,0,0,0,1,0,0,0,0,0,0,0,super built up,high,new,bestech park view grand spa,gurgaon
2.22,247.12,3,4,3,1,81,9,0,0,0,1,0,0,0,1,0,0,0,1,0,0,0,0,0,0,0,super built up,high,new,bestech park view grand spa,gurgaon
3.0,295.9,4,5,2,1,81,9,0,0,0,1,0,0,0,1,0,0,0,1,0,0,0,0,0,0,0,super built up,mid,new,bestech park view grand spa,gurgaon
1.0,133.32,2,2,2,1,82,10,1,0,0,1,0,1,0,2,1,0,0,0,0,0,0,0,0,1,0,super built up,high,new,vatika the seven lamps,gurgaon
10.75,512.27,5,7,3,1,62,11,1,0,0,1,0,1,0,2,1,0,0,0,0,1,0,0,1,0,0,super built up,high,new,pioneer araya,gurgaon
9.14,435.72,4,6,3,1,62,11,1,0,0,1,0,1,0,2,1,0,0,0,0,1,0,0,1,0,0,super built up,high,new,pioneer araya,gurgaon
8.35,397.53,4,6,3,1,62,11,1,0,0,1,0,1,0,2,1,0,0,0,0,1,0,0,1,0,0,super built up,high,new,pioneer araya,gurgaon
0.73,190.45,3,3,3,1,1,11,5,0,0,0,0,0,0,0,0,0,0,0,3,0,0,0,0,0,2,super built up,low,old,hsiidc sidco shivalik apartments,manesar
0.95,241.55,3,4,3,1,1,11,5,0,0,0,0,0,0,0,0,0,0,0,3,0,0,0,0,0,2,super built up,mid,old,imt view society,manesar
0.48,116.13,2,2,3,0,1,11,5,0,0,0,0,0,0,0,0,0,0,0,3,0,0,0,0,0,2,super built up,mid,old,hsiidc sidco shivalik apartments,manesar
0.86,240.43,3,3,3,1,1,11,5,0,0,0,0,0,0,0,0,0,0,0,3,0,0,0,0,0,2,super built up,low,old,hsiidc sidco aravali,manesar
0.81,240.43,3,3,3,1,1,11,5,0,0,0,0,0,0,0,0,0,0,0,3,0,0,0,0,0,2,super built up,low,old,hsiidc sidco aravali,manesar
2.9,190.17,3,3,3,1,67,10,1,0,0,1,0,1,0,2,1,0,0,0,0,1,0,0,1,0,0,super built up,high,new,m3m merlin,gurgaon
0.37,46.45,1,1,2,0,71,15,1,0,0,0,0,1,2,1,1,0,0,0,1,0,0,0,0,0,0,super built up,low,new,signature andour heights,gurgaon
0.59,65.03,2,2,1,0,71,15,1,0,0,0,0,1,2,1,1,0,0,0,1,0,0,0,0,0,0,super built up,mid,old,signature andour heights,gurgaon
0.6,55.74,2,2,1,1,71,15,1,0,0,0,0,1,2,1,1,0,0,0,1,0,0,0,0,0,0,super built up,mid,new,signature andour heights,gurgaon
0.37,41.81,1,1,2,0,71,15,1,0,0,0,0,1,2,1,1,0,0,0,1,0,0,0,0,0,0,built up,low,new,signature andour heights,gurgaon
0.9,126.91,2,2,3,0,107,6,0,0,0,0,0,0,0,2,1,0,0,0,0,0,0,0,0,0,0,super built up,mid,new,m3m woodshire,gurgaon
1.66,181.16,3,5,3,1,70,15,2,0,0,1,0,2,3,0,0,0,0,0,1,0,0,0,0,0,0,super built up,high,new,shree vardhman victoria,gurgaon
2.0,253.35,4,4,3,1,90,6,1,0,0,0,0,0,0,1,1,0,0,0,0,1,0,0,0,0,0,super built up,high,old,dlf new town heights 1,gurgaon
1.67,181.16,3,5,3,1,70,15,2,0,0,1,0,2,3,0,0,0,0,0,1,0,0,0,0,0,0,super built up,mid,old,shree vardhman victoria,gurgaon
1.1,120.77,2,2,2,0,70,15,2,0,0,1,0,2,3,0,0,0,0,0,1,0,0,0,0,0,0,carpet,high,new,shree vardhman victoria,gurgaon
1.6,181.16,3,5,3,1,70,15,2,0,0,1,0,2,3,0,0,0,0,0,1,0,0,0,0,0,0,super built up,mid,new,shree vardhman victoria,gurgaon
1.07,125.42,2,2,3,1,70,15,2,0,0,1,0,2,3,0,0,0,0,0,1,0,0,0,0,0,0,super built up,high,new,shree vardhman victoria,gurgaon
1.76,186.74,4,4,2,0,69,10,1,0,0,1,0,1,0,2,1,0,0,0,0,1,0,0,0,0,0,super built up,mid,new,tulip violet,gurgaon
1.55,146.6,3,3,2,1,69,10,1,0,0,1,0,1,0,2,1,0,0,0,0,1,0,0,0,0,0,super built up,mid,new,tulip violet,gurgaon
5.5,538.84,4,5,3,1,2,14,0,0,0,0,0,0,0,3,0,0,0,0,0,0,0,0,0,0,2,super built up,high,new,krrish provence estate,gurgaon
0.26,51.1,2,2,1,1,99,8,1,0,0,2,0,0,0,1,1,0,0,1,0,0,0,0,0,0,0,carpet,mid,new,prime habitat,gurgaon
1.25,112.88,2,2,2,0,102,13,1,0,0,1,1,0,0,2,1,0,0,1,0,1,0,0,1,0,0,super built up,high,new,shapoorji pallonji joyville gurugram,gurgaon
2.1,199.65,3,4,3,1,102,15,0,0,0,2,0,1,0,2,1,1,1,1,0,1,0,0,0,1,0,super built up,high,new,conscient heritage max,gurgaon
0.95,128.67,2,2,3,0,106,11,1,0,0,1,0,1,0,2,1,0,1,1,0,1,0,0,0,0,0,super built up,low,new,paras dews,gurgaon
0.92,128.67,2,2,3,0,106,11,1,0,0,1,0,1,0,2,1,0,1,1,0,1,0,0,0,0,0,super built up,low,new,paras dews,gurgaon
1.25,163.51,3,4,3,1,106,11,1,0,0,1,0,1,0,2,1,0,1,1,0,1,0,0,0,0,0,super built up,mid,new,paras dews,gurgaon
0.87,128.67,2,2,3,0,106,11,1,0,0,1,0,1,0,2,1,0,1,1,0,1,0,0,0,0,0,super built up,low,new,paras dews,gurgaon
1.2,163.51,3,4,3,1,106,11,1,0,0,1,0,1,0,2,1,0,1,1,0,1,0,0,0,0,0,super built up,high,new,paras dews,gurgaon
0.8,128.21,2,2,3,1,37,15,1,1,0,0,0,1,3,3,0,0,0,0,0,0,1,0,1,0,0,super built up,high,new,ramprastha the edge towers,gurgaon
0.98,164.44,3,3,3,1,37,15,1,1,0,0,0,1,3,3,0,0,0,0,0,0,1,0,1,0,0,super built up,mid,new,ramprastha the edge towers,gurgaon
1.32,118.54,2,2,2,0,113,8,1,0,0,1,0,0,0,2,0,0,0,1,0,0,0,0,0,0,0,super built up,low,new,la vida by tata housing,gurgaon
1.35,185.81,3,3,3,1,56,46,5,0,0,0,1,2,13,0,0,0,3,0,1,0,2,1,0,0,4,super built up,mid,old,shri banke bihari society,gurgaon
3.45,274.06,4,5,3,1,111,10,1,0,0,1,0,0,0,2,1,0,2,1,0,0,0,0,0,0,0,super built up,high,new,puri diplomatic greens,gurgaon
2.4,247.12,3,4,3,1,81,9,0,0,0,1,0,0,0,1,0,0,0,1,0,0,0,0,0,0,0,super built up,high,new,bestech park view grand spa,gurgaon
3.45,266.82,4,4,3,1,81,9,1,0,0,0,0,0,0,2,1,0,1,0,0,0,0,0,0,0,0,super built up,high,new,dlf the ultima,gurgaon
2.25,198.07,3,3,3,1,81,9,1,0,0,0,0,0,0,2,1,0,1,0,0,0,0,0,0,0,0,super built up,high,new,dlf the ultima,gurgaon
1.25,161.19,3,3,3,1,37,13,0,0,0,1,0,1,0,3,1,1,0,1,0,1,0,0,0,0,0,super built up,low,new,corona optus,gurgaon
1.43,184.88,3,3,3,1,37,13,0,0,0,1,0,1,0,3,1,1,0,1,0,1,0,0,0,0,0,super built up,low,new,corona optus,gurgaon
1.27,163.79,3,3,3,1,37,13,0,0,0,1,0,1,0,3,1,1,0,1,0,1,0,0,0,0,0,super built up,low,new,corona optus,gurgaon
1.43,184.88,3,3,3,1,37,13,0,0,0,1,0,1,0,3,1,1,0,1,0,1,0,0,0,0,0,super built up,low,new,corona optus,gurgaon
1.25,161.19,3,3,3,1,37,13,0,0,0,1,0,1,0,3,1,1,0,1,0,1,0,0,0,0,0,super built up,low,new,corona optus,gurgaon
1.44,184.88,3,3,3,1,37,13,0,0,0,1,0,1,0,3,1,1,0,1,0,1,0,0,0,0,0,super built up,low,new,corona optus,gurgaon
1.27,163.79,3,3,3,1,37,13,0,0,0,1,0,1,0,3,1,1,0,1,0,1,0,0,0,0,0,super built up,low,new,corona optus,gurgaon
1.1,189.06,3,4,3,1,37,8,1,0,0,1,1,0,0,2,0,0,0,1,0,0,0,0,0,0,0,super built up,high,new,imperia the esfera,gurgaon
1.4,241.55,4,5,3,1,37,8,1,0,0,1,1,0,0,2,0,0,0,1,0,0,0,0,0,0,0,super built up,high,new,imperia the esfera,gurgaon
0.99,168.62,3,4,3,1,37,8,1,0,0,1,1,0,0,2,0,0,0,1,0,0,0,0,0,0,0,super built up,high,new,imperia the esfera,gurgaon
0.86,146.6,2,3,3,1,37,8,1,0,0,1,1,0,0,2,0,0,0,1,0,0,0,0,0,0,0,super built up,high,new,imperia the esfera,gurgaon
0.98,168.62,3,4,3,1,37,8,1,0,0,1,1,0,0,2,0,0,0,1,0,0,0,0,0,0,0,super built up,high,new,imperia the esfera,gurgaon
0.85,146.6,2,3,3,1,37,8,1,0,0,1,1,0,0,2,0,0,0,1,0,0,0,0,0,0,0,super built up,high,new,imperia the esfera,gurgaon
1.79,185.62,4,3,3,1,37,11,1,0,0,1,0,1,0,2,1,0,0,1,0,1,0,0,0,0,0,super built up,high,new,bptp terra,gurgaon
1.5,168.25,3,3,3,1,37,11,1,0,0,1,0,1,0,2,1,0,0,1,0,1,0,0,0,0,0,super built up,high,new,bptp terra,gurgaon
1.77,203.55,4,3,3,1,37,11,1,0,0,1,0,1,0,2,1,0,0,1,0,1,0,0,0,0,0,super built up,high,new,bptp terra,gurgaon
1.5,168.25,3,3,3,1,37,11,1,0,0,1,0,1,0,2,1,0,0,1,0,1,0,0,0,0,0,super built up,high,new,bptp terra,gurgaon
1.49,170.2,3,3,3,1,37,11,1,0,0,1,0,1,0,2,1,0,0,1,0,1,0,0,0,0,0,super built up,high,new,bptp terra,gurgaon
1.8,203.55,4,3,3,1,37,11,1,0,0,1,0,1,0,2,1,0,0,1,0,1,0,0,0,0,0,super built up,high,new,bptp terra,gurgaon
1.06,155.24,2,2,2,0,85,13,1,0,0,1,0,1,0,2,1,0,0,1,0,1,0,0,0,1,0,super built up,high,new,ss the leaf,gurgaon
1.14,164.62,2,2,3,0,85,13,1,0,0,1,0,1,0,2,1,0,0,1,0,1,0,0,0,1,0,super built up,high,new,ss the leaf,gurgaon
0.36,54.16,2,2,1,1,84,15,2,0,0,0,0,0,1,5,1,0,0,1,1,1,0,0,0,0,0,super built up,high,new,pivotal devaan,gurgaon
0.34,44.87,2,2,1,1,84,15,2,0,0,0,0,0,1,5,1,0,0,1,1,1,0,0,0,0,0,carpet,low,new,pivotal devaan,gurgaon
0.34,54.16,2,2,1,1,84,15,2,0,0,0,0,0,1,5,1,0,0,1,1,1,0,0,0,0,0,super built up,low,new,pivotal devaan,gurgaon
0.35,54.16,2,2,1,1,84,15,2,0,0,0,0,0,1,5,1,0,0,1,1,1,0,0,0,0,0,super built up,high,new,pivotal devaan,gurgaon
1.05,152.36,2,2,3,0,85,13,1,0,0,1,0,1,0,2,1,0,0,1,0,1,0,0,0,1,0,super built up,high,new,ss the leaf,gurgaon
1.72,204.39,3,3,2,0,49,14,5,0,0,0,0,1,5,0,0,0,0,0,0,0,0,0,0,0,0,carpet,low,old,vatika city,gurgaon
1.55,181.16,3,5,3,1,70,15,2,0,0,1,0,2,3,0,0,0,0,0,1,0,0,0,0,0,0,super built up,high,new,shree vardhman victoria,gurgaon
1.5,181.16,3,5,3,1,70,15,2,0,0,1,0,2,3,0,0,0,0,0,1,0,0,0,0,0,0,super built up,mid,new,shree vardhman victoria,gurgaon
2.05,199.74,4,4,3,1,56,46,5,0,0,0,1,2,14,0,0,0,3,0,1,0,2,1,0,0,4,super built up,mid,new,the lions cghs,gurgaon
2.11,227.61,3,2,3,1,56,47,6,0,0,0,1,0,14,0,0,0,4,0,1,0,2,1,0,0,4,super built up,mid,new,mariners home,gurgaon
3.95,217.67,3,4,2,1,108,13,1,0,0,0,0,1,0,2,1,0,0,1,0,0,0,0,0,1,0,super built up,high,new,sobha city,gurgaon
2.1,140.1,2,2,3,1,62,11,1,0,0,1,0,1,0,4,1,0,1,0,0,0,0,0,0,0,0,super built up,high,new,emaar digihomes,gurgaon
6.15,312.43,3,3,3,1,65,9,1,0,0,1,0,1,0,2,1,0,1,0,0,1,0,1,0,0,0,super built up,high,old,m3m golfestate,gurgaon
6.1,312.43,3,3,3,1,65,9,1,0,0,1,0,1,0,2,1,0,1,0,0,1,0,1,0,0,0,super built up,high,old,m3m golfestate,gurgaon
1.59,167.13,3,3,3,1,82,7,1,0,0,0,0,0,0,0,1,0,0,0,0,0,0,0,0,0,0,super built up,mid,new,dlf the primus,gurgaon
1.08,185.81,3,4,3,1,77,10,1,0,0,1,0,1,0,2,1,0,0,1,0,0,0,0,0,0,0,super built up,mid,new,emaar mgf palm hills,gurgaon
1.09,188.13,3,4,3,1,77,10,1,0,0,1,0,1,0,2,1,0,0,1,0,0,0,0,0,0,0,super built up,mid,new,emaar mgf palm hills,gurgaon
0.85,86.4,2,2,2,0,70,11,1,0,0,1,0,1,0,2,1,0,0,0,0,0,0,0,0,0,0,super built up,mid,new,aipl club residences,gurgaon
3.95,217.67,3,5,2,1,108,13,1,0,0,0,0,1,0,2,1,0,0,1,0,0,0,0,0,1,0,super built up,high,new,sobha city,gurgaon
2.5,158.96,3,3,2,0,108,13,1,0,0,0,0,1,0,2,1,0,0,1,0,0,0,0,0,1,0,super built up,high,new,sobha city,gurgaon
2.05,241.55,4,4,3,1,56,46,5,0,0,0,1,2,14,0,0,0,3,0,1,0,2,1,0,0,4,super built up,mid,new,the lions cghs,gurgaon
2.45,278.71,4,4,3,1,56,46,5,0,0,0,1,2,14,0,0,0,3,0,1,0,2,1,0,0,4,super built up,low,new,meditech apartment,gurgaon
1.5,185.81,3,3,3,1,56,45,6,0,0,0,1,2,14,5,0,0,3,0,1,0,2,1,0,0,4,super built up,mid,new,kiran residency,gurgaon
1.45,176.52,3,3,3,1,52,47,7,0,0,0,1,0,13,0,0,0,4,0,1,0,2,1,0,0,4,super built up,mid,new,shree kirpalu gi sector 52,gurgaon
1.2,152.36,2,2,3,0,85,13,1,0,0,1,0,1,0,2,1,0,0,1,0,1,0,0,0,1,0,super built up,mid,new,ss the leaf,gurgaon
2.4,153.29,3,3,3,1,65,6,1,0,0,0,0,0,0,0,1,0,0,0,0,1,0,0,0,0,0,super built up,low,new,emaar mgf emerald floors premier,gurgaon
2.5,198.07,3,3,2,1,81,9,1,0,0,0,0,0,0,2,1,0,1,0,0,0,0,0,0,0,0,super built up,high,new,dlf the ultima,gurgaon
1.55,159.79,3,3,3,1,83,10,0,0,0,1,0,0,0,0,0,0,0,0,0,0,0,0,0,0,0,super built up,mid,new,emaar palm gardens,gurgaon
1.76,176.52,3,3,3,1,83,10,0,0,0,1,0,0,0,0,0,0,0,0,0,0,0,0,0,0,0,super built up,mid,new,emaar palm gardens,gurgaon
1.76,176.52,3,3,3,1,83,10,0,0,0,1,0,0,0,0,0,0,0,0,0,0,0,0,0,0,0,super built up,mid,new,emaar palm gardens,gurgaon
1.4,210.15,3,4,2,1,80,10,4,0,0,0,0,0,0,0,0,0,0,0,4,0,0,0,0,0,2,super built up,high,old,godrej frontier,gurgaon
1.1,179.12,3,3,3,1,80,10,4,0,0,0,0,0,0,0,0,0,0,0,4,0,0,0,0,0,2,super built up,high,old,godrej frontier,gurgaon
2.45,198.07,3,3,2,1,81,9,1,0,0,0,0,0,0,2,1,0,1,0,0,0,0,0,0,0,0,super built up,high,new,dlf the ultima,gurgaon
3.8,201.04,3,4,1,1,58,13,1,0,0,1,0,2,0,2,1,0,1,0,0,0,0,0,0,0,0,super built up,high,old,ireo the grand arch,gurgaon
5.75,216.37,3,4,3,1,54,15,4,0,0,0,2,0,1,5,0,0,1,0,0,0,0,1,0,0,0,super built up,high,new,dlf park place,gurgaon
10.0,378.3,4,5,3,1,54,9,1,0,0,1,0,0,0,0,1,0,1,0,0,1,0,0,1,0,0,super built up,high,old,dlf the belaire,gurgaon
6.2,249.44,3,4,3,1,28,11,2,0,0,2,0,0,0,3,1,0,1,0,0,0,0,1,0,0,0,super built up,high,new,suncity platinum towers,gurgaon
1.75,176.52,3,3,3,1,83,10,0,0,0,1,0,0,0,0,0,0,0,0,0,0,0,0,0,0,0,super built up,mid,new,emaar palm gardens,gurgaon
2.4,198.07,3,3,2,1,81,9,1,0,0,0,0,0,0,2,1,0,1,0,0,0,0,0,0,0,0,super built up,high,new,dlf the ultima,gurgaon
1.75,176.52,3,3,3,1,83,10,0,0,0,1,0,0,0,0,0,0,0,0,0,0,0,0,0,0,0,super built up,mid,new,emaar palm gardens,gurgaon
1.4,210.15,3,4,2,1,80,10,4,0,0,0,0,0,0,0,0,0,0,0,4,0,0,0,0,0,2,super built up,mid,old,godrej frontier,gurgaon
0.24,427.038,2,2,1,1,95,3,3,0,0,0,0,0,0,0,0,0,0,0,0,0,0,0,0,0,0,carpet,high,new,ramsons kshitij,gurgaon
0.17,298.4,1,1,1,0,95,3,3,0,0,0,0,0,0,0,0,0,0,0,0,0,0,0,0,0,0,carpet,high,new,ramsons kshitij,gurgaon
0.31,564.7909999999999,2,2,1,1,95,5,4,0,0,0,0,0,0,0,0,0,0,0,1,0,0,0,0,0,0,carpet,low,new,ramsons kshitij,gurgaon
0.33,510.196,2,2,1,0,95,14,0,0,0,0,0,0,0,0,1,1,1,2,0,0,0,2,0,0,1,carpet,high,new,rof ananda,gurgaon
0.38,598.4069999999999,3,2,1,0,95,14,0,0,0,0,0,0,0,0,1,1,1,2,0,0,0,2,0,0,1,carpet,high,new,rof ananda,gurgaon
0.21,319.596,1,1,1,0,95,14,0,0,0,0,0,0,0,0,1,1,1,2,0,0,0,2,0,0,1,carpet,high,new,rof ananda,gurgaon
0.2,34.01,1,1,1,0,95,14,0,0,0,0,0,0,0,0,1,1,1,2,0,0,0,2,0,0,1,carpet,high,new,rof ananda,gurgaon
1.2,150.5,3,3,3,1,71,15,2,1,0,0,0,2,1,0,1,0,0,0,0,1,0,2,0,0,0,super built up,mid,new,chd avenue 71,gurgaon
1.26,112.88,2,2,3,0,102,13,1,0,0,1,1,0,0,2,1,0,0,1,0,1,0,0,1,0,0,super built up,mid,new,shapoorji pallonji joyville gurugram,gurgaon
1.34,166.3,3,3,3,1,103,15,1,0,0,1,1,1,0,3,1,1,1,2,0,1,0,0,0,0,0,super built up,high,new,indiabulls centrum park,gurgaon
2.5,292.64,4,4,3,1,104,13,1,0,0,1,0,2,0,3,1,0,1,1,0,1,0,1,0,0,0,super built up,high,new,ats triumph,gurgaon
3.7,274.06,4,5,3,1,111,10,1,0,0,1,0,0,0,2,1,0,2,1,0,0,0,0,0,0,0,super built up,high,new,puri diplomatic greens,gurgaon
0.6,139.35,3,2,2,0,1,11,5,0,0,0,0,0,0,0,0,0,0,0,3,0,0,0,0,0,2,super built up,mid,old,hsiidc sidco shivalik apartments,manesar
2.2,319.03,4,4,3,1,84,10,1,0,0,1,1,1,1,3,0,0,0,0,0,0,0,0,0,0,0,super built up,high,new,alpha corp gurgaonone 84,gurgaon
7.0,278.71,4,6,3,1,54,9,1,0,0,1,0,0,0,0,1,0,1,0,0,1,0,0,1,0,0,super built up,high,old,dlf the belaire,gurgaon
2.6,292.64,4,4,3,1,104,13,1,0,0,1,0,2,0,3,1,0,1,1,0,1,0,1,0,0,0,super built up,high,new,ats triumph,gurgaon
5.8,281.03,3,4,3,1,59,15,1,0,0,1,0,1,1,2,1,0,2,0,0,0,0,0,1,0,0,carpet,high,new,mahindra luminare,gurgaon
1.8,181.16,3,3,3,1,70,15,2,0,0,1,0,2,3,0,0,0,0,0,1,0,0,0,0,0,0,super built up,high,new,shree vardhman victoria,gurgaon
1.4,132.29,2,2,2,0,74,7,1,0,0,2,0,1,0,2,1,0,0,1,0,0,0,0,0,0,0,super built up,high,new,m3m skywalk,gurgaon
2.05,261.24,4,4,3,1,85,13,1,0,0,1,0,1,0,2,1,0,0,1,0,1,0,0,0,1,0,super built up,mid,new,ss the leaf,gurgaon
1.17,161.74,2,3,3,1,85,13,1,0,0,1,0,1,0,2,1,0,0,1,0,1,0,0,0,1,0,super built up,high,new,ss the leaf,gurgaon
1.58,179.21,3,3,1,1,86,10,0,0,0,1,0,0,0,3,1,0,0,0,0,1,0,0,0,0,0,super built up,high,new,dlf the skycourt,gurgaon
1.25,158.12,3,3,3,1,90,14,0,0,0,0,2,0,0,0,0,0,0,0,0,0,0,0,0,0,0,super built up,high,new,dlf regal gardens,gurgaon
0.37,59.84,3,2,1,1,95,14,0,0,0,0,0,0,0,0,1,1,1,2,0,0,0,2,0,0,1,carpet,mid,new,rof ananda,gurgaon
0.38,59.84,3,2,1,1,95,14,0,0,0,0,0,0,0,0,1,1,1,2,0,0,0,2,0,0,1,carpet,low,new,rof ananda,gurgaon
0.32,51.02,2,2,1,1,95,14,0,0,0,0,0,0,0,0,1,1,1,2,0,0,0,2,0,0,1,carpet,high,new,rof ananda,gurgaon
0.32,51.02,2,2,1,1,95,14,0,0,0,0,0,0,0,0,1,1,1,2,0,0,0,2,0,0,1,carpet,high,new,rof ananda,gurgaon
0.2,34.01,1,1,1,1,95,14,0,0,0,0,0,0,0,0,1,1,1,2,0,0,0,2,0,0,1,carpet,high,new,rof ananda,gurgaon
0.2,34.01,1,1,1,1,95,14,0,0,0,0,0,0,0,0,1,1,1,2,0,0,0,2,0,0,1,carpet,low,new,rof ananda,gurgaon
1.22,213.68,3,5,3,1,82,10,0,0,0,1,0,0,0,1,0,0,0,0,0,0,0,0,0,0,0,super built up,high,new,mapsko royale ville,gurgaon
1.35,178.19,3,3,3,1,84,10,1,0,0,1,0,1,0,2,1,0,0,1,0,0,0,0,0,0,0,super built up,mid,new,spaze privy at4,gurgaon
0.55,59.37,2,2,1,0,71,15,1,0,0,0,0,1,2,1,1,0,0,0,1,0,0,0,0,0,0,super built up,mid,new,signature andour heights,gurgaon
1.12,194.17,4,4,2,1,92,8,4,0,0,0,0,0,0,0,0,0,0,0,4,0,0,0,0,0,0,carpet,high,new,sare homes,gurgaon
1.1,191.1,4,4,3,1,92,8,4,0,0,0,0,0,0,0,0,0,0,0,4,0,0,0,0,0,0,carpet,mid,new,sare homes,gurgaon
0.68,120.59,3,3,2,1,92,8,4,0,0,0,0,0,0,0,0,0,0,0,4,0,0,0,0,0,0,carpet,high,new,sare homes,gurgaon
1.19,211.82,4,3,3,1,92,8,4,0,0,0,0,0,0,0,0,0,0,0,4,0,0,0,0,0,0,carpet,high,new,sare homes,gurgaon
0.47,58.71,2,2,1,1,102,12,1,0,0,0,0,0,0,1,1,0,0,0,0,0,1,1,1,0,0,super built up,mid,new,suncity avenue 102,gurgaon
2.95,292.64,4,4,3,1,109,15,0,0,0,0,1,0,3,3,1,0,0,0,1,0,1,0,1,1,0,built up,mid,new,ats kocoon,gurgaon
0.98,145.39,2,2,3,1,2,10,1,0,0,1,1,0,0,2,1,1,1,0,0,0,0,0,0,0,0,super built up,high,old,bestech park view residency,gurgaon
1.55,178.37,3,4,3,1,2,10,1,0,0,1,1,0,0,2,1,1,1,0,0,0,0,0,0,0,0,super built up,high,old,bestech park view residency,gurgaon
1.01,131.46,2,2,3,0,2,10,1,0,0,1,1,0,0,2,1,1,1,0,0,0,0,0,0,0,0,super built up,high,old,bestech park view residency,gurgaon
1.51,178.37,3,4,3,1,2,10,1,0,0,1,1,0,0,2,1,1,1,0,0,0,0,0,0,0,0,super built up,high,old,bestech park view residency,gurgaon
1.4,165.37,3,3,3,0,2,10,1,0,0,1,1,0,0,2,1,1,1,0,0,0,0,0,0,0,0,super built up,high,old,bestech park view residency,gurgaon
1.59,178.37,3,4,3,1,2,10,1,0,0,1,1,0,0,2,1,1,1,0,0,0,0,0,0,0,0,super built up,high,old,bestech park view residency,gurgaon
0.56,60.48,1,2,2,0,2,10,1,0,0,1,1,0,0,2,1,1,1,0,0,0,0,0,0,0,0,carpet,mid,old,bestech park view residency,gurgaon
2.0,199.65,3,4,3,1,102,15,0,0,0,2,0,1,0,2,1,1,1,1,0,1,0,0,0,1,0,super built up,high,new,conscient heritage max,gurgaon
1.35,153.29,3,4,3,1,102,10,1,0,0,1,0,1,0,2,1,0,0,1,0,0,0,0,0,0,0,super built up,high,new,emaar gurgaon greens,gurgaon
1.9,253.35,3,3,3,1,102,10,1,0,0,1,0,1,0,1,1,1,0,1,0,0,0,0,1,0,1,super built up,low,new,bptp amstoria,gurgaon
1.7,180.42,3,4,3,1,102,15,0,0,0,2,0,1,0,2,1,1,1,1,0,1,0,0,0,1,0,super built up,high,new,conscient heritage max,gurgaon
1.15,163.51,3,3,3,1,106,11,1,0,0,1,0,1,0,2,1,0,1,1,0,1,0,0,0,0,0,super built up,high,new,paras dews,gurgaon
1.1,175.59,3,3,3,0,84,13,1,0,0,1,0,1,0,2,1,0,0,1,0,0,0,0,0,1,0,super built up,high,old,ss the coralwood,gurgaon
1.3,153.29,3,3,3,1,102,10,1,0,0,1,0,1,0,2,1,0,0,1,0,0,0,0,0,0,0,super built up,mid,new,emaar gurgaon greens,gurgaon
4.85,266.07,4,5,3,1,58,13,1,0,0,1,0,2,0,2,1,0,1,0,0,0,0,0,0,0,0,carpet,high,new,ireo the grand arch,gurgaon
2.2,127.74,2,2,1,1,58,13,1,0,0,1,0,2,0,2,1,0,1,0,0,0,0,0,0,0,0,carpet,mid,new,ireo the grand arch,gurgaon
1.25,163.32,3,3,3,1,108,9,1,0,0,1,0,1,0,1,1,0,0,1,0,0,0,0,0,0,0,super built up,low,new,experion the heartsong,gurgaon
1.55,186.08,3,3,3,1,108,9,1,0,0,1,0,1,0,1,1,0,0,1,0,0,0,0,0,0,0,super built up,mid,new,experion the heartsong,gurgaon
1.9,172.06,3,3,3,1,102,13,1,0,0,1,1,0,0,2,1,0,0,1,0,1,0,0,1,0,0,super built up,high,new,shapoorji pallonji joyville gurugram,gurgaon
1.6,185.34,3,4,3,1,92,11,1,0,0,1,0,1,0,3,1,0,0,2,0,1,0,0,0,0,0,super built up,high,new,bestech park view sanskruti,gurgaon
3.0,195.1,4,5,3,1,66,14,1,0,0,0,0,2,0,2,1,0,1,0,0,0,0,0,1,0,0,super built up,high,new,emaar mgf the palm drive,gurgaon
2.2,127.74,2,2,2,0,58,13,1,0,0,1,0,2,0,2,1,0,1,0,0,0,0,0,0,0,0,super built up,mid,new,ireo the grand arch,gurgaon
5.2,450.39,4,6,3,1,112,8,2,0,0,0,0,1,0,1,1,1,0,1,0,0,0,0,0,0,0,super built up,high,new,experion windchants,gurgaon
2.35,165.09,3,4,3,1,28,47,6,0,0,0,1,0,12,0,0,0,2,0,0,0,3,0,0,0,5,super built up,high,old,dlf regency park 2,gurgaon
2.77,183.48,4,4,3,1,65,6,1,0,0,0,0,0,0,0,1,0,0,0,0,1,0,0,0,0,0,carpet,low,new,emaar mgf emerald floors premier,gurgaon
2.7,153.29,3,3,3,1,65,6,1,0,0,0,0,0,0,0,1,0,0,0,0,1,0,0,0,0,0,carpet,mid,new,emaar mgf emerald floors premier,gurgaon
2.35,153.29,3,3,3,1,65,6,1,0,0,0,0,0,0,0,1,0,0,0,0,1,0,0,0,0,0,carpet,low,new,emaar mgf emerald floors premier,gurgaon
2.79,183.48,4,4,3,1,65,6,1,0,0,0,0,0,0,0,1,0,0,0,0,1,0,0,0,0,0,carpet,low,new,emaar mgf emerald floors premier,gurgaon
2.3,153.29,3,4,3,1,65,6,1,0,0,0,0,0,0,0,1,0,0,0,0,1,0,0,0,0,0,carpet,low,new,emaar mgf emerald floors premier,gurgaon
2.1,222.97,3,4,3,1,56,47,7,0,0,0,1,0,13,0,0,0,4,0,1,0,2,1,0,0,4,super built up,high,old,the lions cghs,gurgaon
1.35,120.77,3,2,2,1,56,47,6,0,0,0,1,1,13,0,0,0,4,0,1,0,2,1,0,0,4,super built up,low,old,rail vihar cghs,gurgaon
2.23,227.61,3,4,3,1,104,13,1,0,0,1,0,3,0,3,1,1,1,1,0,1,0,0,0,0,0,super built up,high,new,puri emerald bay,gurgaon
2.08,244.43,4,4,3,1,108,9,1,0,0,1,0,1,0,1,1,0,0,1,0,0,0,0,0,0,0,built up,low,new,experion the heartsong,gurgaon
1.3,163.32,3,3,3,1,108,9,1,0,0,1,0,1,0,1,1,0,0,1,0,0,0,0,0,0,0,super built up,mid,new,experion the heartsong,gurgaon
0.48,58.71,2,2,1,1,102,12,1,0,0,0,0,0,0,1,1,0,0,0,0,0,1,1,1,0,0,super built up,mid,new,suncity avenue 102,gurgaon
2.33,158.96,3,3,3,1,108,13,1,0,0,0,0,1,0,2,1,0,0,1,0,0,0,0,0,1,0,built up,high,new,sobha city,gurgaon
1.75,225.75,3,3,3,1,48,45,12,0,0,0,2,3,11,0,0,0,0,0,1,0,1,0,1,0,0,super built up,mid,old,parsvnath green ville,gurgaon
1.6,177.44,3,3,3,1,48,44,14,0,0,0,0,1,2,0,0,0,0,0,0,0,1,0,0,0,0,super built up,high,old,parsvnath green ville,gurgaon
1.5,158.59,3,3,3,0,48,44,14,0,0,0,0,1,2,0,0,0,0,0,0,0,1,0,0,0,0,super built up,low,old,parsvnath green ville,gurgaon
1.9,167.69,3,3,3,1,49,13,3,0,0,1,0,0,1,2,0,0,0,0,0,1,1,0,0,0,0,super built up,low,old,orchid petals,gurgaon
3.7,260.13,4,5,3,1,60,7,1,0,0,0,0,1,0,1,1,0,1,0,0,0,0,0,0,0,0,super built up,high,new,ireo skyon,gurgaon
3.75,260.13,4,5,3,1,60,7,1,0,0,0,0,1,0,1,1,0,1,0,0,0,0,0,0,0,0,super built up,high,new,ireo skyon,gurgaon
3.4,219.07,3,4,3,1,67,10,1,0,0,1,0,1,0,2,1,0,0,0,0,1,0,0,1,0,0,super built up,high,new,m3m merlin,gurgaon
2.2,194.63,3,4,3,1,109,15,0,0,0,0,1,0,3,3,1,0,0,0,1,0,1,0,1,1,0,super built up,high,new,ats kocoon,gurgaon
0.83,115.66,2,2,2,1,83,10,0,0,0,1,0,0,0,2,1,0,1,2,0,0,0,0,0,0,0,super built up,high,new,vatika gurgaon 21,gurgaon
1.45,153.29,3,3,3,1,102,10,1,0,0,1,0,1,0,2,1,0,0,1,0,0,0,0,0,0,0,super built up,mid,new,emaar gurgaon greens,gurgaon
1.77,169.73,3,3,3,0,102,13,1,0,0,1,1,0,0,2,1,0,0,1,0,1,0,0,1,0,0,super built up,low,new,shapoorji pallonji joyville gurugram,gurgaon
0.97,85.01,2,2,2,0,102,13,1,0,0,1,1,0,0,2,1,0,0,1,0,1,0,0,1,0,0,super built up,high,new,shapoorji pallonji joyville gurugram,gurgaon
2.35,241.36,3,3,3,1,102,11,1,0,0,1,0,2,0,4,1,0,0,1,0,1,0,0,0,0,0,super built up,high,new,adani m2k oyster grande,gurgaon
1.9,175.49,3,4,3,1,102,11,1,0,0,1,0,2,0,4,1,0,0,1,0,1,0,0,0,0,0,super built up,high,new,adani m2k oyster grande,gurgaon
0.43,46.54,2,2,1,1,86,9,0,0,0,1,0,0,0,1,0,0,0,0,0,0,0,0,0,0,0,carpet,mid,new,pyramid urban homes 2,gurgaon
1.62,181.16,3,5,3,1,70,15,2,0,0,1,0,2,3,0,0,0,0,0,1,0,0,0,0,0,0,super built up,high,new,shree vardhman victoria,gurgaon
1.93,223.71,3,4,3,1,85,13,1,0,0,1,0,1,0,2,1,0,0,1,0,1,0,0,0,1,0,super built up,mid,new,ss the leaf,gurgaon
1.99,223.71,3,4,3,1,85,13,1,0,0,1,0,1,0,2,1,0,0,1,0,1,0,0,0,1,0,super built up,high,new,ss the leaf,gurgaon
1.23,125.42,2,2,3,1,70,15,2,0,0,1,0,2,3,0,0,0,0,0,1,0,0,0,0,0,0,super built up,low,new,shree vardhman victoria,gurgaon
1.63,181.16,3,5,3,1,70,15,2,0,0,1,0,2,3,0,0,0,0,0,1,0,0,0,0,0,0,super built up,high,new,shree vardhman victoria,gurgaon
1.64,181.16,3,5,3,1,70,15,2,0,0,1,0,2,3,0,0,0,0,0,1,0,0,0,0,0,0,super built up,low,new,shree vardhman victoria,gurgaon
1.25,125.42,2,2,3,1,70,15,2,0,0,1,0,2,3,0,0,0,0,0,1,0,0,0,0,0,0,super built up,low,new,shree vardhman victoria,gurgaon
1.9,283.82,4,4,3,1,109,11,6,0,0,0,0,0,0,0,0,3,0,0,0,0,0,0,0,0,0,super built up,high,new,sbtl caladium,gurgaon
1.2,174.66,3,2,2,0,109,11,6,0,0,0,0,0,0,0,0,3,0,0,0,0,0,0,0,0,0,super built up,high,new,sbtl caladium,gurgaon
1.63,236.44,3,3,2,1,109,11,6,0,0,0,0,0,0,0,0,3,0,0,0,0,0,0,0,0,0,super built up,high,new,sbtl caladium,gurgaon
1.23,162.02,3,3,2,1,90,14,0,0,0,0,2,0,0,0,0,0,0,0,0,0,0,0,0,0,0,super built up,high,new,dlf regal gardens,gurgaon
0.43,46.54,2,2,1,1,86,9,0,0,0,1,0,0,0,1,0,0,0,0,0,0,0,0,0,0,0,carpet,mid,new,pyramid urban homes 2,gurgaon
1.07,152.36,2,2,3,1,85,13,1,0,0,1,0,1,0,2,1,0,0,1,0,1,0,0,0,1,0,super built up,high,new,ss the leaf,gurgaon
1.73,237.83,4,5,3,1,85,15,1,0,0,1,0,0,0,6,1,0,1,0,0,0,0,1,0,0,0,super built up,high,new,orris aster court premier,gurgaon
1.45,196.95,3,4,2,1,85,15,1,0,0,1,0,0,0,6,1,0,1,0,0,0,0,1,0,0,0,super built up,low,new,orris aster court premier,gurgaon
1.87,167.13,3,3,3,1,82,7,1,0,0,0,0,0,0,0,1,0,0,0,0,0,0,0,0,0,0,super built up,high,old,dlf the primus,gurgaon
1.85,168.9,3,3,3,1,82,7,1,0,0,0,0,0,0,0,1,0,0,0,0,0,0,0,0,0,0,super built up,high,old,dlf the primus,gurgaon
1.75,205.78,4,4,3,1,90,14,0,0,0,0,2,0,0,0,0,0,0,0,0,0,0,0,0,0,0,super built up,low,new,dlf regal gardens,gurgaon
1.23,137.5,2,2,3,1,86,10,1,0,0,1,0,0,0,3,1,0,0,1,0,0,0,0,0,0,0,super built up,high,new,microtek greenburg,gurgaon
1.25,137.5,2,2,3,1,86,10,1,0,0,1,0,0,0,3,1,0,0,1,0,0,0,0,0,0,0,super built up,high,old,microtek greenburg,gurgaon
5.6,450.39,4,6,3,1,112,8,2,0,0,0,0,1,0,1,1,1,0,1,0,0,0,0,0,0,0,super built up,high,new,experion windchants,gurgaon
1.45,168.15,3,3,3,1,81,9,0,0,0,1,0,0,0,1,0,0,1,1,0,0,0,0,0,0,0,super built up,high,new,bestech park view ananda,gurgaon
2.7,239.32,4,4,3,1,82,7,1,0,0,0,0,0,0,0,1,0,0,0,0,0,0,0,0,0,0,super built up,high,old,dlf the primus,gurgaon
0.42,46.54,2,2,1,1,86,9,0,0,0,1,0,0,0,1,0,0,0,0,0,0,0,0,0,0,0,carpet,low,new,pyramid urban homes 2,gurgaon
3.45,259.39,4,4,3,1,81,9,1,0,0,0,0,0,0,2,1,0,1,0,0,0,0,0,0,0,0,super built up,high,old,dlf the ultima,gurgaon
3.25,255.76,4,4,3,1,81,9,1,0,0,0,0,0,0,2,1,0,1,0,0,0,0,0,0,0,0,super built up,high,old,dlf the ultima,gurgaon
0.35,85.94,2,2,1,0,37,4,1,0,0,1,0,0,0,2,0,0,0,0,0,0,0,0,0,0,0,super built up,mid,new,apex our homes,gurgaon
0.33,85.94,2,2,1,0,37,4,1,0,0,1,0,0,0,2,0,0,0,0,0,0,0,0,0,0,0,super built up,low,new,apex our homes,gurgaon
1.1,167.23,3,3,3,0,37,10,0,0,0,1,1,1,0,2,1,0,0,2,0,1,0,0,0,0,0,super built up,mid,new,ramprastha primera,gurgaon
1.08,167.23,3,3,3,0,37,10,0,0,0,1,1,1,0,2,1,0,0,2,0,1,0,0,0,0,0,super built up,high,new,ramprastha primera,gurgaon
1.4,168.25,3,3,3,0,37,11,1,0,0,1,0,1,0,2,1,0,0,1,0,1,0,0,0,0,0,super built up,mid,new,bptp terra,gurgaon
1.65,203.55,4,3,3,0,37,11,1,0,0,1,0,1,0,2,1,0,0,1,0,1,0,0,0,0,0,super built up,mid,new,bptp terra,gurgaon
1.67,203.55,4,4,3,0,37,11,1,0,0,1,0,1,0,2,1,0,0,1,0,1,0,0,0,0,0,super built up,high,new,bptp terra,gurgaon
1.45,168.25,3,3,3,0,37,11,1,0,0,1,0,1,0,2,1,0,0,1,0,1,0,0,0,0,0,super built up,high,new,bptp terra,gurgaon
2.61,241.36,3,3,3,1,102,11,1,0,0,1,0,2,0,4,1,0,0,1,0,1,0,0,0,0,0,super built up,high,new,adani m2k oyster grande,gurgaon
1.32,157.47,3,3,3,1,103,15,1,0,0,1,1,1,0,3,1,1,1,2,0,1,0,0,0,0,0,super built up,mid,new,indiabulls centrum park,gurgaon
1.45,153.29,3,3,3,1,102,10,1,0,0,1,0,1,0,2,1,0,0,1,0,0,0,0,0,0,0,super built up,high,new,emaar gurgaon greens,gurgaon
0.28,453.46899999999994,1,1,2,1,33,7,1,0,0,1,0,0,0,2,1,0,0,0,0,1,0,0,0,0,0,carpet,low,new,signature the serenas,sohna
0.73,117.43,2,2,3,1,33,7,1,0,0,0,0,0,0,2,0,0,0,1,0,0,0,0,0,0,0,super built up,mid,new,eldeco accolade,sohna
0.71,135.36,2,2,3,1,33,7,1,0,0,0,0,0,0,2,0,0,0,1,0,0,0,0,0,0,0,super built up,high,new,eldeco accolade,sohna
0.66,117.43,2,2,3,1,33,7,1,0,0,0,0,0,0,2,0,0,0,1,0,0,0,0,0,0,0,super built up,high,new,eldeco accolade,sohna
0.9,133.69,3,3,3,1,33,8,1,0,0,0,0,0,0,2,1,1,1,0,0,0,0,0,0,0,0,carpet,low,new,signature global park,sohna
0.78,112.41,3,3,3,1,33,8,1,0,0,0,0,0,0,2,1,1,1,0,0,0,0,0,0,0,0,carpet,low,new,signature global park,sohna
0.7,107.12,3,3,3,1,33,8,1,0,0,0,0,0,0,2,1,1,1,0,0,0,0,0,0,0,0,carpet,low,new,signature global park,sohna
0.53,78.5,2,2,2,1,33,8,1,0,0,0,0,0,0,2,1,1,1,0,0,0,0,0,0,0,0,carpet,low,new,signature global park,sohna
0.52,76.37,2,2,2,1,33,8,1,0,0,0,0,0,0,2,1,1,1,0,0,0,0,0,0,0,0,carpet,low,new,signature global park,sohna
0.91,133.69,3,3,3,1,33,8,1,0,0,0,0,0,0,2,1,1,1,0,0,0,0,0,0,0,0,carpet,low,new,signature global park,sohna
0.53,76.37,2,2,2,1,33,8,1,0,0,0,0,0,0,2,1,1,1,0,0,0,0,0,0,0,0,carpet,low,new,signature global park,sohna
1.2,161.19,3,4,3,0,37,13,0,0,0,1,0,1,0,3,1,1,0,1,0,1,0,0,0,0,0,super built up,high,new,corona optus,gurgaon
1.22,163.97,3,4,3,0,37,13,0,0,0,1,0,1,0,3,1,1,0,1,0,1,0,0,0,0,0,super built up,mid,new,corona optus,gurgaon
1.4,184.88,3,3,3,1,37,13,0,0,0,1,0,1,0,3,1,1,0,1,0,1,0,0,0,0,0,super built up,mid,new,corona optus,gurgaon
0.73,117.89,2,2,3,1,33,7,1,0,0,0,0,0,0,2,0,0,0,1,0,0,0,0,0,0,0,super built up,high,new,eldeco accolade,sohna
0.72,135.36,2,2,3,1,33,7,1,0,0,0,0,0,0,2,0,0,0,1,0,0,0,0,0,0,0,super built up,high,new,eldeco accolade,sohna
0.72,117.43,2,2,3,0,33,7,1,0,0,0,0,0,0,2,0,0,0,1,0,0,0,0,0,0,0,carpet,high,new,eldeco accolade,sohna
0.72,112.41,2,2,3,1,33,8,1,0,0,0,0,0,0,2,1,1,1,0,0,0,0,0,0,0,0,super built up,low,new,signature global park,sohna
0.54,78.5,2,2,2,1,33,8,1,0,0,0,0,0,0,2,1,1,1,0,0,0,0,0,0,0,0,carpet,mid,new,signature global park,sohna
0.67,112.41,2,2,3,1,33,8,1,0,0,0,0,0,0,2,1,1,1,0,0,0,0,0,0,0,0,super built up,mid,new,signature global park,sohna
0.78,112.41,3,3,3,1,33,8,1,0,0,0,0,0,0,2,1,1,1,0,0,0,0,0,0,0,0,carpet,low,new,signature global park,sohna
0.65,107.12,2,2,2,1,33,8,1,0,0,0,0,0,0,2,1,1,1,0,0,0,0,0,0,0,0,super built up,low,new,signature global park,sohna
3.5,274.06,4,5,3,1,111,10,1,0,0,1,0,0,0,2,1,0,2,1,0,0,0,0,0,0,0,super built up,high,new,puri diplomatic greens,gurgaon
4.85,346.62,4,4,3,1,66,15,2,0,0,0,2,0,2,8,0,0,0,0,0,0,0,0,0,0,0,super built up,high,new,ireo uptown,gurgaon
1.9,253.35,4,4,3,1,90,6,1,0,0,0,0,0,0,1,1,0,0,0,0,1,0,0,0,0,0,super built up,high,new,dlf new town heights 1,gurgaon
1.56,185.53,3,5,3,1,99,15,2,0,0,1,2,1,3,4,1,0,0,0,0,1,0,0,0,0,0,super built up,mid,new,pareena coban residences,gurgaon
4.0,269.88,4,5,3,1,72,10,1,0,0,0,0,2,0,2,0,0,1,0,0,1,0,0,0,0,0,super built up,high,new,tata primanti,gurgaon
3.0,190.17,3,3,3,1,67,10,1,0,0,1,0,1,0,2,1,0,0,0,0,1,0,0,1,0,0,super built up,mid,new,m3m merlin,gurgaon
3.3,199.28,3,3,3,1,72,10,1,0,0,0,0,2,0,2,0,0,1,0,0,1,0,0,0,0,0,super built up,high,new,tata primanti,gurgaon
2.1,178.37,3,4,2,1,66,14,0,0,0,2,0,0,0,0,0,0,0,0,0,0,0,0,0,0,0,super built up,high,new,emaar mgf the enclave,gurgaon
1.9,178.37,3,4,2,1,66,14,0,0,0,2,0,0,0,0,0,0,0,0,0,0,0,0,0,0,0,super built up,high,new,emaar mgf the enclave,gurgaon
2.4,170.66,3,2,3,1,66,15,2,0,0,0,2,0,2,8,0,0,0,0,0,0,0,0,0,0,0,super built up,mid,new,ireo uptown,gurgaon
1.52,130.06,2,2,3,1,74,7,1,0,0,2,0,1,0,2,1,0,0,1,0,0,0,0,0,0,0,super built up,mid,new,m3m skywalk,gurgaon
1.48,130.06,2,2,3,1,74,7,1,0,0,2,0,1,0,2,1,0,0,1,0,0,0,0,0,0,0,super built up,high,new,m3m skywalk,gurgaon
2.29,247.12,3,4,3,1,81,9,0,0,0,1,0,0,0,1,0,0,0,1,0,0,0,0,0,0,0,super built up,high,new,bestech park view grand spa,gurgaon
4.0,201.04,3,4,3,1,58,13,1,0,0,1,0,2,0,2,1,0,1,0,0,0,0,0,0,0,0,super built up,mid,old,ireo the grand arch,gurgaon
3.6,315.87,4,5,3,1,110,15,1,0,0,1,1,0,0,3,1,1,1,2,0,0,0,0,0,0,0,super built up,mid,new,indiabulls enigma,gurgaon
1.38,132.85,3,3,2,0,2,11,0,0,0,1,1,0,0,1,0,0,1,0,0,0,0,0,0,0,0,super built up,low,new,suncity vatsal valley,gurgaon
2.2,194.63,3,4,3,1,109,15,0,0,0,0,1,0,3,3,1,0,0,0,1,0,1,0,1,1,0,super built up,high,new,ats kocoon,gurgaon
4.49,360.46,5,5,3,1,110,15,1,0,0,1,1,0,0,3,1,1,1,2,0,0,0,0,0,0,0,super built up,mid,new,indiabulls enigma,gurgaon
3.49,315.87,4,5,3,1,110,15,1,0,0,1,1,0,0,3,1,1,1,2,0,0,0,0,0,0,0,super built up,mid,new,indiabulls enigma,gurgaon
3.7,315.87,4,5,3,1,110,15,1,0,0,1,1,0,0,3,1,1,1,2,0,0,0,0,0,0,0,super built up,mid,new,indiabulls enigma,gurgaon
1.42,153.29,3,3,3,1,102,10,1,0,0,1,0,1,0,2,1,0,0,1,0,0,0,0,0,0,0,super built up,mid,new,emaar gurgaon greens,gurgaon
4.5,296.55,4,4,3,1,67,11,1,0,0,1,0,1,0,2,1,0,0,0,0,1,0,0,0,0,0,super built up,high,new,ireo victory valley,gurgaon
1.85,212.75,3,3,3,1,104,13,1,0,0,1,0,2,0,3,1,0,1,1,0,1,0,1,0,0,0,super built up,high,new,ats triumph,gurgaon
2.62,292.64,4,4,3,1,104,13,1,0,0,1,0,2,0,3,1,0,1,1,0,1,0,1,0,0,0,super built up,high,new,ats triumph,gurgaon
1.1,165.83,3,3,3,0,83,10,0,0,0,1,0,0,0,2,1,0,1,2,0,0,0,0,0,0,0,super built up,mid,new,vatika gurgaon 21,gurgaon
1.33,144.84,2,2,3,1,79,10,0,0,0,0,0,0,0,2,1,0,0,0,0,0,0,0,0,1,0,super built up,mid,new,godrej 101,gurgaon
1.34,146.04,2,2,3,1,79,10,0,0,0,0,0,0,0,2,1,0,0,0,0,0,0,0,0,1,0,super built up,low,new,godrej 101,gurgaon
1.18,128.48,2,2,3,0,79,10,0,0,0,0,0,0,0,2,1,0,0,0,0,0,0,0,0,1,0,super built up,mid,new,godrej 101,gurgaon
0.95,134.24,2,2,3,0,83,10,0,0,0,1,0,0,0,2,1,0,1,2,0,0,0,0,0,0,0,super built up,mid,new,vatika gurgaon 21,gurgaon
0.98,134.24,2,2,3,0,83,10,0,0,0,1,0,0,0,2,1,0,1,2,0,0,0,0,0,0,0,super built up,mid,new,vatika gurgaon 21,gurgaon
1.15,163.51,3,4,3,1,106,11,1,0,0,1,0,1,0,2,1,0,1,1,0,1,0,0,0,0,0,super built up,high,new,paras dews,gurgaon
0.9,123.19,3,2,3,1,69,42,12,0,0,0,2,3,11,0,0,0,0,0,0,0,1,0,1,0,0,carpet,mid,new,tulip white,gurgaon
2.52,292.64,4,4,3,1,104,13,1,0,0,1,0,2,0,3,1,0,1,1,0,1,0,1,0,0,0,super built up,high,new,ats triumph,gurgaon
2.01,219.81,3,4,3,1,79,10,0,0,0,0,0,0,0,2,1,0,0,0,0,0,0,0,0,1,0,super built up,mid,new,godrej 101,gurgaon
1.93,210.15,3,4,3,1,79,10,0,0,0,0,0,0,0,2,1,0,0,0,0,0,0,0,0,1,0,super built up,mid,new,godrej 101,gurgaon
1.28,139.82,3,3,3,0,79,10,0,0,0,0,0,0,0,2,1,0,0,0,0,0,0,0,0,1,0,super built up,mid,new,godrej 101,gurgaon
1.91,208.47,3,4,3,1,79,10,0,0,0,0,0,0,0,2,1,0,0,0,0,0,0,0,0,1,0,super built up,mid,new,godrej 101,gurgaon
1.34,146.04,3,3,3,0,79,10,0,0,0,0,0,0,0,2,1,0,0,0,0,0,0,0,0,1,0,super built up,mid,new,godrej 101,gurgaon
1.7,162.12,3,3,3,0,109,15,0,0,0,0,1,0,3,3,1,0,0,0,1,0,1,0,1,1,0,super built up,high,new,ats kocoon,gurgaon
3.5,204.39,3,3,3,1,66,14,1,0,0,0,0,2,0,2,1,0,1,0,0,0,0,0,1,0,0,super built up,mid,old,emaar mgf the palm drive,gurgaon
1.83,216.0,4,3,3,1,92,11,1,0,0,1,0,1,0,3,1,0,0,2,0,1,0,0,0,0,0,super built up,high,new,bestech park view sanskruti,gurgaon
1.25,134.43,3,4,3,1,90,6,1,0,0,0,0,0,0,1,1,0,0,0,0,1,0,0,0,0,0,carpet,high,old,dlf new town heights 1,gurgaon
1.8,139.35,3,4,3,1,83,10,0,0,0,1,0,0,0,0,0,0,0,0,0,0,0,0,0,0,0,carpet,mid,new,emaar palm gardens,gurgaon
1.4,159.79,3,3,3,1,83,10,0,0,0,1,0,0,0,0,0,0,0,0,0,0,0,0,0,0,0,super built up,high,new,emaar palm gardens,gurgaon
1.54,130.06,2,2,3,1,74,7,1,0,0,2,0,1,0,2,1,0,0,1,0,0,0,0,0,0,0,super built up,high,new,m3m skywalk,gurgaon
6.0,227.61,3,4,3,1,53,10,1,0,0,1,0,1,0,2,1,0,1,0,0,1,0,0,0,0,0,super built up,mid,old,vipul belmonte,gurgaon
4.85,174.19,3,4,3,1,54,15,4,0,0,0,2,0,1,5,0,0,1,0,0,0,0,1,0,0,0,super built up,high,new,dlf park place,gurgaon
4.86,174.19,3,4,3,1,54,15,4,0,0,0,2,0,1,5,0,0,1,0,0,0,0,1,0,0,0,super built up,mid,new,dlf park place,gurgaon
5.15,228.91,3,3,3,1,48,9,1,0,0,1,0,1,0,3,1,0,1,0,0,0,0,1,0,0,0,super built up,high,old,central park resorts,gurgaon
9.3,365.2,4,4,3,1,48,9,1,0,0,1,0,1,0,3,1,0,1,0,0,0,0,1,0,0,0,super built up,high,old,central park resorts,gurgaon
1.78,165.0,3,4,2,1,48,15,2,1,0,2,0,1,2,3,1,0,1,0,1,0,1,0,0,0,0,super built up,mid,new,bestech park view city,gurgaon
1.79,130.06,3,3,3,1,49,14,5,0,0,0,0,1,5,0,0,0,0,0,0,0,0,0,0,0,0,carpet,high,old,vatika city,gurgaon
1.44,171.87,3,3,2,1,55,46,5,0,0,0,1,2,13,0,0,0,3,0,1,0,2,1,0,0,4,super built up,mid,old,siddhi vinayak apartments,gurgaon
1.59,185.81,4,3,3,1,56,46,5,0,0,0,1,2,13,0,0,0,3,0,1,0,2,1,0,0,4,super built up,low,old,madhur jeevan apartments,gurgaon
1.99,222.97,4,4,3,1,56,47,7,0,0,0,1,0,13,0,0,0,4,0,1,0,2,1,0,0,4,super built up,mid,old,the lions cghs,gurgaon
1.54,185.81,3,3,2,1,56,46,5,0,0,0,1,2,13,0,0,0,3,0,1,0,2,1,0,0,4,super built up,mid,old,professors enclave cghs,gurgaon
1.39,171.87,3,2,3,1,56,44,5,0,0,0,1,2,14,0,0,0,3,0,1,0,2,1,0,0,4,super built up,mid,old,guru gram haryana cghs,gurgaon
1.74,227.61,3,3,3,1,56,47,7,0,0,0,1,0,13,0,0,0,4,0,1,0,2,1,0,0,4,super built up,low,old,park view apartment,gurgaon
1.28,112.88,2,2,3,0,102,13,1,0,0,1,1,0,0,2,1,0,0,1,0,1,0,0,1,0,0,super built up,high,new,shapoorji pallonji joyville gurugram,gurgaon
1.72,199.74,3,4,3,1,109,11,1,0,0,1,0,0,0,2,1,0,2,1,0,0,0,0,0,1,0,super built up,mid,new,ats tourmaline,gurgaon
1.5,162.58,3,3,3,0,109,11,1,0,0,1,0,0,0,2,1,0,2,1,0,0,0,0,0,1,0,super built up,mid,new,ats tourmaline,gurgaon
1.41,127.09,2,2,3,1,102,13,1,0,0,1,1,0,0,2,1,0,0,1,0,1,0,0,1,0,0,super built up,high,new,shapoorji pallonji joyville gurugram,gurgaon
3.5,195.1,3,3,2,1,142,35,6,0,0,0,0,3,8,2,0,0,0,0,1,0,2,0,1,0,3,super built up,low,old,empire estate,gurgaon
1.5,199.74,3,4,3,1,109,11,1,0,0,1,0,0,0,2,1,0,2,1,0,0,0,0,0,1,0,super built up,mid,new,ats tourmaline,gurgaon
1.45,199.74,3,4,3,1,109,11,1,0,0,1,0,0,0,2,1,0,2,1,0,0,0,0,0,1,0,super built up,mid,new,ats tourmaline,gurgaon
2.13,261.24,4,4,3,0,85,13,1,0,0,1,0,1,0,2,1,0,0,1,0,1,0,0,0,1,0,super built up,low,new,ss the leaf,gurgaon
2.0,223.71,3,4,3,1,85,13,1,0,0,1,0,1,0,2,1,0,0,1,0,1,0,0,0,1,0,super built up,mid,new,ss the leaf,gurgaon
2.1,261.24,4,4,3,1,85,13,1,0,0,1,0,1,0,2,1,0,0,1,0,1,0,0,0,1,0,super built up,mid,new,ss the leaf,gurgaon
2.13,261.24,4,4,3,0,85,13,1,0,0,1,0,1,0,2,1,0,0,1,0,1,0,0,0,1,0,super built up,mid,new,ss the leaf,gurgaon
1.25,161.74,2,2,3,0,85,13,1,0,0,1,0,1,0,2,1,0,0,1,0,1,0,0,0,1,0,super built up,high,new,ss the leaf,gurgaon
1.19,152.36,2,2,3,0,83,35,0,0,0,0,1,0,2,3,0,0,0,0,0,0,2,0,0,0,3,super built up,mid,new,ss the leaf,gurgaon
1.17,155.24,2,2,3,0,85,13,1,0,0,1,0,1,0,2,1,0,0,1,0,1,0,0,0,1,0,super built up,high,new,ss the leaf,gurgaon
2.09,261.24,4,4,3,1,85,8,0,0,0,0,0,0,0,0,0,0,0,0,5,0,0,0,0,0,1,super built up,high,new,ss,gurgaon
2.17,261.24,4,4,3,1,85,8,0,0,0,0,0,0,0,0,0,0,0,0,5,0,0,0,0,0,1,super built up,mid,new,ss,gurgaon
2.14,261.24,4,4,3,1,85,8,0,0,0,0,0,0,0,0,0,0,0,0,5,0,0,0,0,0,1,super built up,mid,new,ss,gurgaon
2.1,261.24,4,4,3,0,85,8,0,0,0,0,0,0,0,0,0,0,0,0,5,0,0,0,0,0,1,super built up,low,new,ss,gurgaon
1.98,223.71,3,4,3,0,85,8,0,0,0,0,0,0,0,0,0,0,0,0,5,0,0,0,0,0,1,super built up,mid,new,ss,gurgaon
1.24,161.74,2,2,3,0,85,13,1,0,0,1,0,1,0,2,1,0,0,1,0,1,0,0,0,1,0,super built up,high,new,ss the leaf,gurgaon
1.18,152.36,2,2,3,0,85,14,5,0,0,0,0,2,3,0,0,0,0,0,0,0,1,0,0,0,0,super built up,mid,new,ss,gurgaon
1.2,155.24,2,2,3,0,85,14,5,0,0,0,0,2,3,0,0,0,0,0,0,0,1,0,0,0,0,super built up,high,new,ss,gurgaon
1.19,155.24,2,2,3,0,85,14,5,0,0,0,0,2,3,0,0,0,0,0,0,0,1,0,0,0,0,super built up,high,new,ss,gurgaon
2.09,167.69,3,3,3,0,49,13,3,0,0,1,0,0,1,2,0,0,0,0,0,1,1,0,0,0,0,super built up,high,new,orchid petals,gurgaon
2.45,191.47,3,3,3,1,49,13,3,0,0,1,0,0,1,2,0,0,0,0,0,1,1,0,0,0,0,super built up,high,new,orchid petals,gurgaon
2.23,188.87,3,3,3,1,49,13,3,0,0,1,0,0,1,2,0,0,0,0,0,1,1,0,0,0,0,super built up,high,new,orchid petals,gurgaon
4.21,330.46,5,6,3,1,49,13,3,0,0,1,0,0,1,2,0,0,0,0,0,1,1,0,0,0,0,super built up,high,new,orchid petals,gurgaon
4.16,330.46,5,4,3,1,49,13,3,0,0,1,0,0,1,2,0,0,0,0,0,1,1,0,0,0,0,super built up,high,new,orchid petals,gurgaon
4.52,382.3,5,5,3,1,49,13,3,0,0,1,0,0,1,2,0,0,0,0,0,1,1,0,0,0,0,super built up,high,old,orchid petals,gurgaon
0.95,134.71,2,2,3,0,79,11,1,0,0,1,0,1,0,2,1,0,0,1,0,0,0,0,0,1,0,carpet,mid,new,godrej aria,gurgaon
1.5,124.21,2,3,3,1,66,15,2,0,0,0,2,0,2,8,0,0,0,0,0,0,0,0,0,0,0,super built up,low,new,ireo uptown,gurgaon
5.0,355.73,4,4,3,1,59,15,1,0,0,1,0,2,3,1,0,0,1,0,0,1,1,1,0,0,1,carpet,high,new,raisina residency,gurgaon
4.0,269.88,4,5,3,1,72,10,1,0,0,0,0,2,0,2,0,0,1,0,0,1,0,0,0,0,0,super built up,high,new,tata primanti,gurgaon
0.36,50.5,2,2,2,0,93,8,0,0,0,2,0,0,0,3,1,0,0,0,0,0,0,0,0,0,0,carpet,mid,new,signature global orchard avenue,gurgaon
4.7,643.45,4,4,3,1,81,9,0,0,0,1,0,0,0,1,0,0,0,1,0,0,0,0,0,0,0,super built up,high,new,bestech park view grand spa,gurgaon
0.95,126.35,2,2,2,0,81,9,0,0,0,1,0,0,0,1,0,0,1,1,0,0,0,0,0,0,0,super built up,low,new,bestech park view ananda,gurgaon
0.38,55.27,2,2,2,0,93,8,0,0,0,2,0,0,0,3,1,0,0,0,0,0,0,0,0,0,0,carpet,mid,new,signature global orchard avenue,gurgaon
1.1,161.19,3,3,3,1,83,10,0,0,0,1,0,0,0,2,1,0,1,2,0,0,0,0,0,0,0,super built up,high,new,vatika gurgaon 21,gurgaon
1.55,185.34,3,4,3,1,92,11,1,0,0,1,0,1,0,3,1,0,0,2,0,1,0,0,0,0,0,super built up,high,new,bestech park view sanskruti,gurgaon
1.55,185.34,3,3,3,1,92,11,1,0,0,1,0,1,0,3,1,0,0,2,0,1,0,0,0,0,0,super built up,high,new,bestech park view sanskruti,gurgaon
2.0,229.94,4,5,3,1,92,11,1,0,0,1,0,1,0,3,1,0,0,2,0,1,0,0,0,0,0,super built up,high,new,bestech park view sanskruti,gurgaon
2.3,195.1,3,4,3,1,81,9,1,0,0,0,0,0,0,2,1,0,1,0,0,0,0,0,0,0,0,super built up,high,new,dlf the ultima,gurgaon
2.1,261.24,4,5,3,0,85,13,1,0,0,1,0,1,0,2,1,0,0,1,0,1,0,0,0,1,0,super built up,high,new,ss the leaf,gurgaon
1.3,265.7,3,3,1,0,83,10,1,0,0,1,0,2,0,2,1,0,0,0,0,0,0,0,0,0,0,super built up,mid,new,vatika lifestyle homes,gurgaon
0.4,58.81,2,2,1,0,81,10,1,0,0,1,0,0,0,2,0,0,0,2,0,1,0,0,0,0,0,super built up,high,new,signature global synera,gurgaon
3.3,202.99,3,4,3,1,72,10,1,0,0,0,0,2,0,2,0,0,1,0,0,1,0,0,0,0,0,super built up,high,new,tata primanti,gurgaon
1.1,120.77,2,2,2,1,70,15,2,0,0,1,0,2,3,0,0,0,0,0,1,0,0,0,0,0,0,super built up,high,new,shree vardhman victoria,gurgaon
1.2,164.62,2,2,3,1,85,13,1,0,0,1,0,1,0,2,1,0,0,1,0,1,0,0,0,1,0,super built up,high,new,ss the leaf,gurgaon
2.15,261.24,4,5,3,1,85,13,1,0,0,1,0,1,0,2,1,0,0,1,0,1,0,0,0,1,0,super built up,mid,new,ss the leaf,gurgaon
2.0,223.71,3,4,3,1,85,13,1,0,0,1,0,1,0,2,1,0,0,1,0,1,0,0,0,1,0,super built up,mid,new,ss the leaf,gurgaon
2.1,223.71,3,4,3,1,85,13,1,0,0,1,0,1,0,2,1,0,0,1,0,1,0,0,0,1,0,super built up,mid,new,ss the leaf,gurgaon
1.2,152.36,2,2,3,1,85,13,1,0,0,1,0,1,0,2,1,0,0,1,0,1,0,0,0,1,0,super built up,low,new,ss the leaf,gurgaon
1.3,155.24,2,2,3,1,85,13,1,0,0,1,0,1,0,2,1,0,0,1,0,1,0,0,0,1,0,super built up,high,new,ss the leaf,gurgaon
1.3,164.62,2,2,3,1,85,13,1,0,0,1,0,1,0,2,1,0,0,1,0,1,0,0,0,1,0,super built up,high,new,ss the leaf,gurgaon
1.2,152.36,2,2,3,1,85,13,1,0,0,1,0,1,0,2,1,0,0,1,0,1,0,0,0,1,0,super built up,high,new,ss the leaf,gurgaon
1.1,161.74,2,2,3,1,85,13,1,0,0,1,0,1,0,2,1,0,0,1,0,1,0,0,0,1,0,super built up,low,new,ss the leaf,gurgaon
1.25,161.74,2,2,3,1,85,13,1,0,0,1,0,1,0,2,1,0,0,1,0,1,0,0,0,1,0,super built up,high,new,ss the leaf,gurgaon
1.15,152.36,2,2,3,1,85,13,1,0,0,1,0,1,0,2,1,0,0,1,0,1,0,0,0,1,0,super built up,high,new,ss the leaf,gurgaon
1.75,158.49,3,4,3,1,70,11,1,0,0,1,0,1,0,1,1,0,0,0,0,1,0,0,0,0,0,built up,high,new,aipl zen residences,gurgaon
1.65,181.16,3,5,3,1,70,15,2,0,0,1,0,2,3,0,0,0,0,0,1,0,0,0,0,0,0,super built up,mid,new,shree vardhman victoria,gurgaon
2.55,227.61,4,4,3,1,104,13,1,0,0,1,0,3,0,3,1,1,1,1,0,1,0,0,0,0,0,super built up,mid,new,puri emerald bay,gurgaon
3.9,269.88,4,4,3,1,72,10,1,0,0,0,0,2,0,2,0,0,1,0,0,1,0,0,0,0,0,super built up,high,new,tata primanti,gurgaon
1.08,115.66,2,2,3,0,68,10,1,0,0,1,0,1,0,2,1,0,0,0,0,1,0,0,1,0,0,super built up,low,new,m3m sierra 68,gurgaon
1.8,181.16,3,3,3,0,68,8,1,0,0,1,0,2,0,2,0,0,0,0,0,0,0,0,0,0,0,super built up,high,new,m3m ikonic,gurgaon
1.13,115.66,2,2,3,0,68,10,1,0,0,1,0,1,0,2,1,0,0,0,0,1,0,0,1,0,0,super built up,high,new,m3m sierra 68,gurgaon
1.78,181.16,3,3,3,0,68,8,1,0,0,1,0,2,0,2,0,0,0,0,0,0,0,0,0,0,0,super built up,high,new,m3m ikonic,gurgaon
1.1,113.71,2,2,3,0,68,10,1,0,0,1,0,1,0,2,1,0,0,0,0,1,0,0,1,0,0,super built up,low,new,m3m sierra 68,gurgaon
2.5,199.74,3,3,3,1,70,11,1,0,0,1,0,1,0,2,1,0,0,0,0,0,0,0,0,0,0,super built up,high,new,aipl the peaceful homes,gurgaon
1.84,223.71,3,4,3,1,85,13,1,0,0,1,0,1,0,2,1,0,0,1,0,1,0,0,0,1,0,super built up,high,new,ss the leaf,gurgaon
1.18,155.24,2,3,3,1,85,13,1,0,0,1,0,1,0,2,1,0,0,1,0,1,0,0,0,1,0,super built up,high,new,ss the leaf,gurgaon
1.63,181.16,3,3,3,1,70,15,2,0,0,1,0,2,3,0,0,0,0,0,1,0,0,0,0,0,0,super built up,mid,new,shree vardhman victoria,gurgaon
2.5,297.1,4,5,3,1,102,11,1,0,0,1,0,2,0,4,1,0,0,1,0,1,0,0,0,0,0,super built up,mid,new,adani m2k oyster grande,gurgaon
1.45,219.34,3,4,3,1,107,6,0,0,0,0,0,0,0,2,1,0,0,0,0,0,0,0,0,0,0,super built up,mid,new,m3m woodshire,gurgaon
1.2,163.32,3,3,3,1,108,9,1,0,0,1,0,1,0,1,1,0,0,1,0,0,0,0,0,0,0,super built up,high,new,experion the heartsong,gurgaon
1.6,186.08,3,4,3,1,108,9,1,0,0,1,0,1,0,1,1,0,0,1,0,0,0,0,0,0,0,super built up,low,new,experion the heartsong,gurgaon
0.62,48.59,2,2,2,0,67,11,0,0,0,2,0,1,0,4,0,0,0,0,1,0,0,0,0,0,0,carpet,low,new,pyramid urban,gurgaon
0.55,48.59,2,2,2,0,67,11,0,0,0,2,0,1,0,4,0,0,0,0,1,0,0,0,0,0,0,carpet,low,new,pyramid urban,gurgaon
2.85,189.99,3,4,3,1,60,7,1,0,0,0,0,1,0,1,1,0,1,0,0,0,0,0,0,0,0,super built up,mid,new,ireo skyon,gurgaon
1.31,152.36,2,2,2,1,85,13,1,0,0,1,0,1,0,2,1,0,0,1,0,1,0,0,0,1,0,carpet,mid,new,ss the leaf,gurgaon
2.2,261.24,4,5,3,1,85,13,1,0,0,1,0,1,0,2,1,0,0,1,0,1,0,0,0,1,0,super built up,mid,new,ss the leaf,gurgaon
3.0,260.31,3,3,2,1,112,8,2,0,0,0,0,1,0,1,1,1,0,1,0,0,0,0,0,0,0,super built up,low,new,experion windchants,gurgaon
1.3,179.3,3,3,3,1,86,15,2,0,0,0,0,0,4,5,1,0,0,0,0,0,0,0,0,0,0,super built up,high,new,dlf new town heights 2,gurgaon
1.95,239.6,3,4,3,1,102,11,1,0,0,1,0,2,0,4,1,0,0,1,0,1,0,0,0,0,0,super built up,high,new,adani m2k oyster grande,gurgaon
0.9,119.19,2,3,3,1,108,9,1,0,0,1,0,1,0,1,1,0,0,1,0,0,0,0,0,0,0,super built up,low,new,experion the heartsong,gurgaon
1.2,180.51,3,3,3,0,107,6,0,0,0,0,0,0,0,2,1,0,0,0,0,0,0,0,0,0,0,super built up,mid,new,m3m woodshire,gurgaon
0.36,50.91,2,2,1,0,107,10,0,0,0,1,0,0,0,1,0,0,0,1,0,0,0,0,0,0,0,super built up,high,new,signature global solera,gurgaon
0.37,50.91,2,2,1,0,107,10,0,0,0,1,0,0,0,1,0,0,0,1,0,0,0,0,0,0,0,super built up,high,new,signature global solera,gurgaon
0.5,97.55,3,2,2,1,107,10,0,0,0,1,0,0,0,1,0,0,0,1,0,0,0,0,0,0,0,super built up,mid,new,signature global solera,gurgaon
8.44,483.1,4,5,3,1,43,48,7,0,0,0,0,0,12,0,0,0,3,0,0,0,1,1,0,0,4,super built up,high,old,beverley park 1,gurgaon
1.12,166.3,3,3,2,1,82,10,0,0,0,1,0,0,0,1,0,0,0,0,0,0,0,0,0,0,0,super built up,high,new,mapsko royale ville,gurgaon
1.12,166.3,3,4,2,1,82,10,0,0,0,1,0,0,0,1,0,0,0,0,0,0,0,0,0,0,0,super built up,mid,new,mapsko royale ville,gurgaon
0.39,55.74,2,2,2,0,81,10,1,0,0,1,0,0,0,2,0,0,0,2,0,1,0,0,0,0,0,carpet,mid,new,signature global synera,gurgaon
0.38,37.16,1,1,2,0,81,10,1,0,0,1,0,0,0,2,0,0,0,2,0,1,0,0,0,0,0,carpet,low,new,signature global synera,gurgaon
1.65,181.16,3,3,2,1,70,15,2,0,0,1,0,2,3,0,0,0,0,0,1,0,0,0,0,0,0,carpet,mid,new,shree vardhman victoria,gurgaon
1.15,125.42,2,2,2,1,70,15,2,0,0,1,0,2,3,0,0,0,0,0,1,0,0,0,0,0,0,carpet,mid,new,shree vardhman victoria,gurgaon
2.15,141.58,2,3,2,1,60,7,1,0,0,0,0,1,0,1,1,0,1,0,0,0,0,0,0,0,0,super built up,mid,new,ireo skyon,gurgaon
2.1,222.97,4,5,3,1,70,10,1,0,0,1,0,1,0,2,1,0,0,0,0,1,0,0,0,0,0,super built up,mid,old,tulip ivory,gurgaon
2.0,222.97,4,5,3,1,70,10,1,0,0,1,0,1,0,2,1,0,0,0,0,1,0,0,0,0,0,super built up,mid,old,tulip ivory,gurgaon
1.9,167.69,3,3,3,1,49,13,3,0,0,1,0,0,1,2,0,0,0,0,0,1,1,0,0,0,0,carpet,high,old,orchid petals,gurgaon
1.59,209.03,3,3,3,1,54,44,5,0,0,0,1,1,14,0,0,0,3,0,1,0,2,1,0,0,4,built up,low,old,new sathi apartments,gurgaon
1.45,176.52,3,3,3,0,56,43,5,0,0,0,1,2,14,4,0,0,3,0,1,0,2,1,0,0,4,super built up,low,old,kanchanjanga tower,gurgaon
1.39,178.37,3,3,3,1,56,44,5,0,0,0,1,1,14,0,0,0,3,0,1,0,2,1,0,0,4,super built up,mid,old,guru gram haryana cghs,gurgaon
5.0,268.95,3,4,3,1,53,15,0,0,0,1,0,1,0,2,1,0,1,0,0,0,0,0,2,0,0,super built up,high,new,parsvnath exotica,gurgaon
1.65,218.79,3,3,3,1,56,46,5,0,0,0,1,2,13,0,0,0,3,0,1,0,2,1,0,0,4,super built up,mid,old,sukhshanti apartment,gurgaon
1.6,160.44,3,3,2,1,67,12,0,0,0,1,0,1,0,2,1,0,1,0,0,2,0,0,0,0,0,super built up,low,new,ireo the corridors,gurgaon
1.38,177.44,3,3,3,1,56,44,10,0,0,0,2,2,8,4,0,0,0,0,1,0,1,0,1,0,1,built up,mid,old,guru gram haryana cghs,gurgaon
1.8,178.47,3,3,2,1,67,12,0,0,0,1,0,1,0,2,1,0,1,0,0,2,0,0,0,0,0,super built up,low,new,ireo the corridors,gurgaon
1.62,160.44,3,3,2,1,67,12,0,0,0,1,0,1,0,2,1,0,1,0,0,2,0,0,0,0,0,super built up,mid,new,ireo the corridors,gurgaon
1.5,209.03,3,5,3,1,56,45,6,0,0,0,1,2,14,5,0,0,3,0,1,0,2,1,0,0,4,built up,mid,old,kiran residency,gurgaon
1.85,180.32,3,4,3,1,67,12,0,0,0,1,0,1,0,2,1,0,1,0,0,2,0,0,0,0,0,built up,mid,new,ireo the corridors,gurgaon
1.8,178.47,3,3,3,1,67,12,0,0,0,1,0,1,0,2,1,0,1,0,0,2,0,0,0,0,0,super built up,mid,new,ireo the corridors,gurgaon
1.8,203.55,4,3,3,1,37,11,1,0,0,1,0,1,0,2,1,0,0,1,0,1,0,0,0,0,0,super built up,high,new,bptp terra,gurgaon
1.62,181.16,3,3,3,1,70,15,2,0,0,1,0,2,3,0,0,0,0,0,1,0,0,0,0,0,0,super built up,high,new,shree vardhman victoria,gurgaon
1.78,203.55,4,3,3,1,37,11,1,0,0,1,0,1,0,2,1,0,0,1,0,1,0,0,0,0,0,super built up,high,new,bptp terra,gurgaon
1.55,168.25,3,3,3,0,37,11,1,0,0,1,0,1,0,2,1,0,0,1,0,1,0,0,0,0,0,super built up,high,new,bptp terra,gurgaon
2.5,246.19,4,4,3,0,43,44,5,0,0,0,1,0,10,1,0,0,2,0,1,0,2,0,0,0,1,super built up,low,new,millenium bajrang society,gurgaon
2.15,193.8,3,4,3,1,47,42,3,0,0,0,0,1,2,0,0,0,0,0,0,0,0,0,0,0,0,super built up,high,old,unitech uniworld gardens,gurgaon
5.6,451.23,4,6,3,1,112,8,2,0,0,0,0,1,0,1,1,1,0,1,0,0,0,0,0,0,0,super built up,high,old,experion windchants,gurgaon
1.25,134.71,3,4,3,1,77,10,1,0,0,1,0,1,0,2,1,0,0,1,0,0,0,0,0,0,0,super built up,low,new,emaar mgf palm hills,gurgaon
1.1,192.96,3,4,3,1,77,10,1,0,0,1,0,1,0,2,1,0,0,1,0,0,0,0,0,0,0,super built up,high,new,umang winter hills,gurgaon
6.0,249.44,3,3,2,1,28,11,2,0,0,2,0,0,0,3,1,0,1,0,0,0,0,1,0,0,0,carpet,high,old,suncity platinum towers,gurgaon
7.0,292.64,4,3,2,1,28,11,2,0,0,2,0,0,0,3,1,0,1,0,0,0,0,1,0,0,0,super built up,high,old,suncity platinum towers,gurgaon
8.5,929.03,4,4,3,1,50,13,1,0,0,1,0,2,0,2,1,1,1,0,0,1,0,0,0,0,0,carpet,high,old,the penthouses at the hibiscus,gurgaon
6.0,408.77,4,3,3,1,50,15,4,0,0,1,0,1,0,2,0,0,0,0,0,0,0,0,0,0,0,super built up,mid,old,ss hibiscus,gurgaon
8.0,836.13,4,3,3,1,50,13,1,0,0,1,0,2,0,2,1,1,1,0,0,1,0,0,0,0,0,carpet,mid,old,the penthouses at the hibiscus,gurgaon
3.5,243.87,4,5,3,1,72,10,1,0,0,0,0,2,0,2,0,0,1,0,0,1,0,0,0,0,0,built up,high,new,tata primanti,gurgaon
4.0,269.88,4,5,2,1,72,10,1,0,0,0,0,2,0,2,0,0,1,0,0,1,0,0,0,0,0,super built up,mid,old,tata primanti,gurgaon
7.0,357.68,3,3,2,1,65,9,1,0,0,1,0,1,0,2,1,0,1,0,0,1,0,1,0,0,0,carpet,high,old,m3m golfestate,gurgaon
13.2,1021.93,4,4,3,1,65,9,1,0,0,1,0,1,0,2,1,0,1,0,0,1,0,1,0,0,0,carpet,high,old,m3m golfestate,gurgaon
6.5,445.93,4,5,3,0,112,8,2,0,0,0,0,1,0,1,1,1,0,1,0,0,0,0,0,0,0,built up,high,new,experion windchants,gurgaon
3.4,202.99,3,4,3,1,72,10,1,0,0,0,0,2,0,2,0,0,1,0,0,1,0,0,0,0,0,super built up,high,old,tata primanti,gurgaon
2.6,201.14,3,2,2,1,70,11,1,0,0,1,0,1,0,2,1,0,0,0,0,0,0,0,0,0,0,carpet,high,old,aipl the peaceful homes,gurgaon
,445.93,4,4,3,1,50,15,4,0,0,1,0,1,0,2,0,0,0,0,0,0,0,0,0,0,0,carpet,mid,old,ss hibiscus,gurgaon
3.5,243.87,4,5,3,1,72,10,1,0,0,0,0,2,0,2,0,0,1,0,0,1,0,0,0,0,0,built up,high,new,tata primanti,gurgaon
0.72,182.55,3,3,2,1,95,4,3,0,0,0,0,0,0,0,0,0,0,0,1,0,0,0,0,0,0,super built up,mid,new,siddhartha apartment,gurgaon
3.65,260.13,3,5,2,1,112,8,2,0,0,0,0,1,0,1,1,1,0,1,0,0,0,0,0,0,0,built up,low,new,experion windchants,gurgaon
0.28,71.26,2,2,2,1,95,3,3,0,0,0,0,0,0,0,0,0,0,0,0,0,0,0,0,0,0,super built up,mid,new,ramsons kshitij,gurgaon
2.92,242.01,3,3,3,1,50,9,1,0,0,0,0,1,0,2,1,1,1,0,0,0,0,0,0,0,0,super built up,high,old,the close north,gurgaon
1.82,170.57,3,3,3,1,50,7,1,0,0,0,0,1,0,1,1,0,1,0,0,0,0,0,0,0,0,super built up,high,old,unitech fresco,gurgaon
1.02,117.06,2,2,2,1,68,10,1,0,0,1,0,2,0,1,1,0,0,0,0,1,0,0,0,0,0,super built up,high,new,m3m the marina,gurgaon
0.65,125.42,2,2,3,1,90,10,1,0,0,1,0,1,0,3,1,0,0,1,0,1,0,0,0,0,0,super built up,low,new,shree vardhman flora,gurgaon
0.39,59.62,3,3,3,0,92,4,1,0,0,0,0,0,0,1,0,0,0,0,0,1,0,0,0,0,0,carpet,mid,new,gls avenue 51,gurgaon
1.15,168.9,3,3,3,1,90,14,0,0,0,0,2,0,0,0,0,0,0,0,0,0,0,0,0,0,0,super built up,high,new,dlf regal gardens,gurgaon
1.42,94.76,2,2,2,1,65,8,1,0,0,1,0,0,0,1,1,0,1,0,0,0,0,0,1,0,0,super built up,mid,new,emaar mgf emerald estate,gurgaon
2.35,188.87,3,3,3,1,49,13,3,0,0,1,0,0,1,2,0,0,0,0,0,1,1,0,0,0,0,super built up,high,new,orchid petals,gurgaon
2.38,192.31,3,4,3,1,49,13,3,0,0,1,0,0,1,2,0,0,0,0,0,1,1,0,0,0,0,super built up,low,new,orchid petals,gurgaon
1.15,179.3,3,3,3,1,90,6,1,0,0,0,0,0,0,1,1,0,0,0,0,1,0,0,0,0,0,super built up,high,new,dlf new town heights 1,gurgaon
1.6,219.62,4,4,3,1,90,6,1,0,0,0,0,0,0,1,1,0,0,0,0,1,0,0,0,0,0,super built up,high,new,dlf new town heights 1,gurgaon
1.28,179.3,3,4,3,1,86,15,2,0,0,0,0,0,4,5,1,0,0,0,0,0,0,0,0,0,0,super built up,high,old,dlf new town heights 2,gurgaon
1.75,253.35,4,4,3,1,90,6,1,0,0,0,0,0,0,1,1,0,0,0,0,1,0,0,0,0,0,super built up,high,new,dlf new town heights 1,gurgaon
1.75,219.62,4,4,3,1,91,8,1,0,0,0,0,2,0,2,1,0,1,0,0,0,0,0,0,0,0,super built up,high,new,dlf new town heights,gurgaon
2.65,205.78,3,4,3,1,111,10,1,0,0,1,0,0,0,2,1,0,2,1,0,0,0,0,0,0,0,super built up,high,new,puri diplomatic greens,gurgaon
2.22,194.63,3,4,3,1,109,15,0,0,0,0,1,0,3,3,1,0,0,0,1,0,1,0,1,1,0,super built up,high,new,ats kocoon,gurgaon
1.85,212.75,3,4,3,1,104,13,1,0,0,1,0,2,0,3,1,0,1,1,0,1,0,1,0,0,0,super built up,high,new,ats triumph,gurgaon
0.98,90.88,2,3,3,1,108,9,1,0,0,1,0,1,0,1,1,0,0,1,0,0,0,0,0,0,0,built up,high,new,experion the heartsong,gurgaon
2.45,267.1,4,4,3,1,103,15,1,0,0,1,1,1,0,3,1,1,1,2,0,1,0,0,0,0,0,super built up,high,new,indiabulls centrum park,gurgaon
1.34,160.26,3,3,3,1,103,15,1,0,0,1,1,1,0,3,1,1,1,2,0,1,0,0,0,0,0,super built up,high,new,indiabulls centrum park,gurgaon
1.92,185.81,3,3,3,1,102,10,1,0,0,1,0,0,0,2,1,1,0,1,0,1,0,0,0,1,0,carpet,high,new,emaar imperial gardens,gurgaon
1.9,175.49,3,3,3,1,102,14,1,0,0,0,0,0,1,3,0,0,0,0,1,1,2,0,0,0,0,carpet,high,new,adani oyster greens,gurgaon
4.55,432.0,4,4,3,0,102,11,1,0,0,1,0,2,0,4,1,0,0,1,0,1,0,0,0,0,0,super built up,high,new,adani m2k oyster grande,gurgaon
1.54,153.29,3,3,3,1,102,10,1,0,0,1,0,1,0,2,1,0,0,1,0,0,0,0,0,0,0,super built up,high,new,emaar gurgaon greens,gurgaon
1.55,218.88,4,4,3,1,86,15,2,0,0,0,0,0,4,5,1,0,0,0,0,0,0,0,0,0,0,super built up,high,old,dlf new town heights 2,gurgaon
1.68,186.08,3,3,3,1,108,9,1,0,0,1,0,1,0,1,1,0,0,1,0,0,0,0,0,0,0,super built up,mid,new,experion the heartsong,gurgaon
2.3,199.74,3,3,3,1,70,11,1,0,0,1,0,1,0,2,1,0,0,0,0,0,0,0,0,0,0,super built up,low,new,aipl the peaceful homes,gurgaon
0.97,137.5,3,3,3,1,70,12,0,0,0,1,0,1,0,2,1,1,1,0,0,0,0,1,0,0,0,super built up,low,new,bptp astaire gardens,gurgaon
1.9,253.35,4,4,3,1,90,6,1,0,0,0,0,0,0,1,1,0,0,0,0,1,0,0,0,0,0,super built up,mid,new,dlf new town heights 1,gurgaon
1.55,219.62,4,4,3,1,90,6,1,0,0,0,0,0,0,1,1,0,0,0,0,1,0,0,0,0,0,super built up,low,new,dlf new town heights 1,gurgaon
1.13,160.72,3,3,3,1,90,14,0,0,0,0,2,0,0,0,0,0,0,0,0,0,0,0,0,0,0,super built up,high,new,dlf regal gardens,gurgaon
0.85,179.3,3,4,3,1,90,10,1,0,0,1,0,1,0,3,1,0,0,1,0,1,0,0,0,0,0,super built up,low,new,shree vardhman flora,gurgaon
2.64,209.16,3,4,3,1,49,14,5,0,0,0,0,1,5,0,0,0,0,0,0,0,0,0,0,0,0,super built up,low,old,vatika city,gurgaon
2.1,187.25,3,3,3,1,49,14,5,0,0,0,0,1,5,0,0,0,0,0,0,0,0,0,0,0,0,super built up,high,old,vatika city,gurgaon
1.4,127.09,2,2,3,0,102,13,1,0,0,1,1,0,0,2,1,0,0,1,0,1,0,0,1,0,0,super built up,high,new,shapoorji pallonji joyville gurugram,gurgaon
1.45,153.29,3,3,2,1,102,10,1,0,0,1,0,1,0,2,1,0,0,1,0,0,0,0,0,0,0,super built up,mid,new,emaar gurgaon greens,gurgaon
1.2,179.3,3,3,3,1,90,6,1,0,0,0,0,0,0,1,1,0,0,0,0,1,0,0,0,0,0,carpet,high,old,dlf new town heights 1,gurgaon
0.39,65.03,1,1,1,0,106,5,0,0,0,0,0,0,0,0,1,1,1,1,0,0,0,0,0,0,0,super built up,mid,new,viridian the plaza 106,gurgaon
1.25,161.93,3,4,2,1,71,15,2,1,0,0,0,2,1,0,1,0,0,0,0,1,0,2,0,0,0,super built up,mid,new,chd avenue 71,gurgaon
1.59,144.0,2,2,2,0,104,13,1,0,0,1,0,3,0,3,1,1,1,1,0,1,0,0,0,0,0,super built up,high,new,puri emerald bay,gurgaon
5.25,418.06,4,6,3,1,111,10,1,0,0,1,0,0,0,2,1,0,2,1,0,0,0,0,0,0,0,super built up,mid,new,puri diplomatic greens,gurgaon
3.4,274.06,4,5,3,1,111,10,1,0,0,1,0,0,0,2,1,0,2,1,0,0,0,0,0,0,0,super built up,high,new,puri diplomatic greens,gurgaon
3.29,260.31,3,3,3,1,112,8,2,0,0,0,0,1,0,1,1,1,0,1,0,0,0,0,0,0,0,super built up,low,new,experion windchants,gurgaon
2.49,227.61,3,3,3,1,104,13,1,0,0,1,0,3,0,3,1,1,1,1,0,1,0,0,0,0,0,super built up,high,new,puri emerald bay,gurgaon
1.75,179.4,3,4,3,1,102,15,0,0,0,2,0,1,0,2,1,1,1,1,0,1,0,0,0,1,0,super built up,high,new,conscient heritage max,gurgaon
2.29,258.18,4,5,3,1,108,9,1,0,0,1,0,1,0,1,1,0,0,1,0,0,0,0,0,0,0,built up,high,new,experion the heartsong,gurgaon
2.15,199.65,3,4,3,1,102,15,0,0,0,2,0,1,0,2,1,1,1,1,0,1,0,0,0,1,0,super built up,high,new,conscient heritage max,gurgaon
0.89,132.67,2,2,2,1,82,10,1,0,0,1,0,1,0,2,1,0,0,0,0,0,0,0,0,1,0,super built up,high,new,vatika the seven lamps,gurgaon
2.65,242.01,3,3,3,1,50,9,1,0,0,0,0,1,0,2,1,1,1,0,0,0,0,0,0,0,0,super built up,low,old,the close north,gurgaon
0.86,132.85,2,2,2,1,82,10,1,0,0,1,0,1,0,2,1,0,0,0,0,0,0,0,0,1,0,super built up,high,new,vatika the seven lamps,gurgaon
1.35,139.82,3,3,2,0,79,10,0,0,0,0,0,0,0,2,1,0,0,0,0,0,0,0,0,1,0,super built up,mid,new,godrej 101,gurgaon
1.69,184.23,3,3,2,0,79,9,1,0,0,1,0,1,0,2,0,0,0,1,0,1,0,0,0,1,0,super built up,mid,new,godrej aria,gurgaon
2.65,292.64,4,4,3,1,104,13,1,0,0,1,0,2,0,3,1,0,1,1,0,1,0,1,0,0,0,super built up,high,new,ats triumph,gurgaon
1.75,212.75,3,4,3,1,104,13,1,0,0,1,0,2,0,3,1,0,1,1,0,1,0,1,0,0,0,super built up,high,new,ats triumph,gurgaon
1.3,180.51,3,3,3,1,107,6,0,0,0,0,0,0,0,2,1,0,0,0,0,0,0,0,0,0,0,super built up,mid,new,m3m woodshire,gurgaon
1.75,172.06,3,3,3,1,102,13,1,0,0,1,1,0,0,2,1,0,0,1,0,1,0,0,1,0,0,super built up,high,new,shapoorji pallonji joyville gurugram,gurgaon
1.25,179.3,3,3,3,1,90,6,1,0,0,0,0,0,0,1,1,0,0,0,0,1,0,0,0,0,0,super built up,mid,new,dlf new town heights 1,gurgaon
1.2,138.43,3,3,3,0,79,9,0,0,0,1,0,0,0,2,1,0,1,1,0,0,0,0,0,0,0,super built up,high,new,mapsko mount ville,gurgaon
1.5,168.62,3,4,3,1,79,9,0,0,0,1,0,0,0,2,1,0,1,1,0,0,0,0,0,0,0,super built up,high,new,mapsko mount ville,gurgaon
2.05,193.89,4,4,2,0,69,10,1,0,0,1,0,1,0,2,1,0,0,0,0,1,0,0,0,0,0,super built up,high,new,tulip violet,gurgaon
1.95,186.74,4,4,2,0,69,10,1,0,0,1,0,1,0,2,1,0,0,0,0,1,0,0,0,0,0,super built up,high,new,tulip violet,gurgaon
1.19,125.42,2,3,1,1,69,10,1,0,0,1,0,1,0,2,1,0,0,0,0,1,0,0,0,0,0,carpet,high,new,tulip violet,gurgaon
1.4,142.88,3,3,1,0,69,10,1,0,0,1,0,1,0,2,1,0,0,0,0,1,0,0,0,0,0,super built up,high,new,tulip violet,gurgaon
1.75,171.87,3,4,2,0,69,10,1,0,0,1,0,1,0,2,1,0,0,0,0,1,0,0,0,0,0,carpet,high,new,tulip violet,gurgaon
1.36,146.6,3,3,1,1,69,10,1,0,0,1,0,1,0,2,1,0,0,0,0,1,0,0,0,0,0,super built up,high,new,tulip violet,gurgaon
1.51,146.6,3,3,2,1,69,10,1,0,0,1,0,1,0,2,1,0,0,0,0,1,0,0,0,0,0,super built up,high,new,tulip violet,gurgaon
2.91,295.9,4,5,2,1,81,9,0,0,0,1,0,0,0,1,0,0,0,1,0,0,0,0,0,0,0,super built up,mid,new,bestech park view grand spa,gurgaon
1.1,152.83,3,2,3,0,81,9,0,0,0,1,0,0,0,1,0,0,1,1,0,0,0,0,0,0,0,super built up,mid,new,bestech park view ananda,gurgaon
0.85,160.26,3,3,3,1,84,3,0,0,0,0,1,1,0,1,0,0,0,0,0,0,0,0,0,0,0,super built up,high,new,antriksh heights,gurgaon
0.41,55.83,2,2,1,0,86,9,0,0,0,1,0,0,0,1,0,0,0,0,0,0,0,0,0,0,0,carpet,low,new,pyramid urban homes 2,gurgaon
0.37,54.16,2,2,1,0,84,15,2,0,0,0,0,0,1,5,1,0,0,1,1,1,0,0,0,0,0,super built up,mid,new,pivotal devaan,gurgaon
0.88,169.55,3,3,3,1,84,3,0,0,0,0,1,1,0,1,0,0,0,0,0,0,0,0,0,0,0,super built up,high,new,antriksh heights,gurgaon
0.9,188.13,3,3,3,1,84,3,0,0,0,0,1,1,0,1,0,0,0,0,0,0,0,0,0,0,0,super built up,high,new,antriksh heights,gurgaon
1.43,149.39,3,3,2,1,69,10,1,0,0,1,0,1,0,2,1,0,0,0,0,1,0,0,0,0,0,super built up,low,new,tulip violet,gurgaon
1.38,142.88,3,3,1,0,69,10,1,0,0,1,0,1,0,2,1,0,0,0,0,1,0,0,0,0,0,carpet,high,new,tulip violet,gurgaon
2.0,193.89,4,4,2,0,69,10,1,0,0,1,0,1,0,2,1,0,0,0,0,1,0,0,0,0,0,super built up,high,new,tulip violet,gurgaon
1.55,149.39,3,3,2,1,69,10,1,0,0,1,0,1,0,2,1,0,0,0,0,1,0,0,0,0,0,super built up,low,new,tulip violet,gurgaon
1.46,146.6,3,3,2,1,69,10,1,0,0,1,0,1,0,2,1,0,0,0,0,1,0,0,0,0,0,super built up,high,new,tulip violet,gurgaon
1.68,154.96,3,3,2,0,69,10,1,0,0,1,0,1,0,2,1,0,0,0,0,1,0,0,0,0,0,super built up,high,new,tulip violet,gurgaon
1.2,125.42,2,3,1,0,69,10,1,0,0,1,0,1,0,2,1,0,0,0,0,1,0,0,0,0,0,super built up,high,new,tulip violet,gurgaon
1.66,152.18,3,3,2,0,69,10,1,0,0,1,0,1,0,2,1,0,0,0,0,1,0,0,0,0,0,super built up,high,new,tulip violet,gurgaon
1.6,146.6,3,3,2,1,69,10,1,0,0,1,0,1,0,2,1,0,0,0,0,1,0,0,0,0,0,super built up,high,new,tulip violet,gurgaon
1.76,171.87,3,4,2,0,69,10,1,0,0,1,0,1,0,2,1,0,0,0,0,1,0,0,0,0,0,super built up,high,new,tulip violet,gurgaon
0.6,111.48,2,2,2,0,84,3,0,0,0,0,1,1,0,1,0,0,0,0,0,0,0,0,0,0,0,super built up,high,new,antriksh heights,gurgaon
0.92,169.55,3,3,3,1,84,3,0,0,0,0,1,1,0,1,0,0,0,0,0,0,0,0,0,0,0,super built up,low,new,antriksh heights,gurgaon
0.69,125.42,2,2,3,1,84,3,0,0,0,0,1,1,0,1,0,0,0,0,0,0,0,0,0,0,0,super built up,high,new,antriksh heights,gurgaon
1.51,219.62,4,4,3,1,90,6,1,0,0,0,0,0,0,1,1,0,0,0,0,1,0,0,0,0,0,super built up,mid,new,dlf new town heights 1,gurgaon
0.65,131.64,3,3,2,0,92,7,4,0,0,0,0,0,0,0,0,0,0,0,3,0,0,0,0,0,0,carpet,low,new,sare homes,gurgaon
0.51,116.13,3,2,2,0,92,8,4,0,0,0,0,0,0,0,0,0,0,0,4,0,0,0,0,0,0,super built up,low,new,sare crescent parc,gurgaon
0.63,105.35,2,2,3,1,82,6,0,0,0,0,0,0,0,2,1,0,0,0,0,0,0,0,0,0,0,super built up,low,new,vatika iris floors,gurgaon
1.54,219.62,4,4,3,1,86,15,2,0,0,0,0,0,4,5,1,0,0,0,0,0,0,0,0,0,0,super built up,high,old,dlf new town heights 2,gurgaon
0.95,126.35,2,2,2,0,81,9,0,0,0,1,0,0,0,1,0,0,1,1,0,0,0,0,0,0,0,super built up,high,new,bestech park view ananda,gurgaon
1.21,162.3,3,3,3,1,90,14,0,0,0,0,2,0,0,0,0,0,0,0,0,0,0,0,0,0,0,super built up,high,new,dlf regal gardens,gurgaon
2.2,195.1,3,4,3,1,81,9,1,0,0,0,0,0,0,2,1,0,1,0,0,0,0,0,0,0,0,super built up,mid,new,dlf the ultima,gurgaon
1.65,205.78,4,4,3,0,90,14,0,0,0,0,2,0,0,0,0,0,0,0,0,0,0,0,0,0,0,super built up,high,new,dlf regal gardens,gurgaon
0.9,169.55,3,3,3,0,84,3,0,0,0,0,1,1,0,1,0,0,0,0,0,0,0,0,0,0,0,super built up,high,new,antriksh heights,gurgaon
0.54,111.48,2,2,3,0,84,3,0,0,0,0,1,1,0,1,0,0,0,0,0,0,0,0,0,0,0,super built up,high,new,antriksh heights,gurgaon
1.02,194.63,4,4,3,1,84,3,0,0,0,0,1,1,0,1,0,0,0,0,0,0,0,0,0,0,0,super built up,high,new,antriksh heights,gurgaon
1.78,205.78,4,4,3,0,90,14,0,0,0,0,2,0,0,0,0,0,0,0,0,0,0,0,0,0,0,super built up,high,new,dlf regal gardens,gurgaon
1.29,168.9,3,3,3,1,90,14,0,0,0,0,2,0,0,0,0,0,0,0,0,0,0,0,0,0,0,super built up,high,new,dlf regal gardens,gurgaon
1.25,159.79,3,3,3,1,90,14,0,0,0,0,2,0,0,0,0,0,0,0,0,0,0,0,0,0,0,super built up,high,new,dlf regal gardens,gurgaon
2.5,198.07,3,3,2,1,81,9,1,0,0,0,0,0,0,2,1,0,1,0,0,0,0,0,0,0,0,super built up,mid,new,dlf the ultima,gurgaon
2.52,218.32,3,4,3,1,70,11,1,0,0,1,0,1,0,2,1,0,0,0,0,0,0,0,0,0,0,super built up,high,new,aipl the peaceful homes,gurgaon
2.3,167.23,4,4,3,1,33,15,3,0,0,0,0,2,0,4,1,0,0,0,0,1,0,1,0,0,0,carpet,mid,new,central park flower valley,sohna
1.55,120.77,3,3,3,0,33,15,3,0,0,0,0,2,0,4,1,0,0,0,0,1,0,1,0,0,0,carpet,mid,new,central park flower valley,sohna
1.2,179.3,3,3,3,0,90,6,1,0,0,0,0,0,0,1,1,0,0,0,0,1,0,0,0,0,0,super built up,high,new,dlf new town heights 1,gurgaon
1.65,219.62,4,4,3,1,90,6,1,0,0,0,0,0,0,1,1,0,0,0,0,1,0,0,0,0,0,super built up,high,old,dlf new town heights 1,gurgaon
1.25,138.43,3,3,3,0,79,9,0,0,0,1,0,0,0,2,1,0,1,1,0,0,0,0,0,0,0,carpet,high,new,mapsko mount ville,gurgaon
1.2,138.43,3,3,3,0,79,9,0,0,0,1,0,0,0,2,1,0,1,1,0,0,0,0,0,0,0,super built up,high,new,mapsko mount ville,gurgaon
2.06,168.34,3,3,3,0,69,12,1,0,0,0,0,1,0,2,1,0,0,0,0,1,0,1,0,0,0,super built up,high,new,tulip leaf,gurgaon
2.07,168.34,3,3,3,0,69,12,1,0,0,0,0,1,0,2,1,0,0,0,0,1,0,1,0,0,0,super built up,high,new,tulip leaf,gurgaon
1.6,181.16,3,5,3,1,70,15,2,0,0,1,0,2,3,0,0,0,0,0,1,0,0,0,0,0,0,carpet,mid,new,shree vardhman victoria,gurgaon
1.31,142.88,3,3,2,1,69,10,1,0,0,1,0,1,0,2,1,0,0,0,0,1,0,0,0,0,0,super built up,high,new,tulip violet,gurgaon
1.92,116.13,4,4,2,0,69,47,4,0,0,0,2,0,12,2,0,0,2,0,2,0,2,0,0,0,4,carpet,high,new,tulip violet,gurgaon
1.9,186.74,4,4,2,1,69,10,1,0,0,1,0,1,0,2,1,0,0,0,0,1,0,0,0,0,0,super built up,mid,new,tulip violet,gurgaon
3.1,293.2,4,6,3,1,69,10,1,0,0,1,0,1,0,2,1,0,0,0,0,1,0,0,0,0,0,super built up,high,new,tulip violet,gurgaon
1.4,145.67,3,3,1,1,69,10,1,0,0,1,0,1,0,2,1,0,0,0,0,1,0,0,0,0,0,super built up,high,new,tulip violet,gurgaon
1.44,146.6,3,3,2,1,69,10,1,0,0,1,0,1,0,2,1,0,0,0,0,1,0,0,0,0,0,super built up,low,new,tulip violet,gurgaon
3.05,293.2,4,5,3,1,69,10,1,0,0,1,0,1,0,2,1,0,0,0,0,1,0,0,0,0,0,super built up,high,new,tulip violet,gurgaon
1.28,146.6,3,3,2,1,69,10,1,0,0,1,0,1,0,2,1,0,0,0,0,1,0,0,0,0,0,super built up,high,new,tulip violet,gurgaon
1.6,146.6,3,3,2,1,69,10,1,0,0,1,0,1,0,2,1,0,0,0,0,1,0,0,0,0,0,super built up,high,new,tulip violet,gurgaon
1.9,186.74,4,4,2,0,69,10,1,0,0,1,0,1,0,2,1,0,0,0,0,1,0,0,0,0,0,super built up,high,new,tulip violet,gurgaon
1.7,146.6,3,3,2,1,69,10,1,0,0,1,0,1,0,2,1,0,0,0,0,1,0,0,0,0,0,super built up,high,new,tulip violet,gurgaon
1.36,146.6,3,3,2,1,69,10,1,0,0,1,0,1,0,2,1,0,0,0,0,1,0,0,0,0,0,super built up,high,new,tulip violet,gurgaon
1.38,142.88,3,3,1,0,69,10,1,0,0,1,0,1,0,2,1,0,0,0,0,1,0,0,0,0,0,super built up,high,new,tulip violet,gurgaon
1.15,154.22,3,2,3,0,81,9,0,0,0,1,0,0,0,1,0,0,1,1,0,0,0,0,0,0,0,super built up,high,new,bestech park view ananda,gurgaon
1.4,145.67,3,3,1,0,69,10,1,0,0,1,0,1,0,2,1,0,0,0,0,1,0,0,0,0,0,super built up,high,new,tulip violet,gurgaon
1.37,142.88,3,3,1,0,69,10,1,0,0,1,0,1,0,2,1,0,0,0,0,1,0,0,0,0,0,super built up,high,new,tulip violet,gurgaon
1.4,145.67,3,3,1,1,69,10,1,0,0,1,0,1,0,2,1,0,0,0,0,1,0,0,0,0,0,super built up,high,new,tulip violet,gurgaon
0.65,97.55,2,2,2,0,83,15,1,0,0,0,0,0,0,1,0,0,0,0,0,0,0,0,0,0,0,super built up,low,new,vatika emilia floors,gurgaon
0.6,97.55,2,2,2,0,83,15,1,0,0,0,0,0,0,1,0,0,0,0,0,0,0,0,0,0,0,super built up,low,new,vatika emilia floors,gurgaon
0.75,124.68,2,2,2,0,77,10,1,0,0,1,0,1,0,2,1,0,0,1,0,0,0,0,0,0,0,super built up,mid,new,umang winter hills,gurgaon
0.95,126.35,2,2,2,0,81,9,0,0,0,1,0,0,0,1,0,0,1,1,0,0,0,0,0,0,0,super built up,high,new,bestech park view ananda,gurgaon
1.24,178.19,3,3,3,1,84,10,1,0,0,1,0,1,0,2,1,0,0,1,0,0,0,0,0,0,0,super built up,high,new,spaze privy at4,gurgaon
0.9,160.26,3,3,3,0,84,3,0,0,0,0,1,1,0,1,0,0,0,0,0,0,0,0,0,0,0,super built up,high,new,antriksh heights,gurgaon
1.3,150.5,3,3,3,0,79,9,0,0,0,1,0,0,0,2,1,0,1,1,0,0,0,0,0,0,0,super built up,low,new,mapsko mount ville,gurgaon
0.73,111.48,2,2,3,1,84,3,0,0,0,0,1,1,0,1,0,0,0,0,0,0,0,0,0,0,0,super built up,mid,new,antriksh heights,gurgaon
1.26,179.3,3,3,3,1,86,15,2,0,0,0,0,0,4,5,1,0,0,0,0,0,0,0,0,0,0,super built up,mid,old,dlf new town heights 2,gurgaon
1.25,179.3,3,3,3,1,90,6,1,0,0,0,0,0,0,1,1,0,0,0,0,1,0,0,0,0,0,super built up,mid,new,dlf new town heights 1,gurgaon
1.88,253.35,4,4,3,1,90,6,1,0,0,0,0,0,0,1,1,0,0,0,0,1,0,0,0,0,0,super built up,high,new,dlf new town heights 1,gurgaon
1.3,179.3,3,3,3,1,90,6,1,0,0,0,0,0,0,1,1,0,0,0,0,1,0,0,0,0,0,super built up,high,new,dlf new town heights 1,gurgaon
0.44,55.83,2,2,2,0,86,9,0,0,0,1,0,0,0,1,0,0,0,0,0,0,0,0,0,0,0,carpet,mid,new,pyramid urban homes 2,gurgaon
0.84,160.26,3,3,3,1,84,3,0,0,0,0,1,1,0,1,0,0,0,0,0,0,0,0,0,0,0,super built up,high,new,antriksh heights,gurgaon
0.79,160.26,3,3,3,0,84,3,0,0,0,0,1,1,0,1,0,0,0,0,0,0,0,0,0,0,0,super built up,high,new,antriksh heights,gurgaon
1.38,235.51,4,5,3,1,82,11,0,0,0,1,0,2,0,2,1,0,0,0,0,1,0,0,0,0,0,super built up,high,new,mapsko casa bella,gurgaon
2.6,158.96,3,3,2,0,108,13,1,0,0,0,0,1,0,2,1,0,0,1,0,0,0,0,0,1,0,super built up,high,new,sobha city,gurgaon
1.7,186.74,4,4,2,0,69,10,1,0,0,1,0,1,0,2,1,0,0,0,0,1,0,0,0,0,0,super built up,mid,new,tulip violet,gurgaon
1.7,186.74,4,4,2,0,69,10,1,0,0,1,0,1,0,2,1,0,0,0,0,1,0,0,0,0,0,super built up,high,new,tulip violet,gurgaon
1.4,146.6,3,3,2,1,69,10,1,0,0,1,0,1,0,2,1,0,0,0,0,1,0,0,0,0,0,super built up,high,new,tulip violet,gurgaon
1.68,186.74,4,4,2,0,69,10,1,0,0,1,0,1,0,2,1,0,0,0,0,1,0,0,0,0,0,super built up,mid,new,tulip violet,gurgaon
1.7,186.74,4,4,2,0,69,10,1,0,0,1,0,1,0,2,1,0,0,0,0,1,0,0,0,0,0,super built up,low,new,tulip violet,gurgaon
1.4,146.6,3,3,2,0,69,10,1,0,0,1,0,1,0,2,1,0,0,0,0,1,0,0,0,0,0,super built up,low,new,tulip violet,gurgaon
1.2,83.61,3,3,3,1,37,10,0,0,0,1,1,1,0,2,1,0,0,2,0,1,0,0,0,0,0,carpet,mid,new,ramprastha primera,gurgaon
0.96,125.51,2,2,3,0,79,11,1,0,0,1,0,1,0,2,1,0,0,1,0,0,0,0,0,1,0,super built up,high,new,godrej aria,gurgaon
1.3,78.97,2,3,3,1,86,10,1,0,0,1,0,0,0,3,1,0,0,1,0,0,0,0,0,0,0,carpet,mid,new,microtek greenburg,gurgaon
1.6,196.95,3,3,3,1,92,11,1,0,0,1,0,1,0,3,1,0,0,2,0,1,0,0,0,0,0,super built up,high,new,bestech park view sanskruti,gurgaon
1.93,212.28,3,4,3,1,86,10,1,0,0,1,0,0,0,3,1,0,0,1,0,0,0,0,0,0,0,super built up,high,new,microtek greenburg,gurgaon
1.42,178.37,3,3,2,0,92,11,1,0,0,1,0,1,0,3,1,0,0,2,0,1,0,0,0,0,0,super built up,high,new,bestech park view sanskruti,gurgaon
2.2,195.1,3,4,3,1,81,9,1,0,0,0,0,0,0,2,1,0,1,0,0,0,0,0,0,0,0,super built up,high,new,dlf the ultima,gurgaon
1.35,179.21,3,3,1,0,86,10,0,0,0,1,0,0,0,3,1,0,0,0,0,1,0,0,0,0,0,super built up,high,new,dlf the skycourt,gurgaon
1.65,176.05,3,4,3,1,86,10,1,0,0,1,0,0,0,3,1,0,0,1,0,0,0,0,0,0,0,super built up,high,new,microtek greenburg,gurgaon
1.42,153.29,3,3,3,1,48,45,12,0,0,0,2,3,11,0,0,0,0,0,1,0,1,0,1,0,0,super built up,low,old,parsvnath green ville,gurgaon
1.1,163.51,3,4,3,1,106,11,1,0,0,1,0,1,0,2,1,0,1,1,0,1,0,0,0,0,0,super built up,high,new,paras dews,gurgaon
1.23,185.53,3,5,3,1,99,15,2,0,0,1,2,1,3,4,1,0,0,0,0,1,0,0,0,0,0,super built up,mid,new,pareena coban residences,gurgaon
1.5,178.37,3,3,3,1,92,11,1,0,0,1,0,1,0,3,1,0,0,2,0,1,0,0,0,0,0,super built up,low,new,bestech park view sanskruti,gurgaon
0.65,120.77,2,2,2,1,90,10,1,0,0,1,0,1,0,3,1,0,0,1,0,1,0,0,0,0,0,super built up,high,old,shree vardhman flora,gurgaon
0.64,120.77,2,2,3,1,90,10,1,0,0,1,0,1,0,3,1,0,0,1,0,1,0,0,0,0,0,super built up,mid,old,shree vardhman flora,gurgaon
1.65,174.38,3,3,2,0,37,11,1,0,0,1,0,1,0,2,1,0,0,1,0,1,0,0,0,0,0,super built up,high,new,bptp terra,gurgaon
1.17,130.99,2,2,2,0,37,11,1,0,0,1,0,1,0,2,1,0,0,1,0,1,0,0,0,0,0,super built up,high,new,bptp terra,gurgaon
1.45,168.25,3,3,3,0,37,11,1,0,0,1,0,1,0,2,1,0,0,1,0,1,0,0,0,0,0,super built up,high,new,bptp terra,gurgaon
1.95,172.06,3,3,3,1,102,13,1,0,0,1,1,0,0,2,1,0,0,1,0,1,0,0,1,0,0,super built up,mid,new,shapoorji pallonji joyville gurugram,gurgaon
4.2,390.19,4,4,3,1,81,9,0,0,0,1,0,0,0,1,0,0,0,1,0,0,0,0,0,0,0,super built up,high,new,bestech park view grand spa,gurgaon
1.55,185.34,3,4,3,1,92,11,1,0,0,1,0,1,0,3,1,0,0,2,0,1,0,0,0,0,0,super built up,high,new,bestech park view sanskruti,gurgaon
1.58,223.71,3,4,3,1,85,13,1,0,0,1,0,1,0,2,1,0,0,1,0,1,0,0,0,1,0,super built up,high,new,ss the leaf,gurgaon
2.32,179.77,3,4,3,1,67,11,0,0,0,1,0,0,0,1,0,0,0,0,0,0,0,0,0,0,0,super built up,high,old,bestech park view spa next,gurgaon
1.25,137.5,3,4,3,1,86,10,1,0,0,1,0,0,0,3,1,0,0,1,0,0,0,0,0,0,0,super built up,high,new,microtek greenburg,gurgaon
2.2,151.62,2,2,1,1,58,13,1,0,0,1,0,2,0,2,1,0,1,0,0,0,0,0,0,0,0,super built up,mid,new,ireo the grand arch,gurgaon
1.4,218.79,4,6,3,1,106,11,1,0,0,1,0,1,0,2,1,0,1,1,0,1,0,0,0,0,0,super built up,high,new,paras dews,gurgaon
1.2,154.68,3,3,3,1,106,11,1,0,0,1,0,1,0,2,1,0,1,1,0,1,0,0,0,0,0,super built up,high,new,paras dews,gurgaon
0.92,125.42,2,2,2,1,88,7,1,0,0,0,0,0,0,2,0,0,0,1,0,0,0,0,0,0,0,super built up,low,new,vatika xpressions,gurgaon
1.25,176.52,3,4,3,1,106,11,1,0,0,1,0,1,0,2,1,0,1,1,0,1,0,0,0,0,0,super built up,high,new,paras dews,gurgaon
1.25,163.51,3,4,3,1,106,11,1,0,0,1,0,1,0,2,1,0,1,1,0,1,0,0,0,0,0,super built up,mid,new,paras dews,gurgaon
1.85,162.48,3,3,1,1,49,14,5,0,0,0,0,1,5,0,0,0,0,0,0,0,0,0,0,0,0,super built up,mid,old,vatika city,gurgaon
1.69,182.09,3,3,3,1,49,14,5,0,0,0,0,1,5,0,0,0,0,0,0,0,0,0,0,0,0,carpet,low,old,vatika city,gurgaon
3.5,204.48,3,3,2,1,66,14,1,0,0,0,0,2,0,2,1,0,1,0,0,0,0,0,1,0,0,super built up,mid,new,emaar mgf the palm drive,gurgaon
1.51,111.48,2,2,2,1,66,14,1,0,0,0,0,2,0,2,1,0,1,0,0,0,0,0,1,0,0,super built up,mid,new,emaar mgf the palm drive,gurgaon
1.86,225.75,3,3,3,1,48,45,12,0,0,0,2,3,11,0,0,0,0,0,1,0,1,0,1,0,0,super built up,mid,old,parsvnath green ville,gurgaon
1.7,186.08,3,4,3,1,108,9,1,0,0,1,0,1,0,1,1,0,0,1,0,0,0,0,0,0,0,super built up,high,new,experion the heartsong,gurgaon
2.0,217.21,3,3,3,1,108,9,1,0,0,1,0,1,0,1,1,0,0,1,0,0,0,0,0,0,0,super built up,high,new,experion the heartsong,gurgaon
1.25,171.31,3,4,3,1,104,15,1,0,0,1,0,0,0,2,1,1,1,1,0,1,0,0,0,1,0,super built up,high,new,godrej summit,gurgaon
0.98,153.01,3,3,3,1,104,15,1,0,0,1,0,0,0,2,1,1,1,1,0,1,0,0,0,1,0,super built up,high,new,godrej summit,gurgaon
0.85,134.34,2,2,3,1,104,15,1,0,0,1,0,0,0,2,1,1,1,1,0,1,0,0,0,1,0,super built up,high,new,godrej summit,gurgaon
0.75,117.89,2,2,3,1,104,15,1,0,0,1,0,0,0,2,1,1,1,1,0,1,0,0,0,1,0,super built up,mid,new,godrej summit,gurgaon
0.3,55.93,2,2,1,0,107,10,0,0,0,1,0,0,0,1,0,0,0,1,0,0,0,0,0,0,0,super built up,mid,new,signature global solera,gurgaon
1.7,162.12,3,3,3,0,109,15,0,0,0,0,1,0,3,3,1,0,0,0,1,0,1,0,1,1,0,super built up,high,new,ats kocoon,gurgaon
1.4,162.58,3,3,3,1,109,11,1,0,0,1,0,0,0,2,1,0,2,1,0,0,0,0,0,1,0,super built up,high,new,ats tourmaline,gurgaon
1.7,160.44,3,3,2,1,67,12,0,0,0,1,0,1,0,2,1,0,1,0,0,2,0,0,0,0,0,super built up,high,new,ireo the corridors,gurgaon
0.9,181.16,3,4,3,1,90,10,1,0,0,1,0,1,0,3,1,0,0,1,0,1,0,0,0,0,0,super built up,mid,new,shree vardhman flora,gurgaon
1.25,239.23,4,4,3,1,90,10,1,0,0,1,0,1,0,3,1,0,0,1,0,1,0,0,0,0,0,carpet,high,new,shree vardhman flora,gurgaon
0.65,125.42,2,2,3,1,90,10,1,0,0,1,0,1,0,3,1,0,0,1,0,1,0,0,0,0,0,super built up,mid,new,shree vardhman flora,gurgaon
0.9,181.16,3,4,3,1,90,10,1,0,0,1,0,1,0,3,1,0,0,1,0,1,0,0,0,0,0,super built up,mid,new,shree vardhman flora,gurgaon
0.65,125.42,2,2,3,1,90,10,1,0,0,1,0,1,0,3,1,0,0,1,0,1,0,0,0,0,0,super built up,mid,new,shree vardhman flora,gurgaon
0.66,120.77,2,2,3,1,90,10,1,0,0,1,0,1,0,3,1,0,0,1,0,1,0,0,0,0,0,super built up,mid,new,shree vardhman flora,gurgaon
0.91,240.43,3,3,3,1,1,11,5,0,0,0,0,0,0,0,0,0,0,0,3,0,0,0,0,0,2,super built up,high,old,hsiidc sidco aravali,manesar
0.85,213.68,3,3,2,0,1,10,4,0,0,0,0,0,0,0,0,0,0,0,3,0,0,0,0,0,2,carpet,low,old,the crew bos chs manesar,manesar
0.85,213.68,3,3,3,1,1,10,4,0,0,0,0,0,0,0,0,0,0,0,3,0,0,0,0,0,2,super built up,mid,new,nagata group housing society,gurgaon
2.9,183.48,4,4,0,1,65,6,1,0,0,0,0,0,0,0,1,0,0,0,0,1,0,0,0,0,0,carpet,mid,new,emaar mgf emerald floors premier,gurgaon
2.85,183.48,4,4,3,1,65,6,1,0,0,0,0,0,0,0,1,0,0,0,0,1,0,0,0,0,0,carpet,low,new,emaar mgf emerald floors premier,gurgaon
2.24,153.29,3,3,3,1,65,6,1,0,0,0,0,0,0,0,1,0,0,0,0,1,0,0,0,0,0,carpet,low,new,emaar mgf emerald floors premier,gurgaon
2.55,153.29,3,3,3,1,65,6,1,0,0,0,0,0,0,0,1,0,0,0,0,1,0,0,0,0,0,super built up,low,new,emaar mgf emerald floors premier,gurgaon
2.85,183.48,4,4,3,1,65,6,1,0,0,0,0,0,0,0,1,0,0,0,0,1,0,0,0,0,0,super built up,low,new,emaar mgf emerald floors premier,gurgaon
2.5,153.29,3,3,3,1,65,6,1,0,0,0,0,0,0,0,1,0,0,0,0,1,0,0,0,0,0,super built up,low,new,emaar mgf emerald floors premier,gurgaon
2.75,242.01,3,3,3,1,50,9,1,0,0,0,0,1,0,2,1,1,1,0,0,0,0,0,0,0,0,super built up,low,old,the close north,gurgaon
1.35,143.54,3,4,2,1,33,13,0,0,0,1,0,2,0,1,1,0,1,1,0,0,0,0,0,0,0,super built up,high,old,unitech the residences,gurgaon
2.51,194.45,3,3,3,1,50,9,1,0,0,0,0,1,0,2,1,1,1,0,0,0,0,0,0,0,0,super built up,high,old,the close north,gurgaon
4.5,293.02,4,4,3,1,67,10,1,0,0,1,0,1,0,2,1,0,0,0,0,1,0,0,1,0,0,super built up,high,new,m3m merlin,gurgaon
2.5,194.45,3,3,3,1,50,9,1,0,0,0,0,1,0,2,1,1,1,0,0,0,0,0,0,0,0,super built up,high,new,the close north,gurgaon
1.14,152.36,2,2,3,0,85,13,1,0,0,1,0,1,0,2,1,0,0,1,0,1,0,0,0,1,0,super built up,mid,new,ss the leaf,gurgaon
1.85,261.24,4,5,3,0,85,13,1,0,0,1,0,1,0,2,1,0,0,1,0,1,0,0,0,1,0,super built up,low,new,ss the leaf,gurgaon
2.8,181.16,3,4,3,1,66,14,1,0,0,0,0,2,0,2,1,0,1,0,0,0,0,0,1,0,0,super built up,high,new,emaar mgf the palm drive,gurgaon
1.45,110.37,2,2,3,0,66,46,14,0,0,0,2,3,11,0,0,0,0,0,0,0,1,0,1,0,0,super built up,low,new,emaar mgf palm studios,gurgaon
0.86,132.85,3,3,3,1,82,11,0,0,0,1,0,2,0,2,1,0,0,0,0,1,0,0,0,0,0,super built up,mid,old,mapsko casa bella,gurgaon
1.28,138.43,3,3,3,1,79,9,0,0,0,1,0,0,0,2,1,0,1,1,0,0,0,0,0,0,0,super built up,high,new,mapsko mount ville,gurgaon
1.2,138.43,3,3,3,1,79,9,0,0,0,1,0,0,0,2,1,0,1,1,0,0,0,0,0,0,0,super built up,high,new,mapsko mount ville,gurgaon
1.15,154.22,3,2,3,1,81,9,0,0,0,1,0,0,0,1,0,0,1,1,0,0,0,0,0,0,0,super built up,mid,new,bestech park view ananda,gurgaon
0.88,126.35,2,2,3,1,81,9,0,0,0,1,0,0,0,1,0,0,1,1,0,0,0,0,0,0,0,super built up,high,new,bestech park view ananda,gurgaon
0.87,126.35,2,2,3,0,81,9,0,0,0,1,0,0,0,1,0,0,1,1,0,0,0,0,0,0,0,super built up,high,new,bestech park view ananda,gurgaon
2.4,267.1,4,6,3,1,103,15,1,0,0,1,1,1,0,3,1,1,1,2,0,1,0,0,0,0,0,super built up,high,new,indiabulls centrum park,gurgaon
1.3,112.88,2,2,3,1,102,13,1,0,0,1,1,0,0,2,1,0,0,1,0,1,0,0,1,0,0,super built up,high,new,shapoorji pallonji joyville gurugram,gurgaon
1.85,167.13,3,3,3,0,82,7,1,0,0,0,0,0,0,0,1,0,0,0,0,0,0,0,0,0,0,super built up,low,new,dlf the primus,gurgaon
2.0,172.06,3,3,3,1,102,13,1,0,0,1,1,0,0,2,1,0,0,1,0,1,0,0,1,0,0,super built up,low,new,shapoorji pallonji joyville gurugram,gurgaon
9.95,440.27,4,6,3,1,62,11,1,0,0,1,0,1,0,2,1,0,0,0,0,1,0,0,1,0,0,super built up,high,new,pioneer araya,gurgaon
9.2,428.56,4,6,3,1,62,11,1,0,0,1,0,1,0,2,1,0,0,0,0,1,0,0,1,0,0,super built up,mid,new,pioneer araya,gurgaon
1.79,166.2,3,3,3,0,33,15,3,0,0,0,0,2,0,4,1,0,0,0,0,1,0,1,0,0,0,super built up,low,old,central park flower valley,sohna
2.1,240.15,3,4,3,1,109,11,1,0,0,1,0,0,0,2,1,0,2,1,0,0,0,0,0,1,0,super built up,high,new,ats tourmaline,gurgaon
1.14,176.52,3,4,3,1,106,11,1,0,0,1,0,1,0,2,1,0,1,1,0,1,0,0,0,0,0,super built up,high,new,paras dews,gurgaon
1.13,185.53,3,5,3,1,99,15,2,0,0,1,2,1,3,4,1,0,0,0,0,1,0,0,0,0,0,super built up,mid,new,pareena coban residences,gurgaon
1.05,163.51,3,4,3,1,106,11,1,0,0,1,0,1,0,2,1,0,1,1,0,1,0,0,0,0,0,super built up,high,new,paras dews,gurgaon
2.78,249.91,3,3,3,1,113,8,1,0,0,1,0,0,0,2,0,0,0,1,0,0,0,0,0,0,0,super built up,low,new,la vida by tata housing,gurgaon
1.55,123.56,2,2,3,0,113,8,1,0,0,1,0,0,0,2,0,0,0,1,0,0,0,0,0,0,0,super built up,low,new,la vida by tata housing,gurgaon
1.35,118.54,2,2,3,0,113,8,1,0,0,1,0,0,0,2,0,0,0,1,0,0,0,0,0,0,0,super built up,high,new,la vida by tata housing,gurgaon
1.38,146.14,2,2,3,1,113,8,1,0,0,1,0,0,0,2,0,0,0,1,0,0,0,0,0,0,0,super built up,high,new,la vida by tata housing,gurgaon
2.35,205.97,3,3,3,1,113,8,1,0,0,1,0,0,0,2,0,0,0,1,0,0,0,0,0,0,0,super built up,high,new,la vida by tata housing,gurgaon
1.8,157.19,3,3,3,0,102,13,1,0,0,1,1,0,0,2,1,0,0,1,0,1,0,0,1,0,0,super built up,low,new,shapoorji pallonji joyville gurugram,gurgaon
1.24,112.88,2,2,2,0,102,13,1,0,0,1,1,0,0,2,1,0,0,1,0,1,0,0,1,0,0,super built up,high,new,shapoorji pallonji joyville gurugram,gurgaon
0.96,85.01,2,2,2,0,102,13,1,0,0,1,1,0,0,2,1,0,0,1,0,1,0,0,1,0,0,super built up,high,new,shapoorji pallonji joyville gurugram,gurgaon
1.82,180.42,3,4,3,1,102,15,0,0,0,2,0,1,0,2,1,1,1,1,0,1,0,0,0,1,0,super built up,high,old,conscient heritage max,gurgaon
2.65,237.27,4,5,3,1,102,15,0,0,0,2,0,1,0,2,1,1,1,1,0,1,0,0,0,1,0,super built up,high,old,conscient heritage max,gurgaon
2.2,199.65,3,4,3,1,102,15,0,0,0,2,0,1,0,2,1,1,1,1,0,1,0,0,0,1,0,super built up,high,old,conscient heritage max,gurgaon
1.78,179.4,3,4,3,1,102,15,0,0,0,2,0,1,0,2,1,1,1,1,0,1,0,0,0,1,0,super built up,mid,old,conscient heritage max,gurgaon
1.68,236.44,3,3,3,1,109,11,6,0,0,0,0,0,0,0,0,3,0,0,0,0,0,0,0,0,0,super built up,mid,old,sbtl caladium,gurgaon
1.3,174.66,3,2,3,0,109,11,6,0,0,0,0,0,0,0,0,3,0,0,0,0,0,0,0,0,0,super built up,high,old,sbtl caladium,gurgaon
0.49,55.93,2,2,1,1,107,10,0,0,0,1,0,0,0,1,0,0,0,1,0,0,0,0,0,0,0,super built up,high,new,signature global solera,gurgaon
1.08,161.65,3,3,3,1,83,15,4,0,0,0,0,0,0,3,0,0,0,0,2,0,0,0,0,0,0,super built up,mid,new,vatika city homes,gurgaon
1.72,190.45,3,4,3,0,79,10,1,0,0,1,0,0,0,2,1,0,0,0,0,0,0,0,0,0,0,built up,high,new,bestech altura,gurgaon
0.16,72.46,2,2,2,0,23,24,0,0,0,0,1,0,0,0,0,0,0,0,0,0,1,0,0,0,2,super built up,low,old,ashiana apartment,gurgaon
0.2,69.68,2,2,1,0,33,5,0,0,0,0,0,0,0,0,0,0,0,0,0,0,0,0,0,0,1,super built up,mid,new,hcbs sports ville,sohna
0.71,84.17,2,2,1,0,51,9,1,0,0,0,1,1,0,2,1,0,1,0,0,0,1,0,0,0,0,carpet,mid,new,orchid island,gurgaon
0.54,77.11,2,2,1,0,33,8,1,0,0,0,0,0,0,2,1,1,1,0,0,0,0,0,0,0,0,carpet,low,new,signature global park,sohna
0.65,113.81,2,2,2,0,81,13,0,0,0,0,0,0,0,0,0,0,0,0,8,0,0,0,0,0,1,super built up,high,old,vipul lavanya,gurgaon
1.38,134.71,3,3,1,0,48,15,3,0,0,1,0,3,1,2,0,1,0,0,1,1,0,0,0,0,0,carpet,low,new,vipul world,gurgaon
0.45,54.81,2,3,2,0,37,12,1,0,0,1,0,1,0,2,1,1,0,1,0,1,0,0,1,0,0,carpet,high,mid aged,signature global the millennia 3,gurgaon
0.45,46.45,1,1,1,0,36,6,2,0,0,0,0,0,0,0,0,0,0,0,3,0,0,0,0,0,0,super built up,high,new,avl 36 gurgaon,gurgaon
1.15,163.04,3,2,3,0,83,10,1,0,0,1,0,2,0,2,1,0,0,0,0,0,0,0,0,0,0,super built up,high,new,vatika lifestyle homes,gurgaon
3.6,280.57,4,5,3,1,49,14,5,0,0,0,0,1,5,0,0,0,0,0,0,0,0,0,0,0,0,carpet,mid,old,vatika city,gurgaon
0.9,121.7,2,2,2,0,91,10,1,0,0,0,0,0,0,3,1,0,0,1,0,1,0,0,0,0,0,super built up,high,new,tarc maceo,gurgaon
0.55,56.67,1,2,1,0,56,45,6,0,0,0,1,2,14,5,0,0,3,0,1,0,2,1,0,0,4,carpet,low,old,kendriya vihar,gurgaon
0.9,63.45,1,1,0,0,71,8,1,0,0,1,0,1,0,1,1,0,1,0,0,0,0,0,0,0,0,built up,mid,new,m3m sky lofts,gurgaon
0.5,31.3,1,1,1,0,111,15,2,1,0,0,2,2,2,3,0,0,1,0,0,0,0,0,0,0,0,carpet,low,new,lotus homz,gurgaon
2.86,189.52,3,3,3,1,65,11,1,0,0,1,0,2,0,2,1,0,1,1,0,1,0,0,0,0,0,carpet,high,mid aged,m3m heights,gurgaon
0.29,23.23,1,1,0,0,52,43,5,0,0,0,0,0,10,0,0,0,0,0,2,0,3,0,0,0,4,carpet,mid,old,ansal api sushant estate,gurgaon
0.89,134.71,2,3,3,1,103,15,1,0,0,1,1,2,0,3,1,1,2,2,0,0,0,1,0,0,0,super built up,low,new,satya the hermitage,gurgaon
1.12,184.97,3,4,3,1,103,15,1,0,0,1,1,2,0,3,1,1,2,2,0,0,0,1,0,0,0,super built up,high,new,satya the hermitage,gurgaon
0.5,59.46,3,3,1,0,92,4,1,0,0,0,0,0,0,1,0,0,0,0,0,1,0,0,0,0,0,super built up,high,new,gls avenue 51,gurgaon
1.4,185.53,3,5,3,0,99,15,2,0,0,1,2,1,3,4,1,0,0,0,0,1,0,0,0,0,0,super built up,mid,new,pareena coban residences,gurgaon
2.05,205.78,4,4,3,0,90,14,0,0,0,0,2,0,0,0,0,0,0,0,0,0,0,0,0,0,0,super built up,mid,new,dlf regal gardens,gurgaon
0.87,135.36,2,2,3,1,33,7,1,0,0,0,0,0,0,2,0,0,0,1,0,0,0,0,0,0,0,super built up,high,new,eldeco accolade,sohna
1.32,107.58,2,2,2,0,66,15,2,0,0,0,2,0,2,8,0,0,0,0,0,0,0,0,0,0,0,super built up,mid,new,ireo uptown,gurgaon
1.3,137.5,2,2,3,1,86,10,1,0,0,1,0,0,0,3,1,0,0,1,0,0,0,0,0,0,0,super built up,high,new,microtek greenburg,gurgaon
0.95,112.41,3,2,3,0,33,8,1,0,0,0,0,0,0,2,1,1,1,0,0,0,0,0,0,0,0,built up,low,new,signature global park,sohna
0.42,59.46,3,3,1,0,92,4,1,0,0,0,0,0,0,1,0,0,0,0,0,1,0,0,0,0,0,carpet,low,new,gls avenue 51,gurgaon
0.88,137.96,3,3,1,0,85,8,2,0,0,1,0,1,0,2,0,0,0,0,0,0,0,0,0,0,0,super built up,low,new,orris carnation residency,gurgaon
2.0,255.85,4,3,3,0,49,44,12,0,0,0,0,1,2,0,0,0,0,0,0,0,0,0,0,0,0,super built up,mid,old,awho sispal vihar,gurgaon
3.85,217.49,3,3,3,1,54,47,5,0,0,0,1,2,13,0,0,0,4,0,1,0,2,1,0,0,4,super built up,high,old,suncity heights,gurgaon
3.72,247.12,5,4,3,1,113,8,1,0,0,1,0,0,0,2,0,0,0,1,0,0,0,0,0,0,0,carpet,high,new,la vida by tata housing,gurgaon
0.68,53.88,2,2,3,1,37,10,1,0,0,1,0,1,0,2,1,0,0,1,0,1,0,0,0,0,0,carpet,high,new,signature global city,gurgaon
1.31,83.61204013377927,2,2,2,0,33,8,1,0,0,1,0,0,0,2,1,0,0,0,0,0,0,0,0,0,0,carpet,mid,under construction,godrej nature plus,sohna
1.65,185.43,3,3,3,1,33,8,1,0,0,1,0,0,0,2,1,0,0,0,0,0,0,0,0,0,0,carpet,low,new,godrej nature plus,sohna
1.9,185.81,3,4,3,1,77,10,1,0,0,1,0,1,0,2,1,0,0,1,0,0,0,0,0,0,0,super built up,mid,new,emaar mgf palm hills,gurgaon
1.8,215.54,4,3,3,1,91,10,1,0,0,0,0,0,0,3,1,0,0,1,0,1,0,0,0,0,0,carpet,high,new,tarc maceo,gurgaon
0.45,55.46,2,2,1,0,102,8,1,0,0,0,0,0,0,2,1,0,1,1,0,0,0,0,0,0,0,super built up,high,new,rof aalayas,gurgaon
1.85,218.32,3,3,3,1,52,47,7,0,0,0,1,0,14,0,0,0,4,0,1,0,2,1,0,0,4,super built up,mid,old,green homes,gurgaon
0.8,83.61,2,2,3,1,95,8,3,0,0,0,0,0,0,0,0,1,0,0,4,0,0,0,0,0,0,super built up,high,new,awho shanti vihar,gurgaon
1.0,144.37,3,3,3,0,67,12,0,0,0,0,0,0,0,0,0,0,1,0,0,0,0,0,0,0,0,super built up,low,old,ansal api esencia,gurgaon
1.25,131.92,3,3,2,0,15,49,25,0,0,0,1,0,4,4,0,0,0,0,3,0,1,1,0,0,0,carpet,low,old,dron apartment,gurgaon
1.2,149.57,2,2,3,1,84,10,1,0,0,1,0,1,0,2,1,0,0,1,0,0,0,0,0,0,0,super built up,low,new,spaze privy at4,gurgaon
0.85,100.43,3,2,2,0,33,8,1,0,0,0,0,0,0,2,1,1,1,0,0,0,0,0,0,0,0,super built up,mid,new,signature global park,sohna
0.35,58.06,2,2,2,0,33,14,1,0,0,0,0,1,1,1,0,1,0,0,0,1,0,0,1,0,0,carpet,high,new,breez global hill view,sohna
1.15,83.61204013377927,2,2,1,1,88,7,1,0,0,0,1,0,0,1,0,0,0,1,0,0,0,0,0,0,0,carpet,high,new,godrej oasis,gurgaon
0.96,130.44,2,2,3,0,91,10,1,0,0,0,0,0,0,3,1,0,0,1,0,1,0,0,0,0,0,super built up,high,old,tarc maceo,gurgaon
1.3,179.3,3,3,3,1,86,15,2,0,0,0,0,0,4,5,1,0,0,0,0,0,0,0,0,0,0,super built up,high,old,dlf new town heights 2,gurgaon
3.0,265.89,3,5,3,0,28,48,5,0,0,0,1,0,12,0,0,0,4,0,0,0,1,0,0,0,5,super built up,high,old,rose apartment,gurgaon
1.3,139.35,3,3,2,1,89,9,1,0,0,0,0,0,0,2,1,0,0,2,0,0,0,0,0,0,0,super built up,low,new,m3m soulitude,gurgaon
2.5,227.61,4,4,3,1,43,45,5,0,0,0,1,0,9,1,0,0,3,0,1,0,2,0,0,0,1,carpet,mid,old,the rama apartment cghs,gurgaon
2.25,185.81,3,3,3,1,77,5,0,0,0,0,0,0,0,1,0,0,0,0,0,0,0,0,0,0,0,super built up,high,new,emaar palm heights,gurgaon
1.45,154.22,3,2,3,1,81,9,0,0,0,1,0,0,0,1,0,0,1,1,0,0,0,0,0,0,0,super built up,low,new,bestech park view ananda,gurgaon
1.45,138.89,2,2,3,1,79,11,1,0,0,1,0,1,0,2,1,0,0,1,0,0,0,0,0,1,0,super built up,high,new,godrej aria,gurgaon
1.9,155.33,3,3,2,0,76,11,2,0,0,0,0,1,0,2,1,0,1,0,0,0,0,0,0,0,0,super built up,mid,mid aged,whiteland blissville,gurgaon
0.5,59.46,3,3,1,0,92,4,1,0,0,0,0,0,0,1,0,0,0,0,0,1,0,0,0,0,0,carpet,high,new,gls avenue 51,gurgaon
1.45,140.1,3,2,3,0,68,10,1,0,0,1,0,2,0,1,1,0,0,0,0,1,0,0,0,0,0,super built up,high,new,m3m the marina,gurgaon
1.05,102.47,2,2,2,1,89,14,1,0,0,1,0,2,0,2,0,1,1,2,0,1,0,0,0,0,0,built up,mid,new,smart world gems,gurgaon
5.5,465.44,5,6,3,1,57,5,0,0,0,0,0,0,0,3,0,0,0,0,0,0,0,0,0,0,1,built up,high,old,bptp freedom park life,gurgaon
0.66,106.84,3,3,2,0,7,50,34,0,0,0,0,0,2,2,0,0,0,0,0,0,0,0,0,0,1,built up,low,under construction,shyam apartment,gurgaon
2.3,212.75,3,4,3,1,104,13,1,0,0,1,0,2,0,3,1,0,1,1,0,1,0,1,0,0,0,carpet,high,new,ats triumph,gurgaon
1.75,181.16,3,5,3,1,70,15,2,0,0,1,0,2,3,0,0,0,0,0,1,0,0,0,0,0,0,super built up,mid,new,shree vardhman victoria,gurgaon
1.6,153.29,3,3,3,0,102,10,1,0,0,1,0,1,0,2,1,0,0,1,0,0,0,0,0,0,0,super built up,high,new,emaar gurgaon greens,gurgaon
3.95,240.43,3,3,3,1,62,11,1,0,0,1,0,1,0,4,1,0,1,0,0,0,0,0,0,0,0,carpet,high,new,emaar digihomes,gurgaon
0.38,85.94,2,2,1,0,37,4,1,0,0,1,0,0,0,2,0,0,0,0,0,0,0,0,0,0,0,built up,high,new,apex our homes,gurgaon
0.51,477.88949999999994,2,2,1,0,107,3,0,0,0,0,0,0,0,0,1,0,0,1,0,0,0,0,0,0,0,carpet,low,new,signature global solera 2,gurgaon
,60.39,1,1,1,1,31,14,1,0,0,2,1,1,0,2,1,0,1,0,0,0,0,0,0,0,0,carpet,low,new,raheja atlantis,gurgaon
0.41,62.25,2,2,2,1,95,12,0,0,0,1,0,0,0,2,1,0,0,1,1,1,0,0,0,0,0,built up,high,new,signature the roselia,gurgaon
1.0,187.66,4,4,3,0,92,8,4,0,0,0,0,0,0,0,0,0,0,0,4,0,0,0,0,0,0,super built up,high,new,sare crescent parc royal greens phase 1,gurgaon
0.5,65.03,3,3,2,0,37,12,1,0,0,1,0,1,0,2,1,1,0,1,0,1,0,0,1,0,0,carpet,low,mid aged,signature global the millennia 3,gurgaon
0.8,123.19,3,2,2,0,92,8,4,0,0,0,0,0,0,0,0,0,0,0,4,0,0,0,0,0,0,carpet,low,new,sare crescent parc,gurgaon
0.86,163.51,3,3,2,1,37,8,1,0,0,1,1,0,0,2,0,0,0,1,0,0,0,0,0,0,0,super built up,high,new,imperia the esfera,gurgaon
1.25,157.01,3,2,1,0,86,4,1,0,0,1,0,0,0,1,0,0,0,1,0,0,0,0,0,0,0,super built up,low,new,ansal heights 86,gurgaon
5.9,312.43,3,3,3,1,65,9,1,0,0,1,0,1,0,2,1,0,1,0,0,1,0,1,0,0,0,super built up,high,old,m3m golfestate,gurgaon
1.2,153.29,3,2,2,1,31,49,7,0,0,0,2,0,13,4,0,0,0,0,3,0,1,0,0,0,3,super built up,low,old,raheja teachers apartments,gurgaon
0.95,135.36,2,2,3,1,33,7,1,0,0,0,0,0,0,2,0,0,0,1,0,0,0,0,0,0,0,super built up,high,mid aged,eldeco accolade,sohna
2.8,181.16,3,3,2,1,66,14,1,0,0,0,0,2,0,2,1,0,1,0,0,0,0,0,1,0,0,super built up,high,new,emaar mgf the palm drive,gurgaon
0.28,60.39,2,2,2,0,33,6,0,0,0,0,0,0,0,0,1,0,0,2,0,0,0,1,0,0,0,super built up,high,new,gls arawali homes,sohna
2.03,157.19,3,3,2,0,102,13,1,0,0,1,1,0,0,2,1,0,0,1,0,1,0,0,1,0,0,super built up,low,new,shapoorji pallonji joyville gurugram,gurgaon
0.75,119.84,3,3,3,1,9,49,32,0,0,0,0,0,5,1,0,3,0,0,0,0,1,0,0,0,1,carpet,mid,old,the new crpf apartments,gurgaon
1.7,176.52,4,3,3,0,70,12,0,0,0,1,0,1,0,2,1,1,1,0,0,0,0,1,0,0,0,carpet,low,new,bptp astaire gardens,gurgaon
3.1,139.35,2,2,3,1,112,8,2,0,0,0,0,1,0,1,1,1,0,1,0,0,0,0,0,0,0,carpet,high,new,experion windchants,gurgaon
0.4,83.61,2,2,2,0,99,8,0,0,0,2,0,0,0,2,1,0,1,1,0,0,0,0,0,0,0,super built up,high,new,pivotal riddhi siddhi,gurgaon
1.3,134.15,2,2,2,0,3,11,1,0,0,1,0,1,0,2,1,0,1,1,0,1,0,0,0,0,0,carpet,mid,mid aged,godrej habitat,gurgaon
0.26,53.51,2,2,2,0,33,6,0,0,0,0,0,0,0,0,1,0,0,2,0,0,0,1,0,0,0,carpet,mid,new,gls arawali homes,sohna
0.24,52.95,2,2,1,0,33,10,0,0,0,0,0,0,5,0,0,0,0,0,0,0,0,0,0,0,2,super built up,high,new,mvn athens,sohna
0.56,74.32,2,2,1,0,67,7,1,0,0,1,0,1,0,1,0,0,1,0,0,0,0,0,1,0,0,carpet,high,new,shree vardhman mantra,gurgaon
5.5,273.41,4,5,3,1,31,14,1,0,0,2,1,1,0,2,1,0,1,0,0,0,0,0,0,0,0,super built up,low,new,raheja atlantis,gurgaon
1.8,217.76,4,4,3,1,91,8,1,0,0,0,0,2,0,2,1,0,1,0,0,0,0,0,0,0,0,carpet,mid,old,dlf new town heights,gurgaon
1.6,179.21,3,3,1,1,86,10,0,0,0,1,0,0,0,3,1,0,0,0,0,1,0,0,0,0,0,super built up,high,new,dlf the skycourt,gurgaon
0.96,137.31,2,2,1,1,111,7,1,0,0,1,0,1,0,3,1,0,0,1,0,0,0,0,0,0,0,super built up,mid,mid aged,tashee capital gateway,gurgaon
0.79,135.36,3,2,2,0,109,15,4,0,0,0,0,0,0,7,0,0,0,1,0,0,0,0,0,0,0,super built up,low,new,raheja atharva,gurgaon
0.6,92.9,3,2,1,0,4,50,30,0,0,0,0,0,3,3,0,0,0,0,1,0,2,0,0,0,0,super built up,low,new,builder floor,gurgaon
0.42,57.88,2,2,2,0,33,10,1,0,0,1,0,1,0,2,1,0,0,0,0,1,0,0,1,0,0,super built up,low,new,breez global heights,sohna
3.35,188.96,3,3,3,0,63,13,1,0,0,1,0,1,0,2,1,0,1,0,0,1,0,0,1,0,0,super built up,low,new,adani brahma samsara vilasa,gurgaon
5.0,399.48,3,4,3,0,48,42,6,0,0,0,0,1,2,0,0,0,0,0,0,0,0,1,0,0,0,carpet,high,old,central park 2 bellevue,gurgaon
1.0,90.12,3,2,2,0,70,8,1,0,0,0,0,1,0,2,1,0,1,0,0,0,0,0,0,0,0,carpet,low,old,tulip orange,gurgaon
2.75,237.55,3,4,3,0,48,42,6,0,0,0,0,1,2,0,0,0,0,0,0,0,0,1,0,0,0,super built up,low,old,central park 2 bellevue,gurgaon
2.4,128.3,2,2,2,0,108,13,1,0,0,0,0,1,0,2,1,0,0,1,0,0,0,0,0,1,0,super built up,high,new,sobha city,gurgaon
3.15,83.61204013377927,3,3,3,1,63,12,1,0,0,0,0,0,0,1,1,1,1,1,0,1,0,1,0,0,0,carpet,mid,mid aged,birla navya,gurgaon
0.95,136.1,2,2,3,1,33,6,1,0,0,0,0,0,0,2,1,0,0,0,0,0,0,0,0,0,0,super built up,low,new,ashiana mulberry,sohna
1.4,83.61204013377927,3,2,3,0,33,8,1,0,0,1,0,0,0,2,1,0,0,0,0,0,0,0,0,0,0,super built up,high,new,godrej nature plus,sohna
2.15,147.72,3,3,3,0,33,15,3,0,0,0,0,2,0,4,1,0,0,0,0,1,0,1,0,0,0,super built up,low,new,central park flower valley,sohna
1.8,215.54,3,3,3,1,91,10,1,0,0,0,0,0,0,3,1,0,0,1,0,1,0,0,0,0,0,carpet,high,new,tarc maceo,gurgaon
0.31,48.77,2,2,2,0,99,15,1,0,0,0,0,0,2,3,0,1,0,1,1,0,1,0,1,1,0,carpet,mid,new,pareena laxmi apartments,gurgaon
1.07,121.24,3,3,2,0,37,12,2,0,0,0,0,1,0,5,0,0,0,1,0,0,1,0,0,0,0,carpet,low,mid aged,signature global city 37d ph 2,gurgaon
1.1,135.36,3,2,3,0,33,7,1,0,0,0,0,0,0,2,0,0,0,1,0,0,0,0,0,0,0,super built up,high,new,eldeco accolade,sohna
1.05,91.79,2,2,2,0,50,45,12,0,0,0,2,3,10,1,0,0,0,0,0,0,1,0,1,0,0,carpet,low,old,woodstock floors,gurgaon
0.25,63.27,2,2,1,0,33,10,0,0,0,0,0,0,5,0,0,0,0,0,0,0,0,0,0,0,2,built up,high,new,mvn athens,sohna
0.42,78.97,2,2,2,0,89,3,0,0,0,0,0,0,0,0,0,1,0,0,2,0,0,0,0,0,0,super built up,low,new,adani aangan galleria,gurgaon
2.1,117.06,2,2,2,0,63,12,1,0,0,0,0,0,0,1,1,1,1,1,0,1,0,1,0,0,0,carpet,low,mid aged,birla navya,gurgaon
0.19,298.4,1,1,1,0,95,5,4,0,0,0,0,0,0,0,0,0,0,0,1,0,0,0,0,0,0,carpet,high,new,ramsons kshitij,gurgaon
2.1,213.68,4,4,3,0,51,47,10,0,0,0,0,0,9,5,0,0,0,0,3,0,2,0,1,0,2,built up,low,new,the arzoo cghs,gurgaon
1.44,189.52,4,4,3,0,92,8,4,0,0,0,0,0,0,0,0,0,0,0,4,0,0,0,0,0,0,carpet,high,new,sare crescent parc,gurgaon
0.71,133.41,3,3,2,0,92,8,4,0,0,0,0,0,0,0,0,0,0,0,4,0,0,0,0,0,0,carpet,mid,new,sare crescent parc,gurgaon
0.21,36.6,1,1,1,0,33,10,1,0,0,1,0,1,0,2,1,0,0,0,0,1,0,0,1,0,0,carpet,low,new,breez global heights,sohna
2.5,169.73,3,3,3,0,102,13,1,0,0,1,1,0,0,2,1,0,0,1,0,1,0,0,1,0,0,super built up,high,mid aged,shapoorji pallonji joyville gurugram,gurgaon
0.41,62.25,2,2,2,0,95,12,0,0,0,1,0,0,0,2,1,0,0,1,1,1,0,0,0,0,0,built up,high,new,signature the roselia,gurgaon
0.56,110.0,3,1,3,0,92,8,4,0,0,0,0,0,0,0,0,0,0,0,4,0,0,0,0,0,0,carpet,low,old,sare homes,gurgaon
0.9,240.43,3,3,3,1,1,11,5,0,0,0,0,0,0,0,0,0,0,0,3,0,0,0,0,0,2,super built up,low,old,hsiidc sidco aravali,manesar
1.35,166.3,3,3,3,0,81,9,0,0,0,1,0,0,0,1,0,0,1,1,0,0,0,0,0,0,0,carpet,high,old,bestech park view ananda,gurgaon
2.0,167.78,3,3,3,0,113,18,2,0,0,0,0,0,0,1,0,0,1,0,0,0,1,0,0,0,0,built up,high,under construction,smartworld one dxp,gurgaon
0.87,162.58,4,4,2,1,92,8,4,0,0,0,0,0,0,0,0,0,0,0,4,0,0,0,0,0,0,super built up,low,old,sare crescent parc,gurgaon
1.3,131.92,2,2,3,0,70,15,1,0,0,1,0,2,0,2,1,0,0,0,0,1,0,0,1,0,0,super built up,high,old,paras irene,gurgaon
0.48,62.25,2,2,2,0,95,12,0,0,0,1,0,0,0,2,1,0,0,1,1,1,0,0,0,0,0,carpet,mid,new,signature the roselia,gurgaon
0.94,126.91,2,2,3,0,107,6,0,0,0,0,0,0,0,2,1,0,0,0,0,0,0,0,0,0,0,super built up,low,old,m3m woodshire,gurgaon
0.75,101.73,2,2,2,0,69,42,12,0,0,0,2,3,11,0,0,0,0,0,0,0,1,0,1,0,0,super built up,mid,mid aged,unitech sunbreeze,gurgaon
0.65,59.37,2,2,1,0,71,15,1,0,0,0,0,1,2,1,1,0,0,0,1,0,0,0,0,0,0,super built up,high,new,signature andour heights,gurgaon
1.7,167.13,3,3,3,0,33,15,0,0,0,0,0,2,2,3,0,0,0,0,1,1,0,0,0,0,1,super built up,mid,new,central park flower valley aqua front towers,sohna
0.48,74.32,3,2,1,0,7,50,35,0,0,0,0,0,5,2,0,0,0,0,0,0,0,0,0,0,1,carpet,low,new,rwa,gurgaon
0.55,102.19,2,2,1,0,23,24,0,0,0,0,1,0,0,0,0,0,0,0,0,0,1,0,0,0,2,super built up,low,old,radhakrishna society,gurgaon
0.7,64.38,1,1,0,0,63,10,1,0,0,1,0,1,0,1,1,0,1,0,0,0,0,0,1,0,0,built up,mid,under construction,aipl joy square,gurgaon
1.55,97.55,2,2,2,0,63,13,1,0,0,0,0,3,0,2,1,0,1,0,0,1,0,1,1,0,0,carpet,low,mid aged,signature global city 63a,gurgaon
0.3,47.38,1,1,2,0,51,45,8,0,0,0,0,1,3,0,0,0,0,0,0,0,1,0,0,0,0,super built up,low,old,housing board colony,gurgaon
0.87,115.66,2,2,2,0,83,10,0,0,0,1,0,0,0,2,1,0,1,2,0,0,0,0,0,0,0,super built up,low,old,vatika gurgaon 21,gurgaon
1.3,120.4,2,2,2,0,67,12,0,0,0,1,0,1,0,2,1,0,1,0,0,2,0,0,0,0,0,built up,high,under construction,ireo the corridors,gurgaon
4.0,325.16,4,4,2,1,82,6,2,0,0,0,0,0,0,0,0,0,0,0,2,0,0,0,0,0,0,carpet,mid,under construction,dlf 76,gurgaon
1.85,199.74,3,3,3,1,89,6,1,0,0,1,0,0,0,2,1,0,0,1,0,0,0,0,0,0,0,super built up,high,new,ats marigold,gurgaon
1.75,181.16,3,5,0,0,70,15,2,0,0,1,0,2,3,0,0,0,0,0,1,0,0,0,0,0,0,built up,high,under construction,shree vardhman victoria,gurgaon
4.8,268.95,3,4,3,0,53,15,0,0,0,1,0,1,0,2,1,0,1,0,0,0,0,0,2,0,0,built up,high,new,parsvnath exotica,gurgaon
1.3,144.65,3,2,3,0,33,8,1,0,0,1,0,0,0,2,1,0,0,0,0,0,0,0,0,0,0,super built up,high,new,godrej nature plus,sohna
0.9,133.32,3,3,3,0,37,8,1,0,0,1,1,0,0,2,0,0,0,1,0,0,0,0,0,0,0,built up,high,under construction,imperia the esfera,gurgaon
5.8,260.22,4,4,3,0,54,45,4,0,0,0,2,0,13,0,0,0,3,0,1,0,2,1,0,0,0,built up,high,under construction,dlf icon,gurgaon
1.4,117.24,2,2,2,0,70,14,6,0,0,0,0,2,4,0,0,0,0,0,0,0,1,0,0,0,0,built up,high,under construction,aipl zen residences,gurgaon
0.95,111.48,2,2,0,0,71,15,2,1,0,0,0,2,1,0,1,0,0,0,0,1,0,2,0,0,0,built up,mid,under construction,chd avenue 71,gurgaon
1.35,144.65,3,2,3,0,33,8,1,0,0,1,0,0,0,2,1,0,0,0,0,0,0,0,0,0,0,super built up,high,new,godrej nature plus,sohna
0.95,157.01,3,2,1,0,86,4,1,0,0,1,0,0,0,1,0,0,0,1,0,0,0,0,0,0,0,carpet,mid,new,ansal heights 86,gurgaon
0.7,125.6,2,2,3,1,90,10,1,0,0,1,0,1,0,3,1,0,0,1,0,1,0,0,0,0,0,super built up,high,new,shree vardhman flora,gurgaon
3.0,258.18,4,5,3,1,108,9,1,0,0,1,0,1,0,1,1,0,0,1,0,0,0,0,0,0,0,super built up,low,new,experion the heartsong,gurgaon
0.2,44.04,1,1,1,0,33,5,0,0,0,0,0,0,0,0,0,0,0,0,0,0,0,0,0,0,1,built up,low,new,hcbs sports ville,sohna
0.5,92.9,2,2,3,0,92,8,4,0,0,0,0,0,0,0,0,0,0,0,4,0,0,0,0,0,0,super built up,low,old,sare crescent parc,gurgaon
2.0,154.68,3,3,2,0,113,8,1,0,0,1,0,0,0,2,1,1,1,1,0,0,0,0,0,0,0,super built up,high,mid aged,m3m capital,gurgaon
1.7,162.58,3,3,3,1,89,6,1,0,0,1,0,0,0,2,1,0,0,1,0,0,0,0,0,0,0,carpet,high,under construction,ats marigold,gurgaon
0.65,67.45,2,2,2,0,36,7,2,0,0,0,0,0,0,0,0,0,0,0,3,0,0,0,0,0,0,super built up,mid,new,avl 36 gurgaon,gurgaon
7.52,367.52,4,4,3,0,63,10,2,0,0,0,0,3,2,0,0,0,0,0,0,0,1,0,0,0,1,built up,high,under construction,dlf the arbour,gurgaon
2.87,213.49,4,4,3,1,113,8,1,0,0,1,0,0,0,2,1,1,1,1,0,0,0,0,0,0,0,carpet,low,new,m3m capital,gurgaon
1.2,83.61204013377927,2,2,3,0,33,8,1,0,0,1,0,0,0,2,1,0,0,0,0,0,0,0,0,0,0,carpet,low,new,godrej nature plus,sohna
0.6,55.74,2,1,1,0,69,33,9,0,0,0,2,2,9,0,0,0,0,0,0,0,1,0,0,0,0,carpet,high,new,tulip lemon,gurgaon
1.8,181.16,3,5,3,0,70,15,2,0,0,1,0,2,3,0,0,0,0,0,1,0,0,0,0,0,0,carpet,high,new,shree vardhman victoria,gurgaon
0.48,55.56,2,2,1,0,81,10,1,0,0,1,0,0,0,2,0,0,0,2,0,1,0,0,0,0,0,super built up,high,new,signature global synera,gurgaon
4.3,321.63,3,4,3,1,28,48,6,0,0,0,0,1,10,0,0,0,6,0,0,0,2,0,0,0,4,super built up,mid,old,sahara grace,gurgaon
0.9,102.47,2,2,2,1,89,14,1,0,0,1,0,2,0,2,0,1,1,2,0,1,0,0,0,0,0,super built up,low,new,smart world gems,gurgaon
2.75,199.74,3,3,3,0,70,14,6,0,0,0,0,2,4,0,0,0,0,0,0,0,1,0,0,0,0,built up,high,under construction,aipl peaceful homes,gurgaon
1.2,157.94,3,3,3,0,70,12,0,0,0,1,0,1,0,2,1,1,1,0,0,0,0,1,0,0,0,super built up,low,new,bptp astaire gardens,gurgaon
0.46,65.03,1,1,1,0,106,5,0,0,0,0,0,0,0,0,1,1,1,1,0,0,0,0,0,0,0,carpet,high,new,viridian the plaza 106,gurgaon
1.1,120.31,3,3,2,0,37,10,1,0,0,1,0,1,0,2,1,0,0,1,0,1,0,0,0,0,0,carpet,low,new,signature global city,gurgaon
1.15,115.66,2,2,3,0,68,15,1,0,0,1,0,1,0,2,1,0,1,1,0,1,0,0,1,0,0,super built up,high,new,pareena mi casa,gurgaon
0.45,42.9,1,1,0,1,52,44,6,0,0,0,0,0,11,1,0,0,1,0,2,0,3,0,0,0,1,carpet,low,old,huda housing board society,gurgaon
0.45,49.33,2,2,1,0,33,7,1,0,0,1,0,0,0,2,1,0,0,0,0,1,0,0,0,0,0,carpet,high,new,signature the serenas,sohna
0.4,67.82,2,2,0,0,93,8,0,0,0,2,0,0,0,3,1,0,0,0,0,0,0,0,0,0,0,built up,high,under construction,signature global orchard avenue,gurgaon
0.4,83.61,2,2,2,0,33,13,1,0,0,0,1,1,1,2,0,0,1,1,0,0,1,1,0,0,0,built up,low,under construction,trisara our homes 3,sohna
2.25,133.13,2,2,3,0,65,11,1,0,0,1,0,2,0,2,1,0,1,1,0,1,0,0,0,0,0,carpet,mid,mid aged,m3m heights,gurgaon
3.4,315.87,3,3,3,0,63,13,1,0,0,1,0,1,0,2,1,0,1,0,0,1,0,0,1,0,0,super built up,low,new,adani brahma samsara vilasa,gurgaon
1.45,167.23,4,3,0,0,82,7,1,0,0,1,0,0,0,2,0,0,0,2,0,0,0,0,0,0,0,built up,low,under construction,vatika independent floors,gurgaon
1.2,102.19,2,3,0,0,69,10,1,0,0,1,0,1,0,2,1,0,0,0,0,1,0,0,0,0,0,built up,high,under construction,tulip violet,gurgaon
1.9,117.15,2,2,3,0,65,11,1,0,0,1,0,2,0,2,1,0,1,1,0,1,0,0,0,0,0,super built up,mid,mid aged,m3m heights,gurgaon
1.65,169.55,3,3,3,0,88,14,0,0,0,0,0,0,0,1,0,0,0,0,0,0,0,0,0,0,0,super built up,high,new,godrej icon,gurgaon
2.7,187.48,3,3,3,1,74,7,1,0,0,2,0,1,0,2,1,0,0,1,0,0,0,0,0,0,0,super built up,high,new,m3m skywalk,gurgaon
0.54,78.53,2,2,3,0,33,8,1,0,0,0,0,0,0,2,1,1,1,0,0,0,0,0,0,0,0,super built up,mid,new,signature global park,sohna
0.22,65.03,1,1,1,0,33,5,0,0,0,0,0,0,0,0,0,0,0,0,0,0,0,0,0,0,1,carpet,low,new,hcbs sports ville,sohna
0.29,44.64,2,2,2,0,33,6,0,0,0,0,0,0,0,0,1,0,0,2,0,0,0,1,0,0,0,carpet,high,new,gls arawali homes,sohna
0.2,27.96,1,1,1,0,104,9,1,0,0,1,0,1,0,2,1,0,0,0,0,1,0,0,0,0,0,built up,low,under construction,zara aavaas,gurgaon
1.57,171.41,3,3,3,0,103,7,3,0,0,0,0,0,0,0,0,3,0,0,0,0,0,0,0,0,0,built up,low,under construction,chintamani,gurgaon
0.8,88.26,2,2,2,0,37,10,1,0,0,1,0,1,0,2,1,0,0,1,0,1,0,0,0,0,0,super built up,low,mid aged,signature global city,gurgaon
1.35,133.78,3,3,3,1,37,12,2,0,0,0,0,1,0,5,0,0,0,1,0,0,1,0,0,0,0,carpet,low,mid aged,signature global city 37d ph 2,gurgaon
2.0,182.74,4,4,1,0,69,10,1,0,0,1,0,1,0,2,1,0,0,0,0,1,0,0,0,0,0,carpet,high,new,tulip violet,gurgaon
0.87,112.41,3,2,3,0,33,8,1,0,0,0,0,0,0,2,1,1,1,0,0,0,0,0,0,0,0,built up,mid,under construction,signature global park,sohna
0.78,117.43,2,2,2,0,33,7,1,0,0,0,0,0,0,2,0,0,0,1,0,0,0,0,0,0,0,super built up,low,new,eldeco accolade,sohna
0.95,111.3,2,2,2,0,71,15,2,1,0,0,0,2,1,0,1,0,0,0,0,1,0,2,0,0,0,super built up,mid,old,chd avenue 71,gurgaon
1.1,218.32,3,2,3,0,92,11,1,0,0,0,0,0,2,1,0,0,0,1,0,0,1,0,0,0,0,built up,high,under construction,raheja navodaya,gurgaon
3.3,199.74,3,3,3,1,63,12,1,0,0,0,0,0,0,1,1,1,1,1,0,1,0,1,0,0,0,super built up,mid,mid aged,birla navya,gurgaon
0.3,6.69,1,1,0,1,51,45,8,0,0,0,0,1,3,0,0,0,0,0,0,0,1,0,0,0,0,carpet,low,old,housing board colony,gurgaon
2.96,198.26,4,4,3,1,33,15,0,0,0,0,0,2,2,3,0,0,0,0,1,1,0,0,0,0,1,carpet,low,new,central park flower valley aqua front towers,sohna
0.79,120.59,3,2,2,0,92,11,0,0,0,0,0,0,0,4,1,0,1,1,0,0,0,0,0,0,0,super built up,high,new,sare green parc phase 3,gurgaon
0.79,120.59,3,2,2,0,92,8,4,0,0,0,0,0,0,0,0,0,0,0,4,0,0,0,0,0,0,super built up,high,new,sare crescent parc royal greens phase 1,gurgaon
1.7,125.42,3,3,3,1,33,8,1,0,0,1,0,0,0,2,1,0,0,0,0,0,0,0,0,0,0,carpet,mid,new,godrej nature plus,sohna
1.4,171.87,3,3,3,0,88,7,1,0,0,0,1,0,0,1,0,0,0,1,0,0,0,0,0,0,0,super built up,mid,new,godrej oasis,gurgaon
0.58,131.46,3,3,3,0,92,8,4,0,0,0,0,0,0,0,0,0,0,0,4,0,0,0,0,0,0,super built up,low,new,sare homes,gurgaon
2.55,248.52,4,5,2,1,79,10,1,0,0,1,0,0,0,2,1,0,0,0,0,0,0,0,0,0,0,built up,mid,new,bestech altura,gurgaon
1.9,156.91,3,3,3,1,104,7,1,0,0,0,1,0,0,1,1,1,1,1,0,0,0,0,0,0,0,super built up,high,new,hero homes,gurgaon
1.25,113.34,2,2,3,0,68,10,1,0,0,1,0,1,0,2,1,0,0,0,0,1,0,0,1,0,0,super built up,mid,new,m3m sierra 68,gurgaon
1.65,185.81,3,3,3,1,103,15,1,0,0,1,1,1,0,3,1,1,1,2,0,1,0,0,0,0,0,super built up,high,new,indiabulls centrum park,gurgaon
0.75,135.08,3,3,3,1,92,7,4,0,0,0,0,0,0,0,0,0,0,0,3,0,0,0,0,0,0,super built up,low,new,sare green parc 2,gurgaon
1.6,218.32,4,6,3,1,1,10,5,0,0,0,0,0,0,0,0,0,0,0,2,0,0,0,0,0,2,carpet,mid,new,dlf express greens,manesar
1.15,142.51,2,2,3,1,107,6,0,0,0,0,0,0,0,2,1,0,0,0,0,0,0,0,0,0,0,super built up,high,new,m3m woodshire,gurgaon
1.4,129.04,3,2,2,0,104,7,1,0,0,0,1,0,0,1,1,1,1,1,0,0,0,0,0,0,0,super built up,mid,mid aged,hero homes,gurgaon
1.28,165.74,3,3,3,1,81,15,3,0,0,0,0,0,0,0,0,0,0,0,7,0,0,0,0,0,1,carpet,low,old,vipul lavanya,gurgaon
0.75,100.43,3,2,3,0,33,8,1,0,0,0,0,0,0,2,1,1,1,0,0,0,0,0,0,0,0,carpet,mid,new,signature global park,sohna
1.0,69.68,2,2,2,0,2,11,0,0,0,1,1,0,0,1,0,0,1,0,0,0,0,0,0,0,0,carpet,low,new,suncity vatsal valley,gurgaon
0.4,55.23,2,2,3,0,95,9,1,0,0,1,0,0,0,2,1,1,1,0,0,0,0,0,0,0,0,carpet,low,new,signature global superbia,gurgaon
1.75,181.16,3,4,2,1,70,15,2,0,0,1,0,2,3,0,0,0,0,0,1,0,0,0,0,0,0,built up,high,new,shree vardhman victoria,gurgaon
2.1,117.15,2,2,3,0,65,11,1,0,0,1,0,2,0,2,1,0,1,1,0,1,0,0,0,0,0,super built up,high,new,m3m heights,gurgaon
2.5,143.91,3,3,1,0,61,9,1,0,0,1,0,0,0,2,1,1,1,0,0,0,0,0,0,0,0,built up,low,under construction,smart world orchard,gurgaon
2.3,330.36,6,4,2,0,10,49,38,0,0,0,0,0,0,1,0,0,0,0,1,0,0,1,0,0,0,carpet,mid,old,karmyogi apartment,gurgaon
1.8,176.52,3,4,0,0,83,10,0,0,0,1,0,0,0,0,0,0,0,0,0,0,0,0,0,0,0,built up,high,under construction,emaar palm gardens,gurgaon
2.0,143.91,3,3,2,1,61,9,1,0,0,1,0,0,0,2,1,1,1,0,0,0,0,0,0,0,0,carpet,low,new,smart world orchard,gurgaon
1.0,142.14,2,2,3,1,79,3,0,0,0,0,0,0,0,0,0,0,0,0,2,0,0,0,0,0,1,carpet,mid,new,supertech araville,gurgaon
0.9,147.44,3,3,3,0,85,5,0,0,0,0,0,0,0,0,1,0,1,1,0,0,0,0,0,0,0,super built up,high,new,orris aster court,gurgaon
8.0,483.1,5,5,3,1,25,43,9,0,0,0,0,1,13,0,0,0,5,0,0,0,2,0,0,0,1,carpet,low,old,dlf beverly park,gurgaon
0.95,86.4,2,2,1,0,70,11,1,0,0,1,0,1,0,2,1,0,0,0,0,0,0,0,0,0,0,built up,high,new,aipl club residences,gurgaon
1.3,222.97,5,5,2,1,21,11,1,0,0,0,0,0,2,0,0,0,0,0,1,0,0,0,0,0,0,built up,low,old,surya vihar rwa,gurgaon
0.4,55.74,2,2,1,0,10,50,34,0,0,0,0,0,1,3,0,0,0,0,2,0,1,0,0,0,0,carpet,low,new,floor type society,gurgaon
1.45,131.92,2,2,3,0,79,3,0,0,0,0,0,0,0,0,0,0,0,0,2,0,0,0,0,0,1,carpet,high,under construction,m3m golf hills,gurgaon
1.25,190.92,3,3,3,0,37,10,1,0,0,1,0,1,0,2,1,0,0,1,0,1,0,0,0,0,0,carpet,mid,mid aged,signature global city,gurgaon
4.49,292.64,4,4,3,0,63,13,1,0,0,1,0,1,0,2,1,0,1,0,0,1,0,0,1,0,0,carpet,low,new,adani brahma samsara vilasa,gurgaon
6.0,222.97,4,4,2,1,54,8,1,0,0,1,0,1,0,2,1,0,1,0,0,0,0,0,0,0,0,carpet,low,mid aged,dlf the grove,gurgaon
1.53,132.85,3,3,3,0,2,11,0,0,0,1,1,0,0,1,0,0,1,0,0,0,0,0,0,0,0,carpet,low,new,suncity vatsal valley,gurgaon
0.7,123.19,3,2,2,0,92,11,0,0,0,0,0,0,0,4,1,0,1,1,0,0,0,0,0,0,0,super built up,mid,new,sare green parc phase 3,gurgaon
0.39,55.74,2,2,0,0,84,10,1,0,0,0,0,0,0,0,0,0,0,0,5,0,0,0,0,0,1,super built up,mid,under construction,pivotal devaan apartments,gurgaon
0.56,76.37,2,2,3,0,33,8,1,0,0,0,0,0,0,2,1,1,1,0,0,0,0,0,0,0,0,carpet,low,new,signature global park,sohna
6.75,315.41,4,4,2,1,59,15,1,0,0,1,0,2,0,3,1,1,1,0,0,0,0,0,0,0,0,super built up,high,new,conscient elevate,gurgaon
0.99,101.36,3,2,3,0,92,10,1,0,0,1,0,0,0,2,1,0,0,1,0,1,0,0,0,0,0,built up,low,mid aged,signature global city 92,gurgaon
1.4,130.06,2,2,3,0,85,8,1,0,0,1,0,0,0,2,1,0,0,1,0,0,0,0,0,0,0,built up,high,under construction,godrej air,gurgaon
0.6,65.03,2,2,2,0,67,11,0,0,0,2,0,1,0,4,0,0,0,0,1,0,0,0,0,0,0,super built up,high,new,pyramid urban,gurgaon
1.35,126.26,3,2,2,0,104,7,1,0,0,0,1,0,0,1,1,1,1,1,0,0,0,0,0,0,0,super built up,high,new,hero homes,gurgaon
0.71,120.31,2,2,0,0,79,3,0,0,0,0,0,0,0,0,0,0,0,0,2,0,0,0,0,0,1,built up,high,under construction,supertech araville,gurgaon
0.58,88.26,2,2,2,0,3,48,4,0,0,0,0,0,1,3,0,3,0,0,0,0,2,0,0,0,1,super built up,low,old,apna enclave,gurgaon
1.14,132.2,3,3,2,1,89,9,1,0,0,0,0,0,0,2,1,0,0,2,0,0,0,0,0,0,0,carpet,low,mid aged,m3m soulitude,gurgaon
1.69,171.41,3,3,3,0,103,17,6,0,0,0,0,0,4,0,0,4,0,0,0,0,0,0,0,0,1,super built up,high,new,on request,gurgaon
0.48,102.1,2,2,2,0,33,9,1,0,0,1,0,2,0,4,0,0,0,0,0,0,0,0,0,0,0,super built up,high,mid aged,raheja maheshwara,sohna
1.99,125.33,2,2,2,0,102,13,1,0,0,1,1,0,0,2,1,0,0,1,0,1,0,0,1,0,0,super built up,high,new,shapoorji pallonji joyville gurugram,gurgaon
2.5,325.16,4,4,3,1,24,42,13,0,0,0,0,1,9,0,0,0,5,0,0,0,1,0,0,0,1,super built up,low,old,dlf 3 apartment,gurgaon
0.75,116.78,2,2,2,0,81,15,3,0,0,0,0,0,0,0,0,0,0,0,7,0,0,0,0,0,1,carpet,mid,old,vipul lavanya,gurgaon
2.5,208.47,3,3,3,0,79,10,0,0,0,0,0,0,0,2,1,0,0,0,0,0,0,0,0,1,0,built up,mid,under construction,godrej 101,gurgaon
0.58,76.37,2,2,2,0,33,8,1,0,0,0,0,0,0,2,1,1,1,0,0,0,0,0,0,0,0,built up,low,under construction,signature global park,sohna
0.64,126.35,2,2,1,0,86,4,1,0,0,1,0,0,0,1,0,0,0,1,0,0,0,0,0,0,0,built up,low,new,ansal heights 86,gurgaon
1.2,169.27,3,3,3,0,77,10,1,0,0,1,0,1,0,2,1,0,0,1,0,0,0,0,0,0,0,built up,high,under construction,umang winter hills,gurgaon
0.93,147.44,3,3,3,0,85,5,0,0,0,0,0,0,0,0,1,0,1,1,0,0,0,0,0,0,0,built up,high,new,orris aster court,gurgaon
0.8,109.63,2,2,3,0,68,21,7,0,0,0,0,2,7,0,0,0,0,0,0,0,1,0,0,0,0,built up,high,new,supertech hues,gurgaon
0.31,38.74,1,1,1,0,81,10,1,0,0,1,0,0,0,2,0,0,0,2,0,1,0,0,0,0,0,super built up,high,new,signature global synera,gurgaon
0.8,91.97,3,2,1,0,7,50,34,0,0,0,0,0,2,2,0,0,0,0,0,0,0,0,0,0,1,carpet,mid,new,"new colony, gurgaon",gurgaon
0.7,54.91,2,2,1,0,67,11,0,0,0,2,0,1,0,4,0,0,0,0,1,0,0,0,0,0,0,carpet,high,new,pyramid urban,gurgaon
1.5,171.87,4,3,3,0,9,50,34,0,0,0,0,0,5,1,0,1,0,0,0,0,1,0,0,0,1,carpet,high,old,oriental valley chs,gurgaon
0.4,36.42,1,1,1,0,36,6,2,0,0,0,0,0,0,0,0,0,0,0,3,0,0,0,0,0,0,carpet,mid,new,avl 36 gurgaon,gurgaon
1.1,102.47,3,1,0,0,89,14,1,0,0,1,0,2,0,2,0,1,1,2,0,1,0,0,0,0,0,built up,low,under construction,smart world gems,gurgaon
0.5,69.68,2,2,0,0,103,11,0,0,0,0,0,0,0,4,0,0,0,1,0,0,0,0,0,0,0,built up,high,under construction,signature global grand iva,gurgaon
1.35,120.77,3,2,2,0,33,15,3,0,0,0,0,2,0,4,1,0,0,0,0,1,0,1,0,0,0,carpet,low,new,central park flower valley,sohna
1.7,148.27,3,4,3,1,51,9,1,0,0,0,1,1,0,2,1,0,1,0,0,0,1,0,0,0,0,carpet,low,old,orchid island,gurgaon
0.72,83.61204013377927,2,2,2,1,99,8,0,0,0,2,0,0,0,2,1,0,1,1,0,0,0,0,0,0,0,carpet,high,new,pivotal riddhi siddhi,gurgaon
0.35,44.87,2,2,2,0,84,15,2,0,0,0,0,0,1,5,1,0,0,1,1,1,0,0,0,0,0,carpet,mid,new,pivotal devaan,gurgaon
0.6,66.89,2,2,1,1,8,50,33,0,0,0,0,0,2,4,0,0,0,0,0,0,1,0,0,0,0,carpet,mid,new,511 sarahah tower,gurgaon
1.2,116.13,2,2,3,0,68,10,1,0,0,1,0,1,0,2,1,0,0,0,0,1,0,0,1,0,0,super built up,low,new,m3m sierra 68,gurgaon
0.5,74.32,2,2,2,0,103,11,0,0,0,0,0,0,0,4,0,0,0,1,0,0,0,0,0,0,0,super built up,high,new,signature global grand iva,gurgaon
0.47,56.21,1,1,1,0,56,45,6,0,0,0,1,2,14,5,0,0,3,0,1,0,2,1,0,0,4,carpet,low,old,kendriya vihar,gurgaon
5.0,269.42,3,4,3,1,53,15,0,0,0,1,0,1,0,2,1,0,1,0,0,0,0,0,2,0,0,carpet,mid,old,parsvnath exotica,gurgaon
1.7,110.09,2,2,2,1,66,46,14,0,0,0,2,3,11,0,0,0,0,0,0,0,1,0,1,0,0,super built up,mid,new,emaar mgf palm studios,gurgaon
0.95,174.19,3,3,3,0,37,9,1,0,0,1,0,1,0,2,1,1,0,1,0,0,0,0,0,0,0,super built up,high,new,ild greens,gurgaon
2.2,179.3,3,3,1,1,86,10,0,0,0,1,0,0,0,3,1,0,0,0,0,1,0,0,0,0,0,super built up,mid,new,dlf the skycourt,gurgaon
0.82,88.72,2,2,3,0,81,12,0,0,0,0,0,0,0,0,0,0,0,0,7,0,0,0,0,0,1,built up,low,under construction,signature global city 81,gurgaon
1.25,195.56,4,4,3,0,93,9,1,0,0,1,0,0,0,2,1,0,0,1,0,1,0,0,0,0,0,built up,high,new,spaze privvy the address,gurgaon
0.84,109.63,2,2,2,0,68,25,8,0,0,0,0,2,9,0,0,0,0,0,0,0,1,0,0,0,0,built up,mid,under construction,supertech new soft launch,gurgaon
3.2,292.64,4,3,2,1,65,14,0,0,0,0,0,0,0,1,0,0,0,0,0,0,0,0,0,0,0,built up,low,new,emaar mgf emerald floors,gurgaon
1.75,235.51,4,5,3,0,82,11,0,0,0,1,0,2,0,2,1,0,0,0,0,1,0,0,0,0,0,built up,low,under construction,mapsko casa bella,gurgaon
0.35,58.44,2,2,1,0,33,13,1,0,0,0,1,1,1,2,0,0,1,1,0,0,1,1,0,0,0,carpet,low,new,trisara our homes 3,sohna
3.9,227.61,3,3,0,0,106,20,9,0,0,0,0,0,1,0,0,0,0,0,0,0,1,0,0,0,0,built up,high,under construction,elan the presidential,gurgaon
3.45,173.64,3,3,3,0,48,42,5,0,0,0,0,1,2,0,0,0,0,0,0,0,0,1,0,0,0,built up,high,under construction,belgravia resort residences,gurgaon
2.35,222.97,4,4,3,1,70,10,1,0,0,1,0,1,0,2,1,0,0,0,0,1,0,0,0,0,0,carpet,high,old,tulip ivory,gurgaon
1.5,162.58,3,3,3,0,89,6,1,0,0,1,0,0,0,2,1,0,0,1,0,0,0,0,0,0,0,super built up,mid,under construction,ats marigold,gurgaon
1.34,121.15,2,2,3,0,70,11,1,0,0,1,0,1,0,1,1,0,0,0,0,1,0,0,0,0,0,super built up,high,new,aipl zen residences,gurgaon
3.4,315.87,4,5,3,1,110,15,1,0,0,1,1,0,0,3,1,1,1,2,0,0,0,0,0,0,0,super built up,low,new,indiabulls enigma,gurgaon
1.8,158.31,3,3,3,0,69,13,1,0,0,1,0,1,0,2,1,1,1,0,0,1,0,0,0,0,0,carpet,high,mid aged,tulip yellow,gurgaon
1.1,148.64,4,3,2,0,92,11,0,0,0,0,0,0,0,4,1,0,1,1,0,0,0,0,0,0,0,carpet,high,new,sare green parc phase 3,gurgaon
0.97,102.47,2,2,3,0,89,14,1,0,0,1,0,2,0,2,0,1,1,2,0,1,0,0,0,0,0,built up,low,new,smart world gems,gurgaon
3.25,250.84,3,3,3,1,63,13,1,0,0,1,0,1,0,2,1,0,1,0,0,1,0,0,1,0,0,built up,mid,new,adani brahma samsara vilasa,gurgaon
2.55,151.43,3,3,2,1,61,9,1,0,0,1,0,0,0,2,1,1,1,0,0,0,0,0,0,0,0,carpet,mid,new,smart world orchard,gurgaon
0.61,117.15,3,2,2,1,92,7,4,0,0,0,0,0,0,0,0,0,0,0,3,0,0,0,0,0,0,super built up,mid,under construction,sare green parc 2,gurgaon
0.75,100.43,2,2,0,0,33,8,1,0,0,0,0,0,0,2,1,1,1,0,0,0,0,0,0,0,0,built up,low,under construction,signature global park,sohna
1.35,204.39,3,3,3,1,33,7,1,0,0,0,0,0,0,2,0,0,0,1,0,0,0,0,0,0,0,carpet,low,new,eldeco accolade,sohna
1.65,146.6,3,3,2,0,69,42,12,0,0,0,2,3,11,0,0,0,0,0,0,0,1,0,1,0,0,built up,low,new,tulip violet,gurgaon
1.5,141.21,3,2,3,0,37,9,1,0,0,1,0,1,0,2,0,1,0,1,0,0,0,0,0,0,0,super built up,high,new,bptp park generations,gurgaon
1.9,183.48,3,3,3,1,72,45,13,0,0,0,2,3,11,0,0,0,0,0,1,0,1,0,1,0,0,super built up,high,old,spaze privy,gurgaon
15.0,622.45,5,6,3,1,48,9,1,0,0,1,0,1,0,3,1,0,1,0,0,0,0,1,0,0,0,carpet,high,new,central park resorts,gurgaon
1.6,162.58,3,3,3,0,89,6,1,0,0,1,0,0,0,2,1,0,0,1,0,0,0,0,0,0,0,super built up,mid,new,ats marigold,gurgaon
3.9,278.71,4,5,3,1,111,10,1,0,0,1,0,0,0,2,1,0,2,1,0,0,0,0,0,0,0,super built up,mid,new,puri diplomatic greens,gurgaon
0.46,88.26,2,2,2,0,33,10,1,0,0,1,0,1,0,2,1,0,0,0,0,1,0,0,1,0,0,super built up,mid,new,breez global heights,sohna
0.32,88.26,2,2,1,0,4,48,10,0,0,0,0,0,1,0,0,0,0,0,0,0,2,0,0,0,0,carpet,mid,new,shri ram apartments,gurgaon
0.42,54.39,2,2,1,0,33,14,1,0,0,0,0,1,1,1,0,1,0,0,0,1,0,0,1,0,0,carpet,high,new,breez global hill view,sohna
7.8,366.97,4,4,0,0,63,10,2,0,0,0,0,3,2,0,0,0,0,0,0,0,1,0,0,0,1,built up,mid,under construction,dlf the arbour,gurgaon
0.95,148.64,3,3,3,0,2,9,2,0,0,0,0,2,0,1,0,0,0,0,0,0,2,0,0,0,0,carpet,high,old,bsf chs,gurgaon
3.45,250.84,4,4,3,0,48,45,10,0,0,0,0,1,2,0,0,0,0,0,0,0,0,0,0,0,0,carpet,low,under construction,kibithu villas,gurgaon
1.1,125.42,3,2,2,0,70,8,1,0,0,0,0,1,0,2,1,0,1,0,0,0,0,0,0,0,0,built up,mid,under construction,tulip orange,gurgaon
0.85,154.78,3,2,2,0,1,11,5,0,0,0,0,0,0,0,0,0,0,0,3,0,0,0,0,0,2,super built up,mid,old,hsiidc sidco shivalik apartments,manesar
0.95,121.7,2,2,2,0,91,10,1,0,0,0,0,0,0,3,1,0,0,1,0,1,0,0,0,0,0,super built up,high,new,tarc maceo,gurgaon
0.75,154.22,3,2,2,0,1,17,16,0,0,0,0,0,0,0,0,0,0,0,1,0,0,0,0,0,0,super built up,mid,old,dnha group housing society,manesar
0.75,105.91,2,2,2,0,89,15,4,0,0,0,0,0,3,2,0,1,0,0,2,0,1,0,0,0,0,super built up,mid,old,nbcc heights,gurgaon
1.4,161.19,3,3,2,0,83,10,0,0,0,1,0,0,0,2,1,0,1,2,0,0,0,0,0,0,0,super built up,mid,new,vatika gurgaon 21,gurgaon
2.45,212.75,3,4,2,1,47,43,9,0,0,0,0,1,2,0,0,0,0,0,0,0,0,0,0,0,0,carpet,low,old,malibu towers,gurgaon
1.0,109.63,2,2,3,0,68,21,7,0,0,0,0,2,7,0,0,0,0,0,0,0,1,0,0,0,0,carpet,high,new,supertech hues,gurgaon
1.25,132.2,3,3,2,1,89,9,1,0,0,0,0,0,0,2,1,0,0,2,0,0,0,0,0,0,0,carpet,low,new,m3m soulitude,gurgaon
2.6,222.97,4,4,3,1,69,11,1,0,0,1,0,4,0,2,1,1,1,0,0,1,0,0,0,0,0,super built up,mid,old,tulip purple,gurgaon
1.6,134.71,3,3,3,1,15,49,14,0,0,0,1,0,8,4,0,0,0,0,4,0,1,1,0,0,2,carpet,low,old,park view apartments,gurgaon
1.1,144.0,3,2,3,0,89,11,1,0,0,1,0,1,0,3,1,0,0,1,0,1,0,0,0,0,0,built up,mid,under construction,tulip petals,gurgaon
1.0,92.9,2,3,0,0,2,29,0,0,0,0,1,3,3,3,0,1,0,0,0,0,1,0,0,0,0,built up,low,under construction,ansal plaza,gurgaon
3.65,235.79,3,3,2,0,36,14,1,0,0,1,0,1,0,2,1,0,1,1,0,1,0,1,0,0,0,super built up,high,new,krisumi waterfall residences,gurgaon
1.4,163.7,3,3,2,1,71,15,2,1,0,0,0,2,1,0,1,0,0,0,0,1,0,2,0,0,0,carpet,low,old,chd avenue 71,gurgaon
2.6,151.43,3,3,2,0,61,9,1,0,0,1,0,0,0,2,1,1,1,0,0,0,0,0,0,0,0,super built up,low,new,smart world orchard,gurgaon
1.6,130.62,2,2,2,0,74,7,1,0,0,2,0,1,0,2,1,0,0,1,0,0,0,0,0,0,0,super built up,high,new,m3m skywalk,gurgaon
0.75,111.48,2,2,2,1,2,8,1,0,0,1,0,0,0,2,1,0,0,0,0,0,0,0,0,0,0,super built up,high,mid aged,supertech hill town,sohna
0.75,123.1,2,2,2,0,83,15,4,0,0,0,0,0,0,3,0,0,0,0,2,0,0,0,0,0,0,super built up,low,new,vatika city homes,gurgaon
3.9,204.39,3,4,3,0,66,44,13,0,0,0,2,3,10,0,0,0,0,0,0,0,1,0,1,0,0,built up,low,new,emaar the palm drive,gurgaon
1.0,80.73,1,1,1,0,71,8,1,0,0,1,0,1,0,1,1,0,1,0,0,0,0,0,0,0,0,built up,high,under construction,m3m sky lofts,gurgaon
0.9,118.45,2,2,2,0,33,13,1,0,0,1,0,1,0,4,0,0,0,0,1,1,0,0,1,0,0,built up,high,under construction,ashiana anmol,sohna
1.97,244.33,4,4,2,1,109,8,1,0,0,0,0,1,0,2,1,0,0,0,0,1,0,0,0,0,0,super built up,high,new,chintels paradiso,gurgaon
1.35,169.08,3,3,0,0,37,6,1,0,0,1,0,0,0,2,1,0,0,1,0,0,0,0,0,0,0,built up,low,new,ild grand,gurgaon
0.75,130.99,2,2,3,0,37,15,1,1,0,0,0,1,3,3,0,0,0,0,0,0,1,0,1,0,0,built up,high,old,ramprastha the edge towers,gurgaon
1.6,128.21,2,2,2,1,61,14,1,0,0,0,0,1,0,2,1,0,1,0,0,1,0,0,3,0,0,carpet,high,new,pioneer park,gurgaon
0.4,55.93,2,2,1,0,33,13,1,0,0,0,1,1,1,2,0,0,1,1,0,0,1,1,0,0,0,carpet,mid,new,trisara our homes 3,sohna
0.99,111.95,2,2,2,0,33,13,1,0,0,1,0,1,0,4,0,0,0,0,1,1,0,0,1,0,0,super built up,mid,new,ashiana anmol,sohna
2.1,218.79,4,6,3,1,106,20,9,0,0,0,0,0,1,0,0,0,0,0,0,0,1,0,0,0,0,super built up,mid,new,paras dews,gurgaon
0.69,118.92,2,2,2,0,78,7,1,0,0,0,0,0,1,0,0,0,1,0,0,0,0,0,0,0,0,carpet,high,old,umang monsoon breeze,gurgaon
1.0,102.47,2,2,2,1,89,9,1,0,0,0,0,0,0,2,1,0,0,2,0,0,0,0,0,0,0,carpet,low,new,m3m soulitude,gurgaon
0.85,69.68,3,2,3,0,36,12,1,0,0,2,0,2,0,3,1,0,1,0,0,0,0,0,0,0,0,carpet,low,new,signature global park 4,sohna
0.32,69.12,2,2,1,0,33,5,0,0,0,0,0,0,0,0,0,0,0,0,0,0,0,0,0,0,1,built up,low,new,hcbs sports ville,sohna
0.7,143.81,2,2,3,0,108,8,0,0,0,0,0,0,1,1,1,0,1,0,0,0,0,0,0,0,0,carpet,low,old,raheja the vedaanta floors,gurgaon
1.42,132.2,3,3,2,0,89,9,1,0,0,0,0,0,0,2,1,0,0,2,0,0,0,0,0,0,0,carpet,low,new,m3m soulitude,gurgaon
0.38,59.84,2,2,2,1,95,14,0,0,0,0,0,0,0,0,1,1,1,2,0,0,0,2,0,0,1,carpet,mid,new,rof ananda,gurgaon
0.26,53.51,2,2,2,0,33,6,0,0,0,0,0,0,0,0,1,0,0,2,0,0,0,1,0,0,0,carpet,mid,new,gls arawali homes,sohna
6.5,394.84,4,4,3,1,72,10,1,0,0,0,0,2,0,2,0,0,1,0,0,1,0,0,0,0,0,super built up,high,new,tata primanti,gurgaon
1.9,199.74,3,4,2,1,79,10,1,0,0,1,0,0,0,2,1,0,0,0,0,0,0,0,0,0,0,carpet,high,new,bestech altura,gurgaon
0.85,117.43,2,2,3,0,33,7,1,0,0,0,0,0,0,2,0,0,0,1,0,0,0,0,0,0,0,super built up,high,new,eldeco accolade,sohna
0.65,97.55,3,3,1,0,12,50,30,0,0,0,0,0,2,3,0,0,0,0,2,0,1,0,0,0,0,carpet,low,new,adarsh nagar,gurgaon
0.35,53.51,2,2,2,0,33,6,0,0,0,0,0,0,0,0,1,0,0,2,0,0,0,1,0,0,0,super built up,high,new,gls arawali homes,sohna
1.05,174.19,3,3,3,0,37,9,1,0,0,1,0,1,0,2,1,1,0,1,0,0,0,0,0,0,0,super built up,mid,new,ild greens,gurgaon
0.9,142.79,3,3,3,0,37,29,23,0,0,0,0,0,0,0,0,1,0,0,0,0,0,0,0,0,0,built up,high,old,piedmont taksila heights,gurgaon
8.5,366.97,4,4,0,0,63,10,2,0,0,0,0,3,2,0,0,0,0,0,0,0,1,0,0,0,1,built up,high,under construction,dlf the arbour,gurgaon
0.75,68.28,2,2,2,0,76,6,1,0,0,1,0,1,0,2,1,0,0,0,0,0,0,0,0,0,0,super built up,high,mid aged,suncity avenue 76,gurgaon
0.79,163.97,4,4,2,0,37,23,18,0,0,0,0,0,0,0,0,1,0,0,0,0,0,0,0,0,0,built up,mid,under construction,ild greens,gurgaon
1.5,162.58,3,3,3,1,89,6,1,0,0,1,0,0,0,2,1,0,0,1,0,0,0,0,0,0,0,carpet,low,new,ats marigold,gurgaon
1.75,215.91,4,5,3,1,104,15,1,0,0,1,0,0,0,2,1,1,1,1,0,1,0,0,0,1,0,carpet,low,new,godrej summit,gurgaon
1.9,199.74,3,4,3,0,79,10,1,0,0,1,0,0,0,2,1,0,0,0,0,0,0,0,0,0,0,super built up,high,mid aged,bestech altura,gurgaon
1.45,155.24,3,2,3,0,33,6,0,0,0,0,0,1,0,2,0,0,0,0,0,1,0,0,0,0,0,super built up,low,new,godrej nature plus serenity,sohna
4.02,213.21,3,3,1,0,59,15,1,0,0,1,0,2,0,3,1,1,1,0,0,0,0,0,0,0,0,carpet,low,mid aged,conscient elevate,gurgaon
0.5,92.9,2,2,3,0,92,8,3,0,0,0,0,0,0,0,0,1,0,0,4,0,0,0,0,0,0,built up,low,under construction,sare crescent parc royal greens phase 1,gurgaon
3.98,204.39,3,4,3,1,66,14,1,0,0,0,0,2,0,2,1,0,1,0,0,0,0,0,1,0,0,super built up,low,old,emaar mgf the palm drive,gurgaon
0.55,69.21,2,2,3,0,33,8,1,0,0,0,0,0,0,2,1,1,1,0,0,0,0,0,0,0,0,carpet,mid,new,signature global park,sohna
1.47,83.61204013377927,2,2,3,1,79,10,0,0,0,0,0,0,0,2,1,0,0,0,0,0,0,0,0,1,0,carpet,high,new,godrej 101,gurgaon
0.7,64.66,2,2,2,0,111,15,2,1,0,0,2,2,2,3,0,0,1,0,0,0,0,0,0,0,0,carpet,high,new,lotus homz,gurgaon
2.6,51.48,2,2,2,0,33,14,1,0,0,0,0,1,1,1,0,1,0,0,0,1,0,0,1,0,0,carpet,mid,new,breez global hill view,sohna
1.1,102.47,2,2,2,1,89,14,1,0,0,1,0,2,0,2,0,1,1,2,0,1,0,0,0,0,0,carpet,low,new,smart world gems,gurgaon
2.2,137.4,2,2,2,0,36,11,1,0,0,1,0,0,0,2,1,0,0,1,0,1,0,0,0,0,0,super built up,high,new,krisumi waterfall residences,gurgaon
0.55,92.9,3,2,2,1,95,14,0,0,0,0,0,0,0,0,1,1,1,2,0,0,0,2,0,0,1,super built up,high,new,rof ananda,gurgaon
0.55,92.9,3,2,2,1,95,14,0,0,0,0,0,0,0,0,1,1,1,2,0,0,0,2,0,0,1,super built up,high,new,rof ananda,gurgaon
1.16,132.2,3,3,2,1,89,14,1,0,0,1,0,2,0,2,0,1,1,2,0,1,0,0,0,0,0,carpet,low,mid aged,smart world gems,gurgaon
1.1,115.66,2,2,3,0,68,15,1,0,0,1,0,1,0,2,1,0,1,1,0,1,0,0,1,0,0,super built up,high,new,pareena mi casa,gurgaon
1.2,83.61204013377927,2,2,0,0,33,8,1,0,0,1,0,0,0,2,1,0,0,0,0,0,0,0,0,0,0,carpet,high,mid aged,godrej nature plus,sohna
2.25,267.1,4,4,2,1,45,48,5,0,0,0,2,0,14,5,0,0,1,0,2,0,0,0,0,0,3,carpet,high,old,antriksh green,gurgaon
3.35,176.52,3,4,3,1,76,12,0,0,0,0,0,2,0,2,1,1,1,1,0,0,0,1,0,0,0,carpet,mid,under construction,whiteland the aspen,gurgaon
2.69,199.74,3,4,3,1,79,10,1,0,0,1,0,0,0,2,1,0,0,0,0,0,0,0,0,0,0,super built up,low,new,bestech altura,gurgaon
0.8,126.35,2,2,0,0,86,11,4,0,0,0,0,0,0,0,0,0,0,0,4,0,0,0,0,0,1,built up,low,under construction,ansal height 86,gurgaon
0.35,59.18,2,2,0,0,95,3,3,0,0,0,0,0,0,0,0,0,0,0,0,0,0,0,0,0,0,built up,mid,under construction,ramsons kshitij,gurgaon
0.6,83.61,2,2,1,0,81,15,3,0,0,0,0,0,0,0,0,0,0,0,7,0,0,0,0,0,1,super built up,high,mid aged,vipul lavanya,gurgaon
0.46,65.96,2,2,2,0,33,10,1,0,0,1,0,1,0,2,1,0,0,0,0,1,0,0,1,0,0,carpet,mid,new,breez global heights,sohna
2.5,199.65,3,4,3,1,102,15,0,0,0,2,0,1,0,2,1,1,1,1,0,1,0,0,0,1,0,super built up,high,new,conscient heritage max,gurgaon
0.6,83.61,2,2,1,0,81,13,0,0,0,0,0,0,0,0,0,0,0,0,8,0,0,0,0,0,1,carpet,high,new,vipul lavanya,gurgaon
1.0,113.81,2,2,2,1,68,15,1,0,0,1,0,1,0,2,1,0,1,1,0,1,0,0,1,0,0,carpet,high,new,pareena mi casa,gurgaon
2.54,152.36,3,3,3,1,61,9,1,0,0,1,0,0,0,2,1,1,1,0,0,0,0,0,0,0,0,carpet,low,mid aged,smart world orchard,gurgaon
1.5,205.69,3,2,3,0,57,45,7,0,0,0,0,0,13,5,0,0,0,0,1,0,2,0,1,0,4,carpet,low,old,ansal sushant residency,gurgaon
0.7,125.6,2,2,3,1,90,10,1,0,0,1,0,1,0,3,1,0,0,1,0,1,0,0,0,0,0,super built up,high,new,shree vardhman flora,gurgaon
2.78,169.83,3,3,3,0,65,11,1,0,0,1,0,2,0,2,1,0,1,1,0,1,0,0,0,0,0,super built up,high,under construction,m3m heights,gurgaon
0.25,44.69,2,2,0,0,33,10,0,0,0,0,0,0,5,0,0,0,0,0,0,0,0,0,0,0,2,built up,high,new,mvn athens,sohna
0.9,185.34,4,5,3,1,92,8,4,0,0,0,0,0,0,0,0,0,0,0,4,0,0,0,0,0,0,super built up,low,new,sare crescent parc,gurgaon
0.96,174.19,3,4,3,1,90,10,1,0,0,1,0,1,0,3,1,0,0,1,0,1,0,0,0,0,0,super built up,low,new,shree vardhman flora,gurgaon
1.2,185.81,3,2,1,1,37,5,3,0,0,0,0,0,0,0,0,1,0,0,0,0,0,0,0,0,0,super built up,high,under construction,ramprastha skyz,gurgaon
0.64,78.97,2,2,1,0,23,41,0,0,0,0,1,0,3,0,0,0,0,0,0,0,1,0,0,0,2,carpet,low,old,ashray apartment,gurgaon
0.9,126.91,2,2,3,1,107,6,0,0,0,0,0,0,0,2,1,0,0,0,0,0,0,0,0,0,0,super built up,high,new,m3m woodshire,gurgaon
0.45,69.68,1,1,2,0,102,8,1,0,0,0,0,0,0,2,1,0,1,1,0,0,0,0,0,0,0,built up,mid,under construction,rof aalayas,gurgaon
5.9,497.03,4,4,3,0,2,12,0,0,0,1,0,0,0,2,0,0,1,0,0,0,0,0,0,0,0,built up,low,old,paras quartier,gurgaon
0.32,44.22,2,1,0,0,33,6,0,0,0,0,0,0,0,0,1,0,0,2,0,0,0,1,0,0,0,built up,low,under construction,gls arawali homes,sohna
1.2,169.08,3,3,3,0,37,6,1,0,0,1,0,0,0,2,1,0,0,1,0,0,0,0,0,0,0,super built up,mid,mid aged,ild grand,gurgaon
0.56,91.97,2,2,3,0,95,4,3,0,0,0,0,0,0,0,0,0,0,0,1,0,0,0,0,0,0,super built up,high,new,sidhartha ncr greens,gurgaon
1.4,138.43,3,3,3,0,79,9,0,0,0,1,0,0,0,2,1,0,1,1,0,0,0,0,0,0,0,carpet,low,new,mapsko mount ville,gurgaon
1.25,100.34,2,2,2,0,31,49,7,0,0,0,2,0,13,4,0,0,0,0,3,0,1,0,0,0,3,carpet,low,old,cghs hewo apartments,gurgaon
1.5,128.67,2,2,3,0,33,8,1,0,0,1,0,0,0,2,1,0,0,0,0,0,0,0,0,0,0,carpet,low,new,godrej nature plus,sohna
2.22,144.0,3,2,3,0,68,10,1,0,0,1,0,2,0,1,1,0,0,0,0,1,0,0,0,0,0,super built up,mid,new,m3m the marina,gurgaon
1.5,168.34,4,4,3,1,2,15,3,0,0,0,1,2,1,4,0,0,0,0,0,0,2,0,0,0,0,carpet,high,old,valley view estate,gurgaon
1.85,168.62,3,4,3,1,79,9,0,0,0,1,0,0,0,2,1,0,1,1,0,0,0,0,0,0,0,super built up,high,new,mapsko mount ville,gurgaon
1.6,106.84,2,2,2,0,61,9,1,0,0,1,0,0,0,2,1,1,1,0,0,0,0,0,0,0,0,carpet,mid,under construction,smart world orchard,gurgaon
0.3,52.68,2,2,2,0,33,6,0,0,0,0,0,0,0,0,1,0,0,2,0,0,0,1,0,0,0,super built up,mid,new,gls arawali homes,sohna
0.74,113.81,3,3,2,0,11,50,33,0,0,0,0,0,2,2,0,0,0,0,2,0,1,1,0,0,0,carpet,low,new,ganga apartment,gurgaon
3.2,246.19,4,3,3,0,43,45,4,0,0,0,2,0,12,1,0,0,2,0,1,0,2,0,0,0,1,built up,mid,old,surbhi apartment,gurgaon
1.32,135.64,2,2,2,0,68,50,36,0,0,0,0,0,1,2,0,0,0,0,0,0,0,0,0,0,0,built up,high,new,espire south,gurgaon
3.0,167.23,3,3,3,0,63,13,1,0,0,1,0,1,0,2,1,0,1,0,0,1,0,0,1,0,0,carpet,low,new,adani brahma samsara vilasa,gurgaon
1.2,132.2,3,3,2,1,89,14,1,0,0,1,0,2,0,2,0,1,1,2,0,1,0,0,0,0,0,built up,low,new,smart world gems,gurgaon
1.39,111.48,3,2,3,0,33,6,0,0,0,0,0,1,0,2,0,0,0,0,0,1,0,0,0,0,0,carpet,high,new,godrej nature plus serenity,sohna
3.0,169.83,3,3,3,0,65,9,1,0,0,0,0,1,0,1,1,0,1,0,0,1,0,0,0,0,0,super built up,high,mid aged,m3m skycity,gurgaon
1.5,197.42,3,3,3,1,89,15,4,0,0,0,0,0,3,2,0,1,0,0,2,0,1,0,0,0,0,super built up,high,new,nbcc heights,gurgaon
2.0,213.68,4,4,2,0,56,47,7,0,0,0,1,0,14,0,0,0,4,0,1,0,2,1,0,0,4,super built up,mid,mid aged,the castle society,gurgaon
2.75,204.39,4,5,3,1,28,48,7,0,0,0,0,0,11,0,0,0,5,0,0,0,2,1,0,0,5,built up,high,old,essel towers,gurgaon
0.36,37.63,1,1,1,0,111,15,2,1,0,0,2,2,2,3,0,0,1,0,0,0,0,0,0,0,0,carpet,high,new,lotus homz,gurgaon
0.21,41.81,1,1,1,0,4,48,15,0,0,0,0,0,1,0,0,0,0,0,0,0,1,0,0,0,0,carpet,low,new,shreeram apartment ii,gurgaon
0.26,27.96,1,1,2,0,104,9,1,0,0,1,0,1,0,2,1,0,0,0,0,1,0,0,0,0,0,built up,mid,new,zara aavaas,gurgaon
0.38,599.4939999999999,2,2,2,1,95,14,0,0,0,0,0,0,0,0,1,1,1,2,0,0,0,2,0,0,1,carpet,high,new,rof ananda,gurgaon
1.8,219.34,3,4,3,1,107,6,0,0,0,0,0,0,0,2,1,0,0,0,0,0,0,0,0,0,0,super built up,low,new,m3m woodshire,gurgaon
4.1,235.79,3,4,3,1,36,14,1,0,0,1,0,1,0,2,1,0,1,1,0,1,0,1,0,0,0,carpet,high,new,krisumi waterfall residences,gurgaon
1.3,146.04,2,2,3,1,79,10,0,0,0,0,0,0,0,2,1,0,0,0,0,0,0,0,0,1,0,super built up,low,new,godrej 101,gurgaon
0.6,69.68,3,2,2,0,107,10,0,0,0,1,0,0,0,1,0,0,0,1,0,0,0,0,0,0,0,built up,high,under construction,signature global solera,gurgaon
0.4,55.93,2,2,1,0,107,10,0,0,0,1,0,0,0,1,0,0,0,1,0,0,0,0,0,0,0,super built up,mid,new,signature global solera,gurgaon
1.99,128.21,2,2,2,1,22,14,1,0,0,1,0,1,0,2,1,1,0,1,0,0,0,0,0,0,0,super built up,high,new,ambience creacions,gurgaon
1.99,128.21,2,2,2,0,22,14,1,0,0,1,0,1,0,2,1,1,0,1,0,0,0,0,0,0,0,super built up,high,new,ambience creacions,gurgaon
0.74,114.27,2,2,3,0,33,6,1,0,0,0,0,0,0,2,1,0,0,0,0,0,0,0,0,0,0,carpet,high,new,ashiana mulberry,sohna
1.28,134.71,3,3,2,1,89,9,1,0,0,0,0,0,0,2,1,0,0,2,0,0,0,0,0,0,0,carpet,mid,mid aged,m3m soulitude,gurgaon
1.6,106.84,2,2,2,1,61,9,1,0,0,1,0,0,0,2,1,1,1,0,0,0,0,0,0,0,0,carpet,mid,new,smart world orchard,gurgaon
0.97,114.64,2,2,2,1,89,14,0,0,0,0,0,0,0,0,0,0,0,0,0,0,0,0,0,0,0,carpet,low,new,ace palm floors,gurgaon
0.86,124.68,2,2,2,0,77,10,1,0,0,1,0,1,0,2,1,0,0,1,0,0,0,0,0,0,0,super built up,high,new,umang winter hills,gurgaon
1.25,117.24,2,2,2,0,70,11,1,0,0,1,0,1,0,1,1,0,0,0,0,1,0,0,0,0,0,carpet,high,new,aipl zen residences,gurgaon
0.6,86.4,2,2,0,0,56,22,3,0,0,0,1,2,6,4,0,0,0,0,0,0,2,0,0,0,1,built up,high,under construction,ansal valley view estate,gurgaon
3.23,199.74,3,3,3,1,63,12,1,0,0,0,0,0,0,1,1,1,1,1,0,1,0,1,0,0,0,super built up,mid,new,birla navya,gurgaon
0.25,29.54,1,1,0,0,107,10,0,0,0,1,0,0,0,1,0,0,0,1,0,0,0,0,0,0,0,built up,mid,under construction,signature global solera,gurgaon
,51.28,2,1,1,0,37,8,5,0,0,0,0,0,0,0,0,1,0,0,0,0,0,0,0,0,0,carpet,high,under construction,the millennia 2,gurgaon
0.48,61.04,2,2,1,0,81,10,1,0,0,1,0,0,0,2,0,0,0,2,0,1,0,0,0,0,0,super built up,mid,new,signature global synera,gurgaon
1.8,121.7,2,2,3,0,65,9,1,0,0,0,0,1,0,1,1,0,1,0,0,1,0,0,0,0,0,carpet,high,new,m3m skycity,gurgaon
7.9,366.97,4,4,3,0,63,10,2,0,0,0,0,3,2,0,0,0,0,0,0,0,1,0,0,0,1,built up,high,under construction,dlf the arbour,gurgaon
0.95,124.49,2,2,3,1,37,9,1,0,0,1,0,1,0,2,1,1,0,1,0,0,0,0,0,0,0,super built up,high,new,ild greens,gurgaon
0.36,59.92,2,2,2,1,95,14,0,0,0,0,0,0,0,0,1,1,1,2,0,0,0,2,0,0,1,carpet,high,new,rof ananda,gurgaon
0.24,38.28,1,1,1,0,36,15,9,0,0,0,0,0,0,0,0,0,0,0,2,0,0,0,0,0,0,carpet,high,new,breez global heights,gurgaon
0.65,60.39,2,2,3,0,37,15,2,0,0,0,0,0,0,1,0,2,0,1,0,0,0,3,0,0,0,super built up,high,new,signature global the millennia,gurgaon
2.01,140.84,2,2,3,1,65,11,1,0,0,1,0,2,0,2,1,0,1,1,0,1,0,0,0,0,0,super built up,high,new,m3m heights,gurgaon
1.0,102.84,2,2,2,1,89,14,1,0,0,1,0,2,0,2,0,1,1,2,0,1,0,0,0,0,0,carpet,low,new,smart world gems,gurgaon
6.02,268.68,3,3,3,0,53,9,1,0,0,1,0,0,0,2,0,0,1,0,0,2,0,0,1,0,1,built up,high,new,tulip monsella,gurgaon
0.9,102.66,2,2,2,0,89,14,1,0,0,1,0,2,0,2,0,1,1,2,0,1,0,0,0,0,0,built up,low,under construction,smart world gems,gurgaon
3.5,272.86,3,4,3,0,76,6,1,0,0,0,0,0,0,0,0,0,0,0,4,0,0,0,0,0,0,built up,high,under construction,whiteland  the aspen,gurgaon
1.3,130.06,2,2,3,0,85,8,1,0,0,1,0,0,0,2,1,0,0,1,0,0,0,0,0,0,0,super built up,high,mid aged,godrej air,gurgaon
0.5,47.9,2,2,2,0,86,9,0,0,0,1,0,0,0,1,0,0,0,0,0,0,0,0,0,0,0,carpet,mid,old,pyramid urban homes 2,gurgaon
0.35,61.13,2,2,2,0,33,14,1,0,0,0,0,1,1,1,0,1,0,0,0,1,0,0,1,0,0,built up,high,new,breez global hill view,sohna
0.25,55.74,1,1,1,0,33,5,0,0,0,0,0,0,0,0,0,0,0,0,0,0,0,0,0,0,1,built up,high,new,hcbs sports ville,sohna
0.5,120.77,2,2,0,0,1,8,5,0,0,0,0,0,0,0,0,0,0,0,1,0,0,0,0,0,1,built up,mid,under construction,eden landmark,manesar
0.27,40.78,1,1,1,0,84,15,2,0,0,0,0,0,1,5,1,0,0,1,1,1,0,0,0,0,0,super built up,high,new,pivotal devaan,gurgaon
1.7,148.64,3,2,3,1,56,43,5,0,0,0,1,2,14,4,0,0,3,0,1,0,2,1,0,0,4,super built up,mid,old,cghs vidya enclave,gurgaon
1.16,102.47,3,2,3,1,89,14,1,0,0,1,0,2,0,2,0,1,1,2,0,1,0,0,0,0,0,super built up,low,new,smart world gems,gurgaon
1.01,126.91,2,2,3,1,107,6,0,0,0,0,0,0,0,2,1,0,0,0,0,0,0,0,0,0,0,super built up,high,new,m3m woodshire,gurgaon
1.75,213.68,5,5,2,1,14,50,21,0,0,0,1,0,11,4,0,0,0,0,1,0,2,0,0,0,1,carpet,low,old,vasant apartment,gurgaon
0.5,52.03,2,2,2,0,107,3,0,0,0,0,0,0,0,0,1,0,0,1,0,0,0,0,0,0,0,carpet,high,new,signature global solera 2,gurgaon
0.82,100.43,3,2,3,0,36,12,1,0,0,2,0,2,0,3,1,0,1,0,0,0,0,0,0,0,0,carpet,low,new,signature global park 4,sohna
1.1,152.83,3,4,3,1,85,8,2,0,0,1,0,1,0,2,0,0,0,0,0,0,0,0,0,0,0,super built up,mid,old,orris carnation residency,gurgaon
0.65,50.07,1,1,2,0,47,43,2,0,0,0,0,0,2,0,0,0,0,0,0,0,0,1,0,0,0,carpet,low,old,irwo westend towers,gurgaon
1.58,106.84,2,2,2,1,61,9,1,0,0,1,0,0,0,2,1,1,1,0,0,0,0,0,0,0,0,carpet,low,new,smart world orchard,gurgaon
0.85,61.41,2,2,1,1,30,49,4,0,0,0,2,0,14,3,0,0,0,0,1,0,0,0,0,0,6,carpet,low,old,afnhb jalvayu vihar,gurgaon
1.25,128.48,2,2,3,0,79,5,0,0,0,0,0,0,0,0,0,0,0,0,3,0,0,0,0,0,2,built up,low,under construction,"godrej 101, sector 79",gurgaon
0.87,41.81,1,1,1,0,49,15,0,0,0,0,4,0,2,3,0,0,0,0,2,0,0,0,0,0,0,carpet,low,new,satya element one,gurgaon
1.7,212.66,3,4,3,1,79,11,1,0,0,1,0,1,0,2,1,0,0,1,0,0,0,0,0,1,0,super built up,mid,new,godrej aria,gurgaon
2.35,222.97,4,4,3,1,70,10,1,0,0,1,0,1,0,2,1,0,0,0,0,1,0,0,0,0,0,carpet,high,old,tulip ivory,gurgaon
0.5,55.46,3,2,2,0,88,9,1,0,0,1,0,0,0,2,1,0,0,1,0,0,0,0,0,0,0,carpet,low,new,breez global heights 88a,gurgaon
1.41,146.04,2,2,3,1,79,10,0,0,0,0,0,0,0,2,1,0,0,0,0,0,0,0,0,1,0,carpet,low,new,godrej 101,gurgaon
0.99,138.89,3,2,3,1,92,10,1,0,0,1,0,0,0,2,1,0,0,1,0,1,0,0,0,0,0,carpet,low,new,signature global city 92,gurgaon
3.25,298.78,4,5,3,1,69,10,1,0,0,1,0,1,0,2,1,0,0,0,0,1,0,0,0,0,0,super built up,high,new,tulip violet,gurgaon
3.5,125.42,3,3,3,0,63,12,1,0,0,0,0,0,0,1,1,1,1,1,0,1,0,1,0,0,0,carpet,low,under construction,birla navya,gurgaon
2.5,181.16,4,5,3,1,48,45,12,0,0,0,2,3,11,0,0,0,0,0,1,0,1,0,1,0,0,carpet,low,old,parsvnath green ville,gurgaon
0.5,70.61,2,2,1,0,76,8,1,0,0,1,0,1,0,2,1,0,0,0,0,0,0,0,0,0,0,carpet,high,mid aged,pyramid pride,gurgaon
2.25,143.91,3,3,2,0,61,9,0,0,0,0,0,0,0,0,0,0,0,0,6,0,0,0,0,0,1,carpet,low,mid aged,suposhaa smartworld orchard,gurgaon
1.4,222.97,5,4,2,0,21,16,1,0,0,0,1,0,4,0,0,0,0,0,0,0,0,0,0,0,0,super built up,low,old,mittal surya vihar,gurgaon
0.9,137.96,3,3,2,0,85,8,2,0,0,1,0,1,0,2,0,0,0,0,0,0,0,0,0,0,0,super built up,high,new,orris carnation residency,gurgaon
0.36,55.93,2,2,1,0,33,13,1,0,0,0,1,1,1,2,0,0,1,1,0,0,1,1,0,0,0,super built up,low,new,trisara our homes 3,sohna
0.65,70.14,1,1,1,0,56,45,6,0,0,0,1,2,14,5,0,0,3,0,1,0,2,1,0,0,4,carpet,mid,old,kendriya vihar,gurgaon
1.3,136.57,2,2,2,1,79,9,1,0,0,1,0,1,0,2,0,0,0,1,0,1,0,0,0,1,0,super built up,mid,new,godrej aria,gurgaon
0.67,126.35,2,2,1,0,86,4,1,0,0,1,0,0,0,1,0,0,0,1,0,0,0,0,0,0,0,super built up,high,new,ansal heights 86,gurgaon
0.25,38.46,1,1,1,0,33,10,1,0,0,1,0,1,0,2,1,0,0,0,0,1,0,0,1,0,0,super built up,low,new,breez global heights,sohna
0.58,56.21,1,1,1,0,56,45,6,0,0,0,1,2,14,5,0,0,3,0,1,0,2,1,0,0,4,carpet,low,old,kendriya vihar,gurgaon
0.26,54.16,1,1,1,0,5,48,5,0,0,0,0,0,1,0,0,0,0,0,0,0,2,0,0,0,0,carpet,low,new,om apartment dayanand colony,gurgaon
0.6,69.68,3,2,2,0,86,9,0,0,0,1,0,0,0,1,0,0,0,0,0,0,0,0,0,0,0,carpet,low,new,pyramid urban homes 2,gurgaon
0.5,55.83,2,2,1,0,86,9,0,0,0,1,0,0,0,1,0,0,0,0,0,0,0,0,0,0,0,carpet,low,new,pyramid urban homes 2,gurgaon
1.35,152.36,3,2,3,1,33,8,1,0,0,1,0,0,0,2,1,0,0,0,0,0,0,0,0,0,0,super built up,mid,new,godrej nature plus,sohna
1.13,149.57,3,3,2,0,70,33,9,0,0,0,2,2,9,0,0,0,0,0,0,0,1,0,0,0,0,super built up,low,new,unitech south park,gurgaon
1.6,279.45,4,1,0,0,109,15,4,0,0,0,0,0,0,7,0,0,0,1,0,0,0,0,0,0,0,built up,low,new,raheja atharva,gurgaon
0.65,116.22,2,2,2,0,89,7,0,0,0,0,0,0,0,0,0,1,0,0,3,0,0,0,0,0,1,carpet,high,mid aged,greenopolis,gurgaon
0.32,51.47,2,2,2,0,33,14,1,0,0,0,0,1,1,1,0,1,0,0,0,1,0,0,1,0,0,carpet,high,new,breez global hill view,sohna
0.8,134.71,2,2,0,0,103,15,1,0,0,1,1,2,0,3,1,1,2,2,0,0,0,1,0,0,0,built up,high,under construction,satya the hermitage,gurgaon
5.5,349.69,4,5,3,1,28,48,6,0,0,0,1,1,13,0,0,0,5,0,0,0,1,0,0,0,4,super built up,mid,old,sahara grace,gurgaon
0.95,146.6,2,2,0,1,37,8,1,0,0,1,1,0,0,2,0,0,0,1,0,0,0,0,0,0,0,built up,high,under construction,imperia the esfera,gurgaon
1.2,117.99,2,2,1,0,84,10,1,0,0,1,1,1,1,3,0,0,0,0,0,0,0,0,0,0,0,super built up,mid,new,alpha corp gurgaonone 84,gurgaon
1.55,106.84,2,2,1,1,61,9,1,0,0,1,0,0,0,2,1,1,1,0,0,0,0,0,0,0,0,super built up,low,mid aged,smart world orchard,gurgaon
6.0,353.59,4,5,3,0,43,48,6,0,0,0,0,0,12,0,0,0,3,0,0,0,0,1,0,0,4,built up,low,under construction,the ivy,gurgaon
0.3,69.03,2,2,2,0,33,5,0,0,0,0,0,0,0,0,0,0,0,0,0,0,0,0,0,0,1,built up,low,under construction,hcbs sports ville,sohna
1.92,155.33,3,3,2,0,76,11,2,0,0,0,0,1,0,2,1,0,1,0,0,0,0,0,0,0,0,built up,low,under construction,whiteland blissville,gurgaon
1.82,126.26,3,2,2,0,106,20,9,0,0,0,0,0,1,0,0,0,0,0,0,0,1,0,0,0,0,built up,mid,under construction,mrg skyline,gurgaon
0.5,62.43,2,2,1,0,89,6,1,0,0,1,0,0,0,2,1,0,0,0,0,0,0,0,0,0,0,built up,mid,new,adani aangan arcade,gurgaon
0.25,46.45,1,1,1,0,89,3,0,0,0,0,0,0,0,0,0,1,0,0,2,0,0,0,0,0,0,super built up,mid,new,adani aangan galleria,gurgaon
1.07,189.52,4,3,3,1,92,7,4,0,0,0,0,0,0,0,0,0,0,0,3,0,0,0,0,0,0,built up,high,under construction,sare green parc 2,gurgaon
0.8,125.42,2,3,2,0,90,10,1,0,0,1,0,1,0,3,1,0,0,1,0,1,0,0,0,0,0,built up,low,under construction,shree vardhman flora,gurgaon
0.62,60.39,1,1,0,0,82,10,0,0,0,0,0,0,0,0,0,0,0,0,4,0,0,0,0,0,2,built up,mid,under construction,spectrum centre,gurgaon
1.25,128.67,2,2,3,0,33,8,1,0,0,1,0,0,0,2,1,0,0,0,0,0,0,0,0,0,0,built up,high,under construction,godrej nature plus,sohna
0.88,102.47,2,2,0,0,89,14,1,0,0,1,0,2,0,2,0,1,1,2,0,1,0,0,0,0,0,built up,low,under construction,smart world gems,gurgaon
0.8,115.66,2,2,3,0,82,8,1,0,0,1,0,0,0,2,1,0,0,1,0,1,0,0,0,0,0,carpet,high,under construction,vatika india next,gurgaon
1.1,128.21,2,2,2,0,33,8,1,0,0,1,0,0,0,2,1,0,0,0,0,0,0,0,0,0,0,carpet,high,under construction,godrej nature plus,sohna
0.85,117.15,3,2,2,0,92,49,5,0,0,0,1,1,8,3,0,0,2,0,0,0,0,1,0,0,6,built up,high,under construction,sare green parc,gurgaon
5.0,483.1,5,7,3,1,52,47,7,0,0,0,1,0,14,0,0,0,4,0,1,0,2,1,0,0,5,carpet,low,old,residency grand,gurgaon
1.45,166.67,3,3,3,0,88,7,1,0,0,0,1,0,0,1,0,0,0,1,0,0,0,0,0,0,0,carpet,high,new,godrej oasis,gurgaon
2.5,1683.59,4,5,3,1,85,8,1,0,0,1,0,0,0,2,1,0,0,1,0,0,0,0,0,0,0,carpet,high,mid aged,godrej air,gurgaon
1.25,132.2,3,3,3,1,89,14,1,0,0,1,0,2,0,2,0,1,1,2,0,1,0,0,0,0,0,super built up,low,mid aged,smart world gems,gurgaon
0.48,83.61,3,2,2,0,6,50,30,0,0,0,0,0,3,3,0,0,0,0,1,0,1,0,0,0,0,carpet,low,old,ss residency,gurgaon
2.0,162.58,3,3,3,1,67,12,0,0,0,1,0,1,0,2,1,0,1,0,0,2,0,0,0,0,0,super built up,high,new,ireo the corridors,gurgaon
0.32,53.88,2,2,1,0,33,5,0,0,0,0,0,0,0,0,0,0,0,0,0,0,0,0,0,0,1,carpet,mid,new,hcbs sports ville,sohna
0.82,126.35,2,2,1,0,86,4,1,0,0,1,0,0,0,1,0,0,0,1,0,0,0,0,0,0,0,super built up,high,new,ansal heights 86,gurgaon
0.4,52.86,2,2,1,0,104,9,1,0,0,1,0,1,0,2,1,0,0,0,0,1,0,0,0,0,0,super built up,high,new,zara aavaas,gurgaon
1.15,83.61204013377927,2,2,2,0,33,8,1,0,0,1,0,0,0,2,1,0,0,0,0,0,0,0,0,0,0,carpet,high,mid aged,godrej nature plus,sohna
0.35,684.832,2,2,2,0,33,5,0,0,0,0,0,0,0,0,0,0,0,0,0,0,0,0,0,0,1,built up,high,new,hcbs sports ville,sohna
0.94,125.42,3,2,3,1,84,3,0,0,0,0,1,1,0,1,0,0,0,0,0,0,0,0,0,0,0,super built up,high,new,antriksh heights,gurgaon
0.75,144.56,3,2,2,0,92,49,5,0,0,0,1,1,8,3,0,0,2,0,0,0,0,1,0,0,6,built up,high,under construction,sare green parc,gurgaon
1.3,152.36,2,2,2,0,85,13,1,0,0,1,0,1,0,2,1,0,0,1,0,1,0,0,0,1,0,super built up,high,new,ss the leaf,gurgaon
1.5,185.81,3,3,3,1,84,12,1,0,0,1,0,0,0,2,1,0,0,1,0,1,0,0,0,0,0,super built up,low,new,ss almeria,gurgaon
1.25,190.45,3,3,3,1,92,8,4,0,0,0,0,0,0,0,0,0,0,0,4,0,0,0,0,0,0,carpet,high,mid aged,sare petioles,gurgaon
0.65,76.37,2,1,2,0,33,8,1,0,0,0,0,0,0,2,1,1,1,0,0,0,0,0,0,0,0,carpet,low,new,signature global park,sohna
0.9,111.48,2,2,3,1,10,49,40,0,0,0,0,0,0,0,0,0,0,0,0,0,0,1,0,0,0,super built up,high,new,maxworth city residences,gurgaon
0.92,125.42,2,2,3,0,88,7,1,0,0,0,0,0,0,2,0,0,0,1,0,0,0,0,0,0,0,built up,low,new,vatika xpressions,gurgaon
3.0,152.55,3,3,3,1,63,6,0,0,0,0,0,0,0,0,1,0,1,0,0,0,0,1,0,0,0,built up,high,new,dhoot time residency,gurgaon
0.68,76.55,2,2,2,0,33,8,1,0,0,0,0,0,0,2,1,1,1,0,0,0,0,0,0,0,0,carpet,low,new,signature global park,sohna
0.55,97.55,2,2,0,0,51,46,10,0,0,0,0,1,2,0,0,0,0,0,0,0,1,0,0,0,0,carpet,mid,new,samaspurkunj,gurgaon
1.33,132.2,3,3,3,1,89,9,1,0,0,0,0,0,0,2,1,0,0,2,0,0,0,0,0,0,0,built up,mid,mid aged,m3m soulitude,gurgaon
0.8,126.91,2,2,3,0,107,6,0,0,0,0,0,0,0,2,1,0,0,0,0,0,0,0,0,0,0,super built up,high,new,m3m woodshire,gurgaon
1.55,144.0,3,2,3,1,89,11,1,0,0,1,0,1,0,3,1,0,0,1,0,1,0,0,0,0,0,super built up,mid,old,tulip petals,gurgaon
1.85,154.4,3,3,3,0,50,43,9,0,0,0,2,2,8,4,0,0,0,0,0,0,1,0,1,0,2,built up,high,under construction,unitech fresco,gurgaon
0.49,92.72,2,2,2,0,92,8,4,0,0,0,0,0,0,0,0,0,0,0,4,0,0,0,0,0,0,carpet,low,new,sare crescent parc,gurgaon
1.85,144.93,3,2,3,1,17,48,4,0,0,0,0,1,7,0,0,0,2,0,0,0,0,1,0,0,5,super built up,low,old,essel tower,gurgaon
2.3,240.15,3,4,3,1,109,11,1,0,0,1,0,0,0,2,1,0,2,1,0,0,0,0,0,1,0,super built up,high,new,ats tourmaline,gurgaon
1.5,125.42,2,2,2,1,67,12,0,0,0,1,0,1,0,2,1,0,1,0,0,2,0,0,0,0,0,carpet,high,new,ireo the corridors,gurgaon
1.25,128.67,2,2,3,0,33,8,1,0,0,1,0,0,0,2,1,0,0,0,0,0,0,0,0,0,0,carpet,high,under construction,godrej nature plus,sohna
1.0,124.49,2,2,2,0,77,10,1,0,0,1,0,1,0,2,1,0,0,1,0,0,0,0,0,0,0,carpet,low,new,umang winter hills,gurgaon
1.6,182.09,3,3,3,0,89,8,1,0,0,1,0,0,0,2,1,1,0,1,0,0,0,0,0,0,0,super built up,mid,new,vatika seven elements,gurgaon
1.1,236.16,4,3,3,1,95,5,4,0,0,0,0,0,0,0,0,0,0,0,1,0,0,0,0,0,0,carpet,high,new,siddhartha apartment,gurgaon
1.7,151.43,3,4,2,0,92,10,1,0,0,1,0,0,0,3,1,0,0,1,0,1,0,0,0,0,0,super built up,low,mid aged,dlf garden city floors,gurgaon
1.46,246.19,4,6,3,1,76,4,0,0,0,1,0,0,0,1,0,0,0,1,0,0,0,0,0,0,0,super built up,high,new,corona gracieux,gurgaon
1.65,100.43,2,2,2,0,63,13,1,0,0,0,0,3,0,2,1,0,1,0,0,1,0,1,1,0,0,super built up,low,mid aged,signature global city 63a,gurgaon
2.65,83.61204013377927,3,3,3,0,88,7,1,0,0,0,1,0,0,1,0,0,0,1,0,0,0,0,0,0,0,carpet,high,new,godrej oasis,gurgaon
0.3,33.62,1,2,2,0,103,11,0,0,0,0,0,0,0,4,0,0,0,1,0,0,0,0,0,0,0,carpet,mid,new,signature global grand iva,gurgaon
0.65,70.89,3,2,2,0,104,9,1,0,0,1,0,1,0,2,1,0,0,0,0,1,0,0,0,0,0,carpet,mid,new,zara aavaas,gurgaon
2.57,151.43,3,3,2,1,61,9,1,0,0,1,0,0,0,2,1,1,1,0,0,0,0,0,0,0,0,carpet,low,under construction,smart world orchard,gurgaon
0.78,93.83,2,2,3,1,92,10,1,0,0,1,0,0,0,2,1,0,0,1,0,1,0,0,0,0,0,super built up,low,new,signature global city 92,gurgaon
0.33,71.26,2,2,1,1,95,3,3,0,0,0,0,0,0,0,0,0,0,0,0,0,0,0,0,0,0,super built up,high,new,ramsons kshitij,gurgaon
1.2,138.61,2,2,2,0,33,7,1,0,0,0,0,0,0,2,0,0,0,1,0,0,0,0,0,0,0,built up,high,under construction,eldeco accolade,sohna
0.4,83.61,3,2,1,0,3,48,1,0,0,0,0,0,0,0,0,0,0,0,0,0,2,0,0,0,0,carpet,low,new,om appartments,gurgaon
0.43,71.54,2,2,1,0,15,50,20,0,0,0,1,0,5,3,0,0,0,0,4,0,1,0,0,0,2,carpet,low,new,the pearl apartmen,gurgaon
4.5,390.19,4,6,3,1,81,9,0,0,0,1,0,0,0,1,0,0,0,1,0,0,0,0,0,0,0,super built up,high,new,bestech park view grand spa,gurgaon
0.38,60.39,2,2,2,0,107,10,0,0,0,1,0,0,0,1,0,0,0,1,0,0,0,0,0,0,0,super built up,low,new,signature global solera,gurgaon
0.75,92.9,2,2,2,0,36,7,2,0,0,0,0,0,0,0,0,0,0,0,3,0,0,0,0,0,0,super built up,mid,new,avl 36 gurgaon,gurgaon
3.21,234.12,3,3,3,0,113,12,1,0,0,1,0,1,0,3,1,0,2,2,0,0,0,0,0,0,0,super built up,high,new,tata gurgaon gateway,gurgaon
0.35,51.48,2,2,2,0,33,14,1,0,0,0,0,1,1,1,0,1,0,0,0,1,0,0,1,0,0,carpet,high,new,breez global hill view,sohna
0.75,115.11,2,2,1,0,78,7,1,0,0,0,0,0,1,0,0,0,1,0,0,0,0,0,0,0,0,built up,mid,under construction,umang monsoon breeze,gurgaon
0.95,181.72,4,3,3,0,92,11,0,0,0,0,0,0,0,4,1,0,1,1,0,0,0,0,0,0,0,super built up,mid,old,sare green parc phase 3,gurgaon
0.9,165.37,3,3,0,0,81,15,3,0,0,0,0,0,0,0,0,0,0,0,7,0,0,0,0,0,2,built up,mid,under construction,lavanya apartments,gurgaon
0.85,55.46,2,2,0,0,93,8,0,0,0,2,0,0,0,3,1,0,0,0,0,0,0,0,0,0,0,built up,high,under construction,signature global orchard avenue,gurgaon
1.92,151.25,3,3,2,0,76,11,2,0,0,0,0,1,0,2,1,0,1,0,0,0,0,0,0,0,0,built up,low,under construction,whiteland blissville,gurgaon
1.2,132.2,3,3,2,0,89,14,1,0,0,1,0,2,0,2,0,1,1,2,0,1,0,0,0,0,0,built up,low,under construction,smart world gems,gurgaon
1.1,125.42,3,3,1,1,37,12,2,0,0,0,0,1,0,5,0,0,0,1,0,0,1,0,0,0,0,carpet,low,mid aged,signature global city 37d ph 2,gurgaon
6.5,278.43,4,4,3,1,54,3,0,0,0,0,0,0,0,0,0,0,0,0,0,0,0,0,0,0,1,super built up,high,old,dlf royalton tower,gurgaon
1.85,116.13,2,2,2,0,61,9,1,0,0,1,0,0,0,2,1,1,1,0,0,0,0,0,0,0,0,carpet,low,new,smart world orchard,gurgaon
1.38,104.98,2,2,2,0,2,11,0,0,0,1,1,0,0,1,0,0,1,0,0,0,0,0,0,0,0,built up,mid,under construction,suncity vatsal valley,gurgaon
4.26,301.93,4,4,0,0,28,45,8,0,0,0,0,1,10,0,0,0,8,0,0,0,2,1,0,0,2,built up,high,under construction,unitech heritage city,gurgaon
2.3,137.4,2,2,2,0,36,14,1,0,0,1,0,1,0,2,1,0,1,1,0,1,0,1,0,0,0,built up,high,under construction,krisumi waterfall residences,gurgaon
3.7,222.97,3,3,3,0,63,12,1,0,0,0,0,0,0,1,1,1,1,1,0,1,0,1,0,0,0,carpet,low,mid aged,birla navya,gurgaon
0.22,27.99,1,2,2,0,104,9,1,0,0,1,0,1,0,2,1,0,0,0,0,1,0,0,0,0,0,carpet,low,new,zara aavaas,gurgaon
0.6,60.39,2,2,3,0,37,15,2,0,0,0,0,0,0,1,0,2,0,1,0,0,0,3,0,0,0,super built up,mid,new,signature global the millennia,gurgaon
1.65,216.0,3,4,3,1,111,25,1,0,0,0,1,0,0,1,0,0,1,0,0,0,1,0,0,0,0,super built up,high,under construction,kashish manor one,gurgaon
0.2,27.96,1,2,2,0,104,9,1,0,0,1,0,1,0,2,1,0,0,0,0,1,0,0,0,0,0,carpet,low,new,zara aavaas,gurgaon
0.75,148.64,3,4,3,1,92,8,4,0,0,0,0,0,0,0,0,0,0,0,4,0,0,0,0,0,0,carpet,low,old,apartment,gurgaon
4.3,288.0,4,5,3,1,48,43,11,0,0,0,0,1,2,0,0,0,0,0,0,0,1,0,0,0,0,carpet,mid,new,vipul world floors,gurgaon
1.9,181.16,3,3,3,1,70,15,2,0,0,1,0,2,3,0,0,0,0,0,1,0,0,0,0,0,0,super built up,high,new,shree vardhman victoria,gurgaon
2.2,163.51,3,4,3,1,28,48,6,0,0,0,1,1,13,0,0,0,6,0,0,0,1,0,0,0,4,carpet,low,old,essel tower,gurgaon
2.0,222.97,3,3,3,0,39,46,1,0,0,0,0,0,5,0,0,0,0,0,0,0,0,1,0,0,0,built up,low,under construction,milan cghs 9,gurgaon
1.0,78.97,1,1,1,0,49,43,7,0,0,0,0,1,2,0,0,0,0,0,0,0,0,0,0,0,0,built up,high,under construction,element one service,gurgaon
1.62,150.22,3,2,3,1,88,14,0,0,0,0,0,0,0,1,0,0,0,0,0,0,0,0,0,0,0,super built up,high,new,godrej icon,gurgaon
0.85,204.39,3,3,0,0,1,25,1,0,0,0,1,0,0,1,0,0,1,0,0,0,1,0,0,0,0,built up,mid,under construction,dnha cghs,gurgaon
0.4,57.88,2,2,2,0,33,47,19,0,0,0,0,0,2,0,0,0,0,0,0,0,0,1,0,0,0,built up,mid,under construction,breeze global heights,gurgaon
3.5,190.82,3,3,3,1,65,9,1,0,0,0,0,1,0,1,1,0,1,0,0,1,0,0,0,0,0,carpet,high,new,m3m skycity,gurgaon
1.36,142.61,3,3,3,1,37,12,2,0,0,0,0,1,0,5,0,0,0,1,0,0,1,0,0,0,0,built up,low,new,signature global city 37d ph 2,gurgaon
1.3,139.35,3,3,3,0,65,46,14,0,0,0,2,3,11,0,0,0,0,0,0,0,1,0,1,0,0,super built up,high,under construction,pareena micasa,gurgaon
2.41,151.43,3,3,3,0,61,9,1,0,0,1,0,0,0,2,1,1,1,0,0,0,0,0,0,0,0,built up,low,new,smart world orchard,gurgaon
2.5,175.03,3,3,2,0,33,15,3,0,0,0,0,2,0,4,1,0,0,0,0,1,0,1,0,0,0,carpet,low,under construction,central park flower valley,sohna
2.02,232.26,4,3,1,0,104,33,13,0,0,0,0,0,1,0,0,0,0,0,0,0,1,0,0,0,0,super built up,low,new,dlf city,gurgaon
1.47,106.84,2,2,2,1,61,9,1,0,0,1,0,0,0,2,1,1,1,0,0,0,0,0,0,0,0,carpet,mid,new,smart world orchard,gurgaon
0.24,31.6,1,1,1,0,33,10,0,0,0,0,0,0,5,0,0,0,0,0,0,0,0,0,0,0,2,carpet,high,new,mvn athens,sohna
4.2,199.74,3,4,2,0,43,14,0,0,0,0,1,1,0,3,1,0,1,0,0,1,0,1,2,0,0,super built up,mid,mid aged,silverglades hightown residences,gurgaon
2.45,258.27,3,4,3,1,99,10,1,0,0,1,0,1,0,2,1,0,0,2,0,1,0,0,0,0,0,super built up,low,new,vatika sovereign park,gurgaon
1.65,168.62,3,3,0,0,79,9,0,0,0,1,0,0,0,2,1,0,1,1,0,0,0,0,0,0,0,built up,high,under construction,mapsko mount ville,gurgaon
1.75,169.55,3,3,2,0,85,8,1,0,0,1,0,0,0,2,1,0,0,1,0,0,0,0,0,0,0,built up,high,under construction,godrej air,gurgaon
1.4,114.74,2,2,2,1,63,13,1,0,0,0,0,3,0,2,1,0,1,0,0,1,0,1,1,0,0,carpet,low,mid aged,signature global city 63a,gurgaon
0.45,52.86,2,2,2,0,95,12,0,0,0,1,0,0,0,2,1,0,0,1,1,1,0,0,0,0,0,carpet,low,new,signature the roselia,gurgaon
0.68,141.77,3,3,3,0,1,10,5,0,0,0,0,0,0,0,0,0,0,0,2,0,0,0,0,0,2,built up,low,old,sbr apartment,manesar
1.0,103.12,2,2,3,1,89,14,1,0,0,1,0,2,0,2,0,1,1,2,0,1,0,0,0,0,0,carpet,low,new,smart world gems,gurgaon
2.0,212.75,3,4,3,1,104,13,1,0,0,1,0,2,0,3,1,0,1,1,0,1,0,1,0,0,0,super built up,mid,new,ats triumph,gurgaon
0.75,125.42,2,2,2,0,33,8,1,0,0,1,0,0,0,2,0,0,0,1,0,0,0,0,0,0,0,built up,mid,old,silverglades the melia,sohna
3.25,312.15,4,4,3,1,99,10,1,0,0,1,0,1,0,2,1,0,0,2,0,1,0,0,0,0,0,super built up,low,new,vatika sovereign park,gurgaon
1.1,135.36,2,2,3,1,33,7,1,0,0,0,0,0,0,2,0,0,0,1,0,0,0,0,0,0,0,super built up,high,new,eldeco accolade,sohna
1.45,137.5,3,2,3,0,86,10,1,0,0,1,0,0,0,3,1,0,0,1,0,0,0,0,0,0,0,built up,high,new,microtek greenburg,gurgaon
3.2,299.61,4,4,0,0,99,10,1,0,0,1,0,1,0,2,1,0,0,2,0,1,0,0,0,0,0,built up,mid,mid aged,vatika sovereign park,gurgaon
0.4,50.5,2,2,2,0,93,8,0,0,0,2,0,0,0,3,1,0,0,0,0,0,0,0,0,0,0,carpet,high,new,signature global orchard avenue,gurgaon
0.95,102.47,2,2,2,1,89,14,1,0,0,1,0,2,0,2,0,1,1,2,0,1,0,0,0,0,0,carpet,mid,new,smart world gems,gurgaon
4.25,213.21,3,4,3,0,59,15,1,0,0,1,0,2,0,3,1,1,1,0,0,0,0,0,0,0,0,super built up,low,mid aged,conscient elevate,gurgaon
0.37,51.45,2,2,2,0,107,3,0,0,0,0,0,0,0,0,1,0,0,1,0,0,0,0,0,0,0,carpet,high,new,signature global solera 2,gurgaon
1.25,167.69,3,4,2,0,93,9,1,0,0,1,0,0,0,2,1,0,0,1,0,1,0,0,0,0,0,super built up,high,new,spaze privvy the address,gurgaon
0.75,102.19,2,2,2,0,69,42,12,0,0,0,2,3,11,0,0,0,0,0,0,0,1,0,1,0,0,built up,mid,old,surendra avenue 69,gurgaon
0.35,78.97,2,2,1,0,110,17,3,0,0,0,0,0,0,1,0,0,1,0,0,0,1,0,0,0,4,built up,low,new,krishna apartment,gurgaon
2.0,219.81,3,4,3,1,79,10,0,0,0,0,0,0,0,2,1,0,0,0,0,0,0,0,0,1,0,carpet,low,new,godrej 101,gurgaon
3.5,242.11,5,5,3,1,82,7,1,0,0,0,0,0,0,0,1,0,0,0,0,0,0,0,0,0,0,carpet,high,new,dlf the primus,gurgaon
1.91,106.84,2,2,2,0,28,45,5,0,0,0,1,0,8,1,0,0,3,0,1,0,2,0,0,0,4,carpet,high,new,dlf regency park 1,gurgaon
1.0,164.44,3,3,3,0,37,15,1,1,0,0,0,1,3,3,0,0,0,0,0,0,1,0,1,0,0,super built up,high,old,ramprastha the edge towers,gurgaon
1.4,60.39,3,3,3,0,33,15,3,0,0,0,0,2,0,4,1,0,0,0,0,1,0,1,0,0,0,super built up,low,mid aged,central park flower valley,sohna
0.35,52.68,2,2,2,0,33,6,0,0,0,0,0,0,0,0,1,0,0,2,0,0,0,1,0,0,0,super built up,mid,new,gls arawali homes,sohna
0.82,83.61204013377927,2,2,3,1,104,15,1,0,0,1,0,0,0,2,1,1,1,1,0,1,0,0,0,1,0,carpet,high,new,godrej summit,gurgaon
0.88,118.45,2,2,2,0,33,13,1,0,0,1,0,1,0,4,0,0,0,0,1,1,0,0,1,0,0,super built up,high,new,ashiana anmol,sohna
0.55,76.37,2,2,3,0,33,8,1,0,0,0,0,0,0,2,1,1,1,0,0,0,0,0,0,0,0,carpet,low,under construction,signature global park,sohna
1.2,150.5,3,3,2,0,67,12,0,0,0,0,0,0,0,0,0,0,1,0,0,0,0,0,0,0,0,carpet,low,under construction,ansal api esencia,gurgaon
1.78,132.29,2,2,3,0,74,7,1,0,0,2,0,1,0,2,1,0,0,1,0,0,0,0,0,0,0,carpet,high,under construction,m3m skywalk,gurgaon
1.9,126.16,2,2,2,0,65,11,1,0,0,1,0,2,0,2,1,0,1,1,0,1,0,0,0,0,0,built up,high,under construction,m3m heights,gurgaon
0.26,44.75,2,2,1,0,33,10,0,0,0,0,0,0,5,0,0,0,0,0,0,0,0,0,0,0,2,carpet,mid,new,mvn athens,sohna
0.89,99.87,2,2,2,1,81,6,0,0,0,1,0,0,0,1,0,0,0,1,0,0,0,0,0,0,0,carpet,low,mid aged,signature global city 81,gurgaon
1.6,106.84,2,2,2,1,61,9,1,0,0,1,0,0,0,2,1,1,1,0,0,0,0,0,0,0,0,carpet,low,new,smart world orchard,gurgaon
14.0,65.03,4,5,3,0,24,41,3,0,0,0,1,0,12,0,0,0,6,0,0,0,1,0,0,0,1,built up,low,under construction,ambience caitriona,gurgaon
0.9,157.01,3,3,2,0,86,4,1,0,0,1,0,0,0,1,0,0,0,1,0,0,0,0,0,0,0,built up,high,new,ansal heights 86,gurgaon
1.1,184.88,3,3,3,0,37,15,1,1,0,0,0,1,3,3,0,0,0,0,0,0,1,0,1,0,0,built up,high,under construction,ramprastha the edge towers,gurgaon
0.95,99.13,2,2,2,1,89,14,1,0,0,1,0,2,0,2,0,1,1,2,0,1,0,0,0,0,0,super built up,low,mid aged,smart world gems,gurgaon
0.47,64.1,2,2,1,0,90,15,2,0,0,0,0,0,2,3,0,0,0,0,1,0,0,1,1,0,0,carpet,high,new,green court,gurgaon
2.7,292.64,4,3,3,0,12,47,4,0,0,0,2,0,14,4,0,0,1,0,2,0,2,0,0,0,2,built up,mid,under construction,lord krishna,gurgaon
0.95,142.14,2,2,3,1,79,3,0,0,0,0,0,0,0,0,0,0,0,0,2,0,0,0,0,0,1,super built up,mid,new,supertech araville,gurgaon
1.15,202.16,3,3,3,1,78,7,1,0,0,0,0,0,1,0,0,0,1,0,0,0,0,0,0,0,0,super built up,high,old,umang monsoon breeze,gurgaon
0.9,148.92,3,3,3,0,37,9,1,0,0,1,0,1,0,2,1,1,0,1,0,0,0,0,0,0,0,super built up,high,under construction,ild greens,gurgaon
1.0,93.83,3,2,3,0,36,12,1,0,0,2,0,2,0,3,1,0,1,0,0,0,0,0,0,0,0,carpet,low,new,signature global park 4,sohna
1.5,210.61,3,3,1,1,109,10,4,0,0,0,0,0,0,0,0,4,0,0,0,0,1,0,0,0,0,carpet,mid,new,brisk lumbini terrace homes,gurgaon
1.15,185.81,3,4,2,1,12,50,30,0,0,0,0,0,3,3,0,0,0,0,1,0,1,0,0,0,0,built up,low,old,bhagwati sadan,gurgaon
1.3,112.41,2,2,2,1,33,15,4,0,0,3,0,1,0,1,0,0,0,0,1,0,0,0,0,0,0,super built up,low,new,central park flower valley cerise floors,sohna
1.9,263.38,4,4,3,0,99,11,1,0,0,0,0,1,0,2,1,0,1,1,0,1,0,0,0,0,0,built up,low,under construction,assotech blith,gurgaon
2.2,163.51,3,4,3,0,28,48,7,0,0,0,0,0,11,0,0,0,5,0,0,0,2,1,0,0,5,carpet,low,under construction,essel towers,gurgaon
2.2,163.51,3,4,3,0,28,48,7,0,0,0,0,0,11,0,0,0,5,0,0,0,2,1,0,0,5,carpet,low,under construction,essel towers,gurgaon
5.0,445.93,6,7,3,1,70,10,1,0,0,1,0,1,0,2,1,0,0,0,0,1,0,0,0,0,0,carpet,high,new,tulip ivory,gurgaon
0.85,125.42,2,2,3,1,84,3,0,0,0,0,1,1,0,1,0,0,0,0,0,0,0,0,0,0,0,super built up,high,new,antriksh heights,gurgaon
1.9,167.23,4,3,3,1,55,42,5,0,0,0,1,2,13,4,0,0,3,0,1,0,2,1,0,0,4,carpet,high,old,sidhivinayak apartments,gurgaon
0.9,111.48,2,2,3,1,10,49,40,0,0,0,0,0,0,0,0,0,0,0,0,0,0,1,0,0,0,super built up,high,new,maxworth city residences,gurgaon
3.0,152.55,3,3,3,1,63,6,0,0,0,0,0,0,0,0,1,0,1,0,0,0,0,1,0,0,0,built up,high,new,dhoot time residency,gurgaon
0.68,76.55,2,2,2,0,33,8,1,0,0,0,0,0,0,2,1,1,1,0,0,0,0,0,0,0,0,carpet,low,new,signature global park,sohna
0.55,97.55,2,2,0,0,51,46,10,0,0,0,0,1,2,0,0,0,0,0,0,0,1,0,0,0,0,carpet,mid,new,samaspurkunj,gurgaon
1.33,132.2,3,3,3,1,89,9,1,0,0,0,0,0,0,2,1,0,0,2,0,0,0,0,0,0,0,built up,mid,mid aged,m3m soulitude,gurgaon
0.9,126.91,2,2,3,0,107,6,0,0,0,0,0,0,0,2,1,0,0,0,0,0,0,0,0,0,0,super built up,high,new,m3m woodshire,gurgaon
1.55,144.0,3,2,3,1,89,11,1,0,0,1,0,1,0,3,1,0,0,1,0,1,0,0,0,0,0,super built up,mid,old,tulip petals,gurgaon
0.49,92.72,2,2,2,0,92,8,4,0,0,0,0,0,0,0,0,0,0,0,4,0,0,0,0,0,0,carpet,low,new,sare crescent parc,gurgaon
0.45,60.02,2,2,1,1,92,4,1,0,0,0,0,0,0,1,0,0,0,0,0,1,0,0,0,0,0,built up,high,new,gls avenue 51,gurgaon
2.3,240.15,3,4,3,1,109,11,1,0,0,1,0,0,0,2,1,0,2,1,0,0,0,0,0,1,0,super built up,high,new,ats tourmaline,gurgaon
1.5,125.42,2,2,2,1,67,12,0,0,0,1,0,1,0,2,1,0,1,0,0,2,0,0,0,0,0,carpet,high,new,ireo the corridors,gurgaon
1.0,124.49,2,2,2,0,77,10,1,0,0,1,0,1,0,2,1,0,0,1,0,0,0,0,0,0,0,carpet,low,new,umang winter hills,gurgaon
1.1,236.16,4,3,3,1,95,5,4,0,0,0,0,0,0,0,0,0,0,0,1,0,0,0,0,0,0,carpet,high,new,siddhartha apartment,gurgaon
1.65,100.43,2,2,2,0,63,13,1,0,0,0,0,3,0,2,1,0,1,0,0,1,0,1,1,0,0,super built up,low,mid aged,signature global city 63a,gurgaon
2.65,83.61204013377927,3,3,3,0,88,7,1,0,0,0,1,0,0,1,0,0,0,1,0,0,0,0,0,0,0,carpet,high,new,godrej oasis,gurgaon
0.3,33.62,1,2,2,0,103,11,0,0,0,0,0,0,0,4,0,0,0,1,0,0,0,0,0,0,0,carpet,mid,new,signature global grand iva,gurgaon
0.78,93.83,2,2,3,1,92,10,1,0,0,1,0,0,0,2,1,0,0,1,0,1,0,0,0,0,0,super built up,low,new,signature global city 92,gurgaon
0.33,71.26,2,2,1,1,95,3,3,0,0,0,0,0,0,0,0,0,0,0,0,0,0,0,0,0,0,super built up,high,new,ramsons kshitij,gurgaon
1.2,138.61,2,2,2,0,33,7,1,0,0,0,0,0,0,2,0,0,0,1,0,0,0,0,0,0,0,built up,high,under construction,eldeco accolade,sohna
0.4,83.61,3,2,1,0,3,48,1,0,0,0,0,0,0,0,0,0,0,0,0,0,2,0,0,0,0,carpet,low,new,om appartments,gurgaon
4.5,390.19,4,6,3,1,81,9,0,0,0,1,0,0,0,1,0,0,0,1,0,0,0,0,0,0,0,super built up,high,new,bestech park view grand spa,gurgaon
0.75,92.9,2,2,2,0,36,7,2,0,0,0,0,0,0,0,0,0,0,0,3,0,0,0,0,0,0,super built up,mid,new,avl 36 gurgaon,gurgaon
0.35,51.48,2,2,2,0,33,14,1,0,0,0,0,1,1,1,0,1,0,0,0,1,0,0,1,0,0,carpet,high,new,breez global hill view,sohna
0.75,115.11,2,2,1,0,78,7,1,0,0,0,0,0,1,0,0,0,1,0,0,0,0,0,0,0,0,built up,mid,under construction,umang monsoon breeze,gurgaon
5.6,451.23,4,6,3,1,112,8,2,0,0,0,0,1,0,1,1,1,0,1,0,0,0,0,0,0,0,super built up,high,old,experion windchants,gurgaon
0.95,181.72,4,3,3,0,92,11,0,0,0,0,0,0,0,4,1,0,1,1,0,0,0,0,0,0,0,super built up,mid,old,sare green parc phase 3,gurgaon
0.9,165.37,3,3,0,0,81,15,3,0,0,0,0,0,0,0,0,0,0,0,7,0,0,0,0,0,2,built up,mid,under construction,lavanya apartments,gurgaon
0.85,55.46,2,2,0,0,93,8,0,0,0,2,0,0,0,3,1,0,0,0,0,0,0,0,0,0,0,built up,high,under construction,signature global orchard avenue,gurgaon
1.2,132.2,3,3,2,0,89,14,1,0,0,1,0,2,0,2,0,1,1,2,0,1,0,0,0,0,0,built up,low,under construction,smart world gems,gurgaon
6.2,278.43,4,4,3,1,54,3,0,0,0,0,0,0,0,0,0,0,0,0,0,0,0,0,0,0,1,super built up,high,old,dlf royalton tower,gurgaon
4.26,301.93,4,4,0,0,28,45,8,0,0,0,0,1,10,0,0,0,8,0,0,0,2,1,0,0,2,built up,high,under construction,unitech heritage city,gurgaon
2.3,137.4,2,2,2,0,36,11,1,0,0,1,0,0,0,2,1,0,0,1,0,1,0,0,0,0,0,built up,high,under construction,krisumi waterfall residences,gurgaon
3.7,222.97,3,3,3,0,63,12,1,0,0,0,0,0,0,1,1,1,1,1,0,1,0,1,0,0,0,carpet,low,mid aged,birla navya,gurgaon
0.22,27.99,1,2,2,0,104,9,1,0,0,1,0,1,0,2,1,0,0,0,0,1,0,0,0,0,0,carpet,low,new,zara aavaas,gurgaon
0.6,60.39,2,2,3,0,37,15,2,0,0,0,0,0,0,1,0,2,0,1,0,0,0,3,0,0,0,super built up,mid,new,signature global the millennia,gurgaon
0.2,27.96,1,2,2,0,104,9,1,0,0,1,0,1,0,2,1,0,0,0,0,1,0,0,0,0,0,carpet,low,new,zara aavaas,gurgaon
0.86,102.47,2,3,2,1,89,14,1,0,0,1,0,2,0,2,0,1,1,2,0,1,0,0,0,0,0,carpet,mid,new,smart world gems,gurgaon
0.75,148.64,3,4,3,1,92,8,4,0,0,0,0,0,0,0,0,0,0,0,4,0,0,0,0,0,0,carpet,low,old,apartment,gurgaon
4.3,288.0,4,5,3,1,48,43,11,0,0,0,0,1,2,0,0,0,0,0,0,0,1,0,0,0,0,carpet,mid,new,vipul world floors,gurgaon
1.9,181.16,3,3,3,1,70,15,2,0,0,1,0,2,3,0,0,0,0,0,1,0,0,0,0,0,0,super built up,high,new,shree vardhman victoria,gurgaon
2.2,163.51,3,4,3,1,28,48,6,0,0,0,1,1,13,0,0,0,6,0,0,0,1,0,0,0,4,carpet,low,old,essel tower,gurgaon
2.0,222.97,3,3,3,0,39,46,1,0,0,0,0,0,5,0,0,0,0,0,0,0,0,1,0,0,0,built up,low,under construction,milan cghs 9,gurgaon
1.0,78.97,1,1,1,0,49,43,7,0,0,0,0,1,2,0,0,0,0,0,0,0,0,0,0,0,0,built up,high,under construction,element one service,gurgaon
0.45,69.68,3,3,1,0,92,4,1,0,0,0,0,0,0,1,0,0,0,0,0,1,0,0,0,0,0,carpet,high,new,gls avenue 51,gurgaon
0.4,57.88,2,2,2,0,33,47,19,0,0,0,0,0,2,0,0,0,0,0,0,0,0,1,0,0,0,built up,mid,under construction,breeze global heights,gurgaon
3.5,190.82,3,3,3,1,65,9,1,0,0,0,0,1,0,1,1,0,1,0,0,1,0,0,0,0,0,carpet,high,new,m3m skycity,gurgaon
1.36,142.61,3,3,3,1,37,12,2,0,0,0,0,1,0,5,0,0,0,1,0,0,1,0,0,0,0,built up,low,new,signature global city 37d ph 2,gurgaon
1.02,119.19,2,3,3,1,108,9,1,0,0,1,0,1,0,1,1,0,0,1,0,0,0,0,0,0,0,built up,mid,new,experion the heartsong,gurgaon
0.4,88.26,2,2,2,0,33,10,1,0,0,1,0,1,0,2,1,0,0,0,0,1,0,0,1,0,0,super built up,mid,new,breez global heights,sohna
3.9,213.21,3,1,0,0,59,15,1,0,0,1,0,2,0,3,1,1,1,0,0,0,0,0,0,0,0,built up,low,under construction,conscient elevate,gurgaon
2.41,151.43,3,3,3,0,61,13,1,0,0,1,0,1,0,2,1,1,1,0,0,0,0,0,0,0,0,built up,low,new,smart world orchard,gurgaon
2.5,175.03,3,3,2,0,33,11,1,0,0,1,0,0,0,3,1,1,0,0,0,1,0,0,0,1,0,carpet,low,under construction,central park flower valley,sohna
2.44,169.83,3,3,2,0,65,11,1,0,0,1,0,2,0,2,1,0,1,1,0,1,0,0,0,0,0,super built up,mid,mid aged,m3m heights,gurgaon
1.05,163.97,3,3,3,0,76,4,0,0,0,1,0,0,0,1,0,0,0,1,0,0,0,0,0,0,0,super built up,mid,new,corona gracieux,gurgaon
2.02,232.26,4,3,1,0,104,33,13,0,0,0,0,0,1,0,0,0,0,0,0,0,1,0,0,0,0,super built up,low,new,dlf city,gurgaon
0.24,31.6,1,1,1,0,33,10,0,0,0,0,0,0,5,0,0,0,0,0,0,0,0,0,0,0,2,carpet,high,new,mvn athens,sohna
4.2,199.74,3,4,2,0,43,14,0,0,0,0,1,1,0,3,1,0,1,0,0,1,0,1,2,0,0,super built up,mid,mid aged,silverglades hightown residences,gurgaon
1.4,114.74,2,2,2,1,63,13,1,0,0,0,0,3,0,2,1,0,1,0,0,1,0,1,1,0,0,carpet,low,mid aged,signature global city 63a,gurgaon
0.45,52.86,2,2,2,0,95,12,0,0,0,1,0,0,0,2,1,0,0,1,1,1,0,0,0,0,0,carpet,low,new,signature the roselia,gurgaon
1.0,103.12,2,2,3,1,89,14,1,0,0,1,0,2,0,2,0,1,1,2,0,1,0,0,0,0,0,carpet,low,new,smart world gems,gurgaon
2.0,212.75,3,4,3,1,104,13,1,0,0,1,0,2,0,3,1,0,1,1,0,1,0,1,0,0,0,super built up,mid,new,ats triumph,gurgaon
0.75,125.42,2,2,2,0,33,8,1,0,0,1,0,0,0,2,0,0,0,1,0,0,0,0,0,0,0,built up,mid,old,silverglades the melia,sohna
3.25,312.15,4,4,3,1,99,10,1,0,0,1,0,1,0,2,1,0,0,2,0,1,0,0,0,0,0,super built up,low,new,vatika sovereign park,gurgaon
1.1,135.36,2,2,3,1,33,7,1,0,0,0,0,0,0,2,0,0,0,1,0,0,0,0,0,0,0,super built up,high,new,eldeco accolade,sohna
1.45,137.5,3,2,3,0,86,10,1,0,0,1,0,0,0,3,1,0,0,1,0,0,0,0,0,0,0,built up,high,new,microtek greenburg,gurgaon
3.2,299.61,4,4,0,0,99,10,1,0,0,1,0,1,0,2,1,0,0,2,0,1,0,0,0,0,0,built up,mid,mid aged,vatika sovereign park,gurgaon
0.4,50.5,2,2,2,0,93,8,0,0,0,2,0,0,0,3,1,0,0,0,0,0,0,0,0,0,0,carpet,high,new,signature global orchard avenue,gurgaon
0.95,102.47,2,2,2,1,89,14,1,0,0,1,0,2,0,2,0,1,1,2,0,1,0,0,0,0,0,carpet,mid,new,smart world gems,gurgaon
2.12,172.06,3,3,3,0,102,13,1,0,0,1,1,0,0,2,1,0,0,1,0,1,0,0,1,0,0,super built up,high,new,shapoorji pallonji joyville gurugram,gurgaon
1.45,167.69,3,4,2,0,93,9,1,0,0,1,0,0,0,2,1,0,0,1,0,1,0,0,0,0,0,super built up,high,new,spaze privvy the address,gurgaon
0.75,102.19,2,2,2,0,69,42,12,0,0,0,2,3,11,0,0,0,0,0,0,0,1,0,1,0,0,built up,mid,old,surendra avenue 69,gurgaon
2.0,219.81,3,4,3,1,79,10,0,0,0,0,0,0,0,2,1,0,0,0,0,0,0,0,0,1,0,carpet,low,new,godrej 101,gurgaon
3.5,242.11,5,5,3,1,82,7,1,0,0,0,0,0,0,0,1,0,0,0,0,0,0,0,0,0,0,carpet,high,new,dlf the primus,gurgaon
1.91,106.84,2,2,2,0,28,45,5,0,0,0,1,0,8,1,0,0,3,0,1,0,2,0,0,0,4,carpet,high,new,dlf regency park 1,gurgaon
1.0,164.44,3,3,3,0,37,15,1,1,0,0,0,1,3,3,0,0,0,0,0,0,1,0,1,0,0,super built up,high,old,ramprastha the edge towers,gurgaon
1.4,60.39,3,3,3,0,33,11,1,0,0,1,0,0,0,3,1,1,0,0,0,1,0,0,0,1,0,super built up,low,mid aged,central park flower valley,sohna
0.35,52.68,2,2,2,0,33,6,0,0,0,0,0,0,0,0,1,0,0,2,0,0,0,1,0,0,0,super built up,mid,new,gls arawali homes,sohna
0.82,83.61204013377927,2,2,3,1,104,15,1,0,0,1,0,0,0,2,1,1,1,1,0,1,0,0,0,1,0,carpet,high,new,godrej summit,gurgaon
0.88,118.45,2,2,2,0,33,13,1,0,0,1,0,1,0,4,0,0,0,0,1,1,0,0,1,0,0,super built up,high,new,ashiana anmol,sohna
1.9,126.16,2,2,2,0,65,11,1,0,0,1,0,2,0,2,1,0,1,1,0,1,0,0,0,0,0,built up,high,under construction,m3m heights,gurgaon
0.26,44.75,2,2,1,0,33,10,0,0,0,0,0,0,5,0,0,0,0,0,0,0,0,0,0,0,2,carpet,mid,new,mvn athens,sohna
0.27,53.51,2,2,2,0,33,6,0,0,0,0,0,0,0,0,1,0,0,2,0,0,0,1,0,0,0,carpet,low,new,gls arawali homes,sohna
0.89,99.87,2,2,2,1,81,6,0,0,0,1,0,0,0,1,0,0,0,1,0,0,0,0,0,0,0,carpet,low,mid aged,signature global city 81,gurgaon
14.0,65.03,4,5,3,0,24,41,3,0,0,0,1,0,12,0,0,0,6,0,0,0,1,0,0,0,1,built up,low,under construction,ambience caitriona,gurgaon
0.9,157.01,3,3,2,0,86,4,1,0,0,1,0,0,0,1,0,0,0,1,0,0,0,0,0,0,0,built up,high,new,ansal heights 86,gurgaon
1.1,184.88,3,3,3,0,37,15,1,1,0,0,0,1,3,3,0,0,0,0,0,0,1,0,1,0,0,built up,high,under construction,ramprastha the edge towers,gurgaon
0.95,99.13,2,2,2,1,89,14,1,0,0,1,0,2,0,2,0,1,1,2,0,1,0,0,0,0,0,super built up,low,mid aged,smart world gems,gurgaon
0.47,64.1,2,2,1,0,90,15,2,0,0,0,0,0,2,3,0,0,0,0,1,0,0,1,1,0,0,carpet,high,new,green court,gurgaon
0.27,42.5,2,2,1,0,33,10,0,0,0,0,0,0,5,0,0,0,0,0,0,0,0,0,0,0,2,carpet,high,new,mvn athens,sohna
0.95,142.14,2,2,3,1,79,3,0,0,0,0,0,0,0,0,0,0,0,0,2,0,0,0,0,0,1,super built up,mid,new,supertech araville,gurgaon
1.15,202.16,3,3,3,1,78,7,1,0,0,0,0,0,1,0,0,0,1,0,0,0,0,0,0,0,0,super built up,high,old,umang monsoon breeze,gurgaon
0.9,148.92,3,3,3,0,37,9,1,0,0,1,0,1,0,2,1,1,0,1,0,0,0,0,0,0,0,super built up,high,under construction,ild greens,gurgaon
1.5,210.61,3,3,1,1,109,10,4,0,0,0,0,0,0,0,0,4,0,0,0,0,1,0,0,0,0,carpet,mid,new,brisk lumbini terrace homes,gurgaon
1.15,185.81,3,4,2,1,12,50,30,0,0,0,0,0,3,3,0,0,0,0,1,0,1,0,0,0,0,built up,low,old,bhagwati sadan,gurgaon
1.9,263.38,4,4,3,0,99,11,1,0,0,0,0,1,0,2,1,0,1,1,0,1,0,0,0,0,0,built up,low,under construction,assotech blith,gurgaon
2.2,163.51,3,4,3,0,28,48,7,0,0,0,0,0,11,0,0,0,5,0,0,0,2,1,0,0,5,carpet,low,under construction,essel towers,gurgaon
2.2,163.51,3,4,3,0,28,48,7,0,0,0,0,0,11,0,0,0,5,0,0,0,2,1,0,0,5,carpet,low,under construction,essel towers,gurgaon
5.0,445.93,6,7,3,1,70,10,1,0,0,1,0,1,0,2,1,0,0,0,0,1,0,0,0,0,0,carpet,high,new,tulip ivory,gurgaon
0.85,125.42,2,2,3,1,84,3,0,0,0,0,1,1,0,1,0,0,0,0,0,0,0,0,0,0,0,super built up,high,new,antriksh heights,gurgaon
1.9,167.23,4,3,3,1,55,42,5,0,0,0,1,2,13,4,0,0,3,0,1,0,2,1,0,0,4,carpet,high,old,sidhivinayak apartments,gurgaon
1.65,197.42,3,4,3,1,70,7,1,0,0,1,0,1,0,2,1,0,0,0,0,0,0,0,0,0,0,super built up,high,new,krrish florence estate,gurgaon
1.93,146.69,3,3,2,0,113,8,1,0,0,1,0,0,0,2,0,0,0,1,0,0,0,0,0,0,0,super built up,high,mid aged,la vida by tata housing,gurgaon
0.82,111.48,2,2,2,0,71,15,2,1,0,0,0,2,1,0,1,0,0,0,0,1,0,2,0,0,0,super built up,mid,old,chd avenue 71,gurgaon
0.28,43.48,2,2,2,0,33,6,0,0,0,0,0,0,0,0,1,0,0,2,0,0,0,1,0,0,0,carpet,low,new,gls arawali homes,sohna
0.21,44.97,1,1,0,0,33,13,1,0,0,0,1,1,1,2,0,0,1,1,0,0,1,1,0,0,0,built up,low,under construction,trisara our homes 3,sohna
1.6,106.84,2,2,2,1,61,9,1,0,0,1,0,0,0,2,1,1,1,0,0,0,0,0,0,0,0,carpet,low,mid aged,smart world orchard,gurgaon
1.1,116.13,3,3,3,0,37,10,1,0,0,1,0,1,0,2,1,0,0,1,0,1,0,0,0,0,0,carpet,low,mid aged,signature global city,gurgaon
3.25,213.49,4,4,3,1,113,8,1,0,0,1,0,0,0,2,1,1,1,1,0,0,0,0,0,0,0,carpet,high,new,m3m capital,gurgaon
1.2,132.2,2,2,3,0,103,15,1,0,0,1,1,1,0,3,1,1,1,2,0,1,0,0,0,0,0,super built up,low,old,indiabulls centrum park,gurgaon
0.38,55.93,2,2,2,0,33,13,1,0,0,0,1,1,1,2,0,0,1,1,0,0,1,1,0,0,0,built up,low,under construction,trisara our homes 3,sohna
2.45,143.91,3,3,3,1,61,9,1,0,0,1,0,0,0,2,1,1,1,0,0,0,0,0,0,0,0,super built up,low,new,smart world orchard,gurgaon
0.85,102.47,2,2,2,1,89,14,1,0,0,1,0,2,0,2,0,1,1,2,0,1,0,0,0,0,0,carpet,low,mid aged,smart world gems,gurgaon
6.5,273.13,4,5,2,1,54,3,0,0,0,0,0,0,0,0,0,0,0,0,0,0,0,0,0,0,1,super built up,high,new,dlf royalton tower,gurgaon
0.28,60.39,2,2,1,0,3,48,1,0,0,0,0,0,0,0,0,0,0,0,0,0,2,0,0,0,0,super built up,low,new,ashok vihar phase 2,gurgaon
9.0,145.39,3,3,0,0,70,4,0,0,0,1,0,0,0,1,0,0,0,0,0,0,0,0,0,0,0,built up,mid,under construction,unitech vistas,gurgaon
1.5,185.81,4,4,3,0,2,15,3,0,0,0,1,2,1,4,0,0,0,0,0,0,2,0,0,0,0,super built up,high,old,valley view estate,gurgaon
0.8,141.12,2,2,2,1,79,3,0,0,0,0,0,0,0,0,0,0,0,0,2,0,0,0,0,0,1,carpet,high,new,supertech araville,gurgaon
1.22,194.45,4,3,3,1,92,8,4,0,0,0,0,0,0,0,0,0,0,0,4,0,0,0,0,0,0,built up,high,under construction,sare petioles,gurgaon
0.5,66.52,2,2,2,0,90,9,1,0,0,1,0,0,0,2,1,1,1,0,0,0,0,0,0,0,0,carpet,low,mid aged,mrg world ultimus,gurgaon
0.92,126.81,2,2,3,0,99,11,1,0,0,0,0,1,0,2,1,0,1,1,0,1,0,0,0,0,0,super built up,high,mid aged,assotech blith,gurgaon
0.71,120.31,2,2,3,1,79,3,0,0,0,0,0,0,0,0,0,0,0,0,2,0,0,0,0,0,1,super built up,high,new,supertech araville,gurgaon
0.88,126.44,2,2,3,0,103,18,7,0,0,0,0,0,4,0,0,4,0,0,0,0,0,0,0,0,1,super built up,low,new,ansal housing highland park,gurgaon
1.35,140.28,4,3,3,1,106,11,1,0,0,1,0,1,0,2,1,0,1,1,0,1,0,0,0,0,0,carpet,high,old,paras dews,gurgaon
1.25,182.09,3,4,3,0,82,11,0,0,0,1,0,2,0,2,1,0,0,0,0,1,0,0,0,0,0,super built up,high,mid aged,mapsko casa bella,gurgaon
1.05,92.62,2,2,2,0,47,45,7,0,0,0,0,1,2,0,0,0,0,0,0,0,0,0,0,0,1,carpet,low,new,unitech uniworld gardens 2,gurgaon
0.66,121.7,2,2,3,0,37,6,1,0,0,1,0,0,0,2,1,0,0,1,0,0,0,0,0,0,0,built up,high,under construction,ild grand,gurgaon
0.53,101.73,2,2,2,1,70,4,0,0,0,1,0,0,0,1,0,0,0,0,0,0,0,0,0,0,0,super built up,high,mid aged,unitech vistas,gurgaon
0.8,128.21,2,2,3,0,37,15,1,1,0,0,0,1,3,3,0,0,0,0,0,0,1,0,1,0,0,super built up,low,new,ramprastha the edge towers,gurgaon
1.71,132.2,3,2,0,0,89,14,1,0,0,1,0,2,0,2,0,1,1,2,0,1,0,0,0,0,0,built up,low,under construction,smart world gems,gurgaon
0.65,65.03,1,1,0,0,83,10,1,0,0,0,0,0,0,0,0,0,0,0,4,0,0,0,0,0,2,built up,mid,under construction,sapphire eighty three,gurgaon
1.3,185.53,3,3,0,0,99,15,2,0,0,1,2,1,3,4,1,0,0,0,0,1,0,0,0,0,0,built up,high,under construction,pareena coban residences,gurgaon
5.7,128.39,3,3,3,0,54,47,6,0,0,0,1,0,13,0,0,0,4,0,1,0,3,1,0,0,3,built up,low,under construction,dlf the grove,gurgaon
4.0,311.23,4,4,3,0,110,15,1,0,0,1,1,0,0,3,1,1,1,2,0,0,0,0,0,0,0,built up,high,new,indiabulls enigma,gurgaon
2.8,169.83,3,3,0,0,65,9,1,0,0,0,0,1,0,1,1,0,1,0,0,1,0,0,0,0,0,built up,high,under construction,m3m skycity,gurgaon
0.5,55.74,1,1,2,0,56,47,6,0,0,0,1,1,13,0,0,0,4,0,1,0,2,1,0,0,4,carpet,low,under construction,sobha smriti apartments,gurgaon
0.65,76.37,2,2,3,0,33,8,1,0,0,0,0,0,0,2,1,1,1,0,0,0,0,0,0,0,0,built up,low,new,signature global park,sohna
0.75,132.85,2,2,3,0,37,9,1,0,0,1,0,1,0,2,1,1,0,1,0,0,0,0,0,0,0,built up,high,under construction,ild greens,gurgaon
1.4,161.19,3,3,3,0,77,10,1,0,0,1,0,1,0,2,1,0,0,1,0,0,0,0,0,0,0,built up,high,under construction,umang winter hills,gurgaon
1.8,181.16,3,4,3,1,70,15,2,0,0,1,0,2,3,0,0,0,0,0,1,0,0,0,0,0,0,super built up,low,new,shree vardhman victoria,gurgaon
1.2,92.9,2,2,3,0,33,8,1,0,0,1,0,0,0,2,1,0,0,0,0,0,0,0,0,0,0,carpet,low,mid aged,godrej nature plus,sohna
1.05,126.81,2,2,3,0,103,15,1,0,0,1,1,1,0,3,1,1,1,2,0,1,0,0,0,0,0,built up,low,new,indiabulls centrum park,gurgaon
0.66,123.19,3,2,2,0,92,8,4,0,0,0,0,0,0,0,0,0,0,0,4,0,0,0,0,0,0,carpet,high,new,sare crescent parc,gurgaon
1.95,212.75,3,3,3,1,104,13,1,0,0,1,0,2,0,3,1,0,1,1,0,1,0,1,0,0,0,carpet,low,new,ats triumph,gurgaon
0.9,102.47,2,2,2,1,89,14,1,0,0,1,0,2,0,2,0,1,1,2,0,1,0,0,0,0,0,super built up,low,new,smart world gems,gurgaon
0.55,68.84,2,2,2,0,76,6,1,0,0,1,0,1,0,2,1,0,0,0,0,0,0,0,0,0,0,carpet,high,under construction,suncity avenue 76,gurgaon
0.7,146.04,3,3,0,0,92,14,1,0,0,0,0,0,1,1,0,0,0,1,0,0,1,0,0,0,0,built up,mid,under construction,raheja sampada,gurgaon
0.3,52.68,2,2,0,0,33,6,0,0,0,0,0,0,0,0,1,0,0,2,0,0,0,1,0,0,0,built up,high,under construction,gls arawali homes,sohna
1.05,172.15,3,3,3,0,78,7,1,0,0,0,0,0,1,0,0,0,1,0,0,0,0,0,0,0,0,built up,mid,old,umang monsoon breeze,gurgaon
3.5,167.23,3,4,3,1,22,14,1,0,0,1,0,1,0,2,1,1,0,1,0,0,0,0,0,0,0,carpet,high,new,ambience creacions,gurgaon
2.6,197.79,3,3,3,1,85,8,1,0,0,1,0,0,0,2,1,0,0,1,0,0,0,0,0,0,0,built up,high,mid aged,godrej air,gurgaon
0.75,161.09,4,4,3,0,92,8,3,0,0,0,0,0,0,0,0,1,0,0,4,0,0,0,0,0,0,built up,low,new,sare crescent parc royal greens phase 1,gurgaon
0.94,62.34,1,2,2,0,49,15,0,0,0,0,4,0,2,3,0,0,0,0,2,0,0,0,0,0,0,carpet,low,under construction,satya element one,gurgaon
0.7,125.6,2,2,3,1,90,10,1,0,0,1,0,1,0,3,1,0,0,1,0,1,0,0,0,0,0,super built up,high,new,shree vardhman flora,gurgaon
0.7,113.71,2,2,2,0,78,7,1,0,0,0,0,0,1,0,0,0,1,0,0,0,0,0,0,0,0,built up,mid,under construction,umang monsoon breeze,gurgaon
1.2,180.23,3,3,3,1,102,10,5,0,0,0,0,0,0,0,0,4,0,0,0,0,0,0,0,0,0,built up,mid,under construction,ansals highland park,gurgaon
0.8,50.73,2,2,2,1,81,6,0,0,0,1,0,0,0,1,0,0,0,1,0,0,0,0,0,0,0,carpet,mid,mid aged,signature global city 81,gurgaon
1.2,134.15,2,2,3,0,3,11,1,0,0,1,0,1,0,2,1,0,1,1,0,1,0,0,0,0,0,super built up,high,mid aged,godrej habitat,gurgaon
0.25,44.75,2,2,1,1,33,10,0,0,0,0,0,0,5,0,0,0,0,0,0,0,0,0,0,0,2,carpet,high,new,mvn athens,sohna
0.95,139.35,3,3,3,1,90,10,1,0,0,1,0,1,0,3,1,0,0,1,0,1,0,0,0,0,0,carpet,high,new,shree vardhman flora,gurgaon
0.45,91.04,2,2,1,1,95,3,3,0,0,0,0,0,0,0,0,0,0,0,0,0,0,0,0,0,0,super built up,low,new,ramsons kshitij,gurgaon
1.5,153.29,4,3,3,0,9,50,34,0,0,0,0,0,5,1,0,1,0,0,0,0,1,0,0,0,1,carpet,high,new,oriental valley chs,gurgaon
0.26,36.6,1,1,1,0,33,10,1,0,0,1,0,1,0,2,1,0,0,0,0,1,0,0,1,0,0,carpet,mid,new,breez global heights,sohna
2.0,197.42,3,3,0,1,48,45,12,0,0,0,2,3,11,0,0,0,0,0,1,0,1,0,1,0,0,super built up,high,new,parsvnath green ville,gurgaon
0.46,83.61,2,2,1,0,4,48,11,0,0,0,0,0,1,0,0,0,0,0,0,0,2,0,0,0,0,carpet,low,new,shri ram apartments,gurgaon
0.8,158.31,4,4,3,0,92,8,4,0,0,0,0,0,0,0,0,0,0,0,4,0,0,0,0,0,0,carpet,low,old,sare homes,gurgaon
0.78,125.42,2,2,3,1,33,8,1,0,0,1,0,0,0,2,0,0,0,1,0,0,0,0,0,0,0,super built up,high,under construction,silverglades the melia,sohna
0.65,133.82,3,3,3,0,92,8,4,0,0,0,0,0,0,0,0,0,0,0,4,0,0,0,0,0,0,super built up,low,old,sare crescent parc royal greens phase 1,gurgaon
0.52,48.77,1,1,1,0,56,47,5,0,0,0,1,2,13,0,0,0,4,0,1,0,2,1,0,0,4,super built up,low,old,smriti apartment,gurgaon
1.1,115.66,2,2,3,0,68,15,1,0,0,1,0,1,0,2,1,0,1,1,0,1,0,0,1,0,0,super built up,high,new,pareena mi casa,gurgaon
1.08,83.61204013377927,2,2,3,0,33,8,1,0,0,1,0,0,0,2,1,0,0,0,0,0,0,0,0,0,0,carpet,high,mid aged,godrej nature plus,sohna
3.99,287.07,3,5,3,1,22,14,1,0,0,1,0,1,0,2,1,1,0,1,0,0,0,0,0,0,0,super built up,low,new,ambience creacions,gurgaon
1.75,162.58,3,3,3,0,109,11,1,0,0,1,0,0,0,2,1,0,2,1,0,0,0,0,0,1,0,super built up,mid,new,ats tourmaline,gurgaon
0.54,69.68,2,2,2,0,33,8,1,0,0,0,0,0,0,2,1,1,1,0,0,0,0,0,0,0,0,carpet,mid,under construction,signature global park,sohna
2.0,244.33,4,4,2,1,109,8,1,0,0,0,0,1,0,2,1,0,0,0,0,1,0,0,0,0,0,super built up,high,new,chintels paradiso,gurgaon
3.2,258.36,3,4,3,0,22,14,1,0,0,1,0,1,0,2,1,1,0,1,0,0,0,0,0,0,0,super built up,low,new,ambience creacions,gurgaon
1.0,109.63,2,2,2,0,68,24,8,0,0,0,0,2,7,0,0,0,0,0,0,0,1,0,0,0,0,carpet,high,new,supertech hues,gurgaon
3.0,265.7,4,4,3,1,102,15,0,0,0,2,0,1,0,2,1,1,1,1,0,1,0,0,0,1,0,carpet,mid,new,conscient heritage max,gurgaon
0.21,41.81,1,1,1,0,33,10,0,0,0,0,0,0,5,0,0,0,0,0,0,0,0,0,0,0,2,carpet,high,new,mvn athens,sohna
0.82,130.06,2,2,3,1,95,8,3,0,0,0,0,0,0,0,0,1,0,0,4,0,0,0,0,0,0,super built up,high,new,awho shanti vihar,gurgaon
0.95,185.81,4,3,2,0,92,8,4,0,0,0,0,0,0,0,0,0,0,0,4,0,0,0,0,0,0,super built up,high,new,sare homes,gurgaon
0.92,115.66,2,2,3,1,68,15,1,0,0,1,0,1,0,2,1,0,1,1,0,1,0,0,1,0,0,super built up,mid,under construction,pareena mi casa,gurgaon
1.25,246.19,3,3,3,1,1,10,5,0,0,0,0,0,0,0,0,0,0,0,2,0,0,0,0,0,2,carpet,mid,old,deepak minda,manesar
0.78,126.35,2,2,2,0,86,4,1,0,0,1,0,0,0,1,0,0,0,1,0,0,0,0,0,0,0,built up,high,new,ansal heights 86,gurgaon
0.5,54.53,2,1,2,0,99,8,0,0,0,2,0,0,0,2,1,0,1,1,0,0,0,0,0,0,0,carpet,mid,new,pivotal riddhi siddhi,gurgaon
0.95,181.16,4,3,3,0,92,8,4,0,0,0,0,0,0,0,0,0,0,0,4,0,0,0,0,0,0,super built up,high,new,sare homes,gurgaon
2.0,166.2,3,3,3,0,33,15,0,0,0,0,0,2,2,3,0,0,0,0,1,1,0,0,0,0,1,super built up,high,new,central park flower valley aqua front towers,sohna
0.26,65.03,2,1,2,0,3,48,28,0,0,0,0,0,5,0,0,0,0,0,1,0,0,0,0,0,0,super built up,low,new,shyam apartment,gurgaon
0.22,55.74,2,1,1,0,110,26,4,0,0,0,1,0,1,2,0,4,1,0,0,0,1,0,0,0,0,super built up,low,new,city shri ram apartments 1,gurgaon
1.1,117.89,2,2,3,1,104,15,1,0,0,1,0,0,0,2,1,1,1,1,0,1,0,0,0,1,0,super built up,high,under construction,godrej summit,gurgaon
0.2,46.45,1,1,1,1,2,41,7,0,0,0,1,3,8,4,0,1,0,0,0,0,2,0,0,0,1,carpet,low,old,palam vihar extension west zone rwa,gurgaon
0.9,173.73,4,5,3,1,92,8,4,0,0,0,0,0,0,0,0,0,0,0,4,0,0,0,0,0,0,super built up,high,new,sare crescent parc,gurgaon
0.3,52.68,2,2,2,0,33,6,0,0,0,0,0,0,0,0,1,0,0,2,0,0,0,1,0,0,0,super built up,high,new,gls arawali homes,sohna
2.79,172.8,3,3,3,0,22,14,1,0,0,1,0,1,0,2,1,1,0,1,0,0,0,0,0,0,0,super built up,high,new,ambience creacions,gurgaon
0.39,88.26,2,2,2,0,33,10,1,0,0,1,0,1,0,2,1,0,0,0,0,1,0,0,1,0,0,super built up,low,new,breez global heights,sohna
0.95,185.81,4,3,2,0,92,8,4,0,0,0,0,0,0,0,0,0,0,0,4,0,0,0,0,0,0,super built up,high,new,sare homes,gurgaon
1.35,83.61204013377927,2,2,3,0,85,8,1,0,0,1,0,0,0,2,1,0,0,1,0,0,0,0,0,0,0,carpet,high,mid aged,godrej air,gurgaon
0.22,52.95,2,2,1,1,3,45,2,0,0,0,0,0,5,2,0,3,0,0,0,0,3,0,0,0,1,built up,low,new,vidya apartment,gurgaon
1.5,159.79,3,3,3,0,2,8,1,0,0,1,0,0,0,2,1,0,0,0,0,0,0,0,0,0,0,carpet,low,under construction,supertech hill town,sohna
0.67,111.48,2,2,2,0,82,6,2,0,0,0,0,0,0,0,0,0,0,0,2,0,0,0,0,0,0,super built up,low,new,takshila heights sector 37 c,gurgaon
0.95,334.45,2,2,1,1,105,50,34,0,0,0,0,0,1,3,0,0,0,0,2,0,1,0,0,0,0,carpet,low,new,saroop garden,gurgaon
2.0,121.7,2,2,2,0,65,9,1,0,0,0,0,1,0,1,1,0,1,0,0,1,0,0,0,0,0,super built up,high,new,m3m skycity,gurgaon
1.15,163.7,3,3,2,1,71,15,2,1,0,0,0,2,1,0,1,0,0,0,0,1,0,2,0,0,0,super built up,high,old,chd avenue 71,gurgaon
0.55,60.39,1,1,2,0,2,10,1,0,0,1,1,0,0,2,1,1,1,0,0,0,0,0,0,0,0,super built up,mid,old,bestech park view residency,gurgaon
1.5,111.48,2,2,2,1,61,9,1,0,0,1,0,0,0,2,1,1,1,0,0,0,0,0,0,0,0,carpet,low,under construction,smart world orchard,gurgaon
2.35,150.04,3,3,3,0,111,20,2,0,0,0,1,0,0,1,0,0,1,0,0,0,1,0,0,0,0,built up,mid,new,m3m the tree of life,gurgaon
0.38,78.97,2,2,2,0,6,49,28,0,0,0,0,0,1,0,0,0,0,0,0,0,2,0,0,0,0,carpet,low,old,bajrang apartments,gurgaon
1.0,116.13,2,2,2,0,81,15,3,0,0,0,0,0,0,0,0,0,0,0,7,0,0,0,0,0,1,super built up,mid,new,vipul lavanya,gurgaon
1.02,157.94,3,2,3,0,37,10,0,0,0,1,1,1,0,2,1,0,0,2,0,1,0,0,0,0,0,super built up,high,under construction,ramprastha primera,gurgaon
0.72,104.05,3,2,3,0,36,12,1,0,0,2,0,2,0,3,1,0,1,0,0,0,0,0,0,0,0,carpet,low,mid aged,signature global park 4,sohna
0.85,63.64,1,1,1,0,80,15,1,0,0,0,0,0,0,5,0,0,0,0,1,0,0,0,0,0,0,carpet,high,new,elan mercado,gurgaon
1.1,153.29,3,3,3,0,10,49,40,0,0,0,0,0,0,0,0,1,0,0,0,0,0,1,0,0,0,carpet,low,old,sanskriti apartment,gurgaon
1.35,85.01,2,2,2,0,102,13,1,0,0,1,1,0,0,2,1,0,0,1,0,1,0,0,1,0,0,super built up,high,mid aged,shapoorji pallonji joyville gurugram,gurgaon
0.36,37.72,1,1,1,0,36,6,2,0,0,0,0,0,0,0,0,0,0,0,3,0,0,0,0,0,0,super built up,mid,new,avl 36 gurgaon,gurgaon
1.25,139.35,3,2,3,1,82,6,0,0,0,0,0,0,0,2,1,0,0,0,0,0,0,0,0,0,0,carpet,low,new,vatika inxt floors,gurgaon
1.9,176.52,4,3,3,1,70,14,0,0,0,3,1,0,0,0,0,0,0,0,0,0,0,1,0,0,0,carpet,low,new,bptp pedestal,gurgaon
0.64,113.81,2,2,3,0,81,15,3,0,0,0,0,0,0,0,0,0,0,0,7,0,0,0,0,0,1,carpet,high,new,vipul lavanya,gurgaon
2.7,323.49,4,4,3,0,85,13,1,0,0,1,0,1,0,2,1,0,0,1,0,1,0,0,0,1,0,super built up,high,new,ss the leaf,gurgaon
2.1,128.3,2,2,2,0,108,13,1,0,0,0,0,1,0,2,1,0,0,1,0,0,0,0,0,1,0,super built up,low,mid aged,sobha city,gurgaon
2.17,143.91,3,3,3,0,61,35,6,0,0,0,0,3,8,3,0,0,2,0,1,0,2,0,0,0,3,carpet,low,under construction,suposhaa smartworld orchard,gurgaon
1.7,104.05,2,2,2,1,61,9,1,0,0,1,0,0,0,2,1,1,1,0,0,0,0,0,0,0,0,carpet,mid,under construction,smart world orchard,gurgaon
1.65,258.73,3,4,3,0,102,7,4,0,0,0,0,0,0,0,0,1,0,0,0,0,0,0,0,0,0,carpet,mid,under construction,smart world one,gurgaon
1.76,225.75,4,4,3,0,52,43,5,0,0,0,0,0,10,0,0,0,0,0,2,0,3,0,0,0,4,super built up,high,new,ramshanti cooperative society,gurgaon
0.6,98.48,3,3,2,0,12,50,28,0,0,0,0,0,4,3,0,0,0,0,3,0,1,0,0,0,0,carpet,low,new,ss radiance residency,gurgaon
0.6,83.61,2,2,1,0,4,48,4,0,0,0,0,0,1,0,0,0,0,0,0,0,2,0,0,0,0,built up,low,under construction,apna enclave,gurgaon
2.25,241.55,3,3,3,0,37,10,1,0,0,1,0,1,0,1,1,1,0,1,0,0,0,0,1,0,1,super built up,mid,old,bptp amstoria,gurgaon
0.91,125.42,2,2,3,1,33,8,1,0,0,1,0,0,0,2,0,0,0,1,0,0,0,0,0,0,0,super built up,low,new,silverglades the melia,sohna
0.49,69.21,3,2,2,0,104,9,1,0,0,1,0,1,0,2,1,0,0,0,0,1,0,0,0,0,0,super built up,mid,under construction,zara aavaas,gurgaon
0.95,91.97,2,2,1,0,2,24,1,0,0,0,1,0,0,1,0,0,1,0,0,0,1,0,0,0,0,carpet,low,new,rk tower,gurgaon
0.3,54.39,2,2,1,0,33,14,1,0,0,0,0,1,1,1,0,1,0,0,0,1,0,0,1,0,0,carpet,high,new,breez global hill view,sohna
0.37,32.7,1,1,1,0,36,6,2,0,0,0,0,0,0,0,0,0,0,0,3,0,0,0,0,0,0,super built up,low,new,avl 36 gurgaon,gurgaon
0.75,123.1,2,2,3,0,76,4,0,0,0,1,0,0,0,1,0,0,0,1,0,0,0,0,0,0,0,super built up,high,new,corona gracieux,gurgaon
2.6,153.29,3,3,3,0,65,46,13,0,0,0,2,1,10,1,0,0,0,0,0,0,2,0,1,0,0,carpet,low,under construction,emaar mgf emerald floors,gurgaon
1.1,202.16,3,3,3,1,78,7,1,0,0,0,0,0,1,0,0,0,1,0,0,0,0,0,0,0,0,built up,high,old,umang monsoon breeze,gurgaon
1.5,144.0,2,2,2,1,104,13,1,0,0,1,0,3,0,3,1,1,1,1,0,1,0,0,0,0,0,super built up,mid,under construction,puri emerald bay,gurgaon
2.24,143.91,3,3,2,1,61,9,1,0,0,1,0,0,0,2,1,1,1,0,0,0,0,0,0,0,0,super built up,low,new,smart world orchard,gurgaon
1.57,106.84,2,2,2,1,61,9,1,0,0,1,0,0,0,2,1,1,1,0,0,0,0,0,0,0,0,built up,low,new,smart world orchard,gurgaon
7.4,207.08,4,4,3,0,53,9,1,0,0,1,0,0,0,2,0,0,1,0,0,2,0,0,1,0,1,carpet,high,under construction,tulip monsella,gurgaon
0.22,46.45,2,2,1,0,110,14,5,0,0,0,0,0,1,1,0,0,1,0,0,0,1,0,0,0,0,carpet,low,new,my home,gurgaon
0.32,92.9,2,2,1,0,33,14,1,0,0,0,0,1,1,1,0,1,0,0,0,1,0,0,1,0,0,built up,high,new,breez global hill view,sohna
0.74,126.35,2,2,1,1,86,4,1,0,0,1,0,0,0,1,0,0,0,1,0,0,0,0,0,0,0,super built up,high,under construction,ansal heights 86,gurgaon
1.95,117.15,2,2,3,0,65,11,1,0,0,1,0,2,0,2,1,0,1,1,0,1,0,0,0,0,0,super built up,high,under construction,m3m heights,gurgaon
0.6,55.74,1,1,1,0,56,47,5,0,0,0,1,2,13,0,0,0,4,0,1,0,2,1,0,0,4,super built up,low,old,smriti apartment,gurgaon
0.45,88.26,3,2,1,0,105,33,8,0,0,0,0,0,1,1,0,3,0,0,0,0,2,0,0,0,1,carpet,low,new,uphaar homes,gurgaon
0.3,51.38,2,1,2,0,99,15,1,0,0,0,0,0,2,3,0,1,0,1,1,0,1,0,1,1,0,super built up,mid,new,pareena laxmi apartments,gurgaon
1.3,132.2,3,3,2,1,89,14,1,0,0,1,0,2,0,2,0,1,1,2,0,1,0,0,0,0,0,carpet,low,new,smart world gems,gurgaon
2.75,152.36,3,3,2,0,41,48,3,0,0,0,1,0,10,2,0,0,1,0,2,0,0,0,0,0,3,super built up,high,old,unitech the palms,gurgaon
1.7,106.84,2,2,2,0,61,9,1,0,0,1,0,0,0,2,1,1,1,0,0,0,0,0,0,0,0,carpet,mid,under construction,smart world orchard,gurgaon
1.75,83.61204013377927,3,3,3,0,88,14,0,0,0,0,0,0,0,1,0,0,0,0,0,0,0,0,0,0,0,carpet,mid,new,godrej icon,gurgaon
0.67,106.84,2,2,3,0,82,7,1,0,0,1,0,0,0,2,0,0,0,2,0,0,0,0,0,0,0,built up,low,old,vatika independent floors,gurgaon
1.08,182.09,3,3,3,1,76,4,0,0,0,1,0,0,0,1,0,0,0,1,0,0,0,0,0,0,0,super built up,low,new,corona gracieux,gurgaon
0.95,134.71,2,3,3,1,99,7,1,0,0,1,0,0,0,2,1,0,0,1,0,0,0,0,0,0,0,carpet,mid,new,lotus elise,gurgaon
0.56,85.94,2,2,1,0,2,20,3,0,0,0,1,2,5,4,0,0,0,0,0,0,2,0,0,0,1,carpet,high,old,nul,gurgaon
0.85,134.71,2,2,3,1,104,15,1,0,0,1,0,0,0,2,1,1,1,1,0,1,0,0,0,1,0,carpet,high,new,godrej summit,gurgaon
1.25,134.15,2,2,3,0,3,11,1,0,0,1,0,1,0,2,1,0,1,1,0,1,0,0,0,0,0,super built up,high,mid aged,godrej habitat,gurgaon
1.05,180.23,2,2,3,1,33,6,1,0,0,0,0,0,0,2,1,0,0,0,0,0,0,0,0,0,0,super built up,low,new,ashiana mulberry,sohna
0.78,126.35,2,2,1,0,86,4,1,0,0,1,0,0,0,1,0,0,0,1,0,0,0,0,0,0,0,super built up,high,new,ansal heights 86,gurgaon
0.79,100.43,3,2,3,0,33,8,1,0,0,0,0,0,0,2,1,1,1,0,0,0,0,0,0,0,0,super built up,mid,under construction,signature global park,sohna
0.32,51.38,2,2,2,0,99,15,1,0,0,0,0,0,2,3,0,1,0,1,1,0,1,0,1,1,0,super built up,high,new,pareena laxmi apartments,gurgaon
3.78,213.21,3,3,3,0,59,15,1,0,0,1,0,2,0,3,1,1,1,0,0,0,0,0,0,0,0,carpet,low,mid aged,conscient elevate,gurgaon
0.45,53.28,2,2,1,0,86,8,1,0,0,1,0,0,0,2,1,0,0,1,0,0,0,0,0,0,0,carpet,high,under construction,pyramid elite,gurgaon
1.62,83.61204013377927,3,4,3,1,33,8,1,0,0,1,0,0,0,2,1,0,0,0,0,0,0,0,0,0,0,built up,low,new,godrej nature plus,sohna
0.36,88.26,2,2,1,0,4,48,10,0,0,0,0,0,1,0,0,0,0,0,0,0,2,0,0,0,0,carpet,mid,new,shri ram apartments,gurgaon
0.99,150.6,2,2,3,1,78,10,0,0,0,1,0,1,0,2,1,0,0,0,0,0,0,0,0,0,0,super built up,high,under construction,raheja revanta,gurgaon
0.55,104.98,2,2,2,1,95,4,3,0,0,0,0,0,0,0,0,0,0,0,1,0,0,0,0,0,0,carpet,high,new,sidhartha ncr one phase 1,gurgaon
0.6,73.39,2,2,0,0,6,49,19,0,0,0,0,0,1,0,0,0,0,0,0,0,2,0,0,0,0,built up,low,new,divya apartments,gurgaon
0.46,67.63,2,2,2,1,95,14,0,0,0,0,0,0,0,0,1,1,1,2,0,0,0,2,0,0,1,carpet,high,new,rof ananda,gurgaon
1.13,123.19,3,3,2,1,89,14,1,0,0,1,0,2,0,2,0,1,1,2,0,1,0,0,0,0,0,carpet,mid,mid aged,smart world gems,gurgaon
2.1,188.13,3,3,3,1,77,5,0,0,0,0,0,0,0,1,0,0,0,0,0,0,0,0,0,0,0,super built up,high,new,emaar palm heights,gurgaon
0.38,51.02,2,2,1,0,95,14,0,0,0,0,0,0,0,0,1,1,1,2,0,0,0,2,0,0,1,carpet,mid,new,rof ananda,gurgaon
2.1,202.06,4,4,3,1,88,6,1,0,0,1,0,0,0,2,1,0,0,1,0,0,0,0,0,0,0,super built up,high,new,the center court,gurgaon
0.42,69.68,3,2,1,1,105,35,7,0,0,0,0,0,1,2,0,3,0,0,0,0,2,0,0,0,1,carpet,mid,old,uphaar residency 2,gurgaon
1.2,167.23,4,3,2,0,9,50,33,0,0,0,0,0,5,1,0,1,0,0,0,0,0,0,0,0,1,carpet,mid,old,wings apartment,gurgaon
0.28,52.68,2,2,2,0,33,6,0,0,0,0,0,0,0,0,1,0,0,2,0,0,0,1,0,0,0,super built up,low,new,gls arawali homes,sohna
1.0,133.32,2,2,2,1,82,10,1,0,0,1,0,1,0,2,1,0,0,0,0,0,0,0,0,1,0,super built up,high,new,vatika the seven lamps,gurgaon
1.05,178.37,3,3,3,0,37,29,23,0,0,0,0,0,0,0,0,1,0,0,0,0,0,0,0,0,0,super built up,mid,new,piedmont taksila heights,gurgaon
0.45,58.06,2,2,1,0,88,6,1,0,0,1,0,0,0,2,1,0,0,0,0,0,0,0,0,0,0,carpet,low,new,adani aangan arcade,gurgaon
0.85,146.04,3,3,0,0,92,11,1,0,0,0,0,0,2,1,0,0,0,1,0,0,1,0,0,0,0,super built up,high,new,raheja navodaya,gurgaon
1.3,153.01,3,3,3,1,104,15,1,0,0,1,0,0,0,2,1,1,1,1,0,1,0,0,0,1,0,super built up,high,new,godrej summit,gurgaon
0.69,125.42,2,2,2,0,33,45,2,0,0,0,0,0,2,0,0,0,0,0,0,0,0,1,0,0,0,built up,low,under construction,bhemerlei,sohna
0.38,57.97,1,1,1,0,2,15,3,0,0,0,1,2,1,4,0,0,0,0,0,0,2,0,0,0,0,super built up,high,old,valley view estate,gurgaon
1.45,83.61204013377927,2,2,3,1,88,7,1,0,0,0,1,0,0,1,0,0,0,1,0,0,0,0,0,0,0,super built up,high,new,godrej oasis,gurgaon
1.0,188.13,3,5,3,1,37,5,3,0,0,0,0,0,0,0,0,1,0,0,0,0,0,0,0,0,0,super built up,high,under construction,ramprastha skyz,gurgaon
0.7,139.17,2,2,2,0,112,8,2,0,0,0,0,0,1,2,0,1,1,0,0,0,1,0,0,0,0,built up,mid,new,earth copia,gurgaon
0.82,126.81,2,2,3,0,99,4,2,0,0,0,0,0,0,0,0,1,0,0,0,0,0,0,0,0,0,built up,low,under construction,assotech blith,gurgaon
0.8,66.89,1,1,1,0,49,42,10,0,0,0,0,1,2,0,0,0,0,0,0,0,0,0,0,0,0,built up,low,under construction,satya element one,gurgaon
0.6,121.15,2,2,3,1,37,19,14,0,0,0,0,0,0,0,0,1,0,0,0,0,0,0,0,0,0,super built up,mid,under construction,proxima tower,gurgaon
0.27,57.51,2,2,2,0,33,5,0,0,0,0,0,0,0,0,0,0,0,0,0,0,0,0,0,0,1,built up,high,new,hcbs sports ville,sohna
0.8,120.5,2,2,2,0,89,7,0,0,0,0,0,0,0,0,0,1,0,0,3,0,0,0,0,0,1,carpet,mid,under construction,greenopolis,gurgaon
6.5,275.46,3,4,3,1,53,10,1,0,0,1,0,1,0,2,1,0,1,0,0,1,0,0,0,0,0,super built up,high,old,vipul belmonte,gurgaon
0.38,64.1,2,2,1,0,82,47,5,0,0,0,0,0,4,0,0,0,0,0,0,0,0,0,0,0,2,carpet,mid,under construction,green court,gurgaon
2.2,116.87,2,3,3,0,63,12,1,0,0,0,0,0,0,1,1,1,1,1,0,1,0,1,0,0,0,super built up,mid,mid aged,birla navya,gurgaon
1.9,129.88,3,3,3,0,61,13,1,0,0,1,0,1,0,2,1,1,1,0,0,0,0,0,0,0,0,super built up,low,new,smart world orchard,gurgaon
0.55,157.94,2,2,1,0,11,50,33,0,0,0,0,0,2,2,0,0,0,0,2,0,1,1,0,0,0,super built up,low,old,ganga apartment,gurgaon
0.27,53.51,2,2,2,0,33,6,0,0,0,0,0,0,0,0,1,0,0,2,0,0,0,1,0,0,0,super built up,mid,new,gls arawali homes,sohna
0.4,74.32,2,2,2,0,33,46,9,0,0,0,0,0,0,0,0,0,0,0,0,0,0,1,0,0,0,super built up,low,new,shree balaji appartment,gurgaon
0.26,35.3,1,1,1,0,95,14,0,0,0,0,0,0,0,0,1,1,1,2,0,0,0,2,0,0,1,carpet,high,new,rof ananda,gurgaon
1.0,119.38,3,3,2,0,37,4,0,0,0,0,0,0,0,1,0,0,0,1,0,0,0,0,0,0,0,super built up,mid,new,ramprastha the atrium,gurgaon
0.4,46.92,2,2,3,0,33,6,0,0,0,0,0,0,0,0,1,0,1,0,0,0,0,1,0,0,0,carpet,high,under construction,tulsiani easy in homes,sohna
0.95,135.36,2,2,3,1,33,7,1,0,0,0,0,0,0,2,0,0,0,1,0,0,0,0,0,0,0,super built up,high,under construction,eldeco accolade,sohna
1.12,97.55,2,2,1,0,57,44,6,0,0,0,0,0,13,5,0,0,2,0,1,0,2,0,1,0,4,super built up,low,old,ansal harmony homes,gurgaon
0.75,106.37,2,2,2,0,2,4,1,0,0,1,0,0,0,1,0,0,1,1,0,0,0,0,0,0,0,super built up,high,old,mittal cosmos executive apartments,gurgaon
0.35,53.51,2,2,2,0,33,6,0,0,0,0,0,0,0,0,1,0,0,2,0,0,0,1,0,0,0,super built up,high,new,gls arawali homes,sohna
2.08,160.44,3,3,2,1,67,12,0,0,0,1,0,1,0,2,1,0,1,0,0,2,0,0,0,0,0,super built up,mid,under construction,ireo the corridors,gurgaon
0.95,160.72,3,3,2,0,78,7,1,0,0,0,0,0,1,0,0,0,1,0,0,0,0,0,0,0,0,built up,high,new,umang monsoon breeze,gurgaon
0.26,40.04,1,1,1,0,95,14,0,0,0,0,0,0,0,0,1,1,1,2,0,0,0,2,0,0,1,super built up,high,new,rof ananda,gurgaon
0.8,120.77,3,3,1,0,3,48,4,0,0,0,0,0,1,0,0,0,0,0,0,0,2,0,0,0,0,super built up,mid,old,apna enclave,gurgaon
0.74,124.21,3,3,1,1,69,42,12,0,0,0,2,3,11,0,0,0,0,0,0,0,1,0,1,0,0,super built up,high,under construction,unitech sunbreeze,gurgaon
0.22,44.39,1,1,1,0,33,5,0,0,0,0,0,0,0,0,0,0,0,0,0,0,0,0,0,0,1,built up,high,new,hcbs sports ville,sohna
1.5,144.0,3,3,3,1,33,8,1,0,0,1,0,0,0,2,1,0,0,0,0,0,0,0,0,0,0,super built up,mid,under construction,godrej nature plus,sohna
1.0,181.16,4,3,2,0,92,8,4,0,0,0,0,0,0,0,0,0,0,0,4,0,0,0,0,0,0,carpet,low,new,sare crescent parc,gurgaon
2.0,160.44,3,3,2,1,67,12,0,0,0,1,0,1,0,2,1,0,1,0,0,2,0,0,0,0,0,super built up,mid,under construction,ireo the corridors,gurgaon
0.8,104.98,2,2,2,0,21,16,1,0,0,0,1,0,4,0,0,0,0,0,0,0,0,0,0,0,0,carpet,mid,old,mittal surya vihar,gurgaon
1.6,210.15,3,3,3,1,80,10,4,0,0,0,0,0,0,0,0,0,0,0,4,0,0,0,0,0,2,super built up,mid,old,godrej frontier,gurgaon
0.28,37.07,1,1,1,0,33,10,1,0,0,1,0,1,0,2,1,0,0,0,0,1,0,0,1,0,0,carpet,mid,new,breez global heights,sohna
0.25,44.75,2,2,1,0,33,10,0,0,0,0,0,0,5,0,0,0,0,0,0,0,0,0,0,0,2,carpet,low,new,mvn athens,sohna
0.32,63.82,2,2,1,0,99,8,1,0,0,2,0,0,0,1,1,0,0,1,0,0,0,0,0,0,0,super built up,mid,new,prime habitat,gurgaon
0.6,99.96,2,2,2,1,95,4,3,0,0,0,0,0,0,0,0,0,0,0,1,0,0,0,0,0,0,super built up,high,new,sidhartha ncr greens,gurgaon
1.2,102.1,2,2,2,0,104,7,1,0,0,0,1,0,0,1,1,1,1,1,0,0,0,0,0,0,0,super built up,high,mid aged,hero homes,gurgaon
0.94,144.0,3,3,2,0,9,41,24,0,0,0,0,0,5,1,0,1,0,0,0,0,1,0,0,0,1,carpet,mid,old,jammu and kashmir bank employees cghs,gurgaon
1.75,128.21,2,2,2,0,22,14,1,0,0,1,0,1,0,2,1,1,0,1,0,0,0,0,0,0,0,super built up,high,mid aged,ambience creacions,gurgaon
0.9,177.44,3,3,0,0,89,7,0,0,0,0,0,0,0,0,0,1,0,0,3,0,0,0,0,0,1,built up,high,under construction,greenopolis,gurgaon
1.35,185.53,3,5,3,1,99,15,2,0,0,1,2,1,3,4,1,0,0,0,0,1,0,0,0,0,0,super built up,mid,new,pareena coban residences,gurgaon
1.2,171.41,3,4,2,1,1,10,5,0,0,0,0,0,0,0,0,0,0,0,2,0,0,0,0,0,2,super built up,mid,new,dlf express greens,manesar
0.7,133.32,2,3,3,1,37,8,1,0,0,1,1,0,0,2,0,0,0,1,0,0,0,0,0,0,0,super built up,high,under construction,imperia the esfera,gurgaon
1.0,230.4,3,4,0,0,1,14,14,0,0,0,0,0,0,0,0,0,0,0,0,0,0,0,0,0,0,built up,low,new,aditya apartment,manesar
1.4,163.51,3,4,3,1,106,20,9,0,0,0,0,0,1,0,0,0,0,0,0,0,1,0,0,0,0,super built up,high,under construction,paras dews,gurgaon
0.65,131.36,3,3,3,0,92,8,4,0,0,0,0,0,0,0,0,0,0,0,4,0,0,0,0,0,0,carpet,low,old,sare crescent parc,gurgaon
0.87,126.35,2,2,1,1,86,4,1,0,0,1,0,0,0,1,0,0,0,1,0,0,0,0,0,0,0,super built up,high,new,ansal heights 86,gurgaon
1.5,27.87,1,1,0,0,40,47,5,0,0,0,0,0,12,1,0,0,1,0,0,0,0,0,0,0,0,built up,low,under construction,lig flat,gurgaon
0.55,88.26,2,2,2,0,3,48,4,0,0,0,0,0,1,3,0,3,0,0,0,0,2,0,0,0,1,super built up,low,old,apna enclave,gurgaon
0.35,80.55,2,2,1,0,23,45,12,0,0,0,1,3,4,4,0,4,0,0,0,0,2,0,0,0,1,super built up,low,old,shri balaji apartment,gurgaon
1.3,173.26,3,3,3,0,70,7,1,0,0,1,0,1,0,2,1,0,0,0,0,0,0,0,0,0,0,built up,high,under construction,krrish florence estate,gurgaon
2.0,248.05,4,5,3,1,103,18,7,0,0,0,0,0,4,0,0,4,0,0,0,0,0,0,0,0,1,super built up,high,new,ansal housing highland park,gurgaon
1.5,219.16,4,5,3,1,1,10,5,0,0,0,0,0,0,0,0,0,0,0,2,0,0,0,0,0,2,super built up,high,new,dlf express greens,manesar
,153.01,3,3,3,0,104,15,1,0,0,1,0,0,0,2,1,1,1,1,0,1,0,0,0,1,0,super built up,high,new,godrej summit,gurgaon
1.9,191.29,3,3,3,1,68,15,1,0,0,1,0,1,0,2,1,0,1,1,0,1,0,0,1,0,0,carpet,low,under construction,pareena mi casa,gurgaon
0.22,31.59,1,1,1,0,95,3,3,0,0,0,0,0,0,0,0,0,0,0,0,0,0,0,0,0,0,super built up,low,new,ramsons kshitij,gurgaon
0.95,120.77,2,3,2,1,2,25,1,0,0,0,1,0,0,1,0,0,1,0,0,0,1,0,0,0,0,carpet,low,old,ansals duplex flat,gurgaon
0.4,58.16,2,2,1,0,90,15,2,0,0,0,0,0,2,3,0,0,0,0,1,0,0,1,1,0,0,super built up,high,new,green court,gurgaon
0.32,48.22,2,2,2,0,33,5,0,0,0,0,0,0,0,0,0,0,0,0,0,0,0,0,0,0,1,carpet,low,new,hcbs sports ville,sohna
0.45,55.74,1,1,2,0,56,47,5,0,0,0,1,2,13,0,0,0,4,0,1,0,2,1,0,0,4,super built up,low,old,smriti apartment,gurgaon
1.85,184.6,3,3,3,0,68,15,1,0,0,1,0,1,0,2,1,0,1,1,0,1,0,0,1,0,0,super built up,high,under construction,pareena mi casa,gurgaon
0.96,143.81,3,3,3,1,95,4,3,0,0,0,0,0,0,0,0,0,0,0,1,0,0,0,0,0,0,carpet,high,new,sidhartha ncr greens,gurgaon
2.4,232.26,4,4,3,0,65,18,6,0,0,0,0,2,6,0,0,0,0,0,0,0,1,0,0,0,0,built up,low,new,ansals api esencia,gurgaon
0.8,120.31,2,2,3,1,79,3,0,0,0,0,0,0,0,0,0,0,0,0,2,0,0,0,0,0,1,super built up,high,new,supertech araville,gurgaon
1.2,134.34,3,2,3,1,104,15,1,0,0,1,0,0,0,2,1,1,1,1,0,1,0,0,0,1,0,carpet,high,new,godrej summit,gurgaon
0.5,92.9,2,2,2,1,92,8,4,0,0,0,0,0,0,0,0,0,0,0,4,0,0,0,0,0,0,super built up,low,new,sare crescent parc,gurgaon
,538.84,4,5,1,0,2,14,0,0,0,0,0,0,0,3,0,0,0,0,0,0,0,0,0,0,2,built up,high,under construction,krrish provence estate,gurgaon
,218.69,4,4,3,0,95,4,3,0,0,0,0,0,0,0,0,0,0,0,1,0,0,0,0,0,0,super built up,low,under construction,sidhartha ncr one phase 2,gurgaon
0.92,176.05,4,5,3,0,92,8,4,0,0,0,0,0,0,0,0,0,0,0,4,0,0,0,0,0,0,built up,high,old,sare crescent parc,gurgaon
0.5,65.03,2,2,1,0,90,15,2,0,0,0,0,0,2,3,0,0,0,0,1,0,0,1,1,0,0,super built up,high,new,green court,gurgaon
0.78,120.31,2,2,3,0,79,3,0,0,0,0,0,0,0,0,0,0,0,0,2,0,0,0,0,0,1,super built up,high,new,supertech araville,gurgaon
0.5,58.9,2,2,1,0,81,10,1,0,0,1,0,0,0,2,0,0,0,2,0,1,0,0,0,0,0,carpet,high,new,signature global synera,gurgaon
1.3,133.78,3,2,3,1,104,15,1,0,0,1,0,0,0,2,1,1,1,1,0,1,0,0,0,1,0,super built up,high,new,godrej summit,gurgaon
0.27,46.17,2,2,1,0,99,8,1,0,0,2,0,0,0,1,1,0,0,1,0,0,0,0,0,0,0,carpet,mid,new,prime habitat,gurgaon
0.85,165.0,4,4,3,0,82,23,12,0,0,0,0,0,0,4,0,1,0,0,0,0,0,0,0,0,0,super built up,low,old,sare homes,gurgaon
0.9,126.35,2,2,3,1,81,13,0,0,0,0,0,0,0,0,0,0,0,0,8,0,0,0,0,0,3,super built up,high,new,bestech park view ananda,gurgaon
0.4,55.74,2,2,2,0,37,50,34,0,0,0,0,0,1,3,0,0,0,0,2,0,1,0,0,0,0,carpet,mid,new,millenia,gurgaon
0.9,185.81,3,3,1,0,95,4,3,0,0,0,0,0,0,0,0,0,0,0,1,0,0,0,0,0,0,built up,high,new,sidhartha ncr one phase 1,gurgaon
0.39,30.19,1,1,2,0,71,15,1,0,0,0,0,1,2,1,1,0,0,0,1,0,0,0,0,0,0,super built up,low,new,signature andour heights,gurgaon
2.5,171.87,3,2,3,1,43,47,4,0,0,0,2,0,14,2,0,0,1,0,2,0,2,0,0,0,1,super built up,mid,old,sanskriti apartments,gurgaon
0.8,176.52,4,3,2,1,92,8,4,0,0,0,0,0,0,0,0,0,0,0,4,0,0,0,0,0,0,super built up,high,new,sare crescent parc,gurgaon
1.5,130.06,2,2,1,0,74,9,4,0,0,0,0,1,1,0,0,0,0,0,2,0,0,0,0,0,0,carpet,high,new,m3m skywalk,gurgaon
0.82,141.49,3,3,3,0,92,6,4,0,0,0,0,0,0,0,0,0,0,0,2,0,0,0,0,0,0,super built up,high,new,sare homes,gurgaon
1.8,157.94,2,3,3,1,104,13,1,0,0,1,0,3,0,3,1,1,1,1,0,1,0,0,0,0,0,super built up,high,new,puri emerald bay,gurgaon
1.95,212.66,3,4,3,1,79,11,1,0,0,1,0,1,0,2,1,0,0,1,0,0,0,0,0,1,0,super built up,high,new,godrej aria,gurgaon
1.5,160.72,3,3,3,0,103,17,6,0,0,0,0,0,4,0,0,4,0,0,0,0,0,0,0,0,1,super built up,mid,under construction,ansal estella,gurgaon
0.9,115.57,4,2,3,0,28,48,6,0,0,0,0,0,13,0,0,0,3,0,0,0,0,1,0,0,4,carpet,low,old,chanderlok society,gurgaon
0.95,144.0,3,3,2,1,9,41,24,0,0,0,0,0,5,1,0,1,0,0,0,0,1,0,0,0,1,super built up,mid,old,jammu and kashmir bank employees cghs,gurgaon
1.0,167.23,3,3,3,0,37,9,1,0,0,1,0,1,0,2,1,1,0,1,0,0,0,0,0,0,0,super built up,low,under construction,ild greens,gurgaon
0.53,102.19,3,3,2,0,12,50,28,0,0,0,0,0,4,3,0,0,0,0,3,0,1,0,0,0,0,super built up,low,new,ss residency,gurgaon
0.42,92.9,3,2,1,0,105,30,7,0,0,0,0,0,1,0,0,0,0,0,0,0,1,0,0,0,0,carpet,low,new,uphar lakshya homes,gurgaon
1.35,142.14,2,2,3,1,79,3,0,0,0,0,0,0,0,0,0,0,0,0,2,0,0,0,0,0,1,super built up,mid,new,supertech araville,gurgaon
1.5,219.07,3,4,3,1,37,13,0,0,0,1,0,1,0,3,1,1,0,1,0,1,0,0,0,0,0,super built up,high,new,corona optus,gurgaon
1.2,209.03,3,3,2,1,78,7,1,0,0,0,0,0,1,0,0,0,1,0,0,0,0,0,0,0,0,super built up,high,old,umang monsoon breeze,gurgaon
1.5,171.87,3,3,2,0,88,7,1,0,0,0,1,0,0,1,0,0,0,1,0,0,0,0,0,0,0,carpet,low,new,godrej oasis,gurgaon
1.5,125.42,2,2,3,0,79,50,34,0,0,0,0,0,1,3,0,0,0,0,2,0,1,0,0,0,0,carpet,mid,new,"godrej aria , sector 79 , gurgaon",gurgaon
0.9,127.28,3,2,3,0,92,14,1,0,0,0,0,0,1,1,0,0,0,1,0,0,1,0,0,0,0,super built up,high,new,raheja sampada,gurgaon
1.08,194.17,4,4,2,1,92,11,0,0,0,0,0,0,0,4,1,0,1,1,0,0,0,0,0,0,0,super built up,high,new,sare green parc phase 3,gurgaon
0.62,139.17,2,2,2,0,92,11,1,0,0,0,0,0,2,1,0,0,0,1,0,0,1,0,0,0,0,built up,mid,new,raheja navodaya,gurgaon
1.7,185.71,4,4,3,0,68,15,1,0,0,1,0,1,0,2,1,0,1,1,0,1,0,0,1,0,0,super built up,high,new,pareena mi casa,gurgaon
0.4,43.2,1,1,1,0,2,28,2,0,0,0,1,3,2,4,0,1,1,0,0,0,1,0,0,0,0,super built up,mid,old,palam vihar society,gurgaon
0.35,92.9,3,3,1,0,23,47,13,0,0,0,1,3,6,4,0,4,0,0,0,0,2,0,0,0,1,super built up,low,old,krishna appartment,gurgaon
1.25,168.25,3,4,3,1,103,17,6,0,0,0,0,0,4,0,0,4,0,0,0,0,0,0,0,0,1,carpet,high,under construction,spire woods now ananda by alpha corp,gurgaon
1.35,103.03,2,2,2,0,28,45,5,0,0,0,1,0,8,1,0,0,3,0,1,0,2,0,0,0,4,built up,low,old,dlf regency park 1,gurgaon
1.05,176.05,3,3,3,1,86,4,1,0,0,1,0,0,0,1,0,0,0,1,0,0,0,0,0,0,0,super built up,high,under construction,ansal heights 86,gurgaon
3.3,362.79,5,5,3,1,48,45,12,0,0,0,2,3,11,0,0,0,0,0,1,0,1,0,1,0,0,super built up,mid,old,parsvnath green ville,gurgaon
5.8,343.74,3,4,3,1,24,42,4,0,0,0,0,0,8,0,0,0,4,0,0,0,1,0,0,0,2,built up,high,old,ambience lagoon,gurgaon
11.0,290.14,4,6,3,1,54,13,0,0,0,1,0,0,0,3,0,0,1,0,0,0,0,0,0,0,0,super built up,mid,new,dlf the crest,gurgaon
