area_sqm,bhk,bathroom,balcony,addl_room,sector,landmark_count,has_hospital_or_clinic,has_police_stn,has_fire_stn,has_mall,has_market,has_park,has_bank_or_atm,has_institute,has_airport,has_rly_stn,has_metro_stn,has_expy,has_petrol_pump,has_hotel,has_temple_or_church,has_famous_chowk,has_club,has_stadium,has_restro_cafe,area_type,floor_rise,age,society,city,price_cr
83.61,2.0,2.0,1.0,0.0,,50.0,1.0,0.0,0.0,0.0,0.0,0.0,5.0,0.0,0.0,0.0,0.0,0.0,0.0,0.0,0.0,0.0,0.0,0.0,0.0,Carpet,mid,new,maa bhagwati residency,gurgaon,0.765
60.39,2.0,2.0,1.0,0.0,,48.0,0.0,0.0,0.0,0.0,0.0,0.0,1.0,0.0,0.0,0.0,0.0,0.0,0.0,0.0,0.0,0.0,0.0,0.0,0.0,Carpet,low,old,Apna Enclave,gurgaon,0.85
55.28,2.0,2.0,3.0,0.0,,6.0,0.0,0.0,0.0,0.0,0.0,0.0,0.0,0.0,0.0,0.0,0.0,0.0,0.0,0.0,0.0,0.0,0.0,0.0,0.0,Carpet,high,new,Tulsiani Easy in Homes,gurgaon,0.68
111.48,2.0,2.0,2.0,1.0,61.0,9.0,0.0,0.0,0.0,0.0,0.0,0.0,0.0,0.0,0.0,0.0,0.0,0.0,0.0,0.0,0.0,0.0,0.0,0.0,0.0,Carpet,low,mid aged,Smart World Orchard,gurgaon,2.499
124.95,2.0,2.0,3.0,1.0,92.0,11.0,0.0,0.0,0.0,0.0,0.0,0.0,0.0,0.0,0.0,0.0,0.0,0.0,0.0,0.0,0.0,0.0,0.0,0.0,0.0,Super Built up,mid,under construction,Parkwood Westend,gurgaon,1.19
139.35,3.0,3.0,3.0,0.0,,7.0,1.0,0.0,0.0,0.0,0.0,0.0,0.0,0.0,0.0,1.0,0.0,0.0,0.0,0.0,0.0,0.0,0.0,0.0,0.0,Super Built up,mid,new,The Cocoon,gurgaon,3.4
212.75,3.0,4.0,3.0,0.0,104.0,13.0,0.0,0.0,0.0,0.0,0.0,0.0,0.0,0.0,0.0,0.0,0.0,0.0,0.0,0.0,0.0,0.0,0.0,0.0,0.0,Carpet,high,new,ATS Triumph,gurgaon,3.06
125.42,2.0,4.0,3.0,1.0,88.0,7.0,0.0,0.0,0.0,0.0,0.0,0.0,0.0,1.0,0.0,0.0,0.0,0.0,0.0,0.0,0.0,0.0,0.0,0.0,0.0,Built Up,low,under construction,Vatika Xpressions,gurgaon,1.87
261.34,3.0,3.0,2.0,1.0,78.0,10.0,0.0,0.0,0.0,0.0,0.0,0.0,0.0,0.0,0.0,0.0,0.0,0.0,0.0,0.0,0.0,0.0,0.0,0.0,0.0,Built Up,high,mid aged,Raheja Revanta,gurgaon,8.075
99.87,2.0,2.0,2.0,0.0,81.0,6.0,0.0,0.0,0.0,0.0,0.0,0.0,0.0,0.0,0.0,0.0,0.0,0.0,0.0,0.0,0.0,0.0,0.0,0.0,0.0,Carpet,low,mid aged,Signature Global City 81,gurgaon,1.632
48.22,2.0,2.0,1.0,0.0,,5.0,0.0,0.0,0.0,0.0,0.0,0.0,0.0,0.0,0.0,0.0,0.0,0.0,0.0,0.0,0.0,0.0,0.0,0.0,1.0,Carpet,mid,new,HCBS Sports Ville,gurgaon,0.4929999999999999
180.7,3.0,3.0,3.0,0.0,79.0,3.0,0.0,0.0,0.0,0.0,0.0,0.0,0.0,0.0,0.0,0.0,0.0,0.0,0.0,0.0,0.0,0.0,0.0,0.0,0.0,Carpet,mid,new,Supertech Araville,gurgaon,2.295
120.77,2.0,2.0,3.0,1.0,90.0,10.0,0.0,0.0,0.0,0.0,0.0,0.0,0.0,0.0,0.0,0.0,0.0,0.0,0.0,0.0,0.0,0.0,0.0,0.0,0.0,Super Built up,high,new,Shree Vardhman Flora,gurgaon,1.19
217.67,4.0,5.0,3.0,0.0,108.0,13.0,0.0,0.0,0.0,0.0,0.0,0.0,0.0,0.0,0.0,0.0,0.0,0.0,0.0,0.0,0.0,0.0,0.0,0.0,0.0,Built Up,high,under construction,Sobha City,gurgaon,6.715
59.37,1.0,1.0,0.0,0.0,62.0,43.0,1.0,0.0,0.0,0.0,0.0,0.0,7.0,0.0,0.0,0.0,0.0,0.0,0.0,0.0,0.0,0.0,1.0,0.0,0.0,Built Up,low,under construction,Senate Court,gurgaon,1.53
85.01,2.0,2.0,2.0,0.0,102.0,13.0,0.0,0.0,0.0,0.0,0.0,0.0,0.0,0.0,0.0,0.0,0.0,0.0,0.0,0.0,0.0,0.0,0.0,0.0,0.0,Carpet,high,mid aged,Shapoorji Pallonji Joyville Gurugram,gurgaon,1.785
195.1,3.0,3.0,3.0,1.0,33.0,11.0,0.0,0.0,0.0,0.0,0.0,0.0,0.0,0.0,0.0,0.0,0.0,0.0,0.0,0.0,0.0,0.0,0.0,0.0,0.0,Super Built up,high,new,Central Park Flower Valley,gurgaon,3.74
102.47,2.0,2.0,2.0,1.0,89.0,14.0,0.0,0.0,0.0,0.0,0.0,0.0,0.0,0.0,0.0,0.0,0.0,0.0,0.0,0.0,0.0,0.0,0.0,0.0,0.0,Carpet,mid,new,Smart World Gems,gurgaon,1.717
199.74,3.0,4.0,3.0,1.0,79.0,10.0,0.0,0.0,0.0,0.0,0.0,0.0,0.0,0.0,0.0,0.0,0.0,0.0,0.0,0.0,0.0,0.0,0.0,0.0,0.0,Super Built up,high,new,Bestech Altura,gurgaon,3.145
102.47,2.0,3.0,3.0,0.0,89.0,14.0,0.0,0.0,0.0,0.0,0.0,0.0,0.0,0.0,0.0,0.0,0.0,0.0,0.0,0.0,0.0,0.0,0.0,0.0,0.0,Super Built up,mid,mid aged,Smart World Gems,gurgaon,1.462
188.13,3.0,3.0,3.0,1.0,102.0,10.0,0.0,0.0,0.0,0.0,0.0,0.0,0.0,0.0,0.0,0.0,0.0,0.0,0.0,0.0,0.0,0.0,0.0,0.0,0.0,Carpet,high,new,Emaar Imperial Gardens,gurgaon,3.145
205.97,3.0,3.0,3.0,1.0,113.0,8.0,0.0,0.0,0.0,0.0,0.0,0.0,0.0,0.0,0.0,0.0,0.0,0.0,0.0,0.0,0.0,0.0,0.0,0.0,0.0,Super Built up,high,new,La Vida by Tata Housing,gurgaon,4.845
311.69,3.0,4.0,2.0,0.0,65.0,9.0,0.0,0.0,0.0,0.0,0.0,0.0,0.0,0.0,0.0,0.0,0.0,0.0,0.0,0.0,0.0,0.0,0.0,0.0,0.0,Built Up,high,under construction,M3M Golfestate,gurgaon,10.455
267.56,3.0,5.0,3.0,1.0,48.0,15.0,0.0,0.0,0.0,0.0,0.0,0.0,0.0,0.0,0.0,0.0,0.0,0.0,0.0,0.0,0.0,0.0,0.0,0.0,0.0,Carpet,mid,old,Central Park Resort Belgravia Residences,gurgaon,10.625
69.68,2.0,2.0,2.0,0.0,37.0,32.0,0.0,0.0,0.0,0.0,0.0,0.0,0.0,0.0,0.0,1.0,0.0,0.0,0.0,0.0,0.0,0.0,0.0,0.0,0.0,Carpet,mid,new,Apex builders,gurgaon,0.714
98.11,2.0,2.0,0.0,0.0,3.0,48.0,0.0,0.0,0.0,0.0,0.0,0.0,1.0,0.0,0.0,0.0,0.0,0.0,0.0,0.0,0.0,0.0,0.0,0.0,0.0,Built Up,mid,under construction,Godrej Habitat,gurgaon,2.295
55.18,2.0,2.0,2.0,0.0,,16.0,0.0,0.0,0.0,0.0,0.0,0.0,0.0,0.0,0.0,0.0,0.0,0.0,0.0,0.0,0.0,0.0,0.0,0.0,0.0,Carpet,low,new,Ompee K S Residency,gurgaon,2.72
297.29,4.0,4.0,3.0,1.0,43.0,44.0,0.0,0.0,0.0,0.0,0.0,0.0,6.0,0.0,0.0,0.0,2.0,0.0,1.0,0.0,0.0,0.0,0.0,0.0,0.0,Super Built up,high,old,Bhawna CGHS,gurgaon,5.525
58.11,2.0,2.0,1.0,0.0,88.0,6.0,0.0,0.0,0.0,0.0,0.0,0.0,0.0,0.0,0.0,0.0,0.0,0.0,0.0,0.0,0.0,0.0,0.0,0.0,0.0,Carpet,high,new,Adani Aangan Arcade,gurgaon,0.765
120.77,3.0,2.0,2.0,0.0,92.0,49.0,0.0,0.0,0.0,0.0,0.0,0.0,6.0,0.0,0.0,0.0,2.0,0.0,0.0,0.0,0.0,1.0,0.0,0.0,1.0,Built Up,high,under construction,Sare Green Parc,gurgaon,1.4449999999999998
120.77,2.0,2.0,3.0,0.0,90.0,10.0,0.0,0.0,0.0,0.0,0.0,0.0,0.0,0.0,0.0,0.0,0.0,0.0,0.0,0.0,0.0,0.0,0.0,0.0,0.0,Carpet,high,under construction,Shree Vardhman Flora,gurgaon,1.275
109.63,2.0,2.0,3.0,1.0,68.0,24.0,0.0,0.0,0.0,0.0,0.0,0.0,7.0,0.0,0.0,0.0,0.0,0.0,0.0,0.0,0.0,0.0,0.0,0.0,0.0,Super Built up,high,under construction,Supertech Hues,gurgaon,1.394
188.59,3.0,3.0,2.0,1.0,109.0,8.0,0.0,0.0,0.0,0.0,0.0,0.0,0.0,0.0,0.0,0.0,0.0,0.0,0.0,0.0,0.0,0.0,0.0,0.0,0.0,Super Built up,high,old,Chintels Paradiso,gurgaon,3.06
60.85,2.0,2.0,2.0,0.0,,14.0,0.0,0.0,0.0,0.0,0.0,0.0,0.0,0.0,0.0,0.0,0.0,0.0,0.0,0.0,0.0,0.0,0.0,0.0,0.0,Super Built up,mid,new,Breez Global Hill View,gurgaon,0.51
126.81,2.0,2.0,3.0,0.0,37.0,9.0,0.0,0.0,0.0,0.0,0.0,0.0,0.0,0.0,0.0,0.0,0.0,0.0,0.0,0.0,0.0,0.0,0.0,0.0,0.0,Super Built up,low,old,ILD Greens,gurgaon,1.326
122.63,3.0,3.0,2.0,1.0,43.0,45.0,0.0,0.0,0.0,0.0,0.0,0.0,7.0,0.0,0.0,0.0,2.0,0.0,1.0,0.0,0.0,0.0,0.0,0.0,0.0,Carpet,low,old,Ansal Sushant Lok CI,gurgaon,3.4
112.41,2.0,2.0,3.0,0.0,,6.0,0.0,0.0,0.0,0.0,0.0,0.0,0.0,0.0,0.0,0.0,0.0,0.0,0.0,0.0,0.0,0.0,0.0,0.0,0.0,Carpet,high,new,Ashiana Mulberry,gurgaon,1.258
185.99,3.0,3.0,3.0,1.0,106.0,9.0,0.0,0.0,0.0,0.0,0.0,0.0,0.0,0.0,0.0,0.0,1.0,0.0,0.0,0.0,0.0,0.0,0.0,0.0,0.0,Carpet,mid,new,Godrej Meridien,gurgaon,5.44
182.09,4.0,4.0,3.0,1.0,82.0,11.0,0.0,0.0,0.0,0.0,0.0,0.0,0.0,0.0,0.0,0.0,0.0,0.0,0.0,0.0,0.0,0.0,0.0,0.0,0.0,Super Built up,low,new,Mapsko Casa Bella,gurgaon,2.21
65.03,2.0,2.0,2.0,0.0,3.0,46.0,0.0,0.0,0.0,0.0,0.0,0.0,1.0,0.0,0.0,3.0,0.0,0.0,0.0,0.0,0.0,0.0,0.0,0.0,0.0,Carpet,low,new,Pooja Apartment,gurgaon,0.425
112.48,3.0,2.0,3.0,0.0,,8.0,1.0,0.0,0.0,0.0,0.0,0.0,0.0,2.0,0.0,1.0,1.0,0.0,0.0,0.0,0.0,0.0,0.0,0.0,0.0,Built Up,low,new,Signature Global Park,gurgaon,1.615
253.35,4.0,4.0,3.0,1.0,90.0,6.0,0.0,0.0,0.0,0.0,0.0,0.0,0.0,0.0,0.0,0.0,0.0,0.0,0.0,0.0,0.0,0.0,0.0,0.0,0.0,Carpet,high,new,DLF New Town Heights 1,gurgaon,3.383
128.67,2.0,2.0,2.0,0.0,106.0,11.0,0.0,0.0,0.0,0.0,0.0,0.0,0.0,0.0,0.0,0.0,0.0,0.0,0.0,0.0,0.0,0.0,0.0,0.0,0.0,Carpet,mid,new,Paras Dews,gurgaon,1.785
169.92,3.0,3.0,3.0,0.0,85.0,8.0,0.0,0.0,0.0,0.0,0.0,0.0,0.0,0.0,0.0,0.0,0.0,0.0,0.0,0.0,0.0,0.0,0.0,0.0,0.0,Carpet,high,mid aged,Godrej Air,gurgaon,3.111
195.1,3.0,3.0,3.0,1.0,82.0,7.0,0.0,0.0,0.0,0.0,0.0,0.0,0.0,0.0,0.0,0.0,0.0,0.0,0.0,0.0,0.0,0.0,0.0,0.0,0.0,Carpet,high,new,DLF The Primus,gurgaon,3.825
153.29,3.0,3.0,3.0,1.0,65.0,6.0,0.0,0.0,0.0,0.0,0.0,0.0,0.0,0.0,0.0,0.0,0.0,0.0,0.0,0.0,0.0,0.0,0.0,0.0,0.0,Carpet,low,new,Emaar MGF Emerald Floors Premier,gurgaon,4.76
102.19,2.0,2.0,2.0,0.0,4.0,45.0,0.0,0.0,0.0,0.0,0.0,0.0,5.0,0.0,0.0,0.0,3.0,0.0,1.0,0.0,0.0,0.0,0.0,0.0,2.0,Carpet,low,new,DLF Regency Park 1,gurgaon,2.72
142.14,2.0,2.0,3.0,1.0,79.0,3.0,0.0,0.0,0.0,0.0,0.0,0.0,0.0,0.0,0.0,0.0,0.0,0.0,0.0,0.0,0.0,0.0,0.0,0.0,0.0,Carpet,mid,new,Supertech Araville,gurgaon,1.4109999999999998
104.05,3.0,2.0,2.0,0.0,,8.0,1.0,0.0,0.0,0.0,0.0,0.0,0.0,2.0,0.0,1.0,1.0,0.0,0.0,0.0,0.0,0.0,0.0,0.0,0.0,Carpet,low,new,Signature Global Park,gurgaon,1.4109999999999998
116.13,2.0,3.0,2.0,0.0,10.0,49.0,0.0,0.0,0.0,0.0,0.0,0.0,0.0,0.0,0.0,0.0,0.0,0.0,0.0,0.0,0.0,0.0,0.0,0.0,0.0,Carpet,high,new,Maxworth City Residences,gurgaon,1.36
246.29,4.0,4.0,3.0,0.0,1.0,10.0,0.0,0.0,0.0,0.0,0.0,0.0,0.0,0.0,0.0,0.0,0.0,0.0,0.0,0.0,0.0,0.0,0.0,0.0,0.0,Carpet,mid,old,Deepak Minda,gurgaon,2.125
42.74,1.0,1.0,1.0,0.0,,48.0,1.0,0.0,0.0,0.0,0.0,0.0,1.0,0.0,0.0,0.0,0.0,0.0,0.0,0.0,0.0,0.0,0.0,0.0,0.0,Carpet,low,new,Shree Shyam residency,gurgaon,0.391
41.81,1.0,1.0,1.0,0.0,84.0,15.0,0.0,0.0,0.0,0.0,0.0,0.0,0.0,0.0,0.0,0.0,0.0,0.0,0.0,0.0,0.0,0.0,0.0,0.0,0.0,Carpet,high,new,Pivotal Devaan,gurgaon,0.51
145.86,3.0,4.0,1.0,1.0,33.0,13.0,0.0,0.0,0.0,0.0,0.0,0.0,0.0,0.0,0.0,0.0,0.0,0.0,0.0,0.0,0.0,0.0,0.0,0.0,0.0,Super Built up,low,new,Unitech The Residences,gurgaon,2.635
111.3,2.0,2.0,2.0,1.0,71.0,15.0,0.0,0.0,0.0,0.0,0.0,0.0,0.0,0.0,0.0,0.0,0.0,0.0,0.0,0.0,0.0,0.0,0.0,0.0,0.0,Super Built up,high,new,CHD Avenue 71,gurgaon,1.343
83.61,2.0,2.0,2.0,1.0,7.0,50.0,0.0,0.0,0.0,0.0,0.0,0.0,1.0,1.0,0.0,0.0,0.0,0.0,0.0,0.0,0.0,0.0,0.0,0.0,0.0,Super Built up,low,old,"Gokuldham Society, Bahadurgarh",gurgaon,0.85
134.71,2.0,2.0,3.0,1.0,,8.0,0.0,0.0,0.0,0.0,0.0,0.0,0.0,0.0,0.0,0.0,0.0,0.0,0.0,0.0,0.0,0.0,0.0,0.0,0.0,Super Built up,high,mid aged,Silverglades The Melia,gurgaon,1.717
176.24,4.0,5.0,3.0,1.0,92.0,8.0,0.0,0.0,0.0,0.0,0.0,0.0,0.0,0.0,0.0,0.0,0.0,0.0,0.0,0.0,0.0,0.0,0.0,0.0,0.0,Super Built up,mid,old,Sare Crescent Parc Royal Greens Phase 1,gurgaon,1.615
117.06,2.0,2.0,2.0,0.0,77.0,10.0,0.0,0.0,0.0,0.0,0.0,0.0,0.0,0.0,0.0,0.0,0.0,0.0,0.0,0.0,0.0,0.0,0.0,0.0,0.0,Super Built up,low,new,Umang Winter Hills,gurgaon,1.683
160.26,3.0,3.0,3.0,0.0,37.0,5.0,0.0,0.0,0.0,0.0,0.0,0.0,0.0,0.0,0.0,1.0,0.0,0.0,0.0,0.0,0.0,0.0,0.0,0.0,0.0,Super Built up,mid,mid aged,Ramprastha Skyz,gurgaon,1.87
204.39,4.0,4.0,3.0,0.0,67.0,11.0,0.0,0.0,0.0,0.0,0.0,0.0,0.0,0.0,0.0,0.0,0.0,0.0,0.0,0.0,0.0,0.0,0.0,0.0,0.0,Super Built up,low,new,4S Aradhya Homes,gurgaon,3.23
174.19,3.0,3.0,3.0,0.0,37.0,9.0,0.0,0.0,0.0,0.0,0.0,0.0,0.0,0.0,0.0,0.0,0.0,0.0,0.0,0.0,0.0,0.0,0.0,0.0,0.0,Super Built up,mid,under construction,ILD Greens,gurgaon,1.7
209.03,3.0,3.0,3.0,0.0,57.0,5.0,0.0,0.0,0.0,0.0,0.0,0.0,0.0,0.0,0.0,0.0,0.0,0.0,0.0,0.0,0.0,0.0,0.0,0.0,0.0,Super Built up,high,old,BPTP Freedom Park Life,gurgaon,4.25
98.16,2.0,2.0,2.0,0.0,3.0,11.0,0.0,0.0,0.0,0.0,0.0,0.0,0.0,0.0,0.0,0.0,0.0,0.0,0.0,0.0,0.0,0.0,0.0,0.0,0.0,Super Built up,high,mid aged,Godrej Habitat,gurgaon,1.87
52.03,2.0,2.0,2.0,0.0,95.0,3.0,0.0,0.0,0.0,0.0,0.0,0.0,0.0,0.0,0.0,0.0,0.0,0.0,0.0,0.0,0.0,0.0,0.0,0.0,0.0,Super Built up,high,new,Ramsons Kshitij,gurgaon,0.4929999999999999
127.28,3.0,2.0,3.0,0.0,92.0,14.0,1.0,0.0,0.0,0.0,0.0,0.0,0.0,1.0,0.0,0.0,0.0,1.0,0.0,0.0,0.0,0.0,0.0,0.0,0.0,Super Built up,mid,new,Raheja Sampada,gurgaon,1.105
49.38,2.0,2.0,2.0,0.0,,7.0,0.0,0.0,0.0,0.0,0.0,0.0,0.0,0.0,0.0,0.0,0.0,0.0,0.0,0.0,0.0,0.0,0.0,0.0,0.0,Carpet,mid,new,Signature The Serenas,gurgaon,0.85
53.42,2.0,2.0,1.0,0.0,99.0,15.0,0.0,0.0,0.0,0.0,0.0,0.0,0.0,0.0,0.0,0.0,0.0,0.0,0.0,0.0,0.0,0.0,0.0,0.0,0.0,Super Built up,low,new,Pareena Laxmi Apartments,gurgaon,0.544
134.9,2.0,3.0,3.0,1.0,103.0,15.0,0.0,0.0,0.0,0.0,0.0,0.0,0.0,0.0,0.0,0.0,0.0,0.0,0.0,0.0,0.0,0.0,0.0,0.0,0.0,Carpet,low,new,Satya The Hermitage,gurgaon,1.581
132.2,3.0,3.0,2.0,0.0,89.0,14.0,0.0,0.0,0.0,0.0,0.0,0.0,0.0,0.0,0.0,0.0,0.0,0.0,0.0,0.0,0.0,0.0,0.0,0.0,0.0,Carpet,low,old,Smart World Gems,gurgaon,2.04
59.46,2.0,2.0,2.0,0.0,,6.0,0.0,0.0,0.0,0.0,0.0,0.0,0.0,0.0,0.0,0.0,0.0,0.0,0.0,0.0,0.0,0.0,0.0,0.0,0.0,Carpet,mid,new,GLS Arawali Homes,gurgaon,0.51
76.37,2.0,2.0,3.0,0.0,,8.0,1.0,0.0,0.0,0.0,0.0,0.0,0.0,2.0,0.0,1.0,1.0,0.0,0.0,0.0,0.0,0.0,0.0,0.0,0.0,Carpet,low,new,Signature Global Park,gurgaon,0.952
200.58,3.0,4.0,3.0,0.0,49.0,15.0,0.0,0.0,0.0,0.0,0.0,0.0,0.0,0.0,0.0,0.0,0.0,0.0,0.0,0.0,0.0,0.0,0.0,0.0,0.0,Super Built up,mid,old,Bestech Park View City 2,gurgaon,4.59
181.16,3.0,4.0,3.0,1.0,90.0,10.0,0.0,0.0,0.0,0.0,0.0,0.0,0.0,0.0,0.0,0.0,0.0,0.0,0.0,0.0,0.0,0.0,0.0,0.0,0.0,Super Built up,high,new,Shree Vardhman Flora,gurgaon,1.7
120.77,3.0,2.0,2.0,0.0,30.0,49.0,0.0,0.0,0.0,0.0,0.0,0.0,12.0,0.0,0.0,0.0,0.0,0.0,0.0,0.0,0.0,0.0,0.0,0.0,2.0,Built Up,low,old,AFNHB Jalvayu Vihar,gurgaon,2.465
132.2,3.0,3.0,0.0,0.0,89.0,9.0,0.0,0.0,0.0,0.0,0.0,0.0,0.0,0.0,0.0,0.0,0.0,0.0,0.0,0.0,0.0,0.0,0.0,0.0,0.0,Built Up,mid,under construction,M3M Soulitude,gurgaon,2.125
5401.48,2.0,2.0,1.0,0.0,86.0,8.0,0.0,0.0,0.0,0.0,0.0,0.0,0.0,0.0,0.0,0.0,0.0,0.0,0.0,0.0,0.0,0.0,0.0,0.0,0.0,Carpet,high,under construction,Pyramid Elite,gurgaon,0.782
34.095,5.0,5.0,3.0,1.0,66.0,5.0,0.0,0.0,0.0,0.0,0.0,0.0,0.0,0.0,0.0,0.0,0.0,0.0,0.0,0.0,0.0,0.0,0.0,0.0,0.0,Super Built up,high,new,Emaar MGF Palm Terraces,gurgaon,7.649999999999999
92.9,2.0,2.0,1.0,0.0,15.0,48.0,0.0,0.0,0.0,0.0,0.0,0.0,3.0,0.0,0.0,0.0,0.0,0.0,0.0,0.0,0.0,0.0,0.0,0.0,0.0,Super Built up,low,new,Anamika Enclave,gurgaon,1.088
69.03,2.0,2.0,1.0,0.0,,5.0,0.0,0.0,0.0,0.0,0.0,0.0,0.0,0.0,0.0,0.0,0.0,0.0,0.0,0.0,0.0,0.0,0.0,0.0,1.0,Built Up,high,new,HCBS Sports Ville,gurgaon,0.476
209.03,3.0,4.0,3.0,1.0,61.0,8.0,0.0,0.0,0.0,0.0,0.0,0.0,0.0,0.0,0.0,0.0,0.0,0.0,0.0,0.0,0.0,0.0,0.0,0.0,0.0,Super Built up,high,under construction,Puri The Aravallis,gurgaon,6.579
202.25,3.0,3.0,1.0,0.0,109.0,10.0,0.0,0.0,0.0,0.0,0.0,0.0,0.0,0.0,0.0,4.0,0.0,0.0,0.0,0.0,0.0,0.0,0.0,0.0,0.0,Carpet,mid,old,Brisk Lumbini Terrace Homes,gurgaon,2.346
60.39,2.0,2.0,1.0,0.0,,48.0,1.0,0.0,0.0,0.0,0.0,0.0,1.0,0.0,0.0,0.0,0.0,0.0,0.0,0.0,0.0,0.0,0.0,0.0,0.0,Carpet,low,new,HUDA Ashok Vihar Phase 1,gurgaon,0.731
83.61,2.0,1.0,1.0,1.0,,30.0,0.0,0.0,0.0,0.0,0.0,0.0,1.0,0.0,0.0,4.0,0.0,0.0,0.0,0.0,0.0,0.0,0.0,0.0,0.0,Carpet,low,new,My Home,gurgaon,0.476
103.87,2.0,2.0,2.0,0.0,37.0,10.0,0.0,0.0,0.0,0.0,0.0,0.0,0.0,0.0,0.0,0.0,0.0,0.0,0.0,0.0,0.0,0.0,0.0,0.0,0.0,Carpet,mid,under construction,Signature Global City,gurgaon,1.87
133.13,2.0,2.0,2.0,0.0,65.0,11.0,0.0,0.0,0.0,0.0,0.0,0.0,0.0,0.0,0.0,0.0,0.0,0.0,0.0,0.0,0.0,0.0,0.0,0.0,0.0,Built Up,high,under construction,M3M Heights,gurgaon,3.4
104.05,3.0,2.0,2.0,0.0,,8.0,1.0,0.0,0.0,0.0,0.0,0.0,0.0,2.0,0.0,1.0,1.0,0.0,0.0,0.0,0.0,0.0,0.0,0.0,0.0,Super Built up,low,mid aged,Signature Global Park,gurgaon,1.53
104.05,3.0,2.0,0.0,0.0,,8.0,1.0,0.0,0.0,0.0,0.0,0.0,0.0,2.0,0.0,1.0,1.0,0.0,0.0,0.0,0.0,0.0,0.0,0.0,0.0,Built Up,low,mid aged,Signature Global Park,gurgaon,1.53
185.43,3.0,3.0,0.0,0.0,33.0,8.0,0.0,0.0,0.0,0.0,0.0,0.0,0.0,0.0,0.0,0.0,0.0,0.0,0.0,0.0,0.0,0.0,0.0,0.0,0.0,Built Up,low,under construction,Godrej Nature Plus,gurgaon,2.975
253.35,4.0,4.0,3.0,0.0,90.0,6.0,0.0,0.0,0.0,0.0,0.0,0.0,0.0,0.0,0.0,0.0,0.0,0.0,0.0,0.0,0.0,0.0,0.0,0.0,0.0,Super Built up,high,old,DLF New Town Heights 1,gurgaon,3.06
166.2,3.0,3.0,2.0,0.0,33.0,15.0,0.0,0.0,0.0,0.0,0.0,0.0,0.0,0.0,0.0,0.0,0.0,0.0,1.0,0.0,0.0,0.0,0.0,0.0,0.0,Super Built up,mid,under construction,Central Park Flower Valley Aqua Front Towers,gurgaon,3.57
128.21,2.0,2.0,2.0,0.0,22.0,14.0,0.0,0.0,0.0,0.0,0.0,0.0,0.0,0.0,0.0,0.0,0.0,0.0,0.0,0.0,0.0,0.0,0.0,0.0,0.0,Carpet,high,new,Ambience Creacions,gurgaon,3.4
143.07,3.0,3.0,2.0,0.0,63.0,13.0,0.0,0.0,0.0,0.0,0.0,0.0,0.0,0.0,0.0,0.0,0.0,0.0,0.0,0.0,0.0,0.0,0.0,0.0,0.0,Built Up,low,mid aged,Signature Global City 63A,gurgaon,3.4
151.34,3.0,3.0,3.0,1.0,88.0,7.0,0.0,0.0,0.0,0.0,1.0,0.0,0.0,0.0,0.0,0.0,0.0,1.0,0.0,0.0,0.0,0.0,0.0,0.0,0.0,Super Built up,mid,new,Godrej Oasis,gurgaon,2.193
169.83,3.0,3.0,3.0,0.0,65.0,9.0,0.0,0.0,0.0,0.0,0.0,0.0,0.0,0.0,0.0,0.0,0.0,0.0,0.0,0.0,0.0,0.0,0.0,0.0,0.0,Super Built up,high,mid aged,M3M Skycity,gurgaon,4.845
181.16,3.0,3.0,3.0,0.0,79.0,3.0,0.0,0.0,0.0,0.0,0.0,0.0,0.0,0.0,0.0,0.0,0.0,0.0,0.0,0.0,0.0,0.0,0.0,0.0,0.0,Carpet,low,new,Supertech Araville,gurgaon,1.87
111.48,2.0,2.0,2.0,1.0,61.0,9.0,0.0,0.0,0.0,0.0,0.0,0.0,0.0,0.0,0.0,0.0,0.0,0.0,0.0,0.0,0.0,0.0,0.0,0.0,0.0,Carpet,low,mid aged,Smart World Orchard,gurgaon,2.805
30.1,1.0,1.0,2.0,0.0,,5.0,0.0,0.0,0.0,0.0,0.0,0.0,0.0,0.0,0.0,0.0,0.0,0.0,0.0,0.0,0.0,0.0,0.0,0.0,1.0,Carpet,low,new,HCBS Sports Ville,gurgaon,0.408
185.81,3.0,4.0,3.0,1.0,77.0,6.0,0.0,0.0,0.0,0.0,0.0,0.0,0.0,0.0,0.0,0.0,0.0,0.0,0.0,0.0,0.0,0.0,0.0,0.0,0.0,Super Built up,high,new,Emaar Palm Premier,gurgaon,3.57
179.21,3.0,3.0,3.0,1.0,33.0,8.0,0.0,0.0,0.0,0.0,0.0,0.0,0.0,0.0,0.0,0.0,0.0,0.0,0.0,0.0,0.0,0.0,0.0,0.0,0.0,Carpet,high,old,Godrej Nature Plus,gurgaon,3.23
83.61204013377927,2.0,2.0,3.0,0.0,79.0,11.0,0.0,0.0,0.0,0.0,0.0,0.0,0.0,0.0,0.0,0.0,0.0,0.0,0.0,0.0,0.0,0.0,0.0,0.0,0.0,Super Built up,high,new,Godrej Aria,gurgaon,1.87
65.03,2.0,2.0,1.0,1.0,95.0,3.0,0.0,0.0,0.0,0.0,0.0,0.0,0.0,0.0,0.0,0.0,0.0,0.0,0.0,0.0,0.0,0.0,0.0,0.0,0.0,Super Built up,high,new,Ramsons Kshitij,gurgaon,0.544
89.65,1.0,1.0,2.0,0.0,109.0,22.0,0.0,0.0,0.0,0.0,0.0,0.0,0.0,0.0,0.0,4.0,0.0,0.0,0.0,0.0,0.0,0.0,0.0,0.0,0.0,Built Up,high,under construction,Conscient One,gurgaon,2.89
48.68,2.0,2.0,2.0,0.0,99.0,15.0,0.0,0.0,0.0,0.0,0.0,0.0,0.0,0.0,0.0,0.0,0.0,0.0,0.0,0.0,0.0,0.0,0.0,0.0,0.0,Super Built up,low,new,Pareena Laxmi Apartments,gurgaon,0.544
54.01,2.0,2.0,1.0,0.0,86.0,8.0,0.0,0.0,0.0,0.0,0.0,0.0,0.0,0.0,0.0,0.0,0.0,0.0,0.0,0.0,0.0,0.0,0.0,0.0,0.0,Carpet,mid,mid aged,Pyramid Elite,gurgaon,0.765
111.28,1.0,2.0,2.0,0.0,78.0,10.0,0.0,0.0,0.0,0.0,0.0,0.0,0.0,0.0,0.0,0.0,0.0,0.0,0.0,0.0,0.0,0.0,0.0,0.0,0.0,Super Built up,high,under construction,Raheja Revanta,gurgaon,2.04
121.7,2.0,2.0,2.0,0.0,65.0,9.0,0.0,0.0,0.0,0.0,0.0,0.0,0.0,0.0,0.0,0.0,0.0,0.0,0.0,0.0,0.0,0.0,0.0,0.0,0.0,Super Built up,high,old,M3M Skycity,gurgaon,3.57
52884.41,2.0,2.0,2.0,0.0,95.0,12.0,0.0,0.0,0.0,0.0,0.0,0.0,0.0,0.0,0.0,0.0,0.0,0.0,0.0,0.0,0.0,0.0,0.0,0.0,0.0,Carpet,low,new,Signature The Roselia,gurgaon,0.765
0.6968000000000001,2.0,2.0,1.0,0.0,,48.0,1.0,0.0,0.0,0.0,0.0,0.0,1.0,0.0,0.0,0.0,0.0,0.0,0.0,0.0,0.0,0.0,0.0,0.0,0.0,Carpet,low,new,Not Applicable,gurgaon,0.714
144.65,3.0,2.0,3.0,0.0,33.0,8.0,0.0,0.0,0.0,0.0,0.0,0.0,0.0,0.0,0.0,0.0,0.0,0.0,0.0,0.0,0.0,0.0,0.0,0.0,0.0,Carpet,high,old,Godrej Nature Plus,gurgaon,2.635
133.78,3.0,3.0,2.0,0.0,,12.0,0.0,0.0,0.0,0.0,0.0,0.0,0.0,1.0,0.0,0.0,0.0,0.0,0.0,0.0,0.0,0.0,0.0,0.0,0.0,Super Built up,low,mid aged,Ramprastha City,gurgaon,2.21
241.27,4.0,4.0,3.0,1.0,113.0,17.0,0.0,0.0,0.0,0.0,0.0,0.0,0.0,1.0,0.0,2.0,0.0,0.0,0.0,0.0,0.0,0.0,0.0,0.0,0.0,Carpet,high,new,Smartworld 1DXP,gurgaon,4.675
180.23,3.0,3.0,3.0,1.0,103.0,18.0,1.0,0.0,0.0,0.0,0.0,0.0,4.0,0.0,0.0,4.0,0.0,0.0,0.0,0.0,0.0,0.0,0.0,0.0,0.0,Super Built up,low,new,Ansal Housing Highland Park,gurgaon,2.125
52.68,3.0,2.0,2.0,0.0,63.0,8.0,0.0,0.0,0.0,0.0,0.0,0.0,0.0,0.0,0.0,0.0,0.0,0.0,0.0,0.0,0.0,0.0,0.0,0.0,0.0,Carpet,high,under construction,Czar Mahira Homes 63A,gurgaon,0.714
57.88,2.0,2.0,1.0,0.0,,10.0,0.0,0.0,0.0,0.0,0.0,0.0,0.0,0.0,0.0,0.0,0.0,0.0,0.0,0.0,0.0,0.0,0.0,0.0,0.0,Super Built up,mid,new,Breez Global Heights,gurgaon,0.68
58.44,2.0,2.0,1.0,0.0,,13.0,0.0,0.0,0.0,0.0,0.0,0.0,0.0,0.0,0.0,0.0,0.0,0.0,0.0,0.0,0.0,0.0,0.0,0.0,0.0,Carpet,mid,new,Trisara Our Homes 3,gurgaon,0.5780000000000001
132.2,3.0,3.0,3.0,1.0,89.0,9.0,0.0,0.0,0.0,0.0,0.0,0.0,0.0,0.0,0.0,0.0,0.0,0.0,0.0,0.0,0.0,0.0,0.0,0.0,0.0,Super Built up,low,old,M3M Soulitude,gurgaon,2.125
134.71,3.0,3.0,3.0,0.0,77.0,10.0,0.0,0.0,0.0,0.0,0.0,0.0,0.0,0.0,0.0,0.0,0.0,0.0,0.0,0.0,0.0,0.0,0.0,0.0,0.0,Super Built up,mid,new,Emaar MGF Palm Hills,gurgaon,2.55
130.06,3.0,3.0,2.0,0.0,,12.0,0.0,0.0,0.0,0.0,0.0,0.0,0.0,1.0,0.0,0.0,0.0,0.0,0.0,0.0,0.0,0.0,0.0,0.0,0.0,Super Built up,low,mid aged,Ramprastha City,gurgaon,2.21
185.81,3.0,3.0,3.0,0.0,99.0,15.0,0.0,0.0,0.0,0.0,0.0,0.0,0.0,0.0,0.0,0.0,0.0,0.0,0.0,0.0,0.0,0.0,0.0,0.0,0.0,Super Built up,mid,mid aged,Pareena Coban Residences,gurgaon,2.72
118.54,2.0,2.0,2.0,0.0,113.0,8.0,0.0,0.0,0.0,0.0,0.0,0.0,0.0,0.0,0.0,0.0,0.0,0.0,0.0,0.0,0.0,0.0,0.0,0.0,0.0,Carpet,high,new,La Vida by Tata Housing,gurgaon,2.55
118.54,2.0,2.0,2.0,0.0,113.0,8.0,0.0,0.0,0.0,0.0,0.0,0.0,0.0,0.0,0.0,0.0,0.0,0.0,0.0,0.0,0.0,0.0,0.0,0.0,0.0,Super Built up,high,new,La Vida by Tata Housing,gurgaon,2.55
116.96,2.0,2.0,0.0,0.0,104.0,46.0,1.0,0.0,0.0,0.0,0.0,0.0,1.0,0.0,0.0,0.0,0.0,0.0,0.0,0.0,0.0,0.0,0.0,0.0,0.0,Built Up,high,under construction,Godrej Summit Premia Towers,gurgaon,1.53
152.36,4.0,4.0,3.0,0.0,52.0,44.0,0.0,0.0,0.0,0.0,0.0,0.0,6.0,0.0,0.0,0.0,0.0,0.0,1.0,0.0,0.0,0.0,0.0,0.0,0.0,Super Built up,low,old,Ardee City,gurgaon,2.55
56.67,1.0,1.0,0.0,0.0,67.0,7.0,0.0,0.0,0.0,0.0,0.0,0.0,0.0,0.0,0.0,0.0,0.0,0.0,0.0,0.0,0.0,0.0,0.0,0.0,0.0,Built Up,low,under construction,M3M One Key Resiments,gurgaon,1.36
157.01,3.0,2.0,1.0,0.0,86.0,4.0,0.0,0.0,0.0,0.0,0.0,0.0,0.0,0.0,0.0,0.0,0.0,0.0,0.0,0.0,0.0,0.0,0.0,0.0,0.0,Super Built up,high,new,Ansal Heights 86,gurgaon,2.125
44.76,2.0,2.0,1.0,0.0,,10.0,0.0,0.0,0.0,0.0,0.0,0.0,3.0,0.0,0.0,0.0,0.0,0.0,0.0,0.0,0.0,0.0,0.0,0.0,0.0,Carpet,low,new,MVN Athens,gurgaon,0.442
49.33,2.0,2.0,1.0,0.0,,7.0,0.0,0.0,0.0,0.0,0.0,0.0,0.0,0.0,0.0,0.0,0.0,0.0,0.0,0.0,0.0,0.0,0.0,0.0,0.0,Carpet,high,new,Signature The Serenas,gurgaon,0.714
179.77,3.0,3.0,2.0,0.0,1.0,45.0,0.0,0.0,0.0,0.0,0.0,0.0,5.0,0.0,0.0,0.0,2.0,0.0,1.0,0.0,0.0,0.0,0.0,0.0,2.0,Super Built up,low,new,Sushant Lok 1 Builder Floors,gurgaon,4.25
181.16,3.0,3.0,2.0,1.0,78.0,7.0,0.0,0.0,0.0,0.0,0.0,0.0,0.0,0.0,0.0,0.0,0.0,0.0,0.0,0.0,0.0,0.0,0.0,0.0,0.0,Super Built up,low,old,Umang Monsoon Breeze,gurgaon,1.53
54.91,2.0,2.0,1.0,1.0,92.0,4.0,0.0,0.0,0.0,0.0,0.0,0.0,0.0,0.0,0.0,0.0,0.0,0.0,0.0,0.0,0.0,0.0,0.0,0.0,0.0,Carpet,mid,new,GLS Avenue 51,gurgaon,0.714
50.73,2.0,2.0,1.0,0.0,107.0,10.0,0.0,0.0,0.0,0.0,0.0,0.0,0.0,0.0,0.0,0.0,0.0,0.0,0.0,0.0,0.0,0.0,0.0,0.0,0.0,Super Built up,high,new,Signature Global Solera,gurgaon,0.85
142.14,2.0,2.0,3.0,1.0,79.0,3.0,0.0,0.0,0.0,0.0,0.0,0.0,0.0,0.0,0.0,0.0,0.0,0.0,0.0,0.0,0.0,0.0,0.0,0.0,0.0,Super Built up,mid,new,Supertech Araville,gurgaon,1.53
177.44,3.0,3.0,3.0,1.0,89.0,7.0,0.0,0.0,0.0,0.0,0.0,0.0,0.0,0.0,0.0,1.0,0.0,0.0,0.0,0.0,0.0,0.0,0.0,0.0,0.0,Carpet,low,new,Greenopolis,gurgaon,2.21
166.2,3.0,3.0,3.0,0.0,33.0,15.0,0.0,0.0,0.0,0.0,0.0,0.0,0.0,0.0,0.0,0.0,0.0,0.0,1.0,0.0,0.0,0.0,0.0,0.0,0.0,Super Built up,high,under construction,Central Park Flower Valley Aqua Front Towers,gurgaon,2.89
189.52,4.0,3.0,0.0,0.0,92.0,8.0,0.0,0.0,0.0,0.0,0.0,0.0,0.0,0.0,0.0,0.0,0.0,0.0,0.0,0.0,0.0,0.0,0.0,0.0,0.0,Built Up,high,mid aged,Sare Homes,gurgaon,2.125
404.13,4.0,4.0,3.0,1.0,82.0,9.0,0.0,0.0,0.0,0.0,0.0,0.0,0.0,0.0,0.0,0.0,0.0,0.0,0.0,0.0,0.0,0.0,0.0,0.0,0.0,Super Built up,mid,under construction,Vatika Sovereign Next Sector-82 A Gurgaon,gurgaon,4.947
232.26,3.0,4.0,2.0,1.0,12.0,50.0,0.0,0.0,0.0,0.0,0.0,0.0,3.0,1.0,0.0,0.0,0.0,0.0,0.0,0.0,0.0,0.0,0.0,0.0,0.0,Super Built up,low,old,Bhagwati sadan,gurgaon,1.955
89.0,3.0,3.0,3.0,1.0,89.0,14.0,0.0,0.0,0.0,0.0,0.0,0.0,0.0,0.0,0.0,0.0,0.0,0.0,0.0,0.0,0.0,0.0,0.0,0.0,0.0,Carpet,low,mid aged,Smart World Gems,gurgaon,2.04
113.81,2.0,2.0,3.0,0.0,,45.0,0.0,0.0,0.0,0.0,0.0,0.0,1.0,0.0,0.0,0.0,0.0,0.0,0.0,0.0,0.0,0.0,0.0,0.0,0.0,Carpet,high,new,micasa sec 68,gurgaon,2.55
162.67,3.0,3.0,3.0,0.0,,7.0,0.0,0.0,0.0,0.0,0.0,0.0,0.0,0.0,0.0,0.0,0.0,0.0,0.0,0.0,0.0,0.0,0.0,0.0,0.0,Super Built up,high,new,Eldeco Accolade,gurgaon,2.21
156.91,3.0,3.0,3.0,0.0,104.0,7.0,0.0,0.0,0.0,0.0,0.0,0.0,0.0,0.0,0.0,0.0,0.0,0.0,0.0,0.0,0.0,0.0,0.0,0.0,0.0,Super Built up,low,mid aged,Hero Homes,gurgaon,2.975
65.03,2.0,2.0,1.0,1.0,2.0,48.0,0.0,0.0,0.0,0.0,0.0,0.0,0.0,0.0,0.0,0.0,0.0,0.0,0.0,0.0,0.0,0.0,0.0,0.0,0.0,Carpet,mid,new,Shyam Sadan,gurgaon,0.935
169.83,3.0,3.0,3.0,0.0,65.0,11.0,0.0,0.0,0.0,0.0,0.0,0.0,0.0,0.0,0.0,0.0,0.0,0.0,0.0,0.0,0.0,0.0,0.0,0.0,0.0,Super Built up,high,mid aged,M3M Heights,gurgaon,4.25
75.25,2.0,2.0,1.0,0.0,,48.0,0.0,0.0,0.0,0.0,0.0,0.0,0.0,0.0,0.0,0.0,0.0,0.0,0.0,0.0,0.0,0.0,0.0,0.0,0.0,Super Built up,low,old,hanumanta apartment,gurgaon,0.731
92.9,3.0,3.0,2.0,0.0,,15.0,0.0,0.0,0.0,0.0,0.0,0.0,0.0,0.0,0.0,1.0,0.0,0.0,0.0,0.0,0.0,0.0,0.0,0.0,0.0,Super Built up,high,new,ashiyara 2,gurgaon,0.765
203.55,4.0,3.0,3.0,0.0,37.0,11.0,0.0,0.0,0.0,0.0,0.0,0.0,0.0,0.0,0.0,0.0,0.0,0.0,0.0,0.0,0.0,0.0,0.0,0.0,0.0,Super Built up,mid,mid aged,BPTP Terra,gurgaon,3.315
58.16,2.0,2.0,1.0,0.0,90.0,15.0,0.0,0.0,0.0,0.0,0.0,0.0,0.0,1.0,0.0,0.0,0.0,0.0,0.0,0.0,0.0,0.0,0.0,0.0,0.0,Carpet,low,new,Green Court,gurgaon,0.765
145.86,3.0,2.0,3.0,0.0,79.0,3.0,0.0,0.0,0.0,0.0,0.0,0.0,0.0,0.0,0.0,0.0,0.0,0.0,0.0,0.0,0.0,0.0,0.0,0.0,0.0,Built Up,high,under construction,M3M Golf Hills Phase 1,gurgaon,2.89
167.23,3.0,2.0,3.0,0.0,,50.0,1.0,0.0,0.0,0.0,0.0,0.0,5.0,0.0,0.0,1.0,0.0,0.0,0.0,0.0,0.0,0.0,0.0,0.0,0.0,Carpet,mid,old,Abhinav Group Housing Society,gurgaon,1.87
48.31,2.0,2.0,1.0,0.0,86.0,9.0,0.0,0.0,0.0,0.0,0.0,0.0,0.0,0.0,0.0,0.0,0.0,0.0,0.0,0.0,0.0,0.0,0.0,0.0,0.0,Carpet,high,new,Pyramid Urban Homes 2,gurgaon,0.85
169.83,3.0,3.0,3.0,0.0,65.0,11.0,0.0,0.0,0.0,0.0,0.0,0.0,0.0,0.0,0.0,0.0,0.0,0.0,0.0,0.0,0.0,0.0,0.0,0.0,0.0,Super Built up,high,mid aged,M3M Heights,gurgaon,4.76
83.61204013377927,3.0,2.0,3.0,1.0,33.0,8.0,0.0,0.0,0.0,0.0,0.0,0.0,0.0,0.0,0.0,0.0,0.0,0.0,0.0,0.0,0.0,0.0,0.0,0.0,0.0,Built Up,high,under construction,Godrej Nature Plus,gurgaon,2.465
151.43,3.0,3.0,2.0,0.0,61.0,13.0,0.0,0.0,0.0,0.0,0.0,0.0,0.0,0.0,0.0,0.0,0.0,0.0,0.0,0.0,0.0,0.0,0.0,0.0,0.0,Carpet,low,mid aged,Smart World Orchard,gurgaon,3.74
118.45,2.0,2.0,2.0,0.0,,13.0,0.0,0.0,0.0,0.0,0.0,0.0,0.0,1.0,0.0,0.0,0.0,0.0,0.0,0.0,0.0,0.0,0.0,0.0,0.0,Super Built up,high,new,Ashiana Anmol,gurgaon,1.53
161.19,3.0,3.0,3.0,1.0,77.0,10.0,0.0,0.0,0.0,0.0,0.0,0.0,0.0,0.0,0.0,0.0,0.0,0.0,0.0,0.0,0.0,0.0,0.0,0.0,0.0,Super Built up,mid,new,Umang Winter Hills,gurgaon,2.295
213.68,4.0,4.0,0.0,0.0,67.0,23.0,0.0,0.0,0.0,0.0,0.0,0.0,7.0,0.0,0.0,0.0,0.0,0.0,0.0,0.0,0.0,0.0,0.0,0.0,0.0,Carpet,mid,under construction,Aardhya homesh,gurgaon,3.145
35.3,1.0,1.0,1.0,0.0,95.0,14.0,0.0,0.0,0.0,0.0,0.0,0.0,0.0,0.0,0.0,0.0,0.0,0.0,0.0,0.0,0.0,0.0,0.0,0.0,0.0,Super Built up,mid,new,ROF Ananda,gurgaon,0.425
102.66,2.0,2.0,3.0,1.0,89.0,14.0,0.0,0.0,0.0,0.0,0.0,0.0,0.0,0.0,0.0,0.0,0.0,0.0,0.0,0.0,0.0,0.0,0.0,0.0,0.0,Carpet,low,old,Smart World Gems,gurgaon,1.496
126.81,2.0,2.0,2.0,1.0,99.0,11.0,0.0,0.0,0.0,0.0,0.0,0.0,0.0,0.0,0.0,0.0,0.0,0.0,0.0,0.0,0.0,0.0,0.0,0.0,0.0,Super Built up,low,new,Assotech Blith,gurgaon,1.955
121.98,3.0,3.0,3.0,0.0,,49.0,0.0,0.0,0.0,0.0,0.0,0.0,0.0,0.0,0.0,0.0,0.0,0.0,0.0,0.0,0.0,0.0,0.0,0.0,0.0,Super Built up,mid,old,Essel Tower,gurgaon,2.72
116.31,2.0,2.0,2.0,0.0,99.0,13.0,0.0,0.0,0.0,0.0,0.0,0.0,0.0,0.0,0.0,0.0,0.0,0.0,0.0,0.0,0.0,0.0,0.0,0.0,0.0,Super Built up,low,old,Raheja Vanya,gurgaon,1.4449999999999998
92.9,2.0,2.0,2.0,0.0,82.0,6.0,0.0,0.0,0.0,0.0,0.0,0.0,0.0,0.0,0.0,0.0,0.0,0.0,0.0,0.0,0.0,0.0,0.0,0.0,0.0,Built Up,low,under construction,Vatika INXT Floors,gurgaon,1.275
418.06,4.0,4.0,3.0,1.0,,28.0,0.0,0.0,0.0,0.0,0.0,3.0,2.0,1.0,0.0,1.0,0.0,0.0,0.0,0.0,0.0,0.0,0.0,0.0,0.0,Carpet,low,new,Palam Vihar Society,gurgaon,5.695
171.87,3.0,3.0,3.0,0.0,88.0,7.0,0.0,0.0,0.0,0.0,1.0,0.0,0.0,0.0,0.0,0.0,0.0,1.0,0.0,0.0,0.0,0.0,0.0,0.0,0.0,Super Built up,high,new,Godrej Oasis,gurgaon,2.55
219.62,4.0,4.0,3.0,1.0,91.0,8.0,0.0,0.0,0.0,0.0,0.0,0.0,0.0,0.0,0.0,0.0,0.0,0.0,0.0,0.0,0.0,0.0,0.0,0.0,0.0,Super Built up,high,old,DLF New Town Heights,gurgaon,2.805
253.35,4.0,4.0,3.0,1.0,91.0,8.0,0.0,0.0,0.0,0.0,0.0,0.0,0.0,0.0,0.0,0.0,0.0,0.0,0.0,0.0,0.0,0.0,0.0,0.0,0.0,Super Built up,high,old,DLF New Town Heights,gurgaon,3.4
260.13,4.0,4.0,3.0,1.0,1.0,50.0,0.0,0.0,0.0,0.0,0.0,0.0,1.0,1.0,0.0,0.0,0.0,0.0,0.0,0.0,0.0,0.0,0.0,0.0,0.0,Carpet,high,new,sonata group housing society sector 1 Manesar,gurgaon,2.975
109.63,2.0,2.0,2.0,0.0,68.0,24.0,0.0,0.0,0.0,0.0,0.0,0.0,7.0,0.0,0.0,0.0,0.0,0.0,0.0,0.0,0.0,0.0,0.0,0.0,0.0,Carpet,low,new,Supertech Hues,gurgaon,1.53
173.26,3.0,3.0,3.0,0.0,70.0,7.0,0.0,0.0,0.0,0.0,0.0,0.0,0.0,0.0,0.0,0.0,0.0,0.0,0.0,0.0,0.0,0.0,0.0,0.0,0.0,Super Built up,high,under construction,Krrish Florence Estate,gurgaon,2.125
142.79,3.0,3.0,3.0,0.0,37.0,32.0,0.0,0.0,0.0,0.0,0.0,0.0,0.0,0.0,0.0,1.0,0.0,0.0,0.0,0.0,0.0,0.0,0.0,0.0,0.0,Carpet,high,new,Piedmont Taksila heights,gurgaon,1.7
223.71,3.0,5.0,3.0,0.0,85.0,13.0,0.0,0.0,0.0,0.0,0.0,0.0,0.0,0.0,0.0,0.0,0.0,0.0,0.0,0.0,0.0,0.0,0.0,0.0,0.0,Super Built up,low,new,SS The Leaf,gurgaon,3.655
76.74,1.0,1.0,1.0,0.0,67.0,23.0,0.0,0.0,0.0,0.0,0.0,0.0,7.0,0.0,0.0,0.0,0.0,0.0,0.0,0.0,0.0,0.0,1.0,0.0,0.0,Built Up,high,new,M3M Urbana,gurgaon,1.7
117.24,2.0,2.0,3.0,0.0,70.0,11.0,0.0,0.0,0.0,0.0,0.0,0.0,0.0,0.0,0.0,0.0,0.0,0.0,0.0,0.0,0.0,0.0,0.0,0.0,0.0,Super Built up,high,old,AIPL Zen Residences,gurgaon,2.805
205.78,4.0,3.0,3.0,0.0,90.0,14.0,0.0,0.0,0.0,0.0,2.0,0.0,0.0,0.0,0.0,0.0,0.0,0.0,0.0,0.0,0.0,0.0,0.0,0.0,0.0,Carpet,high,old,DLF Regal Gardens,gurgaon,3.043
83.61204013377927,3.0,3.0,3.0,0.0,85.0,8.0,0.0,0.0,0.0,0.0,0.0,0.0,0.0,0.0,0.0,0.0,0.0,0.0,0.0,0.0,0.0,0.0,0.0,0.0,0.0,Carpet,high,under construction,Godrej Air,gurgaon,3.06
132.85,3.0,3.0,3.0,0.0,,11.0,0.0,0.0,0.0,0.0,0.0,0.0,0.0,0.0,0.0,0.0,0.0,0.0,0.0,0.0,0.0,0.0,0.0,0.0,0.0,Built Up,mid,under construction,Suncity Vatsal Valley,gurgaon,2.465
54.35,1.0,1.0,1.0,0.0,,48.0,1.0,0.0,0.0,0.0,0.0,0.0,1.0,0.0,0.0,0.0,0.0,0.0,0.0,0.0,0.0,0.0,0.0,0.0,0.0,Super Built up,low,new,Shree shyam residency,gurgaon,0.374
65.03,2.0,2.0,1.0,0.0,7.0,50.0,0.0,0.0,0.0,0.0,0.0,0.0,5.0,0.0,0.0,0.0,0.0,0.0,0.0,0.0,0.0,0.0,0.0,0.0,0.0,Built Up,low,new,Project Krishna Colony,gurgaon,0.612
54.53,2.0,2.0,1.0,0.0,,10.0,0.0,0.0,0.0,0.0,0.0,0.0,3.0,0.0,0.0,0.0,0.0,0.0,0.0,0.0,0.0,0.0,0.0,0.0,0.0,Built Up,high,new,MVN Athens,gurgaon,0.425
142.51,3.0,3.0,3.0,1.0,79.0,12.0,0.0,0.0,0.0,0.0,0.0,0.0,0.0,0.0,0.0,0.0,0.0,0.0,0.0,0.0,0.0,0.0,0.0,0.0,0.0,Super Built up,low,new,M3M Antalya Hills,gurgaon,1.955
87.89,3.0,3.0,0.0,0.0,,50.0,0.0,0.0,0.0,0.0,0.0,0.0,1.0,1.0,0.0,0.0,0.0,0.0,0.0,0.0,0.0,0.0,0.0,0.0,0.0,Carpet,low,under construction,Central Park Flower Valley,gurgaon,2.805
213.49,4.0,4.0,3.0,1.0,113.0,8.0,0.0,0.0,0.0,0.0,0.0,0.0,0.0,1.0,0.0,0.0,0.0,0.0,0.0,0.0,0.0,0.0,0.0,0.0,0.0,Carpet,high,new,M3M Capital,gurgaon,4.93
122.63,2.0,2.0,3.0,1.0,92.0,5.0,0.0,0.0,0.0,0.0,0.0,0.0,0.0,0.0,0.0,0.0,0.0,0.0,0.0,0.0,0.0,0.0,0.0,0.0,0.0,Super Built up,high,under construction,Ansal Heights,gurgaon,1.02
222.97,3.0,3.0,0.0,0.0,,43.0,0.0,0.0,0.0,0.0,0.0,0.0,1.0,0.0,0.0,0.0,0.0,0.0,0.0,0.0,0.0,0.0,0.0,0.0,0.0,Carpet,low,old,Malibu Towne,gurgaon,4.08
117.24,2.0,2.0,3.0,0.0,70.0,14.0,0.0,0.0,0.0,0.0,0.0,0.0,4.0,0.0,0.0,0.0,0.0,0.0,0.0,0.0,0.0,0.0,0.0,0.0,0.0,Carpet,high,under construction,AIPL Zen Residences,gurgaon,2.125
133.13,2.0,2.0,3.0,0.0,65.0,11.0,0.0,0.0,0.0,0.0,0.0,0.0,0.0,0.0,0.0,0.0,0.0,0.0,0.0,0.0,0.0,0.0,0.0,0.0,0.0,Built Up,high,under construction,M3M Heights,gurgaon,3.655
69.03,2.0,2.0,1.0,0.0,,5.0,0.0,0.0,0.0,0.0,0.0,0.0,0.0,0.0,0.0,0.0,0.0,0.0,0.0,0.0,0.0,0.0,0.0,0.0,1.0,Built Up,mid,under construction,HCBS Sports Ville,gurgaon,0.51
69.68,2.0,2.0,2.0,0.0,,5.0,0.0,0.0,0.0,0.0,0.0,0.0,0.0,0.0,0.0,0.0,0.0,0.0,0.0,0.0,0.0,0.0,0.0,0.0,1.0,Built Up,high,under construction,HCBS Sports Ville,gurgaon,0.646
111.48,2.0,2.0,3.0,0.0,,45.0,1.0,0.0,0.0,0.0,0.0,0.0,6.0,0.0,0.0,0.0,0.0,0.0,0.0,0.0,0.0,0.0,1.0,0.0,0.0,Built Up,mid,under construction,JMD Empire,gurgaon,2.55
88.26,2.0,2.0,1.0,0.0,4.0,48.0,0.0,0.0,0.0,0.0,0.0,0.0,1.0,0.0,0.0,0.0,0.0,0.0,0.0,0.0,0.0,0.0,0.0,0.0,0.0,Built Up,mid,under construction,Housing Apna Enclave,gurgaon,0.663
222.97,3.0,4.0,0.0,0.0,99.0,11.0,0.0,0.0,0.0,0.0,0.0,0.0,0.0,0.0,0.0,0.0,0.0,0.0,0.0,0.0,0.0,0.0,0.0,0.0,0.0,Built Up,high,under construction,Assotech Blith,gurgaon,2.72
185.71,4.0,4.0,3.0,0.0,68.0,15.0,0.0,0.0,0.0,0.0,0.0,0.0,0.0,0.0,0.0,0.0,0.0,0.0,0.0,0.0,0.0,0.0,0.0,0.0,0.0,Super Built up,low,new,Pareena Mi Casa,gurgaon,2.89
213.86,3.0,3.0,3.0,1.0,54.0,47.0,1.0,0.0,0.0,0.0,0.0,0.0,13.0,0.0,0.0,0.0,4.0,0.0,0.0,0.0,0.0,1.0,0.0,0.0,0.0,Carpet,high,old,Suncity Heights,gurgaon,5.525
65.96,2.0,2.0,3.0,0.0,111.0,15.0,0.0,0.0,0.0,0.0,0.0,0.0,0.0,0.0,0.0,0.0,0.0,0.0,0.0,0.0,0.0,0.0,0.0,0.0,0.0,Carpet,high,new,Lotus Homz,gurgaon,1.02
92.9,2.0,2.0,0.0,0.0,95.0,4.0,0.0,0.0,0.0,0.0,0.0,0.0,0.0,0.0,0.0,0.0,0.0,0.0,0.0,0.0,0.0,0.0,0.0,0.0,0.0,Super Built up,low,under construction,Ramson kshitij Sec-95 Gurugram,gurgaon,0.459
99.31,2.0,1.0,1.0,0.0,,49.0,0.0,0.0,0.0,0.0,0.0,0.0,10.0,0.0,0.0,0.0,5.0,0.0,0.0,0.0,0.0,0.0,0.0,0.0,2.0,Carpet,low,old,Maruti Vihar Colony,gurgaon,1.615
133.13,2.0,2.0,3.0,1.0,65.0,11.0,0.0,0.0,0.0,0.0,0.0,0.0,0.0,0.0,0.0,0.0,0.0,0.0,0.0,0.0,0.0,0.0,0.0,0.0,0.0,Super Built up,mid,old,M3M Heights,gurgaon,4.505
50.73,2.0,2.0,1.0,0.0,79.0,3.0,0.0,0.0,0.0,0.0,0.0,0.0,0.0,0.0,0.0,0.0,0.0,0.0,0.0,0.0,0.0,0.0,0.0,0.0,0.0,Built Up,mid,old,Supertech Basera,gurgaon,0.612
55.74,2.0,2.0,3.0,0.0,37.0,15.0,0.0,0.0,0.0,0.0,0.0,0.0,0.0,0.0,0.0,0.0,0.0,0.0,0.0,0.0,0.0,0.0,0.0,0.0,0.0,Super Built up,low,new,Signature Global the Millennia,gurgaon,0.935
72.46,3.0,3.0,3.0,0.0,89.0,9.0,0.0,0.0,0.0,0.0,0.0,0.0,0.0,0.0,0.0,0.0,0.0,0.0,0.0,0.0,0.0,0.0,0.0,0.0,0.0,Carpet,low,mid aged,M3M Soulitude,gurgaon,2.244
116.33,2.0,2.0,3.0,1.0,99.0,13.0,0.0,0.0,0.0,0.0,0.0,0.0,0.0,0.0,0.0,0.0,0.0,0.0,0.0,0.0,0.0,0.0,0.0,0.0,0.0,Super Built up,low,mid aged,Raheja Vanya,gurgaon,1.003
78.97,2.0,2.0,1.0,0.0,,48.0,1.0,0.0,0.0,0.0,0.0,0.0,1.0,0.0,0.0,0.0,0.0,0.0,0.0,0.0,0.0,0.0,0.0,0.0,0.0,Carpet,mid,new,"Ganpati apartment  2, Laxman Vihar Phase 1",gurgaon,0.765
119.38,3.0,3.0,2.0,0.0,37.0,4.0,0.0,0.0,0.0,0.0,0.0,0.0,0.0,0.0,0.0,0.0,0.0,0.0,0.0,0.0,0.0,0.0,0.0,0.0,0.0,Super Built up,high,new,Ramprastha The Atrium,gurgaon,1.53
134.9,2.0,2.0,3.0,1.0,,7.0,0.0,0.0,0.0,0.0,0.0,0.0,0.0,0.0,0.0,0.0,0.0,0.0,0.0,0.0,0.0,0.0,0.0,0.0,0.0,Super Built up,mid,new,Eldeco Accolade,gurgaon,1.615
169.83,3.0,3.0,3.0,0.0,65.0,11.0,0.0,0.0,0.0,0.0,0.0,0.0,0.0,0.0,0.0,0.0,0.0,0.0,0.0,0.0,0.0,0.0,0.0,0.0,0.0,Super Built up,high,mid aged,M3M Heights,gurgaon,5.1
189.52,3.0,3.0,2.0,1.0,65.0,11.0,0.0,0.0,0.0,0.0,0.0,0.0,0.0,0.0,0.0,0.0,0.0,0.0,0.0,0.0,0.0,0.0,0.0,0.0,0.0,Super Built up,high,mid aged,M3M Heights,gurgaon,6.239
477.52,5.0,6.0,3.0,1.0,82.0,12.0,0.0,0.0,0.0,0.0,0.0,0.0,0.0,0.0,0.0,0.0,0.0,0.0,0.0,0.0,0.0,0.0,0.0,0.0,0.0,Carpet,mid,new,Vatika Sovereign Next,gurgaon,6.545
169.83,3.0,3.0,3.0,0.0,65.0,11.0,0.0,0.0,0.0,0.0,0.0,0.0,0.0,0.0,0.0,0.0,0.0,0.0,0.0,0.0,0.0,0.0,0.0,0.0,0.0,Super Built up,high,old,M3M Heights,gurgaon,5.593
117.15,2.0,2.0,3.0,0.0,65.0,11.0,0.0,0.0,0.0,0.0,0.0,0.0,0.0,0.0,0.0,0.0,0.0,0.0,0.0,0.0,0.0,0.0,0.0,0.0,0.0,Super Built up,high,under construction,M3M Heights,gurgaon,3.961
169.83,3.0,3.0,3.0,0.0,65.0,11.0,0.0,0.0,0.0,0.0,0.0,0.0,0.0,0.0,0.0,0.0,0.0,0.0,0.0,0.0,0.0,0.0,0.0,0.0,0.0,Super Built up,high,old,M3M Heights,gurgaon,4.743
269.42,4.0,4.0,3.0,0.0,41.0,49.0,0.0,0.0,0.0,0.0,0.0,0.0,10.0,0.0,0.0,0.0,1.0,0.0,1.0,0.0,0.0,0.0,0.0,0.0,1.0,Built Up,low,under construction,South City 1 Floors,gurgaon,5.779999999999999
91.97,2.0,2.0,1.0,1.0,12.0,14.0,0.0,0.0,0.0,0.0,0.0,0.0,0.0,0.0,0.0,0.0,0.0,0.0,0.0,0.0,0.0,0.0,0.0,0.0,0.0,Carpet,low,new,Allure Homes,gurgaon,1.224
52.81,2.0,2.0,1.0,0.0,104.0,9.0,0.0,0.0,0.0,0.0,0.0,0.0,0.0,0.0,0.0,0.0,0.0,0.0,0.0,0.0,0.0,0.0,0.0,0.0,0.0,Super Built up,mid,new,Zara Aavaas,gurgaon,0.68
126.72,2.0,2.0,2.0,0.0,95.0,4.0,0.0,0.0,0.0,0.0,0.0,0.0,0.0,0.0,0.0,0.0,0.0,0.0,0.0,0.0,0.0,0.0,0.0,0.0,0.0,Super Built up,high,new,Sidhartha NCR One Phase 1,gurgaon,0.952
150.5,3.0,3.0,3.0,1.0,71.0,15.0,0.0,0.0,0.0,0.0,0.0,0.0,0.0,0.0,0.0,0.0,0.0,0.0,0.0,0.0,0.0,0.0,0.0,0.0,0.0,Super Built up,high,new,CHD Avenue 71,gurgaon,1.87
121.7,2.0,2.0,3.0,1.0,37.0,15.0,0.0,0.0,0.0,0.0,0.0,0.0,0.0,0.0,0.0,0.0,0.0,0.0,0.0,0.0,0.0,0.0,0.0,0.0,0.0,Super Built up,high,new,Ramprastha The Edge Towers,gurgaon,1.207
120.31,2.0,2.0,3.0,1.0,79.0,3.0,0.0,0.0,0.0,0.0,0.0,0.0,0.0,0.0,0.0,0.0,0.0,0.0,0.0,0.0,0.0,0.0,0.0,0.0,0.0,Super Built up,high,new,Supertech Araville,gurgaon,1.326
63.17,2.0,2.0,3.0,0.0,37.0,12.0,0.0,0.0,0.0,0.0,0.0,0.0,0.0,0.0,0.0,0.0,0.0,0.0,0.0,0.0,0.0,0.0,0.0,0.0,0.0,Carpet,low,under construction,Imperia Aashiyara,gurgaon,0.68
146.69,3.0,2.0,2.0,0.0,113.0,8.0,0.0,0.0,0.0,0.0,0.0,0.0,0.0,0.0,0.0,0.0,0.0,0.0,0.0,0.0,0.0,0.0,0.0,0.0,0.0,Super Built up,mid,new,La Vida by Tata Housing,gurgaon,3.145
83.89,2.0,2.0,1.0,0.0,102.0,13.0,0.0,0.0,0.0,0.0,0.0,0.0,0.0,0.0,0.0,0.0,0.0,0.0,0.0,0.0,0.0,0.0,0.0,0.0,0.0,Super Built up,high,mid aged,Shapoorji Pallonji Joyville Gurugram,gurgaon,1.87
106.84,2.0,2.0,2.0,1.0,61.0,9.0,0.0,0.0,0.0,0.0,0.0,0.0,0.0,0.0,0.0,0.0,0.0,0.0,0.0,0.0,0.0,0.0,0.0,0.0,0.0,Built Up,low,mid aged,Smart World Orchard,gurgaon,2.397
180.7,3.0,3.0,3.0,0.0,79.0,3.0,0.0,0.0,0.0,0.0,0.0,0.0,0.0,0.0,0.0,0.0,0.0,0.0,0.0,0.0,0.0,0.0,0.0,0.0,0.0,Carpet,low,new,Supertech Araville,gurgaon,2.465
148.64,3.0,3.0,2.0,0.0,61.0,9.0,0.0,0.0,0.0,0.0,0.0,0.0,0.0,0.0,0.0,0.0,0.0,0.0,0.0,0.0,0.0,0.0,0.0,0.0,0.0,Carpet,low,mid aged,Smart World Orchard,gurgaon,3.74
103.12,2.0,2.0,3.0,0.0,33.0,13.0,0.0,0.0,0.0,0.0,0.0,0.0,0.0,0.0,0.0,0.0,0.0,0.0,0.0,0.0,0.0,0.0,0.0,0.0,0.0,Super Built up,high,old,Unitech The Residences,gurgaon,1.87
188.13,3.0,4.0,3.0,1.0,102.0,10.0,0.0,0.0,0.0,0.0,0.0,0.0,0.0,0.0,0.0,0.0,0.0,0.0,0.0,0.0,0.0,0.0,0.0,0.0,0.0,Carpet,high,new,Emaar Imperial Gardens,gurgaon,3.4849999999999994
111.48,3.0,2.0,3.0,0.0,92.0,8.0,0.0,0.0,0.0,0.0,0.0,0.0,0.0,0.0,0.0,0.0,0.0,0.0,0.0,0.0,0.0,0.0,0.0,0.0,0.0,Carpet,mid,old,Sare Homes,gurgaon,1.02
154.22,2.0,3.0,3.0,1.0,89.0,7.0,0.0,0.0,0.0,0.0,0.0,0.0,0.0,0.0,0.0,1.0,0.0,0.0,0.0,0.0,0.0,0.0,0.0,0.0,0.0,Super Built up,high,under construction,Greenopolis,gurgaon,1.36
54.16,2.0,2.0,2.0,0.0,84.0,15.0,0.0,0.0,0.0,0.0,0.0,0.0,0.0,0.0,0.0,0.0,0.0,0.0,0.0,0.0,0.0,0.0,0.0,0.0,0.0,Super Built up,high,new,Pivotal Devaan,gurgaon,0.697
150.69,3.0,3.0,3.0,1.0,73.0,42.0,0.0,0.0,0.0,0.0,0.0,0.0,1.0,0.0,0.0,0.0,0.0,0.0,0.0,0.0,0.0,0.0,0.0,0.0,0.0,Built Up,low,under construction,Today Callidora,gurgaon,1.53
83.61,2.0,2.0,1.0,0.0,,50.0,1.0,0.0,0.0,0.0,0.0,0.0,5.0,0.0,0.0,0.0,0.0,0.0,0.0,0.0,0.0,0.0,0.0,0.0,0.0,Carpet,low,new,"M M Residency, Krishna Colony, Gurgaon",gurgaon,0.918
100.43,3.0,2.0,2.0,0.0,36.0,12.0,0.0,0.0,0.0,0.0,0.0,0.0,0.0,0.0,0.0,0.0,0.0,0.0,0.0,0.0,0.0,0.0,0.0,0.0,0.0,Super Built up,low,new,Signature Global Park 4,gurgaon,1.394
137.96,3.0,3.0,3.0,0.0,71.0,15.0,0.0,0.0,0.0,0.0,0.0,0.0,0.0,0.0,0.0,0.0,0.0,0.0,0.0,0.0,0.0,0.0,0.0,0.0,0.0,Super Built up,low,new,CHD Avenue 71,gurgaon,1.7
190.45,3.0,4.0,3.0,1.0,56.0,45.0,1.0,0.0,0.0,0.0,0.0,0.0,14.0,0.0,0.0,0.0,3.0,0.0,0.0,0.0,0.0,1.0,0.0,0.0,0.0,Carpet,mid,old,Park Royal Apartment,gurgaon,3.145
164.9,3.0,3.0,2.0,0.0,83.0,9.0,0.0,0.0,0.0,0.0,0.0,0.0,0.0,0.0,0.0,0.0,0.0,0.0,0.0,0.0,0.0,0.0,0.0,0.0,0.0,Carpet,low,new,Vatika Boulevard Residences and Heights,gurgaon,2.414
78.97,2.0,2.0,3.0,0.0,37.0,15.0,0.0,0.0,0.0,0.0,0.0,0.0,0.0,0.0,0.0,0.0,0.0,0.0,0.0,0.0,0.0,0.0,0.0,0.0,0.0,Super Built up,low,new,Signature Global the Millennia,gurgaon,0.935
133.13,2.0,2.0,3.0,1.0,65.0,11.0,0.0,0.0,0.0,0.0,0.0,0.0,0.0,0.0,0.0,0.0,0.0,0.0,0.0,0.0,0.0,0.0,0.0,0.0,0.0,Carpet,high,under construction,M3M Heights,gurgaon,3.893
85.01,2.0,2.0,2.0,0.0,102.0,13.0,0.0,0.0,0.0,0.0,0.0,0.0,0.0,0.0,0.0,0.0,0.0,0.0,0.0,0.0,0.0,0.0,0.0,0.0,0.0,Super Built up,high,old,Shapoorji Pallonji Joyville Gurugram,gurgaon,1.649
273.13,3.0,4.0,3.0,1.0,53.0,9.0,0.0,0.0,0.0,0.0,0.0,0.0,0.0,0.0,0.0,0.0,0.0,0.0,0.0,0.0,0.0,0.0,0.0,0.0,0.0,Super Built up,high,new,Tulip Monsella,gurgaon,14.025
62.71,2.0,2.0,1.0,0.0,2.0,48.0,0.0,0.0,0.0,0.0,0.0,0.0,0.0,0.0,0.0,0.0,0.0,0.0,0.0,0.0,0.0,0.0,0.0,0.0,0.0,Carpet,low,new,Shyamkunj ashok vihar pahse 2,gurgaon,0.51
106.93,2.0,2.0,3.0,0.0,33.0,8.0,0.0,0.0,0.0,0.0,0.0,0.0,0.0,0.0,0.0,0.0,0.0,0.0,0.0,0.0,0.0,0.0,0.0,0.0,0.0,Carpet,low,under construction,Godrej Nature Plus,gurgaon,2.805
117.06,2.0,2.0,2.0,0.0,65.0,11.0,0.0,0.0,0.0,0.0,0.0,0.0,0.0,0.0,0.0,0.0,0.0,0.0,0.0,0.0,0.0,0.0,0.0,0.0,0.0,Super Built up,high,mid aged,M3M Heights,gurgaon,3.383
74.32,2.0,2.0,3.0,0.0,68.0,10.0,0.0,0.0,0.0,0.0,0.0,0.0,0.0,0.0,0.0,0.0,0.0,0.0,0.0,0.0,0.0,0.0,0.0,0.0,0.0,Carpet,high,new,M3M The Marina,gurgaon,1.7
148.64,3.0,3.0,3.0,1.0,62.0,11.0,0.0,0.0,0.0,0.0,0.0,0.0,0.0,0.0,0.0,0.0,0.0,0.0,0.0,0.0,0.0,0.0,0.0,0.0,0.0,Carpet,high,mid aged,Emaar Digihomes,gurgaon,7.225
218.32,4.0,4.0,3.0,1.0,78.0,7.0,0.0,0.0,0.0,0.0,0.0,0.0,0.0,0.0,0.0,0.0,0.0,0.0,0.0,0.0,0.0,0.0,0.0,0.0,0.0,Super Built up,low,new,Umang Monsoon Breeze,gurgaon,2.125
124.49,3.0,3.0,3.0,0.0,83.0,15.0,0.0,0.0,0.0,0.0,0.0,0.0,0.0,1.0,0.0,0.0,0.0,0.0,0.0,0.0,0.0,0.0,0.0,0.0,0.0,Carpet,low,old,Mapsko Paradise,gurgaon,1.615
125.42,3.0,2.0,2.0,0.0,4.0,48.0,1.0,0.0,0.0,0.0,0.0,0.0,1.0,0.0,0.0,0.0,0.0,0.0,0.0,0.0,0.0,0.0,0.0,0.0,0.0,Carpet,low,new,Cancon Enclave,gurgaon,1.785
269.88,4.0,5.0,3.0,1.0,72.0,10.0,0.0,0.0,0.0,0.0,0.0,0.0,0.0,1.0,0.0,0.0,0.0,0.0,0.0,0.0,0.0,0.0,0.0,0.0,0.0,Super Built up,high,new,Tata Primanti,gurgaon,6.969999999999999
66.52,2.0,2.0,2.0,0.0,90.0,9.0,1.0,0.0,0.0,0.0,0.0,0.0,0.0,0.0,0.0,0.0,0.0,0.0,0.0,0.0,0.0,0.0,0.0,0.0,0.0,Carpet,low,mid aged,MRG World Ultimus,gurgaon,0.85
260.13,4.0,3.0,3.0,1.0,1.0,11.0,0.0,0.0,0.0,0.0,0.0,0.0,0.0,0.0,0.0,0.0,0.0,0.0,0.0,0.0,0.0,0.0,0.0,0.0,0.0,Carpet,high,new,sonata group housing Gh 24,gurgaon,2.805
146.32,3.0,3.0,3.0,1.0,70.0,14.0,0.0,0.0,0.0,0.0,0.0,0.0,0.0,0.0,0.0,0.0,0.0,0.0,0.0,0.0,0.0,0.0,0.0,0.0,0.0,Carpet,low,new,BPTP Pedestal,gurgaon,2.72
143.91,3.0,2.0,3.0,0.0,61.0,13.0,0.0,0.0,0.0,0.0,0.0,0.0,0.0,0.0,0.0,0.0,0.0,0.0,0.0,0.0,0.0,0.0,0.0,0.0,0.0,Super Built up,low,mid aged,Smart World Orchard,gurgaon,3.57
229.19,4.0,4.0,3.0,0.0,1.0,11.0,0.0,0.0,0.0,0.0,0.0,0.0,0.0,0.0,0.0,0.0,0.0,0.0,0.0,0.0,0.0,0.0,0.0,0.0,0.0,Super Built up,mid,old,HSIIDC Sidco Aravali,gurgaon,1.53
125.51,2.0,2.0,3.0,0.0,79.0,11.0,0.0,0.0,0.0,0.0,0.0,0.0,0.0,0.0,0.0,0.0,0.0,0.0,0.0,0.0,0.0,0.0,0.0,0.0,0.0,Super Built up,mid,new,Godrej Aria,gurgaon,1.87
126.81,2.0,2.0,3.0,0.0,99.0,11.0,0.0,0.0,0.0,0.0,0.0,0.0,0.0,0.0,0.0,0.0,0.0,0.0,0.0,0.0,0.0,0.0,0.0,0.0,0.0,Super Built up,high,mid aged,Assotech Blith,gurgaon,1.564
117.06,3.0,3.0,2.0,0.0,92.0,8.0,0.0,0.0,0.0,0.0,0.0,0.0,0.0,0.0,0.0,0.0,0.0,0.0,0.0,0.0,0.0,0.0,0.0,0.0,0.0,Built Up,high,under construction,Sare Crescent Parc,gurgaon,1.19
145.39,3.0,4.0,2.0,0.0,70.0,4.0,0.0,0.0,0.0,0.0,0.0,0.0,0.0,0.0,0.0,0.0,0.0,0.0,0.0,0.0,0.0,0.0,0.0,0.0,0.0,Super Built up,high,mid aged,Unitech Vistas,gurgaon,1.683
120.31,2.0,2.0,3.0,1.0,79.0,3.0,0.0,0.0,0.0,0.0,0.0,0.0,0.0,0.0,0.0,0.0,0.0,0.0,0.0,0.0,0.0,0.0,0.0,0.0,0.0,Super Built up,high,new,Supertech Araville,gurgaon,1.224
126.44,2.0,2.0,3.0,0.0,103.0,18.0,1.0,0.0,0.0,0.0,0.0,0.0,4.0,0.0,0.0,4.0,0.0,0.0,0.0,0.0,0.0,0.0,0.0,0.0,0.0,Super Built up,low,new,Ansal Housing Highland Park,gurgaon,1.496
123.19,3.0,2.0,2.0,0.0,69.0,42.0,0.0,0.0,0.0,0.0,0.0,0.0,10.0,0.0,0.0,0.0,0.0,0.0,0.0,0.0,0.0,0.0,1.0,0.0,0.0,Carpet,high,old,Tulip White,gurgaon,1.547
182.09,3.0,4.0,3.0,0.0,82.0,11.0,0.0,0.0,0.0,0.0,0.0,0.0,0.0,0.0,0.0,0.0,0.0,0.0,0.0,0.0,0.0,0.0,0.0,0.0,0.0,Super Built up,high,mid aged,Mapsko Casa Bella,gurgaon,2.125
92.62,2.0,2.0,2.0,0.0,47.0,45.0,0.0,0.0,0.0,0.0,0.0,0.0,1.0,0.0,0.0,0.0,0.0,0.0,0.0,0.0,0.0,0.0,0.0,0.0,0.0,Carpet,low,new,Unitech Uniworld Gardens 2,gurgaon,1.785
121.7,2.0,2.0,3.0,0.0,37.0,6.0,0.0,0.0,0.0,0.0,0.0,0.0,0.0,0.0,0.0,0.0,0.0,0.0,0.0,0.0,0.0,0.0,0.0,0.0,0.0,Built Up,high,under construction,ILD Grand,gurgaon,1.122
121.7,2.0,2.0,0.0,0.0,113.0,8.0,0.0,0.0,0.0,0.0,0.0,0.0,0.0,1.0,0.0,0.0,0.0,0.0,0.0,0.0,0.0,0.0,0.0,0.0,0.0,Built Up,mid,under construction,M3M Capital,gurgaon,3.111
101.73,2.0,2.0,2.0,1.0,70.0,4.0,0.0,0.0,0.0,0.0,0.0,0.0,0.0,0.0,0.0,0.0,0.0,0.0,0.0,0.0,0.0,0.0,0.0,0.0,0.0,Super Built up,high,mid aged,Unitech Vistas,gurgaon,0.901
128.21,2.0,2.0,3.0,0.0,37.0,15.0,0.0,0.0,0.0,0.0,0.0,0.0,0.0,0.0,0.0,0.0,0.0,0.0,0.0,0.0,0.0,0.0,0.0,0.0,0.0,Super Built up,low,new,Ramprastha The Edge Towers,gurgaon,1.36
132.2,3.0,2.0,0.0,0.0,89.0,14.0,0.0,0.0,0.0,0.0,0.0,0.0,0.0,0.0,0.0,0.0,0.0,0.0,0.0,0.0,0.0,0.0,0.0,0.0,0.0,Built Up,low,under construction,Smart World Gems,gurgaon,2.907
65.03,1.0,1.0,0.0,0.0,83.0,10.0,0.0,0.0,0.0,0.0,0.0,0.0,0.0,0.0,0.0,0.0,0.0,0.0,0.0,0.0,0.0,0.0,0.0,0.0,0.0,Built Up,mid,under construction,Sapphire Eighty Three,gurgaon,1.105
185.53,3.0,3.0,0.0,0.0,99.0,15.0,0.0,0.0,0.0,0.0,0.0,0.0,0.0,0.0,0.0,0.0,0.0,0.0,0.0,0.0,0.0,0.0,0.0,0.0,0.0,Built Up,high,under construction,Pareena Coban Residences,gurgaon,2.21
128.39,3.0,3.0,3.0,0.0,54.0,47.0,1.0,0.0,0.0,0.0,0.0,0.0,13.0,0.0,0.0,0.0,4.0,0.0,0.0,0.0,0.0,1.0,0.0,0.0,0.0,Built Up,low,under construction,DLF The Grove,gurgaon,9.69
74.69,1.0,1.0,2.0,0.0,63.0,10.0,1.0,0.0,0.0,0.0,0.0,0.0,2.0,0.0,0.0,0.0,0.0,0.0,0.0,0.0,0.0,0.0,0.0,0.0,0.0,Built Up,mid,under construction,Baani City Center,gurgaon,1.496
311.23,4.0,4.0,3.0,0.0,110.0,15.0,0.0,0.0,0.0,0.0,0.0,0.0,0.0,0.0,0.0,0.0,0.0,0.0,0.0,0.0,0.0,0.0,0.0,0.0,0.0,Built Up,high,new,Indiabulls Enigma,gurgaon,6.8
223.71,3.0,4.0,3.0,1.0,85.0,13.0,0.0,0.0,0.0,0.0,0.0,0.0,0.0,0.0,0.0,0.0,0.0,0.0,0.0,0.0,0.0,0.0,0.0,0.0,0.0,Super Built up,mid,new,SS The Leaf,gurgaon,3.281
241.55,4.0,4.0,3.0,1.0,113.0,17.0,0.0,0.0,0.0,0.0,0.0,0.0,0.0,1.0,0.0,2.0,0.0,0.0,0.0,0.0,0.0,0.0,0.0,0.0,0.0,Super Built up,high,new,Smart World One DXP,gurgaon,5.865
204.39,3.0,3.0,3.0,1.0,56.0,43.0,1.0,0.0,0.0,0.0,0.0,0.0,14.0,0.0,0.0,0.0,3.0,0.0,0.0,0.0,0.0,1.0,0.0,0.0,0.0,Built Up,mid,old,Sukhshanti Apartment,gurgaon,2.89
357.12,3.0,5.0,3.0,1.0,65.0,9.0,0.0,0.0,0.0,0.0,0.0,0.0,0.0,0.0,0.0,0.0,0.0,0.0,0.0,0.0,0.0,0.0,0.0,0.0,0.0,Carpet,low,new,M3M Golfestate,gurgaon,10.455
165.37,3.0,3.0,3.0,0.0,,10.0,0.0,0.0,0.0,0.0,0.0,0.0,0.0,0.0,0.0,0.0,0.0,0.0,0.0,0.0,0.0,0.0,0.0,0.0,0.0,Super Built up,mid,old,Bestech Park View Residency,gurgaon,2.38
185.81,3.0,3.0,2.0,1.0,84.0,12.0,0.0,0.0,0.0,0.0,0.0,0.0,0.0,0.0,0.0,0.0,0.0,0.0,0.0,0.0,0.0,0.0,0.0,0.0,0.0,Super Built up,low,new,SS Almeria,gurgaon,2.516
402.08,4.0,4.0,3.0,1.0,33.0,44.0,0.0,0.0,0.0,0.0,0.0,0.0,1.0,0.0,0.0,0.0,0.0,0.0,0.0,0.0,0.0,0.0,0.0,0.0,0.0,Carpet,high,old,JMD Gardens,gurgaon,5.525
162.58,3.0,2.0,3.0,0.0,,45.0,0.0,0.0,0.0,0.0,0.0,0.0,10.0,0.0,0.0,0.0,0.0,0.0,0.0,0.0,0.0,0.0,1.0,0.0,0.0,Carpet,low,old,CGHS Agrim Apartment,gurgaon,2.533
227.8,3.0,3.0,3.0,1.0,67.0,11.0,0.0,0.0,0.0,0.0,0.0,0.0,0.0,0.0,0.0,0.0,0.0,0.0,0.0,0.0,0.0,0.0,0.0,0.0,0.0,Carpet,high,new,Ireo Victory Valley,gurgaon,5.933
140.1,2.0,2.0,3.0,0.0,62.0,11.0,0.0,0.0,0.0,0.0,0.0,0.0,0.0,0.0,0.0,0.0,0.0,0.0,0.0,0.0,0.0,0.0,0.0,0.0,0.0,Carpet,high,under construction,Emaar Digihomes,gurgaon,3.655
139.35,2.0,2.0,3.0,0.0,33.0,8.0,0.0,0.0,0.0,0.0,0.0,0.0,0.0,0.0,0.0,0.0,0.0,0.0,0.0,0.0,0.0,0.0,0.0,0.0,0.0,Super Built up,high,under construction,Godrej Nature Plus,gurgaon,2.38
130.71,3.0,3.0,2.0,0.0,5.0,15.0,0.0,0.0,0.0,0.0,0.0,0.0,0.0,0.0,0.0,0.0,0.0,0.0,0.0,0.0,0.0,0.0,0.0,0.0,0.0,Super Built up,mid,old,DLF Carlton Estate,gurgaon,3.4
151.43,3.0,3.0,2.0,1.0,61.0,9.0,0.0,0.0,0.0,0.0,0.0,0.0,0.0,0.0,0.0,0.0,0.0,0.0,0.0,0.0,0.0,0.0,0.0,0.0,0.0,Super Built up,low,mid aged,Smart World Orchard,gurgaon,3.91
69.21,2.0,1.0,3.0,0.0,,8.0,1.0,0.0,0.0,0.0,0.0,0.0,0.0,2.0,0.0,1.0,1.0,0.0,0.0,0.0,0.0,0.0,0.0,0.0,0.0,Carpet,low,old,Signature Global Park,gurgaon,0.918
167.78,4.0,3.0,3.0,1.0,9.0,50.0,1.0,0.0,0.0,0.0,0.0,0.0,5.0,0.0,0.0,0.0,0.0,0.0,0.0,0.0,0.0,0.0,0.0,0.0,0.0,Carpet,low,old,Railway Officers RPF Society,gurgaon,2.125
83.61204013377927,2.0,2.0,1.0,0.0,85.0,8.0,0.0,0.0,0.0,0.0,0.0,0.0,0.0,0.0,0.0,0.0,0.0,0.0,0.0,0.0,0.0,0.0,0.0,0.0,0.0,Built Up,high,mid aged,Godrej Air,gurgaon,1.785
134.71,3.0,4.0,3.0,1.0,77.0,10.0,0.0,0.0,0.0,0.0,0.0,0.0,0.0,0.0,0.0,0.0,0.0,0.0,0.0,0.0,0.0,0.0,0.0,0.0,0.0,Carpet,low,new,Emaar MGF Palm Hills,gurgaon,2.125
102.19,1.0,1.0,1.0,1.0,28.0,48.0,0.0,0.0,0.0,0.0,0.0,0.0,12.0,0.0,0.0,0.0,2.0,0.0,0.0,0.0,0.0,1.0,0.0,0.0,2.0,Super Built up,low,old,Maruti Vihar,gurgaon,1.7
213.68,5.0,5.0,2.0,1.0,14.0,50.0,0.0,0.0,0.0,0.0,0.0,0.0,11.0,1.0,0.0,0.0,0.0,0.0,0.0,0.0,0.0,0.0,0.0,0.0,1.0,Carpet,low,old,Vasant Appartments,gurgaon,2.89
258.83,4.0,6.0,2.0,1.0,86.0,4.0,0.0,0.0,0.0,0.0,0.0,0.0,0.0,0.0,0.0,0.0,0.0,0.0,0.0,0.0,0.0,0.0,0.0,0.0,0.0,Super Built up,high,new,Ansal Heights 86,gurgaon,2.21
172.06,3.0,3.0,3.0,0.0,102.0,13.0,0.0,0.0,0.0,0.0,0.0,0.0,0.0,0.0,0.0,0.0,0.0,0.0,0.0,0.0,0.0,0.0,0.0,0.0,0.0,Built Up,high,new,Shapoorji Pallonji Joyville Gurugram,gurgaon,3.604
116.1,3.0,4.0,3.0,1.0,61.0,8.0,0.0,0.0,0.0,0.0,0.0,0.0,0.0,0.0,0.0,0.0,0.0,0.0,0.0,0.0,0.0,0.0,0.0,0.0,0.0,Carpet,high,new,Puri The Aravallis,gurgaon,6.63
242.01,3.0,3.0,3.0,1.0,,9.0,0.0,0.0,0.0,0.0,0.0,0.0,0.0,0.0,0.0,0.0,0.0,0.0,0.0,0.0,0.0,0.0,0.0,0.0,0.0,Super Built up,high,old,The Close North,gurgaon,5.1
143.91,3.0,3.0,2.0,0.0,61.0,9.0,0.0,0.0,0.0,0.0,0.0,0.0,0.0,0.0,0.0,0.0,0.0,0.0,0.0,0.0,0.0,0.0,0.0,0.0,0.0,Carpet,mid,mid aged,Smart World Orchard,gurgaon,3.74
153.29,3.0,3.0,3.0,1.0,102.0,10.0,0.0,0.0,0.0,0.0,0.0,0.0,0.0,0.0,0.0,0.0,0.0,0.0,0.0,0.0,0.0,0.0,0.0,0.0,0.0,Super Built up,mid,new,Emaar Gurgaon Greens,gurgaon,2.295
155.24,3.0,2.0,2.0,0.0,33.0,8.0,0.0,0.0,0.0,0.0,0.0,0.0,0.0,0.0,0.0,0.0,0.0,0.0,0.0,0.0,0.0,0.0,0.0,0.0,0.0,Carpet,high,new,Godrej Nature Plus,gurgaon,2.839
125.42,2.0,2.0,2.0,0.0,103.0,17.0,1.0,0.0,0.0,0.0,0.0,0.0,4.0,0.0,0.0,3.0,0.0,0.0,0.0,0.0,0.0,0.0,0.0,0.0,0.0,Super Built up,low,new,Landmark The Residency,gurgaon,1.53
191.38,4.0,4.0,3.0,1.0,113.0,8.0,0.0,0.0,0.0,0.0,0.0,0.0,0.0,1.0,0.0,0.0,0.0,0.0,0.0,0.0,0.0,0.0,0.0,0.0,0.0,Built Up,high,new,M3M Capital,gurgaon,4.029
185.81,3.0,3.0,3.0,1.0,102.0,10.0,0.0,0.0,0.0,0.0,0.0,0.0,0.0,0.0,0.0,0.0,0.0,0.0,0.0,0.0,0.0,0.0,0.0,0.0,0.0,Carpet,high,new,Emaar Imperial Gardens,gurgaon,3.366
195.1,4.0,4.0,3.0,1.0,2.0,43.0,0.0,0.0,0.0,0.0,0.0,0.0,12.0,0.0,0.0,0.0,5.0,0.0,0.0,0.0,0.0,0.0,0.0,0.0,0.0,Carpet,high,old,DLF Belvedere Towers,gurgaon,6.29
255.48,4.0,4.0,3.0,0.0,111.0,24.0,0.0,0.0,0.0,0.0,0.0,0.0,0.0,0.0,0.0,0.0,0.0,0.0,0.0,0.0,0.0,0.0,0.0,0.0,0.0,Carpet,high,new,m3m crown,gurgaon,7.939
146.04,2.0,2.0,3.0,0.0,79.0,10.0,0.0,0.0,0.0,0.0,0.0,0.0,0.0,0.0,0.0,0.0,0.0,0.0,0.0,0.0,0.0,0.0,0.0,0.0,0.0,Super Built up,mid,new,Godrej 101,gurgaon,2.193
173.73,3.0,3.0,3.0,1.0,48.0,9.0,0.0,0.0,0.0,0.0,0.0,0.0,0.0,0.0,0.0,0.0,0.0,0.0,0.0,0.0,0.0,0.0,0.0,0.0,0.0,Super Built up,high,new,Central Park Resorts,gurgaon,6.205
204.39,3.0,3.0,3.0,1.0,56.0,43.0,1.0,0.0,0.0,0.0,0.0,0.0,14.0,0.0,0.0,0.0,3.0,0.0,0.0,0.0,0.0,1.0,0.0,0.0,0.0,Built Up,mid,old,Sukhshanti Apartment,gurgaon,2.89
357.12,3.0,5.0,3.0,1.0,65.0,9.0,0.0,0.0,0.0,0.0,0.0,0.0,0.0,0.0,0.0,0.0,0.0,0.0,0.0,0.0,0.0,0.0,0.0,0.0,0.0,Carpet,low,new,M3M Golfestate,gurgaon,10.455
165.37,3.0,3.0,3.0,0.0,,10.0,0.0,0.0,0.0,0.0,0.0,0.0,0.0,0.0,0.0,0.0,0.0,0.0,0.0,0.0,0.0,0.0,0.0,0.0,0.0,Super Built up,mid,old,Bestech Park View Residency,gurgaon,2.38
185.81,3.0,3.0,2.0,1.0,84.0,12.0,0.0,0.0,0.0,0.0,0.0,0.0,0.0,0.0,0.0,0.0,0.0,0.0,0.0,0.0,0.0,0.0,0.0,0.0,0.0,Super Built up,low,new,SS Almeria,gurgaon,2.516
227.8,3.0,3.0,3.0,1.0,67.0,11.0,0.0,0.0,0.0,0.0,0.0,0.0,0.0,0.0,0.0,0.0,0.0,0.0,0.0,0.0,0.0,0.0,0.0,0.0,0.0,Carpet,high,new,Ireo Victory Valley,gurgaon,5.933
140.1,2.0,2.0,3.0,0.0,62.0,11.0,0.0,0.0,0.0,0.0,0.0,0.0,0.0,0.0,0.0,0.0,0.0,0.0,0.0,0.0,0.0,0.0,0.0,0.0,0.0,Carpet,high,under construction,Emaar Digihomes,gurgaon,3.655
130.71,3.0,3.0,2.0,0.0,5.0,15.0,0.0,0.0,0.0,0.0,0.0,0.0,0.0,0.0,0.0,0.0,0.0,0.0,0.0,0.0,0.0,0.0,0.0,0.0,0.0,Super Built up,mid,old,DLF Carlton Estate,gurgaon,3.4
69.21,2.0,1.0,3.0,0.0,,8.0,1.0,0.0,0.0,0.0,0.0,0.0,0.0,2.0,0.0,1.0,1.0,0.0,0.0,0.0,0.0,0.0,0.0,0.0,0.0,Carpet,low,old,Signature Global Park,gurgaon,0.918
167.78,4.0,3.0,3.0,1.0,9.0,50.0,1.0,0.0,0.0,0.0,0.0,0.0,5.0,0.0,0.0,0.0,0.0,0.0,0.0,0.0,0.0,0.0,0.0,0.0,0.0,Carpet,low,old,Railway Officers RPF Society,gurgaon,2.125
83.61204013377927,2.0,2.0,1.0,0.0,85.0,8.0,0.0,0.0,0.0,0.0,0.0,0.0,0.0,0.0,0.0,0.0,0.0,0.0,0.0,0.0,0.0,0.0,0.0,0.0,0.0,Built Up,high,mid aged,Godrej Air,gurgaon,1.785
134.71,3.0,4.0,3.0,1.0,77.0,10.0,0.0,0.0,0.0,0.0,0.0,0.0,0.0,0.0,0.0,0.0,0.0,0.0,0.0,0.0,0.0,0.0,0.0,0.0,0.0,Carpet,low,new,Emaar MGF Palm Hills,gurgaon,2.125
102.19,1.0,1.0,1.0,1.0,28.0,48.0,0.0,0.0,0.0,0.0,0.0,0.0,12.0,0.0,0.0,0.0,2.0,0.0,0.0,0.0,0.0,1.0,0.0,0.0,2.0,Super Built up,low,old,Maruti Vihar,gurgaon,1.7
213.68,5.0,5.0,2.0,1.0,14.0,50.0,0.0,0.0,0.0,0.0,0.0,0.0,11.0,1.0,0.0,0.0,0.0,0.0,0.0,0.0,0.0,0.0,0.0,0.0,1.0,Carpet,low,old,Vasant Appartments,gurgaon,2.89
258.83,4.0,6.0,2.0,1.0,86.0,4.0,0.0,0.0,0.0,0.0,0.0,0.0,0.0,0.0,0.0,0.0,0.0,0.0,0.0,0.0,0.0,0.0,0.0,0.0,0.0,Super Built up,high,new,Ansal Heights 86,gurgaon,2.21
172.06,3.0,3.0,3.0,0.0,102.0,13.0,0.0,0.0,0.0,0.0,0.0,0.0,0.0,0.0,0.0,0.0,0.0,0.0,0.0,0.0,0.0,0.0,0.0,0.0,0.0,Built Up,high,new,Shapoorji Pallonji Joyville Gurugram,gurgaon,3.604
242.01,3.0,3.0,3.0,1.0,,9.0,0.0,0.0,0.0,0.0,0.0,0.0,0.0,0.0,0.0,0.0,0.0,0.0,0.0,0.0,0.0,0.0,0.0,0.0,0.0,Super Built up,high,old,The Close North,gurgaon,5.1
153.29,3.0,3.0,3.0,1.0,102.0,10.0,0.0,0.0,0.0,0.0,0.0,0.0,0.0,0.0,0.0,0.0,0.0,0.0,0.0,0.0,0.0,0.0,0.0,0.0,0.0,Super Built up,mid,new,Emaar Gurgaon Greens,gurgaon,2.295
125.42,2.0,2.0,2.0,0.0,103.0,17.0,1.0,0.0,0.0,0.0,0.0,0.0,4.0,0.0,0.0,3.0,0.0,0.0,0.0,0.0,0.0,0.0,0.0,0.0,0.0,Super Built up,low,new,Landmark The Residency,gurgaon,1.53
185.81,3.0,3.0,3.0,1.0,102.0,10.0,0.0,0.0,0.0,0.0,0.0,0.0,0.0,0.0,0.0,0.0,0.0,0.0,0.0,0.0,0.0,0.0,0.0,0.0,0.0,Carpet,high,new,Emaar Imperial Gardens,gurgaon,3.366
195.1,4.0,4.0,3.0,1.0,2.0,43.0,0.0,0.0,0.0,0.0,0.0,0.0,12.0,0.0,0.0,0.0,5.0,0.0,0.0,0.0,0.0,0.0,0.0,0.0,0.0,Carpet,high,old,DLF Belvedere Towers,gurgaon,6.29
146.04,2.0,2.0,3.0,0.0,79.0,10.0,0.0,0.0,0.0,0.0,0.0,0.0,0.0,0.0,0.0,0.0,0.0,0.0,0.0,0.0,0.0,0.0,0.0,0.0,0.0,Super Built up,mid,new,Godrej 101,gurgaon,2.193
268.68,3.0,3.0,3.0,0.0,53.0,9.0,0.0,0.0,0.0,0.0,0.0,0.0,0.0,0.0,0.0,0.0,0.0,0.0,0.0,0.0,0.0,0.0,0.0,0.0,0.0,Super Built up,low,under construction,Tulip Monsella,gurgaon,9.52
199.09,4.0,4.0,3.0,1.0,92.0,45.0,0.0,0.0,0.0,0.0,0.0,0.0,9.0,0.0,0.0,0.0,0.0,0.0,0.0,0.0,0.0,0.0,1.0,0.0,0.0,Super Built up,high,new,Sare Crescent Parc Royal Greens Phase 1,gurgaon,2.125
121.15,2.0,2.0,3.0,1.0,70.0,11.0,0.0,0.0,0.0,0.0,0.0,0.0,0.0,0.0,0.0,0.0,0.0,0.0,0.0,0.0,0.0,0.0,0.0,0.0,0.0,Carpet,high,new,AIPL Club Residences,gurgaon,2.159
163.32,3.0,2.0,3.0,1.0,108.0,9.0,0.0,0.0,0.0,0.0,0.0,0.0,0.0,0.0,0.0,0.0,0.0,0.0,0.0,0.0,0.0,0.0,0.0,0.0,0.0,Super Built up,low,new,Experion The Heartsong,gurgaon,2.3120000000000003
116.13,3.0,3.0,3.0,0.0,37.0,10.0,0.0,0.0,0.0,0.0,0.0,0.0,0.0,0.0,0.0,0.0,0.0,0.0,0.0,0.0,0.0,0.0,0.0,0.0,0.0,Built Up,mid,mid aged,Signature Global City,gurgaon,1.7
422.99,4.0,5.0,3.0,1.0,48.0,15.0,0.0,0.0,0.0,0.0,0.0,0.0,0.0,0.0,0.0,0.0,0.0,0.0,0.0,0.0,0.0,0.0,0.0,0.0,0.0,Super Built up,high,old,Bestech Park View City,gurgaon,7.225
176.52,3.0,3.0,3.0,0.0,83.0,10.0,0.0,0.0,0.0,0.0,0.0,0.0,0.0,0.0,0.0,0.0,0.0,0.0,0.0,0.0,0.0,0.0,0.0,0.0,0.0,Super Built up,high,new,Emaar Palm Gardens,gurgaon,3.06
161.93,3.0,4.0,2.0,1.0,71.0,15.0,0.0,0.0,0.0,0.0,0.0,0.0,0.0,0.0,0.0,0.0,0.0,0.0,0.0,0.0,0.0,0.0,0.0,0.0,0.0,Super Built up,high,new,CHD Avenue 71,gurgaon,2.125
42.53,2.0,2.0,1.0,1.0,,10.0,0.0,0.0,0.0,0.0,0.0,0.0,3.0,0.0,0.0,0.0,0.0,0.0,0.0,0.0,0.0,0.0,0.0,0.0,0.0,Carpet,mid,new,MVN Athens,gurgaon,0.459
281.03,3.0,3.0,1.0,1.0,59.0,15.0,0.0,0.0,0.0,0.0,0.0,0.0,0.0,0.0,0.0,0.0,0.0,0.0,0.0,0.0,0.0,0.0,0.0,0.0,0.0,Super Built up,high,mid aged,Mahindra Luminare,gurgaon,9.35
184.88,3.0,3.0,3.0,0.0,92.0,11.0,1.0,0.0,0.0,0.0,0.0,0.0,0.0,0.0,0.0,0.0,0.0,0.0,0.0,0.0,0.0,0.0,0.0,0.0,0.0,Super Built up,low,new,Raheja Navodaya,gurgaon,1.4449999999999998
128.67,2.0,2.0,2.0,0.0,33.0,8.0,0.0,0.0,0.0,0.0,0.0,0.0,0.0,0.0,0.0,0.0,0.0,0.0,0.0,0.0,0.0,0.0,0.0,0.0,0.0,Super Built up,high,mid aged,Godrej Nature Plus,gurgaon,1.819
76.74,1.0,1.0,1.0,0.0,67.0,23.0,0.0,0.0,0.0,0.0,0.0,0.0,7.0,0.0,0.0,0.0,0.0,0.0,0.0,0.0,0.0,0.0,1.0,0.0,0.0,Built Up,high,new,M3M Urbana,gurgaon,1.615
119.19,2.0,3.0,3.0,1.0,108.0,9.0,0.0,0.0,0.0,0.0,0.0,0.0,0.0,0.0,0.0,0.0,0.0,0.0,0.0,0.0,0.0,0.0,0.0,0.0,0.0,Super Built up,low,new,Experion The Heartsong,gurgaon,1.479
217.76,4.0,5.0,3.0,1.0,108.0,13.0,0.0,0.0,0.0,0.0,0.0,0.0,0.0,0.0,0.0,0.0,0.0,0.0,0.0,0.0,0.0,0.0,0.0,0.0,0.0,Super Built up,high,new,Sobha City,gurgaon,6.969999999999999
106.84,2.0,2.0,2.0,1.0,61.0,9.0,0.0,0.0,0.0,0.0,0.0,0.0,0.0,0.0,0.0,0.0,0.0,0.0,0.0,0.0,0.0,0.0,0.0,0.0,0.0,Carpet,mid,mid aged,Smart World Orchard,gurgaon,2.499
204.39,3.0,4.0,3.0,1.0,66.0,14.0,0.0,0.0,0.0,0.0,0.0,0.0,0.0,0.0,0.0,0.0,0.0,0.0,0.0,0.0,0.0,0.0,0.0,0.0,0.0,Super Built up,mid,new,Emaar MGF The Palm Drive,gurgaon,5.865
145.39,2.0,2.0,3.0,1.0,,10.0,0.0,0.0,0.0,0.0,0.0,0.0,0.0,0.0,0.0,0.0,0.0,0.0,0.0,0.0,0.0,0.0,0.0,0.0,0.0,Super Built up,mid,old,Bestech Park View Residency,gurgaon,2.006
178.37,3.0,4.0,3.0,1.0,,10.0,0.0,0.0,0.0,0.0,0.0,0.0,0.0,0.0,0.0,0.0,0.0,0.0,0.0,0.0,0.0,0.0,0.0,0.0,0.0,Super Built up,mid,old,Bestech Park View Residency,gurgaon,2.635
219.07,3.0,4.0,3.0,1.0,67.0,10.0,0.0,0.0,0.0,0.0,0.0,0.0,0.0,0.0,0.0,0.0,0.0,0.0,0.0,0.0,0.0,0.0,0.0,0.0,0.0,Super Built up,high,new,M3M Merlin,gurgaon,5.763
179.21,3.0,3.0,3.0,1.0,86.0,10.0,0.0,0.0,0.0,0.0,0.0,0.0,0.0,0.0,0.0,0.0,0.0,0.0,0.0,0.0,0.0,0.0,0.0,0.0,0.0,Super Built up,high,new,DLF The Skycourt,gurgaon,2.618
153.29,3.0,3.0,3.0,1.0,102.0,10.0,0.0,0.0,0.0,0.0,0.0,0.0,0.0,0.0,0.0,0.0,0.0,0.0,0.0,0.0,0.0,0.0,0.0,0.0,0.0,Super Built up,mid,new,Emaar Gurgaon Greens,gurgaon,2.414
139.35,3.0,3.0,2.0,0.0,30.0,49.0,0.0,0.0,0.0,0.0,0.0,0.0,6.0,0.0,0.0,0.0,1.0,0.0,0.0,0.0,0.0,0.0,0.0,0.0,2.0,Super Built up,low,old,AFNHB Jalvayu Vihar,gurgaon,2.21
165.09,3.0,3.0,2.0,1.0,4.0,47.0,0.0,0.0,0.0,0.0,0.0,0.0,9.0,0.0,0.0,0.0,3.0,0.0,0.0,0.0,0.0,0.0,0.0,0.0,2.0,Super Built up,high,old,DLF Regency Park 2,gurgaon,3.825
250.65,3.0,4.0,3.0,1.0,67.0,11.0,0.0,0.0,0.0,0.0,0.0,0.0,0.0,0.0,0.0,0.0,0.0,0.0,0.0,0.0,0.0,0.0,0.0,0.0,0.0,Super Built up,high,new,Ireo Victory Valley,gurgaon,5.95
232.26,4.0,6.0,3.0,1.0,22.0,14.0,0.0,0.0,0.0,0.0,0.0,0.0,0.0,0.0,0.0,0.0,0.0,0.0,0.0,0.0,0.0,0.0,0.0,0.0,0.0,Carpet,high,new,Ambience Creacions,gurgaon,8.16
111.2,2.0,2.0,2.0,0.0,92.0,10.0,0.0,0.0,0.0,0.0,0.0,0.0,0.0,0.0,0.0,0.0,0.0,0.0,0.0,0.0,0.0,0.0,0.0,0.0,0.0,Super Built up,low,mid aged,Signature Global City 92,gurgaon,1.326
167.23,3.0,3.0,2.0,0.0,9.0,45.0,0.0,0.0,0.0,0.0,0.0,0.0,5.0,0.0,0.0,0.0,2.0,0.0,1.0,0.0,0.0,0.0,0.0,0.0,0.0,Super Built up,low,old,The Khushboo Cooperative Housing Society Ltd,gurgaon,1.496
241.36,3.0,3.0,3.0,1.0,102.0,11.0,0.0,0.0,0.0,0.0,0.0,0.0,0.0,0.0,0.0,0.0,0.0,0.0,0.0,0.0,0.0,0.0,0.0,0.0,0.0,Super Built up,low,new,Adani M2K Oyster Grande,gurgaon,4.42
229.47,4.0,4.0,3.0,1.0,2.0,43.0,0.0,0.0,0.0,0.0,0.0,0.0,8.0,0.0,0.0,0.0,7.0,0.0,0.0,0.0,0.0,0.0,0.0,0.0,0.0,Carpet,low,old,DLF Belvedere Towers,gurgaon,5.779999999999999
186.08,3.0,4.0,2.0,0.0,108.0,13.0,0.0,0.0,0.0,0.0,0.0,0.0,0.0,0.0,0.0,0.0,0.0,0.0,0.0,0.0,0.0,0.0,0.0,0.0,0.0,Super Built up,high,new,Sobha City,gurgaon,4.93
179.21,3.0,3.0,3.0,1.0,86.0,10.0,0.0,0.0,0.0,0.0,0.0,0.0,0.0,0.0,0.0,0.0,0.0,0.0,0.0,0.0,0.0,0.0,0.0,0.0,0.0,Super Built up,high,new,DLF The Skycourt,gurgaon,2.55
124.49,3.0,3.0,3.0,0.0,,11.0,0.0,0.0,0.0,0.0,0.0,0.0,0.0,0.0,0.0,0.0,0.0,0.0,0.0,0.0,0.0,0.0,0.0,0.0,0.0,Carpet,low,new,Suncity Vatsal Valley,gurgaon,2.176
157.47,3.0,3.0,3.0,1.0,113.0,8.0,0.0,0.0,0.0,0.0,0.0,0.0,0.0,1.0,0.0,0.0,0.0,0.0,0.0,0.0,0.0,0.0,0.0,0.0,0.0,Super Built up,low,new,M3M Capital,gurgaon,4.267
325.16,4.0,5.0,3.0,1.0,3.0,42.0,0.0,0.0,0.0,0.0,0.0,0.0,11.0,0.0,0.0,0.0,6.0,0.0,0.0,0.0,0.0,0.0,0.0,0.0,0.0,Carpet,low,new,DLF City Plots Phase 3,gurgaon,11.05
232.26,3.0,3.0,1.0,1.0,,47.0,0.0,0.0,0.0,0.0,0.0,0.0,10.0,0.0,0.0,0.0,4.0,0.0,0.0,0.0,0.0,1.0,0.0,0.0,2.0,Carpet,high,old,Unitech Heritage City,gurgaon,6.170999999999999
199.74,3.0,3.0,3.0,1.0,79.0,10.0,0.0,0.0,0.0,0.0,0.0,0.0,0.0,0.0,0.0,0.0,0.0,0.0,0.0,0.0,0.0,0.0,0.0,0.0,0.0,Super Built up,mid,mid aged,Bestech Altura,gurgaon,3.145
267.1,4.0,6.0,3.0,1.0,103.0,15.0,0.0,0.0,0.0,0.0,0.0,0.0,0.0,0.0,0.0,0.0,0.0,0.0,0.0,0.0,0.0,0.0,0.0,0.0,0.0,Super Built up,mid,new,Indiabulls Centrum Park,gurgaon,4.165
196.95,3.0,4.0,2.0,1.0,85.0,15.0,0.0,0.0,0.0,0.0,0.0,0.0,0.0,0.0,0.0,0.0,0.0,0.0,0.0,0.0,0.0,0.0,0.0,0.0,0.0,Super Built up,mid,new,Orris Aster Court Premier,gurgaon,2.346
497.03,4.0,4.0,3.0,1.0,,11.0,0.0,0.0,0.0,0.0,0.0,0.0,0.0,0.0,0.0,0.0,0.0,0.0,0.0,0.0,0.0,0.0,0.0,0.0,0.0,Super Built up,high,new,Paras Quartier,gurgaon,10.03
454.3,4.0,6.0,3.0,1.0,82.0,11.0,0.0,0.0,0.0,0.0,0.0,0.0,0.0,0.0,0.0,0.0,0.0,0.0,0.0,0.0,0.0,0.0,0.0,0.0,0.0,Super Built up,high,new,Mapsko Casa Bella,gurgaon,5.1
163.51,4.0,4.0,3.0,0.0,1.0,25.0,0.0,0.0,0.0,0.0,0.0,0.0,0.0,0.0,0.0,0.0,0.0,0.0,0.0,0.0,0.0,0.0,0.0,0.0,0.0,Carpet,high,old,Samadhan Shri Kamal CGHS,gurgaon,3.417
163.42,4.0,4.0,3.0,0.0,38.0,46.0,0.0,0.0,0.0,0.0,0.0,0.0,4.0,0.0,0.0,0.0,0.0,0.0,0.0,0.0,0.0,0.0,0.0,0.0,0.0,Carpet,high,old,Navjyoti Apartment,gurgaon,3.57
297.29,3.0,4.0,3.0,1.0,3.0,42.0,0.0,0.0,0.0,0.0,0.0,0.0,7.0,0.0,0.0,0.0,4.0,0.0,0.0,0.0,0.0,0.0,0.0,0.0,0.0,Super Built up,low,old,Ambience Lagoon,gurgaon,7.225
192.31,3.0,4.0,3.0,1.0,49.0,13.0,0.0,0.0,0.0,0.0,0.0,0.0,0.0,2.0,0.0,0.0,0.0,0.0,0.0,0.0,0.0,0.0,0.0,0.0,0.0,Super Built up,high,new,Orchid Petals,gurgaon,4.335
218.32,4.0,3.0,3.0,1.0,52.0,43.0,0.0,0.0,0.0,0.0,0.0,0.0,8.0,0.0,0.0,0.0,0.0,0.0,1.0,0.0,0.0,0.0,0.0,0.0,0.0,Super Built up,mid,old,Friends Apartment,gurgaon,3.4
235.7,3.0,4.0,3.0,1.0,,15.0,0.0,0.0,1.0,0.0,0.0,0.0,0.0,0.0,0.0,0.0,0.0,0.0,0.0,0.0,0.0,0.0,0.0,0.0,0.0,Carpet,mid,old,The Close South,gurgaon,5.525
156.91,3.0,3.0,3.0,0.0,,49.0,0.0,0.0,0.0,0.0,0.0,0.0,1.0,0.0,0.0,0.0,0.0,0.0,0.0,0.0,0.0,0.0,0.0,0.0,0.0,Super Built up,low,new,Hero Homes,gurgaon,2.72
178.37,3.0,4.0,3.0,1.0,,10.0,0.0,0.0,0.0,0.0,0.0,0.0,0.0,0.0,0.0,0.0,0.0,0.0,0.0,0.0,0.0,0.0,0.0,0.0,0.0,Super Built up,high,old,Bestech Park View Residency,gurgaon,2.55
217.67,3.0,3.0,2.0,1.0,108.0,13.0,0.0,0.0,0.0,0.0,0.0,0.0,0.0,0.0,0.0,0.0,0.0,0.0,0.0,0.0,0.0,0.0,0.0,0.0,0.0,Super Built up,high,new,Sobha City,gurgaon,6.375
131.55,2.0,2.0,3.0,0.0,,10.0,0.0,0.0,0.0,0.0,0.0,0.0,0.0,0.0,0.0,0.0,0.0,0.0,0.0,0.0,0.0,0.0,0.0,0.0,0.0,Carpet,high,old,Bestech Park View Residency,gurgaon,1.615
120.77,4.0,3.0,3.0,0.0,15.0,49.0,0.0,0.0,0.0,0.0,0.0,0.0,6.0,1.0,0.0,0.0,0.0,0.0,0.0,0.0,0.0,0.0,0.0,0.0,1.0,Carpet,low,old,CGHS Rail Vihar,gurgaon,2.38
179.21,3.0,4.0,3.0,1.0,86.0,10.0,0.0,0.0,0.0,0.0,0.0,0.0,0.0,0.0,0.0,0.0,0.0,0.0,0.0,0.0,0.0,0.0,0.0,0.0,0.0,Super Built up,high,new,DLF The Skycourt,gurgaon,2.652
153.29,3.0,3.0,3.0,1.0,102.0,10.0,0.0,0.0,0.0,0.0,0.0,0.0,0.0,0.0,0.0,0.0,0.0,0.0,0.0,0.0,0.0,0.0,0.0,0.0,0.0,Super Built up,high,new,Emaar Gurgaon Greens,gurgaon,2.295
125.33,2.0,2.0,2.0,0.0,102.0,13.0,0.0,0.0,0.0,0.0,0.0,0.0,0.0,0.0,0.0,0.0,0.0,0.0,0.0,0.0,0.0,0.0,0.0,0.0,0.0,Super Built up,high,new,Shapoorji Pallonji Joyville Gurugram,gurgaon,2.38
165.09,3.0,3.0,2.0,1.0,4.0,45.0,0.0,0.0,0.0,0.0,0.0,0.0,4.0,0.0,0.0,0.0,3.0,0.0,1.0,0.0,0.0,0.0,0.0,0.0,2.0,Super Built up,high,old,DLF Regency Park 2,gurgaon,3.842
138.61,2.0,2.0,2.0,1.0,33.0,7.0,0.0,0.0,0.0,0.0,0.0,0.0,0.0,0.0,0.0,0.0,0.0,0.0,0.0,0.0,0.0,0.0,0.0,0.0,0.0,Built Up,high,new,Eldeco Accolade,gurgaon,2.04
226.96,4.0,4.0,3.0,1.0,37.0,11.0,0.0,0.0,0.0,0.0,0.0,0.0,0.0,0.0,0.0,0.0,0.0,0.0,0.0,0.0,0.0,0.0,0.0,0.0,0.0,Super Built up,high,new,BPTP Terra,gurgaon,3.536
223.71,3.0,4.0,3.0,1.0,85.0,13.0,0.0,0.0,0.0,0.0,0.0,0.0,0.0,0.0,0.0,0.0,0.0,0.0,0.0,0.0,0.0,0.0,0.0,0.0,0.0,Super Built up,high,new,SS The Leaf,gurgaon,2.975
234.77,3.0,3.0,3.0,1.0,67.0,11.0,0.0,0.0,0.0,0.0,0.0,0.0,0.0,0.0,0.0,0.0,0.0,0.0,0.0,0.0,0.0,0.0,0.0,0.0,0.0,Super Built up,mid,new,Ireo Victory Valley,gurgaon,5.083
140.12,2.0,2.0,2.0,1.0,62.0,11.0,0.0,0.0,0.0,0.0,0.0,0.0,0.0,0.0,0.0,0.0,0.0,0.0,0.0,0.0,0.0,0.0,0.0,0.0,0.0,Super Built up,high,new,Emaar Digihomes,gurgaon,3.57
223.99,3.0,3.0,3.0,1.0,67.0,11.0,0.0,0.0,0.0,0.0,0.0,0.0,0.0,0.0,0.0,0.0,0.0,0.0,0.0,0.0,0.0,0.0,0.0,0.0,0.0,Super Built up,high,new,Ireo Victory Valley,gurgaon,4.879
165.09,3.0,3.0,2.0,1.0,4.0,47.0,0.0,0.0,0.0,0.0,0.0,0.0,10.0,0.0,0.0,0.0,2.0,0.0,0.0,0.0,0.0,0.0,0.0,0.0,2.0,Super Built up,high,old,DLF Regency Park 2,gurgaon,3.995
232.26,3.0,4.0,3.0,0.0,,42.0,0.0,0.0,0.0,0.0,0.0,0.0,7.0,0.0,0.0,0.0,4.0,0.0,0.0,0.0,0.0,0.0,0.0,0.0,0.0,Carpet,low,old,lagoon apartment,gurgaon,5.1
408.77,4.0,6.0,3.0,0.0,,42.0,0.0,0.0,0.0,0.0,0.0,0.0,7.0,0.0,0.0,0.0,4.0,0.0,0.0,0.0,0.0,0.0,0.0,0.0,0.0,Carpet,mid,old,lagoon apartment,gurgaon,10.2
153.29,3.0,3.0,3.0,1.0,65.0,6.0,0.0,0.0,0.0,0.0,0.0,0.0,0.0,0.0,0.0,0.0,0.0,0.0,0.0,0.0,0.0,0.0,0.0,0.0,0.0,Built Up,low,new,Emaar MGF Emerald Floors Premier,gurgaon,3.995
310.67,3.0,4.0,3.0,1.0,103.0,15.0,0.0,0.0,0.0,0.0,0.0,0.0,0.0,0.0,0.0,0.0,0.0,0.0,0.0,0.0,0.0,0.0,0.0,0.0,0.0,Carpet,high,new,Indiabulls Centrum Park,gurgaon,3.23
137.03,3.0,3.0,2.0,1.0,85.0,8.0,0.0,0.0,0.0,0.0,0.0,0.0,0.0,0.0,0.0,0.0,0.0,0.0,0.0,0.0,0.0,0.0,0.0,0.0,0.0,Super Built up,high,old,Orris Carnation Residency,gurgaon,1.224
141.77,3.0,2.0,3.0,0.0,1.0,10.0,0.0,0.0,0.0,0.0,0.0,0.0,0.0,0.0,0.0,0.0,0.0,0.0,0.0,0.0,0.0,0.0,0.0,0.0,0.0,Carpet,mid,old,Sbr minda sec 1 imt manesar,gurgaon,1.105
194.35,3.0,4.0,3.0,1.0,81.0,9.0,0.0,0.0,0.0,0.0,0.0,0.0,0.0,0.0,0.0,0.0,0.0,0.0,0.0,0.0,0.0,0.0,0.0,0.0,0.0,Super Built up,high,new,DLF The Ultima,gurgaon,3.978
191.38,4.0,5.0,3.0,1.0,113.0,8.0,0.0,0.0,0.0,0.0,0.0,0.0,0.0,1.0,0.0,0.0,0.0,0.0,0.0,0.0,0.0,0.0,0.0,0.0,0.0,Built Up,high,new,M3M Capital,gurgaon,4.369
203.55,3.0,3.0,3.0,1.0,37.0,11.0,0.0,0.0,0.0,0.0,0.0,0.0,0.0,0.0,0.0,0.0,0.0,0.0,0.0,0.0,0.0,0.0,0.0,0.0,0.0,Built Up,mid,new,BPTP Terra,gurgaon,2.907
355.82,5.0,5.0,3.0,1.0,110.0,15.0,0.0,0.0,0.0,0.0,0.0,0.0,0.0,0.0,0.0,0.0,0.0,0.0,0.0,0.0,0.0,0.0,0.0,0.0,0.0,Super Built up,mid,new,Indiabulls Enigma,gurgaon,6.443
241.55,4.0,4.0,3.0,1.0,56.0,47.0,1.0,0.0,0.0,0.0,0.0,0.0,13.0,0.0,0.0,0.0,4.0,0.0,0.0,0.0,0.0,1.0,0.0,0.0,0.0,Built Up,mid,old,The Lions CGHS,gurgaon,3.4849999999999994
276.76,3.0,3.0,3.0,1.0,65.0,9.0,0.0,0.0,0.0,0.0,0.0,0.0,0.0,0.0,0.0,0.0,0.0,0.0,0.0,0.0,0.0,0.0,0.0,0.0,0.0,Super Built up,high,new,M3M Golfestate,gurgaon,8.84
204.39,3.0,3.0,3.0,1.0,66.0,14.0,0.0,0.0,0.0,0.0,0.0,0.0,0.0,0.0,0.0,0.0,0.0,0.0,0.0,0.0,0.0,0.0,0.0,0.0,0.0,Super Built up,high,new,Emaar MGF The Palm Drive,gurgaon,5.44
91.97,2.0,2.0,1.0,0.0,30.0,49.0,0.0,0.0,0.0,0.0,0.0,0.0,12.0,0.0,0.0,0.0,0.0,0.0,0.0,0.0,0.0,0.0,0.0,0.0,2.0,Super Built up,low,old,AFNHB Jalvayu Vihar,gurgaon,1.1729999999999998
260.31,3.0,3.0,2.0,1.0,112.0,8.0,0.0,0.0,0.0,0.0,0.0,0.0,0.0,0.0,0.0,0.0,0.0,0.0,0.0,0.0,0.0,0.0,0.0,0.0,0.0,Super Built up,high,new,Experion Windchants,gurgaon,6.375
260.31,3.0,4.0,3.0,1.0,112.0,8.0,0.0,0.0,0.0,0.0,0.0,0.0,0.0,0.0,0.0,0.0,0.0,0.0,0.0,0.0,0.0,0.0,0.0,0.0,0.0,Super Built up,high,new,Experion Windchants,gurgaon,6.205
440.27,4.0,5.0,3.0,1.0,112.0,8.0,0.0,0.0,0.0,0.0,0.0,0.0,0.0,0.0,0.0,0.0,0.0,0.0,0.0,0.0,0.0,0.0,0.0,0.0,0.0,Super Built up,mid,new,Experion Windchants,gurgaon,9.333
194.63,4.0,4.0,3.0,1.0,84.0,3.0,0.0,0.0,0.0,0.0,0.0,0.0,0.0,0.0,0.0,0.0,0.0,0.0,0.0,0.0,0.0,0.0,0.0,0.0,0.0,Super Built up,low,new,Antriksh Heights,gurgaon,1.785
192.58,3.0,4.0,2.0,0.0,108.0,13.0,0.0,0.0,0.0,0.0,0.0,0.0,0.0,0.0,0.0,0.0,0.0,0.0,0.0,0.0,0.0,0.0,0.0,0.0,0.0,Super Built up,high,new,Sobha City,gurgaon,5.695
193.8,3.0,3.0,3.0,1.0,47.0,42.0,0.0,0.0,0.0,0.0,0.0,0.0,1.0,0.0,0.0,0.0,0.0,0.0,0.0,0.0,0.0,0.0,0.0,0.0,0.0,Super Built up,high,old,Unitech Uniworld Gardens,gurgaon,4.08
209.12,3.0,3.0,3.0,1.0,56.0,45.0,1.0,0.0,0.0,0.0,0.0,0.0,14.0,0.0,0.0,0.0,3.0,0.0,0.0,0.0,0.0,1.0,0.0,0.0,0.0,Built Up,mid,old,Park Royal Apartment,gurgaon,2.907
380.44,5.0,6.0,3.0,0.0,106.0,11.0,0.0,0.0,0.0,0.0,0.0,0.0,0.0,0.0,0.0,3.0,0.0,0.0,0.0,0.0,0.0,0.0,0.0,0.0,0.0,Super Built up,high,under construction,Elan The Presidential,gurgaon,10.71
215.35,3.0,3.0,2.0,1.0,109.0,15.0,0.0,0.0,0.0,0.0,0.0,0.0,0.0,0.0,0.0,0.0,0.0,0.0,0.0,0.0,0.0,0.0,0.0,0.0,0.0,Carpet,mid,old,Raheja Atharva,gurgaon,3.74
315.87,4.0,4.0,3.0,1.0,110.0,15.0,0.0,0.0,0.0,0.0,0.0,0.0,0.0,0.0,0.0,0.0,0.0,0.0,0.0,0.0,0.0,0.0,0.0,0.0,0.0,Super Built up,high,new,Indiabulls Enigma,gurgaon,5.525
369.75,4.0,5.0,3.0,1.0,48.0,9.0,0.0,0.0,0.0,0.0,0.0,0.0,0.0,0.0,0.0,0.0,0.0,0.0,0.0,0.0,0.0,0.0,0.0,0.0,0.0,Carpet,low,new,Central Park Resorts,gurgaon,19.125
222.97,3.0,3.0,3.0,1.0,33.0,15.0,0.0,0.0,0.0,0.0,0.0,0.0,0.0,0.0,0.0,0.0,0.0,0.0,0.0,0.0,0.0,0.0,0.0,0.0,0.0,Carpet,low,new,Central Park Flower Valley,gurgaon,5.609999999999999
178.37,3.0,4.0,3.0,1.0,,10.0,0.0,0.0,0.0,0.0,0.0,0.0,0.0,0.0,0.0,0.0,0.0,0.0,0.0,0.0,0.0,0.0,0.0,0.0,0.0,Super Built up,mid,old,Bestech Park View Residency,gurgaon,2.567
153.29,3.0,3.0,3.0,1.0,102.0,10.0,0.0,0.0,0.0,0.0,0.0,0.0,0.0,0.0,0.0,0.0,0.0,0.0,0.0,0.0,0.0,0.0,0.0,0.0,0.0,Super Built up,mid,new,Emaar Gurgaon Greens,gurgaon,2.346
306.58,3.0,3.0,3.0,1.0,66.0,14.0,0.0,0.0,0.0,0.0,0.0,0.0,0.0,0.0,0.0,0.0,0.0,0.0,0.0,0.0,0.0,0.0,0.0,0.0,0.0,Super Built up,high,new,Emaar MGF The Palm Drive,gurgaon,7.819999999999999
153.29,3.0,3.0,3.0,1.0,102.0,10.0,0.0,0.0,0.0,0.0,0.0,0.0,0.0,0.0,0.0,0.0,0.0,0.0,0.0,0.0,0.0,0.0,0.0,0.0,0.0,Super Built up,high,new,Emaar Gurgaon Greens,gurgaon,2.38
183.48,4.0,4.0,3.0,1.0,65.0,6.0,0.0,0.0,0.0,0.0,0.0,0.0,0.0,0.0,0.0,0.0,0.0,0.0,0.0,0.0,0.0,0.0,0.0,0.0,0.0,Super Built up,mid,new,Emaar MGF Emerald Floors Premier,gurgaon,5.95
166.3,3.0,4.0,2.0,1.0,82.0,10.0,0.0,0.0,0.0,0.0,0.0,0.0,0.0,0.0,0.0,0.0,0.0,0.0,0.0,0.0,0.0,0.0,0.0,0.0,0.0,Super Built up,high,new,Mapsko Royale Ville,gurgaon,1.683
153.29,3.0,3.0,3.0,1.0,65.0,6.0,0.0,0.0,0.0,0.0,0.0,0.0,0.0,0.0,0.0,0.0,0.0,0.0,0.0,0.0,0.0,0.0,0.0,0.0,0.0,Carpet,mid,new,Emaar MGF Emerald Floors Premier,gurgaon,4.505
180.6,3.0,3.0,2.0,1.0,45.0,47.0,0.0,0.0,0.0,0.0,0.0,0.0,6.0,0.0,0.0,0.0,0.0,0.0,0.0,0.0,0.0,0.0,0.0,0.0,0.0,Super Built up,low,new,Unitech Greenwood City,gurgaon,4.08
199.74,3.0,3.0,3.0,1.0,109.0,11.0,0.0,0.0,0.0,0.0,0.0,0.0,0.0,0.0,0.0,0.0,0.0,0.0,0.0,0.0,0.0,0.0,0.0,0.0,0.0,Super Built up,high,new,ATS Tourmaline,gurgaon,2.805
167.78,4.0,3.0,3.0,1.0,9.0,44.0,1.0,0.0,0.0,0.0,0.0,0.0,5.0,0.0,0.0,4.0,0.0,0.0,0.0,0.0,0.0,0.0,0.0,0.0,0.0,Carpet,low,old,Railway Officers RPF Society,gurgaon,2.125
240.51,3.0,3.0,3.0,1.0,62.0,11.0,0.0,0.0,0.0,0.0,0.0,0.0,0.0,0.0,0.0,0.0,0.0,0.0,0.0,0.0,0.0,0.0,0.0,0.0,0.0,Super Built up,high,new,Emaar Digihomes,gurgaon,6.8
176.52,3.0,3.0,3.0,1.0,83.0,10.0,0.0,0.0,0.0,0.0,0.0,0.0,0.0,0.0,0.0,0.0,0.0,0.0,0.0,0.0,0.0,0.0,0.0,0.0,0.0,Super Built up,mid,new,Emaar Palm Gardens,gurgaon,3.06
253.07,4.0,3.0,3.0,1.0,91.0,10.0,0.0,0.0,0.0,0.0,0.0,0.0,0.0,0.0,0.0,0.0,0.0,0.0,0.0,0.0,0.0,0.0,0.0,0.0,0.0,Super Built up,high,new,TARC Maceo,gurgaon,2.975
153.29,3.0,3.0,2.0,1.0,65.0,6.0,0.0,0.0,0.0,0.0,0.0,0.0,0.0,0.0,0.0,0.0,0.0,0.0,0.0,0.0,0.0,0.0,0.0,0.0,0.0,Built Up,mid,new,Emaar MGF Emerald Floors Premier,gurgaon,3.995
402.92,4.0,5.0,3.0,1.0,62.0,12.0,0.0,0.0,0.0,0.0,0.0,0.0,0.0,0.0,0.0,0.0,0.0,0.0,0.0,0.0,0.0,0.0,0.0,0.0,0.0,Super Built up,mid,new,Pioneer Urban Presidia,gurgaon,12.155
181.16,4.0,3.0,3.0,1.0,77.0,10.0,0.0,0.0,0.0,0.0,0.0,0.0,0.0,0.0,0.0,0.0,0.0,0.0,0.0,0.0,0.0,0.0,0.0,0.0,0.0,Super Built up,high,new,Emaar MGF Palm Hills,gurgaon,2.788
153.29,3.0,3.0,2.0,1.0,65.0,6.0,0.0,0.0,0.0,0.0,0.0,0.0,0.0,0.0,0.0,0.0,0.0,0.0,0.0,0.0,0.0,0.0,0.0,0.0,0.0,Super Built up,low,new,Emaar MGF Emerald Floors Premier,gurgaon,4.76
293.57,4.0,6.0,3.0,1.0,54.0,11.0,0.0,0.0,0.0,0.0,0.0,0.0,0.0,0.0,0.0,0.0,0.0,0.0,0.0,0.0,0.0,0.0,0.0,0.0,0.0,Super Built up,high,old,La Lagune,gurgaon,11.475
222.97,3.0,4.0,3.0,1.0,67.0,10.0,0.0,0.0,0.0,0.0,0.0,0.0,0.0,0.0,0.0,0.0,0.0,0.0,0.0,0.0,0.0,0.0,0.0,0.0,0.0,Super Built up,high,new,M3M Merlin,gurgaon,5.95
159.51,3.0,3.0,3.0,1.0,65.0,8.0,0.0,0.0,0.0,0.0,0.0,0.0,0.0,0.0,0.0,0.0,0.0,0.0,0.0,0.0,0.0,0.0,0.0,0.0,0.0,Carpet,mid,new,M3M Latitude,gurgaon,7.819999999999999
185.81,3.0,3.0,3.0,1.0,74.0,7.0,0.0,0.0,0.0,0.0,0.0,0.0,0.0,0.0,0.0,0.0,0.0,0.0,0.0,0.0,0.0,0.0,0.0,0.0,0.0,Super Built up,mid,new,M3M Skywalk,gurgaon,3.825
194.35,3.0,3.0,3.0,1.0,82.0,7.0,0.0,0.0,0.0,0.0,0.0,0.0,0.0,0.0,0.0,0.0,0.0,0.0,0.0,0.0,0.0,0.0,0.0,0.0,0.0,Super Built up,high,new,DLF The Primus,gurgaon,3.74
242.11,4.0,4.0,3.0,1.0,82.0,7.0,0.0,0.0,0.0,0.0,0.0,0.0,0.0,0.0,0.0,0.0,0.0,0.0,0.0,0.0,0.0,0.0,0.0,0.0,0.0,Super Built up,low,new,DLF The Primus,gurgaon,4.845
205.78,4.0,4.0,3.0,0.0,90.0,14.0,0.0,0.0,0.0,0.0,2.0,0.0,0.0,0.0,0.0,0.0,0.0,0.0,0.0,0.0,0.0,0.0,0.0,0.0,0.0,Super Built up,high,new,DLF Regal Gardens,gurgaon,2.992
128.67,2.0,2.0,3.0,0.0,106.0,11.0,0.0,0.0,0.0,0.0,0.0,0.0,0.0,0.0,0.0,0.0,0.0,0.0,0.0,0.0,0.0,0.0,0.0,0.0,0.0,Super Built up,low,new,Paras Dews,gurgaon,1.7
264.87,4.0,4.0,3.0,1.0,61.0,14.0,0.0,0.0,0.0,0.0,0.0,0.0,0.0,0.0,0.0,0.0,0.0,0.0,0.0,0.0,0.0,0.0,0.0,0.0,0.0,Super Built up,low,old,Pioneer Park,gurgaon,6.12
223.71,3.0,4.0,3.0,1.0,85.0,13.0,0.0,0.0,0.0,0.0,0.0,0.0,0.0,0.0,0.0,0.0,0.0,0.0,0.0,0.0,0.0,0.0,0.0,0.0,0.0,Super Built up,mid,new,SS The Leaf,gurgaon,3.026
150.5,3.0,3.0,3.0,1.0,71.0,15.0,0.0,0.0,0.0,0.0,0.0,0.0,0.0,0.0,0.0,0.0,0.0,0.0,0.0,0.0,0.0,0.0,0.0,0.0,0.0,Super Built up,high,old,CHD Avenue 71,gurgaon,1.666
223.25,3.0,3.0,3.0,1.0,60.0,7.0,0.0,0.0,0.0,0.0,0.0,0.0,0.0,0.0,0.0,0.0,0.0,0.0,0.0,0.0,0.0,0.0,0.0,0.0,0.0,Super Built up,low,new,Ireo Skyon,gurgaon,4.794
202.99,3.0,4.0,3.0,1.0,72.0,10.0,0.0,0.0,0.0,0.0,0.0,0.0,0.0,1.0,0.0,0.0,0.0,0.0,0.0,0.0,0.0,0.0,0.0,0.0,0.0,Super Built up,high,new,Tata Primanti,gurgaon,5.457
146.69,3.0,2.0,2.0,1.0,113.0,8.0,0.0,0.0,0.0,0.0,0.0,0.0,0.0,0.0,0.0,0.0,0.0,0.0,0.0,0.0,0.0,0.0,0.0,0.0,0.0,Super Built up,high,new,La Vida by Tata Housing,gurgaon,3.23
160.35,3.0,3.0,2.0,1.0,90.0,14.0,0.0,0.0,0.0,0.0,2.0,0.0,0.0,0.0,0.0,0.0,0.0,0.0,0.0,0.0,0.0,0.0,0.0,0.0,0.0,Super Built up,high,new,DLF Regal Gardens,gurgaon,2.023
166.3,3.0,3.0,3.0,1.0,81.0,9.0,0.0,0.0,0.0,0.0,0.0,0.0,0.0,0.0,0.0,0.0,0.0,0.0,0.0,0.0,0.0,0.0,0.0,0.0,0.0,Super Built up,high,old,Bestech Park View Ananda,gurgaon,2.295
222.97,4.0,5.0,3.0,1.0,69.0,11.0,0.0,0.0,0.0,0.0,0.0,0.0,0.0,0.0,0.0,0.0,1.0,0.0,0.0,1.0,0.0,0.0,0.0,0.0,0.0,Super Built up,mid,new,Tulip Purple,gurgaon,3.06
166.3,3.0,3.0,3.0,1.0,103.0,15.0,0.0,0.0,0.0,0.0,0.0,0.0,0.0,0.0,0.0,0.0,0.0,0.0,0.0,0.0,0.0,0.0,0.0,0.0,0.0,Super Built up,low,new,Indiabulls Centrum Park,gurgaon,2.295
236.44,3.0,3.0,3.0,1.0,109.0,11.0,0.0,0.0,0.0,0.0,0.0,0.0,0.0,0.0,0.0,3.0,0.0,0.0,0.0,0.0,0.0,0.0,0.0,0.0,0.0,Super Built up,high,new,SBTL Caladium,gurgaon,2.89
225.29,4.0,5.0,3.0,1.0,82.0,10.0,0.0,0.0,0.0,0.0,0.0,0.0,0.0,0.0,0.0,0.0,0.0,0.0,0.0,0.0,0.0,0.0,0.0,0.0,0.0,Super Built up,high,new,Vatika The Seven Lamps,gurgaon,2.72
189.99,3.0,4.0,3.0,1.0,60.0,7.0,0.0,0.0,0.0,0.0,0.0,0.0,0.0,0.0,0.0,0.0,0.0,0.0,0.0,0.0,0.0,0.0,0.0,0.0,0.0,Super Built up,mid,old,Ireo Skyon,gurgaon,4.505
103.59,2.0,2.0,2.0,1.0,85.0,8.0,0.0,0.0,0.0,0.0,0.0,0.0,0.0,0.0,0.0,0.0,0.0,0.0,0.0,0.0,0.0,0.0,0.0,0.0,0.0,Super Built up,mid,new,Orris Carnation Residency,gurgaon,0.935
153.29,3.0,3.0,3.0,1.0,102.0,10.0,0.0,0.0,0.0,0.0,0.0,0.0,0.0,0.0,0.0,0.0,0.0,0.0,0.0,0.0,0.0,0.0,0.0,0.0,0.0,Super Built up,mid,new,Emaar Gurgaon Greens,gurgaon,2.38
145.39,2.0,2.0,3.0,1.0,,10.0,0.0,0.0,0.0,0.0,0.0,0.0,0.0,0.0,0.0,0.0,0.0,0.0,0.0,0.0,0.0,0.0,0.0,0.0,0.0,Super Built up,mid,old,Bestech Park View Residency,gurgaon,2.142
257.16,4.0,5.0,3.0,1.0,107.0,6.0,0.0,0.0,0.0,0.0,0.0,0.0,0.0,0.0,0.0,0.0,0.0,0.0,0.0,0.0,0.0,0.0,0.0,0.0,0.0,Super Built up,high,new,M3M Woodshire,gurgaon,2.89
258.36,3.0,3.0,3.0,0.0,22.0,14.0,0.0,0.0,0.0,0.0,0.0,0.0,0.0,0.0,0.0,0.0,0.0,0.0,0.0,0.0,0.0,0.0,0.0,0.0,0.0,Super Built up,low,new,Ambience Creacions,gurgaon,6.969999999999999
132.2,2.0,2.0,3.0,1.0,103.0,15.0,0.0,0.0,0.0,0.0,0.0,0.0,0.0,0.0,0.0,0.0,0.0,0.0,0.0,0.0,0.0,0.0,0.0,0.0,0.0,Super Built up,mid,new,Indiabulls Centrum Park,gurgaon,1.717
185.53,3.0,5.0,3.0,1.0,99.0,15.0,0.0,0.0,0.0,0.0,0.0,0.0,0.0,0.0,0.0,0.0,0.0,0.0,0.0,0.0,0.0,0.0,0.0,0.0,0.0,Super Built up,high,new,Pareena Coban Residences,gurgaon,2.465
177.44,3.0,3.0,3.0,1.0,48.0,45.0,0.0,0.0,0.0,0.0,0.0,0.0,10.0,0.0,0.0,0.0,0.0,0.0,0.0,0.0,0.0,0.0,1.0,0.0,0.0,Super Built up,high,old,Parsvnath Green Ville,gurgaon,2.72
185.81,3.0,3.0,3.0,1.0,66.0,14.0,0.0,0.0,0.0,0.0,0.0,0.0,0.0,0.0,0.0,0.0,0.0,0.0,0.0,0.0,0.0,0.0,0.0,0.0,0.0,Super Built up,mid,new,Emaar MGF The Palm Drive,gurgaon,5.083
180.42,3.0,4.0,3.0,1.0,102.0,15.0,0.0,0.0,0.0,0.0,0.0,0.0,0.0,0.0,0.0,0.0,0.0,0.0,0.0,0.0,0.0,0.0,0.0,0.0,0.0,Super Built up,high,new,Conscient Heritage Max,gurgaon,3.23
129.6,3.0,3.0,3.0,1.0,65.0,8.0,0.0,0.0,0.0,0.0,0.0,0.0,0.0,0.0,0.0,0.0,0.0,0.0,0.0,0.0,0.0,0.0,0.0,0.0,0.0,Super Built up,high,new,Emaar MGF Emerald Estate,gurgaon,2.975
168.9,3.0,3.0,3.0,0.0,90.0,14.0,0.0,0.0,0.0,0.0,2.0,0.0,0.0,0.0,0.0,0.0,0.0,0.0,0.0,0.0,0.0,0.0,0.0,0.0,0.0,Super Built up,mid,new,DLF Regal Gardens,gurgaon,2.21
223.99,3.0,3.0,3.0,1.0,67.0,11.0,0.0,0.0,0.0,0.0,0.0,0.0,0.0,0.0,0.0,0.0,0.0,0.0,0.0,0.0,0.0,0.0,0.0,0.0,0.0,Super Built up,high,new,Ireo Victory Valley,gurgaon,5.015000000000001
219.07,3.0,4.0,3.0,1.0,67.0,10.0,0.0,0.0,0.0,0.0,0.0,0.0,0.0,0.0,0.0,0.0,0.0,0.0,0.0,0.0,0.0,0.0,0.0,0.0,0.0,Super Built up,high,new,M3M Merlin,gurgaon,5.779999999999999
219.07,3.0,4.0,3.0,1.0,67.0,10.0,0.0,0.0,0.0,0.0,0.0,0.0,0.0,0.0,0.0,0.0,0.0,0.0,0.0,0.0,0.0,0.0,0.0,0.0,0.0,Super Built up,high,new,M3M Merlin,gurgaon,5.643999999999999
131.46,2.0,2.0,3.0,0.0,,10.0,0.0,0.0,0.0,0.0,0.0,0.0,0.0,0.0,0.0,0.0,0.0,0.0,0.0,0.0,0.0,0.0,0.0,0.0,0.0,Super Built up,low,old,Bestech Park View Residency,gurgaon,1.615
130.62,2.0,2.0,3.0,1.0,74.0,7.0,0.0,0.0,0.0,0.0,0.0,0.0,0.0,0.0,0.0,0.0,0.0,0.0,0.0,0.0,0.0,0.0,0.0,0.0,0.0,Super Built up,high,new,M3M Skywalk,gurgaon,2.635
132.29,2.0,2.0,3.0,1.0,74.0,7.0,0.0,0.0,0.0,0.0,0.0,0.0,0.0,0.0,0.0,0.0,0.0,0.0,0.0,0.0,0.0,0.0,0.0,0.0,0.0,Super Built up,high,new,M3M Skywalk,gurgaon,2.618
187.48,3.0,3.0,3.0,1.0,74.0,7.0,0.0,0.0,0.0,0.0,0.0,0.0,0.0,0.0,0.0,0.0,0.0,0.0,0.0,0.0,0.0,0.0,0.0,0.0,0.0,Super Built up,high,new,M3M Skywalk,gurgaon,4.165
227.61,3.0,4.0,3.0,1.0,104.0,13.0,0.0,0.0,0.0,0.0,0.0,0.0,0.0,0.0,0.0,0.0,0.0,0.0,0.0,0.0,0.0,0.0,0.0,0.0,0.0,Super Built up,mid,new,Puri Emerald Bay,gurgaon,4.42
223.71,3.0,4.0,3.0,0.0,85.0,13.0,0.0,0.0,0.0,0.0,0.0,0.0,0.0,0.0,0.0,0.0,0.0,0.0,0.0,0.0,0.0,0.0,0.0,0.0,0.0,Super Built up,high,new,SS The Leaf,gurgaon,3.111
152.36,2.0,2.0,3.0,0.0,85.0,13.0,0.0,0.0,0.0,0.0,0.0,0.0,0.0,0.0,0.0,0.0,0.0,0.0,0.0,0.0,0.0,0.0,0.0,0.0,0.0,Super Built up,mid,new,SS The Leaf,gurgaon,1.853
223.71,3.0,4.0,3.0,0.0,85.0,13.0,0.0,0.0,0.0,0.0,0.0,0.0,0.0,0.0,0.0,0.0,0.0,0.0,0.0,0.0,0.0,0.0,0.0,0.0,0.0,Super Built up,mid,new,SS The Leaf,gurgaon,3.1790000000000003
155.24,2.0,2.0,3.0,1.0,85.0,13.0,0.0,0.0,0.0,0.0,0.0,0.0,0.0,0.0,0.0,0.0,0.0,0.0,0.0,0.0,0.0,0.0,0.0,0.0,0.0,Super Built up,mid,new,SS The Leaf,gurgaon,1.785
223.71,3.0,4.0,3.0,1.0,85.0,13.0,0.0,0.0,0.0,0.0,0.0,0.0,0.0,0.0,0.0,0.0,0.0,0.0,0.0,0.0,0.0,0.0,0.0,0.0,0.0,Super Built up,mid,new,SS The Leaf,gurgaon,3.009
187.48,3.0,3.0,3.0,1.0,74.0,7.0,0.0,0.0,0.0,0.0,0.0,0.0,0.0,0.0,0.0,0.0,0.0,0.0,0.0,0.0,0.0,0.0,0.0,0.0,0.0,Super Built up,high,new,M3M Skywalk,gurgaon,3.74
68.28,1.0,1.0,1.0,0.0,2.0,24.0,0.0,0.0,0.0,0.0,0.0,0.0,0.0,0.0,0.0,0.0,0.0,0.0,0.0,0.0,0.0,0.0,0.0,0.0,0.0,Super Built up,mid,old,Ansal API Celebrity Suites,gurgaon,1.02
278.71,4.0,4.0,3.0,1.0,47.0,44.0,0.0,0.0,0.0,0.0,0.0,0.0,1.0,0.0,0.0,0.0,0.0,0.0,0.0,0.0,0.0,0.0,0.0,0.0,0.0,Super Built up,mid,old,CGHS Airport Apartment,gurgaon,3.06
141.77,3.0,2.0,3.0,0.0,1.0,7.0,0.0,0.0,0.0,0.0,0.0,0.0,0.0,0.0,0.0,1.0,0.0,0.0,0.0,0.0,0.0,0.0,0.0,0.0,0.0,Carpet,mid,old,Sbr minda sec-1 imt manesar,gurgaon,1.088
196.49,3.0,3.0,3.0,1.0,1.0,11.0,0.0,0.0,0.0,0.0,0.0,0.0,0.0,0.0,0.0,0.0,0.0,0.0,0.0,0.0,0.0,0.0,0.0,0.0,0.0,Super Built up,low,old,Prasha Apartments,gurgaon,1.275
289.11,3.0,3.0,3.0,1.0,65.0,9.0,0.0,0.0,0.0,0.0,0.0,0.0,0.0,0.0,0.0,0.0,0.0,0.0,0.0,0.0,0.0,0.0,0.0,0.0,0.0,Super Built up,high,new,M3M Golfestate,gurgaon,8.415000000000001
349.59,3.0,5.0,2.0,1.0,112.0,8.0,0.0,0.0,0.0,0.0,0.0,0.0,0.0,0.0,0.0,0.0,0.0,0.0,0.0,0.0,0.0,0.0,0.0,0.0,0.0,Super Built up,high,new,Experion Windchants,gurgaon,7.225
440.27,4.0,6.0,3.0,1.0,112.0,8.0,0.0,0.0,0.0,0.0,0.0,0.0,0.0,0.0,0.0,0.0,0.0,0.0,0.0,0.0,0.0,0.0,0.0,0.0,0.0,Super Built up,high,new,Experion Windchants,gurgaon,9.027
153.29,3.0,3.0,3.0,1.0,102.0,10.0,0.0,0.0,0.0,0.0,0.0,0.0,0.0,0.0,0.0,0.0,0.0,0.0,0.0,0.0,0.0,0.0,0.0,0.0,0.0,Super Built up,high,new,Emaar Gurgaon Greens,gurgaon,2.38
226.78,2.0,3.0,2.0,1.0,112.0,8.0,0.0,0.0,0.0,0.0,0.0,0.0,0.0,0.0,0.0,0.0,0.0,0.0,0.0,0.0,0.0,0.0,0.0,0.0,0.0,Super Built up,high,new,Experion Windchants,gurgaon,4.76
360.46,5.0,5.0,2.0,1.0,110.0,15.0,0.0,0.0,0.0,0.0,0.0,0.0,0.0,0.0,0.0,0.0,0.0,0.0,0.0,0.0,0.0,0.0,0.0,0.0,0.0,Super Built up,high,new,Indiabulls Enigma,gurgaon,6.969999999999999
315.87,4.0,5.0,3.0,1.0,110.0,15.0,0.0,0.0,0.0,0.0,0.0,0.0,0.0,0.0,0.0,0.0,0.0,0.0,0.0,0.0,0.0,0.0,0.0,0.0,0.0,Super Built up,high,new,Indiabulls Enigma,gurgaon,5.779999999999999
221.57,3.0,3.0,3.0,1.0,60.0,7.0,0.0,0.0,0.0,0.0,0.0,0.0,0.0,0.0,0.0,0.0,0.0,0.0,0.0,0.0,0.0,0.0,0.0,0.0,0.0,Super Built up,high,new,Ireo Skyon,gurgaon,5.185
301.93,4.0,4.0,3.0,1.0,72.0,10.0,0.0,0.0,0.0,0.0,0.0,0.0,0.0,1.0,0.0,0.0,0.0,0.0,0.0,0.0,0.0,0.0,0.0,0.0,0.0,Super Built up,mid,new,Tata Primanti,gurgaon,7.225
154.22,3.0,3.0,3.0,1.0,82.0,7.0,0.0,0.0,0.0,0.0,0.0,0.0,0.0,0.0,0.0,0.0,0.0,0.0,0.0,0.0,0.0,0.0,0.0,0.0,0.0,Carpet,low,new,Vatika Independent Floors,gurgaon,1.972
483.1,5.0,6.0,3.0,1.0,51.0,47.0,0.0,0.0,0.0,0.0,0.0,0.0,9.0,0.0,0.0,0.0,0.0,0.0,1.0,0.0,0.0,0.0,1.0,0.0,0.0,Built Up,high,old,Citizen apartment,gurgaon,6.034999999999999
175.49,3.0,4.0,3.0,1.0,102.0,11.0,0.0,0.0,0.0,0.0,0.0,0.0,0.0,0.0,0.0,0.0,0.0,0.0,0.0,0.0,0.0,0.0,0.0,0.0,0.0,Super Built up,high,new,Adani M2K Oyster Grande,gurgaon,3.06
172.06,3.0,3.0,3.0,0.0,102.0,13.0,0.0,0.0,0.0,0.0,0.0,0.0,0.0,0.0,0.0,0.0,0.0,0.0,0.0,0.0,0.0,0.0,0.0,0.0,0.0,Super Built up,low,new,Shapoorji Pallonji Joyville Gurugram,gurgaon,2.975
126.26,2.0,2.0,3.0,0.0,102.0,13.0,0.0,0.0,0.0,0.0,0.0,0.0,0.0,0.0,0.0,0.0,0.0,0.0,0.0,0.0,0.0,0.0,0.0,0.0,0.0,Super Built up,high,new,Shapoorji Pallonji Joyville Gurugram,gurgaon,2.04
153.29,3.0,3.0,3.0,1.0,102.0,10.0,0.0,0.0,0.0,0.0,0.0,0.0,0.0,0.0,0.0,0.0,0.0,0.0,0.0,0.0,0.0,0.0,0.0,0.0,0.0,Super Built up,mid,new,Emaar Gurgaon Greens,gurgaon,2.584
209.03,3.0,3.0,3.0,1.0,56.0,47.0,1.0,0.0,0.0,0.0,0.0,0.0,13.0,0.0,0.0,0.0,4.0,0.0,0.0,0.0,0.0,1.0,0.0,0.0,0.0,Super Built up,mid,old,Kiran Residency,gurgaon,2.635
195.38,3.0,3.0,3.0,1.0,81.0,9.0,0.0,0.0,0.0,0.0,0.0,0.0,0.0,0.0,0.0,0.0,0.0,0.0,0.0,0.0,0.0,0.0,0.0,0.0,0.0,Super Built up,high,new,DLF The Ultima,gurgaon,4.08
195.38,3.0,3.0,3.0,1.0,81.0,9.0,0.0,0.0,0.0,0.0,0.0,0.0,0.0,0.0,0.0,0.0,0.0,0.0,0.0,0.0,0.0,0.0,0.0,0.0,0.0,Super Built up,high,new,DLF The Ultima,gurgaon,3.995
195.38,3.0,3.0,3.0,1.0,81.0,9.0,0.0,0.0,0.0,0.0,0.0,0.0,0.0,0.0,0.0,0.0,0.0,0.0,0.0,0.0,0.0,0.0,0.0,0.0,0.0,Super Built up,high,new,DLF The Ultima,gurgaon,3.876
162.58,3.0,3.0,2.0,0.0,84.0,13.0,0.0,0.0,0.0,0.0,0.0,0.0,0.0,0.0,0.0,0.0,0.0,0.0,0.0,0.0,0.0,0.0,0.0,0.0,0.0,Super Built up,high,new,SS The Coralwood,gurgaon,1.87
195.38,3.0,3.0,3.0,1.0,81.0,9.0,0.0,0.0,0.0,0.0,0.0,0.0,0.0,0.0,0.0,0.0,0.0,0.0,0.0,0.0,0.0,0.0,0.0,0.0,0.0,Super Built up,high,new,DLF The Ultima,gurgaon,3.91
219.34,3.0,4.0,3.0,1.0,107.0,6.0,0.0,0.0,0.0,0.0,0.0,0.0,0.0,0.0,0.0,0.0,0.0,0.0,0.0,0.0,0.0,0.0,0.0,0.0,0.0,Super Built up,high,new,M3M Woodshire,gurgaon,2.295
227.61,3.0,4.0,3.0,1.0,104.0,13.0,0.0,0.0,0.0,0.0,0.0,0.0,0.0,0.0,0.0,0.0,0.0,0.0,0.0,0.0,0.0,0.0,0.0,0.0,0.0,Super Built up,high,new,Puri Emerald Bay,gurgaon,4.165
142.51,2.0,2.0,3.0,1.0,107.0,6.0,0.0,0.0,0.0,0.0,0.0,0.0,0.0,0.0,0.0,0.0,0.0,0.0,0.0,0.0,0.0,0.0,0.0,0.0,0.0,Super Built up,high,new,M3M Woodshire,gurgaon,1.53
183.48,4.0,4.0,3.0,1.0,65.0,6.0,0.0,0.0,0.0,0.0,0.0,0.0,0.0,0.0,0.0,0.0,0.0,0.0,0.0,0.0,0.0,0.0,0.0,0.0,0.0,Carpet,low,new,Emaar MGF Emerald Floors Premier,gurgaon,4.76
127.83,3.0,3.0,2.0,1.0,50.0,44.0,0.0,0.0,0.0,0.0,0.0,0.0,7.0,0.0,0.0,0.0,0.0,0.0,0.0,0.0,0.0,0.0,1.0,0.0,0.0,Super Built up,high,new,Eros Wembley Estate,gurgaon,2.38
165.37,3.0,3.0,3.0,0.0,,10.0,0.0,0.0,0.0,0.0,0.0,0.0,0.0,0.0,0.0,0.0,0.0,0.0,0.0,0.0,0.0,0.0,0.0,0.0,0.0,Super Built up,mid,old,Bestech Park View Residency,gurgaon,2.3120000000000003
131.46,2.0,2.0,3.0,0.0,,10.0,0.0,0.0,0.0,0.0,0.0,0.0,0.0,0.0,0.0,0.0,0.0,0.0,0.0,0.0,0.0,0.0,0.0,0.0,0.0,Super Built up,high,old,Bestech Park View Residency,gurgaon,1.666
60.48,1.0,1.0,2.0,0.0,,10.0,0.0,0.0,0.0,0.0,0.0,0.0,0.0,0.0,0.0,0.0,0.0,0.0,0.0,0.0,0.0,0.0,0.0,0.0,0.0,Carpet,mid,old,Bestech Park View Residency,gurgaon,0.952
269.42,4.0,4.0,3.0,1.0,84.0,10.0,0.0,0.0,0.0,0.0,0.0,0.0,0.0,0.0,0.0,0.0,0.0,0.0,0.0,0.0,0.0,0.0,0.0,0.0,0.0,Carpet,high,new,Alpha Corp GurgaonOne 84,gurgaon,3.74
246.19,3.0,3.0,3.0,1.0,1.0,10.0,0.0,0.0,0.0,0.0,0.0,0.0,0.0,0.0,0.0,0.0,0.0,0.0,0.0,0.0,0.0,0.0,0.0,0.0,0.0,Carpet,mid,old,Deepak Minda,gurgaon,2.04
166.3,3.0,3.0,3.0,1.0,103.0,15.0,0.0,0.0,0.0,0.0,0.0,0.0,0.0,0.0,0.0,0.0,0.0,0.0,0.0,0.0,0.0,0.0,0.0,0.0,0.0,Super Built up,high,new,Indiabulls Centrum Park,gurgaon,2.261
146.6,2.0,3.0,3.0,1.0,37.0,8.0,0.0,0.0,0.0,0.0,0.0,0.0,0.0,0.0,0.0,0.0,0.0,0.0,0.0,0.0,0.0,0.0,0.0,0.0,0.0,Super Built up,high,new,Imperia The Esfera,gurgaon,1.479
152.36,2.0,2.0,3.0,1.0,85.0,13.0,0.0,0.0,0.0,0.0,0.0,0.0,0.0,0.0,0.0,0.0,0.0,0.0,0.0,0.0,0.0,0.0,0.0,0.0,0.0,Super Built up,high,new,SS The Leaf,gurgaon,1.853
181.16,3.0,3.0,2.0,1.0,66.0,14.0,0.0,0.0,0.0,0.0,0.0,0.0,0.0,0.0,0.0,0.0,0.0,0.0,0.0,0.0,0.0,0.0,0.0,0.0,0.0,Super Built up,high,new,Emaar MGF The Palm Drive,gurgaon,5.1
176.52,3.0,3.0,3.0,1.0,83.0,10.0,0.0,0.0,0.0,0.0,0.0,0.0,0.0,0.0,0.0,0.0,0.0,0.0,0.0,0.0,0.0,0.0,0.0,0.0,0.0,Super Built up,high,new,Emaar Palm Gardens,gurgaon,2.975
176.52,3.0,3.0,3.0,1.0,83.0,10.0,0.0,0.0,0.0,0.0,0.0,0.0,0.0,0.0,0.0,0.0,0.0,0.0,0.0,0.0,0.0,0.0,0.0,0.0,0.0,Super Built up,mid,new,Emaar Palm Gardens,gurgaon,2.975
260.13,4.0,5.0,3.0,1.0,60.0,7.0,0.0,0.0,0.0,0.0,0.0,0.0,0.0,0.0,0.0,0.0,0.0,0.0,0.0,0.0,0.0,0.0,0.0,0.0,0.0,Super Built up,high,old,Ireo Skyon,gurgaon,6.46
278.24,4.0,5.0,3.0,1.0,81.0,9.0,0.0,0.0,0.0,0.0,0.0,0.0,0.0,0.0,0.0,0.0,0.0,0.0,0.0,0.0,0.0,0.0,0.0,0.0,0.0,Super Built up,mid,new,DLF The Ultima,gurgaon,5.95
205.78,4.0,4.0,3.0,0.0,90.0,14.0,0.0,0.0,0.0,0.0,2.0,0.0,0.0,0.0,0.0,0.0,0.0,0.0,0.0,0.0,0.0,0.0,0.0,0.0,0.0,Super Built up,high,new,DLF Regal Gardens,gurgaon,3.026
152.36,2.0,2.0,3.0,1.0,85.0,13.0,0.0,0.0,0.0,0.0,0.0,0.0,0.0,0.0,0.0,0.0,0.0,0.0,0.0,0.0,0.0,0.0,0.0,0.0,0.0,Super Built up,high,new,SS The Leaf,gurgaon,1.836
261.24,4.0,4.0,3.0,1.0,85.0,13.0,0.0,0.0,0.0,0.0,0.0,0.0,0.0,0.0,0.0,0.0,0.0,0.0,0.0,0.0,0.0,0.0,0.0,0.0,0.0,Super Built up,low,new,SS The Leaf,gurgaon,3.451
161.74,2.0,2.0,3.0,1.0,85.0,13.0,0.0,0.0,0.0,0.0,0.0,0.0,0.0,0.0,0.0,0.0,0.0,0.0,0.0,0.0,0.0,0.0,0.0,0.0,0.0,Super Built up,high,new,SS The Leaf,gurgaon,1.904
261.24,4.0,5.0,3.0,1.0,85.0,13.0,0.0,0.0,0.0,0.0,0.0,0.0,0.0,0.0,0.0,0.0,0.0,0.0,0.0,0.0,0.0,0.0,0.0,0.0,0.0,Super Built up,low,new,SS The Leaf,gurgaon,3.4
161.74,2.0,3.0,3.0,1.0,85.0,13.0,0.0,0.0,0.0,0.0,0.0,0.0,0.0,0.0,0.0,0.0,0.0,0.0,0.0,0.0,0.0,0.0,0.0,0.0,0.0,Super Built up,mid,new,SS The Leaf,gurgaon,1.768
196.95,3.0,4.0,2.0,1.0,85.0,15.0,0.0,0.0,0.0,0.0,0.0,0.0,0.0,0.0,0.0,0.0,0.0,0.0,0.0,0.0,0.0,0.0,0.0,0.0,0.0,Super Built up,mid,new,Orris Aster Court Premier,gurgaon,2.125
141.58,2.0,3.0,2.0,1.0,60.0,7.0,0.0,0.0,0.0,0.0,0.0,0.0,0.0,0.0,0.0,0.0,0.0,0.0,0.0,0.0,0.0,0.0,0.0,0.0,0.0,Super Built up,low,new,Ireo Skyon,gurgaon,3.4849999999999994
243.87,4.0,5.0,3.0,1.0,72.0,10.0,0.0,0.0,0.0,0.0,0.0,0.0,0.0,1.0,0.0,0.0,0.0,0.0,0.0,0.0,0.0,0.0,0.0,0.0,0.0,Super Built up,high,new,Tata Primanti,gurgaon,5.423
269.88,4.0,5.0,3.0,1.0,72.0,10.0,0.0,0.0,0.0,0.0,0.0,0.0,0.0,1.0,0.0,0.0,0.0,0.0,0.0,0.0,0.0,0.0,0.0,0.0,0.0,Super Built up,high,new,Tata Primanti,gurgaon,6.545
243.87,4.0,4.0,3.0,1.0,72.0,10.0,0.0,0.0,0.0,0.0,0.0,0.0,0.0,1.0,0.0,0.0,0.0,0.0,0.0,0.0,0.0,0.0,0.0,0.0,0.0,Super Built up,high,old,Tata Primanti,gurgaon,5.44
188.13,3.0,3.0,3.0,1.0,84.0,3.0,0.0,0.0,0.0,0.0,0.0,0.0,0.0,0.0,0.0,0.0,0.0,0.0,0.0,0.0,0.0,0.0,0.0,0.0,0.0,Super Built up,high,new,Antriksh Heights,gurgaon,1.496
104.52,2.0,2.0,2.0,0.0,84.0,3.0,0.0,0.0,0.0,0.0,0.0,0.0,0.0,0.0,0.0,0.0,0.0,0.0,0.0,0.0,0.0,0.0,0.0,0.0,0.0,Super Built up,high,new,Antriksh Heights,gurgaon,0.833
181.16,3.0,4.0,3.0,1.0,70.0,15.0,0.0,0.0,0.0,0.0,0.0,0.0,0.0,0.0,0.0,0.0,0.0,0.0,0.0,0.0,0.0,0.0,0.0,0.0,0.0,Super Built up,high,new,Shree Vardhman Victoria,gurgaon,2.805
247.12,3.0,4.0,3.0,1.0,81.0,9.0,0.0,0.0,0.0,0.0,0.0,0.0,0.0,0.0,0.0,0.0,0.0,0.0,0.0,0.0,0.0,0.0,0.0,0.0,0.0,Super Built up,high,new,Bestech Park View Grand Spa,gurgaon,3.995
168.15,3.0,3.0,3.0,0.0,81.0,9.0,0.0,0.0,0.0,0.0,0.0,0.0,0.0,0.0,0.0,0.0,0.0,0.0,0.0,0.0,0.0,0.0,0.0,0.0,0.0,Super Built up,mid,new,Bestech Park View Ananda,gurgaon,2.38
166.3,3.0,4.0,2.0,1.0,82.0,10.0,0.0,0.0,0.0,0.0,0.0,0.0,0.0,0.0,0.0,0.0,0.0,0.0,0.0,0.0,0.0,0.0,0.0,0.0,0.0,Super Built up,high,new,Mapsko Royale Ville,gurgaon,1.649
192.22,3.0,3.0,3.0,0.0,,9.0,0.0,0.0,0.0,0.0,0.0,0.0,0.0,0.0,0.0,0.0,0.0,0.0,0.0,0.0,0.0,0.0,0.0,0.0,0.0,Super Built up,high,old,The Close North,gurgaon,3.995
244.8,4.0,5.0,3.0,1.0,67.0,11.0,0.0,0.0,0.0,0.0,0.0,0.0,0.0,0.0,0.0,0.0,0.0,0.0,0.0,0.0,0.0,0.0,0.0,0.0,0.0,Super Built up,high,old,Bestech Park View Spa Next,gurgaon,5.643999999999999
183.95,3.0,3.0,2.0,1.0,83.0,10.0,0.0,0.0,0.0,0.0,0.0,0.0,0.0,0.0,0.0,0.0,0.0,0.0,0.0,0.0,0.0,0.0,0.0,0.0,0.0,Super Built up,high,old,Vatika Gurgaon 21,gurgaon,2.125
190.17,3.0,3.0,3.0,1.0,67.0,10.0,0.0,0.0,0.0,0.0,0.0,0.0,0.0,0.0,0.0,0.0,0.0,0.0,0.0,0.0,0.0,0.0,0.0,0.0,0.0,Super Built up,mid,old,M3M Merlin,gurgaon,4.76
221.11,3.0,3.0,3.0,1.0,65.0,8.0,0.0,0.0,0.0,0.0,0.0,0.0,0.0,0.0,0.0,0.0,0.0,0.0,0.0,0.0,0.0,0.0,0.0,0.0,0.0,Super Built up,high,new,M3M Latitude,gurgaon,7.99
153.29,3.0,3.0,3.0,1.0,102.0,10.0,0.0,0.0,0.0,0.0,0.0,0.0,0.0,0.0,0.0,0.0,0.0,0.0,0.0,0.0,0.0,0.0,0.0,0.0,0.0,Super Built up,mid,new,Emaar Gurgaon Greens,gurgaon,2.21
115.11,2.0,2.0,1.0,1.0,78.0,7.0,0.0,0.0,0.0,0.0,0.0,0.0,0.0,0.0,0.0,0.0,0.0,0.0,0.0,0.0,0.0,0.0,0.0,0.0,0.0,Super Built up,mid,old,Umang Monsoon Breeze,gurgaon,1.054
153.66,3.0,2.0,2.0,1.0,78.0,7.0,0.0,0.0,0.0,0.0,0.0,0.0,0.0,0.0,0.0,0.0,0.0,0.0,0.0,0.0,0.0,0.0,0.0,0.0,0.0,Super Built up,mid,old,Umang Monsoon Breeze,gurgaon,1.36
176.52,3.0,3.0,3.0,1.0,83.0,10.0,0.0,0.0,0.0,0.0,0.0,0.0,0.0,0.0,0.0,0.0,0.0,0.0,0.0,0.0,0.0,0.0,0.0,0.0,0.0,Super Built up,mid,new,Emaar Palm Gardens,gurgaon,2.941
390.19,4.0,4.0,3.0,1.0,81.0,7.0,0.0,0.0,0.0,1.0,0.0,0.0,0.0,0.0,0.0,0.0,0.0,0.0,0.0,0.0,0.0,0.0,0.0,0.0,0.0,Super Built up,high,new,Bestech Spa Signature,gurgaon,7.565
247.12,3.0,4.0,3.0,1.0,81.0,9.0,0.0,0.0,0.0,0.0,0.0,0.0,0.0,0.0,0.0,0.0,0.0,0.0,0.0,0.0,0.0,0.0,0.0,0.0,0.0,Super Built up,mid,new,Bestech Park View Grand Spa,gurgaon,3.91
195.38,3.0,3.0,3.0,1.0,81.0,9.0,0.0,0.0,0.0,0.0,0.0,0.0,0.0,0.0,0.0,0.0,0.0,0.0,0.0,0.0,0.0,0.0,0.0,0.0,0.0,Super Built up,mid,new,DLF The Ultima,gurgaon,3.74
195.38,3.0,3.0,3.0,1.0,81.0,9.0,0.0,0.0,0.0,0.0,0.0,0.0,0.0,0.0,0.0,0.0,0.0,0.0,0.0,0.0,0.0,0.0,0.0,0.0,0.0,Super Built up,high,new,DLF The Ultima,gurgaon,3.604
195.38,3.0,3.0,3.0,1.0,81.0,9.0,0.0,0.0,0.0,0.0,0.0,0.0,0.0,0.0,0.0,0.0,0.0,0.0,0.0,0.0,0.0,0.0,0.0,0.0,0.0,Super Built up,high,new,DLF The Ultima,gurgaon,3.825
216.0,4.0,4.0,3.0,1.0,92.0,11.0,0.0,0.0,0.0,0.0,0.0,0.0,0.0,0.0,0.0,0.0,0.0,0.0,0.0,0.0,0.0,0.0,0.0,0.0,0.0,Super Built up,high,new,Bestech Park View Sanskruti,gurgaon,3.23
390.19,4.0,4.0,3.0,1.0,81.0,7.0,0.0,0.0,0.0,1.0,0.0,0.0,0.0,0.0,0.0,0.0,0.0,0.0,0.0,0.0,0.0,0.0,0.0,0.0,0.0,Super Built up,mid,new,Bestech Spa Signature,gurgaon,7.48
213.68,4.0,3.0,3.0,1.0,,47.0,1.0,0.0,0.0,0.0,0.0,0.0,13.0,0.0,0.0,0.0,4.0,0.0,0.0,0.0,0.0,1.0,0.0,0.0,0.0,Super Built up,low,old,Swarn Jayanti CGHS,gurgaon,2.975
218.32,3.0,4.0,3.0,1.0,70.0,11.0,0.0,0.0,0.0,0.0,0.0,0.0,0.0,0.0,0.0,0.0,0.0,0.0,0.0,0.0,0.0,0.0,0.0,0.0,0.0,Super Built up,high,new,AIPL The Peaceful Homes,gurgaon,4.76
287.07,3.0,5.0,3.0,1.0,22.0,14.0,0.0,0.0,0.0,0.0,0.0,0.0,0.0,0.0,0.0,0.0,0.0,0.0,0.0,0.0,0.0,0.0,0.0,0.0,0.0,Super Built up,mid,new,Ambience Creacions,gurgaon,7.870999999999999
140.0,2.0,2.0,3.0,1.0,68.0,10.0,0.0,0.0,0.0,0.0,0.0,0.0,0.0,0.0,0.0,0.0,0.0,0.0,0.0,0.0,0.0,0.0,0.0,0.0,0.0,Super Built up,high,new,M3M The Marina,gurgaon,2.244
161.93,3.0,3.0,3.0,1.0,71.0,15.0,0.0,0.0,0.0,0.0,0.0,0.0,0.0,0.0,0.0,0.0,0.0,0.0,0.0,0.0,0.0,0.0,0.0,0.0,0.0,Super Built up,mid,old,CHD Avenue 71,gurgaon,1.972
45.43,2.0,2.0,2.0,0.0,107.0,10.0,0.0,0.0,0.0,0.0,0.0,0.0,0.0,0.0,0.0,0.0,0.0,0.0,0.0,0.0,0.0,0.0,0.0,0.0,0.0,Carpet,high,new,Signature Global Solera,gurgaon,0.459
45.43,2.0,2.0,2.0,0.0,107.0,10.0,0.0,0.0,0.0,0.0,0.0,0.0,0.0,0.0,0.0,0.0,0.0,0.0,0.0,0.0,0.0,0.0,0.0,0.0,0.0,Carpet,mid,new,Signature Global Solera,gurgaon,0.476
188.13,3.0,3.0,3.0,1.0,77.0,5.0,0.0,0.0,0.0,0.0,0.0,0.0,0.0,0.0,0.0,0.0,0.0,0.0,0.0,0.0,0.0,0.0,0.0,0.0,0.0,Super Built up,low,new,Emaar Palm Heights,gurgaon,3.043
181.16,4.0,4.0,3.0,1.0,77.0,10.0,0.0,0.0,0.0,0.0,0.0,0.0,0.0,0.0,0.0,0.0,0.0,0.0,0.0,0.0,0.0,0.0,0.0,0.0,0.0,Super Built up,low,new,Emaar MGF Palm Hills,gurgaon,2.635
179.21,3.0,3.0,3.0,1.0,86.0,10.0,0.0,0.0,0.0,0.0,0.0,0.0,0.0,0.0,0.0,0.0,0.0,0.0,0.0,0.0,0.0,0.0,0.0,0.0,0.0,Super Built up,high,new,DLF The Skycourt,gurgaon,2.635
250.0,3.0,4.0,3.0,1.0,113.0,8.0,0.0,0.0,0.0,0.0,0.0,0.0,0.0,0.0,0.0,0.0,0.0,0.0,0.0,0.0,0.0,0.0,0.0,0.0,0.0,Super Built up,high,new,La Vida by Tata Housing,gurgaon,5.695
204.39,3.0,4.0,3.0,1.0,66.0,14.0,0.0,0.0,0.0,0.0,0.0,0.0,0.0,0.0,0.0,0.0,0.0,0.0,0.0,0.0,0.0,0.0,0.0,0.0,0.0,Super Built up,mid,new,Emaar MGF The Palm Drive,gurgaon,5.95
268.95,3.0,4.0,3.0,1.0,53.0,15.0,0.0,0.0,0.0,0.0,0.0,0.0,0.0,0.0,0.0,0.0,0.0,0.0,0.0,0.0,0.0,0.0,0.0,0.0,0.0,Super Built up,high,new,Parsvnath Exotica,gurgaon,8.16
171.87,3.0,3.0,3.0,1.0,54.0,47.0,1.0,0.0,0.0,0.0,0.0,0.0,13.0,0.0,0.0,0.0,4.0,0.0,0.0,0.0,0.0,1.0,0.0,0.0,0.0,Super Built up,mid,old,Shree Arihant Apartment,gurgaon,2.55
249.91,3.0,4.0,3.0,1.0,113.0,8.0,0.0,0.0,0.0,0.0,0.0,0.0,0.0,0.0,0.0,0.0,0.0,0.0,0.0,0.0,0.0,0.0,0.0,0.0,0.0,Super Built up,mid,new,La Vida by Tata Housing,gurgaon,4.726
225.57,4.0,4.0,3.0,1.0,110.0,6.0,0.0,0.0,0.0,0.0,0.0,0.0,0.0,0.0,0.0,0.0,0.0,0.0,0.0,0.0,0.0,0.0,0.0,0.0,0.0,Super Built up,low,new,Mahindra Aura,gurgaon,3.825
199.74,3.0,3.0,3.0,1.0,70.0,11.0,0.0,0.0,0.0,0.0,0.0,0.0,0.0,0.0,0.0,0.0,0.0,0.0,0.0,0.0,0.0,0.0,0.0,0.0,0.0,Super Built up,high,new,AIPL The Peaceful Homes,gurgaon,4.335
222.04,4.0,4.0,3.0,1.0,83.0,10.0,0.0,0.0,0.0,0.0,0.0,0.0,0.0,0.0,0.0,0.0,0.0,0.0,0.0,0.0,0.0,0.0,0.0,0.0,0.0,Super Built up,high,old,Vatika Gurgaon 21,gurgaon,2.125
115.66,2.0,2.0,2.0,1.0,83.0,10.0,0.0,0.0,0.0,0.0,0.0,0.0,0.0,0.0,0.0,0.0,0.0,0.0,0.0,0.0,0.0,0.0,0.0,0.0,0.0,Super Built up,high,old,Vatika Gurgaon 21,gurgaon,1.4449999999999998
538.84,4.0,5.0,3.0,1.0,,14.0,0.0,0.0,0.0,0.0,0.0,0.0,0.0,0.0,0.0,0.0,0.0,0.0,0.0,0.0,0.0,0.0,0.0,0.0,1.0,Super Built up,low,new,Krrish Provence Estate,gurgaon,8.924999999999999
125.51,2.0,4.0,2.0,0.0,79.0,11.0,0.0,0.0,0.0,0.0,0.0,0.0,0.0,0.0,0.0,0.0,0.0,0.0,0.0,0.0,0.0,0.0,0.0,0.0,0.0,Super Built up,low,new,Godrej Aria,gurgaon,2.21
123.19,3.0,2.0,2.0,0.0,92.0,11.0,0.0,0.0,0.0,0.0,0.0,0.0,0.0,0.0,0.0,0.0,0.0,0.0,0.0,0.0,0.0,0.0,0.0,0.0,0.0,Super Built up,low,new,Sare Green ParC Phase 3,gurgaon,1.275
250.65,3.0,4.0,3.0,1.0,67.0,11.0,0.0,0.0,0.0,0.0,0.0,0.0,0.0,0.0,0.0,0.0,0.0,0.0,0.0,0.0,0.0,0.0,0.0,0.0,0.0,Super Built up,high,new,Ireo Victory Valley,gurgaon,6.205
253.35,4.0,4.0,3.0,0.0,90.0,6.0,0.0,0.0,0.0,0.0,0.0,0.0,0.0,0.0,0.0,0.0,0.0,0.0,0.0,0.0,0.0,0.0,0.0,0.0,0.0,Super Built up,mid,old,DLF New Town Heights 1,gurgaon,2.805
179.3,3.0,3.0,3.0,1.0,90.0,6.0,0.0,0.0,0.0,0.0,0.0,0.0,0.0,0.0,0.0,0.0,0.0,0.0,0.0,0.0,0.0,0.0,0.0,0.0,0.0,Super Built up,high,new,DLF New Town Heights 1,gurgaon,2.125
219.62,4.0,4.0,3.0,1.0,90.0,6.0,0.0,0.0,0.0,0.0,0.0,0.0,0.0,0.0,0.0,0.0,0.0,0.0,0.0,0.0,0.0,0.0,0.0,0.0,0.0,Super Built up,high,old,DLF New Town Heights 1,gurgaon,2.414
163.04,3.0,3.0,3.0,1.0,90.0,14.0,0.0,0.0,0.0,0.0,2.0,0.0,0.0,0.0,0.0,0.0,0.0,0.0,0.0,0.0,0.0,0.0,0.0,0.0,0.0,Super Built up,low,new,DLF Regal Gardens,gurgaon,2.159
205.78,4.0,4.0,3.0,1.0,90.0,14.0,0.0,0.0,0.0,0.0,2.0,0.0,0.0,0.0,0.0,0.0,0.0,0.0,0.0,0.0,0.0,0.0,0.0,0.0,0.0,Super Built up,high,new,DLF Regal Gardens,gurgaon,2.805
163.04,3.0,3.0,3.0,1.0,90.0,14.0,0.0,0.0,0.0,0.0,2.0,0.0,0.0,0.0,0.0,0.0,0.0,0.0,0.0,0.0,0.0,0.0,0.0,0.0,0.0,Super Built up,high,new,DLF Regal Gardens,gurgaon,2.108
242.01,3.0,3.0,3.0,1.0,,9.0,0.0,0.0,0.0,0.0,0.0,0.0,0.0,0.0,0.0,0.0,0.0,0.0,0.0,0.0,0.0,0.0,0.0,0.0,0.0,Super Built up,low,old,The Close North,gurgaon,4.59
203.55,3.0,3.0,3.0,1.0,37.0,11.0,0.0,0.0,0.0,0.0,0.0,0.0,0.0,0.0,0.0,0.0,0.0,0.0,0.0,0.0,0.0,0.0,0.0,0.0,0.0,Super Built up,high,new,BPTP Terra,gurgaon,3.366
226.78,2.0,2.0,3.0,1.0,112.0,8.0,0.0,0.0,0.0,0.0,0.0,0.0,0.0,0.0,0.0,0.0,0.0,0.0,0.0,0.0,0.0,0.0,0.0,0.0,0.0,Super Built up,high,new,Experion Windchants,gurgaon,4.25
153.29,3.0,4.0,3.0,1.0,65.0,6.0,0.0,0.0,0.0,0.0,0.0,0.0,0.0,0.0,0.0,0.0,0.0,0.0,0.0,0.0,0.0,0.0,0.0,0.0,0.0,Carpet,low,new,Emaar MGF Emerald Floors Premier,gurgaon,3.893
190.17,3.0,3.0,3.0,1.0,67.0,10.0,0.0,0.0,0.0,0.0,0.0,0.0,0.0,0.0,0.0,0.0,0.0,0.0,0.0,0.0,0.0,0.0,0.0,0.0,0.0,Super Built up,high,new,M3M Merlin,gurgaon,5.066
159.79,3.0,3.0,3.0,1.0,83.0,10.0,0.0,0.0,0.0,0.0,0.0,0.0,0.0,0.0,0.0,0.0,0.0,0.0,0.0,0.0,0.0,0.0,0.0,0.0,0.0,Super Built up,mid,new,Emaar Palm Gardens,gurgaon,2.295
139.35,3.0,3.0,3.0,1.0,56.0,46.0,1.0,0.0,0.0,0.0,0.0,0.0,13.0,0.0,0.0,0.0,3.0,0.0,0.0,0.0,0.0,1.0,0.0,0.0,0.0,Super Built up,low,old,Shri Banke Bihari Society,gurgaon,2.329
185.81,3.0,3.0,3.0,1.0,56.0,44.0,1.0,0.0,0.0,0.0,0.0,0.0,14.0,0.0,0.0,0.0,2.0,0.0,0.0,0.0,0.0,0.0,0.0,0.0,0.0,Super Built up,mid,old,Kiran Residency,gurgaon,2.635
297.29,3.0,4.0,3.0,1.0,3.0,42.0,0.0,0.0,0.0,0.0,0.0,0.0,7.0,0.0,0.0,0.0,4.0,0.0,0.0,0.0,0.0,0.0,0.0,0.0,0.0,Super Built up,low,old,Ambience Lagoon,gurgaon,7.225
174.38,3.0,3.0,3.0,1.0,82.0,10.0,0.0,0.0,0.0,0.0,0.0,0.0,0.0,0.0,0.0,0.0,0.0,0.0,0.0,0.0,0.0,0.0,0.0,0.0,0.0,Super Built up,low,new,Vatika The Seven Lamps,gurgaon,2.176
172.06,3.0,3.0,3.0,1.0,102.0,13.0,0.0,0.0,0.0,0.0,0.0,0.0,0.0,0.0,0.0,0.0,0.0,0.0,0.0,0.0,0.0,0.0,0.0,0.0,0.0,Super Built up,high,new,Shapoorji Pallonji Joyville Gurugram,gurgaon,3.315
247.12,3.0,4.0,3.0,1.0,81.0,9.0,0.0,0.0,0.0,0.0,0.0,0.0,0.0,0.0,0.0,0.0,0.0,0.0,0.0,0.0,0.0,0.0,0.0,0.0,0.0,Super Built up,mid,new,Bestech Park View Grand Spa,gurgaon,3.995
276.76,3.0,3.0,3.0,1.0,65.0,9.0,0.0,0.0,0.0,0.0,0.0,0.0,0.0,0.0,0.0,0.0,0.0,0.0,0.0,0.0,0.0,0.0,0.0,0.0,0.0,Super Built up,high,new,M3M Golfestate,gurgaon,8.5
168.62,3.0,3.0,1.0,1.0,37.0,8.0,0.0,0.0,0.0,0.0,0.0,0.0,0.0,0.0,0.0,0.0,0.0,0.0,0.0,0.0,0.0,0.0,0.0,0.0,0.0,Super Built up,high,new,Imperia The Esfera,gurgaon,1.683
253.35,4.0,4.0,3.0,1.0,90.0,6.0,0.0,0.0,0.0,0.0,0.0,0.0,0.0,0.0,0.0,0.0,0.0,0.0,0.0,0.0,0.0,0.0,0.0,0.0,0.0,Super Built up,high,new,DLF New Town Heights 1,gurgaon,3.315
322.37,4.0,5.0,3.0,1.0,81.0,9.0,0.0,0.0,0.0,0.0,0.0,0.0,0.0,0.0,0.0,0.0,0.0,0.0,0.0,0.0,0.0,0.0,0.0,0.0,0.0,Super Built up,mid,new,Bestech Park View Grand Spa,gurgaon,5.609999999999999
316.8,4.0,4.0,3.0,1.0,67.0,11.0,0.0,0.0,0.0,0.0,0.0,0.0,0.0,0.0,0.0,0.0,0.0,0.0,0.0,0.0,0.0,0.0,0.0,0.0,0.0,Super Built up,high,new,Ireo Victory Valley,gurgaon,8.075
130.06,2.0,2.0,3.0,1.0,74.0,7.0,0.0,0.0,0.0,0.0,0.0,0.0,0.0,0.0,0.0,0.0,0.0,0.0,0.0,0.0,0.0,0.0,0.0,0.0,0.0,Super Built up,high,new,M3M Skywalk,gurgaon,2.55
219.62,4.0,4.0,3.0,1.0,90.0,6.0,0.0,0.0,0.0,0.0,0.0,0.0,0.0,0.0,0.0,0.0,0.0,0.0,0.0,0.0,0.0,0.0,0.0,0.0,0.0,Super Built up,high,old,DLF New Town Heights 1,gurgaon,2.618
179.3,3.0,4.0,3.0,1.0,86.0,15.0,0.0,0.0,0.0,0.0,0.0,0.0,0.0,0.0,0.0,0.0,0.0,0.0,0.0,0.0,0.0,0.0,0.0,0.0,0.0,Super Built up,high,new,DLF New Town Heights 2,gurgaon,2.159
162.02,3.0,3.0,3.0,0.0,90.0,14.0,0.0,0.0,0.0,0.0,2.0,0.0,0.0,0.0,0.0,0.0,0.0,0.0,0.0,0.0,0.0,0.0,0.0,0.0,0.0,Super Built up,high,new,DLF Regal Gardens,gurgaon,1.989
168.9,3.0,3.0,3.0,1.0,82.0,7.0,0.0,0.0,0.0,0.0,0.0,0.0,0.0,0.0,0.0,0.0,0.0,0.0,0.0,0.0,0.0,0.0,0.0,0.0,0.0,Super Built up,high,new,DLF The Primus,gurgaon,3.06
126.44,2.0,2.0,3.0,1.0,103.0,18.0,1.0,0.0,0.0,0.0,0.0,0.0,4.0,0.0,0.0,4.0,0.0,0.0,0.0,0.0,0.0,0.0,0.0,0.0,0.0,Super Built up,low,new,Ansal Housing Highland Park,gurgaon,1.36
165.0,3.0,3.0,3.0,1.0,48.0,15.0,0.0,0.0,0.0,0.0,0.0,0.0,0.0,0.0,0.0,0.0,0.0,0.0,0.0,0.0,0.0,0.0,0.0,0.0,0.0,Super Built up,high,old,Bestech Park View City,gurgaon,2.992
199.65,3.0,4.0,3.0,1.0,102.0,15.0,0.0,0.0,0.0,0.0,0.0,0.0,0.0,0.0,0.0,0.0,0.0,0.0,0.0,0.0,0.0,0.0,0.0,0.0,0.0,Super Built up,high,new,Conscient Heritage Max,gurgaon,3.774
106.84,2.0,2.0,3.0,1.0,4.0,45.0,0.0,0.0,0.0,0.0,0.0,0.0,5.0,0.0,0.0,0.0,3.0,0.0,1.0,0.0,0.0,0.0,0.0,0.0,2.0,Super Built up,high,old,DLF Regency Park 1,gurgaon,2.108
146.04,2.0,2.0,3.0,1.0,79.0,10.0,0.0,0.0,0.0,0.0,0.0,0.0,0.0,0.0,0.0,0.0,0.0,0.0,0.0,0.0,0.0,0.0,0.0,0.0,0.0,Super Built up,mid,new,Godrej 101,gurgaon,1.904
175.49,3.0,4.0,3.0,1.0,102.0,11.0,0.0,0.0,0.0,0.0,0.0,0.0,0.0,0.0,0.0,0.0,0.0,0.0,0.0,0.0,0.0,0.0,0.0,0.0,0.0,Super Built up,high,new,Adani M2K Oyster Grande,gurgaon,3.23
106.84,2.0,2.0,2.0,1.0,4.0,45.0,0.0,0.0,0.0,0.0,0.0,0.0,4.0,0.0,0.0,0.0,3.0,0.0,1.0,0.0,0.0,0.0,0.0,0.0,2.0,Super Built up,high,old,DLF Regency Park 1,gurgaon,2.295
194.63,3.0,3.0,3.0,1.0,109.0,15.0,0.0,0.0,0.0,0.0,0.0,0.0,0.0,0.0,0.0,0.0,0.0,0.0,0.0,0.0,0.0,0.0,0.0,0.0,0.0,Super Built up,high,new,ATS Kocoon,gurgaon,3.774
119.19,2.0,3.0,3.0,1.0,108.0,9.0,0.0,0.0,0.0,0.0,0.0,0.0,0.0,0.0,0.0,0.0,0.0,0.0,0.0,0.0,0.0,0.0,0.0,0.0,0.0,Super Built up,mid,new,Experion The Heartsong,gurgaon,1.53
199.74,3.0,4.0,3.0,1.0,109.0,11.0,0.0,0.0,0.0,0.0,0.0,0.0,0.0,0.0,0.0,0.0,0.0,0.0,0.0,0.0,0.0,0.0,0.0,0.0,0.0,Super Built up,low,new,ATS Tourmaline,gurgaon,2.975
127.74,2.0,2.0,2.0,1.0,85.0,5.0,0.0,0.0,0.0,0.0,0.0,0.0,0.0,0.0,0.0,0.0,0.0,0.0,0.0,0.0,0.0,0.0,0.0,0.0,0.0,Super Built up,mid,new,Orris Aster Court,gurgaon,1.139
226.31,3.0,3.0,3.0,1.0,67.0,11.0,0.0,0.0,0.0,0.0,0.0,0.0,0.0,0.0,0.0,0.0,0.0,0.0,0.0,0.0,0.0,0.0,0.0,0.0,0.0,Super Built up,high,old,Ireo Victory Valley,gurgaon,5.015000000000001
166.76,3.0,3.0,3.0,1.0,61.0,14.0,0.0,0.0,0.0,0.0,0.0,0.0,0.0,0.0,0.0,0.0,0.0,0.0,0.0,0.0,0.0,0.0,0.0,0.0,0.0,Super Built up,high,old,Pioneer Park,gurgaon,3.468
319.03,4.0,4.0,3.0,1.0,84.0,10.0,0.0,0.0,0.0,0.0,0.0,0.0,0.0,0.0,0.0,0.0,0.0,0.0,0.0,0.0,0.0,0.0,0.0,0.0,0.0,Super Built up,high,new,Alpha Corp GurgaonOne 84,gurgaon,3.808
150.22,2.0,2.0,3.0,1.0,88.0,14.0,0.0,0.0,0.0,0.0,0.0,0.0,0.0,0.0,0.0,0.0,0.0,0.0,0.0,0.0,0.0,0.0,0.0,0.0,0.0,Super Built up,low,new,Godrej Icon,gurgaon,2.227
129.6,3.0,3.0,3.0,1.0,65.0,8.0,0.0,0.0,0.0,0.0,0.0,0.0,0.0,0.0,0.0,0.0,0.0,0.0,0.0,0.0,0.0,0.0,0.0,0.0,0.0,Super Built up,mid,new,Emaar MGF Emerald Estate,gurgaon,2.89
148.64,3.0,3.0,2.0,1.0,83.0,10.0,0.0,0.0,0.0,0.0,0.0,0.0,0.0,0.0,0.0,0.0,0.0,0.0,0.0,0.0,0.0,0.0,0.0,0.0,0.0,Carpet,high,new,Vatika Gurgaon 21,gurgaon,2.023
188.13,3.0,3.0,3.0,1.0,77.0,5.0,0.0,0.0,0.0,0.0,0.0,0.0,0.0,0.0,0.0,0.0,0.0,0.0,0.0,0.0,0.0,0.0,0.0,0.0,0.0,Super Built up,high,new,Emaar Palm Heights,gurgaon,2.975
161.19,3.0,3.0,2.0,0.0,83.0,10.0,0.0,0.0,0.0,0.0,0.0,0.0,0.0,0.0,0.0,0.0,0.0,0.0,0.0,0.0,0.0,0.0,0.0,0.0,0.0,Super Built up,high,old,Vatika Gurgaon 21,gurgaon,1.904
212.47,3.0,3.0,3.0,1.0,1.0,10.0,0.0,0.0,0.0,0.0,0.0,0.0,0.0,0.0,0.0,0.0,0.0,0.0,0.0,0.0,0.0,0.0,0.0,0.0,0.0,Super Built up,high,old,Green Campus CHS,gurgaon,1.564
212.47,3.0,3.0,3.0,1.0,1.0,10.0,0.0,0.0,0.0,0.0,0.0,0.0,0.0,0.0,0.0,0.0,0.0,0.0,0.0,0.0,0.0,0.0,0.0,0.0,0.0,Super Built up,mid,old,Green Campus CHS,gurgaon,1.53
227.61,3.0,4.0,3.0,1.0,104.0,13.0,0.0,0.0,0.0,0.0,0.0,0.0,0.0,0.0,0.0,0.0,0.0,0.0,0.0,0.0,0.0,0.0,0.0,0.0,0.0,Super Built up,high,old,Puri Emerald Bay,gurgaon,3.91
157.94,2.0,3.0,3.0,1.0,104.0,13.0,0.0,0.0,0.0,0.0,0.0,0.0,0.0,0.0,0.0,0.0,0.0,0.0,0.0,0.0,0.0,0.0,0.0,0.0,0.0,Super Built up,high,new,Puri Emerald Bay,gurgaon,2.686
360.46,5.0,5.0,3.0,1.0,110.0,15.0,0.0,0.0,0.0,0.0,0.0,0.0,0.0,0.0,0.0,0.0,0.0,0.0,0.0,0.0,0.0,0.0,0.0,0.0,0.0,Super Built up,mid,new,Indiabulls Enigma,gurgaon,7.225
196.95,3.0,4.0,3.0,1.0,92.0,11.0,0.0,0.0,0.0,0.0,0.0,0.0,0.0,0.0,0.0,0.0,0.0,0.0,0.0,0.0,0.0,0.0,0.0,0.0,0.0,Super Built up,high,new,Bestech Park View Sanskruti,gurgaon,2.856
290.79,4.0,4.0,3.0,1.0,67.0,11.0,0.0,0.0,0.0,0.0,0.0,0.0,0.0,0.0,0.0,0.0,0.0,0.0,0.0,0.0,0.0,0.0,0.0,0.0,0.0,Super Built up,high,new,Ireo Victory Valley,gurgaon,7.734999999999999
218.32,4.0,4.0,3.0,1.0,67.0,11.0,0.0,0.0,0.0,0.0,0.0,0.0,0.0,0.0,0.0,0.0,0.0,0.0,0.0,0.0,0.0,0.0,0.0,0.0,0.0,Super Built up,mid,old,Bestech Park View Spa Next,gurgaon,4.845
179.77,3.0,4.0,3.0,1.0,67.0,11.0,0.0,0.0,0.0,0.0,0.0,0.0,0.0,0.0,0.0,0.0,0.0,0.0,0.0,0.0,0.0,0.0,0.0,0.0,0.0,Super Built up,high,old,Bestech Park View Spa Next,gurgaon,3.995
194.35,3.0,4.0,3.0,1.0,81.0,9.0,0.0,0.0,0.0,0.0,0.0,0.0,0.0,0.0,0.0,0.0,0.0,0.0,0.0,0.0,0.0,0.0,0.0,0.0,0.0,Super Built up,mid,new,DLF The Ultima,gurgaon,3.91
195.1,3.0,4.0,3.0,1.0,81.0,9.0,0.0,0.0,0.0,0.0,0.0,0.0,0.0,0.0,0.0,0.0,0.0,0.0,0.0,0.0,0.0,0.0,0.0,0.0,0.0,Super Built up,high,new,DLF The Ultima,gurgaon,3.842
287.07,3.0,4.0,3.0,1.0,22.0,14.0,0.0,0.0,0.0,0.0,0.0,0.0,0.0,0.0,0.0,0.0,0.0,0.0,0.0,0.0,0.0,0.0,0.0,0.0,0.0,Super Built up,mid,new,Ambience Creacions,gurgaon,8.126
222.97,4.0,5.0,3.0,1.0,70.0,10.0,0.0,0.0,0.0,0.0,0.0,0.0,0.0,0.0,0.0,0.0,0.0,0.0,0.0,0.0,0.0,0.0,0.0,0.0,0.0,Super Built up,mid,old,Tulip Ivory,gurgaon,3.4
260.13,4.0,4.0,3.0,1.0,60.0,7.0,0.0,0.0,0.0,0.0,0.0,0.0,0.0,0.0,0.0,0.0,0.0,0.0,0.0,0.0,0.0,0.0,0.0,0.0,0.0,Super Built up,high,new,Ireo Skyon,gurgaon,6.375
278.71,4.0,5.0,3.0,1.0,22.0,14.0,0.0,0.0,0.0,0.0,0.0,0.0,0.0,0.0,0.0,0.0,0.0,0.0,0.0,0.0,0.0,0.0,0.0,0.0,0.0,Carpet,high,new,Ambience Creacions,gurgaon,10.472
264.77,3.0,3.0,3.0,1.0,65.0,9.0,0.0,0.0,0.0,0.0,0.0,0.0,0.0,0.0,0.0,0.0,0.0,0.0,0.0,0.0,0.0,0.0,0.0,0.0,0.0,Super Built up,high,old,M3M Golfestate,gurgaon,9.01
124.68,2.0,2.0,2.0,1.0,77.0,10.0,0.0,0.0,0.0,0.0,0.0,0.0,0.0,0.0,0.0,0.0,0.0,0.0,0.0,0.0,0.0,0.0,0.0,0.0,0.0,Super Built up,high,new,Umang Winter Hills,gurgaon,1.275
138.43,3.0,3.0,3.0,1.0,79.0,9.0,0.0,0.0,0.0,0.0,0.0,0.0,0.0,0.0,0.0,0.0,0.0,0.0,0.0,0.0,0.0,0.0,0.0,0.0,0.0,Super Built up,high,new,Mapsko Mount Ville,gurgaon,2.125
219.81,3.0,4.0,3.0,1.0,79.0,10.0,0.0,0.0,0.0,0.0,0.0,0.0,0.0,0.0,0.0,0.0,0.0,0.0,0.0,0.0,0.0,0.0,0.0,0.0,0.0,Super Built up,high,new,Godrej 101,gurgaon,3.4
138.43,3.0,3.0,3.0,1.0,79.0,9.0,0.0,0.0,0.0,0.0,0.0,0.0,0.0,0.0,0.0,0.0,0.0,0.0,0.0,0.0,0.0,0.0,0.0,0.0,0.0,Super Built up,high,new,Mapsko Mount Ville,gurgaon,2.21
185.81,3.0,4.0,3.0,1.0,39.0,47.0,0.0,0.0,0.0,0.0,0.0,0.0,5.0,0.0,0.0,0.0,0.0,0.0,0.0,0.0,0.0,0.0,0.0,0.0,0.0,Carpet,low,old,City Heights,gurgaon,2.975
297.29,5.0,4.0,3.0,1.0,39.0,47.0,0.0,0.0,0.0,0.0,0.0,0.0,5.0,0.0,0.0,0.0,0.0,0.0,0.0,0.0,0.0,0.0,0.0,0.0,0.0,Carpet,high,old,KW Royal Court,gurgaon,3.4
181.16,3.0,3.0,3.0,1.0,70.0,15.0,0.0,0.0,0.0,0.0,0.0,0.0,0.0,0.0,0.0,0.0,0.0,0.0,0.0,0.0,0.0,0.0,0.0,0.0,0.0,Super Built up,mid,new,Shree Vardhman Victoria,gurgaon,3.026
142.51,2.0,2.0,3.0,1.0,84.0,10.0,0.0,0.0,0.0,0.0,0.0,0.0,0.0,0.0,0.0,0.0,0.0,0.0,0.0,0.0,0.0,0.0,0.0,0.0,0.0,Super Built up,high,new,Alpha Corp GurgaonOne 84,gurgaon,1.955
195.1,3.0,3.0,3.0,1.0,47.0,43.0,0.0,0.0,0.0,0.0,0.0,0.0,1.0,0.0,0.0,0.0,0.0,0.0,0.0,0.0,0.0,0.0,0.0,0.0,0.0,Super Built up,low,old,CGHS Airport Apartment,gurgaon,2.805
28.06,1.0,1.0,1.0,0.0,92.0,4.0,0.0,0.0,0.0,0.0,0.0,0.0,0.0,0.0,0.0,0.0,0.0,0.0,0.0,0.0,0.0,0.0,0.0,0.0,0.0,Carpet,high,new,GLS Avenue 51,gurgaon,0.357
185.81,3.0,4.0,3.0,1.0,43.0,45.0,0.0,0.0,0.0,0.0,0.0,0.0,7.0,0.0,0.0,0.0,2.0,0.0,1.0,0.0,0.0,0.0,0.0,0.0,0.0,Carpet,mid,old,Kamroon Court,gurgaon,4.675
218.32,4.0,4.0,3.0,1.0,67.0,11.0,0.0,0.0,0.0,0.0,0.0,0.0,0.0,0.0,0.0,0.0,0.0,0.0,0.0,0.0,0.0,0.0,0.0,0.0,0.0,Super Built up,high,new,Bestech Park View Spa Next,gurgaon,4.6240000000000006
193.8,3.0,4.0,3.0,1.0,47.0,42.0,0.0,0.0,0.0,0.0,0.0,0.0,1.0,0.0,0.0,0.0,0.0,0.0,0.0,0.0,0.0,0.0,0.0,0.0,0.0,Super Built up,high,old,Unitech Uniworld Gardens,gurgaon,4.08
236.9,3.0,3.0,3.0,1.0,72.0,10.0,0.0,0.0,0.0,0.0,0.0,0.0,0.0,1.0,0.0,0.0,0.0,0.0,0.0,0.0,0.0,0.0,0.0,0.0,0.0,Super Built up,high,old,Tata Primanti,gurgaon,6.969999999999999
167.41,3.0,4.0,3.0,1.0,71.0,15.0,0.0,0.0,0.0,0.0,0.0,0.0,0.0,0.0,0.0,0.0,0.0,0.0,0.0,0.0,0.0,0.0,0.0,0.0,0.0,Super Built up,high,old,CHD Avenue 71,gurgaon,1.904
125.42,2.0,2.0,3.0,1.0,90.0,10.0,0.0,0.0,0.0,0.0,0.0,0.0,0.0,0.0,0.0,0.0,0.0,0.0,0.0,0.0,0.0,0.0,0.0,0.0,0.0,Super Built up,high,old,Shree Vardhman Flora,gurgaon,1.105
929.03,5.0,6.0,3.0,1.0,,14.0,0.0,0.0,0.0,0.0,0.0,0.0,0.0,0.0,0.0,0.0,0.0,0.0,0.0,0.0,0.0,0.0,0.0,0.0,1.0,Super Built up,high,new,Krrish Provence Estate,gurgaon,12.75
288.0,4.0,5.0,3.0,1.0,54.0,13.0,0.0,0.0,0.0,0.0,0.0,0.0,0.0,0.0,0.0,0.0,0.0,0.0,0.0,0.0,0.0,0.0,0.0,0.0,0.0,Carpet,mid,new,DLF The Crest,gurgaon,18.7
158.12,3.0,3.0,3.0,1.0,90.0,14.0,0.0,0.0,0.0,0.0,2.0,0.0,0.0,0.0,0.0,0.0,0.0,0.0,0.0,0.0,0.0,0.0,0.0,0.0,0.0,Super Built up,mid,new,DLF Regal Gardens,gurgaon,2.142
205.78,4.0,4.0,3.0,0.0,90.0,14.0,0.0,0.0,0.0,0.0,2.0,0.0,0.0,0.0,0.0,0.0,0.0,0.0,0.0,0.0,0.0,0.0,0.0,0.0,0.0,Super Built up,mid,old,DLF Regal Gardens,gurgaon,3.06
312.43,3.0,3.0,3.0,1.0,65.0,9.0,0.0,0.0,0.0,0.0,0.0,0.0,0.0,0.0,0.0,0.0,0.0,0.0,0.0,0.0,0.0,0.0,0.0,0.0,0.0,Super Built up,high,new,M3M Golfestate,gurgaon,10.03
221.39,4.0,4.0,3.0,1.0,49.0,15.0,0.0,0.0,0.0,0.0,0.0,0.0,0.0,0.0,0.0,0.0,0.0,0.0,0.0,0.0,0.0,0.0,0.0,0.0,0.0,Super Built up,mid,old,Bestech Park View City 2,gurgaon,4.93
179.21,3.0,3.0,3.0,1.0,86.0,10.0,0.0,0.0,0.0,0.0,0.0,0.0,0.0,0.0,0.0,0.0,0.0,0.0,0.0,0.0,0.0,0.0,0.0,0.0,0.0,Super Built up,high,new,DLF The Skycourt,gurgaon,2.703
198.07,3.0,3.0,3.0,1.0,81.0,9.0,0.0,0.0,0.0,0.0,0.0,0.0,0.0,0.0,0.0,0.0,0.0,0.0,0.0,0.0,0.0,0.0,0.0,0.0,0.0,Super Built up,low,new,DLF The Ultima,gurgaon,3.757
176.52,3.0,3.0,3.0,1.0,83.0,10.0,0.0,0.0,0.0,0.0,0.0,0.0,0.0,0.0,0.0,0.0,0.0,0.0,0.0,0.0,0.0,0.0,0.0,0.0,0.0,Super Built up,mid,new,Emaar Palm Gardens,gurgaon,2.516
119.19,2.0,3.0,3.0,1.0,108.0,9.0,0.0,0.0,0.0,0.0,0.0,0.0,0.0,0.0,0.0,0.0,0.0,0.0,0.0,0.0,0.0,0.0,0.0,0.0,0.0,Super Built up,mid,new,Experion The Heartsong,gurgaon,1.666
172.06,3.0,3.0,3.0,0.0,102.0,13.0,0.0,0.0,0.0,0.0,0.0,0.0,0.0,0.0,0.0,0.0,0.0,0.0,0.0,0.0,0.0,0.0,0.0,0.0,0.0,Super Built up,low,new,Shapoorji Pallonji Joyville Gurugram,gurgaon,3.468
237.83,4.0,5.0,3.0,1.0,85.0,15.0,0.0,0.0,0.0,0.0,0.0,0.0,0.0,0.0,0.0,0.0,0.0,0.0,0.0,0.0,0.0,0.0,0.0,0.0,0.0,Super Built up,mid,new,Orris Aster Court Premier,gurgaon,2.55
237.83,4.0,5.0,3.0,1.0,85.0,15.0,0.0,0.0,0.0,0.0,0.0,0.0,0.0,0.0,0.0,0.0,0.0,0.0,0.0,0.0,0.0,0.0,0.0,0.0,0.0,Super Built up,high,new,Orris Aster Court Premier,gurgaon,2.533
196.95,3.0,4.0,2.0,1.0,85.0,15.0,0.0,0.0,0.0,0.0,0.0,0.0,0.0,0.0,0.0,0.0,0.0,0.0,0.0,0.0,0.0,0.0,0.0,0.0,0.0,Super Built up,mid,new,Orris Aster Court Premier,gurgaon,2.04
181.16,3.0,4.0,3.0,1.0,90.0,10.0,0.0,0.0,0.0,0.0,0.0,0.0,0.0,0.0,0.0,0.0,0.0,0.0,0.0,0.0,0.0,0.0,0.0,0.0,0.0,Super Built up,high,new,Shree Vardhman Flora,gurgaon,1.462
183.48,4.0,4.0,3.0,0.0,85.0,8.0,0.0,0.0,0.0,0.0,0.0,0.0,0.0,0.0,0.0,0.0,0.0,0.0,0.0,0.0,0.0,0.0,0.0,0.0,0.0,Super Built up,high,old,Orris Carnation Residency,gurgaon,1.53
182.55,3.0,4.0,3.0,1.0,95.0,5.0,0.0,0.0,0.0,0.0,0.0,0.0,0.0,0.0,0.0,0.0,0.0,0.0,0.0,0.0,0.0,0.0,0.0,0.0,0.0,Super Built up,mid,new,Saan Verdante,gurgaon,3.4
186.74,4.0,4.0,2.0,0.0,69.0,10.0,0.0,0.0,0.0,0.0,0.0,0.0,0.0,0.0,0.0,0.0,0.0,0.0,0.0,0.0,0.0,0.0,0.0,0.0,0.0,Super Built up,high,new,Tulip Violet,gurgaon,3.145
227.61,3.0,4.0,3.0,1.0,104.0,13.0,0.0,0.0,0.0,0.0,0.0,0.0,0.0,0.0,0.0,0.0,0.0,0.0,0.0,0.0,0.0,0.0,0.0,0.0,0.0,Super Built up,high,new,Puri Emerald Bay,gurgaon,4.505
153.29,3.0,3.0,3.0,1.0,102.0,10.0,0.0,0.0,0.0,0.0,0.0,0.0,0.0,0.0,0.0,0.0,0.0,0.0,0.0,0.0,0.0,0.0,0.0,0.0,0.0,Super Built up,mid,new,Emaar Gurgaon Greens,gurgaon,2.55
162.12,3.0,3.0,3.0,1.0,109.0,15.0,0.0,0.0,0.0,0.0,0.0,0.0,0.0,0.0,0.0,0.0,0.0,0.0,0.0,0.0,0.0,0.0,0.0,0.0,0.0,Super Built up,high,new,ATS Kocoon,gurgaon,2.975
144.0,2.0,2.0,2.0,0.0,104.0,13.0,0.0,0.0,0.0,0.0,0.0,0.0,0.0,0.0,0.0,0.0,0.0,0.0,0.0,0.0,0.0,0.0,0.0,0.0,0.0,Super Built up,high,new,Puri Emerald Bay,gurgaon,2.244
122.63,2.0,2.0,2.0,1.0,83.0,15.0,0.0,0.0,0.0,0.0,0.0,0.0,0.0,1.0,0.0,0.0,0.0,0.0,0.0,0.0,0.0,0.0,0.0,0.0,0.0,Super Built up,high,old,Vatika City Homes,gurgaon,1.36
163.32,3.0,2.0,3.0,1.0,108.0,9.0,0.0,0.0,0.0,0.0,0.0,0.0,0.0,0.0,0.0,0.0,0.0,0.0,0.0,0.0,0.0,0.0,0.0,0.0,0.0,Super Built up,high,new,Experion The Heartsong,gurgaon,2.04
402.92,4.0,4.0,3.0,1.0,62.0,12.0,0.0,0.0,0.0,0.0,0.0,0.0,0.0,0.0,0.0,0.0,0.0,0.0,0.0,0.0,0.0,0.0,0.0,0.0,0.0,Super Built up,low,old,Pioneer Urban Presidia,gurgaon,11.05
163.51,3.0,4.0,3.0,1.0,106.0,11.0,0.0,0.0,0.0,0.0,0.0,0.0,0.0,0.0,0.0,0.0,0.0,0.0,0.0,0.0,0.0,0.0,0.0,0.0,0.0,Super Built up,high,new,Paras Dews,gurgaon,1.989
176.52,3.0,4.0,3.0,1.0,106.0,11.0,0.0,0.0,0.0,0.0,0.0,0.0,0.0,0.0,0.0,0.0,0.0,0.0,0.0,0.0,0.0,0.0,0.0,0.0,0.0,Super Built up,mid,new,Paras Dews,gurgaon,1.955
205.97,3.0,3.0,3.0,1.0,113.0,8.0,0.0,0.0,0.0,0.0,0.0,0.0,0.0,0.0,0.0,0.0,0.0,0.0,0.0,0.0,0.0,0.0,0.0,0.0,0.0,Super Built up,high,new,La Vida by Tata Housing,gurgaon,4.216
139.35,3.0,3.0,3.0,1.0,56.0,46.0,1.0,0.0,0.0,0.0,0.0,0.0,13.0,0.0,0.0,0.0,3.0,0.0,0.0,0.0,0.0,1.0,0.0,0.0,0.0,Super Built up,mid,old,Shri Banke Bihari Society,gurgaon,2.295
123.1,2.0,2.0,3.0,1.0,103.0,15.0,0.0,0.0,0.0,0.0,0.0,0.0,0.0,0.0,0.0,0.0,0.0,0.0,0.0,0.0,0.0,0.0,0.0,0.0,0.0,Super Built up,high,new,Indiabulls Centrum Park,gurgaon,1.955
186.08,3.0,4.0,2.0,0.0,108.0,13.0,0.0,0.0,0.0,0.0,0.0,0.0,0.0,0.0,0.0,0.0,0.0,0.0,0.0,0.0,0.0,0.0,0.0,0.0,0.0,Super Built up,high,new,Sobha City,gurgaon,5.015000000000001
219.07,3.0,4.0,3.0,1.0,67.0,10.0,0.0,0.0,0.0,0.0,0.0,0.0,0.0,0.0,0.0,0.0,0.0,0.0,0.0,0.0,0.0,0.0,0.0,0.0,0.0,Super Built up,high,new,M3M Merlin,gurgaon,5.779999999999999
190.27,3.0,3.0,3.0,1.0,67.0,10.0,0.0,0.0,0.0,0.0,0.0,0.0,0.0,0.0,0.0,0.0,0.0,0.0,0.0,0.0,0.0,0.0,0.0,0.0,0.0,Super Built up,low,new,M3M Merlin,gurgaon,4.76
194.63,3.0,4.0,3.0,1.0,109.0,15.0,0.0,0.0,0.0,0.0,0.0,0.0,0.0,0.0,0.0,0.0,0.0,0.0,0.0,0.0,0.0,0.0,0.0,0.0,0.0,Super Built up,high,new,ATS Kocoon,gurgaon,3.655
157.19,3.0,3.0,3.0,0.0,102.0,13.0,0.0,0.0,0.0,0.0,0.0,0.0,0.0,0.0,0.0,0.0,0.0,0.0,0.0,0.0,0.0,0.0,0.0,0.0,0.0,Super Built up,low,new,Shapoorji Pallonji Joyville Gurugram,gurgaon,2.992
274.06,4.0,5.0,3.0,1.0,111.0,10.0,0.0,0.0,0.0,0.0,0.0,0.0,0.0,0.0,0.0,0.0,0.0,0.0,0.0,0.0,0.0,0.0,0.0,0.0,0.0,Super Built up,high,new,Puri Diplomatic Greens,gurgaon,5.865
311.23,4.0,5.0,3.0,1.0,110.0,15.0,0.0,0.0,0.0,0.0,0.0,0.0,0.0,0.0,0.0,0.0,0.0,0.0,0.0,0.0,0.0,0.0,0.0,0.0,0.0,Super Built up,mid,new,Indiabulls Enigma,gurgaon,5.609999999999999
212.75,3.0,4.0,3.0,1.0,104.0,13.0,0.0,0.0,0.0,0.0,0.0,0.0,0.0,0.0,0.0,0.0,0.0,0.0,0.0,0.0,0.0,0.0,0.0,0.0,0.0,Super Built up,high,new,ATS Triumph,gurgaon,2.975
292.64,4.0,4.0,3.0,1.0,104.0,13.0,0.0,0.0,0.0,0.0,0.0,0.0,0.0,0.0,0.0,0.0,0.0,0.0,0.0,0.0,0.0,0.0,0.0,0.0,0.0,Super Built up,high,new,ATS Triumph,gurgaon,4.726
218.79,4.0,6.0,3.0,1.0,106.0,11.0,0.0,0.0,0.0,0.0,0.0,0.0,0.0,0.0,0.0,0.0,0.0,0.0,0.0,0.0,0.0,0.0,0.0,0.0,0.0,Super Built up,high,new,Paras Dews,gurgaon,2.414
200.86,4.0,4.0,3.0,0.0,102.0,13.0,0.0,0.0,0.0,0.0,0.0,0.0,0.0,0.0,0.0,0.0,0.0,0.0,0.0,0.0,0.0,0.0,0.0,0.0,0.0,Super Built up,high,new,Shapoorji Pallonji Joyville Gurugram,gurgaon,4.08
258.18,4.0,5.0,3.0,0.0,108.0,9.0,0.0,0.0,0.0,0.0,0.0,0.0,0.0,0.0,0.0,0.0,0.0,0.0,0.0,0.0,0.0,0.0,0.0,0.0,0.0,Super Built up,high,new,Experion The Heartsong,gurgaon,3.876
128.3,2.0,2.0,2.0,0.0,108.0,13.0,0.0,0.0,0.0,0.0,0.0,0.0,0.0,0.0,0.0,0.0,0.0,0.0,0.0,0.0,0.0,0.0,0.0,0.0,0.0,Super Built up,high,new,Sobha City,gurgaon,3.23
192.5,3.0,3.0,3.0,0.0,108.0,13.0,0.0,0.0,0.0,0.0,0.0,0.0,0.0,0.0,0.0,0.0,0.0,0.0,0.0,0.0,0.0,0.0,0.0,0.0,0.0,Super Built up,high,new,Sobha City,gurgaon,5.525
236.44,3.0,3.0,3.0,1.0,109.0,12.0,0.0,0.0,0.0,0.0,0.0,0.0,0.0,0.0,0.0,3.0,0.0,0.0,0.0,0.0,0.0,0.0,0.0,0.0,0.0,Super Built up,high,new,SBTL Caladium,gurgaon,2.72
603.87,4.0,5.0,3.0,0.0,104.0,13.0,0.0,0.0,0.0,0.0,0.0,0.0,0.0,0.0,0.0,0.0,0.0,0.0,0.0,0.0,0.0,0.0,0.0,0.0,0.0,Carpet,high,new,ATS Triumph,gurgaon,7.565
126.91,2.0,2.0,3.0,0.0,107.0,6.0,0.0,0.0,0.0,0.0,0.0,0.0,0.0,0.0,0.0,0.0,0.0,0.0,0.0,0.0,0.0,0.0,0.0,0.0,0.0,Super Built up,mid,new,M3M Woodshire,gurgaon,1.394
59.92,3.0,2.0,2.0,1.0,107.0,10.0,0.0,0.0,0.0,0.0,0.0,0.0,0.0,0.0,0.0,0.0,0.0,0.0,0.0,0.0,0.0,0.0,0.0,0.0,0.0,Carpet,mid,new,Signature Global Solera,gurgaon,0.85
59.92,3.0,2.0,2.0,1.0,107.0,10.0,0.0,0.0,0.0,0.0,0.0,0.0,0.0,0.0,0.0,0.0,0.0,0.0,0.0,0.0,0.0,0.0,0.0,0.0,0.0,Carpet,mid,new,Signature Global Solera,gurgaon,0.884
45.43,2.0,2.0,2.0,0.0,107.0,10.0,0.0,0.0,0.0,0.0,0.0,0.0,0.0,0.0,0.0,0.0,0.0,0.0,0.0,0.0,0.0,0.0,0.0,0.0,0.0,Carpet,mid,new,Signature Global Solera,gurgaon,0.476
45.43,2.0,2.0,2.0,0.0,107.0,10.0,0.0,0.0,0.0,0.0,0.0,0.0,0.0,0.0,0.0,0.0,0.0,0.0,0.0,0.0,0.0,0.0,0.0,0.0,0.0,Carpet,low,new,Signature Global Solera,gurgaon,0.4929999999999999
97.55,2.0,2.0,3.0,1.0,108.0,9.0,0.0,0.0,0.0,0.0,0.0,0.0,0.0,0.0,0.0,0.0,0.0,0.0,0.0,0.0,0.0,0.0,0.0,0.0,0.0,Carpet,high,new,Experion The Heartsong,gurgaon,1.649
126.91,2.0,2.0,3.0,0.0,107.0,6.0,0.0,0.0,0.0,0.0,0.0,0.0,0.0,0.0,0.0,0.0,0.0,0.0,0.0,0.0,0.0,0.0,0.0,0.0,0.0,Super Built up,mid,new,M3M Woodshire,gurgaon,1.36
153.29,3.0,3.0,3.0,1.0,102.0,10.0,0.0,0.0,0.0,0.0,0.0,0.0,0.0,0.0,0.0,0.0,0.0,0.0,0.0,0.0,0.0,0.0,0.0,0.0,0.0,Super Built up,high,new,Emaar Gurgaon Greens,gurgaon,2.465
78.97,3.0,2.0,1.0,0.0,,24.0,0.0,0.0,0.0,0.0,0.0,0.0,0.0,0.0,0.0,0.0,0.0,0.0,0.0,0.0,0.0,0.0,0.0,0.0,0.0,Carpet,low,new,Laxmi Apartment,gurgaon,0.935
144.0,2.0,2.0,3.0,1.0,99.0,15.0,0.0,0.0,0.0,0.0,0.0,0.0,0.0,0.0,0.0,0.0,0.0,0.0,0.0,0.0,0.0,0.0,0.0,0.0,0.0,Super Built up,high,new,Pareena Coban Residences,gurgaon,1.87
137.87,2.0,2.0,2.0,1.0,67.0,12.0,0.0,0.0,0.0,0.0,0.0,0.0,0.0,0.0,0.0,0.0,0.0,0.0,0.0,0.0,0.0,0.0,0.0,0.0,0.0,Super Built up,high,new,Ireo The Corridors,gurgaon,2.38
146.6,3.0,3.0,2.0,1.0,69.0,10.0,0.0,0.0,0.0,0.0,0.0,0.0,0.0,0.0,0.0,0.0,0.0,0.0,0.0,0.0,0.0,0.0,0.0,0.0,0.0,Super Built up,high,new,Tulip Violet,gurgaon,2.414
239.32,4.0,5.0,3.0,1.0,82.0,7.0,0.0,0.0,0.0,0.0,0.0,0.0,0.0,0.0,0.0,0.0,0.0,0.0,0.0,0.0,0.0,0.0,0.0,0.0,0.0,Super Built up,high,new,DLF The Primus,gurgaon,5.015000000000001
226.78,2.0,2.0,3.0,0.0,112.0,8.0,0.0,0.0,0.0,0.0,0.0,0.0,0.0,0.0,0.0,0.0,0.0,0.0,0.0,0.0,0.0,0.0,0.0,0.0,0.0,Super Built up,high,new,Experion Windchants,gurgaon,4.42
163.7,3.0,3.0,3.0,0.0,103.0,12.0,1.0,0.0,0.0,0.0,0.0,0.0,0.0,0.0,0.0,4.0,0.0,0.0,0.0,0.0,0.0,0.0,0.0,0.0,0.0,Super Built up,mid,new,Ansal Housing Highland Park,gurgaon,1.87
126.91,2.0,2.0,3.0,1.0,107.0,6.0,0.0,0.0,0.0,0.0,0.0,0.0,0.0,0.0,0.0,0.0,0.0,0.0,0.0,0.0,0.0,0.0,0.0,0.0,0.0,Super Built up,high,new,M3M Woodshire,gurgaon,1.275
180.51,3.0,3.0,3.0,1.0,107.0,6.0,0.0,0.0,0.0,0.0,0.0,0.0,0.0,0.0,0.0,0.0,0.0,0.0,0.0,0.0,0.0,0.0,0.0,0.0,0.0,Super Built up,mid,new,M3M Woodshire,gurgaon,2.21
219.34,3.0,4.0,3.0,1.0,107.0,6.0,0.0,0.0,0.0,0.0,0.0,0.0,0.0,0.0,0.0,0.0,0.0,0.0,0.0,0.0,0.0,0.0,0.0,0.0,0.0,Super Built up,mid,new,M3M Woodshire,gurgaon,2.533
151.25,2.0,2.0,3.0,1.0,88.0,7.0,0.0,0.0,0.0,0.0,1.0,0.0,0.0,0.0,0.0,0.0,0.0,1.0,0.0,0.0,0.0,0.0,0.0,0.0,0.0,Super Built up,high,new,Godrej Oasis,gurgaon,2.023
150.13,2.0,2.0,3.0,1.0,88.0,7.0,0.0,0.0,0.0,0.0,1.0,0.0,0.0,0.0,0.0,0.0,0.0,1.0,0.0,0.0,0.0,0.0,0.0,0.0,0.0,Super Built up,high,new,Godrej Oasis,gurgaon,1.955
184.97,3.0,4.0,3.0,1.0,103.0,15.0,0.0,0.0,0.0,0.0,0.0,0.0,0.0,0.0,0.0,0.0,0.0,0.0,0.0,0.0,0.0,0.0,0.0,0.0,0.0,Super Built up,low,new,Satya The Hermitage,gurgaon,1.7
115.66,2.0,2.0,2.0,1.0,83.0,10.0,0.0,0.0,0.0,0.0,0.0,0.0,0.0,0.0,0.0,0.0,0.0,0.0,0.0,0.0,0.0,0.0,0.0,0.0,0.0,Super Built up,low,new,Vatika Gurgaon 21,gurgaon,1.326
183.95,3.0,3.0,2.0,1.0,83.0,10.0,0.0,0.0,0.0,0.0,0.0,0.0,0.0,0.0,0.0,0.0,0.0,0.0,0.0,0.0,0.0,0.0,0.0,0.0,0.0,Super Built up,low,new,Vatika Gurgaon 21,gurgaon,1.955
199.65,3.0,4.0,3.0,1.0,102.0,15.0,0.0,0.0,0.0,0.0,0.0,0.0,0.0,0.0,0.0,0.0,0.0,0.0,0.0,0.0,0.0,0.0,0.0,0.0,0.0,Super Built up,high,new,Conscient Heritage Max,gurgaon,3.74
185.81,3.0,3.0,3.0,1.0,54.0,47.0,1.0,0.0,0.0,0.0,0.0,0.0,13.0,0.0,0.0,0.0,4.0,0.0,0.0,0.0,0.0,1.0,0.0,0.0,0.0,Super Built up,low,old,Shree Arihant Apartment,gurgaon,2.635
146.6,3.0,3.0,2.0,1.0,69.0,10.0,0.0,0.0,0.0,0.0,0.0,0.0,0.0,0.0,0.0,0.0,0.0,0.0,0.0,0.0,0.0,0.0,0.0,0.0,0.0,Super Built up,high,new,Tulip Violet,gurgaon,2.635
139.35,3.0,2.0,3.0,0.0,69.0,42.0,0.0,0.0,0.0,0.0,0.0,0.0,10.0,0.0,0.0,0.0,0.0,0.0,0.0,0.0,0.0,0.0,1.0,0.0,0.0,Super Built up,low,new,Tulip White,gurgaon,1.53
194.07,3.0,3.0,3.0,1.0,,10.0,0.0,0.0,0.0,0.0,0.0,0.0,0.0,0.0,0.0,0.0,0.0,0.0,0.0,0.0,0.0,0.0,0.0,0.0,0.0,Carpet,mid,old,Denso Haryana Housing Society,gurgaon,1.53
199.74,3.0,3.0,3.0,1.0,1.0,26.0,0.0,0.0,0.0,0.0,0.0,0.0,0.0,0.0,0.0,0.0,0.0,0.0,0.0,0.0,0.0,0.0,0.0,0.0,0.0,Super Built up,mid,old,The Nav Manesar Apartment,gurgaon,1.4449999999999998
223.25,3.0,3.0,3.0,1.0,60.0,7.0,0.0,0.0,0.0,0.0,0.0,0.0,0.0,0.0,0.0,0.0,0.0,0.0,0.0,0.0,0.0,0.0,0.0,0.0,0.0,Super Built up,mid,new,Ireo Skyon,gurgaon,5.1
126.81,2.0,2.0,2.0,1.0,60.0,7.0,0.0,0.0,0.0,0.0,0.0,0.0,0.0,0.0,0.0,0.0,0.0,0.0,0.0,0.0,0.0,0.0,0.0,0.0,0.0,Super Built up,low,new,Ireo Skyon,gurgaon,3.604
169.27,3.0,3.0,3.0,0.0,77.0,10.0,0.0,0.0,0.0,0.0,0.0,0.0,0.0,0.0,0.0,0.0,0.0,0.0,0.0,0.0,0.0,0.0,0.0,0.0,0.0,Super Built up,mid,new,Umang Winter Hills,gurgaon,1.785
223.71,3.0,4.0,3.0,1.0,85.0,13.0,0.0,0.0,0.0,0.0,0.0,0.0,0.0,0.0,0.0,0.0,0.0,0.0,0.0,0.0,0.0,0.0,0.0,0.0,0.0,Super Built up,high,new,SS The Leaf,gurgaon,2.805
182.37,3.0,3.0,3.0,1.0,84.0,10.0,0.0,0.0,0.0,0.0,0.0,0.0,0.0,0.0,0.0,0.0,0.0,0.0,0.0,0.0,0.0,0.0,0.0,0.0,0.0,Super Built up,high,new,Alpha Corp GurgaonOne 84,gurgaon,2.55
219.07,3.0,4.0,3.0,1.0,67.0,10.0,0.0,0.0,0.0,0.0,0.0,0.0,0.0,0.0,0.0,0.0,0.0,0.0,0.0,0.0,0.0,0.0,0.0,0.0,0.0,Super Built up,high,new,M3M Merlin,gurgaon,5.779999999999999
219.07,3.0,4.0,3.0,1.0,67.0,10.0,0.0,0.0,0.0,0.0,0.0,0.0,0.0,0.0,0.0,0.0,0.0,0.0,0.0,0.0,0.0,0.0,0.0,0.0,0.0,Super Built up,high,new,M3M Merlin,gurgaon,5.95
227.8,3.0,4.0,3.0,1.0,67.0,11.0,0.0,0.0,0.0,0.0,0.0,0.0,0.0,0.0,0.0,0.0,0.0,0.0,0.0,0.0,0.0,0.0,0.0,0.0,0.0,Super Built up,high,new,Ireo Victory Valley,gurgaon,5.355
239.23,4.0,4.0,3.0,1.0,5.0,7.0,0.0,0.0,0.0,0.0,0.0,0.0,0.0,0.0,0.0,0.0,0.0,0.0,0.0,0.0,0.0,0.0,0.0,0.0,0.0,Super Built up,high,old,DLF The Icon,gurgaon,8.924999999999999
190.17,3.0,3.0,3.0,1.0,67.0,10.0,0.0,0.0,0.0,0.0,0.0,0.0,0.0,0.0,0.0,0.0,0.0,0.0,0.0,0.0,0.0,0.0,0.0,0.0,0.0,Super Built up,mid,new,M3M Merlin,gurgaon,4.726
179.77,3.0,3.0,3.0,1.0,92.0,5.0,0.0,0.0,0.0,0.0,0.0,0.0,0.0,0.0,0.0,0.0,0.0,0.0,0.0,0.0,0.0,0.0,0.0,0.0,0.0,Super Built up,high,new,Ansal Heights,gurgaon,1.224
185.81,3.0,3.0,3.0,1.0,56.0,46.0,1.0,0.0,0.0,0.0,0.0,0.0,14.0,0.0,0.0,0.0,3.0,0.0,0.0,0.0,0.0,1.0,0.0,0.0,0.0,Super Built up,mid,old,Professors Enclave CGHS,gurgaon,2.635
130.06,3.0,3.0,3.0,1.0,43.0,48.0,0.0,0.0,0.0,0.0,0.0,0.0,7.0,0.0,0.0,0.0,2.0,0.0,1.0,0.0,0.0,1.0,0.0,0.0,2.0,Super Built up,mid,old,Ansal Maple Heights,gurgaon,2.55
221.57,3.0,4.0,2.0,1.0,67.0,11.0,0.0,0.0,0.0,0.0,0.0,0.0,0.0,0.0,0.0,0.0,0.0,0.0,0.0,0.0,0.0,0.0,0.0,0.0,0.0,Super Built up,high,new,Ireo Victory Valley,gurgaon,5.185
201.04,3.0,4.0,2.0,1.0,58.0,13.0,0.0,0.0,0.0,0.0,0.0,0.0,0.0,0.0,0.0,0.0,0.0,0.0,0.0,0.0,0.0,0.0,0.0,0.0,0.0,Super Built up,high,new,Ireo The Grand Arch,gurgaon,6.511
189.34,3.0,3.0,2.0,1.0,74.0,7.0,0.0,0.0,0.0,0.0,0.0,0.0,0.0,0.0,0.0,0.0,0.0,0.0,0.0,0.0,0.0,0.0,0.0,0.0,0.0,Super Built up,high,new,M3M Skywalk,gurgaon,3.825
181.16,4.0,4.0,3.0,1.0,83.0,10.0,0.0,0.0,0.0,0.0,0.0,0.0,0.0,0.0,0.0,0.0,0.0,0.0,0.0,0.0,0.0,0.0,0.0,0.0,0.0,Carpet,high,new,Vatika Gurgaon 21,gurgaon,2.38
260.31,3.0,5.0,3.0,1.0,112.0,8.0,0.0,0.0,0.0,0.0,0.0,0.0,0.0,0.0,0.0,0.0,0.0,0.0,0.0,0.0,0.0,0.0,0.0,0.0,0.0,Super Built up,high,new,Experion Windchants,gurgaon,6.375
183.58,3.0,3.0,3.0,1.0,70.0,14.0,0.0,0.0,0.0,0.0,0.0,0.0,4.0,0.0,0.0,0.0,0.0,0.0,0.0,0.0,0.0,0.0,0.0,0.0,0.0,Super Built up,mid,new,Capital Residences 360,gurgaon,2.567
214.14,3.0,3.0,3.0,1.0,48.0,15.0,0.0,0.0,0.0,0.0,0.0,0.0,0.0,0.0,0.0,0.0,0.0,0.0,0.0,0.0,0.0,0.0,0.0,0.0,0.0,Super Built up,mid,new,Bestech Park View City,gurgaon,4.59
250.09,4.0,4.0,3.0,1.0,113.0,8.0,0.0,0.0,0.0,0.0,0.0,0.0,0.0,0.0,0.0,0.0,0.0,0.0,0.0,0.0,0.0,0.0,0.0,0.0,0.0,Carpet,high,new,La Vida by Tata Housing,gurgaon,5.695
146.6,3.0,3.0,2.0,1.0,69.0,10.0,0.0,0.0,0.0,0.0,0.0,0.0,0.0,0.0,0.0,0.0,0.0,0.0,0.0,0.0,0.0,0.0,0.0,0.0,0.0,Super Built up,high,new,Tulip Violet,gurgaon,2.55
247.12,3.0,4.0,3.0,1.0,81.0,9.0,0.0,0.0,0.0,0.0,0.0,0.0,0.0,0.0,0.0,0.0,0.0,0.0,0.0,0.0,0.0,0.0,0.0,0.0,0.0,Super Built up,high,new,Bestech Park View Grand Spa,gurgaon,3.74
211.17,4.0,4.0,3.0,0.0,82.0,7.0,0.0,0.0,0.0,0.0,0.0,0.0,0.0,0.0,0.0,0.0,0.0,0.0,0.0,0.0,0.0,0.0,0.0,0.0,0.0,Super Built up,high,new,DLF The Primus,gurgaon,4.335
55.56,2.0,2.0,2.0,1.0,81.0,10.0,0.0,0.0,0.0,0.0,0.0,0.0,0.0,0.0,0.0,0.0,0.0,0.0,0.0,0.0,0.0,0.0,0.0,0.0,0.0,Carpet,mid,new,Signature Global Synera,gurgaon,0.765
161.19,3.0,3.0,2.0,0.0,83.0,10.0,0.0,0.0,0.0,0.0,0.0,0.0,0.0,0.0,0.0,0.0,0.0,0.0,0.0,0.0,0.0,0.0,0.0,0.0,0.0,Super Built up,high,new,Vatika Gurgaon 21,gurgaon,2.006
117.99,2.0,2.0,3.0,0.0,84.0,10.0,0.0,0.0,0.0,0.0,0.0,0.0,0.0,0.0,0.0,0.0,0.0,0.0,0.0,0.0,0.0,0.0,0.0,0.0,0.0,Super Built up,mid,new,Alpha Corp GurgaonOne 84,gurgaon,1.4449999999999998
182.37,3.0,3.0,3.0,1.0,84.0,10.0,0.0,0.0,0.0,0.0,0.0,0.0,0.0,0.0,0.0,0.0,0.0,0.0,0.0,0.0,0.0,0.0,0.0,0.0,0.0,Super Built up,mid,new,Alpha Corp GurgaonOne 84,gurgaon,2.533
314.94,4.0,5.0,3.0,1.0,53.0,15.0,0.0,0.0,0.0,0.0,0.0,0.0,0.0,0.0,0.0,0.0,0.0,0.0,0.0,0.0,0.0,0.0,0.0,0.0,0.0,Super Built up,high,new,Parsvnath Exotica,gurgaon,11.05
210.52,4.0,4.0,3.0,1.0,92.0,8.0,0.0,0.0,0.0,0.0,0.0,0.0,0.0,0.0,0.0,0.0,0.0,0.0,0.0,0.0,0.0,0.0,0.0,0.0,0.0,Carpet,high,new,Sare Homes,gurgaon,2.006
141.49,3.0,3.0,3.0,1.0,92.0,8.0,0.0,0.0,0.0,0.0,0.0,0.0,0.0,0.0,0.0,0.0,0.0,0.0,0.0,0.0,0.0,0.0,0.0,0.0,0.0,Carpet,mid,new,Sare Homes,gurgaon,1.36
222.04,4.0,4.0,3.0,1.0,83.0,10.0,0.0,0.0,0.0,0.0,0.0,0.0,0.0,0.0,0.0,0.0,0.0,0.0,0.0,0.0,0.0,0.0,0.0,0.0,0.0,Super Built up,mid,new,Vatika Gurgaon 21,gurgaon,2.414
301.56,3.0,3.0,3.0,1.0,65.0,9.0,0.0,0.0,0.0,0.0,0.0,0.0,0.0,0.0,0.0,0.0,0.0,0.0,0.0,0.0,0.0,0.0,0.0,0.0,0.0,Super Built up,low,new,M3M Golfestate,gurgaon,8.5
179.21,3.0,3.0,1.0,1.0,86.0,10.0,0.0,0.0,0.0,0.0,0.0,0.0,0.0,0.0,0.0,0.0,0.0,0.0,0.0,0.0,0.0,0.0,0.0,0.0,0.0,Super Built up,high,new,DLF The Skycourt,gurgaon,2.924
130.06,3.0,3.0,3.0,1.0,65.0,10.0,0.0,0.0,0.0,0.0,0.0,0.0,0.0,0.0,0.0,0.0,0.0,0.0,0.0,0.0,0.0,0.0,0.0,0.0,0.0,Carpet,low,new,Emaar Emerald Hills,gurgaon,3.315
124.49,3.0,3.0,3.0,1.0,83.0,15.0,0.0,0.0,0.0,0.0,0.0,0.0,0.0,1.0,0.0,0.0,0.0,0.0,0.0,0.0,0.0,0.0,0.0,0.0,0.0,Super Built up,high,new,Mapsko Paradise,gurgaon,1.275
203.55,3.0,3.0,3.0,1.0,37.0,11.0,0.0,0.0,0.0,0.0,0.0,0.0,0.0,0.0,0.0,0.0,0.0,0.0,0.0,0.0,0.0,0.0,0.0,0.0,0.0,Super Built up,high,new,BPTP Terra,gurgaon,2.924
297.1,4.0,5.0,3.0,1.0,102.0,11.0,0.0,0.0,0.0,0.0,0.0,0.0,0.0,0.0,0.0,0.0,0.0,0.0,0.0,0.0,0.0,0.0,0.0,0.0,0.0,Super Built up,high,new,Adani M2K Oyster Grande,gurgaon,4.25
188.13,3.0,4.0,3.0,1.0,102.0,10.0,0.0,0.0,0.0,0.0,0.0,0.0,0.0,0.0,0.0,0.0,0.0,0.0,0.0,0.0,0.0,0.0,0.0,0.0,0.0,Super Built up,high,new,Emaar Imperial Gardens,gurgaon,2.89
124.12,2.0,2.0,2.0,1.0,,7.0,0.0,0.0,0.0,0.0,0.0,0.0,0.0,0.0,0.0,0.0,0.0,0.0,0.0,0.0,0.0,0.0,0.0,0.0,0.0,Super Built up,high,old,Unitech Fresco,gurgaon,1.938
124.95,3.0,3.0,3.0,1.0,1.0,45.0,0.0,0.0,0.0,0.0,0.0,0.0,7.0,0.0,0.0,0.0,1.0,0.0,1.0,0.0,0.0,0.0,0.0,0.0,0.0,Super Built up,low,old,Ansal Maple Crescent,gurgaon,2.295
41.62,2.0,2.0,1.0,0.0,99.0,8.0,0.0,0.0,0.0,0.0,0.0,0.0,0.0,0.0,0.0,0.0,0.0,0.0,0.0,0.0,0.0,0.0,0.0,0.0,0.0,Carpet,high,new,Prime Habitat,gurgaon,0.459
218.88,4.0,4.0,3.0,1.0,86.0,15.0,0.0,0.0,0.0,0.0,0.0,0.0,0.0,0.0,0.0,0.0,0.0,0.0,0.0,0.0,0.0,0.0,0.0,0.0,0.0,Super Built up,high,new,DLF New Town Heights 2,gurgaon,2.38
179.3,3.0,4.0,3.0,1.0,86.0,15.0,0.0,0.0,0.0,0.0,0.0,0.0,0.0,0.0,0.0,0.0,0.0,0.0,0.0,0.0,0.0,0.0,0.0,0.0,0.0,Super Built up,low,new,DLF New Town Heights 2,gurgaon,2.125
161.74,2.0,2.0,3.0,1.0,85.0,13.0,0.0,0.0,0.0,0.0,0.0,0.0,0.0,0.0,0.0,0.0,0.0,0.0,0.0,0.0,0.0,0.0,0.0,0.0,0.0,Super Built up,high,new,SS The Leaf,gurgaon,2.006
152.36,2.0,2.0,3.0,1.0,85.0,13.0,0.0,0.0,0.0,0.0,0.0,0.0,0.0,0.0,0.0,0.0,0.0,0.0,0.0,0.0,0.0,0.0,0.0,0.0,0.0,Super Built up,high,new,SS The Leaf,gurgaon,1.87
180.51,3.0,3.0,3.0,0.0,107.0,6.0,0.0,0.0,0.0,0.0,0.0,0.0,0.0,0.0,0.0,0.0,0.0,0.0,0.0,0.0,0.0,0.0,0.0,0.0,0.0,Super Built up,mid,old,M3M Woodshire,gurgaon,2.057
315.87,4.0,4.0,3.0,1.0,110.0,15.0,0.0,0.0,0.0,0.0,0.0,0.0,0.0,0.0,0.0,0.0,0.0,0.0,0.0,0.0,0.0,0.0,0.0,0.0,0.0,Super Built up,high,old,Indiabulls Enigma,gurgaon,5.865
172.06,3.0,3.0,3.0,0.0,102.0,13.0,0.0,0.0,0.0,0.0,0.0,0.0,0.0,0.0,0.0,0.0,0.0,0.0,0.0,0.0,0.0,0.0,0.0,0.0,0.0,Super Built up,high,new,Shapoorji Pallonji Joyville Gurugram,gurgaon,3.315
274.06,4.0,5.0,3.0,1.0,111.0,10.0,0.0,0.0,0.0,0.0,0.0,0.0,0.0,0.0,0.0,0.0,0.0,0.0,0.0,0.0,0.0,0.0,0.0,0.0,0.0,Super Built up,high,old,Puri Diplomatic Greens,gurgaon,6.205
165.09,3.0,3.0,3.0,1.0,4.0,47.0,0.0,0.0,0.0,0.0,0.0,0.0,10.0,0.0,0.0,0.0,2.0,0.0,0.0,0.0,0.0,0.0,0.0,0.0,2.0,Built Up,mid,old,DLF Regency Park 2,gurgaon,3.91
204.39,3.0,4.0,3.0,1.0,66.0,14.0,0.0,0.0,0.0,0.0,0.0,0.0,0.0,0.0,0.0,0.0,0.0,0.0,0.0,0.0,0.0,0.0,0.0,0.0,0.0,Super Built up,high,new,Emaar MGF The Palm Drive,gurgaon,5.779999999999999
162.67,3.0,3.0,3.0,0.0,,7.0,0.0,0.0,0.0,0.0,0.0,0.0,0.0,0.0,0.0,0.0,0.0,0.0,0.0,0.0,0.0,0.0,0.0,0.0,0.0,Super Built up,mid,new,Eldeco Accolade,gurgaon,1.938
135.36,2.0,2.0,3.0,1.0,,7.0,0.0,0.0,0.0,0.0,0.0,0.0,0.0,0.0,0.0,0.0,0.0,0.0,0.0,0.0,0.0,0.0,0.0,0.0,0.0,Super Built up,high,new,Eldeco Accolade,gurgaon,1.632
249.91,3.0,4.0,3.0,1.0,113.0,8.0,0.0,0.0,0.0,0.0,0.0,0.0,0.0,0.0,0.0,0.0,0.0,0.0,0.0,0.0,0.0,0.0,0.0,0.0,0.0,Super Built up,low,new,La Vida by Tata Housing,gurgaon,5.185
205.97,3.0,4.0,3.0,1.0,113.0,8.0,0.0,0.0,0.0,0.0,0.0,0.0,0.0,0.0,0.0,0.0,0.0,0.0,0.0,0.0,0.0,0.0,0.0,0.0,0.0,Super Built up,low,new,La Vida by Tata Housing,gurgaon,3.995
144.0,2.0,2.0,3.0,1.0,99.0,15.0,0.0,0.0,0.0,0.0,0.0,0.0,0.0,0.0,0.0,0.0,0.0,0.0,0.0,0.0,0.0,0.0,0.0,0.0,0.0,Super Built up,low,new,Pareena Coban Residences,gurgaon,1.785
144.0,2.0,2.0,3.0,1.0,99.0,15.0,0.0,0.0,0.0,0.0,0.0,0.0,0.0,0.0,0.0,0.0,0.0,0.0,0.0,0.0,0.0,0.0,0.0,0.0,0.0,Super Built up,low,new,Pareena Coban Residences,gurgaon,1.734
185.53,3.0,5.0,3.0,1.0,99.0,15.0,0.0,0.0,0.0,0.0,0.0,0.0,0.0,0.0,0.0,0.0,0.0,0.0,0.0,0.0,0.0,0.0,0.0,0.0,0.0,Super Built up,low,new,Pareena Coban Residences,gurgaon,1.836
146.79,2.0,2.0,2.0,1.0,113.0,12.0,0.0,0.0,0.0,0.0,0.0,0.0,0.0,0.0,0.0,0.0,0.0,0.0,0.0,0.0,0.0,0.0,0.0,0.0,0.0,Super Built up,high,new,Tata Gurgaon Gateway,gurgaon,2.975
206.71,3.0,3.0,3.0,0.0,113.0,12.0,0.0,0.0,0.0,0.0,0.0,0.0,0.0,0.0,0.0,0.0,0.0,0.0,0.0,0.0,0.0,0.0,0.0,0.0,0.0,Super Built up,high,new,Tata Gurgaon Gateway,gurgaon,4.165
609.91,5.0,6.0,3.0,0.0,113.0,12.0,0.0,0.0,0.0,0.0,0.0,0.0,0.0,0.0,0.0,0.0,0.0,0.0,0.0,0.0,0.0,0.0,0.0,0.0,0.0,Carpet,high,old,Tata Gurgaon Gateway,gurgaon,10.2
162.12,3.0,3.0,3.0,0.0,109.0,15.0,0.0,0.0,0.0,0.0,0.0,0.0,0.0,0.0,0.0,0.0,0.0,0.0,0.0,0.0,0.0,0.0,0.0,0.0,0.0,Super Built up,high,new,ATS Kocoon,gurgaon,2.856
112.88,2.0,2.0,2.0,0.0,102.0,13.0,0.0,0.0,0.0,0.0,0.0,0.0,0.0,0.0,0.0,0.0,0.0,0.0,0.0,0.0,0.0,0.0,0.0,0.0,0.0,Super Built up,high,new,Shapoorji Pallonji Joyville Gurugram,gurgaon,2.142
180.42,3.0,4.0,3.0,1.0,102.0,15.0,0.0,0.0,0.0,0.0,0.0,0.0,0.0,0.0,0.0,0.0,0.0,0.0,0.0,0.0,0.0,0.0,0.0,0.0,0.0,Super Built up,high,new,Conscient Heritage Max,gurgaon,3.094
204.39,3.0,4.0,2.0,1.0,111.0,10.0,0.0,0.0,0.0,0.0,0.0,0.0,0.0,0.0,0.0,0.0,0.0,0.0,0.0,0.0,0.0,0.0,0.0,0.0,0.0,Super Built up,high,new,Puri Diplomatic Greens,gurgaon,4.386
146.14,2.0,2.0,3.0,1.0,113.0,8.0,0.0,0.0,0.0,0.0,0.0,0.0,0.0,0.0,0.0,0.0,0.0,0.0,0.0,0.0,0.0,0.0,0.0,0.0,0.0,Super Built up,high,new,La Vida by Tata Housing,gurgaon,2.975
158.96,3.0,3.0,2.0,0.0,108.0,13.0,0.0,0.0,0.0,0.0,0.0,0.0,0.0,0.0,0.0,0.0,0.0,0.0,0.0,0.0,0.0,0.0,0.0,0.0,0.0,Super Built up,high,new,Sobha City,gurgaon,4.42
186.08,3.0,4.0,2.0,0.0,108.0,13.0,0.0,0.0,0.0,0.0,0.0,0.0,0.0,0.0,0.0,0.0,0.0,0.0,0.0,0.0,0.0,0.0,0.0,0.0,0.0,Super Built up,high,new,Sobha City,gurgaon,4.93
219.34,3.0,4.0,3.0,1.0,107.0,6.0,0.0,0.0,0.0,0.0,0.0,0.0,0.0,0.0,0.0,0.0,0.0,0.0,0.0,0.0,0.0,0.0,0.0,0.0,0.0,Super Built up,mid,new,M3M Woodshire,gurgaon,2.38
292.64,4.0,5.0,3.0,1.0,109.0,11.0,0.0,0.0,0.0,0.0,0.0,0.0,0.0,0.0,0.0,0.0,0.0,0.0,0.0,0.0,0.0,0.0,0.0,0.0,0.0,Super Built up,high,new,ATS Tourmaline,gurgaon,5.015000000000001
240.15,3.0,4.0,3.0,1.0,109.0,11.0,0.0,0.0,0.0,0.0,0.0,0.0,0.0,0.0,0.0,0.0,0.0,0.0,0.0,0.0,0.0,0.0,0.0,0.0,0.0,Super Built up,high,new,ATS Tourmaline,gurgaon,3.825
162.58,3.0,3.0,3.0,0.0,109.0,11.0,0.0,0.0,0.0,0.0,0.0,0.0,0.0,0.0,0.0,0.0,0.0,0.0,0.0,0.0,0.0,0.0,0.0,0.0,0.0,Super Built up,high,new,ATS Tourmaline,gurgaon,2.38
174.66,3.0,2.0,3.0,0.0,109.0,11.0,0.0,0.0,0.0,0.0,0.0,0.0,0.0,0.0,0.0,3.0,0.0,0.0,0.0,0.0,0.0,0.0,0.0,0.0,0.0,Super Built up,high,new,SBTL Caladium,gurgaon,2.142
183.02,4.0,4.0,1.0,0.0,69.0,10.0,0.0,0.0,0.0,0.0,0.0,0.0,0.0,0.0,0.0,0.0,0.0,0.0,0.0,0.0,0.0,0.0,0.0,0.0,0.0,Super Built up,high,new,Tulip Violet,gurgaon,2.89
146.6,3.0,3.0,2.0,1.0,69.0,10.0,0.0,0.0,0.0,0.0,0.0,0.0,0.0,0.0,0.0,0.0,0.0,0.0,0.0,0.0,0.0,0.0,0.0,0.0,0.0,Super Built up,low,new,Tulip Violet,gurgaon,2.431
145.67,3.0,3.0,1.0,1.0,69.0,10.0,0.0,0.0,0.0,0.0,0.0,0.0,0.0,0.0,0.0,0.0,0.0,0.0,0.0,0.0,0.0,0.0,0.0,0.0,0.0,Super Built up,high,new,Tulip Violet,gurgaon,2.21
145.67,3.0,3.0,1.0,1.0,69.0,10.0,0.0,0.0,0.0,0.0,0.0,0.0,0.0,0.0,0.0,0.0,0.0,0.0,0.0,0.0,0.0,0.0,0.0,0.0,0.0,Super Built up,high,new,Tulip Violet,gurgaon,2.244
186.74,4.0,4.0,2.0,0.0,69.0,10.0,0.0,0.0,0.0,0.0,0.0,0.0,0.0,0.0,0.0,0.0,0.0,0.0,0.0,0.0,0.0,0.0,0.0,0.0,0.0,Super Built up,high,new,Tulip Violet,gurgaon,3.4
149.39,3.0,3.0,2.0,1.0,69.0,10.0,0.0,0.0,0.0,0.0,0.0,0.0,0.0,0.0,0.0,0.0,0.0,0.0,0.0,0.0,0.0,0.0,0.0,0.0,0.0,Super Built up,low,new,Tulip Violet,gurgaon,2.431
266.82,4.0,4.0,3.0,1.0,81.0,9.0,0.0,0.0,0.0,0.0,0.0,0.0,0.0,0.0,0.0,0.0,0.0,0.0,0.0,0.0,0.0,0.0,0.0,0.0,0.0,Super Built up,high,new,DLF The Ultima,gurgaon,5.882
198.07,3.0,3.0,3.0,1.0,81.0,9.0,0.0,0.0,0.0,0.0,0.0,0.0,0.0,0.0,0.0,0.0,0.0,0.0,0.0,0.0,0.0,0.0,0.0,0.0,0.0,Super Built up,mid,new,DLF The Ultima,gurgaon,3.825
162.12,3.0,3.0,3.0,0.0,109.0,15.0,0.0,0.0,0.0,0.0,0.0,0.0,0.0,0.0,0.0,0.0,0.0,0.0,0.0,0.0,0.0,0.0,0.0,0.0,0.0,Super Built up,high,old,ATS Kocoon,gurgaon,2.89
236.44,3.0,3.0,3.0,0.0,109.0,11.0,0.0,0.0,0.0,0.0,0.0,0.0,0.0,0.0,0.0,3.0,0.0,0.0,0.0,0.0,0.0,0.0,0.0,0.0,0.0,Super Built up,high,new,SBTL Caladium,gurgaon,3.06
174.66,3.0,2.0,3.0,0.0,109.0,11.0,0.0,0.0,0.0,0.0,0.0,0.0,0.0,0.0,0.0,3.0,0.0,0.0,0.0,0.0,0.0,0.0,0.0,0.0,0.0,Super Built up,high,new,SBTL Caladium,gurgaon,2.295
276.76,3.0,4.0,3.0,1.0,65.0,9.0,0.0,0.0,0.0,0.0,0.0,0.0,0.0,0.0,0.0,0.0,0.0,0.0,0.0,0.0,0.0,0.0,0.0,0.0,0.0,Super Built up,high,old,M3M Golfestate,gurgaon,9.18
195.1,3.0,3.0,3.0,1.0,54.0,43.0,0.0,0.0,0.0,0.0,0.0,0.0,12.0,0.0,0.0,0.0,2.0,0.0,0.0,0.0,0.0,1.0,0.0,0.0,0.0,Super Built up,low,old,Shree Arihant Apartment,gurgaon,2.635
156.26,2.0,2.0,2.0,0.0,74.0,7.0,0.0,0.0,0.0,0.0,0.0,0.0,0.0,0.0,0.0,0.0,0.0,0.0,0.0,0.0,0.0,0.0,0.0,0.0,0.0,Super Built up,high,new,M3M Skywalk,gurgaon,2.72
222.97,4.0,4.0,3.0,1.0,56.0,46.0,1.0,0.0,0.0,0.0,0.0,0.0,14.0,0.0,0.0,0.0,3.0,0.0,0.0,0.0,0.0,1.0,0.0,0.0,0.0,Super Built up,mid,new,The Lions CGHS,gurgaon,3.5529999999999995
204.39,3.0,3.0,3.0,1.0,54.0,43.0,1.0,0.0,0.0,0.0,0.0,0.0,14.0,0.0,0.0,0.0,3.0,0.0,0.0,0.0,0.0,1.0,0.0,0.0,0.0,Super Built up,mid,old,Sunischit Apartments,gurgaon,2.975
159.79,3.0,3.0,3.0,1.0,83.0,10.0,0.0,0.0,0.0,0.0,0.0,0.0,0.0,0.0,0.0,0.0,0.0,0.0,0.0,0.0,0.0,0.0,0.0,0.0,0.0,Super Built up,mid,new,Emaar Palm Gardens,gurgaon,2.346
153.29,3.0,3.0,3.0,1.0,65.0,6.0,0.0,0.0,0.0,0.0,0.0,0.0,0.0,0.0,0.0,0.0,0.0,0.0,0.0,0.0,0.0,0.0,0.0,0.0,0.0,Super Built up,low,new,Emaar MGF Emerald Floors Premier,gurgaon,3.825
195.38,3.0,4.0,3.0,1.0,81.0,9.0,0.0,0.0,0.0,0.0,0.0,0.0,0.0,0.0,0.0,0.0,0.0,0.0,0.0,0.0,0.0,0.0,0.0,0.0,0.0,Super Built up,high,new,DLF The Ultima,gurgaon,4.08
176.52,3.0,3.0,3.0,1.0,83.0,10.0,0.0,0.0,0.0,0.0,0.0,0.0,0.0,0.0,0.0,0.0,0.0,0.0,0.0,0.0,0.0,0.0,0.0,0.0,0.0,Super Built up,mid,new,Emaar Palm Gardens,gurgaon,2.924
172.24,3.0,4.0,3.0,1.0,78.0,7.0,0.0,0.0,0.0,0.0,0.0,0.0,0.0,0.0,0.0,0.0,0.0,0.0,0.0,0.0,0.0,0.0,0.0,0.0,0.0,Super Built up,high,old,Umang Monsoon Breeze,gurgaon,1.496
348.39,5.0,7.0,3.0,1.0,83.0,10.0,0.0,0.0,0.0,0.0,0.0,0.0,0.0,0.0,0.0,0.0,0.0,0.0,0.0,0.0,0.0,0.0,0.0,0.0,0.0,Super Built up,high,new,Emaar Palm Gardens,gurgaon,5.355
168.25,3.0,3.0,3.0,1.0,37.0,11.0,0.0,0.0,0.0,0.0,0.0,0.0,0.0,0.0,0.0,0.0,0.0,0.0,0.0,0.0,0.0,0.0,0.0,0.0,0.0,Super Built up,high,new,BPTP Terra,gurgaon,2.924
131.46,2.0,2.0,3.0,0.0,74.0,7.0,0.0,0.0,0.0,0.0,0.0,0.0,0.0,0.0,0.0,0.0,0.0,0.0,0.0,0.0,0.0,0.0,0.0,0.0,0.0,Super Built up,high,new,M3M Skywalk,gurgaon,2.499
167.41,3.0,4.0,3.0,1.0,71.0,15.0,0.0,0.0,0.0,0.0,0.0,0.0,0.0,0.0,0.0,0.0,0.0,0.0,0.0,0.0,0.0,0.0,0.0,0.0,0.0,Super Built up,low,old,CHD Avenue 71,gurgaon,1.87
203.74,4.0,4.0,3.0,1.0,71.0,15.0,0.0,0.0,0.0,0.0,0.0,0.0,0.0,0.0,0.0,0.0,0.0,0.0,0.0,0.0,0.0,0.0,0.0,0.0,0.0,Super Built up,high,old,CHD Avenue 71,gurgaon,2.244
218.32,4.0,4.0,3.0,1.0,71.0,15.0,0.0,0.0,0.0,0.0,0.0,0.0,0.0,0.0,0.0,0.0,0.0,0.0,0.0,0.0,0.0,0.0,0.0,0.0,0.0,Super Built up,mid,old,CHD Avenue 71,gurgaon,2.21
218.32,4.0,4.0,3.0,1.0,71.0,15.0,0.0,0.0,0.0,0.0,0.0,0.0,0.0,0.0,0.0,0.0,0.0,0.0,0.0,0.0,0.0,0.0,0.0,0.0,0.0,Super Built up,high,old,CHD Avenue 71,gurgaon,2.295
256.78,4.0,4.0,3.0,1.0,66.0,15.0,0.0,0.0,0.0,0.0,0.0,0.0,0.0,1.0,0.0,0.0,0.0,0.0,0.0,0.0,0.0,0.0,0.0,0.0,0.0,Super Built up,low,new,BPTP Mansions Park Prime,gurgaon,5.1
179.21,3.0,3.0,3.0,1.0,86.0,10.0,0.0,0.0,0.0,0.0,0.0,0.0,0.0,0.0,0.0,0.0,0.0,0.0,0.0,0.0,0.0,0.0,0.0,0.0,0.0,Super Built up,high,new,DLF The Skycourt,gurgaon,2.72
221.39,4.0,4.0,3.0,1.0,49.0,15.0,0.0,0.0,0.0,0.0,0.0,0.0,0.0,0.0,0.0,0.0,0.0,0.0,0.0,0.0,0.0,0.0,0.0,0.0,0.0,Super Built up,mid,old,Bestech Park View City 2,gurgaon,5.1
240.43,3.0,3.0,3.0,1.0,1.0,10.0,0.0,0.0,0.0,0.0,0.0,0.0,0.0,0.0,0.0,0.0,0.0,0.0,0.0,0.0,0.0,0.0,0.0,0.0,0.0,Super Built up,high,old,HSIIDC Sidco Aravali,gurgaon,1.53
204.39,3.0,4.0,3.0,1.0,54.0,47.0,1.0,0.0,0.0,0.0,0.0,0.0,13.0,0.0,0.0,0.0,4.0,0.0,0.0,0.0,0.0,1.0,0.0,0.0,0.0,Super Built up,mid,old,Sunischit Apartments,gurgaon,2.975
172.06,3.0,3.0,3.0,0.0,102.0,13.0,0.0,0.0,0.0,0.0,0.0,0.0,0.0,0.0,0.0,0.0,0.0,0.0,0.0,0.0,0.0,0.0,0.0,0.0,0.0,Super Built up,high,new,Shapoorji Pallonji Joyville Gurugram,gurgaon,3.4
157.19,3.0,3.0,3.0,0.0,102.0,13.0,0.0,0.0,0.0,0.0,0.0,0.0,0.0,0.0,0.0,0.0,0.0,0.0,0.0,0.0,0.0,0.0,0.0,0.0,0.0,Super Built up,mid,new,Shapoorji Pallonji Joyville Gurugram,gurgaon,3.06
162.12,3.0,3.0,3.0,0.0,109.0,15.0,0.0,0.0,0.0,0.0,0.0,0.0,0.0,0.0,0.0,0.0,0.0,0.0,0.0,0.0,0.0,0.0,0.0,0.0,0.0,Super Built up,high,new,ATS Kocoon,gurgaon,2.72
150.04,3.0,3.0,3.0,0.0,110.0,6.0,0.0,0.0,0.0,0.0,0.0,0.0,0.0,0.0,0.0,0.0,0.0,0.0,0.0,0.0,0.0,0.0,0.0,0.0,0.0,Super Built up,high,new,Mahindra Aura,gurgaon,2.38
189.71,3.0,3.0,3.0,1.0,110.0,6.0,0.0,0.0,0.0,0.0,0.0,0.0,0.0,0.0,0.0,0.0,0.0,0.0,0.0,0.0,0.0,0.0,0.0,0.0,0.0,Super Built up,mid,new,Mahindra Aura,gurgaon,3.06
218.32,4.0,4.0,3.0,1.0,67.0,11.0,0.0,0.0,0.0,0.0,0.0,0.0,0.0,0.0,0.0,0.0,0.0,0.0,0.0,0.0,0.0,0.0,0.0,0.0,0.0,Super Built up,high,old,Bestech Park View Spa Next,gurgaon,4.59
179.3,3.0,3.0,3.0,0.0,86.0,10.0,0.0,0.0,0.0,0.0,0.0,0.0,0.0,0.0,0.0,0.0,0.0,0.0,0.0,0.0,0.0,0.0,0.0,0.0,0.0,Super Built up,mid,new,DLF The Skycourt,gurgaon,2.635
166.3,3.0,4.0,2.0,1.0,82.0,10.0,0.0,0.0,0.0,0.0,0.0,0.0,0.0,0.0,0.0,0.0,0.0,0.0,0.0,0.0,0.0,0.0,0.0,0.0,0.0,Super Built up,high,new,Mapsko Royale Ville,gurgaon,1.955
153.29,3.0,3.0,3.0,0.0,102.0,10.0,0.0,0.0,0.0,0.0,0.0,0.0,0.0,0.0,0.0,0.0,0.0,0.0,0.0,0.0,0.0,0.0,0.0,0.0,0.0,Super Built up,high,new,Emaar Gurgaon Greens,gurgaon,2.533
185.81,3.0,4.0,2.0,1.0,102.0,10.0,0.0,0.0,0.0,0.0,0.0,0.0,0.0,0.0,0.0,0.0,0.0,0.0,0.0,0.0,0.0,0.0,0.0,0.0,0.0,Super Built up,high,new,Emaar Imperial Gardens,gurgaon,3.247
161.65,3.0,3.0,3.0,1.0,83.0,15.0,0.0,0.0,0.0,0.0,0.0,0.0,0.0,1.0,0.0,0.0,0.0,0.0,0.0,0.0,0.0,0.0,0.0,0.0,0.0,Super Built up,high,old,Vatika City Homes,gurgaon,1.785
267.1,4.0,6.0,3.0,1.0,103.0,15.0,0.0,0.0,0.0,0.0,0.0,0.0,0.0,0.0,0.0,0.0,0.0,0.0,0.0,0.0,0.0,0.0,0.0,0.0,0.0,Super Built up,mid,new,Indiabulls Centrum Park,gurgaon,3.638
131.46,2.0,2.0,3.0,0.0,,10.0,0.0,0.0,0.0,0.0,0.0,0.0,0.0,0.0,0.0,0.0,0.0,0.0,0.0,0.0,0.0,0.0,0.0,0.0,0.0,Super Built up,high,old,Bestech Park View Residency,gurgaon,1.734
60.39,1.0,1.0,2.0,0.0,,10.0,0.0,0.0,0.0,0.0,0.0,0.0,0.0,0.0,0.0,0.0,0.0,0.0,0.0,0.0,0.0,0.0,0.0,0.0,0.0,Carpet,mid,old,Bestech Park View Residency,gurgaon,0.952
144.0,2.0,3.0,2.0,1.0,60.0,7.0,0.0,0.0,0.0,0.0,0.0,0.0,0.0,0.0,0.0,0.0,0.0,0.0,0.0,0.0,0.0,0.0,0.0,0.0,0.0,Super Built up,mid,new,Ireo Skyon,gurgaon,4.25
157.94,3.0,3.0,3.0,0.0,61.0,14.0,0.0,0.0,0.0,0.0,0.0,0.0,0.0,0.0,0.0,0.0,0.0,0.0,0.0,0.0,0.0,0.0,0.0,0.0,0.0,Super Built up,high,old,Pioneer Park,gurgaon,3.4
159.51,3.0,4.0,3.0,1.0,63.0,6.0,0.0,0.0,0.0,0.0,0.0,0.0,0.0,0.0,0.0,0.0,0.0,0.0,0.0,0.0,0.0,0.0,0.0,0.0,0.0,Super Built up,high,old,Dhoot Time Residency,gurgaon,3.74
186.08,3.0,4.0,3.0,1.0,108.0,9.0,0.0,0.0,0.0,0.0,0.0,0.0,0.0,0.0,0.0,0.0,0.0,0.0,0.0,0.0,0.0,0.0,0.0,0.0,0.0,Super Built up,low,old,Experion The Heartsong,gurgaon,2.805
145.39,2.0,2.0,2.0,0.0,70.0,11.0,0.0,0.0,0.0,0.0,0.0,0.0,0.0,0.0,0.0,0.0,0.0,0.0,0.0,0.0,0.0,0.0,0.0,0.0,0.0,Super Built up,high,old,AIPL The Peaceful Homes,gurgaon,2.72
120.77,2.0,2.0,2.0,0.0,82.0,10.0,0.0,0.0,0.0,0.0,0.0,0.0,0.0,0.0,0.0,0.0,0.0,0.0,0.0,0.0,0.0,0.0,0.0,0.0,0.0,Super Built up,high,new,Vatika The Seven Lamps,gurgaon,1.4449999999999998
153.29,3.0,3.0,3.0,1.0,102.0,10.0,0.0,0.0,0.0,0.0,0.0,0.0,0.0,0.0,0.0,0.0,0.0,0.0,0.0,0.0,0.0,0.0,0.0,0.0,0.0,Super Built up,low,new,Emaar Gurgaon Greens,gurgaon,2.38
132.85,3.0,3.0,2.0,0.0,5.0,14.0,1.0,0.0,0.0,0.0,0.0,0.0,0.0,1.0,0.0,0.0,0.0,0.0,0.0,0.0,0.0,0.0,0.0,0.0,0.0,Super Built up,high,old,DLF Wellington Estate,gurgaon,3.5529999999999995
191.47,3.0,3.0,3.0,1.0,49.0,13.0,0.0,0.0,0.0,0.0,0.0,0.0,0.0,2.0,0.0,0.0,0.0,0.0,0.0,0.0,0.0,0.0,0.0,0.0,0.0,Super Built up,mid,old,Orchid Petals,gurgaon,4.267
204.39,3.0,3.0,3.0,1.0,54.0,47.0,1.0,0.0,0.0,0.0,0.0,0.0,13.0,0.0,0.0,0.0,4.0,0.0,0.0,0.0,0.0,1.0,0.0,0.0,0.0,Super Built up,mid,old,Sunischit Apartments,gurgaon,2.873
131.46,2.0,2.0,3.0,0.0,,10.0,0.0,0.0,0.0,0.0,0.0,0.0,0.0,0.0,0.0,0.0,0.0,0.0,0.0,0.0,0.0,0.0,0.0,0.0,0.0,Super Built up,high,old,Bestech Park View Residency,gurgaon,1.666
258.18,4.0,4.0,3.0,1.0,108.0,9.0,0.0,0.0,0.0,0.0,0.0,0.0,0.0,0.0,0.0,0.0,0.0,0.0,0.0,0.0,0.0,0.0,0.0,0.0,0.0,Super Built up,high,new,Experion The Heartsong,gurgaon,3.4
167.69,3.0,3.0,3.0,0.0,49.0,13.0,0.0,0.0,0.0,0.0,0.0,0.0,0.0,2.0,0.0,0.0,0.0,0.0,0.0,0.0,0.0,0.0,0.0,0.0,0.0,Super Built up,low,old,Orchid Petals,gurgaon,3.315
126.53,3.0,3.0,1.0,1.0,5.0,15.0,0.0,0.0,0.0,0.0,0.0,0.0,0.0,0.0,0.0,0.0,0.0,0.0,0.0,0.0,0.0,0.0,0.0,0.0,0.0,Super Built up,low,old,DLF Carlton Estate,gurgaon,3.57
185.81,3.0,3.0,3.0,1.0,56.0,44.0,1.0,0.0,0.0,0.0,0.0,0.0,14.0,0.0,0.0,0.0,2.0,0.0,0.0,0.0,0.0,0.0,0.0,0.0,0.0,Super Built up,mid,old,Kiran Residency,gurgaon,2.635
202.71,3.0,4.0,3.0,1.0,49.0,14.0,0.0,0.0,0.0,0.0,0.0,0.0,3.0,0.0,0.0,0.0,0.0,0.0,0.0,0.0,0.0,0.0,0.0,0.0,0.0,Super Built up,high,old,Vatika City,gurgaon,3.366
222.97,4.0,4.0,3.0,0.0,56.0,46.0,1.0,0.0,0.0,0.0,0.0,0.0,14.0,0.0,0.0,0.0,3.0,0.0,0.0,0.0,0.0,1.0,0.0,0.0,0.0,Carpet,high,old,The Lions CGHS,gurgaon,3.4849999999999994
213.68,3.0,3.0,3.0,0.0,52.0,43.0,0.0,0.0,0.0,0.0,0.0,0.0,8.0,0.0,0.0,0.0,0.0,0.0,1.0,0.0,0.0,0.0,0.0,0.0,0.0,Carpet,high,new,PGR Shree Kripaluji Apartment,gurgaon,2.38
162.58,3.0,3.0,3.0,1.0,109.0,11.0,0.0,0.0,0.0,0.0,0.0,0.0,0.0,0.0,0.0,0.0,0.0,0.0,0.0,0.0,0.0,0.0,0.0,0.0,0.0,Super Built up,high,new,ATS Tourmaline,gurgaon,2.38
267.1,4.0,6.0,3.0,1.0,103.0,15.0,0.0,0.0,0.0,0.0,0.0,0.0,0.0,0.0,0.0,0.0,0.0,0.0,0.0,0.0,0.0,0.0,0.0,0.0,0.0,Super Built up,high,new,Indiabulls Centrum Park,gurgaon,4.012
162.12,3.0,3.0,3.0,1.0,109.0,15.0,0.0,0.0,0.0,0.0,0.0,0.0,0.0,0.0,0.0,0.0,0.0,0.0,0.0,0.0,0.0,0.0,0.0,0.0,0.0,Super Built up,high,new,ATS Kocoon,gurgaon,2.805
205.78,3.0,4.0,2.0,1.0,111.0,10.0,0.0,0.0,0.0,0.0,0.0,0.0,0.0,0.0,0.0,0.0,0.0,0.0,0.0,0.0,0.0,0.0,0.0,0.0,0.0,Super Built up,mid,new,Puri Diplomatic Greens,gurgaon,4.505
292.64,4.0,4.0,3.0,1.0,104.0,13.0,0.0,0.0,0.0,0.0,0.0,0.0,0.0,0.0,0.0,0.0,0.0,0.0,0.0,0.0,0.0,0.0,0.0,0.0,0.0,Super Built up,high,new,ATS Triumph,gurgaon,4.471
227.61,3.0,4.0,3.0,1.0,104.0,13.0,0.0,0.0,0.0,0.0,0.0,0.0,0.0,0.0,0.0,0.0,0.0,0.0,0.0,0.0,0.0,0.0,0.0,0.0,0.0,Super Built up,mid,new,Puri Emerald Bay,gurgaon,3.825
292.64,4.0,4.0,3.0,1.0,104.0,13.0,0.0,0.0,0.0,0.0,0.0,0.0,0.0,0.0,0.0,0.0,0.0,0.0,0.0,0.0,0.0,0.0,0.0,0.0,0.0,Super Built up,high,new,ATS Triumph,gurgaon,4.335
137.59,2.0,2.0,3.0,1.0,103.0,15.0,0.0,0.0,0.0,0.0,0.0,0.0,0.0,0.0,0.0,0.0,0.0,0.0,0.0,0.0,0.0,0.0,0.0,0.0,0.0,Super Built up,high,new,Indiabulls Centrum Park,gurgaon,1.955
185.81,3.0,3.0,3.0,1.0,56.0,46.0,1.0,0.0,0.0,0.0,0.0,0.0,13.0,0.0,0.0,0.0,3.0,0.0,0.0,0.0,0.0,1.0,0.0,0.0,0.0,Super Built up,mid,old,Sagar Apartment,gurgaon,2.465
292.64,4.0,4.0,3.0,1.0,104.0,13.0,0.0,0.0,0.0,0.0,0.0,0.0,0.0,0.0,0.0,0.0,0.0,0.0,0.0,0.0,0.0,0.0,0.0,0.0,0.0,Super Built up,high,new,ATS Triumph,gurgaon,4.42
153.29,3.0,4.0,3.0,1.0,102.0,10.0,0.0,0.0,0.0,0.0,0.0,0.0,0.0,0.0,0.0,0.0,0.0,0.0,0.0,0.0,0.0,0.0,0.0,0.0,0.0,Super Built up,mid,new,Emaar Gurgaon Greens,gurgaon,2.635
131.92,2.0,2.0,3.0,0.0,70.0,15.0,0.0,0.0,0.0,0.0,0.0,0.0,0.0,0.0,0.0,0.0,0.0,0.0,0.0,0.0,0.0,0.0,0.0,0.0,0.0,Super Built up,mid,old,Paras Irene,gurgaon,2.04
181.16,3.0,3.0,3.0,1.0,70.0,15.0,0.0,0.0,0.0,0.0,0.0,0.0,0.0,0.0,0.0,0.0,0.0,0.0,0.0,0.0,0.0,0.0,0.0,0.0,0.0,Super Built up,mid,new,Shree Vardhman Victoria,gurgaon,2.635
181.16,3.0,4.0,3.0,1.0,70.0,15.0,0.0,0.0,0.0,0.0,0.0,0.0,0.0,0.0,0.0,0.0,0.0,0.0,0.0,0.0,0.0,0.0,0.0,0.0,0.0,Super Built up,mid,new,Shree Vardhman Victoria,gurgaon,2.805
152.36,2.0,2.0,3.0,1.0,85.0,13.0,0.0,0.0,0.0,0.0,0.0,0.0,0.0,0.0,0.0,0.0,0.0,0.0,0.0,0.0,0.0,0.0,0.0,0.0,0.0,Super Built up,mid,new,SS The Leaf,gurgaon,1.785
158.12,3.0,3.0,3.0,1.0,90.0,14.0,0.0,0.0,0.0,0.0,2.0,0.0,0.0,0.0,0.0,0.0,0.0,0.0,0.0,0.0,0.0,0.0,0.0,0.0,0.0,Super Built up,mid,new,DLF Regal Gardens,gurgaon,2.193
65.03,2.0,2.0,2.0,1.0,67.0,11.0,0.0,0.0,0.0,0.0,0.0,0.0,0.0,0.0,0.0,0.0,0.0,0.0,0.0,0.0,0.0,0.0,0.0,0.0,0.0,Carpet,high,new,Pyramid Urban,gurgaon,0.952
162.02,3.0,3.0,2.0,1.0,90.0,14.0,0.0,0.0,0.0,0.0,2.0,0.0,0.0,0.0,0.0,0.0,0.0,0.0,0.0,0.0,0.0,0.0,0.0,0.0,0.0,Super Built up,high,new,DLF Regal Gardens,gurgaon,2.142
366.97,4.0,6.0,3.0,1.0,85.0,13.0,0.0,0.0,0.0,0.0,0.0,0.0,0.0,0.0,0.0,0.0,0.0,0.0,0.0,0.0,0.0,0.0,0.0,0.0,0.0,Super Built up,mid,new,SS The Leaf,gurgaon,3.247
366.97,4.0,6.0,3.0,1.0,85.0,13.0,0.0,0.0,0.0,0.0,0.0,0.0,0.0,0.0,0.0,0.0,0.0,0.0,0.0,0.0,0.0,0.0,0.0,0.0,0.0,Super Built up,high,new,SS The Leaf,gurgaon,3.74
223.71,3.0,4.0,3.0,1.0,85.0,13.0,0.0,0.0,0.0,0.0,0.0,0.0,0.0,0.0,0.0,0.0,0.0,0.0,0.0,0.0,0.0,0.0,0.0,0.0,0.0,Super Built up,high,new,SS The Leaf,gurgaon,3.366
152.36,2.0,2.0,3.0,1.0,85.0,13.0,0.0,0.0,0.0,0.0,0.0,0.0,0.0,0.0,0.0,0.0,0.0,0.0,0.0,0.0,0.0,0.0,0.0,0.0,0.0,Super Built up,high,new,SS The Leaf,gurgaon,1.887
194.35,3.0,4.0,3.0,1.0,81.0,9.0,0.0,0.0,0.0,0.0,0.0,0.0,0.0,0.0,0.0,0.0,0.0,0.0,0.0,0.0,0.0,0.0,0.0,0.0,0.0,Super Built up,high,new,DLF The Ultima,gurgaon,3.825
162.58,3.0,3.0,3.0,1.0,84.0,13.0,0.0,0.0,0.0,0.0,0.0,0.0,0.0,0.0,0.0,0.0,0.0,0.0,0.0,0.0,0.0,0.0,0.0,0.0,0.0,Super Built up,mid,new,SS The Coralwood,gurgaon,1.785
211.17,4.0,4.0,3.0,1.0,82.0,7.0,0.0,0.0,0.0,0.0,0.0,0.0,0.0,0.0,0.0,0.0,0.0,0.0,0.0,0.0,0.0,0.0,0.0,0.0,0.0,Super Built up,low,new,DLF The Primus,gurgaon,4.42
152.36,2.0,2.0,3.0,1.0,85.0,13.0,0.0,0.0,0.0,0.0,0.0,0.0,0.0,0.0,0.0,0.0,0.0,0.0,0.0,0.0,0.0,0.0,0.0,0.0,0.0,Super Built up,high,new,SS The Leaf,gurgaon,1.768
162.02,3.0,3.0,2.0,1.0,90.0,14.0,0.0,0.0,0.0,0.0,2.0,0.0,0.0,0.0,0.0,0.0,0.0,0.0,0.0,0.0,0.0,0.0,0.0,0.0,0.0,Super Built up,high,new,DLF Regal Gardens,gurgaon,2.125
260.31,3.0,3.0,2.0,0.0,112.0,8.0,0.0,0.0,0.0,0.0,0.0,0.0,0.0,0.0,0.0,0.0,0.0,0.0,0.0,0.0,0.0,0.0,0.0,0.0,0.0,Super Built up,high,new,Experion Windchants,gurgaon,5.779999999999999
158.21,3.0,3.0,3.0,1.0,90.0,14.0,0.0,0.0,0.0,0.0,2.0,0.0,0.0,0.0,0.0,0.0,0.0,0.0,0.0,0.0,0.0,0.0,0.0,0.0,0.0,Super Built up,high,old,DLF Regal Gardens,gurgaon,2.125
46.54,2.0,2.0,1.0,1.0,86.0,9.0,0.0,0.0,0.0,0.0,0.0,0.0,0.0,0.0,0.0,0.0,0.0,0.0,0.0,0.0,0.0,0.0,0.0,0.0,0.0,Carpet,mid,new,Pyramid Urban Homes 2,gurgaon,0.714
115.66,2.0,2.0,2.0,1.0,83.0,10.0,0.0,0.0,0.0,0.0,0.0,0.0,0.0,0.0,0.0,0.0,0.0,0.0,0.0,0.0,0.0,0.0,0.0,0.0,0.0,Super Built up,high,new,Vatika Gurgaon 21,gurgaon,1.275
205.78,4.0,4.0,3.0,1.0,90.0,14.0,0.0,0.0,0.0,0.0,2.0,0.0,0.0,0.0,0.0,0.0,0.0,0.0,0.0,0.0,0.0,0.0,0.0,0.0,0.0,Super Built up,high,old,DLF Regal Gardens,gurgaon,2.89
121.7,2.0,2.0,2.0,1.0,91.0,10.0,0.0,0.0,0.0,0.0,0.0,0.0,0.0,0.0,0.0,0.0,0.0,0.0,0.0,0.0,0.0,0.0,0.0,0.0,0.0,Super Built up,high,new,TARC Maceo,gurgaon,1.479
158.12,3.0,3.0,3.0,1.0,90.0,14.0,0.0,0.0,0.0,0.0,2.0,0.0,0.0,0.0,0.0,0.0,0.0,0.0,0.0,0.0,0.0,0.0,0.0,0.0,0.0,Super Built up,high,old,DLF Regal Gardens,gurgaon,2.125
194.35,3.0,4.0,3.0,1.0,81.0,9.0,0.0,0.0,0.0,0.0,0.0,0.0,0.0,0.0,0.0,0.0,0.0,0.0,0.0,0.0,0.0,0.0,0.0,0.0,0.0,Super Built up,high,new,DLF The Ultima,gurgaon,3.995
212.75,3.0,4.0,3.0,1.0,104.0,13.0,0.0,0.0,0.0,0.0,0.0,0.0,0.0,0.0,0.0,0.0,0.0,0.0,0.0,0.0,0.0,0.0,0.0,0.0,0.0,Super Built up,high,new,ATS Triumph,gurgaon,2.941
128.67,2.0,2.0,3.0,1.0,106.0,11.0,0.0,0.0,0.0,0.0,0.0,0.0,0.0,0.0,0.0,0.0,0.0,0.0,0.0,0.0,0.0,0.0,0.0,0.0,0.0,Super Built up,mid,new,Paras Dews,gurgaon,1.649
218.79,4.0,4.0,3.0,1.0,106.0,11.0,0.0,0.0,0.0,0.0,0.0,0.0,0.0,0.0,0.0,0.0,0.0,0.0,0.0,0.0,0.0,0.0,0.0,0.0,0.0,Super Built up,high,new,Paras Dews,gurgaon,2.295
185.53,3.0,5.0,3.0,1.0,99.0,15.0,0.0,0.0,0.0,0.0,0.0,0.0,0.0,0.0,0.0,0.0,0.0,0.0,0.0,0.0,0.0,0.0,0.0,0.0,0.0,Super Built up,high,new,Pareena Coban Residences,gurgaon,2.244
118.45,2.0,2.0,3.0,0.0,,7.0,0.0,0.0,0.0,0.0,0.0,0.0,0.0,0.0,0.0,0.0,0.0,0.0,0.0,0.0,0.0,0.0,0.0,0.0,0.0,Super Built up,high,new,Eldeco Accolade,gurgaon,1.224
135.36,2.0,2.0,2.0,1.0,,7.0,0.0,0.0,0.0,0.0,0.0,0.0,0.0,0.0,0.0,0.0,0.0,0.0,0.0,0.0,0.0,0.0,0.0,0.0,0.0,Super Built up,mid,new,Eldeco Accolade,gurgaon,1.326
301.28,3.0,4.0,3.0,1.0,65.0,9.0,0.0,0.0,0.0,0.0,0.0,0.0,0.0,0.0,0.0,0.0,0.0,0.0,0.0,0.0,0.0,0.0,0.0,0.0,0.0,Super Built up,low,new,M3M Golfestate,gurgaon,9.35
198.07,3.0,4.0,3.0,1.0,81.0,9.0,0.0,0.0,0.0,0.0,0.0,0.0,0.0,0.0,0.0,0.0,0.0,0.0,0.0,0.0,0.0,0.0,0.0,0.0,0.0,Super Built up,high,new,DLF The Ultima,gurgaon,3.91
126.72,2.0,2.0,2.0,0.0,95.0,4.0,0.0,0.0,0.0,0.0,0.0,0.0,0.0,0.0,0.0,0.0,0.0,0.0,0.0,0.0,0.0,0.0,0.0,0.0,0.0,Super Built up,mid,new,Sidhartha NCR One Phase 1,gurgaon,0.731
142.51,2.0,2.0,3.0,1.0,107.0,6.0,0.0,0.0,0.0,0.0,0.0,0.0,0.0,0.0,0.0,0.0,0.0,0.0,0.0,0.0,0.0,0.0,0.0,0.0,0.0,Super Built up,mid,new,M3M Woodshire,gurgaon,1.666
126.91,2.0,2.0,3.0,1.0,107.0,6.0,0.0,0.0,0.0,0.0,0.0,0.0,0.0,0.0,0.0,0.0,0.0,0.0,0.0,0.0,0.0,0.0,0.0,0.0,0.0,Super Built up,mid,new,M3M Woodshire,gurgaon,1.36
292.64,4.0,4.0,3.0,1.0,104.0,13.0,0.0,0.0,0.0,0.0,0.0,0.0,0.0,0.0,0.0,0.0,0.0,0.0,0.0,0.0,0.0,0.0,0.0,0.0,0.0,Super Built up,high,new,ATS Triumph,gurgaon,4.505
153.29,3.0,3.0,2.0,1.0,5.0,15.0,0.0,0.0,0.0,0.0,1.0,0.0,0.0,1.0,0.0,0.0,0.0,0.0,0.0,0.0,0.0,0.0,0.0,0.0,0.0,Super Built up,low,old,DLF Exclusive Floors,gurgaon,3.995
180.51,3.0,3.0,3.0,1.0,107.0,6.0,0.0,0.0,0.0,0.0,0.0,0.0,0.0,0.0,0.0,0.0,0.0,0.0,0.0,0.0,0.0,0.0,0.0,0.0,0.0,Super Built up,low,new,M3M Woodshire,gurgaon,2.193
212.75,3.0,4.0,3.0,1.0,104.0,13.0,0.0,0.0,0.0,0.0,0.0,0.0,0.0,0.0,0.0,0.0,0.0,0.0,0.0,0.0,0.0,0.0,0.0,0.0,0.0,Super Built up,high,new,ATS Triumph,gurgaon,3.111
219.34,3.0,4.0,3.0,1.0,107.0,6.0,0.0,0.0,0.0,0.0,0.0,0.0,0.0,0.0,0.0,0.0,0.0,0.0,0.0,0.0,0.0,0.0,0.0,0.0,0.0,Super Built up,mid,new,M3M Woodshire,gurgaon,2.363
161.19,3.0,3.0,2.0,1.0,83.0,10.0,0.0,0.0,0.0,0.0,0.0,0.0,0.0,0.0,0.0,0.0,0.0,0.0,0.0,0.0,0.0,0.0,0.0,0.0,0.0,Super Built up,mid,new,Vatika Gurgaon 21,gurgaon,1.904
215.54,3.0,4.0,3.0,1.0,91.0,10.0,0.0,0.0,0.0,0.0,0.0,0.0,0.0,0.0,0.0,0.0,0.0,0.0,0.0,0.0,0.0,0.0,0.0,0.0,0.0,Super Built up,low,new,TARC Maceo,gurgaon,2.55
253.07,4.0,4.0,3.0,1.0,91.0,10.0,0.0,0.0,0.0,0.0,0.0,0.0,0.0,0.0,0.0,0.0,0.0,0.0,0.0,0.0,0.0,0.0,0.0,0.0,0.0,Super Built up,high,new,TARC Maceo,gurgaon,3.23
194.45,3.0,3.0,3.0,1.0,,9.0,0.0,0.0,0.0,0.0,0.0,0.0,0.0,0.0,0.0,0.0,0.0,0.0,0.0,0.0,0.0,0.0,0.0,0.0,0.0,Super Built up,high,old,The Close North,gurgaon,3.995
68.28,1.0,1.0,1.0,0.0,2.0,24.0,0.0,0.0,0.0,0.0,0.0,0.0,0.0,0.0,0.0,0.0,0.0,0.0,0.0,0.0,0.0,0.0,0.0,0.0,0.0,Super Built up,mid,old,Ansal API Celebrity Suites,gurgaon,1.02
127.28,3.0,3.0,1.0,0.0,4.0,3.0,0.0,0.0,0.0,0.0,0.0,0.0,0.0,0.0,0.0,0.0,0.0,0.0,0.0,0.0,0.0,0.0,0.0,0.0,0.0,Super Built up,high,old,DLF Ridgewood Estate,gurgaon,3.4
132.29,2.0,2.0,3.0,1.0,74.0,7.0,0.0,0.0,0.0,0.0,0.0,0.0,0.0,0.0,0.0,0.0,0.0,0.0,0.0,0.0,0.0,0.0,0.0,0.0,0.0,Super Built up,high,new,M3M Skywalk,gurgaon,2.669
184.88,3.0,3.0,3.0,1.0,37.0,13.0,0.0,0.0,0.0,0.0,0.0,0.0,0.0,1.0,0.0,0.0,0.0,0.0,0.0,0.0,0.0,0.0,0.0,0.0,0.0,Carpet,high,new,Corona Optus,gurgaon,2.448
161.19,3.0,3.0,3.0,0.0,37.0,13.0,0.0,0.0,0.0,0.0,0.0,0.0,0.0,1.0,0.0,0.0,0.0,0.0,0.0,0.0,0.0,0.0,0.0,0.0,0.0,Super Built up,mid,new,Corona Optus,gurgaon,2.142
114.27,2.0,2.0,2.0,0.0,68.0,10.0,0.0,0.0,0.0,0.0,0.0,0.0,0.0,0.0,0.0,0.0,0.0,0.0,0.0,0.0,0.0,0.0,0.0,0.0,0.0,Super Built up,high,new,M3M Sierra 68,gurgaon,1.785
314.94,4.0,4.0,3.0,1.0,53.0,15.0,0.0,0.0,0.0,0.0,0.0,0.0,0.0,0.0,0.0,0.0,0.0,0.0,0.0,0.0,0.0,0.0,0.0,0.0,0.0,Super Built up,mid,old,Parsvnath Exotica,gurgaon,10.948
390.19,4.0,4.0,3.0,1.0,62.0,11.0,0.0,0.0,0.0,0.0,0.0,0.0,0.0,0.0,0.0,0.0,0.0,0.0,0.0,0.0,0.0,0.0,0.0,0.0,0.0,Built Up,high,new,Pioneer Araya,gurgaon,12.852
227.61,3.0,3.0,3.0,1.0,5.0,15.0,0.0,0.0,0.0,0.0,0.0,0.0,0.0,0.0,0.0,0.0,0.0,0.0,0.0,0.0,0.0,0.0,0.0,0.0,0.0,Built Up,low,old,DLF Trinity Towers,gurgaon,6.46
251.21,4.0,4.0,2.0,1.0,54.0,15.0,0.0,0.0,0.0,0.0,0.0,0.0,0.0,1.0,0.0,0.0,0.0,0.0,0.0,0.0,0.0,0.0,0.0,0.0,0.0,Super Built up,high,old,DLF Park Place,gurgaon,11.475
120.77,2.0,2.0,3.0,1.0,90.0,10.0,0.0,0.0,0.0,0.0,0.0,0.0,0.0,0.0,0.0,0.0,0.0,0.0,0.0,0.0,0.0,0.0,0.0,0.0,0.0,Super Built up,high,new,Shree Vardhman Flora,gurgaon,1.088
199.74,3.0,4.0,3.0,1.0,109.0,11.0,0.0,0.0,0.0,0.0,0.0,0.0,0.0,0.0,0.0,0.0,0.0,0.0,0.0,0.0,0.0,0.0,0.0,0.0,0.0,Super Built up,mid,new,ATS Tourmaline,gurgaon,2.975
185.81,3.0,4.0,3.0,1.0,56.0,45.0,1.0,0.0,0.0,0.0,0.0,0.0,14.0,0.0,0.0,0.0,3.0,0.0,0.0,0.0,0.0,1.0,0.0,0.0,0.0,Super Built up,mid,old,Kiran Residency,gurgaon,2.618
153.29,3.0,3.0,3.0,1.0,102.0,10.0,0.0,0.0,0.0,0.0,0.0,0.0,0.0,0.0,0.0,0.0,0.0,0.0,0.0,0.0,0.0,0.0,0.0,0.0,0.0,Super Built up,mid,new,Emaar Gurgaon Greens,gurgaon,2.38
85.01,2.0,2.0,2.0,0.0,102.0,13.0,0.0,0.0,0.0,0.0,0.0,0.0,0.0,0.0,0.0,0.0,0.0,0.0,0.0,0.0,0.0,0.0,0.0,0.0,0.0,Super Built up,high,new,Shapoorji Pallonji Joyville Gurugram,gurgaon,1.649
126.26,2.0,2.0,2.0,0.0,102.0,13.0,0.0,0.0,0.0,0.0,0.0,0.0,0.0,0.0,0.0,0.0,0.0,0.0,0.0,0.0,0.0,0.0,0.0,0.0,0.0,Super Built up,high,new,Shapoorji Pallonji Joyville Gurugram,gurgaon,2.295
180.42,3.0,4.0,3.0,1.0,102.0,15.0,0.0,0.0,0.0,0.0,0.0,0.0,0.0,0.0,0.0,0.0,0.0,0.0,0.0,0.0,0.0,0.0,0.0,0.0,0.0,Super Built up,high,new,Conscient Heritage Max,gurgaon,2.975
267.1,4.0,6.0,3.0,1.0,103.0,15.0,0.0,0.0,0.0,0.0,0.0,0.0,0.0,0.0,0.0,0.0,0.0,0.0,0.0,0.0,0.0,0.0,0.0,0.0,0.0,Super Built up,mid,new,Indiabulls Centrum Park,gurgaon,3.74
162.12,3.0,3.0,3.0,0.0,108.0,13.0,0.0,0.0,0.0,0.0,0.0,0.0,0.0,0.0,0.0,0.0,0.0,0.0,0.0,0.0,0.0,0.0,0.0,0.0,0.0,Super Built up,high,new,Sobha City,gurgaon,4.165
218.79,4.0,6.0,3.0,1.0,106.0,11.0,0.0,0.0,0.0,0.0,0.0,0.0,0.0,0.0,0.0,0.0,0.0,0.0,0.0,0.0,0.0,0.0,0.0,0.0,0.0,Super Built up,high,new,Paras Dews,gurgaon,2.55
205.97,3.0,4.0,3.0,1.0,113.0,8.0,0.0,0.0,0.0,0.0,0.0,0.0,0.0,0.0,0.0,0.0,0.0,0.0,0.0,0.0,0.0,0.0,0.0,0.0,0.0,Super Built up,mid,new,La Vida by Tata Housing,gurgaon,4.08
205.97,3.0,3.0,3.0,1.0,113.0,8.0,0.0,0.0,0.0,0.0,0.0,0.0,0.0,0.0,0.0,0.0,0.0,0.0,0.0,0.0,0.0,0.0,0.0,0.0,0.0,Super Built up,low,new,La Vida by Tata Housing,gurgaon,4.165
250.0,3.0,3.0,3.0,1.0,113.0,8.0,0.0,0.0,0.0,0.0,0.0,0.0,0.0,0.0,0.0,0.0,0.0,0.0,0.0,0.0,0.0,0.0,0.0,0.0,0.0,Super Built up,low,new,La Vida by Tata Housing,gurgaon,5.1
146.69,3.0,2.0,2.0,0.0,113.0,8.0,0.0,0.0,0.0,0.0,0.0,0.0,0.0,0.0,0.0,0.0,0.0,0.0,0.0,0.0,0.0,0.0,0.0,0.0,0.0,Super Built up,low,new,La Vida by Tata Housing,gurgaon,2.805
128.67,2.0,2.0,3.0,0.0,106.0,11.0,0.0,0.0,0.0,0.0,0.0,0.0,0.0,0.0,0.0,0.0,0.0,0.0,0.0,0.0,0.0,0.0,0.0,0.0,0.0,Super Built up,low,new,Paras Dews,gurgaon,1.496
128.67,2.0,2.0,3.0,0.0,106.0,11.0,0.0,0.0,0.0,0.0,0.0,0.0,0.0,0.0,0.0,0.0,0.0,0.0,0.0,0.0,0.0,0.0,0.0,0.0,0.0,Super Built up,low,new,Paras Dews,gurgaon,1.496
163.51,3.0,4.0,3.0,1.0,106.0,11.0,0.0,0.0,0.0,0.0,0.0,0.0,0.0,0.0,0.0,0.0,0.0,0.0,0.0,0.0,0.0,0.0,0.0,0.0,0.0,Super Built up,high,new,Paras Dews,gurgaon,2.176
218.79,4.0,5.0,3.0,1.0,106.0,11.0,0.0,0.0,0.0,0.0,0.0,0.0,0.0,0.0,0.0,0.0,0.0,0.0,0.0,0.0,0.0,0.0,0.0,0.0,0.0,Super Built up,mid,new,Paras Dews,gurgaon,2.278
218.79,4.0,5.0,3.0,1.0,106.0,11.0,0.0,0.0,0.0,0.0,0.0,0.0,0.0,0.0,0.0,0.0,0.0,0.0,0.0,0.0,0.0,0.0,0.0,0.0,0.0,Super Built up,high,new,Paras Dews,gurgaon,2.244
163.51,3.0,4.0,3.0,1.0,106.0,11.0,0.0,0.0,0.0,0.0,0.0,0.0,0.0,0.0,0.0,0.0,0.0,0.0,0.0,0.0,0.0,0.0,0.0,0.0,0.0,Super Built up,high,new,Paras Dews,gurgaon,1.921
218.51,4.0,5.0,3.0,1.0,99.0,15.0,0.0,0.0,0.0,0.0,0.0,0.0,0.0,0.0,0.0,0.0,0.0,0.0,0.0,0.0,0.0,0.0,0.0,0.0,0.0,Super Built up,low,new,Pareena Coban Residences,gurgaon,2.346
185.53,3.0,3.0,3.0,1.0,99.0,15.0,0.0,0.0,0.0,0.0,0.0,0.0,0.0,0.0,0.0,0.0,0.0,0.0,0.0,0.0,0.0,0.0,0.0,0.0,0.0,Super Built up,low,new,Pareena Coban Residences,gurgaon,1.972
205.97,3.0,3.0,3.0,1.0,113.0,8.0,0.0,0.0,0.0,0.0,0.0,0.0,0.0,0.0,0.0,0.0,0.0,0.0,0.0,0.0,0.0,0.0,0.0,0.0,0.0,Super Built up,low,new,La Vida by Tata Housing,gurgaon,3.961
249.91,3.0,4.0,3.0,1.0,113.0,8.0,0.0,0.0,0.0,0.0,0.0,0.0,0.0,0.0,0.0,0.0,0.0,0.0,0.0,0.0,0.0,0.0,0.0,0.0,0.0,Super Built up,high,new,La Vida by Tata Housing,gurgaon,5.185
169.78,3.0,2.0,1.0,1.0,83.0,10.0,0.0,0.0,0.0,0.0,0.0,0.0,0.0,0.0,0.0,0.0,0.0,0.0,0.0,0.0,0.0,0.0,0.0,0.0,0.0,Super Built up,mid,new,Vatika Lifestyle Homes,gurgaon,2.125
150.5,3.0,3.0,2.0,1.0,79.0,9.0,0.0,0.0,0.0,0.0,0.0,0.0,0.0,0.0,0.0,0.0,0.0,0.0,0.0,0.0,0.0,0.0,0.0,0.0,0.0,Super Built up,low,new,Mapsko Mount Ville,gurgaon,2.125
163.04,3.0,3.0,2.0,1.0,83.0,10.0,0.0,0.0,0.0,0.0,0.0,0.0,0.0,0.0,0.0,0.0,0.0,0.0,0.0,0.0,0.0,0.0,0.0,0.0,0.0,Super Built up,high,new,Vatika Lifestyle Homes,gurgaon,1.785
138.43,3.0,3.0,3.0,1.0,79.0,9.0,0.0,0.0,0.0,0.0,0.0,0.0,0.0,0.0,0.0,0.0,0.0,0.0,0.0,0.0,0.0,0.0,0.0,0.0,0.0,Super Built up,high,new,Mapsko Mount Ville,gurgaon,2.125
138.43,3.0,3.0,3.0,1.0,79.0,9.0,0.0,0.0,0.0,0.0,0.0,0.0,0.0,0.0,0.0,0.0,0.0,0.0,0.0,0.0,0.0,0.0,0.0,0.0,0.0,Super Built up,high,new,Mapsko Mount Ville,gurgaon,1.87
159.79,3.0,3.0,3.0,1.0,83.0,10.0,0.0,0.0,0.0,0.0,0.0,0.0,0.0,0.0,0.0,0.0,0.0,0.0,0.0,0.0,0.0,0.0,0.0,0.0,0.0,Super Built up,high,new,Emaar Palm Gardens,gurgaon,2.21
319.03,4.0,4.0,3.0,1.0,84.0,10.0,0.0,0.0,0.0,0.0,0.0,0.0,0.0,0.0,0.0,0.0,0.0,0.0,0.0,0.0,0.0,0.0,0.0,0.0,0.0,Super Built up,high,new,Alpha Corp GurgaonOne 84,gurgaon,3.876
155.24,2.0,2.0,2.0,1.0,85.0,13.0,0.0,0.0,0.0,0.0,0.0,0.0,0.0,0.0,0.0,0.0,0.0,0.0,0.0,0.0,0.0,0.0,0.0,0.0,0.0,Super Built up,mid,new,SS The Leaf,gurgaon,2.04
164.62,2.0,2.0,3.0,1.0,85.0,13.0,0.0,0.0,0.0,0.0,0.0,0.0,0.0,0.0,0.0,0.0,0.0,0.0,0.0,0.0,0.0,0.0,0.0,0.0,0.0,Super Built up,high,new,SS The Leaf,gurgaon,2.074
152.36,2.0,2.0,3.0,1.0,85.0,13.0,0.0,0.0,0.0,0.0,0.0,0.0,0.0,0.0,0.0,0.0,0.0,0.0,0.0,0.0,0.0,0.0,0.0,0.0,0.0,Super Built up,high,new,SS The Leaf,gurgaon,1.87
161.74,2.0,2.0,3.0,1.0,85.0,13.0,0.0,0.0,0.0,0.0,0.0,0.0,0.0,0.0,0.0,0.0,0.0,0.0,0.0,0.0,0.0,0.0,0.0,0.0,0.0,Super Built up,high,new,SS The Leaf,gurgaon,1.955
140.28,3.0,3.0,3.0,1.0,79.0,9.0,0.0,0.0,0.0,0.0,0.0,0.0,0.0,0.0,0.0,0.0,0.0,0.0,0.0,0.0,0.0,0.0,0.0,0.0,0.0,Super Built up,high,new,Mapsko Mount Ville,gurgaon,2.04
159.79,3.0,3.0,3.0,1.0,83.0,10.0,0.0,0.0,0.0,0.0,0.0,0.0,0.0,0.0,0.0,0.0,0.0,0.0,0.0,0.0,0.0,0.0,0.0,0.0,0.0,Super Built up,low,new,Emaar Palm Gardens,gurgaon,2.38
163.04,3.0,3.0,2.0,1.0,83.0,10.0,0.0,0.0,0.0,0.0,0.0,0.0,0.0,0.0,0.0,0.0,0.0,0.0,0.0,0.0,0.0,0.0,0.0,0.0,0.0,Super Built up,high,new,Vatika Lifestyle Homes,gurgaon,1.87
161.65,3.0,3.0,2.0,1.0,83.0,15.0,0.0,0.0,0.0,0.0,0.0,0.0,0.0,1.0,0.0,0.0,0.0,0.0,0.0,0.0,0.0,0.0,0.0,0.0,0.0,Super Built up,low,new,Vatika City Homes,gurgaon,1.7
178.65,3.0,4.0,3.0,1.0,84.0,10.0,0.0,0.0,0.0,0.0,0.0,0.0,0.0,0.0,0.0,0.0,0.0,0.0,0.0,0.0,0.0,0.0,0.0,0.0,0.0,Super Built up,high,new,Alpha Corp GurgaonOne 84,gurgaon,2.584
176.52,3.0,4.0,3.0,1.0,83.0,10.0,0.0,0.0,0.0,0.0,0.0,0.0,0.0,0.0,0.0,0.0,0.0,0.0,0.0,0.0,0.0,0.0,0.0,0.0,0.0,Super Built up,mid,new,Emaar Palm Gardens,gurgaon,3.06
171.87,3.0,3.0,3.0,1.0,83.0,10.0,0.0,0.0,0.0,0.0,0.0,0.0,0.0,0.0,0.0,0.0,0.0,0.0,0.0,0.0,0.0,0.0,0.0,0.0,0.0,Super Built up,mid,new,Emaar Palm Gardens,gurgaon,2.72
168.62,3.0,4.0,3.0,1.0,79.0,9.0,0.0,0.0,0.0,0.0,0.0,0.0,0.0,0.0,0.0,0.0,0.0,0.0,0.0,0.0,0.0,0.0,0.0,0.0,0.0,Super Built up,high,new,Mapsko Mount Ville,gurgaon,2.635
150.5,3.0,3.0,2.0,1.0,79.0,9.0,0.0,0.0,0.0,0.0,0.0,0.0,0.0,0.0,0.0,0.0,0.0,0.0,0.0,0.0,0.0,0.0,0.0,0.0,0.0,Super Built up,mid,new,Mapsko Mount Ville,gurgaon,2.21
247.12,3.0,4.0,3.0,1.0,81.0,9.0,0.0,0.0,0.0,0.0,0.0,0.0,0.0,0.0,0.0,0.0,0.0,0.0,0.0,0.0,0.0,0.0,0.0,0.0,0.0,Super Built up,high,new,Bestech Park View Grand Spa,gurgaon,3.825
382.3,5.0,5.0,3.0,1.0,49.0,13.0,0.0,0.0,0.0,0.0,0.0,0.0,0.0,2.0,0.0,0.0,0.0,0.0,0.0,0.0,0.0,0.0,0.0,0.0,0.0,Super Built up,high,new,Orchid Petals,gurgaon,8.143
158.21,3.0,3.0,3.0,1.0,90.0,14.0,0.0,0.0,0.0,0.0,2.0,0.0,0.0,0.0,0.0,0.0,0.0,0.0,0.0,0.0,0.0,0.0,0.0,0.0,0.0,Super Built up,high,new,DLF Regal Gardens,gurgaon,2.125
175.59,3.0,3.0,3.0,0.0,91.0,10.0,0.0,0.0,0.0,0.0,0.0,0.0,0.0,0.0,0.0,0.0,0.0,0.0,0.0,0.0,0.0,0.0,0.0,0.0,0.0,Super Built up,mid,new,TARC Maceo,gurgaon,2.38
191.94,3.0,3.0,3.0,1.0,88.0,7.0,0.0,0.0,0.0,0.0,1.0,0.0,0.0,0.0,0.0,0.0,0.0,1.0,0.0,0.0,0.0,0.0,0.0,0.0,0.0,Carpet,mid,new,Godrej Oasis,gurgaon,2.346
166.39,3.0,3.0,3.0,0.0,88.0,7.0,0.0,0.0,0.0,0.0,1.0,0.0,0.0,0.0,0.0,0.0,0.0,1.0,0.0,0.0,0.0,0.0,0.0,0.0,0.0,Carpet,mid,new,Godrej Oasis,gurgaon,2.21
139.63,2.0,2.0,2.0,1.0,79.0,11.0,0.0,0.0,0.0,0.0,0.0,0.0,0.0,0.0,0.0,0.0,0.0,0.0,0.0,0.0,0.0,0.0,0.0,0.0,0.0,Super Built up,mid,new,Godrej Aria,gurgaon,1.7
134.71,2.0,2.0,3.0,1.0,88.0,7.0,0.0,0.0,0.0,0.0,1.0,0.0,0.0,0.0,0.0,0.0,0.0,1.0,0.0,0.0,0.0,0.0,0.0,0.0,0.0,Carpet,mid,new,Godrej Oasis,gurgaon,1.7
121.42,2.0,2.0,2.0,0.0,88.0,7.0,0.0,0.0,0.0,0.0,1.0,0.0,0.0,0.0,0.0,0.0,0.0,1.0,0.0,0.0,0.0,0.0,0.0,0.0,0.0,Carpet,mid,new,Godrej Oasis,gurgaon,1.615
136.75,2.0,3.0,3.0,1.0,66.0,15.0,0.0,0.0,0.0,0.0,0.0,0.0,0.0,1.0,0.0,0.0,0.0,0.0,0.0,0.0,0.0,0.0,0.0,0.0,0.0,Super Built up,high,new,Ireo Uptown,gurgaon,3.145
181.16,4.0,3.0,3.0,1.0,77.0,10.0,0.0,0.0,0.0,0.0,0.0,0.0,0.0,0.0,0.0,0.0,0.0,0.0,0.0,0.0,0.0,0.0,0.0,0.0,0.0,Super Built up,high,new,Emaar MGF Palm Hills,gurgaon,2.805
180.51,3.0,3.0,3.0,0.0,107.0,6.0,0.0,0.0,0.0,0.0,0.0,0.0,0.0,0.0,0.0,0.0,0.0,0.0,0.0,0.0,0.0,0.0,0.0,0.0,0.0,Super Built up,high,new,M3M Woodshire,gurgaon,2.244
142.51,2.0,2.0,3.0,1.0,107.0,6.0,0.0,0.0,0.0,0.0,0.0,0.0,0.0,0.0,0.0,0.0,0.0,0.0,0.0,0.0,0.0,0.0,0.0,0.0,0.0,Super Built up,mid,new,M3M Woodshire,gurgaon,1.734
283.82,4.0,5.0,3.0,0.0,109.0,11.0,0.0,0.0,0.0,0.0,0.0,0.0,0.0,0.0,0.0,3.0,0.0,0.0,0.0,0.0,0.0,0.0,0.0,0.0,0.0,Super Built up,high,new,SBTL Caladium,gurgaon,3.196
199.65,3.0,4.0,3.0,1.0,102.0,15.0,0.0,0.0,0.0,0.0,0.0,0.0,0.0,0.0,0.0,0.0,0.0,0.0,0.0,0.0,0.0,0.0,0.0,0.0,0.0,Super Built up,high,new,Conscient Heritage Max,gurgaon,3.655
204.39,3.0,4.0,2.0,1.0,111.0,10.0,0.0,0.0,0.0,0.0,0.0,0.0,0.0,0.0,0.0,0.0,0.0,0.0,0.0,0.0,0.0,0.0,0.0,0.0,0.0,Super Built up,high,old,Puri Diplomatic Greens,gurgaon,4.386
157.94,3.0,3.0,2.0,0.0,111.0,10.0,0.0,0.0,0.0,0.0,0.0,0.0,0.0,0.0,0.0,0.0,0.0,0.0,0.0,0.0,0.0,0.0,0.0,0.0,0.0,Super Built up,high,new,Puri Diplomatic Greens,gurgaon,3.825
199.74,3.0,4.0,3.0,1.0,109.0,11.0,0.0,0.0,0.0,0.0,0.0,0.0,0.0,0.0,0.0,0.0,0.0,0.0,0.0,0.0,0.0,0.0,0.0,0.0,0.0,Super Built up,high,new,ATS Tourmaline,gurgaon,2.975
119.19,2.0,3.0,3.0,0.0,108.0,9.0,0.0,0.0,0.0,0.0,0.0,0.0,0.0,0.0,0.0,0.0,0.0,0.0,0.0,0.0,0.0,0.0,0.0,0.0,0.0,Super Built up,high,new,Experion The Heartsong,gurgaon,1.581
349.59,3.0,5.0,3.0,1.0,112.0,8.0,0.0,0.0,0.0,0.0,0.0,0.0,0.0,0.0,0.0,0.0,0.0,0.0,0.0,0.0,0.0,0.0,0.0,0.0,0.0,Super Built up,mid,new,Experion Windchants,gurgaon,8.075
199.74,3.0,4.0,3.0,1.0,79.0,10.0,0.0,0.0,0.0,0.0,0.0,0.0,0.0,0.0,0.0,0.0,0.0,0.0,0.0,0.0,0.0,0.0,0.0,0.0,0.0,Super Built up,mid,new,Bestech Altura,gurgaon,2.924
394.84,4.0,4.0,3.0,1.0,72.0,10.0,0.0,0.0,0.0,0.0,0.0,0.0,0.0,1.0,0.0,0.0,0.0,0.0,0.0,0.0,0.0,0.0,0.0,0.0,0.0,Super Built up,low,new,Tata Primanti,gurgaon,11.475
111.48,2.0,2.0,2.0,1.0,62.0,11.0,0.0,0.0,0.0,0.0,0.0,0.0,0.0,0.0,0.0,0.0,0.0,0.0,0.0,0.0,0.0,0.0,0.0,0.0,0.0,Built Up,mid,new,Emaar Digihomes,gurgaon,4.165
261.24,4.0,5.0,3.0,0.0,85.0,13.0,0.0,0.0,0.0,0.0,0.0,0.0,0.0,0.0,0.0,0.0,0.0,0.0,0.0,0.0,0.0,0.0,0.0,0.0,0.0,Super Built up,mid,new,SS The Leaf,gurgaon,3.74
311.69,4.0,4.0,3.0,1.0,72.0,10.0,0.0,0.0,0.0,0.0,0.0,0.0,0.0,1.0,0.0,0.0,0.0,0.0,0.0,0.0,0.0,0.0,0.0,0.0,0.0,Super Built up,high,new,Tata Primanti,gurgaon,8.924999999999999
408.77,4.0,4.0,3.0,1.0,72.0,10.0,0.0,0.0,0.0,0.0,0.0,0.0,0.0,1.0,0.0,0.0,0.0,0.0,0.0,0.0,0.0,0.0,0.0,0.0,0.0,Super Built up,low,new,Tata Primanti,gurgaon,8.5
418.06,4.0,4.0,3.0,1.0,72.0,10.0,0.0,0.0,0.0,0.0,0.0,0.0,0.0,1.0,0.0,0.0,0.0,0.0,0.0,0.0,0.0,0.0,0.0,0.0,0.0,Built Up,low,old,Tata Primanti,gurgaon,8.5
205.97,3.0,4.0,3.0,1.0,113.0,8.0,0.0,0.0,0.0,0.0,0.0,0.0,0.0,0.0,0.0,0.0,0.0,0.0,0.0,0.0,0.0,0.0,0.0,0.0,0.0,Built Up,mid,new,La Vida by Tata Housing,gurgaon,4.59
238.48,4.0,4.0,3.0,1.0,48.0,15.0,0.0,0.0,0.0,0.0,0.0,0.0,0.0,0.0,0.0,0.0,0.0,0.0,0.0,0.0,0.0,0.0,0.0,0.0,0.0,Super Built up,high,old,Bestech Park View City,gurgaon,4.505
128.21,2.0,2.0,2.0,1.0,22.0,14.0,0.0,0.0,0.0,0.0,0.0,0.0,0.0,0.0,0.0,0.0,0.0,0.0,0.0,0.0,0.0,0.0,0.0,0.0,0.0,Super Built up,high,new,Ambience Creacions,gurgaon,2.805
172.8,3.0,3.0,3.0,1.0,22.0,14.0,0.0,0.0,0.0,0.0,0.0,0.0,0.0,0.0,0.0,0.0,0.0,0.0,0.0,0.0,0.0,0.0,0.0,0.0,0.0,Super Built up,high,new,Ambience Creacions,gurgaon,4.335
172.8,3.0,3.0,3.0,0.0,22.0,14.0,0.0,0.0,0.0,0.0,0.0,0.0,0.0,0.0,0.0,0.0,0.0,0.0,0.0,0.0,0.0,0.0,0.0,0.0,0.0,Super Built up,mid,new,Ambience Creacions,gurgaon,4.335
287.07,3.0,4.0,3.0,1.0,22.0,14.0,0.0,0.0,0.0,0.0,0.0,0.0,0.0,0.0,0.0,0.0,0.0,0.0,0.0,0.0,0.0,0.0,0.0,0.0,0.0,Super Built up,mid,new,Ambience Creacions,gurgaon,7.31
186.74,4.0,4.0,2.0,1.0,69.0,10.0,0.0,0.0,0.0,0.0,0.0,0.0,0.0,0.0,0.0,0.0,0.0,0.0,0.0,0.0,0.0,0.0,0.0,0.0,0.0,Super Built up,high,new,Tulip Violet,gurgaon,2.89
128.21,2.0,2.0,2.0,1.0,22.0,14.0,0.0,0.0,0.0,0.0,0.0,0.0,0.0,0.0,0.0,0.0,0.0,0.0,0.0,0.0,0.0,0.0,0.0,0.0,0.0,Super Built up,high,new,Ambience Creacions,gurgaon,4.08
146.6,2.0,3.0,3.0,1.0,37.0,8.0,0.0,0.0,0.0,0.0,0.0,0.0,0.0,0.0,0.0,0.0,0.0,0.0,0.0,0.0,0.0,0.0,0.0,0.0,0.0,Super Built up,mid,new,Imperia The Esfera,gurgaon,1.479
163.79,3.0,3.0,3.0,1.0,37.0,13.0,0.0,0.0,0.0,0.0,0.0,0.0,0.0,1.0,0.0,0.0,0.0,0.0,0.0,0.0,0.0,0.0,0.0,0.0,0.0,Super Built up,mid,new,Corona Optus,gurgaon,2.125
168.62,3.0,5.0,3.0,1.0,37.0,8.0,0.0,0.0,0.0,0.0,0.0,0.0,0.0,0.0,0.0,0.0,0.0,0.0,0.0,0.0,0.0,0.0,0.0,0.0,0.0,Super Built up,mid,new,Imperia The Esfera,gurgaon,1.683
153.29,3.0,3.0,3.0,1.0,102.0,10.0,0.0,0.0,0.0,0.0,0.0,0.0,0.0,0.0,0.0,0.0,0.0,0.0,0.0,0.0,0.0,0.0,0.0,0.0,0.0,Super Built up,mid,new,Emaar Gurgaon Greens,gurgaon,2.363
242.01,3.0,3.0,3.0,1.0,,9.0,0.0,0.0,0.0,0.0,0.0,0.0,0.0,0.0,0.0,0.0,0.0,0.0,0.0,0.0,0.0,0.0,0.0,0.0,0.0,Super Built up,mid,old,The Close North,gurgaon,4.59
203.55,4.0,4.0,3.0,1.0,37.0,11.0,0.0,0.0,0.0,0.0,0.0,0.0,0.0,0.0,0.0,0.0,0.0,0.0,0.0,0.0,0.0,0.0,0.0,0.0,0.0,Super Built up,mid,new,BPTP Terra,gurgaon,2.975
203.55,4.0,3.0,3.0,1.0,37.0,11.0,0.0,0.0,0.0,0.0,0.0,0.0,0.0,0.0,0.0,0.0,0.0,0.0,0.0,0.0,0.0,0.0,0.0,0.0,0.0,Super Built up,high,new,BPTP Terra,gurgaon,2.635
203.55,4.0,3.0,3.0,1.0,37.0,11.0,0.0,0.0,0.0,0.0,0.0,0.0,0.0,0.0,0.0,0.0,0.0,0.0,0.0,0.0,0.0,0.0,0.0,0.0,0.0,Super Built up,mid,new,BPTP Terra,gurgaon,2.72
162.58,3.0,3.0,3.0,0.0,109.0,11.0,0.0,0.0,0.0,0.0,0.0,0.0,0.0,0.0,0.0,0.0,0.0,0.0,0.0,0.0,0.0,0.0,0.0,0.0,0.0,Super Built up,mid,new,ATS Tourmaline,gurgaon,2.38
178.84,3.0,3.0,3.0,1.0,70.0,12.0,0.0,0.0,0.0,0.0,0.0,0.0,0.0,0.0,0.0,0.0,0.0,0.0,0.0,0.0,0.0,0.0,0.0,0.0,0.0,Built Up,low,new,BPTP Astaire Gardens,gurgaon,3.06
257.16,4.0,5.0,3.0,1.0,107.0,6.0,0.0,0.0,0.0,0.0,0.0,0.0,0.0,0.0,0.0,0.0,0.0,0.0,0.0,0.0,0.0,0.0,0.0,0.0,0.0,Super Built up,high,new,M3M Woodshire,gurgaon,2.805
219.99,3.0,5.0,3.0,1.0,30.0,15.0,0.0,0.0,0.0,0.0,1.0,0.0,0.0,0.0,0.0,0.0,0.0,0.0,0.0,0.0,0.0,0.0,0.0,0.0,0.0,Super Built up,high,old,Unitech Uniworld City,gurgaon,6.034999999999999
213.68,4.0,4.0,3.0,1.0,5.0,7.0,0.0,0.0,0.0,0.0,0.0,0.0,0.0,0.0,0.0,0.0,0.0,0.0,0.0,0.0,0.0,0.0,0.0,0.0,0.0,Carpet,high,old,DLF The Icon,gurgaon,10.2
163.14,3.0,4.0,3.0,1.0,48.0,15.0,0.0,0.0,0.0,0.0,0.0,0.0,0.0,0.0,0.0,0.0,0.0,0.0,0.0,0.0,0.0,0.0,0.0,0.0,0.0,Carpet,low,old,Bestech Park View City,gurgaon,3.06
218.32,3.0,4.0,3.0,1.0,70.0,11.0,0.0,0.0,0.0,0.0,0.0,0.0,0.0,0.0,0.0,0.0,0.0,0.0,0.0,0.0,0.0,0.0,0.0,0.0,0.0,Super Built up,high,new,AIPL The Peaceful Homes,gurgaon,4.25
218.32,4.0,3.0,3.0,1.0,39.0,47.0,0.0,0.0,0.0,0.0,0.0,0.0,5.0,0.0,0.0,0.0,0.0,0.0,0.0,0.0,0.0,0.0,0.0,0.0,0.0,Carpet,high,old,Hector Trimurti Heights,gurgaon,2.55
163.04,3.0,2.0,2.0,0.0,83.0,10.0,0.0,0.0,0.0,0.0,0.0,0.0,0.0,0.0,0.0,0.0,0.0,0.0,0.0,0.0,0.0,0.0,0.0,0.0,0.0,Super Built up,low,old,Vatika Lifestyle Homes,gurgaon,1.768
54.91,2.0,2.0,1.0,1.0,67.0,11.0,0.0,0.0,0.0,0.0,0.0,0.0,0.0,0.0,0.0,0.0,0.0,0.0,0.0,0.0,0.0,0.0,0.0,0.0,0.0,Carpet,mid,new,Pyramid Urban,gurgaon,0.901
181.16,3.0,5.0,3.0,1.0,70.0,15.0,0.0,0.0,0.0,0.0,0.0,0.0,0.0,0.0,0.0,0.0,0.0,0.0,0.0,0.0,0.0,0.0,0.0,0.0,0.0,Super Built up,high,new,Shree Vardhman Victoria,gurgaon,2.788
183.48,4.0,4.0,3.0,1.0,65.0,6.0,0.0,0.0,0.0,0.0,0.0,0.0,0.0,0.0,0.0,0.0,0.0,0.0,0.0,0.0,0.0,0.0,0.0,0.0,0.0,Super Built up,mid,new,Emaar MGF Emerald Floors Premier,gurgaon,4.93
153.29,3.0,3.0,3.0,1.0,65.0,6.0,0.0,0.0,0.0,0.0,0.0,0.0,0.0,0.0,0.0,0.0,0.0,0.0,0.0,0.0,0.0,0.0,0.0,0.0,0.0,Super Built up,mid,new,Emaar MGF Emerald Floors Premier,gurgaon,4.012
184.23,3.0,4.0,3.0,1.0,54.0,15.0,0.0,0.0,0.0,0.0,0.0,0.0,0.0,1.0,0.0,0.0,0.0,0.0,0.0,0.0,0.0,0.0,0.0,0.0,0.0,Super Built up,mid,old,DLF Park Place,gurgaon,8.245
183.95,3.0,3.0,2.0,1.0,83.0,10.0,0.0,0.0,0.0,0.0,0.0,0.0,0.0,0.0,0.0,0.0,0.0,0.0,0.0,0.0,0.0,0.0,0.0,0.0,0.0,Super Built up,low,new,Vatika Gurgaon 21,gurgaon,2.125
181.16,3.0,3.0,2.0,1.0,90.0,10.0,0.0,0.0,0.0,0.0,0.0,0.0,0.0,0.0,0.0,0.0,0.0,0.0,0.0,0.0,0.0,0.0,0.0,0.0,0.0,Carpet,mid,new,Shree Vardhman Flora,gurgaon,1.564
195.93,3.0,3.0,3.0,1.0,81.0,9.0,0.0,0.0,0.0,0.0,0.0,0.0,0.0,0.0,0.0,0.0,0.0,0.0,0.0,0.0,0.0,0.0,0.0,0.0,0.0,Carpet,high,new,DLF The Ultima,gurgaon,4.59
125.6,2.0,3.0,2.0,1.0,90.0,10.0,0.0,0.0,0.0,0.0,0.0,0.0,0.0,0.0,0.0,0.0,0.0,0.0,0.0,0.0,0.0,0.0,0.0,0.0,0.0,Carpet,mid,new,Shree Vardhman Flora,gurgaon,1.19
161.74,2.0,2.0,2.0,0.0,85.0,13.0,0.0,0.0,0.0,0.0,0.0,0.0,0.0,0.0,0.0,0.0,0.0,0.0,0.0,0.0,0.0,0.0,0.0,0.0,0.0,Carpet,high,new,SS The Leaf,gurgaon,2.125
261.24,4.0,4.0,3.0,1.0,85.0,13.0,0.0,0.0,0.0,0.0,0.0,0.0,0.0,0.0,0.0,0.0,0.0,0.0,0.0,0.0,0.0,0.0,0.0,0.0,0.0,Super Built up,high,new,SS The Leaf,gurgaon,3.91
223.71,3.0,4.0,3.0,1.0,85.0,13.0,0.0,0.0,0.0,0.0,0.0,0.0,0.0,0.0,0.0,0.0,0.0,0.0,0.0,0.0,0.0,0.0,0.0,0.0,0.0,Super Built up,high,new,SS The Leaf,gurgaon,3.4
161.19,3.0,3.0,2.0,1.0,83.0,10.0,0.0,0.0,0.0,0.0,0.0,0.0,0.0,0.0,0.0,0.0,0.0,0.0,0.0,0.0,0.0,0.0,0.0,0.0,0.0,Super Built up,high,new,Vatika Gurgaon 21,gurgaon,1.836
129.6,3.0,3.0,3.0,1.0,65.0,8.0,0.0,0.0,0.0,0.0,0.0,0.0,0.0,0.0,0.0,0.0,0.0,0.0,0.0,0.0,0.0,0.0,0.0,0.0,0.0,Super Built up,high,new,Emaar MGF Emerald Estate,gurgaon,2.941
94.76,2.0,2.0,2.0,1.0,65.0,8.0,0.0,0.0,0.0,0.0,0.0,0.0,0.0,0.0,0.0,0.0,0.0,0.0,0.0,0.0,0.0,0.0,0.0,0.0,0.0,Super Built up,mid,new,Emaar MGF Emerald Estate,gurgaon,2.21
183.48,4.0,4.0,3.0,1.0,65.0,6.0,0.0,0.0,0.0,0.0,0.0,0.0,0.0,0.0,0.0,0.0,0.0,0.0,0.0,0.0,0.0,0.0,0.0,0.0,0.0,Super Built up,mid,new,Emaar MGF Emerald Floors Premier,gurgaon,4.845
153.29,3.0,3.0,3.0,1.0,65.0,6.0,0.0,0.0,0.0,0.0,0.0,0.0,0.0,0.0,0.0,0.0,0.0,0.0,0.0,0.0,0.0,0.0,0.0,0.0,0.0,Super Built up,low,new,Emaar MGF Emerald Floors Premier,gurgaon,3.825
153.29,3.0,3.0,3.0,1.0,65.0,6.0,0.0,0.0,0.0,0.0,0.0,0.0,0.0,0.0,0.0,0.0,0.0,0.0,0.0,0.0,0.0,0.0,0.0,0.0,0.0,Super Built up,low,new,Emaar MGF Emerald Floors Premier,gurgaon,3.995
183.48,4.0,4.0,3.0,1.0,65.0,6.0,0.0,0.0,0.0,0.0,0.0,0.0,0.0,0.0,0.0,0.0,0.0,0.0,0.0,0.0,0.0,0.0,0.0,0.0,0.0,Super Built up,low,new,Emaar MGF Emerald Floors Premier,gurgaon,4.76
153.29,3.0,3.0,3.0,1.0,65.0,6.0,0.0,0.0,0.0,0.0,0.0,0.0,0.0,0.0,0.0,0.0,0.0,0.0,0.0,0.0,0.0,0.0,0.0,0.0,0.0,Super Built up,low,new,Emaar MGF Emerald Floors Premier,gurgaon,3.995
183.48,4.0,4.0,3.0,1.0,65.0,6.0,0.0,0.0,0.0,0.0,0.0,0.0,0.0,0.0,0.0,0.0,0.0,0.0,0.0,0.0,0.0,0.0,0.0,0.0,0.0,Super Built up,low,new,Emaar MGF Emerald Floors Premier,gurgaon,4.675
153.29,3.0,3.0,3.0,1.0,65.0,6.0,0.0,0.0,0.0,0.0,0.0,0.0,0.0,0.0,0.0,0.0,0.0,0.0,0.0,0.0,0.0,0.0,0.0,0.0,0.0,Super Built up,low,new,Emaar MGF Emerald Floors Premier,gurgaon,4.012
223.9,4.0,4.0,3.0,1.0,66.0,8.0,0.0,0.0,0.0,0.0,0.0,0.0,0.0,0.0,0.0,0.0,0.0,0.0,0.0,0.0,0.0,0.0,0.0,0.0,0.0,Super Built up,low,new,Emaar Mgf Palm Terraces Select,gurgaon,5.779999999999999
124.68,2.0,2.0,2.0,0.0,77.0,10.0,0.0,0.0,0.0,0.0,0.0,0.0,0.0,0.0,0.0,0.0,0.0,0.0,0.0,0.0,0.0,0.0,0.0,0.0,0.0,Super Built up,high,new,Umang Winter Hills,gurgaon,1.36
557.42,4.0,4.0,3.0,1.0,,27.0,0.0,0.0,0.0,0.0,0.0,0.0,9.0,0.0,0.0,0.0,0.0,0.0,0.0,0.0,0.0,0.0,0.0,0.0,0.0,Super Built up,mid,new,.,gurgaon,11.9
174.38,3.0,4.0,3.0,1.0,,7.0,0.0,0.0,0.0,0.0,0.0,0.0,0.0,0.0,0.0,0.0,0.0,0.0,0.0,0.0,0.0,0.0,0.0,0.0,0.0,Super Built up,mid,old,Unitech Fresco,gurgaon,3.06
230.4,3.0,4.0,3.0,1.0,,9.0,0.0,0.0,0.0,0.0,0.0,0.0,0.0,0.0,0.0,0.0,0.0,0.0,0.0,0.0,0.0,0.0,0.0,0.0,0.0,Super Built up,mid,old,The Close North,gurgaon,4.505
161.19,3.0,3.0,3.0,1.0,83.0,10.0,0.0,0.0,0.0,0.0,0.0,0.0,0.0,0.0,0.0,0.0,0.0,0.0,0.0,0.0,0.0,0.0,0.0,0.0,0.0,Super Built up,low,new,Vatika Gurgaon 21,gurgaon,1.785
166.67,3.0,3.0,3.0,1.0,,7.0,0.0,0.0,0.0,0.0,0.0,0.0,0.0,0.0,0.0,0.0,0.0,0.0,0.0,0.0,0.0,0.0,0.0,0.0,0.0,Super Built up,high,old,Unitech Fresco,gurgaon,3.196
142.51,2.0,2.0,3.0,1.0,84.0,10.0,0.0,0.0,0.0,0.0,0.0,0.0,0.0,0.0,0.0,0.0,0.0,0.0,0.0,0.0,0.0,0.0,0.0,0.0,0.0,Super Built up,high,new,Alpha Corp GurgaonOne 84,gurgaon,1.955
222.04,4.0,4.0,3.0,1.0,83.0,10.0,0.0,0.0,0.0,0.0,0.0,0.0,0.0,0.0,0.0,0.0,0.0,0.0,0.0,0.0,0.0,0.0,0.0,0.0,0.0,Super Built up,low,new,Vatika Gurgaon 21,gurgaon,2.261
251.86,3.0,4.0,2.0,1.0,,12.0,0.0,0.0,0.0,0.0,0.0,0.0,0.0,0.0,0.0,0.0,0.0,0.0,0.0,0.0,0.0,0.0,0.0,0.0,0.0,Super Built up,high,new,Unitech Harmony,gurgaon,4.42
242.01,3.0,3.0,3.0,1.0,,9.0,0.0,0.0,0.0,0.0,0.0,0.0,0.0,0.0,0.0,0.0,0.0,0.0,0.0,0.0,0.0,0.0,0.0,0.0,0.0,Super Built up,high,old,The Close North,gurgaon,5.049
186.74,4.0,4.0,2.0,1.0,69.0,10.0,0.0,0.0,0.0,0.0,0.0,0.0,0.0,0.0,0.0,0.0,0.0,0.0,0.0,0.0,0.0,0.0,0.0,0.0,0.0,Super Built up,high,new,Tulip Violet,gurgaon,3.06
186.74,4.0,4.0,2.0,1.0,69.0,10.0,0.0,0.0,0.0,0.0,0.0,0.0,0.0,0.0,0.0,0.0,0.0,0.0,0.0,0.0,0.0,0.0,0.0,0.0,0.0,Super Built up,high,new,Tulip Violet,gurgaon,3.026
146.6,3.0,3.0,2.0,1.0,69.0,10.0,0.0,0.0,0.0,0.0,0.0,0.0,0.0,0.0,0.0,0.0,0.0,0.0,0.0,0.0,0.0,0.0,0.0,0.0,0.0,Super Built up,mid,new,Tulip Violet,gurgaon,2.584
146.6,3.0,3.0,2.0,1.0,69.0,10.0,0.0,0.0,0.0,0.0,0.0,0.0,0.0,0.0,0.0,0.0,0.0,0.0,0.0,0.0,0.0,0.0,0.0,0.0,0.0,Super Built up,high,new,Tulip Violet,gurgaon,2.635
179.3,3.0,3.0,1.0,1.0,86.0,10.0,0.0,0.0,0.0,0.0,0.0,0.0,0.0,0.0,0.0,0.0,0.0,0.0,0.0,0.0,0.0,0.0,0.0,0.0,0.0,Super Built up,high,new,DLF The Skycourt,gurgaon,2.635
43.48,1.0,1.0,1.0,0.0,83.0,10.0,0.0,0.0,0.0,0.0,0.0,0.0,0.0,0.0,0.0,0.0,0.0,0.0,0.0,0.0,0.0,0.0,0.0,0.0,0.0,Carpet,mid,new,Sapphire Eighty Three,gurgaon,0.68
199.74,3.0,3.0,3.0,1.0,70.0,11.0,0.0,0.0,0.0,0.0,0.0,0.0,0.0,0.0,0.0,0.0,0.0,0.0,0.0,0.0,0.0,0.0,0.0,0.0,0.0,Super Built up,high,new,AIPL The Peaceful Homes,gurgaon,4.08
200.67,3.0,3.0,3.0,1.0,82.0,10.0,0.0,0.0,0.0,0.0,0.0,0.0,0.0,0.0,0.0,0.0,0.0,0.0,0.0,0.0,0.0,0.0,0.0,0.0,0.0,Super Built up,high,new,Vatika The Seven Lamps,gurgaon,2.329
209.16,3.0,4.0,3.0,1.0,49.0,14.0,0.0,0.0,0.0,0.0,0.0,0.0,3.0,0.0,0.0,0.0,0.0,0.0,0.0,0.0,0.0,0.0,0.0,0.0,0.0,Super Built up,high,old,Vatika City,gurgaon,4.505
168.71,3.0,4.0,3.0,1.0,104.0,15.0,0.0,0.0,0.0,0.0,0.0,0.0,0.0,0.0,0.0,0.0,0.0,0.0,0.0,0.0,0.0,0.0,0.0,0.0,0.0,Carpet,high,new,Godrej Summit,gurgaon,1.972
167.23,3.0,4.0,3.0,1.0,104.0,15.0,0.0,0.0,0.0,0.0,0.0,0.0,0.0,0.0,0.0,0.0,0.0,0.0,0.0,0.0,0.0,0.0,0.0,0.0,0.0,Carpet,mid,new,Godrej Summit,gurgaon,1.785
250.84,4.0,5.0,3.0,1.0,104.0,15.0,0.0,0.0,0.0,0.0,0.0,0.0,0.0,0.0,0.0,0.0,0.0,0.0,0.0,0.0,0.0,0.0,0.0,0.0,0.0,Carpet,high,new,Godrej Summit,gurgaon,2.295
250.09,4.0,5.0,3.0,1.0,104.0,15.0,0.0,0.0,0.0,0.0,0.0,0.0,0.0,0.0,0.0,0.0,0.0,0.0,0.0,0.0,0.0,0.0,0.0,0.0,0.0,Carpet,high,new,Godrej Summit,gurgaon,2.295
181.16,3.0,3.0,3.0,1.0,66.0,14.0,0.0,0.0,0.0,0.0,0.0,0.0,0.0,0.0,0.0,0.0,0.0,0.0,0.0,0.0,0.0,0.0,0.0,0.0,0.0,Super Built up,high,new,Emaar MGF The Palm Drive,gurgaon,4.845
54.16,2.0,2.0,1.0,0.0,84.0,15.0,0.0,0.0,0.0,0.0,0.0,0.0,0.0,0.0,0.0,0.0,0.0,0.0,0.0,0.0,0.0,0.0,0.0,0.0,0.0,Super Built up,mid,new,Pivotal Devaan,gurgaon,0.595
126.91,2.0,2.0,3.0,0.0,107.0,6.0,0.0,0.0,0.0,0.0,0.0,0.0,0.0,0.0,0.0,0.0,0.0,0.0,0.0,0.0,0.0,0.0,0.0,0.0,0.0,Super Built up,low,new,M3M Woodshire,gurgaon,1.496
239.6,3.0,4.0,3.0,1.0,102.0,11.0,0.0,0.0,0.0,0.0,0.0,0.0,0.0,0.0,0.0,0.0,0.0,0.0,0.0,0.0,0.0,0.0,0.0,0.0,0.0,Super Built up,low,new,Adani M2K Oyster Grande,gurgaon,4.08
260.96,4.0,5.0,3.0,1.0,60.0,7.0,0.0,0.0,0.0,0.0,0.0,0.0,0.0,0.0,0.0,0.0,0.0,0.0,0.0,0.0,0.0,0.0,0.0,0.0,0.0,Super Built up,high,new,Ireo Skyon,gurgaon,6.12
497.03,4.0,4.0,3.0,1.0,,11.0,0.0,0.0,0.0,0.0,0.0,0.0,0.0,0.0,0.0,0.0,0.0,0.0,0.0,0.0,0.0,0.0,0.0,0.0,0.0,Super Built up,high,new,Paras Quartier,gurgaon,12.75
118.54,2.0,2.0,2.0,0.0,113.0,8.0,0.0,0.0,0.0,0.0,0.0,0.0,0.0,0.0,0.0,0.0,0.0,0.0,0.0,0.0,0.0,0.0,0.0,0.0,0.0,Super Built up,mid,new,La Vida by Tata Housing,gurgaon,2.465
185.53,3.0,3.0,3.0,0.0,,9.0,0.0,0.0,0.0,0.0,0.0,0.0,0.0,0.0,0.0,0.0,0.0,0.0,0.0,0.0,0.0,0.0,0.0,0.0,0.0,Super Built up,high,old,The Close North,gurgaon,3.995
133.32,2.0,2.0,2.0,1.0,82.0,10.0,0.0,0.0,0.0,0.0,0.0,0.0,0.0,0.0,0.0,0.0,0.0,0.0,0.0,0.0,0.0,0.0,0.0,0.0,0.0,Super Built up,high,new,Vatika The Seven Lamps,gurgaon,1.598
120.77,2.0,2.0,2.0,0.0,82.0,10.0,0.0,0.0,0.0,0.0,0.0,0.0,0.0,0.0,0.0,0.0,0.0,0.0,0.0,0.0,0.0,0.0,0.0,0.0,0.0,Super Built up,high,new,Vatika The Seven Lamps,gurgaon,1.36
231.42,3.0,4.0,3.0,1.0,,15.0,0.0,0.0,1.0,0.0,0.0,0.0,0.0,0.0,0.0,0.0,0.0,0.0,0.0,0.0,0.0,0.0,0.0,0.0,0.0,Super Built up,mid,old,The Close South,gurgaon,5.27
200.67,3.0,3.0,3.0,1.0,82.0,10.0,0.0,0.0,0.0,0.0,0.0,0.0,0.0,0.0,0.0,0.0,0.0,0.0,0.0,0.0,0.0,0.0,0.0,0.0,0.0,Super Built up,high,new,Vatika The Seven Lamps,gurgaon,2.363
133.32,2.0,2.0,3.0,1.0,82.0,10.0,0.0,0.0,0.0,0.0,0.0,0.0,0.0,0.0,0.0,0.0,0.0,0.0,0.0,0.0,0.0,0.0,0.0,0.0,0.0,Super Built up,high,new,Vatika The Seven Lamps,gurgaon,1.598
120.59,2.0,2.0,2.0,0.0,82.0,10.0,0.0,0.0,0.0,0.0,0.0,0.0,0.0,0.0,0.0,0.0,0.0,0.0,0.0,0.0,0.0,0.0,0.0,0.0,0.0,Super Built up,high,new,Vatika The Seven Lamps,gurgaon,1.326
132.85,2.0,2.0,2.0,1.0,82.0,10.0,0.0,0.0,0.0,0.0,0.0,0.0,0.0,0.0,0.0,0.0,0.0,0.0,0.0,0.0,0.0,0.0,0.0,0.0,0.0,Super Built up,high,new,Vatika The Seven Lamps,gurgaon,1.462
121.89,2.0,2.0,2.0,0.0,85.0,5.0,0.0,0.0,0.0,0.0,0.0,0.0,0.0,0.0,0.0,0.0,0.0,0.0,0.0,0.0,0.0,0.0,0.0,0.0,0.0,Super Built up,mid,new,Orris Aster Court,gurgaon,1.156
208.47,3.0,4.0,3.0,1.0,79.0,10.0,0.0,0.0,0.0,0.0,0.0,0.0,0.0,0.0,0.0,0.0,0.0,0.0,0.0,0.0,0.0,0.0,0.0,0.0,0.0,Super Built up,mid,new,Godrej 101,gurgaon,3.451
152.83,3.0,4.0,3.0,1.0,85.0,8.0,0.0,0.0,0.0,0.0,0.0,0.0,0.0,0.0,0.0,0.0,0.0,0.0,0.0,0.0,0.0,0.0,0.0,0.0,0.0,Super Built up,mid,new,Orris Carnation Residency,gurgaon,1.36
125.42,2.0,2.0,3.0,1.0,90.0,10.0,0.0,0.0,0.0,0.0,0.0,0.0,0.0,0.0,0.0,0.0,0.0,0.0,0.0,0.0,0.0,0.0,0.0,0.0,0.0,Super Built up,high,new,Shree Vardhman Flora,gurgaon,1.088
162.58,3.0,3.0,2.0,0.0,84.0,13.0,0.0,0.0,0.0,0.0,0.0,0.0,0.0,0.0,0.0,0.0,0.0,0.0,0.0,0.0,0.0,0.0,0.0,0.0,0.0,Super Built up,high,new,SS The Coralwood,gurgaon,1.717
239.23,4.0,5.0,2.0,1.0,90.0,10.0,0.0,0.0,0.0,0.0,0.0,0.0,0.0,0.0,0.0,0.0,0.0,0.0,0.0,0.0,0.0,0.0,0.0,0.0,0.0,Super Built up,high,new,Shree Vardhman Flora,gurgaon,2.159
115.66,2.0,2.0,2.0,0.0,83.0,10.0,0.0,0.0,0.0,0.0,0.0,0.0,0.0,0.0,0.0,0.0,0.0,0.0,0.0,0.0,0.0,0.0,0.0,0.0,0.0,Super Built up,mid,old,Vatika Gurgaon 21,gurgaon,1.428
223.71,3.0,4.0,3.0,1.0,85.0,13.0,0.0,0.0,0.0,0.0,0.0,0.0,0.0,0.0,0.0,0.0,0.0,0.0,0.0,0.0,0.0,0.0,0.0,0.0,0.0,Super Built up,mid,old,SS The Leaf,gurgaon,3.009
186.74,4.0,4.0,2.0,1.0,69.0,10.0,0.0,0.0,0.0,0.0,0.0,0.0,0.0,0.0,0.0,0.0,0.0,0.0,0.0,0.0,0.0,0.0,0.0,0.0,0.0,Super Built up,low,new,Tulip Violet,gurgaon,2.856
183.02,4.0,4.0,1.0,1.0,69.0,10.0,0.0,0.0,0.0,0.0,0.0,0.0,0.0,0.0,0.0,0.0,0.0,0.0,0.0,0.0,0.0,0.0,0.0,0.0,0.0,Super Built up,high,new,Tulip Violet,gurgaon,2.822
146.6,3.0,3.0,2.0,1.0,69.0,10.0,0.0,0.0,0.0,0.0,0.0,0.0,0.0,0.0,0.0,0.0,0.0,0.0,0.0,0.0,0.0,0.0,0.0,0.0,0.0,Super Built up,low,new,Tulip Violet,gurgaon,2.38
195.1,3.0,4.0,3.0,1.0,81.0,9.0,0.0,0.0,0.0,0.0,0.0,0.0,0.0,0.0,0.0,0.0,0.0,0.0,0.0,0.0,0.0,0.0,0.0,0.0,0.0,Super Built up,high,new,DLF The Ultima,gurgaon,3.893
179.3,3.0,3.0,3.0,1.0,90.0,6.0,0.0,0.0,0.0,0.0,0.0,0.0,0.0,0.0,0.0,0.0,0.0,0.0,0.0,0.0,0.0,0.0,0.0,0.0,0.0,Super Built up,mid,new,DLF New Town Heights 1,gurgaon,2.057
109.63,3.0,3.0,2.0,0.0,92.0,8.0,0.0,0.0,0.0,0.0,0.0,0.0,0.0,0.0,0.0,0.0,0.0,0.0,0.0,0.0,0.0,0.0,0.0,0.0,0.0,Super Built up,low,new,Sare Homes,gurgaon,0.85
124.68,2.0,2.0,2.0,1.0,77.0,10.0,0.0,0.0,0.0,0.0,0.0,0.0,0.0,0.0,0.0,0.0,0.0,0.0,0.0,0.0,0.0,0.0,0.0,0.0,0.0,Super Built up,mid,new,Umang Winter Hills,gurgaon,1.207
183.48,4.0,4.0,3.0,1.0,65.0,6.0,0.0,0.0,0.0,0.0,0.0,0.0,0.0,0.0,0.0,0.0,0.0,0.0,0.0,0.0,0.0,0.0,0.0,0.0,0.0,Super Built up,low,new,Emaar MGF Emerald Floors Premier,gurgaon,5.1
163.04,3.0,3.0,3.0,0.0,90.0,14.0,0.0,0.0,0.0,0.0,2.0,0.0,0.0,0.0,0.0,0.0,0.0,0.0,0.0,0.0,0.0,0.0,0.0,0.0,0.0,Super Built up,high,new,DLF Regal Gardens,gurgaon,2.04
306.58,3.0,3.0,3.0,1.0,72.0,10.0,0.0,0.0,0.0,0.0,0.0,0.0,0.0,1.0,0.0,0.0,0.0,0.0,0.0,0.0,0.0,0.0,0.0,0.0,0.0,Super Built up,low,old,Tata Primanti,gurgaon,5.525
136.1,2.0,2.0,3.0,1.0,,6.0,0.0,0.0,0.0,0.0,0.0,0.0,0.0,0.0,0.0,0.0,0.0,0.0,0.0,0.0,0.0,0.0,0.0,0.0,0.0,Super Built up,mid,old,Ashiana Mulberry,gurgaon,1.53
160.72,3.0,3.0,3.0,0.0,,6.0,0.0,0.0,0.0,0.0,0.0,0.0,0.0,0.0,0.0,0.0,0.0,0.0,0.0,0.0,0.0,0.0,0.0,0.0,0.0,Super Built up,mid,new,Ashiana Mulberry,gurgaon,1.819
152.36,2.0,2.0,3.0,0.0,85.0,13.0,0.0,0.0,0.0,0.0,0.0,0.0,0.0,0.0,0.0,0.0,0.0,0.0,0.0,0.0,0.0,0.0,0.0,0.0,0.0,Super Built up,high,new,SS The Leaf,gurgaon,2.04
261.24,4.0,5.0,3.0,1.0,85.0,13.0,0.0,0.0,0.0,0.0,0.0,0.0,0.0,0.0,0.0,0.0,0.0,0.0,0.0,0.0,0.0,0.0,0.0,0.0,0.0,Super Built up,low,new,SS The Leaf,gurgaon,3.655
183.02,4.0,4.0,1.0,0.0,69.0,10.0,0.0,0.0,0.0,0.0,0.0,0.0,0.0,0.0,0.0,0.0,0.0,0.0,0.0,0.0,0.0,0.0,0.0,0.0,0.0,Super Built up,high,new,Tulip Violet,gurgaon,2.924
142.88,3.0,3.0,1.0,1.0,69.0,10.0,0.0,0.0,0.0,0.0,0.0,0.0,0.0,0.0,0.0,0.0,0.0,0.0,0.0,0.0,0.0,0.0,0.0,0.0,0.0,Super Built up,high,new,Tulip Violet,gurgaon,2.3120000000000003
183.02,4.0,4.0,1.0,0.0,69.0,10.0,0.0,0.0,0.0,0.0,0.0,0.0,0.0,0.0,0.0,0.0,0.0,0.0,0.0,0.0,0.0,0.0,0.0,0.0,0.0,Super Built up,high,new,Tulip Violet,gurgaon,2.975
183.02,4.0,4.0,1.0,0.0,69.0,10.0,0.0,0.0,0.0,0.0,0.0,0.0,0.0,0.0,0.0,0.0,0.0,0.0,0.0,0.0,0.0,0.0,0.0,0.0,0.0,Super Built up,high,new,Tulip Violet,gurgaon,2.975
142.88,3.0,3.0,1.0,1.0,69.0,10.0,0.0,0.0,0.0,0.0,0.0,0.0,0.0,0.0,0.0,0.0,0.0,0.0,0.0,0.0,0.0,0.0,0.0,0.0,0.0,Super Built up,high,new,Tulip Violet,gurgaon,2.346
145.67,3.0,3.0,1.0,1.0,69.0,10.0,0.0,0.0,0.0,0.0,0.0,0.0,0.0,0.0,0.0,0.0,0.0,0.0,0.0,0.0,0.0,0.0,0.0,0.0,0.0,Super Built up,high,new,Tulip Violet,gurgaon,2.193
146.6,3.0,3.0,1.0,1.0,69.0,10.0,0.0,0.0,0.0,0.0,0.0,0.0,0.0,0.0,0.0,0.0,0.0,0.0,0.0,0.0,0.0,0.0,0.0,0.0,0.0,Super Built up,high,new,Tulip Violet,gurgaon,2.329
145.67,3.0,3.0,1.0,1.0,69.0,10.0,0.0,0.0,0.0,0.0,0.0,0.0,0.0,0.0,0.0,0.0,0.0,0.0,0.0,0.0,0.0,0.0,0.0,0.0,0.0,Super Built up,high,new,Tulip Violet,gurgaon,2.244
142.88,3.0,3.0,1.0,1.0,69.0,10.0,0.0,0.0,0.0,0.0,0.0,0.0,0.0,0.0,0.0,0.0,0.0,0.0,0.0,0.0,0.0,0.0,0.0,0.0,0.0,Super Built up,high,new,Tulip Violet,gurgaon,2.21
179.3,3.0,3.0,3.0,1.0,86.0,15.0,0.0,0.0,0.0,0.0,0.0,0.0,0.0,0.0,0.0,0.0,0.0,0.0,0.0,0.0,0.0,0.0,0.0,0.0,0.0,Super Built up,high,old,DLF New Town Heights 2,gurgaon,2.21
179.21,3.0,3.0,1.0,0.0,86.0,10.0,0.0,0.0,0.0,0.0,0.0,0.0,0.0,0.0,0.0,0.0,0.0,0.0,0.0,0.0,0.0,0.0,0.0,0.0,0.0,Super Built up,high,new,DLF The Skycourt,gurgaon,2.55
186.74,4.0,4.0,2.0,1.0,69.0,10.0,0.0,0.0,0.0,0.0,0.0,0.0,0.0,0.0,0.0,0.0,0.0,0.0,0.0,0.0,0.0,0.0,0.0,0.0,0.0,Super Built up,low,new,Tulip Violet,gurgaon,2.856
146.6,3.0,3.0,2.0,1.0,69.0,10.0,0.0,0.0,0.0,0.0,0.0,0.0,0.0,0.0,0.0,0.0,0.0,0.0,0.0,0.0,0.0,0.0,0.0,0.0,0.0,Super Built up,high,new,Tulip Violet,gurgaon,2.38
176.52,3.0,3.0,1.0,1.0,86.0,10.0,0.0,0.0,0.0,0.0,0.0,0.0,0.0,0.0,0.0,0.0,0.0,0.0,0.0,0.0,0.0,0.0,0.0,0.0,0.0,Super Built up,high,new,DLF The Skycourt,gurgaon,2.55
59.92,3.0,2.0,2.0,1.0,107.0,10.0,0.0,0.0,0.0,0.0,0.0,0.0,0.0,0.0,0.0,0.0,0.0,0.0,0.0,0.0,0.0,0.0,0.0,0.0,0.0,Carpet,mid,new,Signature Global Solera,gurgaon,0.85
55.93,2.0,2.0,1.0,1.0,107.0,10.0,0.0,0.0,0.0,0.0,0.0,0.0,0.0,0.0,0.0,0.0,0.0,0.0,0.0,0.0,0.0,0.0,0.0,0.0,0.0,Super Built up,mid,new,Signature Global Solera,gurgaon,0.612
430.33,4.0,5.0,3.0,1.0,72.0,45.0,0.0,0.0,0.0,0.0,0.0,0.0,10.0,0.0,0.0,0.0,0.0,0.0,0.0,0.0,0.0,0.0,1.0,0.0,0.0,Super Built up,high,old,Spaze Privy,gurgaon,5.27
51.02,2.0,2.0,1.0,1.0,95.0,14.0,0.0,0.0,0.0,0.0,0.0,0.0,0.0,0.0,0.0,0.0,0.0,0.0,0.0,0.0,0.0,0.0,0.0,0.0,0.0,Carpet,mid,new,ROF Ananda,gurgaon,0.527
123.19,3.0,3.0,3.0,1.0,92.0,8.0,0.0,0.0,0.0,0.0,0.0,0.0,0.0,0.0,0.0,0.0,0.0,0.0,0.0,0.0,0.0,0.0,0.0,0.0,0.0,Carpet,low,new,Sare Homes,gurgaon,1.207
170.2,3.0,3.0,1.0,0.0,83.0,10.0,0.0,0.0,0.0,0.0,0.0,0.0,0.0,0.0,0.0,0.0,0.0,0.0,0.0,0.0,0.0,0.0,0.0,0.0,0.0,Super Built up,mid,old,Vatika Lifestyle Homes,gurgaon,1.955
163.04,3.0,2.0,2.0,0.0,83.0,10.0,0.0,0.0,0.0,0.0,0.0,0.0,0.0,0.0,0.0,0.0,0.0,0.0,0.0,0.0,0.0,0.0,0.0,0.0,0.0,Super Built up,low,old,Vatika Lifestyle Homes,gurgaon,1.785
167.23,3.0,3.0,3.0,0.0,61.0,14.0,0.0,0.0,0.0,0.0,0.0,0.0,0.0,0.0,0.0,0.0,0.0,0.0,0.0,0.0,0.0,0.0,0.0,0.0,0.0,Super Built up,high,new,Pioneer Park,gurgaon,3.57
45.43,2.0,2.0,2.0,0.0,107.0,10.0,0.0,0.0,0.0,0.0,0.0,0.0,0.0,0.0,0.0,0.0,0.0,0.0,0.0,0.0,0.0,0.0,0.0,0.0,0.0,Carpet,high,new,Signature Global Solera,gurgaon,0.476
45.43,2.0,2.0,2.0,0.0,107.0,10.0,0.0,0.0,0.0,0.0,0.0,0.0,0.0,0.0,0.0,0.0,0.0,0.0,0.0,0.0,0.0,0.0,0.0,0.0,0.0,Carpet,high,new,Signature Global Solera,gurgaon,0.476
45.43,2.0,2.0,2.0,0.0,107.0,10.0,0.0,0.0,0.0,0.0,0.0,0.0,0.0,0.0,0.0,0.0,0.0,0.0,0.0,0.0,0.0,0.0,0.0,0.0,0.0,Carpet,high,new,Signature Global Solera,gurgaon,0.476
45.43,2.0,2.0,2.0,0.0,107.0,10.0,0.0,0.0,0.0,0.0,0.0,0.0,0.0,0.0,0.0,0.0,0.0,0.0,0.0,0.0,0.0,0.0,0.0,0.0,0.0,Carpet,high,new,Signature Global Solera,gurgaon,0.476
33.45,1.0,1.0,1.0,0.0,103.0,11.0,0.0,0.0,0.0,0.0,0.0,0.0,0.0,1.0,0.0,0.0,0.0,0.0,0.0,0.0,0.0,0.0,0.0,0.0,0.0,Carpet,mid,new,Signature Global Grand IVA,gurgaon,0.408
50.82,2.0,2.0,2.0,0.0,107.0,10.0,0.0,0.0,0.0,0.0,0.0,0.0,0.0,0.0,0.0,0.0,0.0,0.0,0.0,0.0,0.0,0.0,0.0,0.0,0.0,Carpet,high,new,Signature Global Solera,gurgaon,0.612
59.92,3.0,2.0,2.0,1.0,107.0,10.0,0.0,0.0,0.0,0.0,0.0,0.0,0.0,0.0,0.0,0.0,0.0,0.0,0.0,0.0,0.0,0.0,0.0,0.0,0.0,Carpet,high,new,Signature Global Solera,gurgaon,0.867
50.82,2.0,2.0,2.0,0.0,107.0,10.0,0.0,0.0,0.0,0.0,0.0,0.0,0.0,0.0,0.0,0.0,0.0,0.0,0.0,0.0,0.0,0.0,0.0,0.0,0.0,Carpet,high,new,Signature Global Solera,gurgaon,0.595
45.43,2.0,2.0,2.0,0.0,107.0,10.0,0.0,0.0,0.0,0.0,0.0,0.0,0.0,0.0,0.0,0.0,0.0,0.0,0.0,0.0,0.0,0.0,0.0,0.0,0.0,Carpet,high,new,Signature Global Solera,gurgaon,0.476
50.82,2.0,2.0,2.0,0.0,107.0,10.0,0.0,0.0,0.0,0.0,0.0,0.0,0.0,0.0,0.0,0.0,0.0,0.0,0.0,0.0,0.0,0.0,0.0,0.0,0.0,Carpet,high,new,Signature Global Solera,gurgaon,0.612
153.29,3.0,3.0,3.0,1.0,65.0,6.0,0.0,0.0,0.0,0.0,0.0,0.0,0.0,0.0,0.0,0.0,0.0,0.0,0.0,0.0,0.0,0.0,0.0,0.0,0.0,Carpet,low,new,Emaar MGF Emerald Floors Premier,gurgaon,3.4
256.78,4.0,4.0,3.0,1.0,66.0,15.0,0.0,0.0,0.0,0.0,0.0,0.0,0.0,1.0,0.0,0.0,0.0,0.0,0.0,0.0,0.0,0.0,0.0,0.0,0.0,Super Built up,mid,new,BPTP Mansions Park Prime,gurgaon,4.59
282.7,3.0,4.0,3.0,1.0,65.0,9.0,0.0,0.0,0.0,0.0,0.0,0.0,0.0,0.0,0.0,0.0,0.0,0.0,0.0,0.0,0.0,0.0,0.0,0.0,0.0,Super Built up,high,old,M3M Golfestate,gurgaon,8.398
186.74,4.0,4.0,2.0,0.0,69.0,10.0,0.0,0.0,0.0,0.0,0.0,0.0,0.0,0.0,0.0,0.0,0.0,0.0,0.0,0.0,0.0,0.0,0.0,0.0,0.0,Super Built up,high,new,Tulip Violet,gurgaon,2.975
239.23,4.0,5.0,2.0,1.0,90.0,10.0,0.0,0.0,0.0,0.0,0.0,0.0,0.0,0.0,0.0,0.0,0.0,0.0,0.0,0.0,0.0,0.0,0.0,0.0,0.0,Super Built up,high,new,Shree Vardhman Flora,gurgaon,2.125
174.19,3.0,4.0,3.0,1.0,90.0,10.0,0.0,0.0,0.0,0.0,0.0,0.0,0.0,0.0,0.0,0.0,0.0,0.0,0.0,0.0,0.0,0.0,0.0,0.0,0.0,Super Built up,mid,new,Shree Vardhman Flora,gurgaon,1.564
229.94,4.0,5.0,2.0,1.0,90.0,10.0,0.0,0.0,0.0,0.0,0.0,0.0,0.0,0.0,0.0,0.0,0.0,0.0,0.0,0.0,0.0,0.0,0.0,0.0,0.0,Super Built up,high,new,Shree Vardhman Flora,gurgaon,2.21
44.78,2.0,2.0,1.0,0.0,69.0,33.0,0.0,0.0,0.0,0.0,0.0,0.0,9.0,0.0,0.0,0.0,0.0,0.0,0.0,0.0,0.0,0.0,0.0,0.0,0.0,Carpet,mid,new,Tulip Lemon,gurgaon,1.054
222.97,4.0,5.0,3.0,1.0,69.0,11.0,0.0,0.0,0.0,0.0,0.0,0.0,0.0,0.0,0.0,0.0,1.0,0.0,0.0,1.0,0.0,0.0,0.0,0.0,0.0,Super Built up,mid,new,Tulip Purple,gurgaon,3.264
222.97,4.0,4.0,3.0,1.0,56.0,46.0,1.0,0.0,0.0,0.0,0.0,0.0,14.0,0.0,0.0,0.0,3.0,0.0,0.0,0.0,0.0,1.0,0.0,0.0,0.0,Super Built up,high,new,The Lions CGHS,gurgaon,3.4
222.97,4.0,5.0,3.0,1.0,70.0,10.0,0.0,0.0,0.0,0.0,0.0,0.0,0.0,0.0,0.0,0.0,0.0,0.0,0.0,0.0,0.0,0.0,0.0,0.0,0.0,Super Built up,low,new,Tulip Ivory,gurgaon,3.4
227.15,3.0,4.0,3.0,1.0,,10.0,0.0,0.0,0.0,0.0,0.0,0.0,0.0,0.0,0.0,0.0,0.0,0.0,0.0,0.0,0.0,0.0,0.0,0.0,0.0,Carpet,low,new,Professional Society,gurgaon,1.275
223.71,3.0,4.0,3.0,1.0,85.0,13.0,0.0,0.0,0.0,0.0,0.0,0.0,0.0,0.0,0.0,0.0,0.0,0.0,0.0,0.0,0.0,0.0,0.0,0.0,0.0,Super Built up,low,new,SS The Leaf,gurgaon,3.145
130.44,2.0,2.0,3.0,1.0,91.0,10.0,0.0,0.0,0.0,0.0,0.0,0.0,0.0,0.0,0.0,0.0,0.0,0.0,0.0,0.0,0.0,0.0,0.0,0.0,0.0,Super Built up,high,new,TARC Maceo,gurgaon,1.513
196.95,3.0,4.0,2.0,1.0,85.0,15.0,0.0,0.0,0.0,0.0,0.0,0.0,0.0,0.0,0.0,0.0,0.0,0.0,0.0,0.0,0.0,0.0,0.0,0.0,0.0,Super Built up,mid,new,Orris Aster Court Premier,gurgaon,2.125
157.19,3.0,3.0,3.0,0.0,102.0,13.0,0.0,0.0,0.0,0.0,0.0,0.0,0.0,0.0,0.0,0.0,0.0,0.0,0.0,0.0,0.0,0.0,0.0,0.0,0.0,Super Built up,high,new,Shapoorji Pallonji Joyville Gurugram,gurgaon,3.655
223.99,3.0,3.0,3.0,1.0,67.0,11.0,0.0,0.0,0.0,0.0,0.0,0.0,0.0,0.0,0.0,0.0,0.0,0.0,0.0,0.0,0.0,0.0,0.0,0.0,0.0,Super Built up,high,new,Ireo Victory Valley,gurgaon,5.185
190.17,3.0,3.0,3.0,1.0,67.0,10.0,0.0,0.0,0.0,0.0,0.0,0.0,0.0,0.0,0.0,0.0,0.0,0.0,0.0,0.0,0.0,0.0,0.0,0.0,0.0,Super Built up,high,new,M3M Merlin,gurgaon,4.505
68.28,2.0,2.0,3.0,0.0,81.0,10.0,0.0,0.0,0.0,0.0,0.0,0.0,0.0,0.0,0.0,0.0,0.0,0.0,0.0,0.0,0.0,0.0,0.0,0.0,0.0,Super Built up,mid,new,Signature Global Synera,gurgaon,0.833
153.75,3.0,3.0,3.0,0.0,70.0,11.0,0.0,0.0,0.0,0.0,0.0,0.0,0.0,0.0,0.0,0.0,0.0,0.0,0.0,0.0,0.0,0.0,0.0,0.0,0.0,Super Built up,high,new,AIPL Zen Residences,gurgaon,3.094
68.28,2.0,2.0,3.0,0.0,81.0,10.0,0.0,0.0,0.0,0.0,0.0,0.0,0.0,0.0,0.0,0.0,0.0,0.0,0.0,0.0,0.0,0.0,0.0,0.0,0.0,Super Built up,mid,new,Signature Global Synera,gurgaon,0.85
169.27,3.0,3.0,3.0,1.0,77.0,10.0,0.0,0.0,0.0,0.0,0.0,0.0,0.0,0.0,0.0,0.0,0.0,0.0,0.0,0.0,0.0,0.0,0.0,0.0,0.0,Super Built up,high,new,Umang Winter Hills,gurgaon,1.564
181.16,3.0,4.0,3.0,1.0,70.0,15.0,0.0,0.0,0.0,0.0,0.0,0.0,0.0,0.0,0.0,0.0,0.0,0.0,0.0,0.0,0.0,0.0,0.0,0.0,0.0,Super Built up,low,new,Shree Vardhman Victoria,gurgaon,2.805
134.71,2.0,2.0,2.0,1.0,70.0,14.0,0.0,0.0,0.0,0.0,0.0,0.0,4.0,0.0,0.0,0.0,0.0,0.0,0.0,0.0,0.0,0.0,0.0,0.0,0.0,Super Built up,high,new,Capital Residences 360,gurgaon,1.87
183.58,3.0,3.0,3.0,1.0,70.0,14.0,0.0,0.0,0.0,0.0,0.0,0.0,4.0,0.0,0.0,0.0,0.0,0.0,0.0,0.0,0.0,0.0,0.0,0.0,0.0,Super Built up,high,new,Capital Residences 360,gurgaon,2.635
132.39,3.0,3.0,2.0,1.0,70.0,12.0,0.0,0.0,0.0,0.0,0.0,0.0,0.0,0.0,0.0,0.0,0.0,0.0,0.0,0.0,0.0,0.0,0.0,0.0,0.0,Super Built up,low,new,BPTP Astaire Gardens,gurgaon,2.125
171.68,4.0,4.0,3.0,1.0,70.0,12.0,0.0,0.0,0.0,0.0,0.0,0.0,0.0,0.0,0.0,0.0,0.0,0.0,0.0,0.0,0.0,0.0,0.0,0.0,0.0,Super Built up,low,new,BPTP Astaire Gardens,gurgaon,2.72
125.42,2.0,2.0,3.0,1.0,70.0,15.0,0.0,0.0,0.0,0.0,0.0,0.0,0.0,0.0,0.0,0.0,0.0,0.0,0.0,0.0,0.0,0.0,0.0,0.0,0.0,Super Built up,high,new,Shree Vardhman Victoria,gurgaon,1.955
181.16,3.0,3.0,3.0,1.0,70.0,15.0,0.0,0.0,0.0,0.0,0.0,0.0,0.0,0.0,0.0,0.0,0.0,0.0,0.0,0.0,0.0,0.0,0.0,0.0,0.0,Super Built up,high,new,Shree Vardhman Victoria,gurgaon,2.72
390.19,4.0,5.0,3.0,1.0,81.0,9.0,0.0,0.0,0.0,0.0,0.0,0.0,0.0,0.0,0.0,0.0,0.0,0.0,0.0,0.0,0.0,0.0,0.0,0.0,0.0,Super Built up,high,new,Bestech Park View Grand Spa,gurgaon,6.8
247.12,3.0,4.0,3.0,1.0,81.0,9.0,0.0,0.0,0.0,0.0,0.0,0.0,0.0,0.0,0.0,0.0,0.0,0.0,0.0,0.0,0.0,0.0,0.0,0.0,0.0,Super Built up,high,new,Bestech Park View Grand Spa,gurgaon,3.774
295.9,4.0,5.0,2.0,1.0,81.0,9.0,0.0,0.0,0.0,0.0,0.0,0.0,0.0,0.0,0.0,0.0,0.0,0.0,0.0,0.0,0.0,0.0,0.0,0.0,0.0,Super Built up,mid,new,Bestech Park View Grand Spa,gurgaon,5.1
133.32,2.0,2.0,2.0,1.0,82.0,10.0,0.0,0.0,0.0,0.0,0.0,0.0,0.0,0.0,0.0,0.0,0.0,0.0,0.0,0.0,0.0,0.0,0.0,0.0,0.0,Super Built up,high,new,Vatika The Seven Lamps,gurgaon,1.7
512.27,5.0,7.0,3.0,1.0,62.0,11.0,0.0,0.0,0.0,0.0,0.0,0.0,0.0,0.0,0.0,0.0,0.0,0.0,0.0,0.0,0.0,0.0,0.0,0.0,0.0,Super Built up,high,new,Pioneer Araya,gurgaon,18.275
435.72,4.0,6.0,3.0,1.0,62.0,11.0,0.0,0.0,0.0,0.0,0.0,0.0,0.0,0.0,0.0,0.0,0.0,0.0,0.0,0.0,0.0,0.0,0.0,0.0,0.0,Super Built up,high,new,Pioneer Araya,gurgaon,15.538
397.53,4.0,6.0,3.0,1.0,62.0,11.0,0.0,0.0,0.0,0.0,0.0,0.0,0.0,0.0,0.0,0.0,0.0,0.0,0.0,0.0,0.0,0.0,0.0,0.0,0.0,Super Built up,high,new,Pioneer Araya,gurgaon,14.195
190.45,3.0,3.0,3.0,1.0,1.0,11.0,0.0,0.0,0.0,0.0,0.0,0.0,0.0,0.0,0.0,0.0,0.0,0.0,0.0,0.0,0.0,0.0,0.0,0.0,0.0,Super Built up,low,old,HSIIDC Sidco Shivalik Apartments,gurgaon,1.241
241.55,3.0,4.0,3.0,1.0,1.0,11.0,0.0,0.0,0.0,0.0,0.0,0.0,0.0,0.0,0.0,0.0,0.0,0.0,0.0,0.0,0.0,0.0,0.0,0.0,0.0,Super Built up,mid,old,IMT View Society,gurgaon,1.615
116.13,2.0,2.0,3.0,0.0,1.0,11.0,0.0,0.0,0.0,0.0,0.0,0.0,0.0,0.0,0.0,0.0,0.0,0.0,0.0,0.0,0.0,0.0,0.0,0.0,0.0,Super Built up,mid,old,HSIIDC Sidco Shivalik Apartments,gurgaon,0.816
240.43,3.0,3.0,3.0,1.0,1.0,11.0,0.0,0.0,0.0,0.0,0.0,0.0,0.0,0.0,0.0,0.0,0.0,0.0,0.0,0.0,0.0,0.0,0.0,0.0,0.0,Super Built up,low,old,HSIIDC Sidco Aravali,gurgaon,1.462
240.43,3.0,3.0,3.0,1.0,1.0,11.0,0.0,0.0,0.0,0.0,0.0,0.0,0.0,0.0,0.0,0.0,0.0,0.0,0.0,0.0,0.0,0.0,0.0,0.0,0.0,Super Built up,low,old,HSIIDC Sidco Aravali,gurgaon,1.377
190.17,3.0,3.0,3.0,1.0,67.0,10.0,0.0,0.0,0.0,0.0,0.0,0.0,0.0,0.0,0.0,0.0,0.0,0.0,0.0,0.0,0.0,0.0,0.0,0.0,0.0,Super Built up,high,new,M3M Merlin,gurgaon,4.93
46.45,1.0,1.0,2.0,0.0,71.0,15.0,0.0,0.0,0.0,0.0,0.0,0.0,0.0,0.0,0.0,0.0,0.0,0.0,0.0,0.0,0.0,0.0,0.0,0.0,0.0,Super Built up,low,new,Signature Andour Heights,gurgaon,0.629
65.03,2.0,2.0,1.0,0.0,71.0,15.0,0.0,0.0,0.0,0.0,0.0,0.0,0.0,0.0,0.0,0.0,0.0,0.0,0.0,0.0,0.0,0.0,0.0,0.0,0.0,Super Built up,mid,old,Signature Andour Heights,gurgaon,1.003
55.74,2.0,2.0,1.0,1.0,71.0,15.0,0.0,0.0,0.0,0.0,0.0,0.0,0.0,0.0,0.0,0.0,0.0,0.0,0.0,0.0,0.0,0.0,0.0,0.0,0.0,Super Built up,mid,new,Signature Andour Heights,gurgaon,1.02
41.81,1.0,1.0,2.0,0.0,71.0,15.0,0.0,0.0,0.0,0.0,0.0,0.0,0.0,0.0,0.0,0.0,0.0,0.0,0.0,0.0,0.0,0.0,0.0,0.0,0.0,Built Up,low,new,Signature Andour Heights,gurgaon,0.629
126.91,2.0,2.0,3.0,0.0,107.0,6.0,0.0,0.0,0.0,0.0,0.0,0.0,0.0,0.0,0.0,0.0,0.0,0.0,0.0,0.0,0.0,0.0,0.0,0.0,0.0,Super Built up,mid,new,M3M Woodshire,gurgaon,1.53
181.16,3.0,5.0,3.0,1.0,70.0,15.0,0.0,0.0,0.0,0.0,0.0,0.0,0.0,0.0,0.0,0.0,0.0,0.0,0.0,0.0,0.0,0.0,0.0,0.0,0.0,Super Built up,high,new,Shree Vardhman Victoria,gurgaon,2.822
253.35,4.0,4.0,3.0,1.0,90.0,6.0,0.0,0.0,0.0,0.0,0.0,0.0,0.0,0.0,0.0,0.0,0.0,0.0,0.0,0.0,0.0,0.0,0.0,0.0,0.0,Super Built up,high,old,DLF New Town Heights 1,gurgaon,3.4
181.16,3.0,5.0,3.0,1.0,70.0,15.0,0.0,0.0,0.0,0.0,0.0,0.0,0.0,0.0,0.0,0.0,0.0,0.0,0.0,0.0,0.0,0.0,0.0,0.0,0.0,Super Built up,mid,old,Shree Vardhman Victoria,gurgaon,2.839
120.77,2.0,2.0,2.0,0.0,70.0,15.0,0.0,0.0,0.0,0.0,0.0,0.0,0.0,0.0,0.0,0.0,0.0,0.0,0.0,0.0,0.0,0.0,0.0,0.0,0.0,Carpet,high,new,Shree Vardhman Victoria,gurgaon,1.87
181.16,3.0,5.0,3.0,1.0,70.0,15.0,0.0,0.0,0.0,0.0,0.0,0.0,0.0,0.0,0.0,0.0,0.0,0.0,0.0,0.0,0.0,0.0,0.0,0.0,0.0,Super Built up,mid,new,Shree Vardhman Victoria,gurgaon,2.72
125.42,2.0,2.0,3.0,1.0,70.0,15.0,0.0,0.0,0.0,0.0,0.0,0.0,0.0,0.0,0.0,0.0,0.0,0.0,0.0,0.0,0.0,0.0,0.0,0.0,0.0,Super Built up,high,new,Shree Vardhman Victoria,gurgaon,1.819
186.74,4.0,4.0,2.0,0.0,69.0,10.0,0.0,0.0,0.0,0.0,0.0,0.0,0.0,0.0,0.0,0.0,0.0,0.0,0.0,0.0,0.0,0.0,0.0,0.0,0.0,Super Built up,mid,new,Tulip Violet,gurgaon,2.992
146.6,3.0,3.0,2.0,1.0,69.0,10.0,0.0,0.0,0.0,0.0,0.0,0.0,0.0,0.0,0.0,0.0,0.0,0.0,0.0,0.0,0.0,0.0,0.0,0.0,0.0,Super Built up,mid,new,Tulip Violet,gurgaon,2.635
538.84,4.0,5.0,3.0,1.0,,14.0,0.0,0.0,0.0,0.0,0.0,0.0,0.0,0.0,0.0,0.0,0.0,0.0,0.0,0.0,0.0,0.0,0.0,0.0,1.0,Super Built up,high,new,Krrish Provence Estate,gurgaon,9.35
51.1,2.0,2.0,1.0,1.0,99.0,8.0,0.0,0.0,0.0,0.0,0.0,0.0,0.0,0.0,0.0,0.0,0.0,0.0,0.0,0.0,0.0,0.0,0.0,0.0,0.0,Carpet,mid,new,Prime Habitat,gurgaon,0.442
112.88,2.0,2.0,2.0,0.0,102.0,13.0,0.0,0.0,0.0,0.0,0.0,0.0,0.0,0.0,0.0,0.0,0.0,0.0,0.0,0.0,0.0,0.0,0.0,0.0,0.0,Super Built up,high,new,Shapoorji Pallonji Joyville Gurugram,gurgaon,2.125
199.65,3.0,4.0,3.0,1.0,102.0,15.0,0.0,0.0,0.0,0.0,0.0,0.0,0.0,0.0,0.0,0.0,0.0,0.0,0.0,0.0,0.0,0.0,0.0,0.0,0.0,Super Built up,high,new,Conscient Heritage Max,gurgaon,3.57
128.67,2.0,2.0,3.0,0.0,106.0,11.0,0.0,0.0,0.0,0.0,0.0,0.0,0.0,0.0,0.0,0.0,0.0,0.0,0.0,0.0,0.0,0.0,0.0,0.0,0.0,Super Built up,low,new,Paras Dews,gurgaon,1.615
128.67,2.0,2.0,3.0,0.0,106.0,11.0,0.0,0.0,0.0,0.0,0.0,0.0,0.0,0.0,0.0,0.0,0.0,0.0,0.0,0.0,0.0,0.0,0.0,0.0,0.0,Super Built up,low,new,Paras Dews,gurgaon,1.564
163.51,3.0,4.0,3.0,1.0,106.0,11.0,0.0,0.0,0.0,0.0,0.0,0.0,0.0,0.0,0.0,0.0,0.0,0.0,0.0,0.0,0.0,0.0,0.0,0.0,0.0,Super Built up,mid,new,Paras Dews,gurgaon,2.125
128.67,2.0,2.0,3.0,0.0,106.0,11.0,0.0,0.0,0.0,0.0,0.0,0.0,0.0,0.0,0.0,0.0,0.0,0.0,0.0,0.0,0.0,0.0,0.0,0.0,0.0,Super Built up,low,new,Paras Dews,gurgaon,1.479
163.51,3.0,4.0,3.0,1.0,106.0,11.0,0.0,0.0,0.0,0.0,0.0,0.0,0.0,0.0,0.0,0.0,0.0,0.0,0.0,0.0,0.0,0.0,0.0,0.0,0.0,Super Built up,high,new,Paras Dews,gurgaon,2.04
128.21,2.0,2.0,3.0,1.0,37.0,15.0,0.0,0.0,0.0,0.0,0.0,0.0,0.0,0.0,0.0,0.0,0.0,0.0,0.0,0.0,0.0,0.0,0.0,0.0,0.0,Super Built up,high,new,Ramprastha The Edge Towers,gurgaon,1.36
164.44,3.0,3.0,3.0,1.0,37.0,15.0,0.0,0.0,0.0,0.0,0.0,0.0,0.0,0.0,0.0,0.0,0.0,0.0,0.0,0.0,0.0,0.0,0.0,0.0,0.0,Super Built up,mid,new,Ramprastha The Edge Towers,gurgaon,1.666
118.54,2.0,2.0,2.0,0.0,113.0,8.0,0.0,0.0,0.0,0.0,0.0,0.0,0.0,0.0,0.0,0.0,0.0,0.0,0.0,0.0,0.0,0.0,0.0,0.0,0.0,Super Built up,low,new,La Vida by Tata Housing,gurgaon,2.244
185.81,3.0,3.0,3.0,1.0,56.0,46.0,1.0,0.0,0.0,0.0,0.0,0.0,13.0,0.0,0.0,0.0,3.0,0.0,0.0,0.0,0.0,1.0,0.0,0.0,0.0,Super Built up,mid,old,Shri Banke Bihari Society,gurgaon,2.295
274.06,4.0,5.0,3.0,1.0,111.0,10.0,0.0,0.0,0.0,0.0,0.0,0.0,0.0,0.0,0.0,0.0,0.0,0.0,0.0,0.0,0.0,0.0,0.0,0.0,0.0,Super Built up,high,new,Puri Diplomatic Greens,gurgaon,5.865
247.12,3.0,4.0,3.0,1.0,81.0,9.0,0.0,0.0,0.0,0.0,0.0,0.0,0.0,0.0,0.0,0.0,0.0,0.0,0.0,0.0,0.0,0.0,0.0,0.0,0.0,Super Built up,high,new,Bestech Park View Grand Spa,gurgaon,4.08
266.82,4.0,4.0,3.0,1.0,81.0,9.0,0.0,0.0,0.0,0.0,0.0,0.0,0.0,0.0,0.0,0.0,0.0,0.0,0.0,0.0,0.0,0.0,0.0,0.0,0.0,Super Built up,high,new,DLF The Ultima,gurgaon,5.865
198.07,3.0,3.0,3.0,1.0,81.0,9.0,0.0,0.0,0.0,0.0,0.0,0.0,0.0,0.0,0.0,0.0,0.0,0.0,0.0,0.0,0.0,0.0,0.0,0.0,0.0,Super Built up,high,new,DLF The Ultima,gurgaon,3.825
161.19,3.0,3.0,3.0,1.0,37.0,13.0,0.0,0.0,0.0,0.0,0.0,0.0,0.0,1.0,0.0,0.0,0.0,0.0,0.0,0.0,0.0,0.0,0.0,0.0,0.0,Super Built up,low,new,Corona Optus,gurgaon,2.125
184.88,3.0,3.0,3.0,1.0,37.0,13.0,0.0,0.0,0.0,0.0,0.0,0.0,0.0,1.0,0.0,0.0,0.0,0.0,0.0,0.0,0.0,0.0,0.0,0.0,0.0,Super Built up,low,new,Corona Optus,gurgaon,2.431
163.79,3.0,3.0,3.0,1.0,37.0,13.0,0.0,0.0,0.0,0.0,0.0,0.0,0.0,1.0,0.0,0.0,0.0,0.0,0.0,0.0,0.0,0.0,0.0,0.0,0.0,Super Built up,low,new,Corona Optus,gurgaon,2.159
184.88,3.0,3.0,3.0,1.0,37.0,13.0,0.0,0.0,0.0,0.0,0.0,0.0,0.0,1.0,0.0,0.0,0.0,0.0,0.0,0.0,0.0,0.0,0.0,0.0,0.0,Super Built up,low,new,Corona Optus,gurgaon,2.431
161.19,3.0,3.0,3.0,1.0,37.0,13.0,0.0,0.0,0.0,0.0,0.0,0.0,0.0,1.0,0.0,0.0,0.0,0.0,0.0,0.0,0.0,0.0,0.0,0.0,0.0,Super Built up,low,new,Corona Optus,gurgaon,2.125
184.88,3.0,3.0,3.0,1.0,37.0,13.0,0.0,0.0,0.0,0.0,0.0,0.0,0.0,1.0,0.0,0.0,0.0,0.0,0.0,0.0,0.0,0.0,0.0,0.0,0.0,Super Built up,low,new,Corona Optus,gurgaon,2.448
163.79,3.0,3.0,3.0,1.0,37.0,13.0,0.0,0.0,0.0,0.0,0.0,0.0,0.0,1.0,0.0,0.0,0.0,0.0,0.0,0.0,0.0,0.0,0.0,0.0,0.0,Super Built up,low,new,Corona Optus,gurgaon,2.159
189.06,3.0,4.0,3.0,1.0,37.0,8.0,0.0,0.0,0.0,0.0,0.0,0.0,0.0,0.0,0.0,0.0,0.0,0.0,0.0,0.0,0.0,0.0,0.0,0.0,0.0,Super Built up,high,new,Imperia The Esfera,gurgaon,1.87
241.55,4.0,5.0,3.0,1.0,37.0,8.0,0.0,0.0,0.0,0.0,0.0,0.0,0.0,0.0,0.0,0.0,0.0,0.0,0.0,0.0,0.0,0.0,0.0,0.0,0.0,Super Built up,high,new,Imperia The Esfera,gurgaon,2.38
168.62,3.0,4.0,3.0,1.0,37.0,8.0,0.0,0.0,0.0,0.0,0.0,0.0,0.0,0.0,0.0,0.0,0.0,0.0,0.0,0.0,0.0,0.0,0.0,0.0,0.0,Super Built up,high,new,Imperia The Esfera,gurgaon,1.683
146.6,2.0,3.0,3.0,1.0,37.0,8.0,0.0,0.0,0.0,0.0,0.0,0.0,0.0,0.0,0.0,0.0,0.0,0.0,0.0,0.0,0.0,0.0,0.0,0.0,0.0,Super Built up,high,new,Imperia The Esfera,gurgaon,1.462
168.62,3.0,4.0,3.0,1.0,37.0,8.0,0.0,0.0,0.0,0.0,0.0,0.0,0.0,0.0,0.0,0.0,0.0,0.0,0.0,0.0,0.0,0.0,0.0,0.0,0.0,Super Built up,high,new,Imperia The Esfera,gurgaon,1.666
146.6,2.0,3.0,3.0,1.0,37.0,8.0,0.0,0.0,0.0,0.0,0.0,0.0,0.0,0.0,0.0,0.0,0.0,0.0,0.0,0.0,0.0,0.0,0.0,0.0,0.0,Super Built up,high,new,Imperia The Esfera,gurgaon,1.4449999999999998
185.62,4.0,3.0,3.0,1.0,37.0,11.0,0.0,0.0,0.0,0.0,0.0,0.0,0.0,0.0,0.0,0.0,0.0,0.0,0.0,0.0,0.0,0.0,0.0,0.0,0.0,Super Built up,high,new,BPTP Terra,gurgaon,3.043
168.25,3.0,3.0,3.0,1.0,37.0,11.0,0.0,0.0,0.0,0.0,0.0,0.0,0.0,0.0,0.0,0.0,0.0,0.0,0.0,0.0,0.0,0.0,0.0,0.0,0.0,Super Built up,high,new,BPTP Terra,gurgaon,2.55
203.55,4.0,3.0,3.0,1.0,37.0,11.0,0.0,0.0,0.0,0.0,0.0,0.0,0.0,0.0,0.0,0.0,0.0,0.0,0.0,0.0,0.0,0.0,0.0,0.0,0.0,Super Built up,high,new,BPTP Terra,gurgaon,3.009
168.25,3.0,3.0,3.0,1.0,37.0,11.0,0.0,0.0,0.0,0.0,0.0,0.0,0.0,0.0,0.0,0.0,0.0,0.0,0.0,0.0,0.0,0.0,0.0,0.0,0.0,Super Built up,high,new,BPTP Terra,gurgaon,2.55
170.2,3.0,3.0,3.0,1.0,37.0,11.0,0.0,0.0,0.0,0.0,0.0,0.0,0.0,0.0,0.0,0.0,0.0,0.0,0.0,0.0,0.0,0.0,0.0,0.0,0.0,Super Built up,high,new,BPTP Terra,gurgaon,2.533
203.55,4.0,3.0,3.0,1.0,37.0,11.0,0.0,0.0,0.0,0.0,0.0,0.0,0.0,0.0,0.0,0.0,0.0,0.0,0.0,0.0,0.0,0.0,0.0,0.0,0.0,Super Built up,high,new,BPTP Terra,gurgaon,3.06
155.24,2.0,2.0,2.0,0.0,85.0,13.0,0.0,0.0,0.0,0.0,0.0,0.0,0.0,0.0,0.0,0.0,0.0,0.0,0.0,0.0,0.0,0.0,0.0,0.0,0.0,Super Built up,high,new,SS The Leaf,gurgaon,1.802
164.62,2.0,2.0,3.0,0.0,85.0,13.0,0.0,0.0,0.0,0.0,0.0,0.0,0.0,0.0,0.0,0.0,0.0,0.0,0.0,0.0,0.0,0.0,0.0,0.0,0.0,Super Built up,high,new,SS The Leaf,gurgaon,1.938
54.16,2.0,2.0,1.0,1.0,84.0,15.0,0.0,0.0,0.0,0.0,0.0,0.0,0.0,0.0,0.0,0.0,0.0,0.0,0.0,0.0,0.0,0.0,0.0,0.0,0.0,Super Built up,high,new,Pivotal Devaan,gurgaon,0.612
44.87,2.0,2.0,1.0,1.0,84.0,15.0,0.0,0.0,0.0,0.0,0.0,0.0,0.0,0.0,0.0,0.0,0.0,0.0,0.0,0.0,0.0,0.0,0.0,0.0,0.0,Carpet,low,new,Pivotal Devaan,gurgaon,0.5780000000000001
54.16,2.0,2.0,1.0,1.0,84.0,15.0,0.0,0.0,0.0,0.0,0.0,0.0,0.0,0.0,0.0,0.0,0.0,0.0,0.0,0.0,0.0,0.0,0.0,0.0,0.0,Super Built up,low,new,Pivotal Devaan,gurgaon,0.5780000000000001
54.16,2.0,2.0,1.0,1.0,84.0,15.0,0.0,0.0,0.0,0.0,0.0,0.0,0.0,0.0,0.0,0.0,0.0,0.0,0.0,0.0,0.0,0.0,0.0,0.0,0.0,Super Built up,high,new,Pivotal Devaan,gurgaon,0.595
152.36,2.0,2.0,3.0,0.0,85.0,13.0,0.0,0.0,0.0,0.0,0.0,0.0,0.0,0.0,0.0,0.0,0.0,0.0,0.0,0.0,0.0,0.0,0.0,0.0,0.0,Super Built up,high,new,SS The Leaf,gurgaon,1.785
204.39,3.0,3.0,2.0,0.0,49.0,14.0,0.0,0.0,0.0,0.0,0.0,0.0,3.0,0.0,0.0,0.0,0.0,0.0,0.0,0.0,0.0,0.0,0.0,0.0,0.0,Carpet,low,old,Vatika City,gurgaon,2.924
181.16,3.0,5.0,3.0,1.0,70.0,15.0,0.0,0.0,0.0,0.0,0.0,0.0,0.0,0.0,0.0,0.0,0.0,0.0,0.0,0.0,0.0,0.0,0.0,0.0,0.0,Super Built up,high,new,Shree Vardhman Victoria,gurgaon,2.635
181.16,3.0,5.0,3.0,1.0,70.0,15.0,0.0,0.0,0.0,0.0,0.0,0.0,0.0,0.0,0.0,0.0,0.0,0.0,0.0,0.0,0.0,0.0,0.0,0.0,0.0,Super Built up,mid,new,Shree Vardhman Victoria,gurgaon,2.55
199.74,4.0,4.0,3.0,1.0,56.0,46.0,1.0,0.0,0.0,0.0,0.0,0.0,14.0,0.0,0.0,0.0,3.0,0.0,0.0,0.0,0.0,1.0,0.0,0.0,0.0,Super Built up,mid,new,The Lions CGHS,gurgaon,3.4849999999999994
227.61,3.0,2.0,3.0,1.0,56.0,47.0,1.0,0.0,0.0,0.0,0.0,0.0,14.0,0.0,0.0,0.0,4.0,0.0,0.0,0.0,0.0,1.0,0.0,0.0,0.0,Super Built up,mid,new,Mariners Home,gurgaon,3.587
217.67,3.0,4.0,2.0,1.0,108.0,13.0,0.0,0.0,0.0,0.0,0.0,0.0,0.0,0.0,0.0,0.0,0.0,0.0,0.0,0.0,0.0,0.0,0.0,0.0,0.0,Super Built up,high,new,Sobha City,gurgaon,6.715
140.1,2.0,2.0,3.0,1.0,62.0,11.0,0.0,0.0,0.0,0.0,0.0,0.0,0.0,0.0,0.0,0.0,0.0,0.0,0.0,0.0,0.0,0.0,0.0,0.0,0.0,Super Built up,high,new,Emaar Digihomes,gurgaon,3.57
312.43,3.0,3.0,3.0,1.0,65.0,9.0,0.0,0.0,0.0,0.0,0.0,0.0,0.0,0.0,0.0,0.0,0.0,0.0,0.0,0.0,0.0,0.0,0.0,0.0,0.0,Super Built up,high,old,M3M Golfestate,gurgaon,10.455
312.43,3.0,3.0,3.0,1.0,65.0,9.0,0.0,0.0,0.0,0.0,0.0,0.0,0.0,0.0,0.0,0.0,0.0,0.0,0.0,0.0,0.0,0.0,0.0,0.0,0.0,Super Built up,high,old,M3M Golfestate,gurgaon,10.37
167.13,3.0,3.0,3.0,1.0,82.0,7.0,0.0,0.0,0.0,0.0,0.0,0.0,0.0,0.0,0.0,0.0,0.0,0.0,0.0,0.0,0.0,0.0,0.0,0.0,0.0,Super Built up,mid,new,DLF The Primus,gurgaon,2.703
185.81,3.0,4.0,3.0,1.0,77.0,10.0,0.0,0.0,0.0,0.0,0.0,0.0,0.0,0.0,0.0,0.0,0.0,0.0,0.0,0.0,0.0,0.0,0.0,0.0,0.0,Super Built up,mid,new,Emaar MGF Palm Hills,gurgaon,1.836
188.13,3.0,4.0,3.0,1.0,77.0,10.0,0.0,0.0,0.0,0.0,0.0,0.0,0.0,0.0,0.0,0.0,0.0,0.0,0.0,0.0,0.0,0.0,0.0,0.0,0.0,Super Built up,mid,new,Emaar MGF Palm Hills,gurgaon,1.853
86.4,2.0,2.0,2.0,0.0,70.0,11.0,0.0,0.0,0.0,0.0,0.0,0.0,0.0,0.0,0.0,0.0,0.0,0.0,0.0,0.0,0.0,0.0,0.0,0.0,0.0,Super Built up,mid,new,AIPL Club Residences,gurgaon,1.4449999999999998
217.67,3.0,5.0,2.0,1.0,108.0,13.0,0.0,0.0,0.0,0.0,0.0,0.0,0.0,0.0,0.0,0.0,0.0,0.0,0.0,0.0,0.0,0.0,0.0,0.0,0.0,Super Built up,high,new,Sobha City,gurgaon,6.715
158.96,3.0,3.0,2.0,0.0,108.0,13.0,0.0,0.0,0.0,0.0,0.0,0.0,0.0,0.0,0.0,0.0,0.0,0.0,0.0,0.0,0.0,0.0,0.0,0.0,0.0,Super Built up,high,new,Sobha City,gurgaon,4.25
241.55,4.0,4.0,3.0,1.0,56.0,46.0,1.0,0.0,0.0,0.0,0.0,0.0,14.0,0.0,0.0,0.0,3.0,0.0,0.0,0.0,0.0,1.0,0.0,0.0,0.0,Super Built up,mid,new,The Lions CGHS,gurgaon,3.4849999999999994
278.71,4.0,4.0,3.0,1.0,56.0,46.0,1.0,0.0,0.0,0.0,0.0,0.0,14.0,0.0,0.0,0.0,3.0,0.0,0.0,0.0,0.0,1.0,0.0,0.0,0.0,Super Built up,low,new,Meditech Apartment,gurgaon,4.165
185.81,3.0,3.0,3.0,1.0,56.0,45.0,1.0,0.0,0.0,0.0,0.0,0.0,14.0,0.0,0.0,0.0,3.0,0.0,0.0,0.0,0.0,1.0,0.0,0.0,0.0,Super Built up,mid,new,Kiran Residency,gurgaon,2.55
176.52,3.0,3.0,3.0,1.0,52.0,47.0,1.0,0.0,0.0,0.0,0.0,0.0,13.0,0.0,0.0,0.0,4.0,0.0,0.0,0.0,0.0,1.0,0.0,0.0,0.0,Super Built up,mid,new,shree kirpalu gi sector 52,gurgaon,2.465
152.36,2.0,2.0,3.0,0.0,85.0,13.0,0.0,0.0,0.0,0.0,0.0,0.0,0.0,0.0,0.0,0.0,0.0,0.0,0.0,0.0,0.0,0.0,0.0,0.0,0.0,Super Built up,mid,new,SS The Leaf,gurgaon,2.04
153.29,3.0,3.0,3.0,1.0,65.0,6.0,0.0,0.0,0.0,0.0,0.0,0.0,0.0,0.0,0.0,0.0,0.0,0.0,0.0,0.0,0.0,0.0,0.0,0.0,0.0,Super Built up,low,new,Emaar MGF Emerald Floors Premier,gurgaon,4.08
198.07,3.0,3.0,2.0,1.0,81.0,9.0,0.0,0.0,0.0,0.0,0.0,0.0,0.0,0.0,0.0,0.0,0.0,0.0,0.0,0.0,0.0,0.0,0.0,0.0,0.0,Super Built up,high,new,DLF The Ultima,gurgaon,4.25
159.79,3.0,3.0,3.0,1.0,83.0,10.0,0.0,0.0,0.0,0.0,0.0,0.0,0.0,0.0,0.0,0.0,0.0,0.0,0.0,0.0,0.0,0.0,0.0,0.0,0.0,Super Built up,mid,new,Emaar Palm Gardens,gurgaon,2.635
176.52,3.0,3.0,3.0,1.0,83.0,10.0,0.0,0.0,0.0,0.0,0.0,0.0,0.0,0.0,0.0,0.0,0.0,0.0,0.0,0.0,0.0,0.0,0.0,0.0,0.0,Super Built up,mid,new,Emaar Palm Gardens,gurgaon,2.992
176.52,3.0,3.0,3.0,1.0,83.0,10.0,0.0,0.0,0.0,0.0,0.0,0.0,0.0,0.0,0.0,0.0,0.0,0.0,0.0,0.0,0.0,0.0,0.0,0.0,0.0,Super Built up,mid,new,Emaar Palm Gardens,gurgaon,2.992
210.15,3.0,4.0,2.0,1.0,80.0,10.0,0.0,0.0,0.0,0.0,0.0,0.0,0.0,0.0,0.0,0.0,0.0,0.0,0.0,0.0,0.0,0.0,0.0,0.0,0.0,Super Built up,high,old,Godrej Frontier,gurgaon,2.38
179.12,3.0,3.0,3.0,1.0,80.0,10.0,0.0,0.0,0.0,0.0,0.0,0.0,0.0,0.0,0.0,0.0,0.0,0.0,0.0,0.0,0.0,0.0,0.0,0.0,0.0,Super Built up,high,old,Godrej Frontier,gurgaon,1.87
198.07,3.0,3.0,2.0,1.0,81.0,9.0,0.0,0.0,0.0,0.0,0.0,0.0,0.0,0.0,0.0,0.0,0.0,0.0,0.0,0.0,0.0,0.0,0.0,0.0,0.0,Super Built up,high,new,DLF The Ultima,gurgaon,4.165
201.04,3.0,4.0,1.0,1.0,58.0,13.0,0.0,0.0,0.0,0.0,0.0,0.0,0.0,0.0,0.0,0.0,0.0,0.0,0.0,0.0,0.0,0.0,0.0,0.0,0.0,Super Built up,high,old,Ireo The Grand Arch,gurgaon,6.46
216.37,3.0,4.0,3.0,1.0,54.0,15.0,0.0,0.0,0.0,0.0,0.0,0.0,0.0,1.0,0.0,0.0,0.0,0.0,0.0,0.0,0.0,0.0,0.0,0.0,0.0,Super Built up,high,new,DLF Park Place,gurgaon,9.775
378.3,4.0,5.0,3.0,1.0,54.0,9.0,0.0,0.0,0.0,0.0,0.0,0.0,0.0,0.0,0.0,0.0,0.0,0.0,0.0,0.0,0.0,0.0,0.0,0.0,0.0,Super Built up,high,old,DLF The Belaire,gurgaon,17.0
249.44,3.0,4.0,3.0,1.0,,11.0,0.0,0.0,0.0,0.0,0.0,0.0,0.0,0.0,0.0,0.0,0.0,0.0,0.0,0.0,0.0,0.0,0.0,0.0,0.0,Super Built up,high,new,Suncity Platinum Towers,gurgaon,10.54
176.52,3.0,3.0,3.0,1.0,83.0,10.0,0.0,0.0,0.0,0.0,0.0,0.0,0.0,0.0,0.0,0.0,0.0,0.0,0.0,0.0,0.0,0.0,0.0,0.0,0.0,Super Built up,mid,new,Emaar Palm Gardens,gurgaon,2.975
198.07,3.0,3.0,2.0,1.0,81.0,9.0,0.0,0.0,0.0,0.0,0.0,0.0,0.0,0.0,0.0,0.0,0.0,0.0,0.0,0.0,0.0,0.0,0.0,0.0,0.0,Super Built up,high,new,DLF The Ultima,gurgaon,4.08
176.52,3.0,3.0,3.0,1.0,83.0,10.0,0.0,0.0,0.0,0.0,0.0,0.0,0.0,0.0,0.0,0.0,0.0,0.0,0.0,0.0,0.0,0.0,0.0,0.0,0.0,Super Built up,mid,new,Emaar Palm Gardens,gurgaon,2.975
210.15,3.0,4.0,2.0,1.0,80.0,10.0,0.0,0.0,0.0,0.0,0.0,0.0,0.0,0.0,0.0,0.0,0.0,0.0,0.0,0.0,0.0,0.0,0.0,0.0,0.0,Super Built up,mid,old,Godrej Frontier,gurgaon,2.38
4270.38,2.0,2.0,1.0,1.0,95.0,3.0,0.0,0.0,0.0,0.0,0.0,0.0,0.0,0.0,0.0,0.0,0.0,0.0,0.0,0.0,0.0,0.0,0.0,0.0,0.0,Carpet,high,new,Ramsons Kshitij,gurgaon,0.408
29.84,1.0,1.0,1.0,0.0,95.0,3.0,0.0,0.0,0.0,0.0,0.0,0.0,0.0,0.0,0.0,0.0,0.0,0.0,0.0,0.0,0.0,0.0,0.0,0.0,0.0,Carpet,high,new,Ramsons Kshitij,gurgaon,0.306
56479.1,2.0,2.0,1.0,1.0,95.0,5.0,0.0,0.0,0.0,0.0,0.0,0.0,0.0,0.0,0.0,0.0,0.0,0.0,0.0,0.0,0.0,0.0,0.0,0.0,0.0,Carpet,low,new,Ramsons Kshitij,gurgaon,0.527
51.0196,2.0,2.0,1.0,0.0,95.0,14.0,0.0,0.0,0.0,0.0,0.0,0.0,0.0,0.0,0.0,0.0,0.0,0.0,0.0,0.0,0.0,0.0,0.0,0.0,0.0,Carpet,high,new,ROF Ananda,gurgaon,0.561
598.4069999999999,3.0,2.0,1.0,0.0,95.0,14.0,0.0,0.0,0.0,0.0,0.0,0.0,0.0,0.0,0.0,0.0,0.0,0.0,0.0,0.0,0.0,0.0,0.0,0.0,0.0,Carpet,high,new,ROF Ananda,gurgaon,0.646
319.596,1.0,1.0,1.0,0.0,95.0,14.0,0.0,0.0,0.0,0.0,0.0,0.0,0.0,0.0,0.0,0.0,0.0,0.0,0.0,0.0,0.0,0.0,0.0,0.0,0.0,Carpet,high,new,ROF Ananda,gurgaon,0.357
3.401,1.0,1.0,1.0,0.0,95.0,14.0,0.0,0.0,0.0,0.0,0.0,0.0,0.0,0.0,0.0,0.0,0.0,0.0,0.0,0.0,0.0,0.0,0.0,0.0,0.0,Carpet,high,new,ROF Ananda,gurgaon,0.34
150.5,3.0,3.0,3.0,1.0,71.0,15.0,0.0,0.0,0.0,0.0,0.0,0.0,0.0,0.0,0.0,0.0,0.0,0.0,0.0,0.0,0.0,0.0,0.0,0.0,0.0,Super Built up,mid,new,CHD Avenue 71,gurgaon,2.04
112.88,2.0,2.0,3.0,0.0,102.0,13.0,0.0,0.0,0.0,0.0,0.0,0.0,0.0,0.0,0.0,0.0,0.0,0.0,0.0,0.0,0.0,0.0,0.0,0.0,0.0,Super Built up,mid,new,Shapoorji Pallonji Joyville Gurugram,gurgaon,2.142
166.3,3.0,3.0,3.0,1.0,103.0,15.0,0.0,0.0,0.0,0.0,0.0,0.0,0.0,0.0,0.0,0.0,0.0,0.0,0.0,0.0,0.0,0.0,0.0,0.0,0.0,Super Built up,high,new,Indiabulls Centrum Park,gurgaon,2.278
292.64,4.0,4.0,3.0,1.0,104.0,13.0,0.0,0.0,0.0,0.0,0.0,0.0,0.0,0.0,0.0,0.0,0.0,0.0,0.0,0.0,0.0,0.0,0.0,0.0,0.0,Super Built up,high,new,ATS Triumph,gurgaon,4.25
274.06,4.0,5.0,3.0,1.0,111.0,10.0,0.0,0.0,0.0,0.0,0.0,0.0,0.0,0.0,0.0,0.0,0.0,0.0,0.0,0.0,0.0,0.0,0.0,0.0,0.0,Super Built up,high,new,Puri Diplomatic Greens,gurgaon,6.29
139.35,3.0,2.0,2.0,0.0,1.0,11.0,0.0,0.0,0.0,0.0,0.0,0.0,0.0,0.0,0.0,0.0,0.0,0.0,0.0,0.0,0.0,0.0,0.0,0.0,0.0,Super Built up,mid,old,HSIIDC Sidco Shivalik Apartments,gurgaon,1.02
319.03,4.0,4.0,3.0,1.0,84.0,10.0,0.0,0.0,0.0,0.0,0.0,0.0,0.0,0.0,0.0,0.0,0.0,0.0,0.0,0.0,0.0,0.0,0.0,0.0,0.0,Super Built up,high,new,Alpha Corp GurgaonOne 84,gurgaon,3.74
278.71,4.0,6.0,3.0,1.0,54.0,9.0,0.0,0.0,0.0,0.0,0.0,0.0,0.0,0.0,0.0,0.0,0.0,0.0,0.0,0.0,0.0,0.0,0.0,0.0,0.0,Super Built up,high,old,DLF The Belaire,gurgaon,11.9
292.64,4.0,4.0,3.0,1.0,104.0,13.0,0.0,0.0,0.0,0.0,0.0,0.0,0.0,0.0,0.0,0.0,0.0,0.0,0.0,0.0,0.0,0.0,0.0,0.0,0.0,Super Built up,high,new,ATS Triumph,gurgaon,4.42
281.03,3.0,4.0,3.0,1.0,59.0,15.0,0.0,0.0,0.0,0.0,0.0,0.0,0.0,0.0,0.0,0.0,0.0,0.0,0.0,0.0,0.0,0.0,0.0,0.0,0.0,Carpet,high,new,Mahindra Luminare,gurgaon,9.86
181.16,3.0,3.0,3.0,1.0,70.0,15.0,0.0,0.0,0.0,0.0,0.0,0.0,0.0,0.0,0.0,0.0,0.0,0.0,0.0,0.0,0.0,0.0,0.0,0.0,0.0,Super Built up,high,new,Shree Vardhman Victoria,gurgaon,3.06
132.29,2.0,2.0,2.0,0.0,74.0,7.0,0.0,0.0,0.0,0.0,0.0,0.0,0.0,0.0,0.0,0.0,0.0,0.0,0.0,0.0,0.0,0.0,0.0,0.0,0.0,Super Built up,high,new,M3M Skywalk,gurgaon,2.38
261.24,4.0,4.0,3.0,1.0,85.0,13.0,0.0,0.0,0.0,0.0,0.0,0.0,0.0,0.0,0.0,0.0,0.0,0.0,0.0,0.0,0.0,0.0,0.0,0.0,0.0,Super Built up,mid,new,SS The Leaf,gurgaon,3.4849999999999994
161.74,2.0,3.0,3.0,1.0,85.0,13.0,0.0,0.0,0.0,0.0,0.0,0.0,0.0,0.0,0.0,0.0,0.0,0.0,0.0,0.0,0.0,0.0,0.0,0.0,0.0,Super Built up,high,new,SS The Leaf,gurgaon,1.989
179.21,3.0,3.0,1.0,1.0,86.0,10.0,0.0,0.0,0.0,0.0,0.0,0.0,0.0,0.0,0.0,0.0,0.0,0.0,0.0,0.0,0.0,0.0,0.0,0.0,0.0,Super Built up,high,new,DLF The Skycourt,gurgaon,2.686
158.12,3.0,3.0,3.0,1.0,90.0,14.0,0.0,0.0,0.0,0.0,2.0,0.0,0.0,0.0,0.0,0.0,0.0,0.0,0.0,0.0,0.0,0.0,0.0,0.0,0.0,Super Built up,high,new,DLF Regal Gardens,gurgaon,2.125
59.84,3.0,2.0,1.0,1.0,95.0,14.0,0.0,0.0,0.0,0.0,0.0,0.0,0.0,0.0,0.0,0.0,0.0,0.0,0.0,0.0,0.0,0.0,0.0,0.0,0.0,Carpet,mid,new,ROF Ananda,gurgaon,0.629
59.84,3.0,2.0,1.0,1.0,95.0,14.0,0.0,0.0,0.0,0.0,0.0,0.0,0.0,0.0,0.0,0.0,0.0,0.0,0.0,0.0,0.0,0.0,0.0,0.0,0.0,Carpet,low,new,ROF Ananda,gurgaon,0.646
51.02,2.0,2.0,1.0,1.0,95.0,14.0,0.0,0.0,0.0,0.0,0.0,0.0,0.0,0.0,0.0,0.0,0.0,0.0,0.0,0.0,0.0,0.0,0.0,0.0,0.0,Carpet,high,new,ROF Ananda,gurgaon,0.544
51.02,2.0,2.0,1.0,1.0,95.0,14.0,0.0,0.0,0.0,0.0,0.0,0.0,0.0,0.0,0.0,0.0,0.0,0.0,0.0,0.0,0.0,0.0,0.0,0.0,0.0,Carpet,high,new,ROF Ananda,gurgaon,0.544
34.01,1.0,1.0,1.0,1.0,95.0,14.0,0.0,0.0,0.0,0.0,0.0,0.0,0.0,0.0,0.0,0.0,0.0,0.0,0.0,0.0,0.0,0.0,0.0,0.0,0.0,Carpet,high,new,ROF Ananda,gurgaon,0.34
34.01,1.0,1.0,1.0,1.0,95.0,14.0,0.0,0.0,0.0,0.0,0.0,0.0,0.0,0.0,0.0,0.0,0.0,0.0,0.0,0.0,0.0,0.0,0.0,0.0,0.0,Carpet,low,new,ROF Ananda,gurgaon,0.34
213.68,3.0,5.0,3.0,1.0,82.0,10.0,0.0,0.0,0.0,0.0,0.0,0.0,0.0,0.0,0.0,0.0,0.0,0.0,0.0,0.0,0.0,0.0,0.0,0.0,0.0,Super Built up,high,new,Mapsko Royale Ville,gurgaon,2.074
178.19,3.0,3.0,3.0,1.0,84.0,10.0,0.0,0.0,0.0,0.0,0.0,0.0,0.0,0.0,0.0,0.0,0.0,0.0,0.0,0.0,0.0,0.0,0.0,0.0,0.0,Super Built up,mid,new,Spaze Privy AT4,gurgaon,2.295
59.37,2.0,2.0,1.0,0.0,71.0,15.0,0.0,0.0,0.0,0.0,0.0,0.0,0.0,0.0,0.0,0.0,0.0,0.0,0.0,0.0,0.0,0.0,0.0,0.0,0.0,Super Built up,mid,new,Signature Andour Heights,gurgaon,0.935
194.17,4.0,4.0,2.0,1.0,92.0,8.0,0.0,0.0,0.0,0.0,0.0,0.0,0.0,0.0,0.0,0.0,0.0,0.0,0.0,0.0,0.0,0.0,0.0,0.0,0.0,Carpet,high,new,Sare Homes,gurgaon,1.904
191.1,4.0,4.0,3.0,1.0,92.0,8.0,0.0,0.0,0.0,0.0,0.0,0.0,0.0,0.0,0.0,0.0,0.0,0.0,0.0,0.0,0.0,0.0,0.0,0.0,0.0,Carpet,mid,new,Sare Homes,gurgaon,1.87
120.59,3.0,3.0,2.0,1.0,92.0,8.0,0.0,0.0,0.0,0.0,0.0,0.0,0.0,0.0,0.0,0.0,0.0,0.0,0.0,0.0,0.0,0.0,0.0,0.0,0.0,Carpet,high,new,Sare Homes,gurgaon,1.156
211.82,4.0,3.0,3.0,1.0,92.0,8.0,0.0,0.0,0.0,0.0,0.0,0.0,0.0,0.0,0.0,0.0,0.0,0.0,0.0,0.0,0.0,0.0,0.0,0.0,0.0,Carpet,high,new,Sare Homes,gurgaon,2.023
58.71,2.0,2.0,1.0,1.0,102.0,12.0,0.0,0.0,0.0,0.0,0.0,0.0,0.0,0.0,0.0,0.0,0.0,0.0,0.0,0.0,0.0,0.0,0.0,0.0,0.0,Super Built up,mid,new,Suncity Avenue 102,gurgaon,0.816
292.64,4.0,4.0,3.0,1.0,109.0,15.0,0.0,0.0,0.0,0.0,0.0,0.0,0.0,0.0,0.0,0.0,0.0,0.0,0.0,0.0,0.0,0.0,0.0,0.0,0.0,Built Up,mid,new,ATS Kocoon,gurgaon,5.015000000000001
145.39,2.0,2.0,3.0,1.0,,10.0,0.0,0.0,0.0,0.0,0.0,0.0,0.0,0.0,0.0,0.0,0.0,0.0,0.0,0.0,0.0,0.0,0.0,0.0,0.0,Super Built up,high,old,Bestech Park View Residency,gurgaon,1.666
178.37,3.0,4.0,3.0,1.0,,10.0,0.0,0.0,0.0,0.0,0.0,0.0,0.0,0.0,0.0,0.0,0.0,0.0,0.0,0.0,0.0,0.0,0.0,0.0,0.0,Super Built up,high,old,Bestech Park View Residency,gurgaon,2.635
131.46,2.0,2.0,3.0,0.0,,10.0,0.0,0.0,0.0,0.0,0.0,0.0,0.0,0.0,0.0,0.0,0.0,0.0,0.0,0.0,0.0,0.0,0.0,0.0,0.0,Super Built up,high,old,Bestech Park View Residency,gurgaon,1.717
178.37,3.0,4.0,3.0,1.0,,10.0,0.0,0.0,0.0,0.0,0.0,0.0,0.0,0.0,0.0,0.0,0.0,0.0,0.0,0.0,0.0,0.0,0.0,0.0,0.0,Super Built up,high,old,Bestech Park View Residency,gurgaon,2.567
165.37,3.0,3.0,3.0,0.0,,10.0,0.0,0.0,0.0,0.0,0.0,0.0,0.0,0.0,0.0,0.0,0.0,0.0,0.0,0.0,0.0,0.0,0.0,0.0,0.0,Super Built up,high,old,Bestech Park View Residency,gurgaon,2.38
178.37,3.0,4.0,3.0,1.0,,10.0,0.0,0.0,0.0,0.0,0.0,0.0,0.0,0.0,0.0,0.0,0.0,0.0,0.0,0.0,0.0,0.0,0.0,0.0,0.0,Super Built up,high,old,Bestech Park View Residency,gurgaon,2.703
60.48,1.0,2.0,2.0,0.0,,10.0,0.0,0.0,0.0,0.0,0.0,0.0,0.0,0.0,0.0,0.0,0.0,0.0,0.0,0.0,0.0,0.0,0.0,0.0,0.0,Carpet,mid,old,Bestech Park View Residency,gurgaon,0.952
199.65,3.0,4.0,3.0,1.0,102.0,15.0,0.0,0.0,0.0,0.0,0.0,0.0,0.0,0.0,0.0,0.0,0.0,0.0,0.0,0.0,0.0,0.0,0.0,0.0,0.0,Super Built up,high,new,Conscient Heritage Max,gurgaon,3.4
153.29,3.0,4.0,3.0,1.0,102.0,10.0,0.0,0.0,0.0,0.0,0.0,0.0,0.0,0.0,0.0,0.0,0.0,0.0,0.0,0.0,0.0,0.0,0.0,0.0,0.0,Super Built up,high,new,Emaar Gurgaon Greens,gurgaon,2.295
253.35,3.0,3.0,3.0,1.0,102.0,10.0,0.0,0.0,0.0,0.0,0.0,0.0,0.0,0.0,0.0,0.0,0.0,0.0,0.0,0.0,0.0,0.0,0.0,0.0,0.0,Super Built up,low,new,BPTP Amstoria,gurgaon,3.23
180.42,3.0,4.0,3.0,1.0,102.0,15.0,0.0,0.0,0.0,0.0,0.0,0.0,0.0,0.0,0.0,0.0,0.0,0.0,0.0,0.0,0.0,0.0,0.0,0.0,0.0,Super Built up,high,new,Conscient Heritage Max,gurgaon,2.89
163.51,3.0,3.0,3.0,1.0,106.0,11.0,0.0,0.0,0.0,0.0,0.0,0.0,0.0,0.0,0.0,0.0,0.0,0.0,0.0,0.0,0.0,0.0,0.0,0.0,0.0,Super Built up,high,new,Paras Dews,gurgaon,1.955
175.59,3.0,3.0,3.0,0.0,84.0,13.0,0.0,0.0,0.0,0.0,0.0,0.0,0.0,0.0,0.0,0.0,0.0,0.0,0.0,0.0,0.0,0.0,0.0,0.0,0.0,Super Built up,high,old,SS The Coralwood,gurgaon,1.87
153.29,3.0,3.0,3.0,1.0,102.0,10.0,0.0,0.0,0.0,0.0,0.0,0.0,0.0,0.0,0.0,0.0,0.0,0.0,0.0,0.0,0.0,0.0,0.0,0.0,0.0,Super Built up,mid,new,Emaar Gurgaon Greens,gurgaon,2.21
266.07,4.0,5.0,3.0,1.0,58.0,13.0,0.0,0.0,0.0,0.0,0.0,0.0,0.0,0.0,0.0,0.0,0.0,0.0,0.0,0.0,0.0,0.0,0.0,0.0,0.0,Carpet,high,new,Ireo The Grand Arch,gurgaon,8.245
127.74,2.0,2.0,1.0,1.0,58.0,13.0,0.0,0.0,0.0,0.0,0.0,0.0,0.0,0.0,0.0,0.0,0.0,0.0,0.0,0.0,0.0,0.0,0.0,0.0,0.0,Carpet,mid,new,Ireo The Grand Arch,gurgaon,3.74
163.32,3.0,3.0,3.0,1.0,108.0,9.0,0.0,0.0,0.0,0.0,0.0,0.0,0.0,0.0,0.0,0.0,0.0,0.0,0.0,0.0,0.0,0.0,0.0,0.0,0.0,Super Built up,low,new,Experion The Heartsong,gurgaon,2.125
186.08,3.0,3.0,3.0,1.0,108.0,9.0,0.0,0.0,0.0,0.0,0.0,0.0,0.0,0.0,0.0,0.0,0.0,0.0,0.0,0.0,0.0,0.0,0.0,0.0,0.0,Super Built up,mid,new,Experion The Heartsong,gurgaon,2.635
172.06,3.0,3.0,3.0,1.0,102.0,13.0,0.0,0.0,0.0,0.0,0.0,0.0,0.0,0.0,0.0,0.0,0.0,0.0,0.0,0.0,0.0,0.0,0.0,0.0,0.0,Super Built up,high,new,Shapoorji Pallonji Joyville Gurugram,gurgaon,3.23
185.34,3.0,4.0,3.0,1.0,92.0,11.0,0.0,0.0,0.0,0.0,0.0,0.0,0.0,0.0,0.0,0.0,0.0,0.0,0.0,0.0,0.0,0.0,0.0,0.0,0.0,Super Built up,high,new,Bestech Park View Sanskruti,gurgaon,2.72
195.1,4.0,5.0,3.0,1.0,66.0,14.0,0.0,0.0,0.0,0.0,0.0,0.0,0.0,0.0,0.0,0.0,0.0,0.0,0.0,0.0,0.0,0.0,0.0,0.0,0.0,Super Built up,high,new,Emaar MGF The Palm Drive,gurgaon,5.1
127.74,2.0,2.0,2.0,0.0,58.0,13.0,0.0,0.0,0.0,0.0,0.0,0.0,0.0,0.0,0.0,0.0,0.0,0.0,0.0,0.0,0.0,0.0,0.0,0.0,0.0,Super Built up,mid,new,Ireo The Grand Arch,gurgaon,3.74
450.39,4.0,6.0,3.0,1.0,112.0,8.0,0.0,0.0,0.0,0.0,0.0,0.0,0.0,0.0,0.0,0.0,0.0,0.0,0.0,0.0,0.0,0.0,0.0,0.0,0.0,Super Built up,high,new,Experion Windchants,gurgaon,8.84
165.09,3.0,4.0,3.0,1.0,4.0,47.0,0.0,0.0,0.0,0.0,0.0,0.0,10.0,0.0,0.0,0.0,2.0,0.0,0.0,0.0,0.0,0.0,0.0,0.0,2.0,Super Built up,high,old,DLF Regency Park 2,gurgaon,3.995
183.48,4.0,4.0,3.0,1.0,65.0,6.0,0.0,0.0,0.0,0.0,0.0,0.0,0.0,0.0,0.0,0.0,0.0,0.0,0.0,0.0,0.0,0.0,0.0,0.0,0.0,Carpet,low,new,Emaar MGF Emerald Floors Premier,gurgaon,4.709
153.29,3.0,3.0,3.0,1.0,65.0,6.0,0.0,0.0,0.0,0.0,0.0,0.0,0.0,0.0,0.0,0.0,0.0,0.0,0.0,0.0,0.0,0.0,0.0,0.0,0.0,Carpet,mid,new,Emaar MGF Emerald Floors Premier,gurgaon,4.59
153.29,3.0,3.0,3.0,1.0,65.0,6.0,0.0,0.0,0.0,0.0,0.0,0.0,0.0,0.0,0.0,0.0,0.0,0.0,0.0,0.0,0.0,0.0,0.0,0.0,0.0,Carpet,low,new,Emaar MGF Emerald Floors Premier,gurgaon,3.995
183.48,4.0,4.0,3.0,1.0,65.0,6.0,0.0,0.0,0.0,0.0,0.0,0.0,0.0,0.0,0.0,0.0,0.0,0.0,0.0,0.0,0.0,0.0,0.0,0.0,0.0,Carpet,low,new,Emaar MGF Emerald Floors Premier,gurgaon,4.743
153.29,3.0,4.0,3.0,1.0,65.0,6.0,0.0,0.0,0.0,0.0,0.0,0.0,0.0,0.0,0.0,0.0,0.0,0.0,0.0,0.0,0.0,0.0,0.0,0.0,0.0,Carpet,low,new,Emaar MGF Emerald Floors Premier,gurgaon,3.91
222.97,3.0,4.0,3.0,1.0,56.0,47.0,1.0,0.0,0.0,0.0,0.0,0.0,13.0,0.0,0.0,0.0,4.0,0.0,0.0,0.0,0.0,1.0,0.0,0.0,0.0,Super Built up,high,old,The Lions CGHS,gurgaon,3.57
120.77,3.0,2.0,2.0,1.0,56.0,47.0,1.0,0.0,0.0,0.0,0.0,0.0,13.0,0.0,0.0,0.0,4.0,0.0,0.0,0.0,0.0,1.0,0.0,0.0,0.0,Super Built up,low,old,Rail Vihar CGHS,gurgaon,2.295
227.61,3.0,4.0,3.0,1.0,104.0,13.0,0.0,0.0,0.0,0.0,0.0,0.0,0.0,0.0,0.0,0.0,0.0,0.0,0.0,0.0,0.0,0.0,0.0,0.0,0.0,Super Built up,high,new,Puri Emerald Bay,gurgaon,3.791
244.43,4.0,4.0,3.0,1.0,108.0,9.0,0.0,0.0,0.0,0.0,0.0,0.0,0.0,0.0,0.0,0.0,0.0,0.0,0.0,0.0,0.0,0.0,0.0,0.0,0.0,Built Up,low,new,Experion The Heartsong,gurgaon,3.536
163.32,3.0,3.0,3.0,1.0,108.0,9.0,0.0,0.0,0.0,0.0,0.0,0.0,0.0,0.0,0.0,0.0,0.0,0.0,0.0,0.0,0.0,0.0,0.0,0.0,0.0,Super Built up,mid,new,Experion The Heartsong,gurgaon,2.21
58.71,2.0,2.0,1.0,1.0,102.0,12.0,0.0,0.0,0.0,0.0,0.0,0.0,0.0,0.0,0.0,0.0,0.0,0.0,0.0,0.0,0.0,0.0,0.0,0.0,0.0,Super Built up,mid,new,Suncity Avenue 102,gurgaon,0.816
158.96,3.0,3.0,3.0,1.0,108.0,13.0,0.0,0.0,0.0,0.0,0.0,0.0,0.0,0.0,0.0,0.0,0.0,0.0,0.0,0.0,0.0,0.0,0.0,0.0,0.0,Built Up,high,new,Sobha City,gurgaon,3.961
225.75,3.0,3.0,3.0,1.0,48.0,45.0,0.0,0.0,0.0,0.0,0.0,0.0,10.0,0.0,0.0,0.0,0.0,0.0,0.0,0.0,0.0,0.0,1.0,0.0,0.0,Super Built up,mid,old,Parsvnath Green Ville,gurgaon,2.975
177.44,3.0,3.0,3.0,1.0,48.0,44.0,0.0,0.0,0.0,0.0,0.0,0.0,1.0,0.0,0.0,0.0,0.0,0.0,0.0,0.0,0.0,0.0,0.0,0.0,0.0,Super Built up,high,old,Parsvnath Green Ville,gurgaon,2.72
158.59,3.0,3.0,3.0,0.0,48.0,44.0,0.0,0.0,0.0,0.0,0.0,0.0,1.0,0.0,0.0,0.0,0.0,0.0,0.0,0.0,0.0,0.0,0.0,0.0,0.0,Super Built up,low,old,Parsvnath Green Ville,gurgaon,2.55
167.69,3.0,3.0,3.0,1.0,49.0,13.0,0.0,0.0,0.0,0.0,0.0,0.0,0.0,2.0,0.0,0.0,0.0,0.0,0.0,0.0,0.0,0.0,0.0,0.0,0.0,Super Built up,low,old,Orchid Petals,gurgaon,3.23
260.13,4.0,5.0,3.0,1.0,60.0,7.0,0.0,0.0,0.0,0.0,0.0,0.0,0.0,0.0,0.0,0.0,0.0,0.0,0.0,0.0,0.0,0.0,0.0,0.0,0.0,Super Built up,high,new,Ireo Skyon,gurgaon,6.29
260.13,4.0,5.0,3.0,1.0,60.0,7.0,0.0,0.0,0.0,0.0,0.0,0.0,0.0,0.0,0.0,0.0,0.0,0.0,0.0,0.0,0.0,0.0,0.0,0.0,0.0,Super Built up,high,new,Ireo Skyon,gurgaon,6.375
219.07,3.0,4.0,3.0,1.0,67.0,10.0,0.0,0.0,0.0,0.0,0.0,0.0,0.0,0.0,0.0,0.0,0.0,0.0,0.0,0.0,0.0,0.0,0.0,0.0,0.0,Super Built up,high,new,M3M Merlin,gurgaon,5.779999999999999
194.63,3.0,4.0,3.0,1.0,109.0,15.0,0.0,0.0,0.0,0.0,0.0,0.0,0.0,0.0,0.0,0.0,0.0,0.0,0.0,0.0,0.0,0.0,0.0,0.0,0.0,Super Built up,high,new,ATS Kocoon,gurgaon,3.74
115.66,2.0,2.0,2.0,1.0,83.0,10.0,0.0,0.0,0.0,0.0,0.0,0.0,0.0,0.0,0.0,0.0,0.0,0.0,0.0,0.0,0.0,0.0,0.0,0.0,0.0,Super Built up,high,new,Vatika Gurgaon 21,gurgaon,1.4109999999999998
153.29,3.0,3.0,3.0,1.0,102.0,10.0,0.0,0.0,0.0,0.0,0.0,0.0,0.0,0.0,0.0,0.0,0.0,0.0,0.0,0.0,0.0,0.0,0.0,0.0,0.0,Super Built up,mid,new,Emaar Gurgaon Greens,gurgaon,2.465
169.73,3.0,3.0,3.0,0.0,102.0,13.0,0.0,0.0,0.0,0.0,0.0,0.0,0.0,0.0,0.0,0.0,0.0,0.0,0.0,0.0,0.0,0.0,0.0,0.0,0.0,Super Built up,low,new,Shapoorji Pallonji Joyville Gurugram,gurgaon,3.009
85.01,2.0,2.0,2.0,0.0,102.0,13.0,0.0,0.0,0.0,0.0,0.0,0.0,0.0,0.0,0.0,0.0,0.0,0.0,0.0,0.0,0.0,0.0,0.0,0.0,0.0,Super Built up,high,new,Shapoorji Pallonji Joyville Gurugram,gurgaon,1.649
241.36,3.0,3.0,3.0,1.0,102.0,11.0,0.0,0.0,0.0,0.0,0.0,0.0,0.0,0.0,0.0,0.0,0.0,0.0,0.0,0.0,0.0,0.0,0.0,0.0,0.0,Super Built up,high,new,Adani M2K Oyster Grande,gurgaon,3.995
175.49,3.0,4.0,3.0,1.0,102.0,11.0,0.0,0.0,0.0,0.0,0.0,0.0,0.0,0.0,0.0,0.0,0.0,0.0,0.0,0.0,0.0,0.0,0.0,0.0,0.0,Super Built up,high,new,Adani M2K Oyster Grande,gurgaon,3.23
46.54,2.0,2.0,1.0,1.0,86.0,9.0,0.0,0.0,0.0,0.0,0.0,0.0,0.0,0.0,0.0,0.0,0.0,0.0,0.0,0.0,0.0,0.0,0.0,0.0,0.0,Carpet,mid,new,Pyramid Urban Homes 2,gurgaon,0.731
181.16,3.0,5.0,3.0,1.0,70.0,15.0,0.0,0.0,0.0,0.0,0.0,0.0,0.0,0.0,0.0,0.0,0.0,0.0,0.0,0.0,0.0,0.0,0.0,0.0,0.0,Super Built up,high,new,Shree Vardhman Victoria,gurgaon,2.754
223.71,3.0,4.0,3.0,1.0,85.0,13.0,0.0,0.0,0.0,0.0,0.0,0.0,0.0,0.0,0.0,0.0,0.0,0.0,0.0,0.0,0.0,0.0,0.0,0.0,0.0,Super Built up,mid,new,SS The Leaf,gurgaon,3.281
223.71,3.0,4.0,3.0,1.0,85.0,13.0,0.0,0.0,0.0,0.0,0.0,0.0,0.0,0.0,0.0,0.0,0.0,0.0,0.0,0.0,0.0,0.0,0.0,0.0,0.0,Super Built up,high,new,SS The Leaf,gurgaon,3.383
125.42,2.0,2.0,3.0,1.0,70.0,15.0,0.0,0.0,0.0,0.0,0.0,0.0,0.0,0.0,0.0,0.0,0.0,0.0,0.0,0.0,0.0,0.0,0.0,0.0,0.0,Super Built up,low,new,Shree Vardhman Victoria,gurgaon,2.091
181.16,3.0,5.0,3.0,1.0,70.0,15.0,0.0,0.0,0.0,0.0,0.0,0.0,0.0,0.0,0.0,0.0,0.0,0.0,0.0,0.0,0.0,0.0,0.0,0.0,0.0,Super Built up,high,new,Shree Vardhman Victoria,gurgaon,2.771
181.16,3.0,5.0,3.0,1.0,70.0,15.0,0.0,0.0,0.0,0.0,0.0,0.0,0.0,0.0,0.0,0.0,0.0,0.0,0.0,0.0,0.0,0.0,0.0,0.0,0.0,Super Built up,low,new,Shree Vardhman Victoria,gurgaon,2.788
125.42,2.0,2.0,3.0,1.0,70.0,15.0,0.0,0.0,0.0,0.0,0.0,0.0,0.0,0.0,0.0,0.0,0.0,0.0,0.0,0.0,0.0,0.0,0.0,0.0,0.0,Super Built up,low,new,Shree Vardhman Victoria,gurgaon,2.125
283.82,4.0,4.0,3.0,1.0,109.0,11.0,0.0,0.0,0.0,0.0,0.0,0.0,0.0,0.0,0.0,3.0,0.0,0.0,0.0,0.0,0.0,0.0,0.0,0.0,0.0,Super Built up,high,new,SBTL Caladium,gurgaon,3.23
174.66,3.0,2.0,2.0,0.0,109.0,11.0,0.0,0.0,0.0,0.0,0.0,0.0,0.0,0.0,0.0,3.0,0.0,0.0,0.0,0.0,0.0,0.0,0.0,0.0,0.0,Super Built up,high,new,SBTL Caladium,gurgaon,2.04
236.44,3.0,3.0,2.0,1.0,109.0,11.0,0.0,0.0,0.0,0.0,0.0,0.0,0.0,0.0,0.0,3.0,0.0,0.0,0.0,0.0,0.0,0.0,0.0,0.0,0.0,Super Built up,high,new,SBTL Caladium,gurgaon,2.771
162.02,3.0,3.0,2.0,1.0,90.0,14.0,0.0,0.0,0.0,0.0,2.0,0.0,0.0,0.0,0.0,0.0,0.0,0.0,0.0,0.0,0.0,0.0,0.0,0.0,0.0,Super Built up,high,new,DLF Regal Gardens,gurgaon,2.091
46.54,2.0,2.0,1.0,1.0,86.0,9.0,0.0,0.0,0.0,0.0,0.0,0.0,0.0,0.0,0.0,0.0,0.0,0.0,0.0,0.0,0.0,0.0,0.0,0.0,0.0,Carpet,mid,new,Pyramid Urban Homes 2,gurgaon,0.731
152.36,2.0,2.0,3.0,1.0,85.0,13.0,0.0,0.0,0.0,0.0,0.0,0.0,0.0,0.0,0.0,0.0,0.0,0.0,0.0,0.0,0.0,0.0,0.0,0.0,0.0,Super Built up,high,new,SS The Leaf,gurgaon,1.819
237.83,4.0,5.0,3.0,1.0,85.0,15.0,0.0,0.0,0.0,0.0,0.0,0.0,0.0,0.0,0.0,0.0,0.0,0.0,0.0,0.0,0.0,0.0,0.0,0.0,0.0,Super Built up,high,new,Orris Aster Court Premier,gurgaon,2.941
196.95,3.0,4.0,2.0,1.0,85.0,15.0,0.0,0.0,0.0,0.0,0.0,0.0,0.0,0.0,0.0,0.0,0.0,0.0,0.0,0.0,0.0,0.0,0.0,0.0,0.0,Super Built up,low,new,Orris Aster Court Premier,gurgaon,2.465
167.13,3.0,3.0,3.0,1.0,82.0,7.0,0.0,0.0,0.0,0.0,0.0,0.0,0.0,0.0,0.0,0.0,0.0,0.0,0.0,0.0,0.0,0.0,0.0,0.0,0.0,Super Built up,high,old,DLF The Primus,gurgaon,3.1790000000000003
168.9,3.0,3.0,3.0,1.0,82.0,7.0,0.0,0.0,0.0,0.0,0.0,0.0,0.0,0.0,0.0,0.0,0.0,0.0,0.0,0.0,0.0,0.0,0.0,0.0,0.0,Super Built up,high,old,DLF The Primus,gurgaon,3.145
205.78,4.0,4.0,3.0,1.0,90.0,14.0,0.0,0.0,0.0,0.0,2.0,0.0,0.0,0.0,0.0,0.0,0.0,0.0,0.0,0.0,0.0,0.0,0.0,0.0,0.0,Super Built up,low,new,DLF Regal Gardens,gurgaon,2.975
137.5,2.0,2.0,3.0,1.0,86.0,10.0,0.0,0.0,0.0,0.0,0.0,0.0,0.0,0.0,0.0,0.0,0.0,0.0,0.0,0.0,0.0,0.0,0.0,0.0,0.0,Super Built up,high,new,Microtek Greenburg,gurgaon,2.091
137.5,2.0,2.0,3.0,1.0,86.0,10.0,0.0,0.0,0.0,0.0,0.0,0.0,0.0,0.0,0.0,0.0,0.0,0.0,0.0,0.0,0.0,0.0,0.0,0.0,0.0,Super Built up,high,old,Microtek Greenburg,gurgaon,2.125
450.39,4.0,6.0,3.0,1.0,112.0,8.0,0.0,0.0,0.0,0.0,0.0,0.0,0.0,0.0,0.0,0.0,0.0,0.0,0.0,0.0,0.0,0.0,0.0,0.0,0.0,Super Built up,high,new,Experion Windchants,gurgaon,9.52
168.15,3.0,3.0,3.0,1.0,81.0,9.0,0.0,0.0,0.0,0.0,0.0,0.0,0.0,0.0,0.0,0.0,0.0,0.0,0.0,0.0,0.0,0.0,0.0,0.0,0.0,Super Built up,high,new,Bestech Park View Ananda,gurgaon,2.465
239.32,4.0,4.0,3.0,1.0,82.0,7.0,0.0,0.0,0.0,0.0,0.0,0.0,0.0,0.0,0.0,0.0,0.0,0.0,0.0,0.0,0.0,0.0,0.0,0.0,0.0,Super Built up,high,old,DLF The Primus,gurgaon,4.59
46.54,2.0,2.0,1.0,1.0,86.0,9.0,0.0,0.0,0.0,0.0,0.0,0.0,0.0,0.0,0.0,0.0,0.0,0.0,0.0,0.0,0.0,0.0,0.0,0.0,0.0,Carpet,low,new,Pyramid Urban Homes 2,gurgaon,0.714
259.39,4.0,4.0,3.0,1.0,81.0,9.0,0.0,0.0,0.0,0.0,0.0,0.0,0.0,0.0,0.0,0.0,0.0,0.0,0.0,0.0,0.0,0.0,0.0,0.0,0.0,Super Built up,high,old,DLF The Ultima,gurgaon,5.865
255.76,4.0,4.0,3.0,1.0,81.0,9.0,0.0,0.0,0.0,0.0,0.0,0.0,0.0,0.0,0.0,0.0,0.0,0.0,0.0,0.0,0.0,0.0,0.0,0.0,0.0,Super Built up,high,old,DLF The Ultima,gurgaon,5.525
85.94,2.0,2.0,1.0,0.0,37.0,4.0,0.0,0.0,0.0,0.0,0.0,0.0,0.0,1.0,0.0,0.0,0.0,0.0,0.0,0.0,0.0,0.0,0.0,0.0,0.0,Super Built up,mid,new,Apex Our Homes,gurgaon,0.595
85.94,2.0,2.0,1.0,0.0,37.0,4.0,0.0,0.0,0.0,0.0,0.0,0.0,0.0,1.0,0.0,0.0,0.0,0.0,0.0,0.0,0.0,0.0,0.0,0.0,0.0,Super Built up,low,new,Apex Our Homes,gurgaon,0.561
167.23,3.0,3.0,3.0,0.0,37.0,10.0,0.0,0.0,0.0,0.0,0.0,0.0,0.0,0.0,0.0,0.0,0.0,0.0,0.0,0.0,0.0,0.0,0.0,0.0,0.0,Super Built up,mid,new,Ramprastha Primera,gurgaon,1.87
167.23,3.0,3.0,3.0,0.0,37.0,10.0,0.0,0.0,0.0,0.0,0.0,0.0,0.0,0.0,0.0,0.0,0.0,0.0,0.0,0.0,0.0,0.0,0.0,0.0,0.0,Super Built up,high,new,Ramprastha Primera,gurgaon,1.836
168.25,3.0,3.0,3.0,0.0,37.0,11.0,0.0,0.0,0.0,0.0,0.0,0.0,0.0,0.0,0.0,0.0,0.0,0.0,0.0,0.0,0.0,0.0,0.0,0.0,0.0,Super Built up,mid,new,BPTP Terra,gurgaon,2.38
203.55,4.0,3.0,3.0,0.0,37.0,11.0,0.0,0.0,0.0,0.0,0.0,0.0,0.0,0.0,0.0,0.0,0.0,0.0,0.0,0.0,0.0,0.0,0.0,0.0,0.0,Super Built up,mid,new,BPTP Terra,gurgaon,2.805
203.55,4.0,4.0,3.0,0.0,37.0,11.0,0.0,0.0,0.0,0.0,0.0,0.0,0.0,0.0,0.0,0.0,0.0,0.0,0.0,0.0,0.0,0.0,0.0,0.0,0.0,Super Built up,high,new,BPTP Terra,gurgaon,2.839
168.25,3.0,3.0,3.0,0.0,37.0,11.0,0.0,0.0,0.0,0.0,0.0,0.0,0.0,0.0,0.0,0.0,0.0,0.0,0.0,0.0,0.0,0.0,0.0,0.0,0.0,Super Built up,high,new,BPTP Terra,gurgaon,2.465
241.36,3.0,3.0,3.0,1.0,102.0,11.0,0.0,0.0,0.0,0.0,0.0,0.0,0.0,0.0,0.0,0.0,0.0,0.0,0.0,0.0,0.0,0.0,0.0,0.0,0.0,Super Built up,high,new,Adani M2K Oyster Grande,gurgaon,4.436999999999999
157.47,3.0,3.0,3.0,1.0,103.0,15.0,0.0,0.0,0.0,0.0,0.0,0.0,0.0,0.0,0.0,0.0,0.0,0.0,0.0,0.0,0.0,0.0,0.0,0.0,0.0,Super Built up,mid,new,Indiabulls Centrum Park,gurgaon,2.244
153.29,3.0,3.0,3.0,1.0,102.0,10.0,0.0,0.0,0.0,0.0,0.0,0.0,0.0,0.0,0.0,0.0,0.0,0.0,0.0,0.0,0.0,0.0,0.0,0.0,0.0,Super Built up,high,new,Emaar Gurgaon Greens,gurgaon,2.465
4534.69,1.0,1.0,2.0,1.0,,7.0,0.0,0.0,0.0,0.0,0.0,0.0,0.0,0.0,0.0,0.0,0.0,0.0,0.0,0.0,0.0,0.0,0.0,0.0,0.0,Carpet,low,new,Signature The Serenas,gurgaon,0.476
11.743,2.0,2.0,3.0,1.0,,7.0,0.0,0.0,0.0,0.0,0.0,0.0,0.0,0.0,0.0,0.0,0.0,0.0,0.0,0.0,0.0,0.0,0.0,0.0,0.0,Super Built up,mid,new,Eldeco Accolade,gurgaon,1.241
135.36,2.0,2.0,3.0,1.0,,7.0,0.0,0.0,0.0,0.0,0.0,0.0,0.0,0.0,0.0,0.0,0.0,0.0,0.0,0.0,0.0,0.0,0.0,0.0,0.0,Super Built up,high,new,Eldeco Accolade,gurgaon,1.224
117.43,2.0,2.0,3.0,1.0,,7.0,0.0,0.0,0.0,0.0,0.0,0.0,0.0,0.0,0.0,0.0,0.0,0.0,0.0,0.0,0.0,0.0,0.0,0.0,0.0,Super Built up,high,new,Eldeco Accolade,gurgaon,1.122
133.69,3.0,3.0,3.0,1.0,,8.0,1.0,0.0,0.0,0.0,0.0,0.0,0.0,2.0,0.0,1.0,1.0,0.0,0.0,0.0,0.0,0.0,0.0,0.0,0.0,Carpet,low,new,Signature Global Park,gurgaon,1.53
112.41,3.0,3.0,3.0,1.0,,8.0,1.0,0.0,0.0,0.0,0.0,0.0,0.0,2.0,0.0,1.0,1.0,0.0,0.0,0.0,0.0,0.0,0.0,0.0,0.0,Carpet,low,new,Signature Global Park,gurgaon,1.326
107.12,3.0,3.0,3.0,1.0,,8.0,1.0,0.0,0.0,0.0,0.0,0.0,0.0,2.0,0.0,1.0,1.0,0.0,0.0,0.0,0.0,0.0,0.0,0.0,0.0,Carpet,low,new,Signature Global Park,gurgaon,1.19
78.5,2.0,2.0,2.0,1.0,,8.0,1.0,0.0,0.0,0.0,0.0,0.0,0.0,2.0,0.0,1.0,1.0,0.0,0.0,0.0,0.0,0.0,0.0,0.0,0.0,Carpet,low,new,Signature Global Park,gurgaon,0.901
76.37,2.0,2.0,2.0,1.0,,8.0,1.0,0.0,0.0,0.0,0.0,0.0,0.0,2.0,0.0,1.0,1.0,0.0,0.0,0.0,0.0,0.0,0.0,0.0,0.0,Carpet,low,new,Signature Global Park,gurgaon,0.884
133.69,3.0,3.0,3.0,1.0,,8.0,1.0,0.0,0.0,0.0,0.0,0.0,0.0,2.0,0.0,1.0,1.0,0.0,0.0,0.0,0.0,0.0,0.0,0.0,0.0,Carpet,low,new,Signature Global Park,gurgaon,1.53
76.37,2.0,2.0,2.0,1.0,,8.0,1.0,0.0,0.0,0.0,0.0,0.0,0.0,2.0,0.0,1.0,1.0,0.0,0.0,0.0,0.0,0.0,0.0,0.0,0.0,Carpet,low,new,Signature Global Park,gurgaon,0.884
161.19,3.0,4.0,3.0,0.0,37.0,13.0,0.0,0.0,0.0,0.0,0.0,0.0,0.0,1.0,0.0,0.0,0.0,0.0,0.0,0.0,0.0,0.0,0.0,0.0,0.0,Super Built up,high,new,Corona Optus,gurgaon,2.04
163.97,3.0,4.0,3.0,0.0,37.0,13.0,0.0,0.0,0.0,0.0,0.0,0.0,0.0,1.0,0.0,0.0,0.0,0.0,0.0,0.0,0.0,0.0,0.0,0.0,0.0,Super Built up,mid,new,Corona Optus,gurgaon,2.074
184.88,3.0,3.0,3.0,1.0,37.0,13.0,0.0,0.0,0.0,0.0,0.0,0.0,0.0,1.0,0.0,0.0,0.0,0.0,0.0,0.0,0.0,0.0,0.0,0.0,0.0,Super Built up,mid,new,Corona Optus,gurgaon,2.38
117.89,2.0,2.0,3.0,1.0,,7.0,0.0,0.0,0.0,0.0,0.0,0.0,0.0,0.0,0.0,0.0,0.0,0.0,0.0,0.0,0.0,0.0,0.0,0.0,0.0,Super Built up,high,new,Eldeco Accolade,gurgaon,1.241
135.36,2.0,2.0,3.0,1.0,,7.0,0.0,0.0,0.0,0.0,0.0,0.0,0.0,0.0,0.0,0.0,0.0,0.0,0.0,0.0,0.0,0.0,0.0,0.0,0.0,Super Built up,high,new,Eldeco Accolade,gurgaon,1.224
117.43,2.0,2.0,3.0,0.0,,7.0,0.0,0.0,0.0,0.0,0.0,0.0,0.0,0.0,0.0,0.0,0.0,0.0,0.0,0.0,0.0,0.0,0.0,0.0,0.0,Carpet,high,new,Eldeco Accolade,gurgaon,1.224
112.41,2.0,2.0,3.0,1.0,,8.0,1.0,0.0,0.0,0.0,0.0,0.0,0.0,2.0,0.0,1.0,1.0,0.0,0.0,0.0,0.0,0.0,0.0,0.0,0.0,Super Built up,low,new,Signature Global Park,gurgaon,1.224
78.5,2.0,2.0,2.0,1.0,,8.0,1.0,0.0,0.0,0.0,0.0,0.0,0.0,2.0,0.0,1.0,1.0,0.0,0.0,0.0,0.0,0.0,0.0,0.0,0.0,Carpet,mid,new,Signature Global Park,gurgaon,0.918
112.41,2.0,2.0,3.0,1.0,,8.0,1.0,0.0,0.0,0.0,0.0,0.0,0.0,2.0,0.0,1.0,1.0,0.0,0.0,0.0,0.0,0.0,0.0,0.0,0.0,Super Built up,mid,new,Signature Global Park,gurgaon,1.139
112.41,3.0,3.0,3.0,1.0,,8.0,1.0,0.0,0.0,0.0,0.0,0.0,0.0,2.0,0.0,1.0,1.0,0.0,0.0,0.0,0.0,0.0,0.0,0.0,0.0,Carpet,low,new,Signature Global Park,gurgaon,1.326
107.12,2.0,2.0,2.0,1.0,,8.0,1.0,0.0,0.0,0.0,0.0,0.0,0.0,2.0,0.0,1.0,1.0,0.0,0.0,0.0,0.0,0.0,0.0,0.0,0.0,Super Built up,low,new,Signature Global Park,gurgaon,1.105
274.06,4.0,5.0,3.0,1.0,111.0,10.0,0.0,0.0,0.0,0.0,0.0,0.0,0.0,0.0,0.0,0.0,0.0,0.0,0.0,0.0,0.0,0.0,0.0,0.0,0.0,Super Built up,high,new,Puri Diplomatic Greens,gurgaon,5.95
346.62,4.0,4.0,3.0,1.0,66.0,15.0,0.0,0.0,0.0,0.0,0.0,0.0,0.0,1.0,0.0,0.0,0.0,0.0,0.0,0.0,0.0,0.0,0.0,0.0,0.0,Super Built up,high,new,Ireo Uptown,gurgaon,8.245
253.35,4.0,4.0,3.0,1.0,90.0,6.0,0.0,0.0,0.0,0.0,0.0,0.0,0.0,0.0,0.0,0.0,0.0,0.0,0.0,0.0,0.0,0.0,0.0,0.0,0.0,Super Built up,high,new,DLF New Town Heights 1,gurgaon,3.23
185.53,3.0,5.0,3.0,1.0,99.0,15.0,0.0,0.0,0.0,0.0,0.0,0.0,0.0,0.0,0.0,0.0,0.0,0.0,0.0,0.0,0.0,0.0,0.0,0.0,0.0,Super Built up,mid,new,Pareena Coban Residences,gurgaon,2.652
269.88,4.0,5.0,3.0,1.0,72.0,10.0,0.0,0.0,0.0,0.0,0.0,0.0,0.0,1.0,0.0,0.0,0.0,0.0,0.0,0.0,0.0,0.0,0.0,0.0,0.0,Super Built up,high,new,Tata Primanti,gurgaon,6.8
190.17,3.0,3.0,3.0,1.0,67.0,10.0,0.0,0.0,0.0,0.0,0.0,0.0,0.0,0.0,0.0,0.0,0.0,0.0,0.0,0.0,0.0,0.0,0.0,0.0,0.0,Super Built up,mid,new,M3M Merlin,gurgaon,5.1
199.28,3.0,3.0,3.0,1.0,72.0,10.0,0.0,0.0,0.0,0.0,0.0,0.0,0.0,1.0,0.0,0.0,0.0,0.0,0.0,0.0,0.0,0.0,0.0,0.0,0.0,Super Built up,high,new,Tata Primanti,gurgaon,5.609999999999999
178.37,3.0,4.0,2.0,1.0,66.0,14.0,0.0,0.0,0.0,0.0,0.0,0.0,0.0,0.0,0.0,0.0,0.0,0.0,0.0,0.0,0.0,0.0,0.0,0.0,0.0,Super Built up,high,new,Emaar MGF The Enclave,gurgaon,3.57
178.37,3.0,4.0,2.0,1.0,66.0,14.0,0.0,0.0,0.0,0.0,0.0,0.0,0.0,0.0,0.0,0.0,0.0,0.0,0.0,0.0,0.0,0.0,0.0,0.0,0.0,Super Built up,high,new,Emaar MGF The Enclave,gurgaon,3.23
170.66,3.0,2.0,3.0,1.0,66.0,15.0,0.0,0.0,0.0,0.0,0.0,0.0,0.0,1.0,0.0,0.0,0.0,0.0,0.0,0.0,0.0,0.0,0.0,0.0,0.0,Super Built up,mid,new,Ireo Uptown,gurgaon,4.08
130.06,2.0,2.0,3.0,1.0,74.0,7.0,0.0,0.0,0.0,0.0,0.0,0.0,0.0,0.0,0.0,0.0,0.0,0.0,0.0,0.0,0.0,0.0,0.0,0.0,0.0,Super Built up,mid,new,M3M Skywalk,gurgaon,2.584
130.06,2.0,2.0,3.0,1.0,74.0,7.0,0.0,0.0,0.0,0.0,0.0,0.0,0.0,0.0,0.0,0.0,0.0,0.0,0.0,0.0,0.0,0.0,0.0,0.0,0.0,Super Built up,high,new,M3M Skywalk,gurgaon,2.516
247.12,3.0,4.0,3.0,1.0,81.0,9.0,0.0,0.0,0.0,0.0,0.0,0.0,0.0,0.0,0.0,0.0,0.0,0.0,0.0,0.0,0.0,0.0,0.0,0.0,0.0,Super Built up,high,new,Bestech Park View Grand Spa,gurgaon,3.893
201.04,3.0,4.0,3.0,1.0,58.0,13.0,0.0,0.0,0.0,0.0,0.0,0.0,0.0,0.0,0.0,0.0,0.0,0.0,0.0,0.0,0.0,0.0,0.0,0.0,0.0,Super Built up,mid,old,Ireo The Grand Arch,gurgaon,6.8
315.87,4.0,5.0,3.0,1.0,110.0,15.0,0.0,0.0,0.0,0.0,0.0,0.0,0.0,0.0,0.0,0.0,0.0,0.0,0.0,0.0,0.0,0.0,0.0,0.0,0.0,Super Built up,mid,new,Indiabulls Enigma,gurgaon,6.12
132.85,3.0,3.0,2.0,0.0,,11.0,0.0,0.0,0.0,0.0,0.0,0.0,0.0,0.0,0.0,0.0,0.0,0.0,0.0,0.0,0.0,0.0,0.0,0.0,0.0,Super Built up,low,new,Suncity Vatsal Valley,gurgaon,2.346
194.63,3.0,4.0,3.0,1.0,109.0,15.0,0.0,0.0,0.0,0.0,0.0,0.0,0.0,0.0,0.0,0.0,0.0,0.0,0.0,0.0,0.0,0.0,0.0,0.0,0.0,Super Built up,high,new,ATS Kocoon,gurgaon,3.74
360.46,5.0,5.0,3.0,1.0,110.0,15.0,0.0,0.0,0.0,0.0,0.0,0.0,0.0,0.0,0.0,0.0,0.0,0.0,0.0,0.0,0.0,0.0,0.0,0.0,0.0,Super Built up,mid,new,Indiabulls Enigma,gurgaon,7.633
315.87,4.0,5.0,3.0,1.0,110.0,15.0,0.0,0.0,0.0,0.0,0.0,0.0,0.0,0.0,0.0,0.0,0.0,0.0,0.0,0.0,0.0,0.0,0.0,0.0,0.0,Super Built up,mid,new,Indiabulls Enigma,gurgaon,5.933
315.87,4.0,5.0,3.0,1.0,110.0,15.0,0.0,0.0,0.0,0.0,0.0,0.0,0.0,0.0,0.0,0.0,0.0,0.0,0.0,0.0,0.0,0.0,0.0,0.0,0.0,Super Built up,mid,new,Indiabulls Enigma,gurgaon,6.29
153.29,3.0,3.0,3.0,1.0,102.0,10.0,0.0,0.0,0.0,0.0,0.0,0.0,0.0,0.0,0.0,0.0,0.0,0.0,0.0,0.0,0.0,0.0,0.0,0.0,0.0,Super Built up,mid,new,Emaar Gurgaon Greens,gurgaon,2.414
296.55,4.0,4.0,3.0,1.0,67.0,11.0,0.0,0.0,0.0,0.0,0.0,0.0,0.0,0.0,0.0,0.0,0.0,0.0,0.0,0.0,0.0,0.0,0.0,0.0,0.0,Super Built up,high,new,Ireo Victory Valley,gurgaon,7.649999999999999
212.75,3.0,3.0,3.0,1.0,104.0,13.0,0.0,0.0,0.0,0.0,0.0,0.0,0.0,0.0,0.0,0.0,0.0,0.0,0.0,0.0,0.0,0.0,0.0,0.0,0.0,Super Built up,high,new,ATS Triumph,gurgaon,3.145
292.64,4.0,4.0,3.0,1.0,104.0,13.0,0.0,0.0,0.0,0.0,0.0,0.0,0.0,0.0,0.0,0.0,0.0,0.0,0.0,0.0,0.0,0.0,0.0,0.0,0.0,Super Built up,high,new,ATS Triumph,gurgaon,4.454
165.83,3.0,3.0,3.0,0.0,83.0,10.0,0.0,0.0,0.0,0.0,0.0,0.0,0.0,0.0,0.0,0.0,0.0,0.0,0.0,0.0,0.0,0.0,0.0,0.0,0.0,Super Built up,mid,new,Vatika Gurgaon 21,gurgaon,1.87
144.84,2.0,2.0,3.0,1.0,79.0,10.0,0.0,0.0,0.0,0.0,0.0,0.0,0.0,0.0,0.0,0.0,0.0,0.0,0.0,0.0,0.0,0.0,0.0,0.0,0.0,Super Built up,mid,new,Godrej 101,gurgaon,2.261
146.04,2.0,2.0,3.0,1.0,79.0,10.0,0.0,0.0,0.0,0.0,0.0,0.0,0.0,0.0,0.0,0.0,0.0,0.0,0.0,0.0,0.0,0.0,0.0,0.0,0.0,Super Built up,low,new,Godrej 101,gurgaon,2.278
128.48,2.0,2.0,3.0,0.0,79.0,10.0,0.0,0.0,0.0,0.0,0.0,0.0,0.0,0.0,0.0,0.0,0.0,0.0,0.0,0.0,0.0,0.0,0.0,0.0,0.0,Super Built up,mid,new,Godrej 101,gurgaon,2.006
134.24,2.0,2.0,3.0,0.0,83.0,10.0,0.0,0.0,0.0,0.0,0.0,0.0,0.0,0.0,0.0,0.0,0.0,0.0,0.0,0.0,0.0,0.0,0.0,0.0,0.0,Super Built up,mid,new,Vatika Gurgaon 21,gurgaon,1.615
134.24,2.0,2.0,3.0,0.0,83.0,10.0,0.0,0.0,0.0,0.0,0.0,0.0,0.0,0.0,0.0,0.0,0.0,0.0,0.0,0.0,0.0,0.0,0.0,0.0,0.0,Super Built up,mid,new,Vatika Gurgaon 21,gurgaon,1.666
163.51,3.0,4.0,3.0,1.0,106.0,11.0,0.0,0.0,0.0,0.0,0.0,0.0,0.0,0.0,0.0,0.0,0.0,0.0,0.0,0.0,0.0,0.0,0.0,0.0,0.0,Super Built up,high,new,Paras Dews,gurgaon,1.955
123.19,3.0,2.0,3.0,1.0,69.0,42.0,0.0,0.0,0.0,0.0,0.0,0.0,10.0,0.0,0.0,0.0,0.0,0.0,0.0,0.0,0.0,0.0,1.0,0.0,0.0,Carpet,mid,new,Tulip White,gurgaon,1.53
292.64,4.0,4.0,3.0,1.0,104.0,13.0,0.0,0.0,0.0,0.0,0.0,0.0,0.0,0.0,0.0,0.0,0.0,0.0,0.0,0.0,0.0,0.0,0.0,0.0,0.0,Super Built up,high,new,ATS Triumph,gurgaon,4.284
219.81,3.0,4.0,3.0,1.0,79.0,10.0,0.0,0.0,0.0,0.0,0.0,0.0,0.0,0.0,0.0,0.0,0.0,0.0,0.0,0.0,0.0,0.0,0.0,0.0,0.0,Super Built up,mid,new,Godrej 101,gurgaon,3.417
210.15,3.0,4.0,3.0,1.0,79.0,10.0,0.0,0.0,0.0,0.0,0.0,0.0,0.0,0.0,0.0,0.0,0.0,0.0,0.0,0.0,0.0,0.0,0.0,0.0,0.0,Super Built up,mid,new,Godrej 101,gurgaon,3.281
139.82,3.0,3.0,3.0,0.0,79.0,10.0,0.0,0.0,0.0,0.0,0.0,0.0,0.0,0.0,0.0,0.0,0.0,0.0,0.0,0.0,0.0,0.0,0.0,0.0,0.0,Super Built up,mid,new,Godrej 101,gurgaon,2.176
208.47,3.0,4.0,3.0,1.0,79.0,10.0,0.0,0.0,0.0,0.0,0.0,0.0,0.0,0.0,0.0,0.0,0.0,0.0,0.0,0.0,0.0,0.0,0.0,0.0,0.0,Super Built up,mid,new,Godrej 101,gurgaon,3.247
146.04,3.0,3.0,3.0,0.0,79.0,10.0,0.0,0.0,0.0,0.0,0.0,0.0,0.0,0.0,0.0,0.0,0.0,0.0,0.0,0.0,0.0,0.0,0.0,0.0,0.0,Super Built up,mid,new,Godrej 101,gurgaon,2.278
162.12,3.0,3.0,3.0,0.0,109.0,15.0,0.0,0.0,0.0,0.0,0.0,0.0,0.0,0.0,0.0,0.0,0.0,0.0,0.0,0.0,0.0,0.0,0.0,0.0,0.0,Super Built up,high,new,ATS Kocoon,gurgaon,2.89
204.39,3.0,3.0,3.0,1.0,66.0,14.0,0.0,0.0,0.0,0.0,0.0,0.0,0.0,0.0,0.0,0.0,0.0,0.0,0.0,0.0,0.0,0.0,0.0,0.0,0.0,Super Built up,mid,old,Emaar MGF The Palm Drive,gurgaon,5.95
216.0,4.0,3.0,3.0,1.0,92.0,11.0,0.0,0.0,0.0,0.0,0.0,0.0,0.0,0.0,0.0,0.0,0.0,0.0,0.0,0.0,0.0,0.0,0.0,0.0,0.0,Super Built up,high,new,Bestech Park View Sanskruti,gurgaon,3.111
134.43,3.0,4.0,3.0,1.0,90.0,6.0,0.0,0.0,0.0,0.0,0.0,0.0,0.0,0.0,0.0,0.0,0.0,0.0,0.0,0.0,0.0,0.0,0.0,0.0,0.0,Carpet,high,old,DLF New Town Heights 1,gurgaon,2.125
139.35,3.0,4.0,3.0,1.0,83.0,10.0,0.0,0.0,0.0,0.0,0.0,0.0,0.0,0.0,0.0,0.0,0.0,0.0,0.0,0.0,0.0,0.0,0.0,0.0,0.0,Carpet,mid,new,Emaar Palm Gardens,gurgaon,3.06
159.79,3.0,3.0,3.0,1.0,83.0,10.0,0.0,0.0,0.0,0.0,0.0,0.0,0.0,0.0,0.0,0.0,0.0,0.0,0.0,0.0,0.0,0.0,0.0,0.0,0.0,Super Built up,high,new,Emaar Palm Gardens,gurgaon,2.38
130.06,2.0,2.0,3.0,1.0,74.0,7.0,0.0,0.0,0.0,0.0,0.0,0.0,0.0,0.0,0.0,0.0,0.0,0.0,0.0,0.0,0.0,0.0,0.0,0.0,0.0,Super Built up,high,new,M3M Skywalk,gurgaon,2.618
227.61,3.0,4.0,3.0,1.0,53.0,10.0,0.0,0.0,0.0,0.0,0.0,0.0,0.0,0.0,0.0,0.0,0.0,0.0,0.0,0.0,0.0,0.0,0.0,0.0,0.0,Super Built up,mid,old,Vipul Belmonte,gurgaon,10.2
174.19,3.0,4.0,3.0,1.0,54.0,15.0,0.0,0.0,0.0,0.0,0.0,0.0,0.0,1.0,0.0,0.0,0.0,0.0,0.0,0.0,0.0,0.0,0.0,0.0,0.0,Super Built up,high,new,DLF Park Place,gurgaon,8.245
174.19,3.0,4.0,3.0,1.0,54.0,15.0,0.0,0.0,0.0,0.0,0.0,0.0,0.0,1.0,0.0,0.0,0.0,0.0,0.0,0.0,0.0,0.0,0.0,0.0,0.0,Super Built up,mid,new,DLF Park Place,gurgaon,8.262
228.91,3.0,3.0,3.0,1.0,48.0,9.0,0.0,0.0,0.0,0.0,0.0,0.0,0.0,0.0,0.0,0.0,0.0,0.0,0.0,0.0,0.0,0.0,0.0,0.0,0.0,Super Built up,high,old,Central Park Resorts,gurgaon,8.755
365.2,4.0,4.0,3.0,1.0,48.0,9.0,0.0,0.0,0.0,0.0,0.0,0.0,0.0,0.0,0.0,0.0,0.0,0.0,0.0,0.0,0.0,0.0,0.0,0.0,0.0,Super Built up,high,old,Central Park Resorts,gurgaon,15.81
165.0,3.0,4.0,2.0,1.0,48.0,15.0,0.0,0.0,0.0,0.0,0.0,0.0,0.0,0.0,0.0,0.0,0.0,0.0,0.0,0.0,0.0,0.0,0.0,0.0,0.0,Super Built up,mid,new,Bestech Park View City,gurgaon,3.026
130.06,3.0,3.0,3.0,1.0,49.0,14.0,0.0,0.0,0.0,0.0,0.0,0.0,3.0,0.0,0.0,0.0,0.0,0.0,0.0,0.0,0.0,0.0,0.0,0.0,0.0,Carpet,high,old,Vatika City,gurgaon,3.043
171.87,3.0,3.0,2.0,1.0,55.0,46.0,1.0,0.0,0.0,0.0,0.0,0.0,13.0,0.0,0.0,0.0,3.0,0.0,0.0,0.0,0.0,1.0,0.0,0.0,0.0,Super Built up,mid,old,Siddhi Vinayak Apartments,gurgaon,2.448
185.81,4.0,3.0,3.0,1.0,56.0,46.0,1.0,0.0,0.0,0.0,0.0,0.0,13.0,0.0,0.0,0.0,3.0,0.0,0.0,0.0,0.0,1.0,0.0,0.0,0.0,Super Built up,low,old,Madhur Jeevan Apartments,gurgaon,2.703
222.97,4.0,4.0,3.0,1.0,56.0,47.0,1.0,0.0,0.0,0.0,0.0,0.0,13.0,0.0,0.0,0.0,4.0,0.0,0.0,0.0,0.0,1.0,0.0,0.0,0.0,Super Built up,mid,old,The Lions CGHS,gurgaon,3.383
185.81,3.0,3.0,2.0,1.0,56.0,46.0,1.0,0.0,0.0,0.0,0.0,0.0,13.0,0.0,0.0,0.0,3.0,0.0,0.0,0.0,0.0,1.0,0.0,0.0,0.0,Super Built up,mid,old,Professors Enclave CGHS,gurgaon,2.618
171.87,3.0,2.0,3.0,1.0,56.0,44.0,1.0,0.0,0.0,0.0,0.0,0.0,14.0,0.0,0.0,0.0,3.0,0.0,0.0,0.0,0.0,1.0,0.0,0.0,0.0,Super Built up,mid,old,Guru Gram Haryana CGHS,gurgaon,2.363
227.61,3.0,3.0,3.0,1.0,56.0,47.0,1.0,0.0,0.0,0.0,0.0,0.0,13.0,0.0,0.0,0.0,4.0,0.0,0.0,0.0,0.0,1.0,0.0,0.0,0.0,Super Built up,low,old,Park View Apartment,gurgaon,2.958
112.88,2.0,2.0,3.0,0.0,102.0,13.0,0.0,0.0,0.0,0.0,0.0,0.0,0.0,0.0,0.0,0.0,0.0,0.0,0.0,0.0,0.0,0.0,0.0,0.0,0.0,Super Built up,high,new,Shapoorji Pallonji Joyville Gurugram,gurgaon,2.176
199.74,3.0,4.0,3.0,1.0,109.0,11.0,0.0,0.0,0.0,0.0,0.0,0.0,0.0,0.0,0.0,0.0,0.0,0.0,0.0,0.0,0.0,0.0,0.0,0.0,0.0,Super Built up,mid,new,ATS Tourmaline,gurgaon,2.924
162.58,3.0,3.0,3.0,0.0,109.0,11.0,0.0,0.0,0.0,0.0,0.0,0.0,0.0,0.0,0.0,0.0,0.0,0.0,0.0,0.0,0.0,0.0,0.0,0.0,0.0,Super Built up,mid,new,ATS Tourmaline,gurgaon,2.55
127.09,2.0,2.0,3.0,1.0,102.0,13.0,0.0,0.0,0.0,0.0,0.0,0.0,0.0,0.0,0.0,0.0,0.0,0.0,0.0,0.0,0.0,0.0,0.0,0.0,0.0,Super Built up,high,new,Shapoorji Pallonji Joyville Gurugram,gurgaon,2.397
195.1,3.0,3.0,2.0,1.0,,35.0,1.0,0.0,0.0,0.0,0.0,0.0,8.0,0.0,0.0,0.0,0.0,0.0,0.0,0.0,0.0,0.0,1.0,0.0,0.0,Super Built up,low,old,Empire estate,gurgaon,5.95
199.74,3.0,4.0,3.0,1.0,109.0,11.0,0.0,0.0,0.0,0.0,0.0,0.0,0.0,0.0,0.0,0.0,0.0,0.0,0.0,0.0,0.0,0.0,0.0,0.0,0.0,Super Built up,mid,new,ATS Tourmaline,gurgaon,2.55
199.74,3.0,4.0,3.0,1.0,109.0,11.0,0.0,0.0,0.0,0.0,0.0,0.0,0.0,0.0,0.0,0.0,0.0,0.0,0.0,0.0,0.0,0.0,0.0,0.0,0.0,Super Built up,mid,new,ATS Tourmaline,gurgaon,2.465
261.24,4.0,4.0,3.0,0.0,85.0,13.0,0.0,0.0,0.0,0.0,0.0,0.0,0.0,0.0,0.0,0.0,0.0,0.0,0.0,0.0,0.0,0.0,0.0,0.0,0.0,Super Built up,low,new,SS The Leaf,gurgaon,3.621
223.71,3.0,4.0,3.0,1.0,85.0,13.0,0.0,0.0,0.0,0.0,0.0,0.0,0.0,0.0,0.0,0.0,0.0,0.0,0.0,0.0,0.0,0.0,0.0,0.0,0.0,Super Built up,mid,new,SS The Leaf,gurgaon,3.4
261.24,4.0,4.0,3.0,1.0,85.0,13.0,0.0,0.0,0.0,0.0,0.0,0.0,0.0,0.0,0.0,0.0,0.0,0.0,0.0,0.0,0.0,0.0,0.0,0.0,0.0,Super Built up,mid,new,SS The Leaf,gurgaon,3.57
261.24,4.0,4.0,3.0,0.0,85.0,13.0,0.0,0.0,0.0,0.0,0.0,0.0,0.0,0.0,0.0,0.0,0.0,0.0,0.0,0.0,0.0,0.0,0.0,0.0,0.0,Super Built up,mid,new,SS The Leaf,gurgaon,3.621
161.74,2.0,2.0,3.0,0.0,85.0,13.0,0.0,0.0,0.0,0.0,0.0,0.0,0.0,0.0,0.0,0.0,0.0,0.0,0.0,0.0,0.0,0.0,0.0,0.0,0.0,Super Built up,high,new,SS The Leaf,gurgaon,2.125
152.36,2.0,2.0,3.0,0.0,83.0,35.0,0.0,0.0,0.0,0.0,0.0,0.0,2.0,1.0,0.0,0.0,0.0,0.0,0.0,0.0,0.0,0.0,0.0,0.0,0.0,Super Built up,mid,new,SS The Leaf,gurgaon,2.023
155.24,2.0,2.0,3.0,0.0,85.0,13.0,0.0,0.0,0.0,0.0,0.0,0.0,0.0,0.0,0.0,0.0,0.0,0.0,0.0,0.0,0.0,0.0,0.0,0.0,0.0,Super Built up,high,new,SS The Leaf,gurgaon,1.989
261.24,4.0,4.0,3.0,1.0,85.0,8.0,0.0,0.0,0.0,0.0,0.0,0.0,0.0,0.0,0.0,0.0,0.0,0.0,0.0,0.0,0.0,0.0,0.0,0.0,0.0,Super Built up,high,new,ss,gurgaon,3.5529999999999995
261.24,4.0,4.0,3.0,1.0,85.0,8.0,0.0,0.0,0.0,0.0,0.0,0.0,0.0,0.0,0.0,0.0,0.0,0.0,0.0,0.0,0.0,0.0,0.0,0.0,0.0,Super Built up,mid,new,ss,gurgaon,3.689
261.24,4.0,4.0,3.0,1.0,85.0,8.0,0.0,0.0,0.0,0.0,0.0,0.0,0.0,0.0,0.0,0.0,0.0,0.0,0.0,0.0,0.0,0.0,0.0,0.0,0.0,Super Built up,mid,new,ss,gurgaon,3.638
261.24,4.0,4.0,3.0,0.0,85.0,8.0,0.0,0.0,0.0,0.0,0.0,0.0,0.0,0.0,0.0,0.0,0.0,0.0,0.0,0.0,0.0,0.0,0.0,0.0,0.0,Super Built up,low,new,ss,gurgaon,3.57
223.71,3.0,4.0,3.0,0.0,85.0,8.0,0.0,0.0,0.0,0.0,0.0,0.0,0.0,0.0,0.0,0.0,0.0,0.0,0.0,0.0,0.0,0.0,0.0,0.0,0.0,Super Built up,mid,new,ss,gurgaon,3.366
161.74,2.0,2.0,3.0,0.0,85.0,13.0,0.0,0.0,0.0,0.0,0.0,0.0,0.0,0.0,0.0,0.0,0.0,0.0,0.0,0.0,0.0,0.0,0.0,0.0,0.0,Super Built up,high,new,SS The Leaf,gurgaon,2.108
152.36,2.0,2.0,3.0,0.0,85.0,14.0,0.0,0.0,0.0,0.0,0.0,0.0,3.0,0.0,0.0,0.0,0.0,0.0,0.0,0.0,0.0,0.0,0.0,0.0,0.0,Super Built up,mid,new,ss,gurgaon,2.006
155.24,2.0,2.0,3.0,0.0,85.0,14.0,0.0,0.0,0.0,0.0,0.0,0.0,3.0,0.0,0.0,0.0,0.0,0.0,0.0,0.0,0.0,0.0,0.0,0.0,0.0,Super Built up,high,new,ss,gurgaon,2.04
155.24,2.0,2.0,3.0,0.0,85.0,14.0,0.0,0.0,0.0,0.0,0.0,0.0,3.0,0.0,0.0,0.0,0.0,0.0,0.0,0.0,0.0,0.0,0.0,0.0,0.0,Super Built up,high,new,ss,gurgaon,2.023
167.69,3.0,3.0,3.0,0.0,49.0,13.0,0.0,0.0,0.0,0.0,0.0,0.0,0.0,2.0,0.0,0.0,0.0,0.0,0.0,0.0,0.0,0.0,0.0,0.0,0.0,Super Built up,high,new,Orchid Petals,gurgaon,3.5529999999999995
191.47,3.0,3.0,3.0,1.0,49.0,13.0,0.0,0.0,0.0,0.0,0.0,0.0,0.0,2.0,0.0,0.0,0.0,0.0,0.0,0.0,0.0,0.0,0.0,0.0,0.0,Super Built up,high,new,Orchid Petals,gurgaon,4.165
188.87,3.0,3.0,3.0,1.0,49.0,13.0,0.0,0.0,0.0,0.0,0.0,0.0,0.0,2.0,0.0,0.0,0.0,0.0,0.0,0.0,0.0,0.0,0.0,0.0,0.0,Super Built up,high,new,Orchid Petals,gurgaon,3.791
330.46,5.0,6.0,3.0,1.0,49.0,13.0,0.0,0.0,0.0,0.0,0.0,0.0,0.0,2.0,0.0,0.0,0.0,0.0,0.0,0.0,0.0,0.0,0.0,0.0,0.0,Super Built up,high,new,Orchid Petals,gurgaon,7.157
330.46,5.0,4.0,3.0,1.0,49.0,13.0,0.0,0.0,0.0,0.0,0.0,0.0,0.0,2.0,0.0,0.0,0.0,0.0,0.0,0.0,0.0,0.0,0.0,0.0,0.0,Super Built up,high,new,Orchid Petals,gurgaon,7.072
382.3,5.0,5.0,3.0,1.0,49.0,13.0,0.0,0.0,0.0,0.0,0.0,0.0,0.0,2.0,0.0,0.0,0.0,0.0,0.0,0.0,0.0,0.0,0.0,0.0,0.0,Super Built up,high,old,Orchid Petals,gurgaon,7.683999999999999
134.71,2.0,2.0,3.0,0.0,79.0,11.0,0.0,0.0,0.0,0.0,0.0,0.0,0.0,0.0,0.0,0.0,0.0,0.0,0.0,0.0,0.0,0.0,0.0,0.0,0.0,Carpet,mid,new,Godrej Aria,gurgaon,1.615
124.21,2.0,3.0,3.0,1.0,66.0,15.0,0.0,0.0,0.0,0.0,0.0,0.0,0.0,1.0,0.0,0.0,0.0,0.0,0.0,0.0,0.0,0.0,0.0,0.0,0.0,Super Built up,low,new,Ireo Uptown,gurgaon,2.55
355.73,4.0,4.0,3.0,1.0,59.0,15.0,0.0,0.0,0.0,0.0,0.0,0.0,0.0,0.0,0.0,0.0,0.0,0.0,0.0,0.0,0.0,0.0,0.0,0.0,0.0,Carpet,high,new,Raisina Residency,gurgaon,8.5
269.88,4.0,5.0,3.0,1.0,72.0,10.0,0.0,0.0,0.0,0.0,0.0,0.0,0.0,1.0,0.0,0.0,0.0,0.0,0.0,0.0,0.0,0.0,0.0,0.0,0.0,Super Built up,high,new,Tata Primanti,gurgaon,6.8
50.5,2.0,2.0,2.0,0.0,93.0,8.0,0.0,0.0,0.0,0.0,0.0,0.0,0.0,0.0,0.0,0.0,0.0,0.0,0.0,0.0,0.0,0.0,0.0,0.0,0.0,Carpet,mid,new,Signature Global Orchard Avenue,gurgaon,0.612
643.45,4.0,4.0,3.0,1.0,81.0,9.0,0.0,0.0,0.0,0.0,0.0,0.0,0.0,0.0,0.0,0.0,0.0,0.0,0.0,0.0,0.0,0.0,0.0,0.0,0.0,Super Built up,high,new,Bestech Park View Grand Spa,gurgaon,7.99
126.35,2.0,2.0,2.0,0.0,81.0,9.0,0.0,0.0,0.0,0.0,0.0,0.0,0.0,0.0,0.0,0.0,0.0,0.0,0.0,0.0,0.0,0.0,0.0,0.0,0.0,Super Built up,low,new,Bestech Park View Ananda,gurgaon,1.615
55.27,2.0,2.0,2.0,0.0,93.0,8.0,0.0,0.0,0.0,0.0,0.0,0.0,0.0,0.0,0.0,0.0,0.0,0.0,0.0,0.0,0.0,0.0,0.0,0.0,0.0,Carpet,mid,new,Signature Global Orchard Avenue,gurgaon,0.646
161.19,3.0,3.0,3.0,1.0,83.0,10.0,0.0,0.0,0.0,0.0,0.0,0.0,0.0,0.0,0.0,0.0,0.0,0.0,0.0,0.0,0.0,0.0,0.0,0.0,0.0,Super Built up,high,new,Vatika Gurgaon 21,gurgaon,1.87
185.34,3.0,4.0,3.0,1.0,92.0,11.0,0.0,0.0,0.0,0.0,0.0,0.0,0.0,0.0,0.0,0.0,0.0,0.0,0.0,0.0,0.0,0.0,0.0,0.0,0.0,Super Built up,high,new,Bestech Park View Sanskruti,gurgaon,2.635
185.34,3.0,3.0,3.0,1.0,92.0,11.0,0.0,0.0,0.0,0.0,0.0,0.0,0.0,0.0,0.0,0.0,0.0,0.0,0.0,0.0,0.0,0.0,0.0,0.0,0.0,Super Built up,high,new,Bestech Park View Sanskruti,gurgaon,2.635
229.94,4.0,5.0,3.0,1.0,92.0,11.0,0.0,0.0,0.0,0.0,0.0,0.0,0.0,0.0,0.0,0.0,0.0,0.0,0.0,0.0,0.0,0.0,0.0,0.0,0.0,Super Built up,high,new,Bestech Park View Sanskruti,gurgaon,3.4
195.1,3.0,4.0,3.0,1.0,81.0,9.0,0.0,0.0,0.0,0.0,0.0,0.0,0.0,0.0,0.0,0.0,0.0,0.0,0.0,0.0,0.0,0.0,0.0,0.0,0.0,Super Built up,high,new,DLF The Ultima,gurgaon,3.91
261.24,4.0,5.0,3.0,0.0,85.0,13.0,0.0,0.0,0.0,0.0,0.0,0.0,0.0,0.0,0.0,0.0,0.0,0.0,0.0,0.0,0.0,0.0,0.0,0.0,0.0,Super Built up,high,new,SS The Leaf,gurgaon,3.57
265.7,3.0,3.0,1.0,0.0,83.0,10.0,0.0,0.0,0.0,0.0,0.0,0.0,0.0,0.0,0.0,0.0,0.0,0.0,0.0,0.0,0.0,0.0,0.0,0.0,0.0,Super Built up,mid,new,Vatika Lifestyle Homes,gurgaon,2.21
58.81,2.0,2.0,1.0,0.0,81.0,10.0,0.0,0.0,0.0,0.0,0.0,0.0,0.0,0.0,0.0,0.0,0.0,0.0,0.0,0.0,0.0,0.0,0.0,0.0,0.0,Super Built up,high,new,Signature Global Synera,gurgaon,0.68
202.99,3.0,4.0,3.0,1.0,72.0,10.0,0.0,0.0,0.0,0.0,0.0,0.0,0.0,1.0,0.0,0.0,0.0,0.0,0.0,0.0,0.0,0.0,0.0,0.0,0.0,Super Built up,high,new,Tata Primanti,gurgaon,5.609999999999999
120.77,2.0,2.0,2.0,1.0,70.0,15.0,0.0,0.0,0.0,0.0,0.0,0.0,0.0,0.0,0.0,0.0,0.0,0.0,0.0,0.0,0.0,0.0,0.0,0.0,0.0,Super Built up,high,new,Shree Vardhman Victoria,gurgaon,1.87
164.62,2.0,2.0,3.0,1.0,85.0,13.0,0.0,0.0,0.0,0.0,0.0,0.0,0.0,0.0,0.0,0.0,0.0,0.0,0.0,0.0,0.0,0.0,0.0,0.0,0.0,Super Built up,high,new,SS The Leaf,gurgaon,2.04
261.24,4.0,5.0,3.0,1.0,85.0,13.0,0.0,0.0,0.0,0.0,0.0,0.0,0.0,0.0,0.0,0.0,0.0,0.0,0.0,0.0,0.0,0.0,0.0,0.0,0.0,Super Built up,mid,new,SS The Leaf,gurgaon,3.655
223.71,3.0,4.0,3.0,1.0,85.0,13.0,0.0,0.0,0.0,0.0,0.0,0.0,0.0,0.0,0.0,0.0,0.0,0.0,0.0,0.0,0.0,0.0,0.0,0.0,0.0,Super Built up,mid,new,SS The Leaf,gurgaon,3.4
223.71,3.0,4.0,3.0,1.0,85.0,13.0,0.0,0.0,0.0,0.0,0.0,0.0,0.0,0.0,0.0,0.0,0.0,0.0,0.0,0.0,0.0,0.0,0.0,0.0,0.0,Super Built up,mid,new,SS The Leaf,gurgaon,3.57
152.36,2.0,2.0,3.0,1.0,85.0,13.0,0.0,0.0,0.0,0.0,0.0,0.0,0.0,0.0,0.0,0.0,0.0,0.0,0.0,0.0,0.0,0.0,0.0,0.0,0.0,Super Built up,low,new,SS The Leaf,gurgaon,2.04
155.24,2.0,2.0,3.0,1.0,85.0,13.0,0.0,0.0,0.0,0.0,0.0,0.0,0.0,0.0,0.0,0.0,0.0,0.0,0.0,0.0,0.0,0.0,0.0,0.0,0.0,Super Built up,high,new,SS The Leaf,gurgaon,2.21
164.62,2.0,2.0,3.0,1.0,85.0,13.0,0.0,0.0,0.0,0.0,0.0,0.0,0.0,0.0,0.0,0.0,0.0,0.0,0.0,0.0,0.0,0.0,0.0,0.0,0.0,Super Built up,high,new,SS The Leaf,gurgaon,2.21
152.36,2.0,2.0,3.0,1.0,85.0,13.0,0.0,0.0,0.0,0.0,0.0,0.0,0.0,0.0,0.0,0.0,0.0,0.0,0.0,0.0,0.0,0.0,0.0,0.0,0.0,Super Built up,high,new,SS The Leaf,gurgaon,2.04
161.74,2.0,2.0,3.0,1.0,85.0,13.0,0.0,0.0,0.0,0.0,0.0,0.0,0.0,0.0,0.0,0.0,0.0,0.0,0.0,0.0,0.0,0.0,0.0,0.0,0.0,Super Built up,low,new,SS The Leaf,gurgaon,1.87
161.74,2.0,2.0,3.0,1.0,85.0,13.0,0.0,0.0,0.0,0.0,0.0,0.0,0.0,0.0,0.0,0.0,0.0,0.0,0.0,0.0,0.0,0.0,0.0,0.0,0.0,Super Built up,high,new,SS The Leaf,gurgaon,2.125
152.36,2.0,2.0,3.0,1.0,85.0,13.0,0.0,0.0,0.0,0.0,0.0,0.0,0.0,0.0,0.0,0.0,0.0,0.0,0.0,0.0,0.0,0.0,0.0,0.0,0.0,Super Built up,high,new,SS The Leaf,gurgaon,1.955
158.49,3.0,4.0,3.0,1.0,70.0,11.0,0.0,0.0,0.0,0.0,0.0,0.0,0.0,0.0,0.0,0.0,0.0,0.0,0.0,0.0,0.0,0.0,0.0,0.0,0.0,Built Up,high,new,AIPL Zen Residences,gurgaon,2.975
181.16,3.0,5.0,3.0,1.0,70.0,15.0,0.0,0.0,0.0,0.0,0.0,0.0,0.0,0.0,0.0,0.0,0.0,0.0,0.0,0.0,0.0,0.0,0.0,0.0,0.0,Super Built up,mid,new,Shree Vardhman Victoria,gurgaon,2.805
227.61,4.0,4.0,3.0,1.0,104.0,13.0,0.0,0.0,0.0,0.0,0.0,0.0,0.0,0.0,0.0,0.0,0.0,0.0,0.0,0.0,0.0,0.0,0.0,0.0,0.0,Super Built up,mid,new,Puri Emerald Bay,gurgaon,4.335
269.88,4.0,4.0,3.0,1.0,72.0,10.0,0.0,0.0,0.0,0.0,0.0,0.0,0.0,1.0,0.0,0.0,0.0,0.0,0.0,0.0,0.0,0.0,0.0,0.0,0.0,Super Built up,high,new,Tata Primanti,gurgaon,6.63
115.66,2.0,2.0,3.0,0.0,68.0,10.0,0.0,0.0,0.0,0.0,0.0,0.0,0.0,0.0,0.0,0.0,0.0,0.0,0.0,0.0,0.0,0.0,0.0,0.0,0.0,Super Built up,low,new,M3M Sierra 68,gurgaon,1.836
181.16,3.0,3.0,3.0,0.0,68.0,8.0,0.0,0.0,0.0,0.0,0.0,0.0,0.0,0.0,0.0,0.0,0.0,0.0,0.0,0.0,0.0,0.0,0.0,0.0,0.0,Super Built up,high,new,M3M Ikonic,gurgaon,3.06
115.66,2.0,2.0,3.0,0.0,68.0,10.0,0.0,0.0,0.0,0.0,0.0,0.0,0.0,0.0,0.0,0.0,0.0,0.0,0.0,0.0,0.0,0.0,0.0,0.0,0.0,Super Built up,high,new,M3M Sierra 68,gurgaon,1.921
181.16,3.0,3.0,3.0,0.0,68.0,8.0,0.0,0.0,0.0,0.0,0.0,0.0,0.0,0.0,0.0,0.0,0.0,0.0,0.0,0.0,0.0,0.0,0.0,0.0,0.0,Super Built up,high,new,M3M Ikonic,gurgaon,3.026
113.71,2.0,2.0,3.0,0.0,68.0,10.0,0.0,0.0,0.0,0.0,0.0,0.0,0.0,0.0,0.0,0.0,0.0,0.0,0.0,0.0,0.0,0.0,0.0,0.0,0.0,Super Built up,low,new,M3M Sierra 68,gurgaon,1.87
199.74,3.0,3.0,3.0,1.0,70.0,11.0,0.0,0.0,0.0,0.0,0.0,0.0,0.0,0.0,0.0,0.0,0.0,0.0,0.0,0.0,0.0,0.0,0.0,0.0,0.0,Super Built up,high,new,AIPL The Peaceful Homes,gurgaon,4.25
223.71,3.0,4.0,3.0,1.0,85.0,13.0,0.0,0.0,0.0,0.0,0.0,0.0,0.0,0.0,0.0,0.0,0.0,0.0,0.0,0.0,0.0,0.0,0.0,0.0,0.0,Super Built up,high,new,SS The Leaf,gurgaon,3.128
155.24,2.0,3.0,3.0,1.0,85.0,13.0,0.0,0.0,0.0,0.0,0.0,0.0,0.0,0.0,0.0,0.0,0.0,0.0,0.0,0.0,0.0,0.0,0.0,0.0,0.0,Super Built up,high,new,SS The Leaf,gurgaon,2.006
181.16,3.0,3.0,3.0,1.0,70.0,15.0,0.0,0.0,0.0,0.0,0.0,0.0,0.0,0.0,0.0,0.0,0.0,0.0,0.0,0.0,0.0,0.0,0.0,0.0,0.0,Super Built up,mid,new,Shree Vardhman Victoria,gurgaon,2.771
297.1,4.0,5.0,3.0,1.0,102.0,11.0,0.0,0.0,0.0,0.0,0.0,0.0,0.0,0.0,0.0,0.0,0.0,0.0,0.0,0.0,0.0,0.0,0.0,0.0,0.0,Super Built up,mid,new,Adani M2K Oyster Grande,gurgaon,4.25
219.34,3.0,4.0,3.0,1.0,107.0,6.0,0.0,0.0,0.0,0.0,0.0,0.0,0.0,0.0,0.0,0.0,0.0,0.0,0.0,0.0,0.0,0.0,0.0,0.0,0.0,Super Built up,mid,new,M3M Woodshire,gurgaon,2.465
163.32,3.0,3.0,3.0,1.0,108.0,9.0,0.0,0.0,0.0,0.0,0.0,0.0,0.0,0.0,0.0,0.0,0.0,0.0,0.0,0.0,0.0,0.0,0.0,0.0,0.0,Super Built up,high,new,Experion The Heartsong,gurgaon,2.04
186.08,3.0,4.0,3.0,1.0,108.0,9.0,0.0,0.0,0.0,0.0,0.0,0.0,0.0,0.0,0.0,0.0,0.0,0.0,0.0,0.0,0.0,0.0,0.0,0.0,0.0,Super Built up,low,new,Experion The Heartsong,gurgaon,2.72
48.59,2.0,2.0,2.0,0.0,67.0,11.0,0.0,0.0,0.0,0.0,0.0,0.0,0.0,0.0,0.0,0.0,0.0,0.0,0.0,0.0,0.0,0.0,0.0,0.0,0.0,Carpet,low,new,Pyramid Urban,gurgaon,1.054
48.59,2.0,2.0,2.0,0.0,67.0,11.0,0.0,0.0,0.0,0.0,0.0,0.0,0.0,0.0,0.0,0.0,0.0,0.0,0.0,0.0,0.0,0.0,0.0,0.0,0.0,Carpet,low,new,Pyramid Urban,gurgaon,0.935
189.99,3.0,4.0,3.0,1.0,60.0,7.0,0.0,0.0,0.0,0.0,0.0,0.0,0.0,0.0,0.0,0.0,0.0,0.0,0.0,0.0,0.0,0.0,0.0,0.0,0.0,Super Built up,mid,new,Ireo Skyon,gurgaon,4.845
152.36,2.0,2.0,2.0,1.0,85.0,13.0,0.0,0.0,0.0,0.0,0.0,0.0,0.0,0.0,0.0,0.0,0.0,0.0,0.0,0.0,0.0,0.0,0.0,0.0,0.0,Carpet,mid,new,SS The Leaf,gurgaon,2.227
261.24,4.0,5.0,3.0,1.0,85.0,13.0,0.0,0.0,0.0,0.0,0.0,0.0,0.0,0.0,0.0,0.0,0.0,0.0,0.0,0.0,0.0,0.0,0.0,0.0,0.0,Super Built up,mid,new,SS The Leaf,gurgaon,3.74
260.31,3.0,3.0,2.0,1.0,112.0,8.0,0.0,0.0,0.0,0.0,0.0,0.0,0.0,0.0,0.0,0.0,0.0,0.0,0.0,0.0,0.0,0.0,0.0,0.0,0.0,Super Built up,low,new,Experion Windchants,gurgaon,5.1
179.3,3.0,3.0,3.0,1.0,86.0,15.0,0.0,0.0,0.0,0.0,0.0,0.0,0.0,0.0,0.0,0.0,0.0,0.0,0.0,0.0,0.0,0.0,0.0,0.0,0.0,Super Built up,high,new,DLF New Town Heights 2,gurgaon,2.21
239.6,3.0,4.0,3.0,1.0,102.0,11.0,0.0,0.0,0.0,0.0,0.0,0.0,0.0,0.0,0.0,0.0,0.0,0.0,0.0,0.0,0.0,0.0,0.0,0.0,0.0,Super Built up,high,new,Adani M2K Oyster Grande,gurgaon,3.315
119.19,2.0,3.0,3.0,1.0,108.0,9.0,0.0,0.0,0.0,0.0,0.0,0.0,0.0,0.0,0.0,0.0,0.0,0.0,0.0,0.0,0.0,0.0,0.0,0.0,0.0,Super Built up,low,new,Experion The Heartsong,gurgaon,1.53
180.51,3.0,3.0,3.0,0.0,107.0,6.0,0.0,0.0,0.0,0.0,0.0,0.0,0.0,0.0,0.0,0.0,0.0,0.0,0.0,0.0,0.0,0.0,0.0,0.0,0.0,Super Built up,mid,new,M3M Woodshire,gurgaon,2.04
50.91,2.0,2.0,1.0,0.0,107.0,10.0,0.0,0.0,0.0,0.0,0.0,0.0,0.0,0.0,0.0,0.0,0.0,0.0,0.0,0.0,0.0,0.0,0.0,0.0,0.0,Super Built up,high,new,Signature Global Solera,gurgaon,0.612
50.91,2.0,2.0,1.0,0.0,107.0,10.0,0.0,0.0,0.0,0.0,0.0,0.0,0.0,0.0,0.0,0.0,0.0,0.0,0.0,0.0,0.0,0.0,0.0,0.0,0.0,Super Built up,high,new,Signature Global Solera,gurgaon,0.629
97.55,3.0,2.0,2.0,1.0,107.0,10.0,0.0,0.0,0.0,0.0,0.0,0.0,0.0,0.0,0.0,0.0,0.0,0.0,0.0,0.0,0.0,0.0,0.0,0.0,0.0,Super Built up,mid,new,Signature Global Solera,gurgaon,0.85
483.1,4.0,5.0,3.0,1.0,1.0,48.0,0.0,0.0,0.0,0.0,0.0,0.0,11.0,0.0,0.0,0.0,2.0,0.0,0.0,0.0,0.0,1.0,0.0,0.0,2.0,Super Built up,high,old,Beverley park 1,gurgaon,14.348
166.3,3.0,3.0,2.0,1.0,82.0,10.0,0.0,0.0,0.0,0.0,0.0,0.0,0.0,0.0,0.0,0.0,0.0,0.0,0.0,0.0,0.0,0.0,0.0,0.0,0.0,Super Built up,high,new,Mapsko Royale Ville,gurgaon,1.904
166.3,3.0,4.0,2.0,1.0,82.0,10.0,0.0,0.0,0.0,0.0,0.0,0.0,0.0,0.0,0.0,0.0,0.0,0.0,0.0,0.0,0.0,0.0,0.0,0.0,0.0,Super Built up,mid,new,Mapsko Royale Ville,gurgaon,1.904
55.74,2.0,2.0,2.0,0.0,81.0,10.0,0.0,0.0,0.0,0.0,0.0,0.0,0.0,0.0,0.0,0.0,0.0,0.0,0.0,0.0,0.0,0.0,0.0,0.0,0.0,Carpet,mid,new,Signature Global Synera,gurgaon,0.663
37.16,1.0,1.0,2.0,0.0,81.0,10.0,0.0,0.0,0.0,0.0,0.0,0.0,0.0,0.0,0.0,0.0,0.0,0.0,0.0,0.0,0.0,0.0,0.0,0.0,0.0,Carpet,low,new,Signature Global Synera,gurgaon,0.646
181.16,3.0,3.0,2.0,1.0,70.0,15.0,0.0,0.0,0.0,0.0,0.0,0.0,0.0,0.0,0.0,0.0,0.0,0.0,0.0,0.0,0.0,0.0,0.0,0.0,0.0,Carpet,mid,new,Shree Vardhman Victoria,gurgaon,2.805
125.42,2.0,2.0,2.0,1.0,70.0,15.0,0.0,0.0,0.0,0.0,0.0,0.0,0.0,0.0,0.0,0.0,0.0,0.0,0.0,0.0,0.0,0.0,0.0,0.0,0.0,Carpet,mid,new,Shree Vardhman Victoria,gurgaon,1.955
141.58,2.0,3.0,2.0,1.0,60.0,7.0,0.0,0.0,0.0,0.0,0.0,0.0,0.0,0.0,0.0,0.0,0.0,0.0,0.0,0.0,0.0,0.0,0.0,0.0,0.0,Super Built up,mid,new,Ireo Skyon,gurgaon,3.655
222.97,4.0,5.0,3.0,1.0,70.0,10.0,0.0,0.0,0.0,0.0,0.0,0.0,0.0,0.0,0.0,0.0,0.0,0.0,0.0,0.0,0.0,0.0,0.0,0.0,0.0,Super Built up,mid,old,Tulip Ivory,gurgaon,3.57
222.97,4.0,5.0,3.0,1.0,70.0,10.0,0.0,0.0,0.0,0.0,0.0,0.0,0.0,0.0,0.0,0.0,0.0,0.0,0.0,0.0,0.0,0.0,0.0,0.0,0.0,Super Built up,mid,old,Tulip Ivory,gurgaon,3.4
167.69,3.0,3.0,3.0,1.0,49.0,13.0,0.0,0.0,0.0,0.0,0.0,0.0,0.0,2.0,0.0,0.0,0.0,0.0,0.0,0.0,0.0,0.0,0.0,0.0,0.0,Carpet,high,old,Orchid Petals,gurgaon,3.23
209.03,3.0,3.0,3.0,1.0,,44.0,1.0,0.0,0.0,0.0,0.0,0.0,14.0,0.0,0.0,0.0,3.0,0.0,0.0,0.0,0.0,1.0,0.0,0.0,0.0,Built Up,low,old,New Sathi Apartments,gurgaon,2.703
176.52,3.0,3.0,3.0,0.0,56.0,43.0,1.0,0.0,0.0,0.0,0.0,0.0,14.0,0.0,0.0,0.0,3.0,0.0,0.0,0.0,0.0,1.0,0.0,0.0,0.0,Super Built up,low,old,Kanchanjanga Tower,gurgaon,2.465
178.37,3.0,3.0,3.0,1.0,56.0,44.0,1.0,0.0,0.0,0.0,0.0,0.0,14.0,0.0,0.0,0.0,3.0,0.0,0.0,0.0,0.0,1.0,0.0,0.0,0.0,Super Built up,mid,old,Guru Gram Haryana CGHS,gurgaon,2.363
268.95,3.0,4.0,3.0,1.0,53.0,15.0,0.0,0.0,0.0,0.0,0.0,0.0,0.0,0.0,0.0,0.0,0.0,0.0,0.0,0.0,0.0,0.0,0.0,0.0,0.0,Super Built up,high,new,Parsvnath Exotica,gurgaon,8.5
218.79,3.0,3.0,3.0,1.0,56.0,46.0,1.0,0.0,0.0,0.0,0.0,0.0,13.0,0.0,0.0,0.0,3.0,0.0,0.0,0.0,0.0,1.0,0.0,0.0,0.0,Super Built up,mid,old,Sukhshanti Apartment,gurgaon,2.805
160.44,3.0,3.0,2.0,1.0,67.0,12.0,0.0,0.0,0.0,0.0,0.0,0.0,0.0,0.0,0.0,0.0,0.0,0.0,0.0,0.0,0.0,0.0,0.0,0.0,0.0,Super Built up,low,new,Ireo The Corridors,gurgaon,2.72
177.44,3.0,3.0,3.0,1.0,56.0,44.0,0.0,0.0,0.0,0.0,0.0,0.0,7.0,0.0,0.0,0.0,0.0,0.0,0.0,0.0,0.0,0.0,1.0,0.0,0.0,Built Up,mid,old,Guru Gram Haryana CGHS,gurgaon,2.346
178.47,3.0,3.0,2.0,1.0,67.0,12.0,0.0,0.0,0.0,0.0,0.0,0.0,0.0,0.0,0.0,0.0,0.0,0.0,0.0,0.0,0.0,0.0,0.0,0.0,0.0,Super Built up,low,new,Ireo The Corridors,gurgaon,3.06
160.44,3.0,3.0,2.0,1.0,67.0,12.0,0.0,0.0,0.0,0.0,0.0,0.0,0.0,0.0,0.0,0.0,0.0,0.0,0.0,0.0,0.0,0.0,0.0,0.0,0.0,Super Built up,mid,new,Ireo The Corridors,gurgaon,2.754
209.03,3.0,5.0,3.0,1.0,56.0,45.0,1.0,0.0,0.0,0.0,0.0,0.0,14.0,0.0,0.0,0.0,3.0,0.0,0.0,0.0,0.0,1.0,0.0,0.0,0.0,Built Up,mid,old,Kiran Residency,gurgaon,2.55
180.32,3.0,4.0,3.0,1.0,67.0,12.0,0.0,0.0,0.0,0.0,0.0,0.0,0.0,0.0,0.0,0.0,0.0,0.0,0.0,0.0,0.0,0.0,0.0,0.0,0.0,Built Up,mid,new,Ireo The Corridors,gurgaon,3.145
178.47,3.0,3.0,3.0,1.0,67.0,12.0,0.0,0.0,0.0,0.0,0.0,0.0,0.0,0.0,0.0,0.0,0.0,0.0,0.0,0.0,0.0,0.0,0.0,0.0,0.0,Super Built up,mid,new,Ireo The Corridors,gurgaon,3.06
203.55,4.0,3.0,3.0,1.0,37.0,11.0,0.0,0.0,0.0,0.0,0.0,0.0,0.0,0.0,0.0,0.0,0.0,0.0,0.0,0.0,0.0,0.0,0.0,0.0,0.0,Super Built up,high,new,BPTP Terra,gurgaon,3.06
181.16,3.0,3.0,3.0,1.0,70.0,15.0,0.0,0.0,0.0,0.0,0.0,0.0,0.0,0.0,0.0,0.0,0.0,0.0,0.0,0.0,0.0,0.0,0.0,0.0,0.0,Super Built up,high,new,Shree Vardhman Victoria,gurgaon,2.754
203.55,4.0,3.0,3.0,1.0,37.0,11.0,0.0,0.0,0.0,0.0,0.0,0.0,0.0,0.0,0.0,0.0,0.0,0.0,0.0,0.0,0.0,0.0,0.0,0.0,0.0,Super Built up,high,new,BPTP Terra,gurgaon,3.026
168.25,3.0,3.0,3.0,0.0,37.0,11.0,0.0,0.0,0.0,0.0,0.0,0.0,0.0,0.0,0.0,0.0,0.0,0.0,0.0,0.0,0.0,0.0,0.0,0.0,0.0,Super Built up,high,new,BPTP Terra,gurgaon,2.635
246.19,4.0,4.0,3.0,0.0,43.0,44.0,0.0,0.0,0.0,0.0,0.0,0.0,6.0,0.0,0.0,0.0,2.0,0.0,1.0,0.0,0.0,0.0,0.0,0.0,0.0,Super Built up,low,new,Millenium Bajrang Society,gurgaon,4.25
193.8,3.0,4.0,3.0,1.0,47.0,42.0,0.0,0.0,0.0,0.0,0.0,0.0,1.0,0.0,0.0,0.0,0.0,0.0,0.0,0.0,0.0,0.0,0.0,0.0,0.0,Super Built up,high,old,Unitech Uniworld Gardens,gurgaon,3.655
451.23,4.0,6.0,3.0,1.0,112.0,8.0,0.0,0.0,0.0,0.0,0.0,0.0,0.0,0.0,0.0,0.0,0.0,0.0,0.0,0.0,0.0,0.0,0.0,0.0,0.0,Super Built up,high,old,Experion Windchants,gurgaon,9.52
134.71,3.0,4.0,3.0,1.0,77.0,10.0,0.0,0.0,0.0,0.0,0.0,0.0,0.0,0.0,0.0,0.0,0.0,0.0,0.0,0.0,0.0,0.0,0.0,0.0,0.0,Super Built up,low,new,Emaar MGF Palm Hills,gurgaon,2.125
192.96,3.0,4.0,3.0,1.0,77.0,10.0,0.0,0.0,0.0,0.0,0.0,0.0,0.0,0.0,0.0,0.0,0.0,0.0,0.0,0.0,0.0,0.0,0.0,0.0,0.0,Super Built up,high,new,Umang Winter Hills,gurgaon,1.87
249.44,3.0,3.0,2.0,1.0,,11.0,0.0,0.0,0.0,0.0,0.0,0.0,0.0,0.0,0.0,0.0,0.0,0.0,0.0,0.0,0.0,0.0,0.0,0.0,0.0,Carpet,high,old,Suncity Platinum Towers,gurgaon,10.2
292.64,4.0,3.0,2.0,1.0,,11.0,0.0,0.0,0.0,0.0,0.0,0.0,0.0,0.0,0.0,0.0,0.0,0.0,0.0,0.0,0.0,0.0,0.0,0.0,0.0,Super Built up,high,old,Suncity Platinum Towers,gurgaon,11.9
929.03,4.0,4.0,3.0,1.0,50.0,13.0,0.0,0.0,0.0,0.0,0.0,0.0,0.0,0.0,0.0,0.0,0.0,0.0,0.0,0.0,0.0,0.0,0.0,0.0,0.0,Carpet,high,old,The Penthouses at the Hibiscus,gurgaon,14.45
408.77,4.0,3.0,3.0,1.0,50.0,15.0,0.0,0.0,0.0,0.0,0.0,0.0,0.0,0.0,0.0,0.0,0.0,0.0,0.0,0.0,0.0,0.0,0.0,0.0,0.0,Super Built up,mid,old,SS Hibiscus,gurgaon,10.2
836.13,4.0,3.0,3.0,1.0,50.0,13.0,0.0,0.0,0.0,0.0,0.0,0.0,0.0,0.0,0.0,0.0,0.0,0.0,0.0,0.0,0.0,0.0,0.0,0.0,0.0,Carpet,mid,old,The Penthouses at the Hibiscus,gurgaon,13.6
243.87,4.0,5.0,3.0,1.0,72.0,10.0,0.0,0.0,0.0,0.0,0.0,0.0,0.0,1.0,0.0,0.0,0.0,0.0,0.0,0.0,0.0,0.0,0.0,0.0,0.0,Built Up,high,new,Tata Primanti,gurgaon,5.95
269.88,4.0,5.0,2.0,1.0,72.0,10.0,0.0,0.0,0.0,0.0,0.0,0.0,0.0,1.0,0.0,0.0,0.0,0.0,0.0,0.0,0.0,0.0,0.0,0.0,0.0,Super Built up,mid,old,Tata Primanti,gurgaon,6.8
357.68,3.0,3.0,2.0,1.0,65.0,9.0,0.0,0.0,0.0,0.0,0.0,0.0,0.0,0.0,0.0,0.0,0.0,0.0,0.0,0.0,0.0,0.0,0.0,0.0,0.0,Carpet,high,old,M3M Golfestate,gurgaon,11.9
1021.93,4.0,4.0,3.0,1.0,65.0,9.0,0.0,0.0,0.0,0.0,0.0,0.0,0.0,0.0,0.0,0.0,0.0,0.0,0.0,0.0,0.0,0.0,0.0,0.0,0.0,Carpet,high,old,M3M Golfestate,gurgaon,22.44
445.93,4.0,5.0,3.0,0.0,112.0,8.0,0.0,0.0,0.0,0.0,0.0,0.0,0.0,0.0,0.0,0.0,0.0,0.0,0.0,0.0,0.0,0.0,0.0,0.0,0.0,Built Up,high,new,Experion Windchants,gurgaon,11.05
202.99,3.0,4.0,3.0,1.0,72.0,10.0,0.0,0.0,0.0,0.0,0.0,0.0,0.0,1.0,0.0,0.0,0.0,0.0,0.0,0.0,0.0,0.0,0.0,0.0,0.0,Super Built up,high,old,Tata Primanti,gurgaon,5.779999999999999
201.14,3.0,2.0,2.0,1.0,70.0,11.0,0.0,0.0,0.0,0.0,0.0,0.0,0.0,0.0,0.0,0.0,0.0,0.0,0.0,0.0,0.0,0.0,0.0,0.0,0.0,Carpet,high,old,AIPL The Peaceful Homes,gurgaon,4.42
243.87,4.0,5.0,3.0,1.0,72.0,10.0,0.0,0.0,0.0,0.0,0.0,0.0,0.0,1.0,0.0,0.0,0.0,0.0,0.0,0.0,0.0,0.0,0.0,0.0,0.0,Built Up,high,new,Tata Primanti,gurgaon,5.95
182.55,3.0,3.0,2.0,1.0,95.0,4.0,0.0,0.0,0.0,0.0,0.0,0.0,0.0,0.0,0.0,0.0,0.0,0.0,0.0,0.0,0.0,0.0,0.0,0.0,0.0,Super Built up,mid,new,Siddhartha Apartment,gurgaon,1.224
260.13,3.0,5.0,2.0,1.0,112.0,8.0,0.0,0.0,0.0,0.0,0.0,0.0,0.0,0.0,0.0,0.0,0.0,0.0,0.0,0.0,0.0,0.0,0.0,0.0,0.0,Built Up,low,new,Experion Windchants,gurgaon,6.205
71.26,2.0,2.0,2.0,1.0,95.0,3.0,0.0,0.0,0.0,0.0,0.0,0.0,0.0,0.0,0.0,0.0,0.0,0.0,0.0,0.0,0.0,0.0,0.0,0.0,0.0,Super Built up,mid,new,Ramsons Kshitij,gurgaon,0.476
242.01,3.0,3.0,3.0,1.0,,9.0,0.0,0.0,0.0,0.0,0.0,0.0,0.0,0.0,0.0,0.0,0.0,0.0,0.0,0.0,0.0,0.0,0.0,0.0,0.0,Super Built up,high,old,The Close North,gurgaon,4.964
170.57,3.0,3.0,3.0,1.0,,7.0,0.0,0.0,0.0,0.0,0.0,0.0,0.0,0.0,0.0,0.0,0.0,0.0,0.0,0.0,0.0,0.0,0.0,0.0,0.0,Super Built up,high,old,Unitech Fresco,gurgaon,3.094
117.06,2.0,2.0,2.0,1.0,68.0,10.0,0.0,0.0,0.0,0.0,0.0,0.0,0.0,0.0,0.0,0.0,0.0,0.0,0.0,0.0,0.0,0.0,0.0,0.0,0.0,Super Built up,high,new,M3M The Marina,gurgaon,1.734
125.42,2.0,2.0,3.0,1.0,90.0,10.0,0.0,0.0,0.0,0.0,0.0,0.0,0.0,0.0,0.0,0.0,0.0,0.0,0.0,0.0,0.0,0.0,0.0,0.0,0.0,Super Built up,low,new,Shree Vardhman Flora,gurgaon,1.105
59.62,3.0,3.0,3.0,0.0,92.0,4.0,0.0,0.0,0.0,0.0,0.0,0.0,0.0,0.0,0.0,0.0,0.0,0.0,0.0,0.0,0.0,0.0,0.0,0.0,0.0,Carpet,mid,new,GLS Avenue 51,gurgaon,0.663
168.9,3.0,3.0,3.0,1.0,90.0,14.0,0.0,0.0,0.0,0.0,2.0,0.0,0.0,0.0,0.0,0.0,0.0,0.0,0.0,0.0,0.0,0.0,0.0,0.0,0.0,Super Built up,high,new,DLF Regal Gardens,gurgaon,1.955
94.76,2.0,2.0,2.0,1.0,65.0,8.0,0.0,0.0,0.0,0.0,0.0,0.0,0.0,0.0,0.0,0.0,0.0,0.0,0.0,0.0,0.0,0.0,0.0,0.0,0.0,Super Built up,mid,new,Emaar MGF Emerald Estate,gurgaon,2.414
188.87,3.0,3.0,3.0,1.0,49.0,13.0,0.0,0.0,0.0,0.0,0.0,0.0,0.0,2.0,0.0,0.0,0.0,0.0,0.0,0.0,0.0,0.0,0.0,0.0,0.0,Super Built up,high,new,Orchid Petals,gurgaon,3.995
192.31,3.0,4.0,3.0,1.0,49.0,13.0,0.0,0.0,0.0,0.0,0.0,0.0,0.0,2.0,0.0,0.0,0.0,0.0,0.0,0.0,0.0,0.0,0.0,0.0,0.0,Super Built up,low,new,Orchid Petals,gurgaon,4.045999999999999
179.3,3.0,3.0,3.0,1.0,90.0,6.0,0.0,0.0,0.0,0.0,0.0,0.0,0.0,0.0,0.0,0.0,0.0,0.0,0.0,0.0,0.0,0.0,0.0,0.0,0.0,Super Built up,high,new,DLF New Town Heights 1,gurgaon,1.955
219.62,4.0,4.0,3.0,1.0,90.0,6.0,0.0,0.0,0.0,0.0,0.0,0.0,0.0,0.0,0.0,0.0,0.0,0.0,0.0,0.0,0.0,0.0,0.0,0.0,0.0,Super Built up,high,new,DLF New Town Heights 1,gurgaon,2.72
179.3,3.0,4.0,3.0,1.0,86.0,15.0,0.0,0.0,0.0,0.0,0.0,0.0,0.0,0.0,0.0,0.0,0.0,0.0,0.0,0.0,0.0,0.0,0.0,0.0,0.0,Super Built up,high,old,DLF New Town Heights 2,gurgaon,2.176
253.35,4.0,4.0,3.0,1.0,90.0,6.0,0.0,0.0,0.0,0.0,0.0,0.0,0.0,0.0,0.0,0.0,0.0,0.0,0.0,0.0,0.0,0.0,0.0,0.0,0.0,Super Built up,high,new,DLF New Town Heights 1,gurgaon,2.975
219.62,4.0,4.0,3.0,1.0,91.0,8.0,0.0,0.0,0.0,0.0,0.0,0.0,0.0,0.0,0.0,0.0,0.0,0.0,0.0,0.0,0.0,0.0,0.0,0.0,0.0,Super Built up,high,new,DLF New Town Heights,gurgaon,2.975
205.78,3.0,4.0,3.0,1.0,111.0,10.0,0.0,0.0,0.0,0.0,0.0,0.0,0.0,0.0,0.0,0.0,0.0,0.0,0.0,0.0,0.0,0.0,0.0,0.0,0.0,Super Built up,high,new,Puri Diplomatic Greens,gurgaon,4.505
194.63,3.0,4.0,3.0,1.0,109.0,15.0,0.0,0.0,0.0,0.0,0.0,0.0,0.0,0.0,0.0,0.0,0.0,0.0,0.0,0.0,0.0,0.0,0.0,0.0,0.0,Super Built up,high,new,ATS Kocoon,gurgaon,3.774
212.75,3.0,4.0,3.0,1.0,104.0,13.0,0.0,0.0,0.0,0.0,0.0,0.0,0.0,0.0,0.0,0.0,0.0,0.0,0.0,0.0,0.0,0.0,0.0,0.0,0.0,Super Built up,high,new,ATS Triumph,gurgaon,3.145
90.88,2.0,3.0,3.0,1.0,108.0,9.0,0.0,0.0,0.0,0.0,0.0,0.0,0.0,0.0,0.0,0.0,0.0,0.0,0.0,0.0,0.0,0.0,0.0,0.0,0.0,Built Up,high,new,Experion The Heartsong,gurgaon,1.666
267.1,4.0,4.0,3.0,1.0,103.0,15.0,0.0,0.0,0.0,0.0,0.0,0.0,0.0,0.0,0.0,0.0,0.0,0.0,0.0,0.0,0.0,0.0,0.0,0.0,0.0,Super Built up,high,new,Indiabulls Centrum Park,gurgaon,4.165
160.26,3.0,3.0,3.0,1.0,103.0,15.0,0.0,0.0,0.0,0.0,0.0,0.0,0.0,0.0,0.0,0.0,0.0,0.0,0.0,0.0,0.0,0.0,0.0,0.0,0.0,Super Built up,high,new,Indiabulls Centrum Park,gurgaon,2.278
185.81,3.0,3.0,3.0,1.0,102.0,10.0,0.0,0.0,0.0,0.0,0.0,0.0,0.0,0.0,0.0,0.0,0.0,0.0,0.0,0.0,0.0,0.0,0.0,0.0,0.0,Carpet,high,new,Emaar Imperial Gardens,gurgaon,3.264
175.49,3.0,3.0,3.0,1.0,102.0,14.0,0.0,0.0,0.0,0.0,0.0,0.0,1.0,0.0,0.0,0.0,0.0,0.0,0.0,0.0,2.0,0.0,0.0,0.0,0.0,Carpet,high,new,Adani Oyster Greens,gurgaon,3.23
432.0,4.0,4.0,3.0,0.0,102.0,11.0,0.0,0.0,0.0,0.0,0.0,0.0,0.0,0.0,0.0,0.0,0.0,0.0,0.0,0.0,0.0,0.0,0.0,0.0,0.0,Super Built up,high,new,Adani M2K Oyster Grande,gurgaon,7.734999999999999
153.29,3.0,3.0,3.0,1.0,102.0,10.0,0.0,0.0,0.0,0.0,0.0,0.0,0.0,0.0,0.0,0.0,0.0,0.0,0.0,0.0,0.0,0.0,0.0,0.0,0.0,Super Built up,high,new,Emaar Gurgaon Greens,gurgaon,2.618
218.88,4.0,4.0,3.0,1.0,86.0,15.0,0.0,0.0,0.0,0.0,0.0,0.0,0.0,0.0,0.0,0.0,0.0,0.0,0.0,0.0,0.0,0.0,0.0,0.0,0.0,Super Built up,high,old,DLF New Town Heights 2,gurgaon,2.635
186.08,3.0,3.0,3.0,1.0,108.0,9.0,0.0,0.0,0.0,0.0,0.0,0.0,0.0,0.0,0.0,0.0,0.0,0.0,0.0,0.0,0.0,0.0,0.0,0.0,0.0,Super Built up,mid,new,Experion The Heartsong,gurgaon,2.856
199.74,3.0,3.0,3.0,1.0,70.0,11.0,0.0,0.0,0.0,0.0,0.0,0.0,0.0,0.0,0.0,0.0,0.0,0.0,0.0,0.0,0.0,0.0,0.0,0.0,0.0,Super Built up,low,new,AIPL The Peaceful Homes,gurgaon,3.91
137.5,3.0,3.0,3.0,1.0,70.0,12.0,0.0,0.0,0.0,0.0,0.0,0.0,0.0,0.0,0.0,0.0,0.0,0.0,0.0,0.0,0.0,0.0,0.0,0.0,0.0,Super Built up,low,new,BPTP Astaire Gardens,gurgaon,1.666
253.35,4.0,4.0,3.0,1.0,90.0,6.0,0.0,0.0,0.0,0.0,0.0,0.0,0.0,0.0,0.0,0.0,0.0,0.0,0.0,0.0,0.0,0.0,0.0,0.0,0.0,Super Built up,mid,new,DLF New Town Heights 1,gurgaon,3.23
219.62,4.0,4.0,3.0,1.0,90.0,6.0,0.0,0.0,0.0,0.0,0.0,0.0,0.0,0.0,0.0,0.0,0.0,0.0,0.0,0.0,0.0,0.0,0.0,0.0,0.0,Super Built up,low,new,DLF New Town Heights 1,gurgaon,2.635
160.72,3.0,3.0,3.0,1.0,90.0,14.0,0.0,0.0,0.0,0.0,2.0,0.0,0.0,0.0,0.0,0.0,0.0,0.0,0.0,0.0,0.0,0.0,0.0,0.0,0.0,Super Built up,high,new,DLF Regal Gardens,gurgaon,1.921
179.3,3.0,4.0,3.0,1.0,90.0,10.0,0.0,0.0,0.0,0.0,0.0,0.0,0.0,0.0,0.0,0.0,0.0,0.0,0.0,0.0,0.0,0.0,0.0,0.0,0.0,Super Built up,low,new,Shree Vardhman Flora,gurgaon,1.4449999999999998
209.16,3.0,4.0,3.0,1.0,49.0,14.0,0.0,0.0,0.0,0.0,0.0,0.0,3.0,0.0,0.0,0.0,0.0,0.0,0.0,0.0,0.0,0.0,0.0,0.0,0.0,Super Built up,low,old,Vatika City,gurgaon,4.488
187.25,3.0,3.0,3.0,1.0,49.0,14.0,0.0,0.0,0.0,0.0,0.0,0.0,3.0,0.0,0.0,0.0,0.0,0.0,0.0,0.0,0.0,0.0,0.0,0.0,0.0,Super Built up,high,old,Vatika City,gurgaon,3.57
127.09,2.0,2.0,3.0,0.0,102.0,13.0,0.0,0.0,0.0,0.0,0.0,0.0,0.0,0.0,0.0,0.0,0.0,0.0,0.0,0.0,0.0,0.0,0.0,0.0,0.0,Super Built up,high,new,Shapoorji Pallonji Joyville Gurugram,gurgaon,2.38
153.29,3.0,3.0,2.0,1.0,102.0,10.0,0.0,0.0,0.0,0.0,0.0,0.0,0.0,0.0,0.0,0.0,0.0,0.0,0.0,0.0,0.0,0.0,0.0,0.0,0.0,Super Built up,mid,new,Emaar Gurgaon Greens,gurgaon,2.465
179.3,3.0,3.0,3.0,1.0,90.0,6.0,0.0,0.0,0.0,0.0,0.0,0.0,0.0,0.0,0.0,0.0,0.0,0.0,0.0,0.0,0.0,0.0,0.0,0.0,0.0,Carpet,high,old,DLF New Town Heights 1,gurgaon,2.04
65.03,1.0,1.0,1.0,0.0,106.0,5.0,0.0,0.0,0.0,0.0,0.0,0.0,0.0,0.0,0.0,0.0,0.0,0.0,0.0,0.0,0.0,0.0,0.0,0.0,0.0,Super Built up,mid,new,Viridian The Plaza 106,gurgaon,0.663
161.93,3.0,4.0,2.0,1.0,71.0,15.0,0.0,0.0,0.0,0.0,0.0,0.0,0.0,0.0,0.0,0.0,0.0,0.0,0.0,0.0,0.0,0.0,0.0,0.0,0.0,Super Built up,mid,new,CHD Avenue 71,gurgaon,2.125
144.0,2.0,2.0,2.0,0.0,104.0,13.0,0.0,0.0,0.0,0.0,0.0,0.0,0.0,0.0,0.0,0.0,0.0,0.0,0.0,0.0,0.0,0.0,0.0,0.0,0.0,Super Built up,high,new,Puri Emerald Bay,gurgaon,2.703
418.06,4.0,6.0,3.0,1.0,111.0,10.0,0.0,0.0,0.0,0.0,0.0,0.0,0.0,0.0,0.0,0.0,0.0,0.0,0.0,0.0,0.0,0.0,0.0,0.0,0.0,Super Built up,mid,new,Puri Diplomatic Greens,gurgaon,8.924999999999999
274.06,4.0,5.0,3.0,1.0,111.0,10.0,0.0,0.0,0.0,0.0,0.0,0.0,0.0,0.0,0.0,0.0,0.0,0.0,0.0,0.0,0.0,0.0,0.0,0.0,0.0,Super Built up,high,new,Puri Diplomatic Greens,gurgaon,5.779999999999999
260.31,3.0,3.0,3.0,1.0,112.0,8.0,0.0,0.0,0.0,0.0,0.0,0.0,0.0,0.0,0.0,0.0,0.0,0.0,0.0,0.0,0.0,0.0,0.0,0.0,0.0,Super Built up,low,new,Experion Windchants,gurgaon,5.593
227.61,3.0,3.0,3.0,1.0,104.0,13.0,0.0,0.0,0.0,0.0,0.0,0.0,0.0,0.0,0.0,0.0,0.0,0.0,0.0,0.0,0.0,0.0,0.0,0.0,0.0,Super Built up,high,new,Puri Emerald Bay,gurgaon,4.2330000000000005
179.4,3.0,4.0,3.0,1.0,102.0,15.0,0.0,0.0,0.0,0.0,0.0,0.0,0.0,0.0,0.0,0.0,0.0,0.0,0.0,0.0,0.0,0.0,0.0,0.0,0.0,Super Built up,high,new,Conscient Heritage Max,gurgaon,2.975
258.18,4.0,5.0,3.0,1.0,108.0,9.0,0.0,0.0,0.0,0.0,0.0,0.0,0.0,0.0,0.0,0.0,0.0,0.0,0.0,0.0,0.0,0.0,0.0,0.0,0.0,Built Up,high,new,Experion The Heartsong,gurgaon,3.893
199.65,3.0,4.0,3.0,1.0,102.0,15.0,0.0,0.0,0.0,0.0,0.0,0.0,0.0,0.0,0.0,0.0,0.0,0.0,0.0,0.0,0.0,0.0,0.0,0.0,0.0,Super Built up,high,new,Conscient Heritage Max,gurgaon,3.655
132.67,2.0,2.0,2.0,1.0,82.0,10.0,0.0,0.0,0.0,0.0,0.0,0.0,0.0,0.0,0.0,0.0,0.0,0.0,0.0,0.0,0.0,0.0,0.0,0.0,0.0,Super Built up,high,new,Vatika The Seven Lamps,gurgaon,1.496
242.01,3.0,3.0,3.0,1.0,,9.0,0.0,0.0,0.0,0.0,0.0,0.0,0.0,0.0,0.0,0.0,0.0,0.0,0.0,0.0,0.0,0.0,0.0,0.0,0.0,Super Built up,low,old,The Close North,gurgaon,4.505
132.85,2.0,2.0,2.0,1.0,82.0,10.0,0.0,0.0,0.0,0.0,0.0,0.0,0.0,0.0,0.0,0.0,0.0,0.0,0.0,0.0,0.0,0.0,0.0,0.0,0.0,Super Built up,high,new,Vatika The Seven Lamps,gurgaon,1.462
139.82,3.0,3.0,2.0,0.0,79.0,10.0,0.0,0.0,0.0,0.0,0.0,0.0,0.0,0.0,0.0,0.0,0.0,0.0,0.0,0.0,0.0,0.0,0.0,0.0,0.0,Super Built up,mid,new,Godrej 101,gurgaon,2.295
184.23,3.0,3.0,2.0,0.0,79.0,9.0,0.0,0.0,0.0,0.0,0.0,0.0,0.0,0.0,0.0,0.0,0.0,0.0,0.0,0.0,0.0,0.0,0.0,0.0,0.0,Super Built up,mid,new,Godrej Aria,gurgaon,2.873
292.64,4.0,4.0,3.0,1.0,104.0,13.0,0.0,0.0,0.0,0.0,0.0,0.0,0.0,0.0,0.0,0.0,0.0,0.0,0.0,0.0,0.0,0.0,0.0,0.0,0.0,Super Built up,high,new,ATS Triumph,gurgaon,4.505
212.75,3.0,4.0,3.0,1.0,104.0,13.0,0.0,0.0,0.0,0.0,0.0,0.0,0.0,0.0,0.0,0.0,0.0,0.0,0.0,0.0,0.0,0.0,0.0,0.0,0.0,Super Built up,high,new,ATS Triumph,gurgaon,2.975
180.51,3.0,3.0,3.0,1.0,107.0,6.0,0.0,0.0,0.0,0.0,0.0,0.0,0.0,0.0,0.0,0.0,0.0,0.0,0.0,0.0,0.0,0.0,0.0,0.0,0.0,Super Built up,mid,new,M3M Woodshire,gurgaon,2.21
172.06,3.0,3.0,3.0,1.0,102.0,13.0,0.0,0.0,0.0,0.0,0.0,0.0,0.0,0.0,0.0,0.0,0.0,0.0,0.0,0.0,0.0,0.0,0.0,0.0,0.0,Super Built up,high,new,Shapoorji Pallonji Joyville Gurugram,gurgaon,2.975
179.3,3.0,3.0,3.0,1.0,90.0,6.0,0.0,0.0,0.0,0.0,0.0,0.0,0.0,0.0,0.0,0.0,0.0,0.0,0.0,0.0,0.0,0.0,0.0,0.0,0.0,Super Built up,mid,new,DLF New Town Heights 1,gurgaon,2.125
138.43,3.0,3.0,3.0,0.0,79.0,9.0,0.0,0.0,0.0,0.0,0.0,0.0,0.0,0.0,0.0,0.0,0.0,0.0,0.0,0.0,0.0,0.0,0.0,0.0,0.0,Super Built up,high,new,Mapsko Mount Ville,gurgaon,2.04
168.62,3.0,4.0,3.0,1.0,79.0,9.0,0.0,0.0,0.0,0.0,0.0,0.0,0.0,0.0,0.0,0.0,0.0,0.0,0.0,0.0,0.0,0.0,0.0,0.0,0.0,Super Built up,high,new,Mapsko Mount Ville,gurgaon,2.55
193.89,4.0,4.0,2.0,0.0,69.0,10.0,0.0,0.0,0.0,0.0,0.0,0.0,0.0,0.0,0.0,0.0,0.0,0.0,0.0,0.0,0.0,0.0,0.0,0.0,0.0,Super Built up,high,new,Tulip Violet,gurgaon,3.4849999999999994
186.74,4.0,4.0,2.0,0.0,69.0,10.0,0.0,0.0,0.0,0.0,0.0,0.0,0.0,0.0,0.0,0.0,0.0,0.0,0.0,0.0,0.0,0.0,0.0,0.0,0.0,Super Built up,high,new,Tulip Violet,gurgaon,3.315
125.42,2.0,3.0,1.0,1.0,69.0,10.0,0.0,0.0,0.0,0.0,0.0,0.0,0.0,0.0,0.0,0.0,0.0,0.0,0.0,0.0,0.0,0.0,0.0,0.0,0.0,Carpet,high,new,Tulip Violet,gurgaon,2.023
142.88,3.0,3.0,1.0,0.0,69.0,10.0,0.0,0.0,0.0,0.0,0.0,0.0,0.0,0.0,0.0,0.0,0.0,0.0,0.0,0.0,0.0,0.0,0.0,0.0,0.0,Super Built up,high,new,Tulip Violet,gurgaon,2.38
171.87,3.0,4.0,2.0,0.0,69.0,10.0,0.0,0.0,0.0,0.0,0.0,0.0,0.0,0.0,0.0,0.0,0.0,0.0,0.0,0.0,0.0,0.0,0.0,0.0,0.0,Carpet,high,new,Tulip Violet,gurgaon,2.975
146.6,3.0,3.0,1.0,1.0,69.0,10.0,0.0,0.0,0.0,0.0,0.0,0.0,0.0,0.0,0.0,0.0,0.0,0.0,0.0,0.0,0.0,0.0,0.0,0.0,0.0,Super Built up,high,new,Tulip Violet,gurgaon,2.3120000000000003
146.6,3.0,3.0,2.0,1.0,69.0,10.0,0.0,0.0,0.0,0.0,0.0,0.0,0.0,0.0,0.0,0.0,0.0,0.0,0.0,0.0,0.0,0.0,0.0,0.0,0.0,Super Built up,high,new,Tulip Violet,gurgaon,2.567
295.9,4.0,5.0,2.0,1.0,81.0,9.0,0.0,0.0,0.0,0.0,0.0,0.0,0.0,0.0,0.0,0.0,0.0,0.0,0.0,0.0,0.0,0.0,0.0,0.0,0.0,Super Built up,mid,new,Bestech Park View Grand Spa,gurgaon,4.947
152.83,3.0,2.0,3.0,0.0,81.0,9.0,0.0,0.0,0.0,0.0,0.0,0.0,0.0,0.0,0.0,0.0,0.0,0.0,0.0,0.0,0.0,0.0,0.0,0.0,0.0,Super Built up,mid,new,Bestech Park View Ananda,gurgaon,1.87
160.26,3.0,3.0,3.0,1.0,84.0,3.0,0.0,0.0,0.0,0.0,0.0,0.0,0.0,0.0,0.0,0.0,0.0,0.0,0.0,0.0,0.0,0.0,0.0,0.0,0.0,Super Built up,high,new,Antriksh Heights,gurgaon,1.4449999999999998
55.83,2.0,2.0,1.0,0.0,86.0,9.0,0.0,0.0,0.0,0.0,0.0,0.0,0.0,0.0,0.0,0.0,0.0,0.0,0.0,0.0,0.0,0.0,0.0,0.0,0.0,Carpet,low,new,Pyramid Urban Homes 2,gurgaon,0.714
54.16,2.0,2.0,1.0,0.0,84.0,15.0,0.0,0.0,0.0,0.0,0.0,0.0,0.0,0.0,0.0,0.0,0.0,0.0,0.0,0.0,0.0,0.0,0.0,0.0,0.0,Super Built up,mid,new,Pivotal Devaan,gurgaon,0.629
169.55,3.0,3.0,3.0,1.0,84.0,3.0,0.0,0.0,0.0,0.0,0.0,0.0,0.0,0.0,0.0,0.0,0.0,0.0,0.0,0.0,0.0,0.0,0.0,0.0,0.0,Super Built up,high,new,Antriksh Heights,gurgaon,1.496
188.13,3.0,3.0,3.0,1.0,84.0,3.0,0.0,0.0,0.0,0.0,0.0,0.0,0.0,0.0,0.0,0.0,0.0,0.0,0.0,0.0,0.0,0.0,0.0,0.0,0.0,Super Built up,high,new,Antriksh Heights,gurgaon,1.53
149.39,3.0,3.0,2.0,1.0,69.0,10.0,0.0,0.0,0.0,0.0,0.0,0.0,0.0,0.0,0.0,0.0,0.0,0.0,0.0,0.0,0.0,0.0,0.0,0.0,0.0,Super Built up,low,new,Tulip Violet,gurgaon,2.431
142.88,3.0,3.0,1.0,0.0,69.0,10.0,0.0,0.0,0.0,0.0,0.0,0.0,0.0,0.0,0.0,0.0,0.0,0.0,0.0,0.0,0.0,0.0,0.0,0.0,0.0,Carpet,high,new,Tulip Violet,gurgaon,2.346
193.89,4.0,4.0,2.0,0.0,69.0,10.0,0.0,0.0,0.0,0.0,0.0,0.0,0.0,0.0,0.0,0.0,0.0,0.0,0.0,0.0,0.0,0.0,0.0,0.0,0.0,Super Built up,high,new,Tulip Violet,gurgaon,3.4
149.39,3.0,3.0,2.0,1.0,69.0,10.0,0.0,0.0,0.0,0.0,0.0,0.0,0.0,0.0,0.0,0.0,0.0,0.0,0.0,0.0,0.0,0.0,0.0,0.0,0.0,Super Built up,low,new,Tulip Violet,gurgaon,2.635
146.6,3.0,3.0,2.0,1.0,69.0,10.0,0.0,0.0,0.0,0.0,0.0,0.0,0.0,0.0,0.0,0.0,0.0,0.0,0.0,0.0,0.0,0.0,0.0,0.0,0.0,Super Built up,high,new,Tulip Violet,gurgaon,2.482
154.96,3.0,3.0,2.0,0.0,69.0,10.0,0.0,0.0,0.0,0.0,0.0,0.0,0.0,0.0,0.0,0.0,0.0,0.0,0.0,0.0,0.0,0.0,0.0,0.0,0.0,Super Built up,high,new,Tulip Violet,gurgaon,2.856
125.42,2.0,3.0,1.0,0.0,69.0,10.0,0.0,0.0,0.0,0.0,0.0,0.0,0.0,0.0,0.0,0.0,0.0,0.0,0.0,0.0,0.0,0.0,0.0,0.0,0.0,Super Built up,high,new,Tulip Violet,gurgaon,2.04
152.18,3.0,3.0,2.0,0.0,69.0,10.0,0.0,0.0,0.0,0.0,0.0,0.0,0.0,0.0,0.0,0.0,0.0,0.0,0.0,0.0,0.0,0.0,0.0,0.0,0.0,Super Built up,high,new,Tulip Violet,gurgaon,2.822
146.6,3.0,3.0,2.0,1.0,69.0,10.0,0.0,0.0,0.0,0.0,0.0,0.0,0.0,0.0,0.0,0.0,0.0,0.0,0.0,0.0,0.0,0.0,0.0,0.0,0.0,Super Built up,high,new,Tulip Violet,gurgaon,2.72
171.87,3.0,4.0,2.0,0.0,69.0,10.0,0.0,0.0,0.0,0.0,0.0,0.0,0.0,0.0,0.0,0.0,0.0,0.0,0.0,0.0,0.0,0.0,0.0,0.0,0.0,Super Built up,high,new,Tulip Violet,gurgaon,2.992
111.48,2.0,2.0,2.0,0.0,84.0,3.0,0.0,0.0,0.0,0.0,0.0,0.0,0.0,0.0,0.0,0.0,0.0,0.0,0.0,0.0,0.0,0.0,0.0,0.0,0.0,Super Built up,high,new,Antriksh Heights,gurgaon,1.02
169.55,3.0,3.0,3.0,1.0,84.0,3.0,0.0,0.0,0.0,0.0,0.0,0.0,0.0,0.0,0.0,0.0,0.0,0.0,0.0,0.0,0.0,0.0,0.0,0.0,0.0,Super Built up,low,new,Antriksh Heights,gurgaon,1.564
125.42,2.0,2.0,3.0,1.0,84.0,3.0,0.0,0.0,0.0,0.0,0.0,0.0,0.0,0.0,0.0,0.0,0.0,0.0,0.0,0.0,0.0,0.0,0.0,0.0,0.0,Super Built up,high,new,Antriksh Heights,gurgaon,1.1729999999999998
219.62,4.0,4.0,3.0,1.0,90.0,6.0,0.0,0.0,0.0,0.0,0.0,0.0,0.0,0.0,0.0,0.0,0.0,0.0,0.0,0.0,0.0,0.0,0.0,0.0,0.0,Super Built up,mid,new,DLF New Town Heights 1,gurgaon,2.567
131.64,3.0,3.0,2.0,0.0,92.0,7.0,0.0,0.0,0.0,0.0,0.0,0.0,0.0,0.0,0.0,0.0,0.0,0.0,0.0,0.0,0.0,0.0,0.0,0.0,0.0,Carpet,low,new,Sare Homes,gurgaon,1.105
116.13,3.0,2.0,2.0,0.0,92.0,8.0,0.0,0.0,0.0,0.0,0.0,0.0,0.0,0.0,0.0,0.0,0.0,0.0,0.0,0.0,0.0,0.0,0.0,0.0,0.0,Super Built up,low,new,Sare Crescent Parc,gurgaon,0.867
105.35,2.0,2.0,3.0,1.0,82.0,6.0,0.0,0.0,0.0,0.0,0.0,0.0,0.0,0.0,0.0,0.0,0.0,0.0,0.0,0.0,0.0,0.0,0.0,0.0,0.0,Super Built up,low,new,Vatika Iris Floors,gurgaon,1.071
219.62,4.0,4.0,3.0,1.0,86.0,15.0,0.0,0.0,0.0,0.0,0.0,0.0,0.0,0.0,0.0,0.0,0.0,0.0,0.0,0.0,0.0,0.0,0.0,0.0,0.0,Super Built up,high,old,DLF New Town Heights 2,gurgaon,2.618
126.35,2.0,2.0,2.0,0.0,81.0,9.0,0.0,0.0,0.0,0.0,0.0,0.0,0.0,0.0,0.0,0.0,0.0,0.0,0.0,0.0,0.0,0.0,0.0,0.0,0.0,Super Built up,high,new,Bestech Park View Ananda,gurgaon,1.615
162.3,3.0,3.0,3.0,1.0,90.0,14.0,0.0,0.0,0.0,0.0,2.0,0.0,0.0,0.0,0.0,0.0,0.0,0.0,0.0,0.0,0.0,0.0,0.0,0.0,0.0,Super Built up,high,new,DLF Regal Gardens,gurgaon,2.057
195.1,3.0,4.0,3.0,1.0,81.0,9.0,0.0,0.0,0.0,0.0,0.0,0.0,0.0,0.0,0.0,0.0,0.0,0.0,0.0,0.0,0.0,0.0,0.0,0.0,0.0,Super Built up,mid,new,DLF The Ultima,gurgaon,3.74
205.78,4.0,4.0,3.0,0.0,90.0,14.0,0.0,0.0,0.0,0.0,2.0,0.0,0.0,0.0,0.0,0.0,0.0,0.0,0.0,0.0,0.0,0.0,0.0,0.0,0.0,Super Built up,high,new,DLF Regal Gardens,gurgaon,2.805
169.55,3.0,3.0,3.0,0.0,84.0,3.0,0.0,0.0,0.0,0.0,0.0,0.0,0.0,0.0,0.0,0.0,0.0,0.0,0.0,0.0,0.0,0.0,0.0,0.0,0.0,Super Built up,high,new,Antriksh Heights,gurgaon,1.53
111.48,2.0,2.0,3.0,0.0,84.0,3.0,0.0,0.0,0.0,0.0,0.0,0.0,0.0,0.0,0.0,0.0,0.0,0.0,0.0,0.0,0.0,0.0,0.0,0.0,0.0,Super Built up,high,new,Antriksh Heights,gurgaon,0.918
194.63,4.0,4.0,3.0,1.0,84.0,3.0,0.0,0.0,0.0,0.0,0.0,0.0,0.0,0.0,0.0,0.0,0.0,0.0,0.0,0.0,0.0,0.0,0.0,0.0,0.0,Super Built up,high,new,Antriksh Heights,gurgaon,1.734
205.78,4.0,4.0,3.0,0.0,90.0,14.0,0.0,0.0,0.0,0.0,2.0,0.0,0.0,0.0,0.0,0.0,0.0,0.0,0.0,0.0,0.0,0.0,0.0,0.0,0.0,Super Built up,high,new,DLF Regal Gardens,gurgaon,3.026
168.9,3.0,3.0,3.0,1.0,90.0,14.0,0.0,0.0,0.0,0.0,2.0,0.0,0.0,0.0,0.0,0.0,0.0,0.0,0.0,0.0,0.0,0.0,0.0,0.0,0.0,Super Built up,high,new,DLF Regal Gardens,gurgaon,2.193
159.79,3.0,3.0,3.0,1.0,90.0,14.0,0.0,0.0,0.0,0.0,2.0,0.0,0.0,0.0,0.0,0.0,0.0,0.0,0.0,0.0,0.0,0.0,0.0,0.0,0.0,Super Built up,high,new,DLF Regal Gardens,gurgaon,2.125
198.07,3.0,3.0,2.0,1.0,81.0,9.0,0.0,0.0,0.0,0.0,0.0,0.0,0.0,0.0,0.0,0.0,0.0,0.0,0.0,0.0,0.0,0.0,0.0,0.0,0.0,Super Built up,mid,new,DLF The Ultima,gurgaon,4.25
218.32,3.0,4.0,3.0,1.0,70.0,11.0,0.0,0.0,0.0,0.0,0.0,0.0,0.0,0.0,0.0,0.0,0.0,0.0,0.0,0.0,0.0,0.0,0.0,0.0,0.0,Super Built up,high,new,AIPL The Peaceful Homes,gurgaon,4.284
167.23,4.0,4.0,3.0,1.0,33.0,15.0,0.0,0.0,0.0,0.0,0.0,0.0,0.0,0.0,0.0,0.0,0.0,0.0,0.0,0.0,0.0,0.0,0.0,0.0,0.0,Carpet,mid,new,Central Park Flower Valley,gurgaon,3.91
120.77,3.0,3.0,3.0,0.0,33.0,15.0,0.0,0.0,0.0,0.0,0.0,0.0,0.0,0.0,0.0,0.0,0.0,0.0,0.0,0.0,0.0,0.0,0.0,0.0,0.0,Carpet,mid,new,Central Park Flower Valley,gurgaon,2.635
179.3,3.0,3.0,3.0,0.0,90.0,6.0,0.0,0.0,0.0,0.0,0.0,0.0,0.0,0.0,0.0,0.0,0.0,0.0,0.0,0.0,0.0,0.0,0.0,0.0,0.0,Super Built up,high,new,DLF New Town Heights 1,gurgaon,2.04
219.62,4.0,4.0,3.0,1.0,90.0,6.0,0.0,0.0,0.0,0.0,0.0,0.0,0.0,0.0,0.0,0.0,0.0,0.0,0.0,0.0,0.0,0.0,0.0,0.0,0.0,Super Built up,high,old,DLF New Town Heights 1,gurgaon,2.805
138.43,3.0,3.0,3.0,0.0,79.0,9.0,0.0,0.0,0.0,0.0,0.0,0.0,0.0,0.0,0.0,0.0,0.0,0.0,0.0,0.0,0.0,0.0,0.0,0.0,0.0,Carpet,high,new,Mapsko Mount Ville,gurgaon,2.125
138.43,3.0,3.0,3.0,0.0,79.0,9.0,0.0,0.0,0.0,0.0,0.0,0.0,0.0,0.0,0.0,0.0,0.0,0.0,0.0,0.0,0.0,0.0,0.0,0.0,0.0,Super Built up,high,new,Mapsko Mount Ville,gurgaon,2.04
168.34,3.0,3.0,3.0,0.0,69.0,12.0,0.0,0.0,0.0,0.0,0.0,0.0,0.0,0.0,0.0,0.0,0.0,0.0,0.0,0.0,0.0,0.0,0.0,0.0,0.0,Super Built up,high,new,Tulip Leaf,gurgaon,3.502
168.34,3.0,3.0,3.0,0.0,69.0,12.0,0.0,0.0,0.0,0.0,0.0,0.0,0.0,0.0,0.0,0.0,0.0,0.0,0.0,0.0,0.0,0.0,0.0,0.0,0.0,Super Built up,high,new,Tulip Leaf,gurgaon,3.519
181.16,3.0,5.0,3.0,1.0,70.0,15.0,0.0,0.0,0.0,0.0,0.0,0.0,0.0,0.0,0.0,0.0,0.0,0.0,0.0,0.0,0.0,0.0,0.0,0.0,0.0,Carpet,mid,new,Shree Vardhman Victoria,gurgaon,2.72
142.88,3.0,3.0,2.0,1.0,69.0,10.0,0.0,0.0,0.0,0.0,0.0,0.0,0.0,0.0,0.0,0.0,0.0,0.0,0.0,0.0,0.0,0.0,0.0,0.0,0.0,Super Built up,high,new,Tulip Violet,gurgaon,2.227
116.13,4.0,4.0,2.0,0.0,69.0,47.0,0.0,0.0,0.0,0.0,0.0,0.0,7.0,0.0,0.0,0.0,2.0,0.0,1.0,0.0,0.0,0.0,0.0,0.0,2.0,Carpet,high,new,Tulip Violet,gurgaon,3.264
186.74,4.0,4.0,2.0,1.0,69.0,10.0,0.0,0.0,0.0,0.0,0.0,0.0,0.0,0.0,0.0,0.0,0.0,0.0,0.0,0.0,0.0,0.0,0.0,0.0,0.0,Super Built up,mid,new,Tulip Violet,gurgaon,3.23
293.2,4.0,6.0,3.0,1.0,69.0,10.0,0.0,0.0,0.0,0.0,0.0,0.0,0.0,0.0,0.0,0.0,0.0,0.0,0.0,0.0,0.0,0.0,0.0,0.0,0.0,Super Built up,high,new,Tulip Violet,gurgaon,5.27
145.67,3.0,3.0,1.0,1.0,69.0,10.0,0.0,0.0,0.0,0.0,0.0,0.0,0.0,0.0,0.0,0.0,0.0,0.0,0.0,0.0,0.0,0.0,0.0,0.0,0.0,Super Built up,high,new,Tulip Violet,gurgaon,2.38
146.6,3.0,3.0,2.0,1.0,69.0,10.0,0.0,0.0,0.0,0.0,0.0,0.0,0.0,0.0,0.0,0.0,0.0,0.0,0.0,0.0,0.0,0.0,0.0,0.0,0.0,Super Built up,low,new,Tulip Violet,gurgaon,2.448
293.2,4.0,5.0,3.0,1.0,69.0,10.0,0.0,0.0,0.0,0.0,0.0,0.0,0.0,0.0,0.0,0.0,0.0,0.0,0.0,0.0,0.0,0.0,0.0,0.0,0.0,Super Built up,high,new,Tulip Violet,gurgaon,5.185
146.6,3.0,3.0,2.0,1.0,69.0,10.0,0.0,0.0,0.0,0.0,0.0,0.0,0.0,0.0,0.0,0.0,0.0,0.0,0.0,0.0,0.0,0.0,0.0,0.0,0.0,Super Built up,high,new,Tulip Violet,gurgaon,2.176
146.6,3.0,3.0,2.0,1.0,69.0,10.0,0.0,0.0,0.0,0.0,0.0,0.0,0.0,0.0,0.0,0.0,0.0,0.0,0.0,0.0,0.0,0.0,0.0,0.0,0.0,Super Built up,high,new,Tulip Violet,gurgaon,2.72
186.74,4.0,4.0,2.0,0.0,69.0,10.0,0.0,0.0,0.0,0.0,0.0,0.0,0.0,0.0,0.0,0.0,0.0,0.0,0.0,0.0,0.0,0.0,0.0,0.0,0.0,Super Built up,high,new,Tulip Violet,gurgaon,3.23
146.6,3.0,3.0,2.0,1.0,69.0,10.0,0.0,0.0,0.0,0.0,0.0,0.0,0.0,0.0,0.0,0.0,0.0,0.0,0.0,0.0,0.0,0.0,0.0,0.0,0.0,Super Built up,high,new,Tulip Violet,gurgaon,2.89
146.6,3.0,3.0,2.0,1.0,69.0,10.0,0.0,0.0,0.0,0.0,0.0,0.0,0.0,0.0,0.0,0.0,0.0,0.0,0.0,0.0,0.0,0.0,0.0,0.0,0.0,Super Built up,high,new,Tulip Violet,gurgaon,2.3120000000000003
142.88,3.0,3.0,1.0,0.0,69.0,10.0,0.0,0.0,0.0,0.0,0.0,0.0,0.0,0.0,0.0,0.0,0.0,0.0,0.0,0.0,0.0,0.0,0.0,0.0,0.0,Super Built up,high,new,Tulip Violet,gurgaon,2.346
154.22,3.0,2.0,3.0,0.0,81.0,9.0,0.0,0.0,0.0,0.0,0.0,0.0,0.0,0.0,0.0,0.0,0.0,0.0,0.0,0.0,0.0,0.0,0.0,0.0,0.0,Super Built up,high,new,Bestech Park View Ananda,gurgaon,1.955
145.67,3.0,3.0,1.0,0.0,69.0,10.0,0.0,0.0,0.0,0.0,0.0,0.0,0.0,0.0,0.0,0.0,0.0,0.0,0.0,0.0,0.0,0.0,0.0,0.0,0.0,Super Built up,high,new,Tulip Violet,gurgaon,2.38
142.88,3.0,3.0,1.0,0.0,69.0,10.0,0.0,0.0,0.0,0.0,0.0,0.0,0.0,0.0,0.0,0.0,0.0,0.0,0.0,0.0,0.0,0.0,0.0,0.0,0.0,Super Built up,high,new,Tulip Violet,gurgaon,2.329
145.67,3.0,3.0,1.0,1.0,69.0,10.0,0.0,0.0,0.0,0.0,0.0,0.0,0.0,0.0,0.0,0.0,0.0,0.0,0.0,0.0,0.0,0.0,0.0,0.0,0.0,Super Built up,high,new,Tulip Violet,gurgaon,2.38
97.55,2.0,2.0,2.0,0.0,83.0,15.0,0.0,0.0,0.0,0.0,0.0,0.0,0.0,0.0,0.0,0.0,0.0,0.0,0.0,0.0,0.0,0.0,0.0,0.0,0.0,Super Built up,low,new,Vatika Emilia Floors,gurgaon,1.105
97.55,2.0,2.0,2.0,0.0,83.0,15.0,0.0,0.0,0.0,0.0,0.0,0.0,0.0,0.0,0.0,0.0,0.0,0.0,0.0,0.0,0.0,0.0,0.0,0.0,0.0,Super Built up,low,new,Vatika Emilia Floors,gurgaon,1.02
124.68,2.0,2.0,2.0,0.0,77.0,10.0,0.0,0.0,0.0,0.0,0.0,0.0,0.0,0.0,0.0,0.0,0.0,0.0,0.0,0.0,0.0,0.0,0.0,0.0,0.0,Super Built up,mid,new,Umang Winter Hills,gurgaon,1.275
126.35,2.0,2.0,2.0,0.0,81.0,9.0,0.0,0.0,0.0,0.0,0.0,0.0,0.0,0.0,0.0,0.0,0.0,0.0,0.0,0.0,0.0,0.0,0.0,0.0,0.0,Super Built up,high,new,Bestech Park View Ananda,gurgaon,1.615
178.19,3.0,3.0,3.0,1.0,84.0,10.0,0.0,0.0,0.0,0.0,0.0,0.0,0.0,0.0,0.0,0.0,0.0,0.0,0.0,0.0,0.0,0.0,0.0,0.0,0.0,Super Built up,high,new,Spaze Privy AT4,gurgaon,2.108
160.26,3.0,3.0,3.0,0.0,84.0,3.0,0.0,0.0,0.0,0.0,0.0,0.0,0.0,0.0,0.0,0.0,0.0,0.0,0.0,0.0,0.0,0.0,0.0,0.0,0.0,Super Built up,high,new,Antriksh Heights,gurgaon,1.53
150.5,3.0,3.0,3.0,0.0,79.0,9.0,0.0,0.0,0.0,0.0,0.0,0.0,0.0,0.0,0.0,0.0,0.0,0.0,0.0,0.0,0.0,0.0,0.0,0.0,0.0,Super Built up,low,new,Mapsko Mount Ville,gurgaon,2.21
111.48,2.0,2.0,3.0,1.0,84.0,3.0,0.0,0.0,0.0,0.0,0.0,0.0,0.0,0.0,0.0,0.0,0.0,0.0,0.0,0.0,0.0,0.0,0.0,0.0,0.0,Super Built up,mid,new,Antriksh Heights,gurgaon,1.241
179.3,3.0,3.0,3.0,1.0,86.0,15.0,0.0,0.0,0.0,0.0,0.0,0.0,0.0,0.0,0.0,0.0,0.0,0.0,0.0,0.0,0.0,0.0,0.0,0.0,0.0,Super Built up,mid,old,DLF New Town Heights 2,gurgaon,2.142
179.3,3.0,3.0,3.0,1.0,90.0,6.0,0.0,0.0,0.0,0.0,0.0,0.0,0.0,0.0,0.0,0.0,0.0,0.0,0.0,0.0,0.0,0.0,0.0,0.0,0.0,Super Built up,mid,new,DLF New Town Heights 1,gurgaon,2.125
253.35,4.0,4.0,3.0,1.0,90.0,6.0,0.0,0.0,0.0,0.0,0.0,0.0,0.0,0.0,0.0,0.0,0.0,0.0,0.0,0.0,0.0,0.0,0.0,0.0,0.0,Super Built up,high,new,DLF New Town Heights 1,gurgaon,3.196
179.3,3.0,3.0,3.0,1.0,90.0,6.0,0.0,0.0,0.0,0.0,0.0,0.0,0.0,0.0,0.0,0.0,0.0,0.0,0.0,0.0,0.0,0.0,0.0,0.0,0.0,Super Built up,high,new,DLF New Town Heights 1,gurgaon,2.21
55.83,2.0,2.0,2.0,0.0,86.0,9.0,0.0,0.0,0.0,0.0,0.0,0.0,0.0,0.0,0.0,0.0,0.0,0.0,0.0,0.0,0.0,0.0,0.0,0.0,0.0,Carpet,mid,new,Pyramid Urban Homes 2,gurgaon,0.748
160.26,3.0,3.0,3.0,1.0,84.0,3.0,0.0,0.0,0.0,0.0,0.0,0.0,0.0,0.0,0.0,0.0,0.0,0.0,0.0,0.0,0.0,0.0,0.0,0.0,0.0,Super Built up,high,new,Antriksh Heights,gurgaon,1.428
160.26,3.0,3.0,3.0,0.0,84.0,3.0,0.0,0.0,0.0,0.0,0.0,0.0,0.0,0.0,0.0,0.0,0.0,0.0,0.0,0.0,0.0,0.0,0.0,0.0,0.0,Super Built up,high,new,Antriksh Heights,gurgaon,1.343
235.51,4.0,5.0,3.0,1.0,82.0,11.0,0.0,0.0,0.0,0.0,0.0,0.0,0.0,0.0,0.0,0.0,0.0,0.0,0.0,0.0,0.0,0.0,0.0,0.0,0.0,Super Built up,high,new,Mapsko Casa Bella,gurgaon,2.346
158.96,3.0,3.0,2.0,0.0,108.0,13.0,0.0,0.0,0.0,0.0,0.0,0.0,0.0,0.0,0.0,0.0,0.0,0.0,0.0,0.0,0.0,0.0,0.0,0.0,0.0,Super Built up,high,new,Sobha City,gurgaon,4.42
186.74,4.0,4.0,2.0,0.0,69.0,10.0,0.0,0.0,0.0,0.0,0.0,0.0,0.0,0.0,0.0,0.0,0.0,0.0,0.0,0.0,0.0,0.0,0.0,0.0,0.0,Super Built up,mid,new,Tulip Violet,gurgaon,2.89
186.74,4.0,4.0,2.0,0.0,69.0,10.0,0.0,0.0,0.0,0.0,0.0,0.0,0.0,0.0,0.0,0.0,0.0,0.0,0.0,0.0,0.0,0.0,0.0,0.0,0.0,Super Built up,high,new,Tulip Violet,gurgaon,2.89
146.6,3.0,3.0,2.0,1.0,69.0,10.0,0.0,0.0,0.0,0.0,0.0,0.0,0.0,0.0,0.0,0.0,0.0,0.0,0.0,0.0,0.0,0.0,0.0,0.0,0.0,Super Built up,high,new,Tulip Violet,gurgaon,2.38
186.74,4.0,4.0,2.0,0.0,69.0,10.0,0.0,0.0,0.0,0.0,0.0,0.0,0.0,0.0,0.0,0.0,0.0,0.0,0.0,0.0,0.0,0.0,0.0,0.0,0.0,Super Built up,mid,new,Tulip Violet,gurgaon,2.856
186.74,4.0,4.0,2.0,0.0,69.0,10.0,0.0,0.0,0.0,0.0,0.0,0.0,0.0,0.0,0.0,0.0,0.0,0.0,0.0,0.0,0.0,0.0,0.0,0.0,0.0,Super Built up,low,new,Tulip Violet,gurgaon,2.89
146.6,3.0,3.0,2.0,0.0,69.0,10.0,0.0,0.0,0.0,0.0,0.0,0.0,0.0,0.0,0.0,0.0,0.0,0.0,0.0,0.0,0.0,0.0,0.0,0.0,0.0,Super Built up,low,new,Tulip Violet,gurgaon,2.38
83.61,3.0,3.0,3.0,1.0,37.0,10.0,0.0,0.0,0.0,0.0,0.0,0.0,0.0,0.0,0.0,0.0,0.0,0.0,0.0,0.0,0.0,0.0,0.0,0.0,0.0,Carpet,mid,new,Ramprastha Primera,gurgaon,2.04
125.51,2.0,2.0,3.0,0.0,79.0,11.0,0.0,0.0,0.0,0.0,0.0,0.0,0.0,0.0,0.0,0.0,0.0,0.0,0.0,0.0,0.0,0.0,0.0,0.0,0.0,Super Built up,high,new,Godrej Aria,gurgaon,1.632
78.97,2.0,3.0,3.0,1.0,86.0,10.0,0.0,0.0,0.0,0.0,0.0,0.0,0.0,0.0,0.0,0.0,0.0,0.0,0.0,0.0,0.0,0.0,0.0,0.0,0.0,Carpet,mid,new,Microtek Greenburg,gurgaon,2.21
196.95,3.0,3.0,3.0,1.0,92.0,11.0,0.0,0.0,0.0,0.0,0.0,0.0,0.0,0.0,0.0,0.0,0.0,0.0,0.0,0.0,0.0,0.0,0.0,0.0,0.0,Super Built up,high,new,Bestech Park View Sanskruti,gurgaon,2.72
212.28,3.0,4.0,3.0,1.0,86.0,10.0,0.0,0.0,0.0,0.0,0.0,0.0,0.0,0.0,0.0,0.0,0.0,0.0,0.0,0.0,0.0,0.0,0.0,0.0,0.0,Super Built up,high,new,Microtek Greenburg,gurgaon,3.281
178.37,3.0,3.0,2.0,0.0,92.0,11.0,0.0,0.0,0.0,0.0,0.0,0.0,0.0,0.0,0.0,0.0,0.0,0.0,0.0,0.0,0.0,0.0,0.0,0.0,0.0,Super Built up,high,new,Bestech Park View Sanskruti,gurgaon,2.414
195.1,3.0,4.0,3.0,1.0,81.0,9.0,0.0,0.0,0.0,0.0,0.0,0.0,0.0,0.0,0.0,0.0,0.0,0.0,0.0,0.0,0.0,0.0,0.0,0.0,0.0,Super Built up,high,new,DLF The Ultima,gurgaon,3.74
179.21,3.0,3.0,1.0,0.0,86.0,10.0,0.0,0.0,0.0,0.0,0.0,0.0,0.0,0.0,0.0,0.0,0.0,0.0,0.0,0.0,0.0,0.0,0.0,0.0,0.0,Super Built up,high,new,DLF The Skycourt,gurgaon,2.295
176.05,3.0,4.0,3.0,1.0,86.0,10.0,0.0,0.0,0.0,0.0,0.0,0.0,0.0,0.0,0.0,0.0,0.0,0.0,0.0,0.0,0.0,0.0,0.0,0.0,0.0,Super Built up,high,new,Microtek Greenburg,gurgaon,2.805
153.29,3.0,3.0,3.0,1.0,48.0,45.0,0.0,0.0,0.0,0.0,0.0,0.0,10.0,0.0,0.0,0.0,0.0,0.0,0.0,0.0,0.0,0.0,1.0,0.0,0.0,Super Built up,low,old,Parsvnath Green Ville,gurgaon,2.414
163.51,3.0,4.0,3.0,1.0,106.0,11.0,0.0,0.0,0.0,0.0,0.0,0.0,0.0,0.0,0.0,0.0,0.0,0.0,0.0,0.0,0.0,0.0,0.0,0.0,0.0,Super Built up,high,new,Paras Dews,gurgaon,1.87
185.53,3.0,5.0,3.0,1.0,99.0,15.0,0.0,0.0,0.0,0.0,0.0,0.0,0.0,0.0,0.0,0.0,0.0,0.0,0.0,0.0,0.0,0.0,0.0,0.0,0.0,Super Built up,mid,new,Pareena Coban Residences,gurgaon,2.091
178.37,3.0,3.0,3.0,1.0,92.0,11.0,0.0,0.0,0.0,0.0,0.0,0.0,0.0,0.0,0.0,0.0,0.0,0.0,0.0,0.0,0.0,0.0,0.0,0.0,0.0,Super Built up,low,new,Bestech Park View Sanskruti,gurgaon,2.55
120.77,2.0,2.0,2.0,1.0,90.0,10.0,0.0,0.0,0.0,0.0,0.0,0.0,0.0,0.0,0.0,0.0,0.0,0.0,0.0,0.0,0.0,0.0,0.0,0.0,0.0,Super Built up,high,old,Shree Vardhman Flora,gurgaon,1.105
120.77,2.0,2.0,3.0,1.0,90.0,10.0,0.0,0.0,0.0,0.0,0.0,0.0,0.0,0.0,0.0,0.0,0.0,0.0,0.0,0.0,0.0,0.0,0.0,0.0,0.0,Super Built up,mid,old,Shree Vardhman Flora,gurgaon,1.088
174.38,3.0,3.0,2.0,0.0,37.0,11.0,0.0,0.0,0.0,0.0,0.0,0.0,0.0,0.0,0.0,0.0,0.0,0.0,0.0,0.0,0.0,0.0,0.0,0.0,0.0,Super Built up,high,new,BPTP Terra,gurgaon,2.805
130.99,2.0,2.0,2.0,0.0,37.0,11.0,0.0,0.0,0.0,0.0,0.0,0.0,0.0,0.0,0.0,0.0,0.0,0.0,0.0,0.0,0.0,0.0,0.0,0.0,0.0,Super Built up,high,new,BPTP Terra,gurgaon,1.989
168.25,3.0,3.0,3.0,0.0,37.0,11.0,0.0,0.0,0.0,0.0,0.0,0.0,0.0,0.0,0.0,0.0,0.0,0.0,0.0,0.0,0.0,0.0,0.0,0.0,0.0,Super Built up,high,new,BPTP Terra,gurgaon,2.465
172.06,3.0,3.0,3.0,1.0,102.0,13.0,0.0,0.0,0.0,0.0,0.0,0.0,0.0,0.0,0.0,0.0,0.0,0.0,0.0,0.0,0.0,0.0,0.0,0.0,0.0,Super Built up,mid,new,Shapoorji Pallonji Joyville Gurugram,gurgaon,3.315
390.19,4.0,4.0,3.0,1.0,81.0,9.0,0.0,0.0,0.0,0.0,0.0,0.0,0.0,0.0,0.0,0.0,0.0,0.0,0.0,0.0,0.0,0.0,0.0,0.0,0.0,Super Built up,high,new,Bestech Park View Grand Spa,gurgaon,7.14
185.34,3.0,4.0,3.0,1.0,92.0,11.0,0.0,0.0,0.0,0.0,0.0,0.0,0.0,0.0,0.0,0.0,0.0,0.0,0.0,0.0,0.0,0.0,0.0,0.0,0.0,Super Built up,high,new,Bestech Park View Sanskruti,gurgaon,2.635
223.71,3.0,4.0,3.0,1.0,85.0,13.0,0.0,0.0,0.0,0.0,0.0,0.0,0.0,0.0,0.0,0.0,0.0,0.0,0.0,0.0,0.0,0.0,0.0,0.0,0.0,Super Built up,high,new,SS The Leaf,gurgaon,2.686
179.77,3.0,4.0,3.0,1.0,67.0,11.0,0.0,0.0,0.0,0.0,0.0,0.0,0.0,0.0,0.0,0.0,0.0,0.0,0.0,0.0,0.0,0.0,0.0,0.0,0.0,Super Built up,high,old,Bestech Park View Spa Next,gurgaon,3.944
137.5,3.0,4.0,3.0,1.0,86.0,10.0,0.0,0.0,0.0,0.0,0.0,0.0,0.0,0.0,0.0,0.0,0.0,0.0,0.0,0.0,0.0,0.0,0.0,0.0,0.0,Super Built up,high,new,Microtek Greenburg,gurgaon,2.125
151.62,2.0,2.0,1.0,1.0,58.0,13.0,0.0,0.0,0.0,0.0,0.0,0.0,0.0,0.0,0.0,0.0,0.0,0.0,0.0,0.0,0.0,0.0,0.0,0.0,0.0,Super Built up,mid,new,Ireo The Grand Arch,gurgaon,3.74
218.79,4.0,6.0,3.0,1.0,106.0,11.0,0.0,0.0,0.0,0.0,0.0,0.0,0.0,0.0,0.0,0.0,0.0,0.0,0.0,0.0,0.0,0.0,0.0,0.0,0.0,Super Built up,high,new,Paras Dews,gurgaon,2.38
154.68,3.0,3.0,3.0,1.0,106.0,11.0,0.0,0.0,0.0,0.0,0.0,0.0,0.0,0.0,0.0,0.0,0.0,0.0,0.0,0.0,0.0,0.0,0.0,0.0,0.0,Super Built up,high,new,Paras Dews,gurgaon,2.04
125.42,2.0,2.0,2.0,1.0,88.0,7.0,0.0,0.0,0.0,0.0,0.0,0.0,0.0,1.0,0.0,0.0,0.0,0.0,0.0,0.0,0.0,0.0,0.0,0.0,0.0,Super Built up,low,new,Vatika Xpressions,gurgaon,1.564
176.52,3.0,4.0,3.0,1.0,106.0,11.0,0.0,0.0,0.0,0.0,0.0,0.0,0.0,0.0,0.0,0.0,0.0,0.0,0.0,0.0,0.0,0.0,0.0,0.0,0.0,Super Built up,high,new,Paras Dews,gurgaon,2.125
163.51,3.0,4.0,3.0,1.0,106.0,11.0,0.0,0.0,0.0,0.0,0.0,0.0,0.0,0.0,0.0,0.0,0.0,0.0,0.0,0.0,0.0,0.0,0.0,0.0,0.0,Super Built up,mid,new,Paras Dews,gurgaon,2.125
162.48,3.0,3.0,1.0,1.0,49.0,14.0,0.0,0.0,0.0,0.0,0.0,0.0,3.0,0.0,0.0,0.0,0.0,0.0,0.0,0.0,0.0,0.0,0.0,0.0,0.0,Super Built up,mid,old,Vatika City,gurgaon,3.145
182.09,3.0,3.0,3.0,1.0,49.0,14.0,0.0,0.0,0.0,0.0,0.0,0.0,3.0,0.0,0.0,0.0,0.0,0.0,0.0,0.0,0.0,0.0,0.0,0.0,0.0,Carpet,low,old,Vatika City,gurgaon,2.873
204.48,3.0,3.0,2.0,1.0,66.0,14.0,0.0,0.0,0.0,0.0,0.0,0.0,0.0,0.0,0.0,0.0,0.0,0.0,0.0,0.0,0.0,0.0,0.0,0.0,0.0,Super Built up,mid,new,Emaar MGF The Palm Drive,gurgaon,5.95
111.48,2.0,2.0,2.0,1.0,66.0,14.0,0.0,0.0,0.0,0.0,0.0,0.0,0.0,0.0,0.0,0.0,0.0,0.0,0.0,0.0,0.0,0.0,0.0,0.0,0.0,Super Built up,mid,new,Emaar MGF The Palm Drive,gurgaon,2.567
225.75,3.0,3.0,3.0,1.0,48.0,45.0,0.0,0.0,0.0,0.0,0.0,0.0,10.0,0.0,0.0,0.0,0.0,0.0,0.0,0.0,0.0,0.0,1.0,0.0,0.0,Super Built up,mid,old,Parsvnath Green Ville,gurgaon,3.162
186.08,3.0,4.0,3.0,1.0,108.0,9.0,0.0,0.0,0.0,0.0,0.0,0.0,0.0,0.0,0.0,0.0,0.0,0.0,0.0,0.0,0.0,0.0,0.0,0.0,0.0,Super Built up,high,new,Experion The Heartsong,gurgaon,2.89
217.21,3.0,3.0,3.0,1.0,108.0,9.0,0.0,0.0,0.0,0.0,0.0,0.0,0.0,0.0,0.0,0.0,0.0,0.0,0.0,0.0,0.0,0.0,0.0,0.0,0.0,Super Built up,high,new,Experion The Heartsong,gurgaon,3.4
171.31,3.0,4.0,3.0,1.0,104.0,15.0,0.0,0.0,0.0,0.0,0.0,0.0,0.0,0.0,0.0,0.0,0.0,0.0,0.0,0.0,0.0,0.0,0.0,0.0,0.0,Super Built up,high,new,Godrej Summit,gurgaon,2.125
153.01,3.0,3.0,3.0,1.0,104.0,15.0,0.0,0.0,0.0,0.0,0.0,0.0,0.0,0.0,0.0,0.0,0.0,0.0,0.0,0.0,0.0,0.0,0.0,0.0,0.0,Super Built up,high,new,Godrej Summit,gurgaon,1.666
134.34,2.0,2.0,3.0,1.0,104.0,15.0,0.0,0.0,0.0,0.0,0.0,0.0,0.0,0.0,0.0,0.0,0.0,0.0,0.0,0.0,0.0,0.0,0.0,0.0,0.0,Super Built up,high,new,Godrej Summit,gurgaon,1.4449999999999998
117.89,2.0,2.0,3.0,1.0,104.0,15.0,0.0,0.0,0.0,0.0,0.0,0.0,0.0,0.0,0.0,0.0,0.0,0.0,0.0,0.0,0.0,0.0,0.0,0.0,0.0,Super Built up,mid,new,Godrej Summit,gurgaon,1.275
55.93,2.0,2.0,1.0,0.0,107.0,10.0,0.0,0.0,0.0,0.0,0.0,0.0,0.0,0.0,0.0,0.0,0.0,0.0,0.0,0.0,0.0,0.0,0.0,0.0,0.0,Super Built up,mid,new,Signature Global Solera,gurgaon,0.51
162.12,3.0,3.0,3.0,0.0,109.0,15.0,0.0,0.0,0.0,0.0,0.0,0.0,0.0,0.0,0.0,0.0,0.0,0.0,0.0,0.0,0.0,0.0,0.0,0.0,0.0,Super Built up,high,new,ATS Kocoon,gurgaon,2.89
162.58,3.0,3.0,3.0,1.0,109.0,11.0,0.0,0.0,0.0,0.0,0.0,0.0,0.0,0.0,0.0,0.0,0.0,0.0,0.0,0.0,0.0,0.0,0.0,0.0,0.0,Super Built up,high,new,ATS Tourmaline,gurgaon,2.38
160.44,3.0,3.0,2.0,1.0,67.0,12.0,0.0,0.0,0.0,0.0,0.0,0.0,0.0,0.0,0.0,0.0,0.0,0.0,0.0,0.0,0.0,0.0,0.0,0.0,0.0,Super Built up,high,new,Ireo The Corridors,gurgaon,2.89
181.16,3.0,4.0,3.0,1.0,90.0,10.0,0.0,0.0,0.0,0.0,0.0,0.0,0.0,0.0,0.0,0.0,0.0,0.0,0.0,0.0,0.0,0.0,0.0,0.0,0.0,Super Built up,mid,new,Shree Vardhman Flora,gurgaon,1.53
239.23,4.0,4.0,3.0,1.0,90.0,10.0,0.0,0.0,0.0,0.0,0.0,0.0,0.0,0.0,0.0,0.0,0.0,0.0,0.0,0.0,0.0,0.0,0.0,0.0,0.0,Carpet,high,new,Shree Vardhman Flora,gurgaon,2.125
125.42,2.0,2.0,3.0,1.0,90.0,10.0,0.0,0.0,0.0,0.0,0.0,0.0,0.0,0.0,0.0,0.0,0.0,0.0,0.0,0.0,0.0,0.0,0.0,0.0,0.0,Super Built up,mid,new,Shree Vardhman Flora,gurgaon,1.105
181.16,3.0,4.0,3.0,1.0,90.0,10.0,0.0,0.0,0.0,0.0,0.0,0.0,0.0,0.0,0.0,0.0,0.0,0.0,0.0,0.0,0.0,0.0,0.0,0.0,0.0,Super Built up,mid,new,Shree Vardhman Flora,gurgaon,1.53
125.42,2.0,2.0,3.0,1.0,90.0,10.0,0.0,0.0,0.0,0.0,0.0,0.0,0.0,0.0,0.0,0.0,0.0,0.0,0.0,0.0,0.0,0.0,0.0,0.0,0.0,Super Built up,mid,new,Shree Vardhman Flora,gurgaon,1.105
120.77,2.0,2.0,3.0,1.0,90.0,10.0,0.0,0.0,0.0,0.0,0.0,0.0,0.0,0.0,0.0,0.0,0.0,0.0,0.0,0.0,0.0,0.0,0.0,0.0,0.0,Super Built up,mid,new,Shree Vardhman Flora,gurgaon,1.122
240.43,3.0,3.0,3.0,1.0,1.0,11.0,0.0,0.0,0.0,0.0,0.0,0.0,0.0,0.0,0.0,0.0,0.0,0.0,0.0,0.0,0.0,0.0,0.0,0.0,0.0,Super Built up,high,old,HSIIDC Sidco Aravali,gurgaon,1.547
213.68,3.0,3.0,2.0,0.0,,10.0,0.0,0.0,0.0,0.0,0.0,0.0,0.0,0.0,0.0,0.0,0.0,0.0,0.0,0.0,0.0,0.0,0.0,0.0,0.0,Carpet,low,old,The Crew Bos Chs Manesar,gurgaon,1.4449999999999998
213.68,3.0,3.0,3.0,1.0,1.0,10.0,0.0,0.0,0.0,0.0,0.0,0.0,0.0,0.0,0.0,0.0,0.0,0.0,0.0,0.0,0.0,0.0,0.0,0.0,0.0,Super Built up,mid,new,Nagata Group Housing Society,gurgaon,1.4449999999999998
183.48,4.0,4.0,0.0,1.0,65.0,6.0,0.0,0.0,0.0,0.0,0.0,0.0,0.0,0.0,0.0,0.0,0.0,0.0,0.0,0.0,0.0,0.0,0.0,0.0,0.0,Carpet,mid,new,Emaar MGF Emerald Floors Premier,gurgaon,4.93
183.48,4.0,4.0,3.0,1.0,65.0,6.0,0.0,0.0,0.0,0.0,0.0,0.0,0.0,0.0,0.0,0.0,0.0,0.0,0.0,0.0,0.0,0.0,0.0,0.0,0.0,Carpet,low,new,Emaar MGF Emerald Floors Premier,gurgaon,4.845
153.29,3.0,3.0,3.0,1.0,65.0,6.0,0.0,0.0,0.0,0.0,0.0,0.0,0.0,0.0,0.0,0.0,0.0,0.0,0.0,0.0,0.0,0.0,0.0,0.0,0.0,Carpet,low,new,Emaar MGF Emerald Floors Premier,gurgaon,3.808
153.29,3.0,3.0,3.0,1.0,65.0,6.0,0.0,0.0,0.0,0.0,0.0,0.0,0.0,0.0,0.0,0.0,0.0,0.0,0.0,0.0,0.0,0.0,0.0,0.0,0.0,Super Built up,low,new,Emaar MGF Emerald Floors Premier,gurgaon,4.335
183.48,4.0,4.0,3.0,1.0,65.0,6.0,0.0,0.0,0.0,0.0,0.0,0.0,0.0,0.0,0.0,0.0,0.0,0.0,0.0,0.0,0.0,0.0,0.0,0.0,0.0,Super Built up,low,new,Emaar MGF Emerald Floors Premier,gurgaon,4.845
153.29,3.0,3.0,3.0,1.0,65.0,6.0,0.0,0.0,0.0,0.0,0.0,0.0,0.0,0.0,0.0,0.0,0.0,0.0,0.0,0.0,0.0,0.0,0.0,0.0,0.0,Super Built up,low,new,Emaar MGF Emerald Floors Premier,gurgaon,4.25
242.01,3.0,3.0,3.0,1.0,,9.0,0.0,0.0,0.0,0.0,0.0,0.0,0.0,0.0,0.0,0.0,0.0,0.0,0.0,0.0,0.0,0.0,0.0,0.0,0.0,Super Built up,low,old,The Close North,gurgaon,4.675
143.54,3.0,4.0,2.0,1.0,33.0,13.0,0.0,0.0,0.0,0.0,0.0,0.0,0.0,0.0,0.0,0.0,0.0,0.0,0.0,0.0,0.0,0.0,0.0,0.0,0.0,Super Built up,high,old,Unitech The Residences,gurgaon,2.295
194.45,3.0,3.0,3.0,1.0,,9.0,0.0,0.0,0.0,0.0,0.0,0.0,0.0,0.0,0.0,0.0,0.0,0.0,0.0,0.0,0.0,0.0,0.0,0.0,0.0,Super Built up,high,old,The Close North,gurgaon,4.267
293.02,4.0,4.0,3.0,1.0,67.0,10.0,0.0,0.0,0.0,0.0,0.0,0.0,0.0,0.0,0.0,0.0,0.0,0.0,0.0,0.0,0.0,0.0,0.0,0.0,0.0,Super Built up,high,new,M3M Merlin,gurgaon,7.649999999999999
194.45,3.0,3.0,3.0,1.0,,9.0,0.0,0.0,0.0,0.0,0.0,0.0,0.0,0.0,0.0,0.0,0.0,0.0,0.0,0.0,0.0,0.0,0.0,0.0,0.0,Super Built up,high,new,The Close North,gurgaon,4.25
152.36,2.0,2.0,3.0,0.0,85.0,13.0,0.0,0.0,0.0,0.0,0.0,0.0,0.0,0.0,0.0,0.0,0.0,0.0,0.0,0.0,0.0,0.0,0.0,0.0,0.0,Super Built up,mid,new,SS The Leaf,gurgaon,1.938
261.24,4.0,5.0,3.0,0.0,85.0,13.0,0.0,0.0,0.0,0.0,0.0,0.0,0.0,0.0,0.0,0.0,0.0,0.0,0.0,0.0,0.0,0.0,0.0,0.0,0.0,Super Built up,low,new,SS The Leaf,gurgaon,3.145
181.16,3.0,4.0,3.0,1.0,66.0,14.0,0.0,0.0,0.0,0.0,0.0,0.0,0.0,0.0,0.0,0.0,0.0,0.0,0.0,0.0,0.0,0.0,0.0,0.0,0.0,Super Built up,high,new,Emaar MGF The Palm Drive,gurgaon,4.76
110.37,2.0,2.0,3.0,0.0,66.0,46.0,0.0,0.0,0.0,0.0,0.0,0.0,10.0,0.0,0.0,0.0,0.0,0.0,0.0,0.0,0.0,0.0,1.0,0.0,0.0,Super Built up,low,new,Emaar MGF Palm Studios,gurgaon,2.465
132.85,3.0,3.0,3.0,1.0,82.0,11.0,0.0,0.0,0.0,0.0,0.0,0.0,0.0,0.0,0.0,0.0,0.0,0.0,0.0,0.0,0.0,0.0,0.0,0.0,0.0,Super Built up,mid,old,Mapsko Casa Bella,gurgaon,1.462
138.43,3.0,3.0,3.0,1.0,79.0,9.0,0.0,0.0,0.0,0.0,0.0,0.0,0.0,0.0,0.0,0.0,0.0,0.0,0.0,0.0,0.0,0.0,0.0,0.0,0.0,Super Built up,high,new,Mapsko Mount Ville,gurgaon,2.176
138.43,3.0,3.0,3.0,1.0,79.0,9.0,0.0,0.0,0.0,0.0,0.0,0.0,0.0,0.0,0.0,0.0,0.0,0.0,0.0,0.0,0.0,0.0,0.0,0.0,0.0,Super Built up,high,new,Mapsko Mount Ville,gurgaon,2.04
154.22,3.0,2.0,3.0,1.0,81.0,9.0,0.0,0.0,0.0,0.0,0.0,0.0,0.0,0.0,0.0,0.0,0.0,0.0,0.0,0.0,0.0,0.0,0.0,0.0,0.0,Super Built up,mid,new,Bestech Park View Ananda,gurgaon,1.955
126.35,2.0,2.0,3.0,1.0,81.0,9.0,0.0,0.0,0.0,0.0,0.0,0.0,0.0,0.0,0.0,0.0,0.0,0.0,0.0,0.0,0.0,0.0,0.0,0.0,0.0,Super Built up,high,new,Bestech Park View Ananda,gurgaon,1.496
126.35,2.0,2.0,3.0,0.0,81.0,9.0,0.0,0.0,0.0,0.0,0.0,0.0,0.0,0.0,0.0,0.0,0.0,0.0,0.0,0.0,0.0,0.0,0.0,0.0,0.0,Super Built up,high,new,Bestech Park View Ananda,gurgaon,1.479
267.1,4.0,6.0,3.0,1.0,103.0,15.0,0.0,0.0,0.0,0.0,0.0,0.0,0.0,0.0,0.0,0.0,0.0,0.0,0.0,0.0,0.0,0.0,0.0,0.0,0.0,Super Built up,high,new,Indiabulls Centrum Park,gurgaon,4.08
112.88,2.0,2.0,3.0,1.0,102.0,13.0,0.0,0.0,0.0,0.0,0.0,0.0,0.0,0.0,0.0,0.0,0.0,0.0,0.0,0.0,0.0,0.0,0.0,0.0,0.0,Super Built up,high,new,Shapoorji Pallonji Joyville Gurugram,gurgaon,2.21
167.13,3.0,3.0,3.0,0.0,82.0,7.0,0.0,0.0,0.0,0.0,0.0,0.0,0.0,0.0,0.0,0.0,0.0,0.0,0.0,0.0,0.0,0.0,0.0,0.0,0.0,Super Built up,low,new,DLF The Primus,gurgaon,3.145
172.06,3.0,3.0,3.0,1.0,102.0,13.0,0.0,0.0,0.0,0.0,0.0,0.0,0.0,0.0,0.0,0.0,0.0,0.0,0.0,0.0,0.0,0.0,0.0,0.0,0.0,Super Built up,low,new,Shapoorji Pallonji Joyville Gurugram,gurgaon,3.4
440.27,4.0,6.0,3.0,1.0,62.0,11.0,0.0,0.0,0.0,0.0,0.0,0.0,0.0,0.0,0.0,0.0,0.0,0.0,0.0,0.0,0.0,0.0,0.0,0.0,0.0,Super Built up,high,new,Pioneer Araya,gurgaon,16.915
428.56,4.0,6.0,3.0,1.0,62.0,11.0,0.0,0.0,0.0,0.0,0.0,0.0,0.0,0.0,0.0,0.0,0.0,0.0,0.0,0.0,0.0,0.0,0.0,0.0,0.0,Super Built up,mid,new,Pioneer Araya,gurgaon,15.64
166.2,3.0,3.0,3.0,0.0,33.0,15.0,0.0,0.0,0.0,0.0,0.0,0.0,0.0,0.0,0.0,0.0,0.0,0.0,0.0,0.0,0.0,0.0,0.0,0.0,0.0,Super Built up,low,old,Central Park Flower Valley,gurgaon,3.043
240.15,3.0,4.0,3.0,1.0,109.0,11.0,0.0,0.0,0.0,0.0,0.0,0.0,0.0,0.0,0.0,0.0,0.0,0.0,0.0,0.0,0.0,0.0,0.0,0.0,0.0,Super Built up,high,new,ATS Tourmaline,gurgaon,3.57
176.52,3.0,4.0,3.0,1.0,106.0,11.0,0.0,0.0,0.0,0.0,0.0,0.0,0.0,0.0,0.0,0.0,0.0,0.0,0.0,0.0,0.0,0.0,0.0,0.0,0.0,Super Built up,high,new,Paras Dews,gurgaon,1.938
185.53,3.0,5.0,3.0,1.0,99.0,15.0,0.0,0.0,0.0,0.0,0.0,0.0,0.0,0.0,0.0,0.0,0.0,0.0,0.0,0.0,0.0,0.0,0.0,0.0,0.0,Super Built up,mid,new,Pareena Coban Residences,gurgaon,1.921
163.51,3.0,4.0,3.0,1.0,106.0,11.0,0.0,0.0,0.0,0.0,0.0,0.0,0.0,0.0,0.0,0.0,0.0,0.0,0.0,0.0,0.0,0.0,0.0,0.0,0.0,Super Built up,high,new,Paras Dews,gurgaon,1.785
249.91,3.0,3.0,3.0,1.0,113.0,8.0,0.0,0.0,0.0,0.0,0.0,0.0,0.0,0.0,0.0,0.0,0.0,0.0,0.0,0.0,0.0,0.0,0.0,0.0,0.0,Super Built up,low,new,La Vida by Tata Housing,gurgaon,4.726
123.56,2.0,2.0,3.0,0.0,113.0,8.0,0.0,0.0,0.0,0.0,0.0,0.0,0.0,0.0,0.0,0.0,0.0,0.0,0.0,0.0,0.0,0.0,0.0,0.0,0.0,Super Built up,low,new,La Vida by Tata Housing,gurgaon,2.635
118.54,2.0,2.0,3.0,0.0,113.0,8.0,0.0,0.0,0.0,0.0,0.0,0.0,0.0,0.0,0.0,0.0,0.0,0.0,0.0,0.0,0.0,0.0,0.0,0.0,0.0,Super Built up,high,new,La Vida by Tata Housing,gurgaon,2.295
146.14,2.0,2.0,3.0,1.0,113.0,8.0,0.0,0.0,0.0,0.0,0.0,0.0,0.0,0.0,0.0,0.0,0.0,0.0,0.0,0.0,0.0,0.0,0.0,0.0,0.0,Super Built up,high,new,La Vida by Tata Housing,gurgaon,2.346
205.97,3.0,3.0,3.0,1.0,113.0,8.0,0.0,0.0,0.0,0.0,0.0,0.0,0.0,0.0,0.0,0.0,0.0,0.0,0.0,0.0,0.0,0.0,0.0,0.0,0.0,Super Built up,high,new,La Vida by Tata Housing,gurgaon,3.995
157.19,3.0,3.0,3.0,0.0,102.0,13.0,0.0,0.0,0.0,0.0,0.0,0.0,0.0,0.0,0.0,0.0,0.0,0.0,0.0,0.0,0.0,0.0,0.0,0.0,0.0,Super Built up,low,new,Shapoorji Pallonji Joyville Gurugram,gurgaon,3.06
112.88,2.0,2.0,2.0,0.0,102.0,13.0,0.0,0.0,0.0,0.0,0.0,0.0,0.0,0.0,0.0,0.0,0.0,0.0,0.0,0.0,0.0,0.0,0.0,0.0,0.0,Super Built up,high,new,Shapoorji Pallonji Joyville Gurugram,gurgaon,2.108
85.01,2.0,2.0,2.0,0.0,102.0,13.0,0.0,0.0,0.0,0.0,0.0,0.0,0.0,0.0,0.0,0.0,0.0,0.0,0.0,0.0,0.0,0.0,0.0,0.0,0.0,Super Built up,high,new,Shapoorji Pallonji Joyville Gurugram,gurgaon,1.632
180.42,3.0,4.0,3.0,1.0,102.0,15.0,0.0,0.0,0.0,0.0,0.0,0.0,0.0,0.0,0.0,0.0,0.0,0.0,0.0,0.0,0.0,0.0,0.0,0.0,0.0,Super Built up,high,old,Conscient Heritage Max,gurgaon,3.094
237.27,4.0,5.0,3.0,1.0,102.0,15.0,0.0,0.0,0.0,0.0,0.0,0.0,0.0,0.0,0.0,0.0,0.0,0.0,0.0,0.0,0.0,0.0,0.0,0.0,0.0,Super Built up,high,old,Conscient Heritage Max,gurgaon,4.505
199.65,3.0,4.0,3.0,1.0,102.0,15.0,0.0,0.0,0.0,0.0,0.0,0.0,0.0,0.0,0.0,0.0,0.0,0.0,0.0,0.0,0.0,0.0,0.0,0.0,0.0,Super Built up,high,old,Conscient Heritage Max,gurgaon,3.74
179.4,3.0,4.0,3.0,1.0,102.0,15.0,0.0,0.0,0.0,0.0,0.0,0.0,0.0,0.0,0.0,0.0,0.0,0.0,0.0,0.0,0.0,0.0,0.0,0.0,0.0,Super Built up,mid,old,Conscient Heritage Max,gurgaon,3.026
236.44,3.0,3.0,3.0,1.0,109.0,11.0,0.0,0.0,0.0,0.0,0.0,0.0,0.0,0.0,0.0,3.0,0.0,0.0,0.0,0.0,0.0,0.0,0.0,0.0,0.0,Super Built up,mid,old,SBTL Caladium,gurgaon,2.856
174.66,3.0,2.0,3.0,0.0,109.0,11.0,0.0,0.0,0.0,0.0,0.0,0.0,0.0,0.0,0.0,3.0,0.0,0.0,0.0,0.0,0.0,0.0,0.0,0.0,0.0,Super Built up,high,old,SBTL Caladium,gurgaon,2.21
55.93,2.0,2.0,1.0,1.0,107.0,10.0,0.0,0.0,0.0,0.0,0.0,0.0,0.0,0.0,0.0,0.0,0.0,0.0,0.0,0.0,0.0,0.0,0.0,0.0,0.0,Super Built up,high,new,Signature Global Solera,gurgaon,0.85
161.65,3.0,3.0,3.0,1.0,83.0,15.0,0.0,0.0,0.0,0.0,0.0,0.0,0.0,1.0,0.0,0.0,0.0,0.0,0.0,0.0,0.0,0.0,0.0,0.0,0.0,Super Built up,mid,new,Vatika City Homes,gurgaon,1.836
190.45,3.0,4.0,3.0,0.0,79.0,10.0,0.0,0.0,0.0,0.0,0.0,0.0,0.0,0.0,0.0,0.0,0.0,0.0,0.0,0.0,0.0,0.0,0.0,0.0,0.0,Built Up,high,new,Bestech Altura,gurgaon,2.924
72.46,2.0,2.0,2.0,0.0,23.0,24.0,0.0,0.0,0.0,0.0,0.0,0.0,0.0,0.0,0.0,0.0,0.0,0.0,0.0,0.0,0.0,0.0,0.0,0.0,0.0,Super Built up,low,old,Ashiana Apartment,gurgaon,0.272
69.68,2.0,2.0,1.0,0.0,,5.0,0.0,0.0,0.0,0.0,0.0,0.0,0.0,0.0,0.0,0.0,0.0,0.0,0.0,0.0,0.0,0.0,0.0,0.0,1.0,Super Built up,mid,new,HCBS Sports Ville,gurgaon,0.34
84.17,2.0,2.0,1.0,0.0,51.0,9.0,0.0,0.0,0.0,0.0,0.0,0.0,0.0,0.0,0.0,0.0,0.0,0.0,0.0,0.0,0.0,0.0,0.0,0.0,0.0,Carpet,mid,new,Orchid Island,gurgaon,1.224
77.11,2.0,2.0,1.0,0.0,,8.0,1.0,0.0,0.0,0.0,0.0,0.0,0.0,2.0,0.0,1.0,1.0,0.0,0.0,0.0,0.0,0.0,0.0,0.0,0.0,Carpet,low,new,Signature Global Park,gurgaon,0.918
113.81,2.0,2.0,2.0,0.0,81.0,13.0,0.0,0.0,0.0,0.0,0.0,0.0,0.0,0.0,0.0,0.0,0.0,0.0,0.0,0.0,0.0,0.0,0.0,0.0,0.0,Super Built up,high,old,Vipul Lavanya,gurgaon,1.088
134.71,3.0,3.0,1.0,0.0,48.0,15.0,0.0,0.0,0.0,0.0,0.0,0.0,0.0,0.0,0.0,0.0,0.0,0.0,0.0,0.0,0.0,0.0,0.0,0.0,0.0,Carpet,low,new,Vipul World,gurgaon,2.346
54.81,2.0,3.0,2.0,0.0,37.0,12.0,0.0,0.0,0.0,0.0,0.0,0.0,0.0,0.0,0.0,0.0,0.0,0.0,0.0,0.0,0.0,0.0,0.0,0.0,0.0,Carpet,high,mid aged,Signature Global The Millennia 3,gurgaon,0.765
46.45,1.0,1.0,1.0,0.0,36.0,6.0,0.0,0.0,0.0,0.0,0.0,0.0,0.0,0.0,0.0,0.0,0.0,0.0,0.0,0.0,0.0,0.0,0.0,0.0,0.0,Super Built up,high,new,AVL 36 Gurgaon,gurgaon,0.765
163.04,3.0,2.0,3.0,0.0,83.0,10.0,0.0,0.0,0.0,0.0,0.0,0.0,0.0,0.0,0.0,0.0,0.0,0.0,0.0,0.0,0.0,0.0,0.0,0.0,0.0,Super Built up,high,new,Vatika Lifestyle Homes,gurgaon,1.955
280.57,4.0,5.0,3.0,1.0,49.0,14.0,0.0,0.0,0.0,0.0,0.0,0.0,3.0,0.0,0.0,0.0,0.0,0.0,0.0,0.0,0.0,0.0,0.0,0.0,0.0,Carpet,mid,old,Vatika City,gurgaon,6.12
121.7,2.0,2.0,2.0,0.0,91.0,10.0,0.0,0.0,0.0,0.0,0.0,0.0,0.0,0.0,0.0,0.0,0.0,0.0,0.0,0.0,0.0,0.0,0.0,0.0,0.0,Super Built up,high,new,TARC Maceo,gurgaon,1.53
56.67,1.0,2.0,1.0,0.0,56.0,45.0,1.0,0.0,0.0,0.0,0.0,0.0,14.0,0.0,0.0,0.0,3.0,0.0,0.0,0.0,0.0,1.0,0.0,0.0,0.0,Carpet,low,old,Kendriya Vihar,gurgaon,0.935
63.45,1.0,1.0,0.0,0.0,71.0,8.0,0.0,0.0,0.0,0.0,0.0,0.0,0.0,0.0,0.0,0.0,0.0,0.0,0.0,0.0,0.0,0.0,0.0,0.0,0.0,Built Up,mid,new,M3M Sky Lofts,gurgaon,1.53
31.3,1.0,1.0,1.0,0.0,111.0,15.0,0.0,0.0,0.0,0.0,0.0,0.0,0.0,0.0,0.0,0.0,0.0,0.0,0.0,0.0,0.0,0.0,0.0,0.0,0.0,Carpet,low,new,Lotus Homz,gurgaon,0.85
189.52,3.0,3.0,3.0,1.0,65.0,11.0,0.0,0.0,0.0,0.0,0.0,0.0,0.0,0.0,0.0,0.0,0.0,0.0,0.0,0.0,0.0,0.0,0.0,0.0,0.0,Carpet,high,mid aged,M3M Heights,gurgaon,4.862
23.23,1.0,1.0,0.0,0.0,52.0,43.0,0.0,0.0,0.0,0.0,0.0,0.0,8.0,0.0,0.0,0.0,0.0,0.0,1.0,0.0,0.0,0.0,0.0,0.0,0.0,Carpet,mid,old,Ansal API Sushant Estate,gurgaon,0.4929999999999999
134.71,2.0,3.0,3.0,1.0,103.0,15.0,0.0,0.0,0.0,0.0,0.0,0.0,0.0,0.0,0.0,0.0,0.0,0.0,0.0,0.0,0.0,0.0,0.0,0.0,0.0,Super Built up,low,new,Satya The Hermitage,gurgaon,1.513
184.97,3.0,4.0,3.0,1.0,103.0,15.0,0.0,0.0,0.0,0.0,0.0,0.0,0.0,0.0,0.0,0.0,0.0,0.0,0.0,0.0,0.0,0.0,0.0,0.0,0.0,Super Built up,high,new,Satya The Hermitage,gurgaon,1.904
59.46,3.0,3.0,1.0,0.0,92.0,4.0,0.0,0.0,0.0,0.0,0.0,0.0,0.0,0.0,0.0,0.0,0.0,0.0,0.0,0.0,0.0,0.0,0.0,0.0,0.0,Super Built up,high,new,GLS Avenue 51,gurgaon,0.85
185.53,3.0,5.0,3.0,0.0,99.0,15.0,0.0,0.0,0.0,0.0,0.0,0.0,0.0,0.0,0.0,0.0,0.0,0.0,0.0,0.0,0.0,0.0,0.0,0.0,0.0,Super Built up,mid,new,Pareena Coban Residences,gurgaon,2.38
205.78,4.0,4.0,3.0,0.0,90.0,14.0,0.0,0.0,0.0,0.0,2.0,0.0,0.0,0.0,0.0,0.0,0.0,0.0,0.0,0.0,0.0,0.0,0.0,0.0,0.0,Super Built up,mid,new,DLF Regal Gardens,gurgaon,3.4849999999999994
135.36,2.0,2.0,3.0,1.0,,7.0,0.0,0.0,0.0,0.0,0.0,0.0,0.0,0.0,0.0,0.0,0.0,0.0,0.0,0.0,0.0,0.0,0.0,0.0,0.0,Super Built up,high,new,Eldeco Accolade,gurgaon,1.479
107.58,2.0,2.0,2.0,0.0,66.0,15.0,0.0,0.0,0.0,0.0,0.0,0.0,0.0,1.0,0.0,0.0,0.0,0.0,0.0,0.0,0.0,0.0,0.0,0.0,0.0,Super Built up,mid,new,Ireo Uptown,gurgaon,2.244
137.5,2.0,2.0,3.0,1.0,86.0,10.0,0.0,0.0,0.0,0.0,0.0,0.0,0.0,0.0,0.0,0.0,0.0,0.0,0.0,0.0,0.0,0.0,0.0,0.0,0.0,Super Built up,high,new,Microtek Greenburg,gurgaon,2.21
112.41,3.0,2.0,3.0,0.0,,8.0,1.0,0.0,0.0,0.0,0.0,0.0,0.0,2.0,0.0,1.0,1.0,0.0,0.0,0.0,0.0,0.0,0.0,0.0,0.0,Built Up,low,new,Signature Global Park,gurgaon,1.615
59.46,3.0,3.0,1.0,0.0,92.0,4.0,0.0,0.0,0.0,0.0,0.0,0.0,0.0,0.0,0.0,0.0,0.0,0.0,0.0,0.0,0.0,0.0,0.0,0.0,0.0,Carpet,low,new,GLS Avenue 51,gurgaon,0.714
137.96,3.0,3.0,1.0,0.0,85.0,8.0,0.0,0.0,0.0,0.0,0.0,0.0,0.0,0.0,0.0,0.0,0.0,0.0,0.0,0.0,0.0,0.0,0.0,0.0,0.0,Super Built up,low,new,Orris Carnation Residency,gurgaon,1.496
255.85,4.0,3.0,3.0,0.0,49.0,44.0,0.0,0.0,0.0,0.0,0.0,0.0,1.0,0.0,0.0,0.0,0.0,0.0,0.0,0.0,0.0,0.0,0.0,0.0,0.0,Super Built up,mid,old,AWHO Sispal Vihar,gurgaon,3.4
217.49,3.0,3.0,3.0,1.0,54.0,47.0,1.0,0.0,0.0,0.0,0.0,0.0,13.0,0.0,0.0,0.0,4.0,0.0,0.0,0.0,0.0,1.0,0.0,0.0,0.0,Super Built up,high,old,Suncity Heights,gurgaon,6.545
247.12,5.0,4.0,3.0,1.0,113.0,8.0,0.0,0.0,0.0,0.0,0.0,0.0,0.0,0.0,0.0,0.0,0.0,0.0,0.0,0.0,0.0,0.0,0.0,0.0,0.0,Carpet,high,new,La Vida by Tata Housing,gurgaon,6.324
53.88,2.0,2.0,3.0,1.0,37.0,10.0,0.0,0.0,0.0,0.0,0.0,0.0,0.0,0.0,0.0,0.0,0.0,0.0,0.0,0.0,0.0,0.0,0.0,0.0,0.0,Carpet,high,new,Signature Global City,gurgaon,1.156
83.61204013377927,2.0,2.0,2.0,0.0,33.0,8.0,0.0,0.0,0.0,0.0,0.0,0.0,0.0,0.0,0.0,0.0,0.0,0.0,0.0,0.0,0.0,0.0,0.0,0.0,0.0,Carpet,mid,under construction,Godrej Nature Plus,gurgaon,2.227
185.43,3.0,3.0,3.0,1.0,33.0,8.0,0.0,0.0,0.0,0.0,0.0,0.0,0.0,0.0,0.0,0.0,0.0,0.0,0.0,0.0,0.0,0.0,0.0,0.0,0.0,Carpet,low,new,Godrej Nature Plus,gurgaon,2.805
185.81,3.0,4.0,3.0,1.0,77.0,10.0,0.0,0.0,0.0,0.0,0.0,0.0,0.0,0.0,0.0,0.0,0.0,0.0,0.0,0.0,0.0,0.0,0.0,0.0,0.0,Super Built up,mid,new,Emaar MGF Palm Hills,gurgaon,3.23
215.54,4.0,3.0,3.0,1.0,91.0,10.0,0.0,0.0,0.0,0.0,0.0,0.0,0.0,0.0,0.0,0.0,0.0,0.0,0.0,0.0,0.0,0.0,0.0,0.0,0.0,Carpet,high,new,TARC Maceo,gurgaon,3.06
55.46,2.0,2.0,1.0,0.0,102.0,8.0,0.0,0.0,0.0,0.0,0.0,0.0,0.0,0.0,0.0,0.0,0.0,0.0,0.0,0.0,0.0,0.0,0.0,0.0,0.0,Super Built up,high,new,ROF Aalayas,gurgaon,0.765
218.32,3.0,3.0,3.0,1.0,52.0,47.0,1.0,0.0,0.0,0.0,0.0,0.0,13.0,0.0,0.0,0.0,4.0,0.0,0.0,0.0,0.0,1.0,0.0,0.0,0.0,Super Built up,mid,old,Green Homes,gurgaon,3.145
83.61,2.0,2.0,3.0,1.0,95.0,8.0,0.0,0.0,0.0,0.0,0.0,0.0,0.0,0.0,0.0,1.0,0.0,0.0,0.0,0.0,0.0,0.0,0.0,0.0,0.0,Super Built up,high,new,AWHO Shanti Vihar,gurgaon,1.36
144.37,3.0,3.0,3.0,0.0,67.0,12.0,0.0,0.0,0.0,0.0,0.0,0.0,0.0,0.0,0.0,0.0,0.0,0.0,0.0,0.0,0.0,0.0,0.0,0.0,0.0,Super Built up,low,old,Ansal API Esencia,gurgaon,1.7
131.92,3.0,3.0,2.0,0.0,,49.0,0.0,0.0,0.0,0.0,0.0,0.0,4.0,1.0,0.0,0.0,0.0,0.0,0.0,0.0,0.0,0.0,0.0,0.0,0.0,Carpet,low,old,Dron Apartment,gurgaon,2.125
149.57,2.0,2.0,3.0,1.0,84.0,10.0,0.0,0.0,0.0,0.0,0.0,0.0,0.0,0.0,0.0,0.0,0.0,0.0,0.0,0.0,0.0,0.0,0.0,0.0,0.0,Super Built up,low,new,Spaze Privy AT4,gurgaon,2.04
100.43,3.0,2.0,2.0,0.0,,8.0,1.0,0.0,0.0,0.0,0.0,0.0,0.0,2.0,0.0,1.0,1.0,0.0,0.0,0.0,0.0,0.0,0.0,0.0,0.0,Super Built up,mid,new,Signature Global Park,gurgaon,1.4449999999999998
58.06,2.0,2.0,2.0,0.0,,14.0,0.0,0.0,0.0,0.0,0.0,0.0,0.0,0.0,0.0,0.0,0.0,0.0,0.0,0.0,0.0,0.0,0.0,0.0,0.0,Carpet,high,new,Breez Global Hill View,gurgaon,0.595
83.61204013377927,2.0,2.0,1.0,1.0,88.0,7.0,0.0,0.0,0.0,0.0,1.0,0.0,0.0,0.0,0.0,0.0,0.0,1.0,0.0,0.0,0.0,0.0,0.0,0.0,0.0,Carpet,high,new,Godrej Oasis,gurgaon,1.955
130.44,2.0,2.0,3.0,0.0,91.0,10.0,0.0,0.0,0.0,0.0,0.0,0.0,0.0,0.0,0.0,0.0,0.0,0.0,0.0,0.0,0.0,0.0,0.0,0.0,0.0,Super Built up,high,old,TARC Maceo,gurgaon,1.632
179.3,3.0,3.0,3.0,1.0,86.0,15.0,0.0,0.0,0.0,0.0,0.0,0.0,0.0,0.0,0.0,0.0,0.0,0.0,0.0,0.0,0.0,0.0,0.0,0.0,0.0,Super Built up,high,old,DLF New Town Heights 2,gurgaon,2.21
265.89,3.0,5.0,3.0,0.0,28.0,48.0,0.0,0.0,0.0,0.0,0.0,0.0,10.0,0.0,0.0,0.0,3.0,0.0,0.0,0.0,0.0,0.0,0.0,0.0,2.0,Super Built up,high,old,Rose Apartment,gurgaon,5.1
139.35,3.0,3.0,2.0,1.0,89.0,9.0,0.0,0.0,0.0,0.0,0.0,0.0,0.0,0.0,0.0,0.0,0.0,0.0,0.0,0.0,0.0,0.0,0.0,0.0,0.0,Super Built up,low,old,M3M Soulitude,gurgaon,2.21
227.61,4.0,4.0,3.0,1.0,43.0,45.0,0.0,0.0,0.0,0.0,0.0,0.0,5.0,0.0,0.0,0.0,3.0,0.0,1.0,0.0,0.0,0.0,0.0,0.0,0.0,Carpet,mid,old,The Rama Apartment CGHS,gurgaon,4.25
185.81,3.0,3.0,3.0,1.0,77.0,5.0,0.0,0.0,0.0,0.0,0.0,0.0,0.0,0.0,0.0,0.0,0.0,0.0,0.0,0.0,0.0,0.0,0.0,0.0,0.0,Super Built up,high,new,Emaar Palm Heights,gurgaon,3.825
154.22,3.0,2.0,3.0,1.0,81.0,9.0,0.0,0.0,0.0,0.0,0.0,0.0,0.0,0.0,0.0,0.0,0.0,0.0,0.0,0.0,0.0,0.0,0.0,0.0,0.0,Super Built up,low,new,Bestech Park View Ananda,gurgaon,2.465
138.89,2.0,2.0,3.0,1.0,79.0,11.0,0.0,0.0,0.0,0.0,0.0,0.0,0.0,0.0,0.0,0.0,0.0,0.0,0.0,0.0,0.0,0.0,0.0,0.0,0.0,Super Built up,high,new,Godrej Aria,gurgaon,2.465
155.33,3.0,3.0,2.0,0.0,76.0,11.0,0.0,0.0,0.0,0.0,0.0,0.0,0.0,0.0,0.0,0.0,0.0,0.0,0.0,0.0,0.0,0.0,0.0,0.0,0.0,Super Built up,mid,mid aged,Whiteland Blissville,gurgaon,3.23
59.46,3.0,3.0,1.0,0.0,92.0,4.0,0.0,0.0,0.0,0.0,0.0,0.0,0.0,0.0,0.0,0.0,0.0,0.0,0.0,0.0,0.0,0.0,0.0,0.0,0.0,Carpet,high,new,GLS Avenue 51,gurgaon,0.85
140.1,3.0,2.0,3.0,0.0,68.0,10.0,0.0,0.0,0.0,0.0,0.0,0.0,0.0,0.0,0.0,0.0,0.0,0.0,0.0,0.0,0.0,0.0,0.0,0.0,0.0,Super Built up,high,new,M3M The Marina,gurgaon,2.465
102.47,2.0,2.0,2.0,1.0,89.0,14.0,0.0,0.0,0.0,0.0,0.0,0.0,0.0,0.0,0.0,0.0,0.0,0.0,0.0,0.0,0.0,0.0,0.0,0.0,0.0,Built Up,mid,new,Smart World Gems,gurgaon,1.785
465.44,5.0,6.0,3.0,1.0,57.0,5.0,0.0,0.0,0.0,0.0,0.0,0.0,0.0,0.0,0.0,0.0,0.0,0.0,0.0,0.0,0.0,0.0,0.0,0.0,0.0,Built Up,high,old,BPTP Freedom Park Life,gurgaon,9.35
106.84,3.0,3.0,2.0,0.0,7.0,50.0,0.0,0.0,0.0,0.0,0.0,0.0,2.0,0.0,0.0,0.0,0.0,0.0,0.0,0.0,0.0,0.0,0.0,0.0,0.0,Built Up,low,under construction,shyam apartment,gurgaon,1.122
212.75,3.0,4.0,3.0,1.0,104.0,13.0,0.0,0.0,0.0,0.0,0.0,0.0,0.0,0.0,0.0,0.0,0.0,0.0,0.0,0.0,0.0,0.0,0.0,0.0,0.0,Carpet,high,new,ATS Triumph,gurgaon,3.91
181.16,3.0,5.0,3.0,1.0,70.0,15.0,0.0,0.0,0.0,0.0,0.0,0.0,0.0,0.0,0.0,0.0,0.0,0.0,0.0,0.0,0.0,0.0,0.0,0.0,0.0,Super Built up,mid,new,Shree Vardhman Victoria,gurgaon,2.975
153.29,3.0,3.0,3.0,0.0,102.0,10.0,0.0,0.0,0.0,0.0,0.0,0.0,0.0,0.0,0.0,0.0,0.0,0.0,0.0,0.0,0.0,0.0,0.0,0.0,0.0,Super Built up,high,new,Emaar Gurgaon Greens,gurgaon,2.72
240.43,3.0,3.0,3.0,1.0,62.0,11.0,0.0,0.0,0.0,0.0,0.0,0.0,0.0,0.0,0.0,0.0,0.0,0.0,0.0,0.0,0.0,0.0,0.0,0.0,0.0,Carpet,high,mid aged,Emaar Digihomes,gurgaon,6.715
85.94,2.0,2.0,1.0,0.0,37.0,4.0,0.0,0.0,0.0,0.0,0.0,0.0,0.0,1.0,0.0,0.0,0.0,0.0,0.0,0.0,0.0,0.0,0.0,0.0,0.0,Built Up,high,new,Apex Our Homes,gurgaon,0.646
47788.95,2.0,2.0,1.0,0.0,107.0,3.0,0.0,0.0,0.0,0.0,0.0,0.0,0.0,0.0,0.0,0.0,0.0,0.0,0.0,0.0,0.0,0.0,0.0,0.0,0.0,Carpet,low,new,Signature Global Solera 2,gurgaon,0.867
62.25,2.0,2.0,2.0,1.0,95.0,12.0,0.0,0.0,0.0,0.0,0.0,0.0,0.0,0.0,0.0,0.0,0.0,0.0,0.0,0.0,0.0,0.0,0.0,0.0,0.0,Built Up,high,new,Signature The Roselia,gurgaon,0.714
1.8766,4.0,4.0,3.0,0.0,92.0,8.0,0.0,0.0,0.0,0.0,0.0,0.0,0.0,0.0,0.0,0.0,0.0,0.0,0.0,0.0,0.0,0.0,0.0,0.0,0.0,Super Built up,high,new,Sare Crescent Parc Royal Greens Phase 1,gurgaon,1.7
65.03,3.0,3.0,2.0,0.0,37.0,12.0,0.0,0.0,0.0,0.0,0.0,0.0,0.0,0.0,0.0,0.0,0.0,0.0,0.0,0.0,0.0,0.0,0.0,0.0,0.0,Carpet,low,mid aged,Signature Global The Millennia 3,gurgaon,0.85
123.19,3.0,2.0,2.0,0.0,92.0,8.0,0.0,0.0,0.0,0.0,0.0,0.0,0.0,0.0,0.0,0.0,0.0,0.0,0.0,0.0,0.0,0.0,0.0,0.0,0.0,Carpet,low,new,Sare Crescent Parc,gurgaon,1.36
163.51,3.0,3.0,2.0,1.0,37.0,8.0,0.0,0.0,0.0,0.0,0.0,0.0,0.0,0.0,0.0,0.0,0.0,0.0,0.0,0.0,0.0,0.0,0.0,0.0,0.0,Super Built up,high,new,Imperia The Esfera,gurgaon,1.462
157.01,3.0,2.0,1.0,0.0,86.0,4.0,0.0,0.0,0.0,0.0,0.0,0.0,0.0,0.0,0.0,0.0,0.0,0.0,0.0,0.0,0.0,0.0,0.0,0.0,0.0,Super Built up,low,new,Ansal Heights 86,gurgaon,2.125
312.43,3.0,3.0,3.0,1.0,65.0,9.0,0.0,0.0,0.0,0.0,0.0,0.0,0.0,0.0,0.0,0.0,0.0,0.0,0.0,0.0,0.0,0.0,0.0,0.0,0.0,Super Built up,high,old,M3M Golfestate,gurgaon,10.03
153.29,3.0,2.0,2.0,1.0,31.0,49.0,0.0,0.0,0.0,0.0,0.0,0.0,11.0,1.0,0.0,0.0,0.0,0.0,0.0,0.0,0.0,0.0,0.0,0.0,1.0,Super Built up,low,old,Raheja Teachers Apartments,gurgaon,2.04
135.36,2.0,2.0,3.0,1.0,,7.0,0.0,0.0,0.0,0.0,0.0,0.0,0.0,0.0,0.0,0.0,0.0,0.0,0.0,0.0,0.0,0.0,0.0,0.0,0.0,Super Built up,high,mid aged,Eldeco Accolade,gurgaon,1.632
181.16,3.0,3.0,2.0,1.0,66.0,14.0,0.0,0.0,0.0,0.0,0.0,0.0,0.0,0.0,0.0,0.0,0.0,0.0,0.0,0.0,0.0,0.0,0.0,0.0,0.0,Super Built up,high,new,Emaar MGF The Palm Drive,gurgaon,4.76
60.39,2.0,2.0,2.0,0.0,,6.0,0.0,0.0,0.0,0.0,0.0,0.0,0.0,0.0,0.0,0.0,0.0,0.0,0.0,0.0,0.0,0.0,0.0,0.0,0.0,Super Built up,high,new,GLS Arawali Homes,gurgaon,0.476
157.19,3.0,3.0,2.0,0.0,102.0,13.0,0.0,0.0,0.0,0.0,0.0,0.0,0.0,0.0,0.0,0.0,0.0,0.0,0.0,0.0,0.0,0.0,0.0,0.0,0.0,Super Built up,low,old,Shapoorji Pallonji Joyville Gurugram,gurgaon,3.451
119.84,3.0,3.0,3.0,1.0,9.0,49.0,1.0,0.0,0.0,0.0,0.0,0.0,5.0,0.0,0.0,3.0,0.0,0.0,0.0,0.0,0.0,0.0,0.0,0.0,0.0,Carpet,mid,old,The New CRPF Apartments,gurgaon,1.275
176.52,4.0,3.0,3.0,0.0,70.0,12.0,0.0,0.0,0.0,0.0,0.0,0.0,0.0,0.0,0.0,0.0,0.0,0.0,0.0,0.0,0.0,0.0,0.0,0.0,0.0,Carpet,low,new,BPTP Astaire Gardens,gurgaon,2.89
139.35,2.0,2.0,3.0,1.0,112.0,8.0,0.0,0.0,0.0,0.0,0.0,0.0,0.0,0.0,0.0,0.0,0.0,0.0,0.0,0.0,0.0,0.0,0.0,0.0,0.0,Carpet,high,new,Experion Windchants,gurgaon,5.27
83.61,2.0,2.0,2.0,0.0,99.0,8.0,0.0,0.0,0.0,0.0,0.0,0.0,0.0,0.0,0.0,0.0,0.0,0.0,0.0,0.0,0.0,0.0,0.0,0.0,0.0,Super Built up,high,new,Pivotal Riddhi Siddhi,gurgaon,0.68
134.15,2.0,2.0,2.0,0.0,3.0,11.0,0.0,0.0,0.0,0.0,0.0,0.0,0.0,0.0,0.0,0.0,0.0,0.0,0.0,0.0,0.0,0.0,0.0,0.0,0.0,Carpet,mid,mid aged,Godrej Habitat,gurgaon,2.21
53.51,2.0,2.0,2.0,0.0,,6.0,0.0,0.0,0.0,0.0,0.0,0.0,0.0,0.0,0.0,0.0,0.0,0.0,0.0,0.0,0.0,0.0,0.0,0.0,0.0,Carpet,mid,new,GLS Arawali Homes,gurgaon,0.442
52.95,2.0,2.0,1.0,0.0,,10.0,0.0,0.0,0.0,0.0,0.0,0.0,3.0,0.0,0.0,0.0,0.0,0.0,0.0,0.0,0.0,0.0,0.0,0.0,0.0,Super Built up,high,new,MVN Athens,gurgaon,0.408
74.32,2.0,2.0,1.0,0.0,67.0,7.0,0.0,0.0,0.0,0.0,0.0,0.0,0.0,0.0,0.0,0.0,0.0,0.0,0.0,0.0,0.0,0.0,0.0,0.0,0.0,Carpet,high,new,Shree Vardhman Mantra,gurgaon,0.952
273.41,4.0,5.0,3.0,1.0,31.0,14.0,0.0,0.0,0.0,0.0,0.0,0.0,0.0,0.0,0.0,0.0,0.0,0.0,0.0,0.0,0.0,0.0,0.0,0.0,0.0,Super Built up,low,new,Raheja Atlantis,gurgaon,9.35
217.76,4.0,4.0,3.0,1.0,91.0,8.0,0.0,0.0,0.0,0.0,0.0,0.0,0.0,0.0,0.0,0.0,0.0,0.0,0.0,0.0,0.0,0.0,0.0,0.0,0.0,Carpet,mid,old,DLF New Town Heights,gurgaon,3.06
179.21,3.0,3.0,1.0,1.0,86.0,10.0,0.0,0.0,0.0,0.0,0.0,0.0,0.0,0.0,0.0,0.0,0.0,0.0,0.0,0.0,0.0,0.0,0.0,0.0,0.0,Super Built up,high,new,DLF The Skycourt,gurgaon,2.72
137.31,2.0,2.0,1.0,1.0,111.0,7.0,0.0,0.0,0.0,0.0,0.0,0.0,0.0,0.0,0.0,0.0,0.0,0.0,0.0,0.0,0.0,0.0,0.0,0.0,0.0,Super Built up,mid,mid aged,Tashee Capital Gateway,gurgaon,1.632
135.36,3.0,2.0,2.0,0.0,109.0,15.0,0.0,0.0,0.0,0.0,0.0,0.0,0.0,0.0,0.0,0.0,0.0,0.0,0.0,0.0,0.0,0.0,0.0,0.0,0.0,Super Built up,low,new,Raheja Atharva,gurgaon,1.343
92.9,3.0,2.0,1.0,0.0,,50.0,0.0,0.0,0.0,0.0,0.0,0.0,3.0,1.0,0.0,0.0,0.0,0.0,0.0,0.0,0.0,0.0,0.0,0.0,0.0,Super Built up,low,new,Builder Floor,gurgaon,1.02
57.88,2.0,2.0,2.0,0.0,,10.0,0.0,0.0,0.0,0.0,0.0,0.0,0.0,0.0,0.0,0.0,0.0,0.0,0.0,0.0,0.0,0.0,0.0,0.0,0.0,Super Built up,low,new,Breez Global Heights,gurgaon,0.714
188.96,3.0,3.0,3.0,0.0,63.0,13.0,0.0,0.0,0.0,0.0,0.0,0.0,0.0,0.0,0.0,0.0,0.0,0.0,0.0,0.0,0.0,0.0,0.0,0.0,0.0,Super Built up,low,new,Adani Brahma Samsara Vilasa,gurgaon,5.695
399.48,3.0,4.0,3.0,0.0,48.0,42.0,0.0,0.0,0.0,0.0,0.0,0.0,1.0,0.0,0.0,0.0,0.0,0.0,0.0,0.0,0.0,0.0,0.0,0.0,0.0,Carpet,high,old,Central Park 2 Bellevue,gurgaon,8.5
90.12,3.0,2.0,2.0,0.0,70.0,8.0,0.0,0.0,0.0,0.0,0.0,0.0,0.0,0.0,0.0,0.0,0.0,0.0,0.0,0.0,0.0,0.0,0.0,0.0,0.0,Carpet,low,old,Tulip Orange,gurgaon,1.7
237.55,3.0,4.0,3.0,0.0,48.0,42.0,0.0,0.0,0.0,0.0,0.0,0.0,1.0,0.0,0.0,0.0,0.0,0.0,0.0,0.0,0.0,0.0,0.0,0.0,0.0,Super Built up,low,old,Central Park 2 Bellevue,gurgaon,4.675
128.3,2.0,2.0,2.0,0.0,108.0,13.0,0.0,0.0,0.0,0.0,0.0,0.0,0.0,0.0,0.0,0.0,0.0,0.0,0.0,0.0,0.0,0.0,0.0,0.0,0.0,Super Built up,high,new,Sobha City,gurgaon,4.08
83.61204013377927,3.0,3.0,3.0,1.0,63.0,12.0,0.0,0.0,0.0,0.0,0.0,0.0,0.0,0.0,0.0,0.0,0.0,0.0,0.0,0.0,0.0,0.0,0.0,0.0,0.0,Carpet,mid,mid aged,Birla Navya,gurgaon,5.355
136.1,2.0,2.0,3.0,1.0,,6.0,0.0,0.0,0.0,0.0,0.0,0.0,0.0,0.0,0.0,0.0,0.0,0.0,0.0,0.0,0.0,0.0,0.0,0.0,0.0,Super Built up,low,new,Ashiana Mulberry,gurgaon,1.615
83.61204013377927,3.0,2.0,3.0,0.0,33.0,8.0,0.0,0.0,0.0,0.0,0.0,0.0,0.0,0.0,0.0,0.0,0.0,0.0,0.0,0.0,0.0,0.0,0.0,0.0,0.0,Super Built up,high,mid aged,Godrej Nature Plus,gurgaon,2.38
147.72,3.0,3.0,3.0,0.0,33.0,15.0,0.0,0.0,0.0,0.0,0.0,0.0,0.0,0.0,0.0,0.0,0.0,0.0,0.0,0.0,0.0,0.0,0.0,0.0,0.0,Super Built up,low,new,Central Park Flower Valley,gurgaon,3.655
215.54,3.0,3.0,3.0,1.0,91.0,10.0,0.0,0.0,0.0,0.0,0.0,0.0,0.0,0.0,0.0,0.0,0.0,0.0,0.0,0.0,0.0,0.0,0.0,0.0,0.0,Carpet,high,new,TARC Maceo,gurgaon,3.06
48.77,2.0,2.0,2.0,0.0,99.0,15.0,0.0,0.0,0.0,0.0,0.0,0.0,0.0,0.0,0.0,0.0,0.0,0.0,0.0,0.0,0.0,0.0,0.0,0.0,0.0,Carpet,mid,new,Pareena Laxmi Apartments,gurgaon,0.527
121.24,3.0,3.0,2.0,0.0,37.0,12.0,0.0,0.0,0.0,0.0,0.0,0.0,0.0,0.0,0.0,0.0,0.0,0.0,0.0,0.0,0.0,0.0,0.0,0.0,0.0,Carpet,low,mid aged,Signature Global City 37D Ph 2,gurgaon,1.819
135.36,3.0,2.0,3.0,0.0,,7.0,0.0,0.0,0.0,0.0,0.0,0.0,0.0,0.0,0.0,0.0,0.0,0.0,0.0,0.0,0.0,0.0,0.0,0.0,0.0,Super Built up,high,new,Eldeco Accolade,gurgaon,1.87
91.79,2.0,2.0,2.0,0.0,,45.0,0.0,0.0,0.0,0.0,0.0,0.0,9.0,0.0,0.0,0.0,0.0,0.0,0.0,0.0,0.0,0.0,1.0,0.0,0.0,Carpet,low,old,Woodstock Floors,gurgaon,1.785
63.27,2.0,2.0,1.0,0.0,,10.0,0.0,0.0,0.0,0.0,0.0,0.0,3.0,0.0,0.0,0.0,0.0,0.0,0.0,0.0,0.0,0.0,0.0,0.0,0.0,Built Up,high,new,MVN Athens,gurgaon,0.425
78.97,2.0,2.0,2.0,0.0,89.0,3.0,0.0,0.0,0.0,0.0,0.0,0.0,0.0,0.0,0.0,1.0,0.0,0.0,0.0,0.0,0.0,0.0,0.0,0.0,0.0,Super Built up,low,new,Adani Aangan Galleria,gurgaon,0.714
117.06,2.0,2.0,2.0,0.0,63.0,12.0,0.0,0.0,0.0,0.0,0.0,0.0,0.0,0.0,0.0,0.0,0.0,0.0,0.0,0.0,0.0,0.0,0.0,0.0,0.0,Carpet,low,mid aged,Birla Navya,gurgaon,3.57
298.4,1.0,1.0,1.0,0.0,95.0,5.0,0.0,0.0,0.0,0.0,0.0,0.0,0.0,0.0,0.0,0.0,0.0,0.0,0.0,0.0,0.0,0.0,0.0,0.0,0.0,Carpet,high,new,Ramsons Kshitij,gurgaon,0.323
213.68,4.0,4.0,3.0,0.0,51.0,47.0,1.0,0.0,0.0,0.0,0.0,0.0,7.0,0.0,0.0,0.0,0.0,0.0,1.0,0.0,0.0,0.0,1.0,0.0,0.0,Built Up,low,new,The Arzoo CGHS,gurgaon,3.57
189.52,4.0,4.0,3.0,0.0,92.0,8.0,0.0,0.0,0.0,0.0,0.0,0.0,0.0,0.0,0.0,0.0,0.0,0.0,0.0,0.0,0.0,0.0,0.0,0.0,0.0,Carpet,high,new,Sare Crescent Parc,gurgaon,2.448
133.41,3.0,3.0,2.0,0.0,92.0,8.0,0.0,0.0,0.0,0.0,0.0,0.0,0.0,0.0,0.0,0.0,0.0,0.0,0.0,0.0,0.0,0.0,0.0,0.0,0.0,Carpet,mid,new,Sare Crescent Parc,gurgaon,1.207
36.6,1.0,1.0,1.0,0.0,,10.0,0.0,0.0,0.0,0.0,0.0,0.0,0.0,0.0,0.0,0.0,0.0,0.0,0.0,0.0,0.0,0.0,0.0,0.0,0.0,Carpet,low,new,Breez Global Heights,gurgaon,0.357
169.73,3.0,3.0,3.0,0.0,102.0,13.0,0.0,0.0,0.0,0.0,0.0,0.0,0.0,0.0,0.0,0.0,0.0,0.0,0.0,0.0,0.0,0.0,0.0,0.0,0.0,Super Built up,high,mid aged,Shapoorji Pallonji Joyville Gurugram,gurgaon,4.25
62.25,2.0,2.0,2.0,0.0,95.0,12.0,0.0,0.0,0.0,0.0,0.0,0.0,0.0,0.0,0.0,0.0,0.0,0.0,0.0,0.0,0.0,0.0,0.0,0.0,0.0,Built Up,high,new,Signature The Roselia,gurgaon,0.714
110.0,3.0,1.0,3.0,0.0,92.0,8.0,0.0,0.0,0.0,0.0,0.0,0.0,0.0,0.0,0.0,0.0,0.0,0.0,0.0,0.0,0.0,0.0,0.0,0.0,0.0,Carpet,low,old,Sare Homes,gurgaon,0.952
240.43,3.0,3.0,3.0,1.0,1.0,11.0,0.0,0.0,0.0,0.0,0.0,0.0,0.0,0.0,0.0,0.0,0.0,0.0,0.0,0.0,0.0,0.0,0.0,0.0,0.0,Super Built up,low,old,HSIIDC Sidco Aravali,gurgaon,1.53
166.3,3.0,3.0,3.0,0.0,81.0,9.0,0.0,0.0,0.0,0.0,0.0,0.0,0.0,0.0,0.0,0.0,0.0,0.0,0.0,0.0,0.0,0.0,0.0,0.0,0.0,Carpet,high,old,Bestech Park View Ananda,gurgaon,2.295
167.78,3.0,3.0,3.0,0.0,113.0,18.0,0.0,0.0,0.0,0.0,0.0,0.0,0.0,0.0,0.0,0.0,0.0,0.0,0.0,0.0,0.0,0.0,0.0,0.0,0.0,Built Up,high,under construction,Smartworld One DXP,gurgaon,3.4
162.58,4.0,4.0,2.0,1.0,92.0,8.0,0.0,0.0,0.0,0.0,0.0,0.0,0.0,0.0,0.0,0.0,0.0,0.0,0.0,0.0,0.0,0.0,0.0,0.0,0.0,Super Built up,low,old,Sare Crescent Parc,gurgaon,1.479
131.92,2.0,2.0,3.0,0.0,70.0,15.0,0.0,0.0,0.0,0.0,0.0,0.0,0.0,0.0,0.0,0.0,0.0,0.0,0.0,0.0,0.0,0.0,0.0,0.0,0.0,Super Built up,high,old,Paras Irene,gurgaon,2.21
62.25,2.0,2.0,2.0,0.0,95.0,12.0,0.0,0.0,0.0,0.0,0.0,0.0,0.0,0.0,0.0,0.0,0.0,0.0,0.0,0.0,0.0,0.0,0.0,0.0,0.0,Carpet,mid,new,Signature The Roselia,gurgaon,0.816
126.91,2.0,2.0,3.0,0.0,107.0,6.0,0.0,0.0,0.0,0.0,0.0,0.0,0.0,0.0,0.0,0.0,0.0,0.0,0.0,0.0,0.0,0.0,0.0,0.0,0.0,Super Built up,low,old,M3M Woodshire,gurgaon,1.598
101.73,2.0,2.0,2.0,0.0,69.0,42.0,0.0,0.0,0.0,0.0,0.0,0.0,10.0,0.0,0.0,0.0,0.0,0.0,0.0,0.0,0.0,0.0,1.0,0.0,0.0,Super Built up,mid,mid aged,Unitech Sunbreeze,gurgaon,1.275
59.37,2.0,2.0,1.0,0.0,71.0,15.0,0.0,0.0,0.0,0.0,0.0,0.0,0.0,0.0,0.0,0.0,0.0,0.0,0.0,0.0,0.0,0.0,0.0,0.0,0.0,Super Built up,high,new,Signature Andour Heights,gurgaon,1.105
167.13,3.0,3.0,3.0,0.0,33.0,15.0,0.0,0.0,0.0,0.0,0.0,0.0,0.0,0.0,0.0,0.0,0.0,0.0,1.0,0.0,0.0,0.0,0.0,0.0,0.0,Super Built up,mid,new,Central Park Flower Valley Aqua Front Towers,gurgaon,2.89
74.32,3.0,2.0,1.0,0.0,7.0,50.0,0.0,0.0,0.0,0.0,0.0,0.0,5.0,0.0,0.0,0.0,0.0,0.0,0.0,0.0,0.0,0.0,0.0,0.0,0.0,Carpet,low,new,RWA,gurgaon,0.816
102.19,2.0,2.0,1.0,0.0,23.0,24.0,0.0,0.0,0.0,0.0,0.0,0.0,0.0,0.0,0.0,0.0,0.0,0.0,0.0,0.0,0.0,0.0,0.0,0.0,0.0,Super Built up,low,old,Radhakrishna society,gurgaon,0.935
64.38,1.0,1.0,0.0,0.0,63.0,10.0,0.0,0.0,0.0,0.0,0.0,0.0,0.0,0.0,0.0,0.0,0.0,0.0,0.0,0.0,0.0,0.0,0.0,0.0,0.0,Built Up,mid,under construction,AIPL Joy Square,gurgaon,1.19
97.55,2.0,2.0,2.0,0.0,63.0,13.0,0.0,0.0,0.0,0.0,0.0,0.0,0.0,0.0,0.0,0.0,0.0,0.0,0.0,0.0,0.0,0.0,0.0,0.0,0.0,Carpet,low,mid aged,Signature Global City 63A,gurgaon,2.635
47.38,1.0,1.0,2.0,0.0,51.0,45.0,0.0,0.0,0.0,0.0,0.0,0.0,2.0,0.0,0.0,0.0,0.0,0.0,0.0,0.0,0.0,0.0,0.0,0.0,0.0,Super Built up,low,old,Housing Board Colony,gurgaon,0.51
115.66,2.0,2.0,2.0,0.0,83.0,10.0,0.0,0.0,0.0,0.0,0.0,0.0,0.0,0.0,0.0,0.0,0.0,0.0,0.0,0.0,0.0,0.0,0.0,0.0,0.0,Super Built up,low,old,Vatika Gurgaon 21,gurgaon,1.479
120.4,2.0,2.0,2.0,0.0,67.0,12.0,0.0,0.0,0.0,0.0,0.0,0.0,0.0,0.0,0.0,0.0,0.0,0.0,0.0,0.0,0.0,0.0,0.0,0.0,0.0,Built Up,high,under construction,Ireo The Corridors,gurgaon,2.21
325.16,4.0,4.0,2.0,1.0,,6.0,0.0,0.0,0.0,0.0,0.0,0.0,0.0,0.0,0.0,0.0,0.0,0.0,0.0,0.0,0.0,0.0,0.0,0.0,0.0,Carpet,mid,under construction,Dlf 76,gurgaon,6.8
199.74,3.0,3.0,3.0,1.0,89.0,6.0,0.0,0.0,0.0,0.0,0.0,0.0,0.0,0.0,0.0,0.0,0.0,0.0,0.0,0.0,0.0,0.0,0.0,0.0,0.0,Super Built up,high,new,ATS Marigold,gurgaon,3.145
181.16,3.0,5.0,0.0,0.0,70.0,15.0,0.0,0.0,0.0,0.0,0.0,0.0,0.0,0.0,0.0,0.0,0.0,0.0,0.0,0.0,0.0,0.0,0.0,0.0,0.0,Built Up,high,under construction,Shree Vardhman Victoria,gurgaon,2.975
268.95,3.0,4.0,3.0,0.0,53.0,15.0,0.0,0.0,0.0,0.0,0.0,0.0,0.0,0.0,0.0,0.0,0.0,0.0,0.0,0.0,0.0,0.0,0.0,0.0,0.0,Built Up,high,new,Parsvnath Exotica,gurgaon,8.16
144.65,3.0,2.0,3.0,0.0,33.0,8.0,0.0,0.0,0.0,0.0,0.0,0.0,0.0,0.0,0.0,0.0,0.0,0.0,0.0,0.0,0.0,0.0,0.0,0.0,0.0,Super Built up,high,old,Godrej Nature Plus,gurgaon,2.21
133.32,3.0,3.0,3.0,0.0,37.0,8.0,0.0,0.0,0.0,0.0,0.0,0.0,0.0,0.0,0.0,0.0,0.0,0.0,0.0,0.0,0.0,0.0,0.0,0.0,0.0,Built Up,high,under construction,Imperia The Esfera,gurgaon,1.53
260.22,4.0,4.0,3.0,0.0,5.0,45.0,0.0,0.0,0.0,0.0,0.0,0.0,11.0,0.0,0.0,0.0,3.0,0.0,0.0,0.0,0.0,1.0,0.0,0.0,0.0,Built Up,high,under construction,DLF Icon,gurgaon,9.86
117.24,2.0,2.0,2.0,0.0,70.0,14.0,0.0,0.0,0.0,0.0,0.0,0.0,4.0,0.0,0.0,0.0,0.0,0.0,0.0,0.0,0.0,0.0,0.0,0.0,0.0,Built Up,high,under construction,AIPL Zen Residences,gurgaon,2.38
111.48,2.0,2.0,0.0,0.0,71.0,15.0,0.0,0.0,0.0,0.0,0.0,0.0,0.0,0.0,0.0,0.0,0.0,0.0,0.0,0.0,0.0,0.0,0.0,0.0,0.0,Built Up,mid,under construction,CHD Avenue 71,gurgaon,1.615
144.65,3.0,2.0,3.0,0.0,33.0,8.0,0.0,0.0,0.0,0.0,0.0,0.0,0.0,0.0,0.0,0.0,0.0,0.0,0.0,0.0,0.0,0.0,0.0,0.0,0.0,Super Built up,high,old,Godrej Nature Plus,gurgaon,2.295
157.01,3.0,2.0,1.0,0.0,86.0,4.0,0.0,0.0,0.0,0.0,0.0,0.0,0.0,0.0,0.0,0.0,0.0,0.0,0.0,0.0,0.0,0.0,0.0,0.0,0.0,Carpet,mid,new,Ansal Heights 86,gurgaon,1.615
125.6,2.0,2.0,3.0,1.0,90.0,10.0,0.0,0.0,0.0,0.0,0.0,0.0,0.0,0.0,0.0,0.0,0.0,0.0,0.0,0.0,0.0,0.0,0.0,0.0,0.0,Super Built up,high,new,Shree Vardhman Flora,gurgaon,1.19
258.18,4.0,5.0,3.0,1.0,108.0,9.0,0.0,0.0,0.0,0.0,0.0,0.0,0.0,0.0,0.0,0.0,0.0,0.0,0.0,0.0,0.0,0.0,0.0,0.0,0.0,Super Built up,low,new,Experion The Heartsong,gurgaon,5.1
44.04,1.0,1.0,1.0,0.0,,5.0,0.0,0.0,0.0,0.0,0.0,0.0,0.0,0.0,0.0,0.0,0.0,0.0,0.0,0.0,0.0,0.0,0.0,0.0,1.0,Built Up,low,new,HCBS Sports Ville,gurgaon,0.34
92.9,2.0,2.0,3.0,0.0,92.0,8.0,0.0,0.0,0.0,0.0,0.0,0.0,0.0,0.0,0.0,0.0,0.0,0.0,0.0,0.0,0.0,0.0,0.0,0.0,0.0,Super Built up,low,old,Sare Crescent Parc,gurgaon,0.85
154.68,3.0,3.0,2.0,0.0,113.0,8.0,0.0,0.0,0.0,0.0,0.0,0.0,0.0,1.0,0.0,0.0,0.0,0.0,0.0,0.0,0.0,0.0,0.0,0.0,0.0,Super Built up,high,mid aged,M3M Capital,gurgaon,3.4
162.58,3.0,3.0,3.0,1.0,89.0,6.0,0.0,0.0,0.0,0.0,0.0,0.0,0.0,0.0,0.0,0.0,0.0,0.0,0.0,0.0,0.0,0.0,0.0,0.0,0.0,Carpet,high,under construction,ATS Marigold,gurgaon,2.89
67.45,2.0,2.0,2.0,0.0,36.0,7.0,0.0,0.0,0.0,0.0,0.0,0.0,0.0,0.0,0.0,0.0,0.0,0.0,0.0,0.0,0.0,0.0,0.0,0.0,0.0,Super Built up,mid,new,AVL 36 Gurgaon,gurgaon,1.105
367.52,4.0,4.0,3.0,0.0,63.0,10.0,1.0,0.0,0.0,0.0,0.0,0.0,2.0,0.0,0.0,0.0,0.0,0.0,0.0,0.0,0.0,0.0,0.0,0.0,0.0,Built Up,high,under construction,DLF The Arbour,gurgaon,12.784
213.49,4.0,4.0,3.0,1.0,113.0,8.0,0.0,0.0,0.0,0.0,0.0,0.0,0.0,1.0,0.0,0.0,0.0,0.0,0.0,0.0,0.0,0.0,0.0,0.0,0.0,Carpet,low,new,M3M Capital,gurgaon,4.879
83.61204013377927,2.0,2.0,3.0,0.0,33.0,8.0,0.0,0.0,0.0,0.0,0.0,0.0,0.0,0.0,0.0,0.0,0.0,0.0,0.0,0.0,0.0,0.0,0.0,0.0,0.0,Carpet,low,mid aged,Godrej Nature Plus,gurgaon,2.04
55.74,2.0,1.0,1.0,0.0,69.0,33.0,0.0,0.0,0.0,0.0,0.0,0.0,9.0,0.0,0.0,0.0,0.0,0.0,0.0,0.0,0.0,0.0,0.0,0.0,0.0,Carpet,high,new,Tulip Lemon,gurgaon,1.02
181.16,3.0,5.0,3.0,0.0,70.0,15.0,0.0,0.0,0.0,0.0,0.0,0.0,0.0,0.0,0.0,0.0,0.0,0.0,0.0,0.0,0.0,0.0,0.0,0.0,0.0,Carpet,high,new,Shree Vardhman Victoria,gurgaon,3.06
55.56,2.0,2.0,1.0,0.0,81.0,10.0,0.0,0.0,0.0,0.0,0.0,0.0,0.0,0.0,0.0,0.0,0.0,0.0,0.0,0.0,0.0,0.0,0.0,0.0,0.0,Super Built up,high,new,Signature Global Synera,gurgaon,0.816
321.63,3.0,4.0,3.0,1.0,,48.0,0.0,0.0,0.0,0.0,0.0,0.0,9.0,0.0,0.0,0.0,5.0,0.0,0.0,0.0,0.0,0.0,0.0,0.0,2.0,Super Built up,mid,old,Sahara Grace,gurgaon,7.31
102.47,2.0,2.0,2.0,1.0,89.0,14.0,0.0,0.0,0.0,0.0,0.0,0.0,0.0,0.0,0.0,0.0,0.0,0.0,0.0,0.0,0.0,0.0,0.0,0.0,0.0,Super Built up,low,old,Smart World Gems,gurgaon,1.53
199.74,3.0,3.0,3.0,0.0,70.0,14.0,0.0,0.0,0.0,0.0,0.0,0.0,4.0,0.0,0.0,0.0,0.0,0.0,0.0,0.0,0.0,0.0,0.0,0.0,0.0,Built Up,high,under construction,Aipl Peaceful Homes,gurgaon,4.675
157.94,3.0,3.0,3.0,0.0,70.0,12.0,0.0,0.0,0.0,0.0,0.0,0.0,0.0,0.0,0.0,0.0,0.0,0.0,0.0,0.0,0.0,0.0,0.0,0.0,0.0,Super Built up,low,new,BPTP Astaire Gardens,gurgaon,2.04
65.03,1.0,1.0,1.0,0.0,106.0,5.0,0.0,0.0,0.0,0.0,0.0,0.0,0.0,0.0,0.0,0.0,0.0,0.0,0.0,0.0,0.0,0.0,0.0,0.0,0.0,Carpet,high,new,Viridian The Plaza 106,gurgaon,0.782
120.31,3.0,3.0,2.0,0.0,37.0,10.0,0.0,0.0,0.0,0.0,0.0,0.0,0.0,0.0,0.0,0.0,0.0,0.0,0.0,0.0,0.0,0.0,0.0,0.0,0.0,Carpet,low,new,Signature Global City,gurgaon,1.87
115.66,2.0,2.0,3.0,0.0,68.0,15.0,0.0,0.0,0.0,0.0,0.0,0.0,0.0,0.0,0.0,0.0,0.0,0.0,0.0,0.0,0.0,0.0,0.0,0.0,0.0,Super Built up,high,new,Pareena Mi Casa,gurgaon,1.955
42.9,1.0,1.0,0.0,1.0,52.0,44.0,0.0,0.0,0.0,0.0,0.0,0.0,9.0,0.0,0.0,0.0,1.0,0.0,1.0,0.0,0.0,0.0,0.0,0.0,0.0,Carpet,low,old,Huda Housing Board Society,gurgaon,0.765
49.33,2.0,2.0,1.0,0.0,,7.0,0.0,0.0,0.0,0.0,0.0,0.0,0.0,0.0,0.0,0.0,0.0,0.0,0.0,0.0,0.0,0.0,0.0,0.0,0.0,Carpet,high,new,Signature The Serenas,gurgaon,0.765
67.82,2.0,2.0,0.0,0.0,93.0,8.0,0.0,0.0,0.0,0.0,0.0,0.0,0.0,0.0,0.0,0.0,0.0,0.0,0.0,0.0,0.0,0.0,0.0,0.0,0.0,Built Up,high,under construction,Signature Global Orchard Avenue,gurgaon,0.68
83.61,2.0,2.0,2.0,0.0,,13.0,0.0,0.0,0.0,0.0,0.0,0.0,0.0,0.0,0.0,0.0,0.0,0.0,0.0,0.0,0.0,0.0,0.0,0.0,0.0,Built Up,low,under construction,Trisara Our Homes 3,gurgaon,0.68
133.13,2.0,2.0,3.0,0.0,65.0,11.0,0.0,0.0,0.0,0.0,0.0,0.0,0.0,0.0,0.0,0.0,0.0,0.0,0.0,0.0,0.0,0.0,0.0,0.0,0.0,Carpet,mid,mid aged,M3M Heights,gurgaon,3.825
315.87,3.0,3.0,3.0,0.0,63.0,13.0,0.0,0.0,0.0,0.0,0.0,0.0,0.0,0.0,0.0,0.0,0.0,0.0,0.0,0.0,0.0,0.0,0.0,0.0,0.0,Super Built up,low,mid aged,Adani Brahma Samsara Vilasa,gurgaon,5.779999999999999
167.23,4.0,3.0,0.0,0.0,82.0,7.0,0.0,0.0,0.0,0.0,0.0,0.0,0.0,0.0,0.0,0.0,0.0,0.0,0.0,0.0,0.0,0.0,0.0,0.0,0.0,Built Up,low,under construction,Vatika Independent Floors,gurgaon,2.465
102.19,2.0,3.0,0.0,0.0,69.0,10.0,0.0,0.0,0.0,0.0,0.0,0.0,0.0,0.0,0.0,0.0,0.0,0.0,0.0,0.0,0.0,0.0,0.0,0.0,0.0,Built Up,high,under construction,Tulip Violet,gurgaon,2.04
117.15,2.0,2.0,3.0,0.0,65.0,11.0,0.0,0.0,0.0,0.0,0.0,0.0,0.0,0.0,0.0,0.0,0.0,0.0,0.0,0.0,0.0,0.0,0.0,0.0,0.0,Super Built up,mid,mid aged,M3M Heights,gurgaon,3.23
169.55,3.0,3.0,3.0,0.0,88.0,14.0,0.0,0.0,0.0,0.0,0.0,0.0,0.0,0.0,0.0,0.0,0.0,0.0,0.0,0.0,0.0,0.0,0.0,0.0,0.0,Super Built up,high,new,Godrej Icon,gurgaon,2.805
187.48,3.0,3.0,3.0,1.0,74.0,7.0,0.0,0.0,0.0,0.0,0.0,0.0,0.0,0.0,0.0,0.0,0.0,0.0,0.0,0.0,0.0,0.0,0.0,0.0,0.0,Super Built up,high,new,M3M Skywalk,gurgaon,4.59
78.53,2.0,2.0,3.0,0.0,,8.0,1.0,0.0,0.0,0.0,0.0,0.0,0.0,2.0,0.0,1.0,1.0,0.0,0.0,0.0,0.0,0.0,0.0,0.0,0.0,Super Built up,mid,new,Signature Global Park,gurgaon,0.918
65.03,1.0,1.0,1.0,0.0,,5.0,0.0,0.0,0.0,0.0,0.0,0.0,0.0,0.0,0.0,0.0,0.0,0.0,0.0,0.0,0.0,0.0,0.0,0.0,1.0,Carpet,low,new,HCBS Sports Ville,gurgaon,0.374
44.64,2.0,2.0,2.0,0.0,,6.0,0.0,0.0,0.0,0.0,0.0,0.0,0.0,0.0,0.0,0.0,0.0,0.0,0.0,0.0,0.0,0.0,0.0,0.0,0.0,Carpet,high,new,GLS Arawali Homes,gurgaon,0.4929999999999999
27.96,1.0,1.0,1.0,0.0,104.0,9.0,0.0,0.0,0.0,0.0,0.0,0.0,0.0,0.0,0.0,0.0,0.0,0.0,0.0,0.0,0.0,0.0,0.0,0.0,0.0,Built Up,low,under construction,Zara Aavaas,gurgaon,0.34
171.41,3.0,3.0,3.0,0.0,103.0,7.0,0.0,0.0,0.0,0.0,0.0,0.0,0.0,0.0,0.0,3.0,0.0,0.0,0.0,0.0,0.0,0.0,0.0,0.0,0.0,Built Up,low,under construction,Chintamani,gurgaon,2.669
88.26,2.0,2.0,2.0,0.0,37.0,10.0,0.0,0.0,0.0,0.0,0.0,0.0,0.0,0.0,0.0,0.0,0.0,0.0,0.0,0.0,0.0,0.0,0.0,0.0,0.0,Super Built up,low,mid aged,Signature Global City,gurgaon,1.36
133.78,3.0,3.0,3.0,1.0,37.0,12.0,0.0,0.0,0.0,0.0,0.0,0.0,0.0,0.0,0.0,0.0,0.0,0.0,0.0,0.0,0.0,0.0,0.0,0.0,0.0,Carpet,low,mid aged,Signature Global City 37D Ph 2,gurgaon,2.295
182.74,4.0,4.0,1.0,0.0,69.0,10.0,0.0,0.0,0.0,0.0,0.0,0.0,0.0,0.0,0.0,0.0,0.0,0.0,0.0,0.0,0.0,0.0,0.0,0.0,0.0,Carpet,high,new,Tulip Violet,gurgaon,3.4
112.41,3.0,2.0,3.0,0.0,,8.0,1.0,0.0,0.0,0.0,0.0,0.0,0.0,2.0,0.0,1.0,1.0,0.0,0.0,0.0,0.0,0.0,0.0,0.0,0.0,Built Up,mid,under construction,Signature Global Park,gurgaon,1.479
117.43,2.0,2.0,2.0,0.0,,7.0,0.0,0.0,0.0,0.0,0.0,0.0,0.0,0.0,0.0,0.0,0.0,0.0,0.0,0.0,0.0,0.0,0.0,0.0,0.0,Super Built up,low,new,Eldeco Accolade,gurgaon,1.326
111.3,2.0,2.0,2.0,0.0,71.0,15.0,0.0,0.0,0.0,0.0,0.0,0.0,0.0,0.0,0.0,0.0,0.0,0.0,0.0,0.0,0.0,0.0,0.0,0.0,0.0,Super Built up,mid,old,CHD Avenue 71,gurgaon,1.615
218.32,3.0,2.0,3.0,0.0,92.0,11.0,1.0,0.0,0.0,0.0,0.0,0.0,0.0,0.0,0.0,0.0,0.0,0.0,0.0,0.0,0.0,0.0,0.0,0.0,0.0,Built Up,high,under construction,Raheja Navodaya,gurgaon,1.87
199.74,3.0,3.0,3.0,1.0,63.0,12.0,0.0,0.0,0.0,0.0,0.0,0.0,0.0,0.0,0.0,0.0,0.0,0.0,0.0,0.0,0.0,0.0,0.0,0.0,0.0,Super Built up,mid,mid aged,Birla Navya,gurgaon,5.609999999999999
6.69,1.0,1.0,0.0,1.0,51.0,45.0,0.0,0.0,0.0,0.0,0.0,0.0,2.0,0.0,0.0,0.0,0.0,0.0,0.0,0.0,0.0,0.0,0.0,0.0,0.0,Carpet,low,old,Housing Board Colony,gurgaon,0.51
198.26,4.0,4.0,3.0,1.0,33.0,15.0,0.0,0.0,0.0,0.0,0.0,0.0,0.0,0.0,0.0,0.0,0.0,0.0,1.0,0.0,0.0,0.0,0.0,0.0,0.0,Carpet,low,new,Central Park Flower Valley Aqua Front Towers,gurgaon,5.032
120.59,3.0,2.0,2.0,0.0,92.0,11.0,0.0,0.0,0.0,0.0,0.0,0.0,0.0,0.0,0.0,0.0,0.0,0.0,0.0,0.0,0.0,0.0,0.0,0.0,0.0,Super Built up,high,new,Sare Green ParC Phase 3,gurgaon,1.343
120.59,3.0,2.0,2.0,0.0,92.0,8.0,0.0,0.0,0.0,0.0,0.0,0.0,0.0,0.0,0.0,0.0,0.0,0.0,0.0,0.0,0.0,0.0,0.0,0.0,0.0,Super Built up,high,new,Sare Crescent Parc Royal Greens Phase 1,gurgaon,1.343
125.42,3.0,3.0,3.0,1.0,33.0,8.0,0.0,0.0,0.0,0.0,0.0,0.0,0.0,0.0,0.0,0.0,0.0,0.0,0.0,0.0,0.0,0.0,0.0,0.0,0.0,Carpet,mid,old,Godrej Nature Plus,gurgaon,2.89
171.87,3.0,3.0,3.0,0.0,88.0,7.0,0.0,0.0,0.0,0.0,1.0,0.0,0.0,0.0,0.0,0.0,0.0,1.0,0.0,0.0,0.0,0.0,0.0,0.0,0.0,Super Built up,mid,new,Godrej Oasis,gurgaon,2.38
131.46,3.0,3.0,3.0,0.0,92.0,8.0,0.0,0.0,0.0,0.0,0.0,0.0,0.0,0.0,0.0,0.0,0.0,0.0,0.0,0.0,0.0,0.0,0.0,0.0,0.0,Super Built up,low,new,Sare Homes,gurgaon,0.986
248.52,4.0,5.0,2.0,1.0,79.0,10.0,0.0,0.0,0.0,0.0,0.0,0.0,0.0,0.0,0.0,0.0,0.0,0.0,0.0,0.0,0.0,0.0,0.0,0.0,0.0,Built Up,mid,new,Bestech Altura,gurgaon,4.335
156.91,3.0,3.0,3.0,1.0,104.0,7.0,0.0,0.0,0.0,0.0,0.0,0.0,0.0,0.0,0.0,0.0,0.0,0.0,0.0,0.0,0.0,0.0,0.0,0.0,0.0,Super Built up,high,new,Hero Homes,gurgaon,3.23
113.34,2.0,2.0,3.0,0.0,68.0,10.0,0.0,0.0,0.0,0.0,0.0,0.0,0.0,0.0,0.0,0.0,0.0,0.0,0.0,0.0,0.0,0.0,0.0,0.0,0.0,Super Built up,mid,new,M3M Sierra 68,gurgaon,2.125
185.81,3.0,3.0,3.0,1.0,103.0,15.0,0.0,0.0,0.0,0.0,0.0,0.0,0.0,0.0,0.0,0.0,0.0,0.0,0.0,0.0,0.0,0.0,0.0,0.0,0.0,Super Built up,high,new,Indiabulls Centrum Park,gurgaon,2.805
135.08,3.0,3.0,3.0,1.0,92.0,7.0,0.0,0.0,0.0,0.0,0.0,0.0,0.0,0.0,0.0,0.0,0.0,0.0,0.0,0.0,0.0,0.0,0.0,0.0,0.0,Super Built up,low,new,Sare Green Parc 2,gurgaon,1.275
218.32,4.0,6.0,3.0,1.0,1.0,10.0,0.0,0.0,0.0,0.0,0.0,0.0,0.0,0.0,0.0,0.0,0.0,0.0,0.0,0.0,0.0,0.0,0.0,0.0,0.0,Carpet,mid,new,DLF Express Greens,gurgaon,2.72
142.51,2.0,2.0,3.0,1.0,107.0,6.0,0.0,0.0,0.0,0.0,0.0,0.0,0.0,0.0,0.0,0.0,0.0,0.0,0.0,0.0,0.0,0.0,0.0,0.0,0.0,Super Built up,high,new,M3M Woodshire,gurgaon,1.955
129.04,3.0,2.0,2.0,0.0,104.0,7.0,0.0,0.0,0.0,0.0,0.0,0.0,0.0,0.0,0.0,0.0,0.0,0.0,0.0,0.0,0.0,0.0,0.0,0.0,0.0,Super Built up,mid,mid aged,Hero Homes,gurgaon,2.38
165.74,3.0,3.0,3.0,1.0,81.0,15.0,0.0,0.0,0.0,0.0,0.0,0.0,0.0,0.0,0.0,0.0,0.0,0.0,0.0,0.0,0.0,0.0,0.0,0.0,0.0,Carpet,low,old,Vipul Lavanya,gurgaon,2.176
100.43,3.0,2.0,3.0,0.0,,8.0,1.0,0.0,0.0,0.0,0.0,0.0,0.0,2.0,0.0,1.0,1.0,0.0,0.0,0.0,0.0,0.0,0.0,0.0,0.0,Carpet,mid,new,Signature Global Park,gurgaon,1.275
69.68,2.0,2.0,2.0,0.0,,11.0,0.0,0.0,0.0,0.0,0.0,0.0,0.0,0.0,0.0,0.0,0.0,0.0,0.0,0.0,0.0,0.0,0.0,0.0,0.0,Carpet,low,old,Suncity Vatsal Valley,gurgaon,1.7
55.23,2.0,2.0,3.0,0.0,95.0,9.0,0.0,0.0,0.0,0.0,0.0,0.0,0.0,0.0,0.0,0.0,0.0,0.0,0.0,0.0,0.0,0.0,0.0,0.0,0.0,Carpet,low,new,Signature Global Superbia,gurgaon,0.68
181.16,3.0,4.0,2.0,1.0,70.0,15.0,0.0,0.0,0.0,0.0,0.0,0.0,0.0,0.0,0.0,0.0,0.0,0.0,0.0,0.0,0.0,0.0,0.0,0.0,0.0,Built Up,high,new,Shree Vardhman Victoria,gurgaon,2.975
117.15,2.0,2.0,3.0,0.0,65.0,11.0,0.0,0.0,0.0,0.0,0.0,0.0,0.0,0.0,0.0,0.0,0.0,0.0,0.0,0.0,0.0,0.0,0.0,0.0,0.0,Super Built up,high,old,M3M Heights,gurgaon,3.57
143.91,3.0,3.0,1.0,0.0,61.0,9.0,0.0,0.0,0.0,0.0,0.0,0.0,0.0,0.0,0.0,0.0,0.0,0.0,0.0,0.0,0.0,0.0,0.0,0.0,0.0,Built Up,low,under construction,Smart World Orchard,gurgaon,4.25
330.36,6.0,4.0,2.0,0.0,10.0,49.0,0.0,0.0,0.0,0.0,0.0,0.0,0.0,0.0,0.0,0.0,0.0,0.0,0.0,0.0,0.0,0.0,0.0,0.0,0.0,Carpet,mid,old,Karmyogi Apartment,gurgaon,3.91
176.52,3.0,4.0,0.0,0.0,83.0,10.0,0.0,0.0,0.0,0.0,0.0,0.0,0.0,0.0,0.0,0.0,0.0,0.0,0.0,0.0,0.0,0.0,0.0,0.0,0.0,Built Up,high,under construction,Emaar Palm Gardens,gurgaon,3.06
143.91,3.0,3.0,2.0,1.0,61.0,9.0,0.0,0.0,0.0,0.0,0.0,0.0,0.0,0.0,0.0,0.0,0.0,0.0,0.0,0.0,0.0,0.0,0.0,0.0,0.0,Carpet,low,old,Smart World Orchard,gurgaon,3.4
142.14,2.0,2.0,3.0,1.0,79.0,3.0,0.0,0.0,0.0,0.0,0.0,0.0,0.0,0.0,0.0,0.0,0.0,0.0,0.0,0.0,0.0,0.0,0.0,0.0,0.0,Carpet,mid,new,Supertech Araville,gurgaon,1.7
147.44,3.0,3.0,3.0,0.0,85.0,5.0,0.0,0.0,0.0,0.0,0.0,0.0,0.0,0.0,0.0,0.0,0.0,0.0,0.0,0.0,0.0,0.0,0.0,0.0,0.0,Super Built up,high,new,Orris Aster Court,gurgaon,1.53
483.1,5.0,5.0,3.0,1.0,2.0,43.0,0.0,0.0,0.0,0.0,0.0,0.0,12.0,0.0,0.0,0.0,5.0,0.0,0.0,0.0,0.0,0.0,0.0,0.0,0.0,Carpet,low,old,DLF Beverly Park,gurgaon,13.6
86.4,2.0,2.0,1.0,0.0,70.0,11.0,0.0,0.0,0.0,0.0,0.0,0.0,0.0,0.0,0.0,0.0,0.0,0.0,0.0,0.0,0.0,0.0,0.0,0.0,0.0,Built Up,high,new,AIPL Club Residences,gurgaon,1.615
222.97,5.0,5.0,2.0,1.0,,11.0,0.0,0.0,0.0,0.0,0.0,0.0,2.0,0.0,0.0,0.0,0.0,0.0,0.0,0.0,0.0,0.0,0.0,0.0,0.0,Built Up,low,old,Surya Vihar RWA,gurgaon,2.21
55.74,2.0,2.0,1.0,0.0,,50.0,0.0,0.0,0.0,0.0,0.0,0.0,1.0,1.0,0.0,0.0,0.0,0.0,0.0,0.0,0.0,0.0,0.0,0.0,0.0,Carpet,low,new,Floor type society,gurgaon,0.68
131.92,2.0,2.0,3.0,0.0,79.0,3.0,0.0,0.0,0.0,0.0,0.0,0.0,0.0,0.0,0.0,0.0,0.0,0.0,0.0,0.0,0.0,0.0,0.0,0.0,0.0,Carpet,high,under construction,M3m Golf Hills,gurgaon,2.465
190.92,3.0,3.0,3.0,0.0,37.0,10.0,0.0,0.0,0.0,0.0,0.0,0.0,0.0,0.0,0.0,0.0,0.0,0.0,0.0,0.0,0.0,0.0,0.0,0.0,0.0,Carpet,mid,mid aged,Signature Global City,gurgaon,2.125
292.64,4.0,4.0,3.0,0.0,63.0,13.0,0.0,0.0,0.0,0.0,0.0,0.0,0.0,0.0,0.0,0.0,0.0,0.0,0.0,0.0,0.0,0.0,0.0,0.0,0.0,Carpet,low,new,Adani Brahma Samsara Vilasa,gurgaon,7.633
222.97,4.0,4.0,2.0,1.0,5.0,8.0,0.0,0.0,0.0,0.0,0.0,0.0,0.0,0.0,0.0,0.0,0.0,0.0,0.0,0.0,0.0,0.0,0.0,0.0,0.0,Carpet,low,mid aged,DLF The Grove,gurgaon,10.2
132.85,3.0,3.0,3.0,0.0,,11.0,0.0,0.0,0.0,0.0,0.0,0.0,0.0,0.0,0.0,0.0,0.0,0.0,0.0,0.0,0.0,0.0,0.0,0.0,0.0,Carpet,low,new,Suncity Vatsal Valley,gurgaon,2.601
123.19,3.0,2.0,2.0,0.0,92.0,11.0,0.0,0.0,0.0,0.0,0.0,0.0,0.0,0.0,0.0,0.0,0.0,0.0,0.0,0.0,0.0,0.0,0.0,0.0,0.0,Super Built up,mid,new,Sare Green ParC Phase 3,gurgaon,1.19
55.74,2.0,2.0,0.0,0.0,84.0,10.0,0.0,0.0,0.0,0.0,0.0,0.0,0.0,0.0,0.0,0.0,0.0,0.0,0.0,0.0,0.0,0.0,0.0,0.0,0.0,Super Built up,mid,under construction,Pivotal Devaan Apartments,gurgaon,0.663
76.37,2.0,2.0,3.0,0.0,,8.0,1.0,0.0,0.0,0.0,0.0,0.0,0.0,2.0,0.0,1.0,1.0,0.0,0.0,0.0,0.0,0.0,0.0,0.0,0.0,Carpet,low,new,Signature Global Park,gurgaon,0.952
315.41,4.0,4.0,2.0,1.0,59.0,15.0,0.0,0.0,0.0,0.0,0.0,0.0,0.0,0.0,0.0,0.0,0.0,0.0,0.0,0.0,0.0,0.0,0.0,0.0,0.0,Super Built up,high,mid aged,Conscient Elevate,gurgaon,11.475
101.36,3.0,2.0,3.0,0.0,92.0,10.0,0.0,0.0,0.0,0.0,0.0,0.0,0.0,0.0,0.0,0.0,0.0,0.0,0.0,0.0,0.0,0.0,0.0,0.0,0.0,Built Up,low,mid aged,Signature Global City 92,gurgaon,1.683
130.06,2.0,2.0,3.0,0.0,85.0,8.0,0.0,0.0,0.0,0.0,0.0,0.0,0.0,0.0,0.0,0.0,0.0,0.0,0.0,0.0,0.0,0.0,0.0,0.0,0.0,Built Up,high,under construction,Godrej Air,gurgaon,2.38
65.03,2.0,2.0,2.0,0.0,67.0,11.0,0.0,0.0,0.0,0.0,0.0,0.0,0.0,0.0,0.0,0.0,0.0,0.0,0.0,0.0,0.0,0.0,0.0,0.0,0.0,Super Built up,high,new,Pyramid Urban,gurgaon,1.02
126.26,3.0,2.0,2.0,0.0,104.0,7.0,0.0,0.0,0.0,0.0,0.0,0.0,0.0,0.0,0.0,0.0,0.0,0.0,0.0,0.0,0.0,0.0,0.0,0.0,0.0,Super Built up,high,old,Hero Homes,gurgaon,2.295
120.31,2.0,2.0,0.0,0.0,79.0,3.0,0.0,0.0,0.0,0.0,0.0,0.0,0.0,0.0,0.0,0.0,0.0,0.0,0.0,0.0,0.0,0.0,0.0,0.0,0.0,Built Up,high,under construction,Supertech Araville,gurgaon,1.224
88.26,2.0,2.0,2.0,0.0,3.0,48.0,0.0,0.0,0.0,0.0,0.0,0.0,1.0,0.0,0.0,3.0,0.0,0.0,0.0,0.0,0.0,0.0,0.0,0.0,0.0,Super Built up,low,old,Apna Enclave,gurgaon,0.986
132.2,3.0,3.0,2.0,1.0,89.0,9.0,0.0,0.0,0.0,0.0,0.0,0.0,0.0,0.0,0.0,0.0,0.0,0.0,0.0,0.0,0.0,0.0,0.0,0.0,0.0,Carpet,low,mid aged,M3M Soulitude,gurgaon,1.938
171.41,3.0,3.0,3.0,0.0,103.0,17.0,1.0,0.0,0.0,0.0,0.0,0.0,4.0,0.0,0.0,4.0,0.0,0.0,0.0,0.0,0.0,0.0,0.0,0.0,0.0,Super Built up,high,new,on request,gurgaon,2.873
102.1,2.0,2.0,2.0,0.0,,9.0,0.0,0.0,0.0,0.0,0.0,0.0,0.0,0.0,0.0,0.0,0.0,0.0,0.0,0.0,0.0,0.0,0.0,0.0,0.0,Super Built up,high,mid aged,Raheja Maheshwara,gurgaon,0.816
125.33,2.0,2.0,2.0,0.0,102.0,13.0,0.0,0.0,0.0,0.0,0.0,0.0,0.0,0.0,0.0,0.0,0.0,0.0,0.0,0.0,0.0,0.0,0.0,0.0,0.0,Super Built up,high,old,Shapoorji Pallonji Joyville Gurugram,gurgaon,3.383
325.16,4.0,4.0,3.0,1.0,,42.0,0.0,0.0,0.0,0.0,0.0,0.0,8.0,0.0,0.0,0.0,5.0,0.0,0.0,0.0,0.0,0.0,0.0,0.0,0.0,Super Built up,low,old,Dlf 3 Apartment,gurgaon,4.25
116.78,2.0,2.0,2.0,0.0,81.0,15.0,0.0,0.0,0.0,0.0,0.0,0.0,0.0,0.0,0.0,0.0,0.0,0.0,0.0,0.0,0.0,0.0,0.0,0.0,0.0,Carpet,mid,old,Vipul Lavanya,gurgaon,1.275
208.47,3.0,3.0,3.0,0.0,79.0,10.0,0.0,0.0,0.0,0.0,0.0,0.0,0.0,0.0,0.0,0.0,0.0,0.0,0.0,0.0,0.0,0.0,0.0,0.0,0.0,Built Up,mid,under construction,Godrej 101,gurgaon,4.25
76.37,2.0,2.0,2.0,0.0,,8.0,1.0,0.0,0.0,0.0,0.0,0.0,0.0,2.0,0.0,1.0,1.0,0.0,0.0,0.0,0.0,0.0,0.0,0.0,0.0,Built Up,low,under construction,Signature Global Park,gurgaon,0.986
126.35,2.0,2.0,1.0,0.0,86.0,4.0,0.0,0.0,0.0,0.0,0.0,0.0,0.0,0.0,0.0,0.0,0.0,0.0,0.0,0.0,0.0,0.0,0.0,0.0,0.0,Built Up,low,new,Ansal Heights 86,gurgaon,1.088
169.27,3.0,3.0,3.0,0.0,77.0,10.0,0.0,0.0,0.0,0.0,0.0,0.0,0.0,0.0,0.0,0.0,0.0,0.0,0.0,0.0,0.0,0.0,0.0,0.0,0.0,Built Up,high,under construction,Umang Winter Hills,gurgaon,2.04
147.44,3.0,3.0,3.0,0.0,85.0,5.0,0.0,0.0,0.0,0.0,0.0,0.0,0.0,0.0,0.0,0.0,0.0,0.0,0.0,0.0,0.0,0.0,0.0,0.0,0.0,Built Up,high,new,Orris Aster Court,gurgaon,1.581
109.63,2.0,2.0,3.0,0.0,68.0,21.0,0.0,0.0,0.0,0.0,0.0,0.0,7.0,0.0,0.0,0.0,0.0,0.0,0.0,0.0,0.0,0.0,0.0,0.0,0.0,Built Up,high,new,Supertech Hues,gurgaon,1.36
38.74,1.0,1.0,1.0,0.0,81.0,10.0,0.0,0.0,0.0,0.0,0.0,0.0,0.0,0.0,0.0,0.0,0.0,0.0,0.0,0.0,0.0,0.0,0.0,0.0,0.0,Super Built up,high,new,Signature Global Synera,gurgaon,0.527
91.97,3.0,2.0,1.0,0.0,,50.0,0.0,0.0,0.0,0.0,0.0,0.0,2.0,0.0,0.0,0.0,0.0,0.0,0.0,0.0,0.0,0.0,0.0,0.0,0.0,Carpet,mid,new,"New colony, Gurgaon",gurgaon,1.36
54.91,2.0,2.0,1.0,0.0,67.0,11.0,0.0,0.0,0.0,0.0,0.0,0.0,0.0,0.0,0.0,0.0,0.0,0.0,0.0,0.0,0.0,0.0,0.0,0.0,0.0,Carpet,high,new,Pyramid Urban,gurgaon,1.19
171.87,4.0,3.0,3.0,0.0,9.0,50.0,1.0,0.0,0.0,0.0,0.0,0.0,5.0,0.0,0.0,1.0,0.0,0.0,0.0,0.0,0.0,0.0,0.0,0.0,0.0,Carpet,high,old,Oriental Valley CHS,gurgaon,2.55
36.42,1.0,1.0,1.0,0.0,36.0,6.0,0.0,0.0,0.0,0.0,0.0,0.0,0.0,0.0,0.0,0.0,0.0,0.0,0.0,0.0,0.0,0.0,0.0,0.0,0.0,Carpet,mid,new,AVL 36 Gurgaon,gurgaon,0.68
102.47,3.0,1.0,0.0,0.0,89.0,14.0,0.0,0.0,0.0,0.0,0.0,0.0,0.0,0.0,0.0,0.0,0.0,0.0,0.0,0.0,0.0,0.0,0.0,0.0,0.0,Built Up,low,under construction,Smart World Gems,gurgaon,1.87
69.68,2.0,2.0,0.0,0.0,103.0,11.0,0.0,0.0,0.0,0.0,0.0,0.0,0.0,1.0,0.0,0.0,0.0,0.0,0.0,0.0,0.0,0.0,0.0,0.0,0.0,Built Up,high,under construction,Signature Global Grand IVA,gurgaon,0.85
120.77,3.0,2.0,2.0,0.0,33.0,15.0,0.0,0.0,0.0,0.0,0.0,0.0,0.0,0.0,0.0,0.0,0.0,0.0,0.0,0.0,0.0,0.0,0.0,0.0,0.0,Carpet,low,new,Central Park Flower Valley,gurgaon,2.295
148.27,3.0,4.0,3.0,1.0,51.0,9.0,0.0,0.0,0.0,0.0,0.0,0.0,0.0,0.0,0.0,0.0,0.0,0.0,0.0,0.0,0.0,0.0,0.0,0.0,0.0,Carpet,low,old,Orchid Island,gurgaon,2.89
83.61204013377927,2.0,2.0,2.0,1.0,99.0,8.0,0.0,0.0,0.0,0.0,0.0,0.0,0.0,0.0,0.0,0.0,0.0,0.0,0.0,0.0,0.0,0.0,0.0,0.0,0.0,Carpet,high,new,Pivotal Riddhi Siddhi,gurgaon,1.224
44.87,2.0,2.0,2.0,0.0,84.0,15.0,0.0,0.0,0.0,0.0,0.0,0.0,0.0,0.0,0.0,0.0,0.0,0.0,0.0,0.0,0.0,0.0,0.0,0.0,0.0,Carpet,mid,new,Pivotal Devaan,gurgaon,0.595
66.89,2.0,2.0,1.0,1.0,,50.0,0.0,0.0,0.0,0.0,0.0,0.0,2.0,1.0,0.0,0.0,0.0,0.0,0.0,0.0,0.0,0.0,0.0,0.0,0.0,Carpet,mid,new,511 sarahah tower,gurgaon,1.02
116.13,2.0,2.0,3.0,0.0,68.0,10.0,0.0,0.0,0.0,0.0,0.0,0.0,0.0,0.0,0.0,0.0,0.0,0.0,0.0,0.0,0.0,0.0,0.0,0.0,0.0,Super Built up,low,new,M3M Sierra 68,gurgaon,2.04
74.32,2.0,2.0,2.0,0.0,103.0,11.0,0.0,0.0,0.0,0.0,0.0,0.0,0.0,1.0,0.0,0.0,0.0,0.0,0.0,0.0,0.0,0.0,0.0,0.0,0.0,Super Built up,high,new,Signature Global Grand IVA,gurgaon,0.85
56.21,1.0,1.0,1.0,0.0,56.0,45.0,1.0,0.0,0.0,0.0,0.0,0.0,14.0,0.0,0.0,0.0,3.0,0.0,0.0,0.0,0.0,1.0,0.0,0.0,0.0,Carpet,low,old,Kendriya Vihar,gurgaon,0.7989999999999999
269.42,3.0,4.0,3.0,1.0,53.0,15.0,0.0,0.0,0.0,0.0,0.0,0.0,0.0,0.0,0.0,0.0,0.0,0.0,0.0,0.0,0.0,0.0,0.0,0.0,0.0,Carpet,mid,old,Parsvnath Exotica,gurgaon,8.5
110.09,2.0,2.0,2.0,1.0,66.0,46.0,0.0,0.0,0.0,0.0,0.0,0.0,10.0,0.0,0.0,0.0,0.0,0.0,0.0,0.0,0.0,0.0,1.0,0.0,0.0,Super Built up,mid,new,Emaar MGF Palm Studios,gurgaon,2.89
174.19,3.0,3.0,3.0,0.0,37.0,9.0,0.0,0.0,0.0,0.0,0.0,0.0,0.0,0.0,0.0,0.0,0.0,0.0,0.0,0.0,0.0,0.0,0.0,0.0,0.0,Super Built up,high,new,ILD Greens,gurgaon,1.615
179.3,3.0,3.0,1.0,1.0,86.0,10.0,0.0,0.0,0.0,0.0,0.0,0.0,0.0,0.0,0.0,0.0,0.0,0.0,0.0,0.0,0.0,0.0,0.0,0.0,0.0,Super Built up,mid,new,DLF The Skycourt,gurgaon,3.74
88.72,2.0,2.0,3.0,0.0,81.0,12.0,0.0,0.0,0.0,0.0,0.0,0.0,0.0,0.0,0.0,0.0,0.0,0.0,0.0,0.0,0.0,0.0,0.0,0.0,0.0,Built Up,low,under construction,Signature Global City 81,gurgaon,1.394
195.56,4.0,4.0,3.0,0.0,93.0,9.0,0.0,0.0,0.0,0.0,0.0,0.0,0.0,0.0,0.0,0.0,0.0,0.0,0.0,0.0,0.0,0.0,0.0,0.0,0.0,Built Up,high,new,Spaze Privvy The Address,gurgaon,2.125
109.63,2.0,2.0,2.0,0.0,68.0,25.0,0.0,0.0,0.0,0.0,0.0,0.0,9.0,0.0,0.0,0.0,0.0,0.0,0.0,0.0,0.0,0.0,0.0,0.0,0.0,Built Up,mid,under construction,Supertech New Soft Launch,gurgaon,1.428
292.64,4.0,3.0,2.0,1.0,65.0,14.0,0.0,0.0,0.0,0.0,0.0,0.0,0.0,0.0,0.0,0.0,0.0,0.0,0.0,0.0,0.0,0.0,0.0,0.0,0.0,Built Up,low,new,Emaar Mgf Emerald Floors,gurgaon,5.44
235.51,4.0,5.0,3.0,0.0,82.0,11.0,0.0,0.0,0.0,0.0,0.0,0.0,0.0,0.0,0.0,0.0,0.0,0.0,0.0,0.0,0.0,0.0,0.0,0.0,0.0,Built Up,low,under construction,Mapsko Casa Bella,gurgaon,2.975
58.44,2.0,2.0,1.0,0.0,,13.0,0.0,0.0,0.0,0.0,0.0,0.0,0.0,0.0,0.0,0.0,0.0,0.0,0.0,0.0,0.0,0.0,0.0,0.0,0.0,Carpet,low,new,Trisara Our Homes 3,gurgaon,0.595
227.61,3.0,3.0,0.0,0.0,106.0,20.0,1.0,0.0,0.0,0.0,0.0,0.0,1.0,0.0,0.0,0.0,0.0,0.0,0.0,0.0,0.0,0.0,0.0,0.0,0.0,Built Up,high,under construction,Elan The Presidential,gurgaon,6.63
173.64,3.0,3.0,3.0,0.0,48.0,42.0,0.0,0.0,0.0,0.0,0.0,0.0,1.0,0.0,0.0,0.0,0.0,0.0,0.0,0.0,0.0,0.0,0.0,0.0,0.0,Built Up,high,under construction,Belgravia Resort Residences,gurgaon,5.865
222.97,4.0,4.0,3.0,1.0,70.0,10.0,0.0,0.0,0.0,0.0,0.0,0.0,0.0,0.0,0.0,0.0,0.0,0.0,0.0,0.0,0.0,0.0,0.0,0.0,0.0,Carpet,high,old,Tulip Ivory,gurgaon,3.995
162.58,3.0,3.0,3.0,0.0,89.0,6.0,0.0,0.0,0.0,0.0,0.0,0.0,0.0,0.0,0.0,0.0,0.0,0.0,0.0,0.0,0.0,0.0,0.0,0.0,0.0,Super Built up,mid,under construction,ATS Marigold,gurgaon,2.55
121.15,2.0,2.0,3.0,0.0,70.0,11.0,0.0,0.0,0.0,0.0,0.0,0.0,0.0,0.0,0.0,0.0,0.0,0.0,0.0,0.0,0.0,0.0,0.0,0.0,0.0,Super Built up,high,mid aged,AIPL Zen Residences,gurgaon,2.278
315.87,4.0,5.0,3.0,1.0,110.0,15.0,0.0,0.0,0.0,0.0,0.0,0.0,0.0,0.0,0.0,0.0,0.0,0.0,0.0,0.0,0.0,0.0,0.0,0.0,0.0,Super Built up,low,new,Indiabulls Enigma,gurgaon,5.779999999999999
158.31,3.0,3.0,3.0,0.0,69.0,13.0,0.0,0.0,0.0,0.0,0.0,0.0,0.0,0.0,0.0,0.0,0.0,0.0,0.0,0.0,0.0,0.0,0.0,0.0,0.0,Carpet,high,mid aged,Tulip Yellow,gurgaon,3.06
148.64,4.0,3.0,2.0,0.0,92.0,11.0,0.0,0.0,0.0,0.0,0.0,0.0,0.0,0.0,0.0,0.0,0.0,0.0,0.0,0.0,0.0,0.0,0.0,0.0,0.0,Carpet,high,new,Sare Green ParC Phase 3,gurgaon,1.87
102.47,2.0,2.0,3.0,0.0,89.0,14.0,0.0,0.0,0.0,0.0,0.0,0.0,0.0,0.0,0.0,0.0,0.0,0.0,0.0,0.0,0.0,0.0,0.0,0.0,0.0,Built Up,low,mid aged,Smart World Gems,gurgaon,1.649
250.84,3.0,3.0,3.0,1.0,63.0,13.0,0.0,0.0,0.0,0.0,0.0,0.0,0.0,0.0,0.0,0.0,0.0,0.0,0.0,0.0,0.0,0.0,0.0,0.0,0.0,Built Up,mid,new,Adani Brahma Samsara Vilasa,gurgaon,5.525
151.43,3.0,3.0,2.0,1.0,61.0,9.0,0.0,0.0,0.0,0.0,0.0,0.0,0.0,0.0,0.0,0.0,0.0,0.0,0.0,0.0,0.0,0.0,0.0,0.0,0.0,Carpet,mid,old,Smart World Orchard,gurgaon,4.335
117.15,3.0,2.0,2.0,1.0,92.0,7.0,0.0,0.0,0.0,0.0,0.0,0.0,0.0,0.0,0.0,0.0,0.0,0.0,0.0,0.0,0.0,0.0,0.0,0.0,0.0,Super Built up,mid,under construction,Sare Green Parc 2,gurgaon,1.037
100.43,2.0,2.0,0.0,0.0,,8.0,1.0,0.0,0.0,0.0,0.0,0.0,0.0,2.0,0.0,1.0,1.0,0.0,0.0,0.0,0.0,0.0,0.0,0.0,0.0,Built Up,low,under construction,Signature Global Park,gurgaon,1.275
204.39,3.0,3.0,3.0,1.0,,7.0,0.0,0.0,0.0,0.0,0.0,0.0,0.0,0.0,0.0,0.0,0.0,0.0,0.0,0.0,0.0,0.0,0.0,0.0,0.0,Carpet,low,new,Eldeco Accolade,gurgaon,2.295
146.6,3.0,3.0,2.0,0.0,69.0,42.0,0.0,0.0,0.0,0.0,0.0,0.0,10.0,0.0,0.0,0.0,0.0,0.0,0.0,0.0,0.0,0.0,1.0,0.0,0.0,Built Up,low,new,Tulip Violet,gurgaon,2.805
141.21,3.0,2.0,3.0,0.0,37.0,9.0,0.0,0.0,0.0,0.0,0.0,0.0,0.0,0.0,0.0,0.0,0.0,0.0,0.0,0.0,0.0,0.0,0.0,0.0,0.0,Super Built up,high,new,BPTP Park Generations,gurgaon,2.55
183.48,3.0,3.0,3.0,1.0,72.0,45.0,0.0,0.0,0.0,0.0,0.0,0.0,10.0,0.0,0.0,0.0,0.0,0.0,0.0,0.0,0.0,0.0,1.0,0.0,0.0,Super Built up,high,old,Spaze Privy,gurgaon,3.23
622.45,5.0,6.0,3.0,1.0,48.0,9.0,0.0,0.0,0.0,0.0,0.0,0.0,0.0,0.0,0.0,0.0,0.0,0.0,0.0,0.0,0.0,0.0,0.0,0.0,0.0,Carpet,high,new,Central Park Resorts,gurgaon,25.5
162.58,3.0,3.0,3.0,0.0,89.0,6.0,0.0,0.0,0.0,0.0,0.0,0.0,0.0,0.0,0.0,0.0,0.0,0.0,0.0,0.0,0.0,0.0,0.0,0.0,0.0,Super Built up,mid,new,ATS Marigold,gurgaon,2.72
278.71,4.0,5.0,3.0,1.0,111.0,10.0,0.0,0.0,0.0,0.0,0.0,0.0,0.0,0.0,0.0,0.0,0.0,0.0,0.0,0.0,0.0,0.0,0.0,0.0,0.0,Super Built up,mid,new,Puri Diplomatic Greens,gurgaon,6.63
88.26,2.0,2.0,2.0,0.0,,10.0,0.0,0.0,0.0,0.0,0.0,0.0,0.0,0.0,0.0,0.0,0.0,0.0,0.0,0.0,0.0,0.0,0.0,0.0,0.0,Super Built up,mid,new,Breez Global Heights,gurgaon,0.782
88.26,2.0,2.0,1.0,0.0,,48.0,1.0,0.0,0.0,0.0,0.0,0.0,1.0,0.0,0.0,0.0,0.0,0.0,0.0,0.0,0.0,0.0,0.0,0.0,0.0,Carpet,mid,new,Shri Ram Apartments,gurgaon,0.544
54.39,2.0,2.0,1.0,0.0,,14.0,0.0,0.0,0.0,0.0,0.0,0.0,0.0,0.0,0.0,0.0,0.0,0.0,0.0,0.0,0.0,0.0,0.0,0.0,0.0,Carpet,high,new,Breez Global Hill View,gurgaon,0.714
366.97,4.0,4.0,0.0,0.0,63.0,10.0,1.0,0.0,0.0,0.0,0.0,0.0,2.0,0.0,0.0,0.0,0.0,0.0,0.0,0.0,0.0,0.0,0.0,0.0,0.0,Built Up,mid,under construction,DLF The Arbour,gurgaon,13.26
148.64,3.0,3.0,3.0,0.0,,9.0,0.0,0.0,0.0,0.0,0.0,0.0,0.0,0.0,0.0,0.0,0.0,0.0,0.0,0.0,0.0,0.0,0.0,0.0,0.0,Carpet,high,old,BSF CHS,gurgaon,1.615
250.84,4.0,4.0,3.0,0.0,48.0,45.0,0.0,0.0,0.0,0.0,0.0,0.0,1.0,0.0,0.0,0.0,0.0,0.0,0.0,0.0,0.0,0.0,0.0,0.0,0.0,Carpet,low,under construction,Kibithu Villas,gurgaon,5.865
125.42,3.0,2.0,2.0,0.0,70.0,8.0,0.0,0.0,0.0,0.0,0.0,0.0,0.0,0.0,0.0,0.0,0.0,0.0,0.0,0.0,0.0,0.0,0.0,0.0,0.0,Built Up,mid,under construction,Tulip Orange,gurgaon,1.87
154.78,3.0,2.0,2.0,0.0,1.0,11.0,0.0,0.0,0.0,0.0,0.0,0.0,0.0,0.0,0.0,0.0,0.0,0.0,0.0,0.0,0.0,0.0,0.0,0.0,0.0,Super Built up,mid,old,HSIIDC Sidco Shivalik Apartments,gurgaon,1.4449999999999998
121.7,2.0,2.0,2.0,0.0,91.0,10.0,0.0,0.0,0.0,0.0,0.0,0.0,0.0,0.0,0.0,0.0,0.0,0.0,0.0,0.0,0.0,0.0,0.0,0.0,0.0,Super Built up,high,new,TARC Maceo,gurgaon,1.615
154.22,3.0,2.0,2.0,0.0,,17.0,0.0,0.0,0.0,0.0,0.0,0.0,0.0,0.0,0.0,0.0,0.0,0.0,0.0,0.0,0.0,0.0,0.0,0.0,0.0,Super Built up,mid,old,dnha group housing society,gurgaon,1.275
105.91,2.0,2.0,2.0,0.0,89.0,15.0,1.0,0.0,0.0,0.0,0.0,0.0,0.0,0.0,0.0,0.0,0.0,0.0,0.0,0.0,0.0,0.0,0.0,0.0,0.0,Super Built up,mid,old,NBCC Heights,gurgaon,1.275
161.19,3.0,3.0,2.0,0.0,83.0,10.0,0.0,0.0,0.0,0.0,0.0,0.0,0.0,0.0,0.0,0.0,0.0,0.0,0.0,0.0,0.0,0.0,0.0,0.0,0.0,Super Built up,mid,new,Vatika Gurgaon 21,gurgaon,2.38
212.75,3.0,4.0,2.0,1.0,,43.0,0.0,0.0,0.0,0.0,0.0,0.0,1.0,0.0,0.0,0.0,0.0,0.0,0.0,0.0,0.0,0.0,0.0,0.0,0.0,Carpet,low,old,Malibu Towers,gurgaon,4.165
109.63,2.0,2.0,3.0,0.0,68.0,21.0,0.0,0.0,0.0,0.0,0.0,0.0,7.0,0.0,0.0,0.0,0.0,0.0,0.0,0.0,0.0,0.0,0.0,0.0,0.0,Carpet,high,new,Supertech Hues,gurgaon,1.7
132.2,3.0,3.0,2.0,1.0,89.0,9.0,0.0,0.0,0.0,0.0,0.0,0.0,0.0,0.0,0.0,0.0,0.0,0.0,0.0,0.0,0.0,0.0,0.0,0.0,0.0,Carpet,low,old,M3M Soulitude,gurgaon,2.125
222.97,4.0,4.0,3.0,1.0,69.0,11.0,0.0,0.0,0.0,0.0,0.0,0.0,0.0,0.0,0.0,0.0,1.0,0.0,0.0,1.0,0.0,0.0,0.0,0.0,0.0,Super Built up,mid,old,Tulip Purple,gurgaon,4.42
134.71,3.0,3.0,3.0,1.0,15.0,49.0,0.0,0.0,0.0,0.0,0.0,0.0,8.0,1.0,0.0,0.0,0.0,0.0,0.0,0.0,0.0,0.0,0.0,0.0,1.0,Carpet,low,old,Park View Apartments,gurgaon,2.72
144.0,3.0,2.0,3.0,0.0,89.0,11.0,0.0,0.0,0.0,0.0,0.0,0.0,0.0,0.0,0.0,0.0,0.0,0.0,0.0,0.0,0.0,0.0,0.0,0.0,0.0,Built Up,mid,under construction,Tulip Petals,gurgaon,1.87
92.9,2.0,3.0,0.0,0.0,,29.0,0.0,0.0,0.0,0.0,0.0,3.0,3.0,1.0,0.0,1.0,0.0,0.0,0.0,0.0,0.0,0.0,0.0,0.0,0.0,Built Up,low,under construction,Ansal Plaza,gurgaon,1.7
235.79,3.0,3.0,2.0,0.0,36.0,14.0,0.0,0.0,0.0,0.0,0.0,0.0,0.0,0.0,0.0,0.0,0.0,0.0,0.0,0.0,0.0,0.0,0.0,0.0,0.0,Super Built up,high,old,Krisumi Waterfall Residences,gurgaon,6.205
163.7,3.0,3.0,2.0,1.0,71.0,15.0,0.0,0.0,0.0,0.0,0.0,0.0,0.0,0.0,0.0,0.0,0.0,0.0,0.0,0.0,0.0,0.0,0.0,0.0,0.0,Carpet,low,old,CHD Avenue 71,gurgaon,2.38
151.43,3.0,3.0,2.0,0.0,61.0,9.0,0.0,0.0,0.0,0.0,0.0,0.0,0.0,0.0,0.0,0.0,0.0,0.0,0.0,0.0,0.0,0.0,0.0,0.0,0.0,Super Built up,low,old,Smart World Orchard,gurgaon,4.42
130.62,2.0,2.0,2.0,0.0,74.0,7.0,0.0,0.0,0.0,0.0,0.0,0.0,0.0,0.0,0.0,0.0,0.0,0.0,0.0,0.0,0.0,0.0,0.0,0.0,0.0,Super Built up,high,new,M3M Skywalk,gurgaon,2.72
111.48,2.0,2.0,2.0,1.0,2.0,8.0,0.0,0.0,0.0,0.0,0.0,0.0,0.0,0.0,0.0,0.0,0.0,0.0,0.0,0.0,0.0,0.0,0.0,0.0,0.0,Super Built up,high,mid aged,Supertech Hill Town,gurgaon,1.275
123.1,2.0,2.0,2.0,0.0,83.0,15.0,0.0,0.0,0.0,0.0,0.0,0.0,0.0,1.0,0.0,0.0,0.0,0.0,0.0,0.0,0.0,0.0,0.0,0.0,0.0,Super Built up,low,new,Vatika City Homes,gurgaon,1.275
204.39,3.0,4.0,3.0,0.0,66.0,44.0,0.0,0.0,0.0,0.0,0.0,0.0,9.0,0.0,0.0,0.0,0.0,0.0,0.0,0.0,0.0,0.0,1.0,0.0,0.0,Built Up,low,new,Emaar The Palm Drive,gurgaon,6.63
80.73,1.0,1.0,1.0,0.0,71.0,8.0,0.0,0.0,0.0,0.0,0.0,0.0,0.0,0.0,0.0,0.0,0.0,0.0,0.0,0.0,0.0,0.0,0.0,0.0,0.0,Built Up,high,under construction,M3M Sky Lofts,gurgaon,1.7
118.45,2.0,2.0,2.0,0.0,,13.0,0.0,0.0,0.0,0.0,0.0,0.0,0.0,1.0,0.0,0.0,0.0,0.0,0.0,0.0,0.0,0.0,0.0,0.0,0.0,Built Up,high,under construction,Ashiana Anmol,gurgaon,1.53
244.33,4.0,4.0,2.0,1.0,109.0,8.0,0.0,0.0,0.0,0.0,0.0,0.0,0.0,0.0,0.0,0.0,0.0,0.0,0.0,0.0,0.0,0.0,0.0,0.0,0.0,Super Built up,high,new,Chintels Paradiso,gurgaon,3.349
169.08,3.0,3.0,0.0,0.0,37.0,6.0,0.0,0.0,0.0,0.0,0.0,0.0,0.0,0.0,0.0,0.0,0.0,0.0,0.0,0.0,0.0,0.0,0.0,0.0,0.0,Built Up,low,old,ILD Grand,gurgaon,2.295
130.99,2.0,2.0,3.0,0.0,37.0,15.0,0.0,0.0,0.0,0.0,0.0,0.0,0.0,0.0,0.0,0.0,0.0,0.0,0.0,0.0,0.0,0.0,0.0,0.0,0.0,Built Up,high,old,Ramprastha The Edge Towers,gurgaon,1.275
128.21,2.0,2.0,2.0,1.0,61.0,14.0,0.0,0.0,0.0,0.0,0.0,0.0,0.0,0.0,0.0,0.0,0.0,0.0,0.0,0.0,0.0,0.0,0.0,0.0,0.0,Carpet,high,new,Pioneer Park,gurgaon,2.72
55.93,2.0,2.0,1.0,0.0,,13.0,0.0,0.0,0.0,0.0,0.0,0.0,0.0,0.0,0.0,0.0,0.0,0.0,0.0,0.0,0.0,0.0,0.0,0.0,0.0,Carpet,mid,new,Trisara Our Homes 3,gurgaon,0.68
111.95,2.0,2.0,2.0,0.0,,13.0,0.0,0.0,0.0,0.0,0.0,0.0,0.0,1.0,0.0,0.0,0.0,0.0,0.0,0.0,0.0,0.0,0.0,0.0,0.0,Super Built up,mid,new,Ashiana Anmol,gurgaon,1.683
218.79,4.0,6.0,3.0,1.0,106.0,20.0,1.0,0.0,0.0,0.0,0.0,0.0,1.0,0.0,0.0,0.0,0.0,0.0,0.0,0.0,0.0,0.0,0.0,0.0,0.0,Super Built up,mid,new,Paras Dews,gurgaon,3.57
118.92,2.0,2.0,2.0,0.0,78.0,7.0,0.0,0.0,0.0,0.0,0.0,0.0,0.0,0.0,0.0,0.0,0.0,0.0,0.0,0.0,0.0,0.0,0.0,0.0,0.0,Carpet,high,old,Umang Monsoon Breeze,gurgaon,1.1729999999999998
102.47,2.0,2.0,2.0,1.0,89.0,9.0,0.0,0.0,0.0,0.0,0.0,0.0,0.0,0.0,0.0,0.0,0.0,0.0,0.0,0.0,0.0,0.0,0.0,0.0,0.0,Carpet,low,old,M3M Soulitude,gurgaon,1.7
69.68,3.0,2.0,3.0,0.0,36.0,12.0,0.0,0.0,0.0,0.0,0.0,0.0,0.0,0.0,0.0,0.0,0.0,0.0,0.0,0.0,0.0,0.0,0.0,0.0,0.0,Carpet,low,new,Signature Global Park 4,gurgaon,1.4449999999999998
69.12,2.0,2.0,1.0,0.0,,5.0,0.0,0.0,0.0,0.0,0.0,0.0,0.0,0.0,0.0,0.0,0.0,0.0,0.0,0.0,0.0,0.0,0.0,0.0,1.0,Built Up,low,new,HCBS Sports Ville,gurgaon,0.544
143.81,2.0,2.0,3.0,0.0,108.0,8.0,0.0,0.0,0.0,0.0,0.0,0.0,0.0,0.0,0.0,0.0,0.0,0.0,0.0,0.0,0.0,0.0,0.0,0.0,0.0,Carpet,low,old,Raheja The Vedaanta Floors,gurgaon,1.19
132.2,3.0,3.0,2.0,0.0,89.0,9.0,0.0,0.0,0.0,0.0,0.0,0.0,0.0,0.0,0.0,0.0,0.0,0.0,0.0,0.0,0.0,0.0,0.0,0.0,0.0,Carpet,low,old,M3M Soulitude,gurgaon,2.414
59.84,2.0,2.0,2.0,1.0,95.0,14.0,0.0,0.0,0.0,0.0,0.0,0.0,0.0,0.0,0.0,0.0,0.0,0.0,0.0,0.0,0.0,0.0,0.0,0.0,0.0,Carpet,mid,new,ROF Ananda,gurgaon,0.646
53.51,2.0,2.0,2.0,0.0,,6.0,0.0,0.0,0.0,0.0,0.0,0.0,0.0,0.0,0.0,0.0,0.0,0.0,0.0,0.0,0.0,0.0,0.0,0.0,0.0,Carpet,mid,new,GLS Arawali Homes,gurgaon,0.442
394.84,4.0,4.0,3.0,1.0,72.0,10.0,0.0,0.0,0.0,0.0,0.0,0.0,0.0,1.0,0.0,0.0,0.0,0.0,0.0,0.0,0.0,0.0,0.0,0.0,0.0,Super Built up,high,new,Tata Primanti,gurgaon,11.05
199.74,3.0,4.0,2.0,1.0,79.0,10.0,0.0,0.0,0.0,0.0,0.0,0.0,0.0,0.0,0.0,0.0,0.0,0.0,0.0,0.0,0.0,0.0,0.0,0.0,0.0,Carpet,high,new,Bestech Altura,gurgaon,3.23
117.43,2.0,2.0,3.0,0.0,,7.0,0.0,0.0,0.0,0.0,0.0,0.0,0.0,0.0,0.0,0.0,0.0,0.0,0.0,0.0,0.0,0.0,0.0,0.0,0.0,Super Built up,high,new,Eldeco Accolade,gurgaon,1.4449999999999998
97.55,3.0,3.0,1.0,0.0,,50.0,0.0,0.0,0.0,0.0,0.0,0.0,2.0,1.0,0.0,0.0,0.0,0.0,0.0,0.0,0.0,0.0,0.0,0.0,0.0,Carpet,low,new,Adarsh nagar,gurgaon,1.105
53.51,2.0,2.0,2.0,0.0,,6.0,0.0,0.0,0.0,0.0,0.0,0.0,0.0,0.0,0.0,0.0,0.0,0.0,0.0,0.0,0.0,0.0,0.0,0.0,0.0,Super Built up,high,new,GLS Arawali Homes,gurgaon,0.595
174.19,3.0,3.0,3.0,0.0,37.0,9.0,0.0,0.0,0.0,0.0,0.0,0.0,0.0,0.0,0.0,0.0,0.0,0.0,0.0,0.0,0.0,0.0,0.0,0.0,0.0,Super Built up,mid,new,ILD Greens,gurgaon,1.785
142.79,3.0,3.0,3.0,0.0,37.0,29.0,0.0,0.0,0.0,0.0,0.0,0.0,0.0,0.0,0.0,1.0,0.0,0.0,0.0,0.0,0.0,0.0,0.0,0.0,0.0,Built Up,high,old,Piedmont Taksila heights,gurgaon,1.53
366.97,4.0,4.0,0.0,0.0,63.0,10.0,1.0,0.0,0.0,0.0,0.0,0.0,2.0,0.0,0.0,0.0,0.0,0.0,0.0,0.0,0.0,0.0,0.0,0.0,0.0,Built Up,high,under construction,DLF The Arbour,gurgaon,14.45
68.28,2.0,2.0,2.0,0.0,76.0,6.0,0.0,0.0,0.0,0.0,0.0,0.0,0.0,0.0,0.0,0.0,0.0,0.0,0.0,0.0,0.0,0.0,0.0,0.0,0.0,Super Built up,high,mid aged,Suncity Avenue 76,gurgaon,1.275
163.97,4.0,4.0,2.0,0.0,37.0,23.0,0.0,0.0,0.0,0.0,0.0,0.0,0.0,0.0,0.0,1.0,0.0,0.0,0.0,0.0,0.0,0.0,0.0,0.0,0.0,Built Up,mid,under construction,ILD Greens,gurgaon,1.343
162.58,3.0,3.0,3.0,1.0,89.0,6.0,0.0,0.0,0.0,0.0,0.0,0.0,0.0,0.0,0.0,0.0,0.0,0.0,0.0,0.0,0.0,0.0,0.0,0.0,0.0,Carpet,low,mid aged,ATS Marigold,gurgaon,2.55
215.91,4.0,5.0,3.0,1.0,104.0,15.0,0.0,0.0,0.0,0.0,0.0,0.0,0.0,0.0,0.0,0.0,0.0,0.0,0.0,0.0,0.0,0.0,0.0,0.0,0.0,Carpet,low,new,Godrej Summit,gurgaon,2.975
199.74,3.0,4.0,3.0,0.0,79.0,10.0,0.0,0.0,0.0,0.0,0.0,0.0,0.0,0.0,0.0,0.0,0.0,0.0,0.0,0.0,0.0,0.0,0.0,0.0,0.0,Super Built up,high,mid aged,Bestech Altura,gurgaon,3.23
155.24,3.0,2.0,3.0,0.0,33.0,6.0,0.0,0.0,0.0,0.0,0.0,0.0,0.0,0.0,0.0,0.0,0.0,0.0,0.0,0.0,0.0,0.0,0.0,0.0,0.0,Super Built up,low,new,Godrej Nature Plus Serenity,gurgaon,2.465
213.21,3.0,3.0,1.0,0.0,59.0,15.0,0.0,0.0,0.0,0.0,0.0,0.0,0.0,0.0,0.0,0.0,0.0,0.0,0.0,0.0,0.0,0.0,0.0,0.0,0.0,Carpet,low,mid aged,Conscient Elevate,gurgaon,6.833999999999999
92.9,2.0,2.0,3.0,0.0,92.0,8.0,0.0,0.0,0.0,0.0,0.0,0.0,0.0,0.0,0.0,1.0,0.0,0.0,0.0,0.0,0.0,0.0,0.0,0.0,0.0,Built Up,low,under construction,Sare Crescent Parc Royal Greens Phase 1,gurgaon,0.85
204.39,3.0,4.0,3.0,1.0,66.0,14.0,0.0,0.0,0.0,0.0,0.0,0.0,0.0,0.0,0.0,0.0,0.0,0.0,0.0,0.0,0.0,0.0,0.0,0.0,0.0,Super Built up,low,old,Emaar MGF The Palm Drive,gurgaon,6.766
69.21,2.0,2.0,3.0,0.0,,8.0,1.0,0.0,0.0,0.0,0.0,0.0,0.0,2.0,0.0,1.0,1.0,0.0,0.0,0.0,0.0,0.0,0.0,0.0,0.0,Carpet,mid,new,Signature Global Park,gurgaon,0.935
83.61204013377927,2.0,2.0,3.0,1.0,79.0,10.0,0.0,0.0,0.0,0.0,0.0,0.0,0.0,0.0,0.0,0.0,0.0,0.0,0.0,0.0,0.0,0.0,0.0,0.0,0.0,Carpet,high,new,Godrej 101,gurgaon,2.499
64.66,2.0,2.0,2.0,0.0,111.0,15.0,0.0,0.0,0.0,0.0,0.0,0.0,0.0,0.0,0.0,0.0,0.0,0.0,0.0,0.0,0.0,0.0,0.0,0.0,0.0,Carpet,high,new,Lotus Homz,gurgaon,1.19
51.48,2.0,2.0,2.0,0.0,,14.0,0.0,0.0,0.0,0.0,0.0,0.0,0.0,0.0,0.0,0.0,0.0,0.0,0.0,0.0,0.0,0.0,0.0,0.0,0.0,Carpet,mid,new,Breez Global Hill View,gurgaon,4.42
102.47,2.0,2.0,2.0,1.0,89.0,14.0,0.0,0.0,0.0,0.0,0.0,0.0,0.0,0.0,0.0,0.0,0.0,0.0,0.0,0.0,0.0,0.0,0.0,0.0,0.0,Carpet,low,mid aged,Smart World Gems,gurgaon,1.87
137.4,2.0,2.0,2.0,0.0,36.0,11.0,0.0,0.0,0.0,0.0,0.0,0.0,0.0,0.0,0.0,0.0,0.0,0.0,0.0,0.0,0.0,0.0,0.0,0.0,0.0,Super Built up,high,old,Krisumi Waterfall Residences,gurgaon,3.74
92.9,3.0,2.0,2.0,1.0,95.0,14.0,0.0,0.0,0.0,0.0,0.0,0.0,0.0,0.0,0.0,0.0,0.0,0.0,0.0,0.0,0.0,0.0,0.0,0.0,0.0,Super Built up,high,new,ROF Ananda,gurgaon,0.935
92.9,3.0,2.0,2.0,1.0,95.0,14.0,0.0,0.0,0.0,0.0,0.0,0.0,0.0,0.0,0.0,0.0,0.0,0.0,0.0,0.0,0.0,0.0,0.0,0.0,0.0,Super Built up,high,new,ROF Ananda,gurgaon,0.935
132.2,3.0,3.0,2.0,1.0,89.0,14.0,0.0,0.0,0.0,0.0,0.0,0.0,0.0,0.0,0.0,0.0,0.0,0.0,0.0,0.0,0.0,0.0,0.0,0.0,0.0,Carpet,low,mid aged,Smart World Gems,gurgaon,1.972
115.66,2.0,2.0,3.0,0.0,68.0,15.0,0.0,0.0,0.0,0.0,0.0,0.0,0.0,0.0,0.0,0.0,0.0,0.0,0.0,0.0,0.0,0.0,0.0,0.0,0.0,Super Built up,high,new,Pareena Mi Casa,gurgaon,1.87
83.61204013377927,2.0,2.0,0.0,0.0,33.0,8.0,0.0,0.0,0.0,0.0,0.0,0.0,0.0,0.0,0.0,0.0,0.0,0.0,0.0,0.0,0.0,0.0,0.0,0.0,0.0,Carpet,high,mid aged,Godrej Nature Plus,gurgaon,2.04
267.1,4.0,4.0,2.0,1.0,45.0,48.0,0.0,0.0,0.0,0.0,0.0,0.0,10.0,0.0,0.0,0.0,1.0,0.0,1.0,0.0,0.0,0.0,0.0,0.0,1.0,Carpet,high,old,Antriksh Green,gurgaon,3.825
176.52,3.0,4.0,3.0,1.0,76.0,12.0,0.0,0.0,0.0,0.0,0.0,0.0,0.0,0.0,0.0,0.0,0.0,0.0,0.0,0.0,0.0,0.0,0.0,0.0,0.0,Carpet,mid,under construction,Whiteland The Aspen,gurgaon,5.695
199.74,3.0,4.0,3.0,1.0,79.0,10.0,0.0,0.0,0.0,0.0,0.0,0.0,0.0,0.0,0.0,0.0,0.0,0.0,0.0,0.0,0.0,0.0,0.0,0.0,0.0,Super Built up,low,new,Bestech Altura,gurgaon,4.573
126.35,2.0,2.0,0.0,0.0,86.0,11.0,0.0,0.0,0.0,0.0,0.0,0.0,0.0,0.0,0.0,0.0,0.0,0.0,0.0,0.0,0.0,0.0,0.0,0.0,0.0,Built Up,low,under construction,Ansal Height 86,gurgaon,1.36
59.18,2.0,2.0,0.0,0.0,95.0,3.0,0.0,0.0,0.0,0.0,0.0,0.0,0.0,0.0,0.0,0.0,0.0,0.0,0.0,0.0,0.0,0.0,0.0,0.0,0.0,Built Up,mid,under construction,Ramsons Kshitij,gurgaon,0.595
83.61,2.0,2.0,1.0,0.0,81.0,15.0,0.0,0.0,0.0,0.0,0.0,0.0,0.0,0.0,0.0,0.0,0.0,0.0,0.0,0.0,0.0,0.0,0.0,0.0,0.0,Super Built up,high,mid aged,Vipul Lavanya,gurgaon,1.02
65.96,2.0,2.0,2.0,0.0,,10.0,0.0,0.0,0.0,0.0,0.0,0.0,0.0,0.0,0.0,0.0,0.0,0.0,0.0,0.0,0.0,0.0,0.0,0.0,0.0,Carpet,mid,new,Breez Global Heights,gurgaon,0.782
199.65,3.0,4.0,3.0,1.0,102.0,15.0,0.0,0.0,0.0,0.0,0.0,0.0,0.0,0.0,0.0,0.0,0.0,0.0,0.0,0.0,0.0,0.0,0.0,0.0,0.0,Super Built up,high,new,Conscient Heritage Max,gurgaon,4.25
83.61,2.0,2.0,1.0,0.0,81.0,13.0,0.0,0.0,0.0,0.0,0.0,0.0,0.0,0.0,0.0,0.0,0.0,0.0,0.0,0.0,0.0,0.0,0.0,0.0,0.0,Carpet,high,new,Vipul Lavanya,gurgaon,1.02
113.81,2.0,2.0,2.0,1.0,68.0,15.0,0.0,0.0,0.0,0.0,0.0,0.0,0.0,0.0,0.0,0.0,0.0,0.0,0.0,0.0,0.0,0.0,0.0,0.0,0.0,Carpet,high,new,Pareena Mi Casa,gurgaon,1.7
152.36,3.0,3.0,3.0,1.0,61.0,9.0,0.0,0.0,0.0,0.0,0.0,0.0,0.0,0.0,0.0,0.0,0.0,0.0,0.0,0.0,0.0,0.0,0.0,0.0,0.0,Carpet,low,mid aged,Smart World Orchard,gurgaon,4.318
205.69,3.0,2.0,3.0,0.0,3.0,45.0,1.0,0.0,0.0,0.0,0.0,0.0,13.0,0.0,0.0,0.0,0.0,0.0,0.0,0.0,0.0,0.0,1.0,0.0,0.0,Carpet,low,old,Ansal Sushant Residency,gurgaon,2.55
125.6,2.0,2.0,3.0,1.0,90.0,10.0,0.0,0.0,0.0,0.0,0.0,0.0,0.0,0.0,0.0,0.0,0.0,0.0,0.0,0.0,0.0,0.0,0.0,0.0,0.0,Super Built up,high,new,Shree Vardhman Flora,gurgaon,1.19
169.83,3.0,3.0,3.0,0.0,65.0,11.0,0.0,0.0,0.0,0.0,0.0,0.0,0.0,0.0,0.0,0.0,0.0,0.0,0.0,0.0,0.0,0.0,0.0,0.0,0.0,Super Built up,high,under construction,M3M Heights,gurgaon,4.726
44.69,2.0,2.0,0.0,0.0,,10.0,0.0,0.0,0.0,0.0,0.0,0.0,3.0,0.0,0.0,0.0,0.0,0.0,0.0,0.0,0.0,0.0,0.0,0.0,0.0,Built Up,high,new,MVN Athens,gurgaon,0.425
185.34,4.0,5.0,3.0,1.0,92.0,8.0,0.0,0.0,0.0,0.0,0.0,0.0,0.0,0.0,0.0,0.0,0.0,0.0,0.0,0.0,0.0,0.0,0.0,0.0,0.0,Super Built up,low,new,Sare Crescent Parc,gurgaon,1.53
174.19,3.0,4.0,3.0,1.0,90.0,10.0,0.0,0.0,0.0,0.0,0.0,0.0,0.0,0.0,0.0,0.0,0.0,0.0,0.0,0.0,0.0,0.0,0.0,0.0,0.0,Super Built up,low,new,Shree Vardhman Flora,gurgaon,1.632
185.81,3.0,2.0,1.0,1.0,37.0,5.0,0.0,0.0,0.0,0.0,0.0,0.0,0.0,0.0,0.0,1.0,0.0,0.0,0.0,0.0,0.0,0.0,0.0,0.0,0.0,Super Built up,high,under construction,Ramprastha Skyz,gurgaon,2.04
78.97,2.0,2.0,1.0,0.0,,41.0,0.0,0.0,0.0,0.0,0.0,0.0,3.0,0.0,0.0,0.0,0.0,0.0,0.0,0.0,0.0,0.0,0.0,0.0,0.0,Carpet,low,old,Ashray Apartment,gurgaon,1.088
126.91,2.0,2.0,3.0,1.0,107.0,6.0,0.0,0.0,0.0,0.0,0.0,0.0,0.0,0.0,0.0,0.0,0.0,0.0,0.0,0.0,0.0,0.0,0.0,0.0,0.0,Super Built up,high,new,M3M Woodshire,gurgaon,1.53
69.68,1.0,1.0,2.0,0.0,102.0,8.0,0.0,0.0,0.0,0.0,0.0,0.0,0.0,0.0,0.0,0.0,0.0,0.0,0.0,0.0,0.0,0.0,0.0,0.0,0.0,Built Up,mid,under construction,ROF Aalayas,gurgaon,0.765
497.03,4.0,4.0,3.0,0.0,,12.0,0.0,0.0,0.0,0.0,0.0,0.0,0.0,0.0,0.0,0.0,0.0,0.0,0.0,0.0,0.0,0.0,0.0,0.0,0.0,Built Up,low,old,Paras Quartier,gurgaon,10.03
44.22,2.0,1.0,0.0,0.0,,6.0,0.0,0.0,0.0,0.0,0.0,0.0,0.0,0.0,0.0,0.0,0.0,0.0,0.0,0.0,0.0,0.0,0.0,0.0,0.0,Built Up,low,under construction,GLS Arawali Homes,gurgaon,0.544
169.08,3.0,3.0,3.0,0.0,37.0,6.0,0.0,0.0,0.0,0.0,0.0,0.0,0.0,0.0,0.0,0.0,0.0,0.0,0.0,0.0,0.0,0.0,0.0,0.0,0.0,Super Built up,mid,mid aged,ILD Grand,gurgaon,2.04
91.97,2.0,2.0,3.0,0.0,95.0,4.0,0.0,0.0,0.0,0.0,0.0,0.0,0.0,0.0,0.0,0.0,0.0,0.0,0.0,0.0,0.0,0.0,0.0,0.0,0.0,Super Built up,high,new,Sidhartha NCR Greens,gurgaon,0.952
138.43,3.0,3.0,3.0,0.0,79.0,9.0,0.0,0.0,0.0,0.0,0.0,0.0,0.0,0.0,0.0,0.0,0.0,0.0,0.0,0.0,0.0,0.0,0.0,0.0,0.0,Carpet,low,new,Mapsko Mount Ville,gurgaon,2.38
100.34,2.0,2.0,2.0,0.0,31.0,49.0,0.0,0.0,0.0,0.0,0.0,0.0,11.0,1.0,0.0,0.0,0.0,0.0,0.0,0.0,0.0,0.0,0.0,0.0,1.0,Carpet,low,old,CGHS Hewo Apartments,gurgaon,2.125
128.67,2.0,2.0,3.0,0.0,33.0,8.0,0.0,0.0,0.0,0.0,0.0,0.0,0.0,0.0,0.0,0.0,0.0,0.0,0.0,0.0,0.0,0.0,0.0,0.0,0.0,Carpet,low,new,Godrej Nature Plus,gurgaon,2.55
144.0,3.0,2.0,3.0,0.0,68.0,10.0,0.0,0.0,0.0,0.0,0.0,0.0,0.0,0.0,0.0,0.0,0.0,0.0,0.0,0.0,0.0,0.0,0.0,0.0,0.0,Super Built up,mid,new,M3M The Marina,gurgaon,3.774
168.34,4.0,4.0,3.0,1.0,,15.0,0.0,0.0,0.0,0.0,0.0,0.0,1.0,0.0,0.0,0.0,0.0,0.0,0.0,0.0,0.0,0.0,0.0,0.0,0.0,Carpet,high,old,Valley View Estate,gurgaon,2.55
168.62,3.0,4.0,3.0,1.0,79.0,9.0,0.0,0.0,0.0,0.0,0.0,0.0,0.0,0.0,0.0,0.0,0.0,0.0,0.0,0.0,0.0,0.0,0.0,0.0,0.0,Super Built up,high,new,Mapsko Mount Ville,gurgaon,3.145
106.84,2.0,2.0,2.0,0.0,61.0,9.0,0.0,0.0,0.0,0.0,0.0,0.0,0.0,0.0,0.0,0.0,0.0,0.0,0.0,0.0,0.0,0.0,0.0,0.0,0.0,Carpet,mid,under construction,Smart World Orchard,gurgaon,2.72
52.68,2.0,2.0,2.0,0.0,,6.0,0.0,0.0,0.0,0.0,0.0,0.0,0.0,0.0,0.0,0.0,0.0,0.0,0.0,0.0,0.0,0.0,0.0,0.0,0.0,Super Built up,mid,new,GLS Arawali Homes,gurgaon,0.51
113.81,3.0,3.0,2.0,0.0,,50.0,0.0,0.0,0.0,0.0,0.0,0.0,2.0,1.0,0.0,0.0,0.0,0.0,0.0,0.0,0.0,0.0,0.0,0.0,0.0,Carpet,low,new,Ganga Apartment,gurgaon,1.258
246.19,4.0,3.0,3.0,0.0,,45.0,0.0,0.0,0.0,0.0,0.0,0.0,7.0,0.0,0.0,0.0,2.0,0.0,1.0,0.0,0.0,0.0,0.0,0.0,0.0,Built Up,mid,old,Surbhi Apartment,gurgaon,5.44
135.64,2.0,2.0,2.0,0.0,68.0,50.0,0.0,0.0,0.0,0.0,0.0,0.0,1.0,0.0,0.0,0.0,0.0,0.0,0.0,0.0,0.0,0.0,0.0,0.0,0.0,Built Up,high,new,Espire South,gurgaon,2.244
167.23,3.0,3.0,3.0,0.0,63.0,13.0,0.0,0.0,0.0,0.0,0.0,0.0,0.0,0.0,0.0,0.0,0.0,0.0,0.0,0.0,0.0,0.0,0.0,0.0,0.0,Carpet,low,new,Adani Brahma Samsara Vilasa,gurgaon,5.1
132.2,3.0,3.0,2.0,1.0,89.0,14.0,0.0,0.0,0.0,0.0,0.0,0.0,0.0,0.0,0.0,0.0,0.0,0.0,0.0,0.0,0.0,0.0,0.0,0.0,0.0,Built Up,low,old,Smart World Gems,gurgaon,2.04
111.48,3.0,2.0,3.0,0.0,33.0,6.0,0.0,0.0,0.0,0.0,0.0,0.0,0.0,0.0,0.0,0.0,0.0,0.0,0.0,0.0,0.0,0.0,0.0,0.0,0.0,Carpet,high,new,Godrej Nature Plus Serenity,gurgaon,2.363
169.83,3.0,3.0,3.0,0.0,65.0,9.0,0.0,0.0,0.0,0.0,0.0,0.0,0.0,0.0,0.0,0.0,0.0,0.0,0.0,0.0,0.0,0.0,0.0,0.0,0.0,Super Built up,high,mid aged,M3M Skycity,gurgaon,5.1
197.42,3.0,3.0,3.0,1.0,89.0,15.0,1.0,0.0,0.0,0.0,0.0,0.0,0.0,0.0,0.0,0.0,0.0,0.0,0.0,0.0,0.0,0.0,0.0,0.0,0.0,Super Built up,high,new,NBCC Heights,gurgaon,2.55
213.68,4.0,4.0,2.0,0.0,56.0,47.0,1.0,0.0,0.0,0.0,0.0,0.0,14.0,0.0,0.0,0.0,4.0,0.0,0.0,0.0,0.0,1.0,0.0,0.0,0.0,Super Built up,mid,mid aged,The Castle Society,gurgaon,3.4
204.39,4.0,5.0,3.0,1.0,,48.0,0.0,0.0,0.0,0.0,0.0,0.0,10.0,0.0,0.0,0.0,4.0,0.0,0.0,0.0,0.0,1.0,0.0,0.0,2.0,Built Up,high,old,Essel Towers,gurgaon,4.675
37.63,1.0,1.0,1.0,0.0,111.0,15.0,0.0,0.0,0.0,0.0,0.0,0.0,0.0,0.0,0.0,0.0,0.0,0.0,0.0,0.0,0.0,0.0,0.0,0.0,0.0,Carpet,high,new,Lotus Homz,gurgaon,0.612
41.81,1.0,1.0,1.0,0.0,2.0,48.0,1.0,0.0,0.0,0.0,0.0,0.0,1.0,0.0,0.0,0.0,0.0,0.0,0.0,0.0,0.0,0.0,0.0,0.0,0.0,Carpet,low,new,ShreeRam Apartment II,gurgaon,0.357
27.96,1.0,1.0,2.0,0.0,104.0,9.0,0.0,0.0,0.0,0.0,0.0,0.0,0.0,0.0,0.0,0.0,0.0,0.0,0.0,0.0,0.0,0.0,0.0,0.0,0.0,Built Up,mid,new,Zara Aavaas,gurgaon,0.442
5994.94,2.0,2.0,2.0,1.0,95.0,14.0,0.0,0.0,0.0,0.0,0.0,0.0,0.0,0.0,0.0,0.0,0.0,0.0,0.0,0.0,0.0,0.0,0.0,0.0,0.0,Carpet,high,new,ROF Ananda,gurgaon,0.646
219.34,3.0,4.0,3.0,1.0,107.0,6.0,0.0,0.0,0.0,0.0,0.0,0.0,0.0,0.0,0.0,0.0,0.0,0.0,0.0,0.0,0.0,0.0,0.0,0.0,0.0,Super Built up,low,new,M3M Woodshire,gurgaon,3.06
235.79,3.0,4.0,3.0,1.0,36.0,14.0,0.0,0.0,0.0,0.0,0.0,0.0,0.0,0.0,0.0,0.0,0.0,0.0,0.0,0.0,0.0,0.0,0.0,0.0,0.0,Carpet,high,old,Krisumi Waterfall Residences,gurgaon,6.969999999999999
14.604,2.0,2.0,3.0,1.0,79.0,10.0,0.0,0.0,0.0,0.0,0.0,0.0,0.0,0.0,0.0,0.0,0.0,0.0,0.0,0.0,0.0,0.0,0.0,0.0,0.0,Super Built up,low,new,Godrej 101,gurgaon,2.21
69.68,3.0,2.0,2.0,0.0,107.0,10.0,0.0,0.0,0.0,0.0,0.0,0.0,0.0,0.0,0.0,0.0,0.0,0.0,0.0,0.0,0.0,0.0,0.0,0.0,0.0,Built Up,high,under construction,Signature Global Solera,gurgaon,1.02
55.93,2.0,2.0,1.0,0.0,107.0,10.0,0.0,0.0,0.0,0.0,0.0,0.0,0.0,0.0,0.0,0.0,0.0,0.0,0.0,0.0,0.0,0.0,0.0,0.0,0.0,Super Built up,mid,new,Signature Global Solera,gurgaon,0.68
128.21,2.0,2.0,2.0,1.0,22.0,14.0,0.0,0.0,0.0,0.0,0.0,0.0,0.0,0.0,0.0,0.0,0.0,0.0,0.0,0.0,0.0,0.0,0.0,0.0,0.0,Super Built up,high,new,Ambience Creacions,gurgaon,3.383
128.21,2.0,2.0,2.0,0.0,22.0,14.0,0.0,0.0,0.0,0.0,0.0,0.0,0.0,0.0,0.0,0.0,0.0,0.0,0.0,0.0,0.0,0.0,0.0,0.0,0.0,Super Built up,high,new,Ambience Creacions,gurgaon,3.383
114.27,2.0,2.0,3.0,0.0,,6.0,0.0,0.0,0.0,0.0,0.0,0.0,0.0,0.0,0.0,0.0,0.0,0.0,0.0,0.0,0.0,0.0,0.0,0.0,0.0,Carpet,high,new,Ashiana Mulberry,gurgaon,1.258
134.71,3.0,3.0,2.0,1.0,89.0,9.0,0.0,0.0,0.0,0.0,0.0,0.0,0.0,0.0,0.0,0.0,0.0,0.0,0.0,0.0,0.0,0.0,0.0,0.0,0.0,Carpet,mid,mid aged,M3M Soulitude,gurgaon,2.176
106.84,2.0,2.0,2.0,1.0,61.0,9.0,0.0,0.0,0.0,0.0,0.0,0.0,0.0,0.0,0.0,0.0,0.0,0.0,0.0,0.0,0.0,0.0,0.0,0.0,0.0,Carpet,mid,old,Smart World Orchard,gurgaon,2.72
114.64,2.0,2.0,2.0,1.0,89.0,14.0,0.0,0.0,0.0,0.0,0.0,0.0,0.0,0.0,0.0,0.0,0.0,0.0,0.0,0.0,0.0,0.0,0.0,0.0,0.0,Carpet,low,new,Ace Palm Floors,gurgaon,1.649
124.68,2.0,2.0,2.0,0.0,77.0,10.0,0.0,0.0,0.0,0.0,0.0,0.0,0.0,0.0,0.0,0.0,0.0,0.0,0.0,0.0,0.0,0.0,0.0,0.0,0.0,Super Built up,high,new,Umang Winter Hills,gurgaon,1.462
117.24,2.0,2.0,2.0,0.0,70.0,11.0,0.0,0.0,0.0,0.0,0.0,0.0,0.0,0.0,0.0,0.0,0.0,0.0,0.0,0.0,0.0,0.0,0.0,0.0,0.0,Carpet,high,mid aged,AIPL Zen Residences,gurgaon,2.125
86.4,2.0,2.0,0.0,0.0,,22.0,0.0,0.0,0.0,0.0,0.0,0.0,6.0,0.0,0.0,0.0,0.0,0.0,0.0,0.0,0.0,0.0,0.0,0.0,0.0,Built Up,high,under construction,Ansal Valley View Estate,gurgaon,1.02
199.74,3.0,3.0,3.0,1.0,63.0,12.0,0.0,0.0,0.0,0.0,0.0,0.0,0.0,0.0,0.0,0.0,0.0,0.0,0.0,0.0,0.0,0.0,0.0,0.0,0.0,Super Built up,mid,mid aged,Birla Navya,gurgaon,5.491
29.54,1.0,1.0,0.0,0.0,107.0,10.0,0.0,0.0,0.0,0.0,0.0,0.0,0.0,0.0,0.0,0.0,0.0,0.0,0.0,0.0,0.0,0.0,0.0,0.0,0.0,Built Up,mid,under construction,Signature Global Solera,gurgaon,0.425
61.04,2.0,2.0,1.0,0.0,81.0,10.0,0.0,0.0,0.0,0.0,0.0,0.0,0.0,0.0,0.0,0.0,0.0,0.0,0.0,0.0,0.0,0.0,0.0,0.0,0.0,Super Built up,mid,new,Signature Global Synera,gurgaon,0.816
121.7,2.0,2.0,3.0,0.0,65.0,9.0,0.0,0.0,0.0,0.0,0.0,0.0,0.0,0.0,0.0,0.0,0.0,0.0,0.0,0.0,0.0,0.0,0.0,0.0,0.0,Carpet,high,old,M3M Skycity,gurgaon,3.06
366.97,4.0,4.0,3.0,0.0,63.0,10.0,1.0,0.0,0.0,0.0,0.0,0.0,2.0,0.0,0.0,0.0,0.0,0.0,0.0,0.0,0.0,0.0,0.0,0.0,0.0,Built Up,high,under construction,dlf the arbour,gurgaon,13.43
124.49,2.0,2.0,3.0,1.0,37.0,9.0,0.0,0.0,0.0,0.0,0.0,0.0,0.0,0.0,0.0,0.0,0.0,0.0,0.0,0.0,0.0,0.0,0.0,0.0,0.0,Super Built up,high,new,ILD Greens,gurgaon,1.615
59.92,2.0,2.0,2.0,1.0,95.0,14.0,0.0,0.0,0.0,0.0,0.0,0.0,0.0,0.0,0.0,0.0,0.0,0.0,0.0,0.0,0.0,0.0,0.0,0.0,0.0,Carpet,high,new,ROF Ananda,gurgaon,0.612
38.28,1.0,1.0,1.0,0.0,36.0,15.0,0.0,0.0,0.0,0.0,0.0,0.0,0.0,0.0,0.0,0.0,0.0,0.0,0.0,0.0,0.0,0.0,0.0,0.0,0.0,Carpet,high,new,Breez Global Heights,gurgaon,0.408
60.39,2.0,2.0,3.0,0.0,37.0,15.0,0.0,0.0,0.0,0.0,0.0,0.0,0.0,0.0,0.0,0.0,0.0,0.0,0.0,0.0,0.0,0.0,0.0,0.0,0.0,Super Built up,high,new,Signature Global the Millennia,gurgaon,1.105
140.84,2.0,2.0,3.0,1.0,65.0,11.0,0.0,0.0,0.0,0.0,0.0,0.0,0.0,0.0,0.0,0.0,0.0,0.0,0.0,0.0,0.0,0.0,0.0,0.0,0.0,Super Built up,high,mid aged,M3M Heights,gurgaon,3.417
102.84,2.0,2.0,2.0,1.0,89.0,14.0,0.0,0.0,0.0,0.0,0.0,0.0,0.0,0.0,0.0,0.0,0.0,0.0,0.0,0.0,0.0,0.0,0.0,0.0,0.0,Carpet,low,new,Smart World Gems,gurgaon,1.7
268.68,3.0,3.0,3.0,0.0,53.0,9.0,0.0,0.0,0.0,0.0,0.0,0.0,0.0,0.0,0.0,0.0,0.0,0.0,0.0,0.0,0.0,0.0,0.0,0.0,0.0,Built Up,high,new,Tulip Monsella,gurgaon,10.233999999999998
102.66,2.0,2.0,2.0,0.0,89.0,14.0,0.0,0.0,0.0,0.0,0.0,0.0,0.0,0.0,0.0,0.0,0.0,0.0,0.0,0.0,0.0,0.0,0.0,0.0,0.0,Built Up,low,under construction,Smart World Gems,gurgaon,1.53
272.86,3.0,4.0,3.0,0.0,76.0,6.0,0.0,0.0,0.0,0.0,0.0,0.0,0.0,0.0,0.0,0.0,0.0,0.0,0.0,0.0,0.0,0.0,0.0,0.0,0.0,Built Up,high,under construction,Whiteland  The ASPEN,gurgaon,5.95
130.06,2.0,2.0,3.0,0.0,85.0,8.0,0.0,0.0,0.0,0.0,0.0,0.0,0.0,0.0,0.0,0.0,0.0,0.0,0.0,0.0,0.0,0.0,0.0,0.0,0.0,Super Built up,high,mid aged,Godrej Air,gurgaon,2.21
47.9,2.0,2.0,2.0,0.0,86.0,9.0,0.0,0.0,0.0,0.0,0.0,0.0,0.0,0.0,0.0,0.0,0.0,0.0,0.0,0.0,0.0,0.0,0.0,0.0,0.0,Carpet,mid,old,Pyramid Urban Homes 2,gurgaon,0.85
61.13,2.0,2.0,2.0,0.0,,14.0,0.0,0.0,0.0,0.0,0.0,0.0,0.0,0.0,0.0,0.0,0.0,0.0,0.0,0.0,0.0,0.0,0.0,0.0,0.0,Built Up,high,new,Breez Global Hill View,gurgaon,0.595
55.74,1.0,1.0,1.0,0.0,,5.0,0.0,0.0,0.0,0.0,0.0,0.0,0.0,0.0,0.0,0.0,0.0,0.0,0.0,0.0,0.0,0.0,0.0,0.0,1.0,Built Up,high,new,HCBS Sports Ville,gurgaon,0.425
120.77,2.0,2.0,0.0,0.0,,8.0,0.0,0.0,0.0,0.0,0.0,0.0,0.0,0.0,0.0,0.0,0.0,0.0,0.0,0.0,0.0,0.0,0.0,0.0,0.0,Built Up,mid,under construction,Eden Landmark,gurgaon,0.85
40.78,1.0,1.0,1.0,0.0,84.0,15.0,0.0,0.0,0.0,0.0,0.0,0.0,0.0,0.0,0.0,0.0,0.0,0.0,0.0,0.0,0.0,0.0,0.0,0.0,0.0,Super Built up,high,new,Pivotal Devaan,gurgaon,0.459
148.64,3.0,2.0,3.0,1.0,56.0,43.0,1.0,0.0,0.0,0.0,0.0,0.0,14.0,0.0,0.0,0.0,3.0,0.0,0.0,0.0,0.0,1.0,0.0,0.0,0.0,Super Built up,mid,old,CGHS Vidya Enclave,gurgaon,2.89
102.47,3.0,2.0,3.0,1.0,89.0,14.0,0.0,0.0,0.0,0.0,0.0,0.0,0.0,0.0,0.0,0.0,0.0,0.0,0.0,0.0,0.0,0.0,0.0,0.0,0.0,Super Built up,low,old,Smart World Gems,gurgaon,1.972
126.91,2.0,2.0,3.0,1.0,107.0,6.0,0.0,0.0,0.0,0.0,0.0,0.0,0.0,0.0,0.0,0.0,0.0,0.0,0.0,0.0,0.0,0.0,0.0,0.0,0.0,Super Built up,high,new,M3M Woodshire,gurgaon,1.717
213.68,5.0,5.0,2.0,1.0,14.0,50.0,0.0,0.0,0.0,0.0,0.0,0.0,11.0,1.0,0.0,0.0,0.0,0.0,0.0,0.0,0.0,0.0,0.0,0.0,0.0,Carpet,low,old,Vasant Apartment,gurgaon,2.975
52.03,2.0,2.0,2.0,0.0,107.0,3.0,0.0,0.0,0.0,0.0,0.0,0.0,0.0,0.0,0.0,0.0,0.0,0.0,0.0,0.0,0.0,0.0,0.0,0.0,0.0,Carpet,high,new,Signature Global Solera 2,gurgaon,0.85
100.43,3.0,2.0,3.0,0.0,36.0,12.0,0.0,0.0,0.0,0.0,0.0,0.0,0.0,0.0,0.0,0.0,0.0,0.0,0.0,0.0,0.0,0.0,0.0,0.0,0.0,Carpet,low,new,Signature Global Park 4,gurgaon,1.394
152.83,3.0,4.0,3.0,1.0,85.0,8.0,0.0,0.0,0.0,0.0,0.0,0.0,0.0,0.0,0.0,0.0,0.0,0.0,0.0,0.0,0.0,0.0,0.0,0.0,0.0,Super Built up,mid,old,Orris Carnation Residency,gurgaon,1.87
50.07,1.0,1.0,2.0,0.0,47.0,43.0,0.0,0.0,0.0,0.0,0.0,0.0,1.0,0.0,0.0,0.0,0.0,0.0,0.0,0.0,0.0,0.0,0.0,0.0,0.0,Carpet,low,old,IRWO Westend Towers,gurgaon,1.105
106.84,2.0,2.0,2.0,1.0,61.0,9.0,0.0,0.0,0.0,0.0,0.0,0.0,0.0,0.0,0.0,0.0,0.0,0.0,0.0,0.0,0.0,0.0,0.0,0.0,0.0,Carpet,low,old,Smart World Orchard,gurgaon,2.686
61.41,2.0,2.0,1.0,1.0,30.0,49.0,0.0,0.0,0.0,0.0,0.0,0.0,12.0,0.0,0.0,0.0,0.0,0.0,0.0,0.0,0.0,0.0,0.0,0.0,2.0,Carpet,low,old,AFNHB Jalvayu Vihar,gurgaon,1.4449999999999998
128.48,2.0,2.0,3.0,0.0,79.0,5.0,0.0,0.0,0.0,0.0,0.0,0.0,0.0,0.0,0.0,0.0,0.0,0.0,0.0,0.0,0.0,0.0,0.0,0.0,0.0,Built Up,low,under construction,"Godrej 101, Sector 79",gurgaon,2.125
41.81,1.0,1.0,1.0,0.0,49.0,15.0,0.0,0.0,0.0,0.0,1.0,0.0,0.0,0.0,0.0,0.0,0.0,0.0,0.0,0.0,0.0,0.0,0.0,0.0,0.0,Carpet,low,new,Satya Element One,gurgaon,1.479
212.66,3.0,4.0,3.0,1.0,79.0,11.0,0.0,0.0,0.0,0.0,0.0,0.0,0.0,0.0,0.0,0.0,0.0,0.0,0.0,0.0,0.0,0.0,0.0,0.0,0.0,Super Built up,mid,new,Godrej Aria,gurgaon,2.89
222.97,4.0,4.0,3.0,1.0,70.0,10.0,0.0,0.0,0.0,0.0,0.0,0.0,0.0,0.0,0.0,0.0,0.0,0.0,0.0,0.0,0.0,0.0,0.0,0.0,0.0,Carpet,high,old,Tulip Ivory,gurgaon,3.995
55.46,3.0,2.0,2.0,0.0,88.0,9.0,0.0,0.0,0.0,0.0,0.0,0.0,0.0,0.0,0.0,0.0,0.0,0.0,0.0,0.0,0.0,0.0,0.0,0.0,0.0,Carpet,low,new,Breez Global Heights 88A,gurgaon,0.85
146.04,2.0,2.0,3.0,1.0,79.0,10.0,0.0,0.0,0.0,0.0,0.0,0.0,0.0,0.0,0.0,0.0,0.0,0.0,0.0,0.0,0.0,0.0,0.0,0.0,0.0,Carpet,low,new,Godrej 101,gurgaon,2.397
138.89,3.0,2.0,3.0,1.0,92.0,10.0,0.0,0.0,0.0,0.0,0.0,0.0,0.0,0.0,0.0,0.0,0.0,0.0,0.0,0.0,0.0,0.0,0.0,0.0,0.0,Carpet,low,new,Signature Global City 92,gurgaon,1.683
298.78,4.0,5.0,3.0,1.0,69.0,10.0,0.0,0.0,0.0,0.0,0.0,0.0,0.0,0.0,0.0,0.0,0.0,0.0,0.0,0.0,0.0,0.0,0.0,0.0,0.0,Super Built up,high,new,Tulip Violet,gurgaon,5.525
125.42,3.0,3.0,3.0,0.0,63.0,12.0,0.0,0.0,0.0,0.0,0.0,0.0,0.0,0.0,0.0,0.0,0.0,0.0,0.0,0.0,0.0,0.0,0.0,0.0,0.0,Carpet,low,under construction,Birla Navya,gurgaon,5.95
181.16,4.0,5.0,3.0,1.0,48.0,45.0,0.0,0.0,0.0,0.0,0.0,0.0,10.0,0.0,0.0,0.0,0.0,0.0,0.0,0.0,0.0,0.0,1.0,0.0,0.0,Carpet,low,old,Parsvnath Green Ville,gurgaon,4.25
70.61,2.0,2.0,1.0,0.0,76.0,8.0,0.0,0.0,0.0,0.0,0.0,0.0,0.0,0.0,0.0,0.0,0.0,0.0,0.0,0.0,0.0,0.0,0.0,0.0,0.0,Carpet,high,mid aged,Pyramid Pride,gurgaon,0.85
143.91,3.0,3.0,2.0,0.0,61.0,9.0,0.0,0.0,0.0,0.0,0.0,0.0,0.0,0.0,0.0,0.0,0.0,0.0,0.0,0.0,0.0,0.0,0.0,0.0,0.0,Carpet,low,mid aged,Suposhaa Smartworld Orchard,gurgaon,3.825
222.97,5.0,4.0,2.0,0.0,21.0,16.0,0.0,0.0,0.0,0.0,0.0,0.0,4.0,0.0,0.0,0.0,0.0,0.0,0.0,0.0,0.0,0.0,0.0,0.0,0.0,Super Built up,low,old,Mittal Surya Vihar,gurgaon,2.38
137.96,3.0,3.0,2.0,0.0,85.0,8.0,0.0,0.0,0.0,0.0,0.0,0.0,0.0,0.0,0.0,0.0,0.0,0.0,0.0,0.0,0.0,0.0,0.0,0.0,0.0,Super Built up,high,new,Orris Carnation Residency,gurgaon,1.53
55.93,2.0,2.0,1.0,0.0,,13.0,0.0,0.0,0.0,0.0,0.0,0.0,0.0,0.0,0.0,0.0,0.0,0.0,0.0,0.0,0.0,0.0,0.0,0.0,0.0,Super Built up,low,new,Trisara Our Homes 3,gurgaon,0.612
70.14,1.0,1.0,1.0,0.0,56.0,45.0,1.0,0.0,0.0,0.0,0.0,0.0,14.0,0.0,0.0,0.0,3.0,0.0,0.0,0.0,0.0,1.0,0.0,0.0,0.0,Carpet,mid,old,Kendriya Vihar,gurgaon,1.105
136.57,2.0,2.0,2.0,1.0,79.0,9.0,0.0,0.0,0.0,0.0,0.0,0.0,0.0,0.0,0.0,0.0,0.0,0.0,0.0,0.0,0.0,0.0,0.0,0.0,0.0,Super Built up,mid,new,Godrej Aria,gurgaon,2.21
126.35,2.0,2.0,1.0,0.0,86.0,4.0,0.0,0.0,0.0,0.0,0.0,0.0,0.0,0.0,0.0,0.0,0.0,0.0,0.0,0.0,0.0,0.0,0.0,0.0,0.0,Super Built up,high,new,Ansal Heights 86,gurgaon,1.139
38.46,1.0,1.0,1.0,0.0,,10.0,0.0,0.0,0.0,0.0,0.0,0.0,0.0,0.0,0.0,0.0,0.0,0.0,0.0,0.0,0.0,0.0,0.0,0.0,0.0,Super Built up,low,new,Breez Global Heights,gurgaon,0.425
56.21,1.0,1.0,1.0,0.0,56.0,45.0,1.0,0.0,0.0,0.0,0.0,0.0,14.0,0.0,0.0,0.0,3.0,0.0,0.0,0.0,0.0,1.0,0.0,0.0,0.0,Carpet,low,old,Kendriya Vihar,gurgaon,0.986
54.16,1.0,1.0,1.0,0.0,5.0,48.0,0.0,0.0,0.0,0.0,0.0,0.0,1.0,0.0,0.0,0.0,0.0,0.0,0.0,0.0,0.0,0.0,0.0,0.0,0.0,Carpet,low,new,om apartment Dayanand colony,gurgaon,0.442
69.68,3.0,2.0,2.0,0.0,86.0,9.0,0.0,0.0,0.0,0.0,0.0,0.0,0.0,0.0,0.0,0.0,0.0,0.0,0.0,0.0,0.0,0.0,0.0,0.0,0.0,Carpet,low,old,Pyramid Urban Homes 2,gurgaon,1.02
55.83,2.0,2.0,1.0,0.0,86.0,9.0,0.0,0.0,0.0,0.0,0.0,0.0,0.0,0.0,0.0,0.0,0.0,0.0,0.0,0.0,0.0,0.0,0.0,0.0,0.0,Carpet,low,new,Pyramid Urban Homes 2,gurgaon,0.85
152.36,3.0,2.0,3.0,1.0,33.0,8.0,0.0,0.0,0.0,0.0,0.0,0.0,0.0,0.0,0.0,0.0,0.0,0.0,0.0,0.0,0.0,0.0,0.0,0.0,0.0,Super Built up,mid,new,Godrej Nature Plus,gurgaon,2.295
149.57,3.0,3.0,2.0,0.0,70.0,33.0,0.0,0.0,0.0,0.0,0.0,0.0,9.0,0.0,0.0,0.0,0.0,0.0,0.0,0.0,0.0,0.0,0.0,0.0,0.0,Super Built up,low,new,Unitech South Park,gurgaon,1.921
279.45,4.0,1.0,0.0,0.0,109.0,15.0,0.0,0.0,0.0,0.0,0.0,0.0,0.0,0.0,0.0,0.0,0.0,0.0,0.0,0.0,0.0,0.0,0.0,0.0,0.0,Built Up,low,new,Raheja Atharva,gurgaon,2.72
116.22,2.0,2.0,2.0,0.0,89.0,7.0,0.0,0.0,0.0,0.0,0.0,0.0,0.0,0.0,0.0,1.0,0.0,0.0,0.0,0.0,0.0,0.0,0.0,0.0,0.0,Carpet,high,mid aged,Greenopolis,gurgaon,1.105
51.47,2.0,2.0,2.0,0.0,,14.0,0.0,0.0,0.0,0.0,0.0,0.0,0.0,0.0,0.0,0.0,0.0,0.0,0.0,0.0,0.0,0.0,0.0,0.0,0.0,Carpet,high,new,Breez Global Hill View,gurgaon,0.544
134.71,2.0,2.0,0.0,0.0,103.0,15.0,0.0,0.0,0.0,0.0,0.0,0.0,0.0,0.0,0.0,0.0,0.0,0.0,0.0,0.0,0.0,0.0,0.0,0.0,0.0,Built Up,high,under construction,Satya The Hermitage,gurgaon,1.36
349.69,4.0,5.0,3.0,1.0,,48.0,0.0,0.0,0.0,0.0,0.0,0.0,11.0,0.0,0.0,0.0,5.0,0.0,0.0,0.0,0.0,0.0,0.0,0.0,2.0,Super Built up,mid,old,Sahara Grace,gurgaon,9.35
146.6,2.0,2.0,0.0,1.0,37.0,8.0,0.0,0.0,0.0,0.0,0.0,0.0,0.0,0.0,0.0,0.0,0.0,0.0,0.0,0.0,0.0,0.0,0.0,0.0,0.0,Built Up,high,under construction,Imperia The Esfera,gurgaon,1.615
117.99,2.0,2.0,1.0,0.0,84.0,10.0,0.0,0.0,0.0,0.0,0.0,0.0,0.0,0.0,0.0,0.0,0.0,0.0,0.0,0.0,0.0,0.0,0.0,0.0,0.0,Super Built up,mid,new,Alpha Corp GurgaonOne 84,gurgaon,2.04
106.84,2.0,2.0,1.0,1.0,61.0,9.0,0.0,0.0,0.0,0.0,0.0,0.0,0.0,0.0,0.0,0.0,0.0,0.0,0.0,0.0,0.0,0.0,0.0,0.0,0.0,Super Built up,low,mid aged,Smart World Orchard,gurgaon,2.635
353.59,4.0,5.0,3.0,0.0,,48.0,0.0,0.0,0.0,0.0,0.0,0.0,11.0,0.0,0.0,0.0,2.0,0.0,0.0,0.0,0.0,1.0,0.0,0.0,2.0,Built Up,low,under construction,The Ivy,gurgaon,10.2
69.03,2.0,2.0,2.0,0.0,,5.0,0.0,0.0,0.0,0.0,0.0,0.0,0.0,0.0,0.0,0.0,0.0,0.0,0.0,0.0,0.0,0.0,0.0,0.0,1.0,Built Up,low,under construction,HCBS Sports Ville,gurgaon,0.51
155.33,3.0,3.0,2.0,0.0,76.0,11.0,0.0,0.0,0.0,0.0,0.0,0.0,0.0,0.0,0.0,0.0,0.0,0.0,0.0,0.0,0.0,0.0,0.0,0.0,0.0,Built Up,low,under construction,Whiteland Blissville,gurgaon,3.264
126.26,3.0,2.0,2.0,0.0,106.0,20.0,1.0,0.0,0.0,0.0,0.0,0.0,1.0,0.0,0.0,0.0,0.0,0.0,0.0,0.0,0.0,0.0,0.0,0.0,0.0,Built Up,mid,under construction,MRG Skyline,gurgaon,3.094
62.43,2.0,2.0,1.0,0.0,89.0,6.0,0.0,0.0,0.0,0.0,0.0,0.0,0.0,0.0,0.0,0.0,0.0,0.0,0.0,0.0,0.0,0.0,0.0,0.0,0.0,Built Up,mid,new,Adani Aangan Arcade,gurgaon,0.85
46.45,1.0,1.0,1.0,0.0,89.0,3.0,0.0,0.0,0.0,0.0,0.0,0.0,0.0,0.0,0.0,1.0,0.0,0.0,0.0,0.0,0.0,0.0,0.0,0.0,0.0,Super Built up,mid,new,Adani Aangan Galleria,gurgaon,0.425
189.52,4.0,3.0,3.0,1.0,92.0,7.0,0.0,0.0,0.0,0.0,0.0,0.0,0.0,0.0,0.0,0.0,0.0,0.0,0.0,0.0,0.0,0.0,0.0,0.0,0.0,Built Up,high,under construction,Sare Green Parc 2,gurgaon,1.819
125.42,2.0,3.0,2.0,0.0,90.0,10.0,0.0,0.0,0.0,0.0,0.0,0.0,0.0,0.0,0.0,0.0,0.0,0.0,0.0,0.0,0.0,0.0,0.0,0.0,0.0,Built Up,low,under construction,Shree Vardhman Flora,gurgaon,1.36
60.39,1.0,1.0,0.0,0.0,82.0,10.0,0.0,0.0,0.0,0.0,0.0,0.0,0.0,0.0,0.0,0.0,0.0,0.0,0.0,0.0,0.0,0.0,0.0,0.0,0.0,Built Up,mid,under construction,Spectrum Centre,gurgaon,1.054
128.67,2.0,2.0,3.0,0.0,33.0,8.0,0.0,0.0,0.0,0.0,0.0,0.0,0.0,0.0,0.0,0.0,0.0,0.0,0.0,0.0,0.0,0.0,0.0,0.0,0.0,Built Up,high,under construction,Godrej Nature Plus,gurgaon,2.125
102.47,2.0,2.0,0.0,0.0,89.0,14.0,0.0,0.0,0.0,0.0,0.0,0.0,0.0,0.0,0.0,0.0,0.0,0.0,0.0,0.0,0.0,0.0,0.0,0.0,0.0,Built Up,low,under construction,Smart World Gems,gurgaon,1.496
115.66,2.0,2.0,3.0,0.0,82.0,8.0,0.0,0.0,0.0,0.0,0.0,0.0,0.0,1.0,0.0,0.0,0.0,1.0,0.0,0.0,0.0,0.0,0.0,0.0,0.0,Carpet,high,under construction,Vatika India Next,gurgaon,1.36
128.21,2.0,2.0,2.0,0.0,33.0,8.0,0.0,0.0,0.0,0.0,0.0,0.0,0.0,0.0,0.0,0.0,0.0,0.0,0.0,0.0,0.0,0.0,0.0,0.0,0.0,Carpet,high,under construction,Godrej Nature Plus,gurgaon,1.87
117.15,3.0,2.0,2.0,0.0,92.0,49.0,0.0,0.0,0.0,0.0,0.0,0.0,6.0,0.0,0.0,0.0,2.0,0.0,0.0,0.0,0.0,1.0,0.0,0.0,1.0,Built Up,high,under construction,Sare Green Parc,gurgaon,1.4449999999999998
483.1,5.0,7.0,3.0,1.0,52.0,47.0,1.0,0.0,0.0,0.0,0.0,0.0,13.0,0.0,0.0,0.0,4.0,0.0,0.0,0.0,0.0,1.0,0.0,0.0,0.0,Carpet,low,old,Residency Grand,gurgaon,8.5
166.67,3.0,3.0,3.0,0.0,88.0,7.0,0.0,0.0,0.0,0.0,1.0,0.0,0.0,0.0,0.0,0.0,0.0,1.0,0.0,0.0,0.0,0.0,0.0,0.0,0.0,Carpet,high,new,Godrej Oasis,gurgaon,2.465
1683.59,4.0,5.0,3.0,1.0,85.0,8.0,0.0,0.0,0.0,0.0,0.0,0.0,0.0,0.0,0.0,0.0,0.0,0.0,0.0,0.0,0.0,0.0,0.0,0.0,0.0,Carpet,high,mid aged,Godrej Air,gurgaon,4.25
132.2,3.0,3.0,3.0,1.0,89.0,14.0,0.0,0.0,0.0,0.0,0.0,0.0,0.0,0.0,0.0,0.0,0.0,0.0,0.0,0.0,0.0,0.0,0.0,0.0,0.0,Super Built up,low,mid aged,Smart World Gems,gurgaon,2.125
83.61,3.0,2.0,2.0,0.0,,50.0,0.0,0.0,0.0,0.0,0.0,0.0,3.0,1.0,0.0,0.0,0.0,0.0,0.0,0.0,0.0,0.0,0.0,0.0,0.0,Carpet,low,old,SS Residency,gurgaon,0.816
162.58,3.0,3.0,3.0,1.0,67.0,12.0,0.0,0.0,0.0,0.0,0.0,0.0,0.0,0.0,0.0,0.0,0.0,0.0,0.0,0.0,0.0,0.0,0.0,0.0,0.0,Super Built up,high,new,Ireo The Corridors,gurgaon,3.4
53.88,2.0,2.0,1.0,0.0,,5.0,0.0,0.0,0.0,0.0,0.0,0.0,0.0,0.0,0.0,0.0,0.0,0.0,0.0,0.0,0.0,0.0,0.0,0.0,1.0,Carpet,mid,new,HCBS Sports Ville,gurgaon,0.544
126.35,2.0,2.0,1.0,0.0,86.0,4.0,0.0,0.0,0.0,0.0,0.0,0.0,0.0,0.0,0.0,0.0,0.0,0.0,0.0,0.0,0.0,0.0,0.0,0.0,0.0,Super Built up,high,new,Ansal Heights 86,gurgaon,1.394
52.86,2.0,2.0,1.0,0.0,104.0,9.0,0.0,0.0,0.0,0.0,0.0,0.0,0.0,0.0,0.0,0.0,0.0,0.0,0.0,0.0,0.0,0.0,0.0,0.0,0.0,Super Built up,high,new,Zara Aavaas,gurgaon,0.68
83.61204013377927,2.0,2.0,2.0,0.0,33.0,8.0,0.0,0.0,0.0,0.0,0.0,0.0,0.0,0.0,0.0,0.0,0.0,0.0,0.0,0.0,0.0,0.0,0.0,0.0,0.0,Carpet,high,mid aged,Godrej Nature Plus,gurgaon,1.955
68483.2,2.0,2.0,2.0,0.0,,5.0,0.0,0.0,0.0,0.0,0.0,0.0,0.0,0.0,0.0,0.0,0.0,0.0,0.0,0.0,0.0,0.0,0.0,0.0,1.0,Built Up,high,new,HCBS Sports Ville,gurgaon,0.595
125.42,3.0,2.0,3.0,1.0,84.0,3.0,0.0,0.0,0.0,0.0,0.0,0.0,0.0,0.0,0.0,0.0,0.0,0.0,0.0,0.0,0.0,0.0,0.0,0.0,0.0,Super Built up,high,new,Antriksh Heights,gurgaon,1.598
144.56,3.0,2.0,2.0,0.0,92.0,49.0,0.0,0.0,0.0,0.0,0.0,0.0,6.0,0.0,0.0,0.0,2.0,0.0,0.0,0.0,0.0,1.0,0.0,0.0,1.0,Built Up,high,under construction,Sare Green Parc,gurgaon,1.275
152.36,2.0,2.0,2.0,0.0,85.0,13.0,0.0,0.0,0.0,0.0,0.0,0.0,0.0,0.0,0.0,0.0,0.0,0.0,0.0,0.0,0.0,0.0,0.0,0.0,0.0,Super Built up,high,new,SS The Leaf,gurgaon,2.21
1.8581,3.0,3.0,3.0,1.0,84.0,12.0,0.0,0.0,0.0,0.0,0.0,0.0,0.0,0.0,0.0,0.0,0.0,0.0,0.0,0.0,0.0,0.0,0.0,0.0,0.0,Super Built up,low,new,SS Almeria,gurgaon,2.55
190.45,3.0,3.0,3.0,1.0,92.0,8.0,0.0,0.0,0.0,0.0,0.0,0.0,0.0,0.0,0.0,0.0,0.0,0.0,0.0,0.0,0.0,0.0,0.0,0.0,0.0,Carpet,high,mid aged,Sare Petioles,gurgaon,2.125
76.37,2.0,1.0,2.0,0.0,,8.0,1.0,0.0,0.0,0.0,0.0,0.0,0.0,2.0,0.0,1.0,1.0,0.0,0.0,0.0,0.0,0.0,0.0,0.0,0.0,Carpet,low,old,Signature Global Park,gurgaon,1.105
111.48,2.0,2.0,3.0,1.0,10.0,49.0,0.0,0.0,0.0,0.0,0.0,0.0,0.0,0.0,0.0,0.0,0.0,0.0,0.0,0.0,0.0,0.0,0.0,0.0,0.0,Super Built up,high,new,Maxworth City Residences,gurgaon,1.53
125.42,2.0,2.0,3.0,0.0,88.0,7.0,0.0,0.0,0.0,0.0,0.0,0.0,0.0,1.0,0.0,0.0,0.0,0.0,0.0,0.0,0.0,0.0,0.0,0.0,0.0,Built Up,low,old,Vatika Xpressions,gurgaon,1.564
152.55,3.0,3.0,3.0,1.0,63.0,6.0,0.0,0.0,0.0,0.0,0.0,0.0,0.0,0.0,0.0,0.0,0.0,0.0,0.0,0.0,0.0,0.0,0.0,0.0,0.0,Built Up,high,new,Dhoot Time Residency,gurgaon,5.1
76.55,2.0,2.0,2.0,0.0,,8.0,1.0,0.0,0.0,0.0,0.0,0.0,0.0,2.0,0.0,1.0,1.0,0.0,0.0,0.0,0.0,0.0,0.0,0.0,0.0,Carpet,low,old,Signature Global Park,gurgaon,1.156
97.55,2.0,2.0,0.0,0.0,,46.0,0.0,0.0,0.0,0.0,0.0,0.0,1.0,0.0,0.0,0.0,0.0,0.0,0.0,0.0,0.0,0.0,0.0,0.0,0.0,Carpet,mid,new,Samaspurkunj,gurgaon,0.935
132.2,3.0,3.0,3.0,1.0,89.0,9.0,0.0,0.0,0.0,0.0,0.0,0.0,0.0,0.0,0.0,0.0,0.0,0.0,0.0,0.0,0.0,0.0,0.0,0.0,0.0,Built Up,mid,mid aged,M3M Soulitude,gurgaon,2.261
126.91,2.0,2.0,3.0,0.0,107.0,6.0,0.0,0.0,0.0,0.0,0.0,0.0,0.0,0.0,0.0,0.0,0.0,0.0,0.0,0.0,0.0,0.0,0.0,0.0,0.0,Super Built up,high,new,M3M Woodshire,gurgaon,1.36
144.0,3.0,2.0,3.0,1.0,89.0,11.0,0.0,0.0,0.0,0.0,0.0,0.0,0.0,0.0,0.0,0.0,0.0,0.0,0.0,0.0,0.0,0.0,0.0,0.0,0.0,Super Built up,mid,old,Tulip Petals,gurgaon,2.635
154.4,3.0,3.0,3.0,0.0,,43.0,0.0,0.0,0.0,0.0,0.0,0.0,7.0,0.0,0.0,0.0,0.0,0.0,0.0,0.0,0.0,0.0,1.0,0.0,0.0,Built Up,high,under construction,Unitech Fresco,gurgaon,3.145
92.72,2.0,2.0,2.0,0.0,92.0,8.0,0.0,0.0,0.0,0.0,0.0,0.0,0.0,0.0,0.0,0.0,0.0,0.0,0.0,0.0,0.0,0.0,0.0,0.0,0.0,Carpet,low,new,Sare Crescent Parc,gurgaon,0.833
144.93,3.0,2.0,3.0,1.0,,48.0,0.0,0.0,0.0,0.0,0.0,0.0,6.0,0.0,0.0,0.0,2.0,0.0,0.0,0.0,0.0,1.0,0.0,0.0,2.0,Super Built up,low,old,essel tower,gurgaon,3.145
240.15,3.0,4.0,3.0,1.0,109.0,11.0,0.0,0.0,0.0,0.0,0.0,0.0,0.0,0.0,0.0,0.0,0.0,0.0,0.0,0.0,0.0,0.0,0.0,0.0,0.0,Super Built up,high,new,ATS Tourmaline,gurgaon,3.91
125.42,2.0,2.0,2.0,1.0,67.0,12.0,0.0,0.0,0.0,0.0,0.0,0.0,0.0,0.0,0.0,0.0,0.0,0.0,0.0,0.0,0.0,0.0,0.0,0.0,0.0,Carpet,high,new,Ireo The Corridors,gurgaon,2.55
128.67,2.0,2.0,3.0,0.0,33.0,8.0,0.0,0.0,0.0,0.0,0.0,0.0,0.0,0.0,0.0,0.0,0.0,0.0,0.0,0.0,0.0,0.0,0.0,0.0,0.0,Carpet,high,under construction,Godrej Nature Plus,gurgaon,2.125
124.49,2.0,2.0,2.0,0.0,77.0,10.0,0.0,0.0,0.0,0.0,0.0,0.0,0.0,0.0,0.0,0.0,0.0,0.0,0.0,0.0,0.0,0.0,0.0,0.0,0.0,Carpet,low,new,Umang Winter Hills,gurgaon,1.7
182.09,3.0,3.0,3.0,0.0,89.0,8.0,0.0,0.0,0.0,0.0,0.0,0.0,0.0,0.0,0.0,0.0,0.0,0.0,0.0,0.0,0.0,0.0,0.0,0.0,0.0,Super Built up,mid,new,Vatika Seven Elements,gurgaon,2.72
236.16,4.0,3.0,3.0,1.0,95.0,5.0,0.0,0.0,0.0,0.0,0.0,0.0,0.0,0.0,0.0,0.0,0.0,0.0,0.0,0.0,0.0,0.0,0.0,0.0,0.0,Carpet,high,new,Siddhartha Apartment,gurgaon,1.87
151.43,3.0,4.0,2.0,0.0,92.0,10.0,0.0,0.0,0.0,0.0,0.0,0.0,0.0,0.0,0.0,0.0,0.0,0.0,0.0,0.0,0.0,0.0,0.0,0.0,0.0,Super Built up,low,mid aged,DLF Garden City Floors,gurgaon,2.89
246.19,4.0,6.0,3.0,1.0,76.0,4.0,0.0,0.0,0.0,0.0,0.0,0.0,0.0,0.0,0.0,0.0,0.0,0.0,0.0,0.0,0.0,0.0,0.0,0.0,0.0,Super Built up,high,new,Corona Gracieux,gurgaon,2.482
100.43,2.0,2.0,2.0,0.0,63.0,13.0,0.0,0.0,0.0,0.0,0.0,0.0,0.0,0.0,0.0,0.0,0.0,0.0,0.0,0.0,0.0,0.0,0.0,0.0,0.0,Super Built up,low,mid aged,Signature Global City 63A,gurgaon,2.805
83.61204013377927,3.0,3.0,3.0,0.0,88.0,7.0,0.0,0.0,0.0,0.0,1.0,0.0,0.0,0.0,0.0,0.0,0.0,1.0,0.0,0.0,0.0,0.0,0.0,0.0,0.0,Carpet,high,new,Godrej Oasis,gurgaon,4.505
33.62,1.0,2.0,2.0,0.0,103.0,11.0,0.0,0.0,0.0,0.0,0.0,0.0,0.0,1.0,0.0,0.0,0.0,0.0,0.0,0.0,0.0,0.0,0.0,0.0,0.0,Carpet,mid,new,Signature Global Grand IVA,gurgaon,0.51
70.89,3.0,2.0,2.0,0.0,104.0,9.0,0.0,0.0,0.0,0.0,0.0,0.0,0.0,0.0,0.0,0.0,0.0,0.0,0.0,0.0,0.0,0.0,0.0,0.0,0.0,Carpet,mid,mid aged,Zara Aavaas,gurgaon,1.105
151.43,3.0,3.0,2.0,1.0,61.0,9.0,0.0,0.0,0.0,0.0,0.0,0.0,0.0,0.0,0.0,0.0,0.0,0.0,0.0,0.0,0.0,0.0,0.0,0.0,0.0,Carpet,low,under construction,Smart World Orchard,gurgaon,4.369
93.83,2.0,2.0,3.0,1.0,92.0,10.0,0.0,0.0,0.0,0.0,0.0,0.0,0.0,0.0,0.0,0.0,0.0,0.0,0.0,0.0,0.0,0.0,0.0,0.0,0.0,Super Built up,low,new,Signature Global City 92,gurgaon,1.326
71.26,2.0,2.0,1.0,1.0,95.0,3.0,0.0,0.0,0.0,0.0,0.0,0.0,0.0,0.0,0.0,0.0,0.0,0.0,0.0,0.0,0.0,0.0,0.0,0.0,0.0,Super Built up,high,new,Ramsons Kshitij,gurgaon,0.561
138.61,2.0,2.0,2.0,0.0,33.0,7.0,0.0,0.0,0.0,0.0,0.0,0.0,0.0,0.0,0.0,0.0,0.0,0.0,0.0,0.0,0.0,0.0,0.0,0.0,0.0,Built Up,high,under construction,Eldeco Accolade,gurgaon,2.04
83.61,3.0,2.0,1.0,0.0,2.0,48.0,0.0,0.0,0.0,0.0,0.0,0.0,0.0,0.0,0.0,0.0,0.0,0.0,0.0,0.0,0.0,0.0,0.0,0.0,0.0,Carpet,low,new,om appartments,gurgaon,0.68
71.54,2.0,2.0,1.0,0.0,,50.0,0.0,0.0,0.0,0.0,0.0,0.0,5.0,1.0,0.0,0.0,0.0,0.0,0.0,0.0,0.0,0.0,0.0,0.0,1.0,Carpet,low,new,the pearl apartmen,gurgaon,0.731
390.19,4.0,6.0,3.0,1.0,81.0,9.0,0.0,0.0,0.0,0.0,0.0,0.0,0.0,0.0,0.0,0.0,0.0,0.0,0.0,0.0,0.0,0.0,0.0,0.0,0.0,Super Built up,high,new,Bestech Park View Grand Spa,gurgaon,7.649999999999999
60.39,2.0,2.0,2.0,0.0,107.0,10.0,0.0,0.0,0.0,0.0,0.0,0.0,0.0,0.0,0.0,0.0,0.0,0.0,0.0,0.0,0.0,0.0,0.0,0.0,0.0,Super Built up,low,new,Signature Global Solera,gurgaon,0.646
92.9,2.0,2.0,2.0,0.0,36.0,7.0,0.0,0.0,0.0,0.0,0.0,0.0,0.0,0.0,0.0,0.0,0.0,0.0,0.0,0.0,0.0,0.0,0.0,0.0,0.0,Super Built up,mid,new,AVL 36 Gurgaon,gurgaon,1.275
234.12,3.0,3.0,3.0,0.0,113.0,12.0,0.0,0.0,0.0,0.0,0.0,0.0,0.0,0.0,0.0,0.0,0.0,0.0,0.0,0.0,0.0,0.0,0.0,0.0,0.0,Super Built up,high,new,Tata Gurgaon Gateway,gurgaon,5.457
51.48,2.0,2.0,2.0,0.0,,14.0,0.0,0.0,0.0,0.0,0.0,0.0,0.0,0.0,0.0,0.0,0.0,0.0,0.0,0.0,0.0,0.0,0.0,0.0,0.0,Carpet,high,new,Breez Global Hill View,gurgaon,0.595
115.11,2.0,2.0,1.0,0.0,78.0,7.0,0.0,0.0,0.0,0.0,0.0,0.0,0.0,0.0,0.0,0.0,0.0,0.0,0.0,0.0,0.0,0.0,0.0,0.0,0.0,Built Up,mid,under construction,Umang Monsoon Breeze,gurgaon,1.275
181.72,4.0,3.0,3.0,0.0,92.0,11.0,0.0,0.0,0.0,0.0,0.0,0.0,0.0,0.0,0.0,0.0,0.0,0.0,0.0,0.0,0.0,0.0,0.0,0.0,0.0,Super Built up,mid,old,Sare Green ParC Phase 3,gurgaon,1.615
165.37,3.0,3.0,0.0,0.0,81.0,15.0,0.0,0.0,0.0,0.0,0.0,0.0,0.0,0.0,0.0,0.0,0.0,0.0,0.0,0.0,0.0,0.0,0.0,0.0,0.0,Built Up,mid,under construction,Lavanya Apartments,gurgaon,1.53
55.46,2.0,2.0,0.0,0.0,93.0,8.0,0.0,0.0,0.0,0.0,0.0,0.0,0.0,0.0,0.0,0.0,0.0,0.0,0.0,0.0,0.0,0.0,0.0,0.0,0.0,Built Up,high,under construction,Signature Global Orchard Avenue,gurgaon,1.4449999999999998
151.25,3.0,3.0,2.0,0.0,76.0,11.0,0.0,0.0,0.0,0.0,0.0,0.0,0.0,0.0,0.0,0.0,0.0,0.0,0.0,0.0,0.0,0.0,0.0,0.0,0.0,Built Up,low,under construction,Whiteland Blissville,gurgaon,3.264
132.2,3.0,3.0,2.0,0.0,89.0,14.0,0.0,0.0,0.0,0.0,0.0,0.0,0.0,0.0,0.0,0.0,0.0,0.0,0.0,0.0,0.0,0.0,0.0,0.0,0.0,Built Up,low,under construction,Smart World Gems,gurgaon,2.04
125.42,3.0,3.0,1.0,1.0,37.0,12.0,0.0,0.0,0.0,0.0,0.0,0.0,0.0,0.0,0.0,0.0,0.0,0.0,0.0,0.0,0.0,0.0,0.0,0.0,0.0,Carpet,low,mid aged,Signature Global City 37D Ph 2,gurgaon,1.87
278.43,4.0,4.0,3.0,1.0,5.0,3.0,0.0,0.0,0.0,0.0,0.0,0.0,0.0,0.0,0.0,0.0,0.0,0.0,0.0,0.0,0.0,0.0,0.0,0.0,0.0,Super Built up,high,old,DLF Royalton Tower,gurgaon,11.05
116.13,2.0,2.0,2.0,0.0,61.0,9.0,0.0,0.0,0.0,0.0,0.0,0.0,0.0,0.0,0.0,0.0,0.0,0.0,0.0,0.0,0.0,0.0,0.0,0.0,0.0,Carpet,low,old,Smart World Orchard,gurgaon,3.145
104.98,2.0,2.0,2.0,0.0,,11.0,0.0,0.0,0.0,0.0,0.0,0.0,0.0,0.0,0.0,0.0,0.0,0.0,0.0,0.0,0.0,0.0,0.0,0.0,0.0,Built Up,mid,under construction,Suncity Vatsal Valley,gurgaon,2.346
301.93,4.0,4.0,0.0,0.0,,45.0,0.0,0.0,0.0,0.0,0.0,0.0,10.0,0.0,0.0,0.0,7.0,0.0,0.0,0.0,0.0,1.0,0.0,0.0,0.0,Built Up,high,under construction,Unitech Heritage City,gurgaon,7.241999999999999
137.4,2.0,2.0,2.0,0.0,36.0,14.0,0.0,0.0,0.0,0.0,0.0,0.0,0.0,0.0,0.0,0.0,0.0,0.0,0.0,0.0,0.0,0.0,0.0,0.0,0.0,Built Up,high,under construction,Krisumi Waterfall Residences,gurgaon,3.91
222.97,3.0,3.0,3.0,0.0,63.0,12.0,0.0,0.0,0.0,0.0,0.0,0.0,0.0,0.0,0.0,0.0,0.0,0.0,0.0,0.0,0.0,0.0,0.0,0.0,0.0,Carpet,low,mid aged,Birla Navya,gurgaon,6.29
27.99,1.0,2.0,2.0,0.0,104.0,9.0,0.0,0.0,0.0,0.0,0.0,0.0,0.0,0.0,0.0,0.0,0.0,0.0,0.0,0.0,0.0,0.0,0.0,0.0,0.0,Carpet,low,new,Zara Aavaas,gurgaon,0.374
60.39,2.0,2.0,3.0,0.0,37.0,15.0,0.0,0.0,0.0,0.0,0.0,0.0,0.0,0.0,0.0,0.0,0.0,0.0,0.0,0.0,0.0,0.0,0.0,0.0,0.0,Super Built up,mid,new,Signature Global the Millennia,gurgaon,1.02
216.0,3.0,4.0,3.0,1.0,111.0,25.0,0.0,0.0,0.0,0.0,0.0,0.0,0.0,0.0,0.0,0.0,0.0,0.0,0.0,0.0,0.0,0.0,0.0,0.0,0.0,Super Built up,high,under construction,Kashish Manor One,gurgaon,2.805
27.96,1.0,2.0,2.0,0.0,1.0,9.0,0.0,0.0,0.0,0.0,0.0,0.0,0.0,0.0,0.0,0.0,0.0,0.0,0.0,0.0,0.0,0.0,0.0,0.0,0.0,Carpet,low,new,Zara Aavaas,gurgaon,0.34
148.64,3.0,4.0,3.0,1.0,92.0,8.0,0.0,0.0,0.0,0.0,0.0,0.0,0.0,0.0,0.0,0.0,0.0,0.0,0.0,0.0,0.0,0.0,0.0,0.0,0.0,Carpet,low,old,Apartment,gurgaon,1.275
288.0,4.0,5.0,3.0,1.0,48.0,43.0,0.0,0.0,0.0,0.0,0.0,0.0,1.0,0.0,0.0,0.0,0.0,0.0,0.0,0.0,0.0,0.0,0.0,0.0,0.0,Carpet,mid,new,Vipul World Floors,gurgaon,7.31
181.16,3.0,3.0,3.0,1.0,70.0,15.0,0.0,0.0,0.0,0.0,0.0,0.0,0.0,0.0,0.0,0.0,0.0,0.0,0.0,0.0,0.0,0.0,0.0,0.0,0.0,Super Built up,high,new,Shree Vardhman Victoria,gurgaon,3.23
163.51,3.0,4.0,3.0,1.0,,48.0,0.0,0.0,0.0,0.0,0.0,0.0,11.0,0.0,0.0,0.0,5.0,0.0,0.0,0.0,0.0,0.0,0.0,0.0,2.0,Carpet,low,old,Essel Tower,gurgaon,3.74
222.97,3.0,3.0,3.0,0.0,39.0,46.0,0.0,0.0,0.0,0.0,0.0,0.0,5.0,0.0,0.0,0.0,0.0,0.0,0.0,0.0,0.0,0.0,0.0,0.0,0.0,Built Up,low,under construction,Milan CGHS 9,gurgaon,3.4
78.97,1.0,1.0,1.0,0.0,,43.0,0.0,0.0,0.0,0.0,0.0,0.0,1.0,0.0,0.0,0.0,0.0,0.0,0.0,0.0,0.0,0.0,0.0,0.0,0.0,Built Up,high,under construction,Element One Service,gurgaon,1.7
150.22,3.0,2.0,3.0,1.0,88.0,14.0,0.0,0.0,0.0,0.0,0.0,0.0,0.0,0.0,0.0,0.0,0.0,0.0,0.0,0.0,0.0,0.0,0.0,0.0,0.0,Super Built up,high,new,Godrej Icon,gurgaon,2.754
204.39,3.0,3.0,0.0,0.0,1.0,25.0,0.0,0.0,0.0,0.0,0.0,0.0,0.0,0.0,0.0,0.0,0.0,0.0,0.0,0.0,0.0,0.0,0.0,0.0,0.0,Built Up,mid,under construction,DNHA CGHS,gurgaon,1.4449999999999998
57.88,2.0,2.0,2.0,0.0,33.0,47.0,0.0,0.0,0.0,0.0,0.0,0.0,2.0,0.0,0.0,0.0,0.0,0.0,0.0,0.0,0.0,0.0,0.0,0.0,0.0,Built Up,mid,under construction,Breeze Global Heights,gurgaon,0.68
190.82,3.0,3.0,3.0,1.0,65.0,9.0,0.0,0.0,0.0,0.0,0.0,0.0,0.0,0.0,0.0,0.0,0.0,0.0,0.0,0.0,0.0,0.0,0.0,0.0,0.0,Carpet,high,mid aged,M3M Skycity,gurgaon,5.95
142.61,3.0,3.0,3.0,1.0,37.0,12.0,0.0,0.0,0.0,0.0,0.0,0.0,0.0,0.0,0.0,0.0,0.0,0.0,0.0,0.0,0.0,0.0,0.0,0.0,0.0,Built Up,low,new,Signature Global City 37D Ph 2,gurgaon,2.3120000000000003
139.35,3.0,3.0,3.0,0.0,,46.0,0.0,0.0,0.0,0.0,0.0,0.0,10.0,0.0,0.0,0.0,0.0,0.0,0.0,0.0,0.0,0.0,1.0,0.0,0.0,Super Built up,high,under construction,pareena micasa,gurgaon,2.21
151.43,3.0,3.0,3.0,0.0,61.0,9.0,0.0,0.0,0.0,0.0,0.0,0.0,0.0,0.0,0.0,0.0,0.0,0.0,0.0,0.0,0.0,0.0,0.0,0.0,0.0,Built Up,low,mid aged,Smart World Orchard,gurgaon,4.097
175.03,3.0,3.0,2.0,0.0,33.0,15.0,0.0,0.0,0.0,0.0,0.0,0.0,0.0,0.0,0.0,0.0,0.0,0.0,0.0,0.0,0.0,0.0,0.0,0.0,0.0,Carpet,low,under construction,Central Park Flower Valley,gurgaon,4.25
232.26,4.0,3.0,1.0,0.0,,33.0,1.0,0.0,0.0,0.0,0.0,0.0,1.0,0.0,0.0,0.0,0.0,0.0,0.0,0.0,0.0,0.0,0.0,0.0,0.0,Super Built up,low,new,Dlf City,gurgaon,3.434
106.84,2.0,2.0,2.0,1.0,61.0,9.0,0.0,0.0,0.0,0.0,0.0,0.0,0.0,0.0,0.0,0.0,0.0,0.0,0.0,0.0,0.0,0.0,0.0,0.0,0.0,Carpet,mid,old,Smart World Orchard,gurgaon,2.499
31.6,1.0,1.0,1.0,0.0,,10.0,0.0,0.0,0.0,0.0,0.0,0.0,3.0,0.0,0.0,0.0,0.0,0.0,0.0,0.0,0.0,0.0,0.0,0.0,0.0,Carpet,high,new,MVN Athens,gurgaon,0.408
199.74,3.0,4.0,2.0,0.0,1.0,14.0,0.0,0.0,0.0,0.0,0.0,0.0,0.0,0.0,0.0,0.0,0.0,0.0,0.0,0.0,0.0,0.0,0.0,0.0,0.0,Super Built up,mid,mid aged,Silverglades Hightown Residences,gurgaon,7.14
258.27,3.0,4.0,3.0,1.0,99.0,10.0,0.0,0.0,0.0,0.0,0.0,0.0,0.0,0.0,0.0,0.0,0.0,0.0,0.0,0.0,0.0,0.0,0.0,0.0,0.0,Super Built up,low,old,Vatika Sovereign Park,gurgaon,4.165
168.62,3.0,3.0,0.0,0.0,79.0,9.0,0.0,0.0,0.0,0.0,0.0,0.0,0.0,0.0,0.0,0.0,0.0,0.0,0.0,0.0,0.0,0.0,0.0,0.0,0.0,Built Up,high,under construction,Mapsko Mount Ville,gurgaon,2.805
169.55,3.0,3.0,2.0,0.0,85.0,8.0,0.0,0.0,0.0,0.0,0.0,0.0,0.0,0.0,0.0,0.0,0.0,0.0,0.0,0.0,0.0,0.0,0.0,0.0,0.0,Built Up,high,under construction,Godrej Air,gurgaon,2.975
114.74,2.0,2.0,2.0,1.0,63.0,13.0,0.0,0.0,0.0,0.0,0.0,0.0,0.0,0.0,0.0,0.0,0.0,0.0,0.0,0.0,0.0,0.0,0.0,0.0,0.0,Carpet,low,mid aged,Signature Global City 63A,gurgaon,2.38
52.86,2.0,2.0,2.0,0.0,95.0,12.0,0.0,0.0,0.0,0.0,0.0,0.0,0.0,0.0,0.0,0.0,0.0,0.0,0.0,0.0,0.0,0.0,0.0,0.0,0.0,Carpet,low,new,Signature The Roselia,gurgaon,0.765
141.77,3.0,3.0,3.0,0.0,1.0,10.0,0.0,0.0,0.0,0.0,0.0,0.0,0.0,0.0,0.0,0.0,0.0,0.0,0.0,0.0,0.0,0.0,0.0,0.0,0.0,Built Up,low,old,SBR apartment,gurgaon,1.156
103.12,2.0,2.0,3.0,1.0,89.0,14.0,0.0,0.0,0.0,0.0,0.0,0.0,0.0,0.0,0.0,0.0,0.0,0.0,0.0,0.0,0.0,0.0,0.0,0.0,0.0,Carpet,low,new,Smart World Gems,gurgaon,1.7
212.75,3.0,4.0,3.0,1.0,104.0,13.0,0.0,0.0,0.0,0.0,0.0,0.0,0.0,0.0,0.0,0.0,0.0,0.0,0.0,0.0,0.0,0.0,0.0,0.0,0.0,Super Built up,mid,new,ATS Triumph,gurgaon,3.4
125.42,2.0,2.0,2.0,0.0,,8.0,0.0,0.0,0.0,0.0,0.0,0.0,0.0,0.0,0.0,0.0,0.0,0.0,0.0,0.0,0.0,0.0,0.0,0.0,0.0,Built Up,mid,old,Silverglades The Melia,gurgaon,1.275
312.15,4.0,4.0,3.0,1.0,99.0,10.0,0.0,0.0,0.0,0.0,0.0,0.0,0.0,0.0,0.0,0.0,0.0,0.0,0.0,0.0,0.0,0.0,0.0,0.0,0.0,Super Built up,low,mid aged,Vatika Sovereign Park,gurgaon,5.525
135.36,2.0,2.0,3.0,1.0,,7.0,0.0,0.0,0.0,0.0,0.0,0.0,0.0,0.0,0.0,0.0,0.0,0.0,0.0,0.0,0.0,0.0,0.0,0.0,0.0,Super Built up,high,new,Eldeco Accolade,gurgaon,1.87
137.5,3.0,2.0,3.0,0.0,86.0,10.0,0.0,0.0,0.0,0.0,0.0,0.0,0.0,0.0,0.0,0.0,0.0,0.0,0.0,0.0,0.0,0.0,0.0,0.0,0.0,Built Up,high,new,Microtek Greenburg,gurgaon,2.465
299.61,4.0,4.0,0.0,0.0,99.0,10.0,0.0,0.0,0.0,0.0,0.0,0.0,0.0,0.0,0.0,0.0,0.0,0.0,0.0,0.0,0.0,0.0,0.0,0.0,0.0,Built Up,mid,mid aged,Vatika Sovereign Park,gurgaon,5.44
50.5,2.0,2.0,2.0,0.0,93.0,8.0,0.0,0.0,0.0,0.0,0.0,0.0,0.0,0.0,0.0,0.0,0.0,0.0,0.0,0.0,0.0,0.0,0.0,0.0,0.0,Carpet,high,new,Signature Global Orchard Avenue,gurgaon,0.68
102.47,2.0,2.0,2.0,1.0,89.0,14.0,0.0,0.0,0.0,0.0,0.0,0.0,0.0,0.0,0.0,0.0,0.0,0.0,0.0,0.0,0.0,0.0,0.0,0.0,0.0,Carpet,mid,old,Smart World Gems,gurgaon,1.615
213.21,3.0,4.0,3.0,0.0,59.0,15.0,0.0,0.0,0.0,0.0,0.0,0.0,0.0,0.0,0.0,0.0,0.0,0.0,0.0,0.0,0.0,0.0,0.0,0.0,0.0,Super Built up,low,mid aged,Conscient Elevate,gurgaon,7.225
51.45,2.0,2.0,2.0,0.0,107.0,3.0,0.0,0.0,0.0,0.0,0.0,0.0,0.0,0.0,0.0,0.0,0.0,0.0,0.0,0.0,0.0,0.0,0.0,0.0,0.0,Carpet,high,new,Signature Global Solera 2,gurgaon,0.629
167.69,3.0,4.0,2.0,0.0,93.0,9.0,0.0,0.0,0.0,0.0,0.0,0.0,0.0,0.0,0.0,0.0,0.0,0.0,0.0,0.0,0.0,0.0,0.0,0.0,0.0,Super Built up,high,new,Spaze Privvy The Address,gurgaon,2.125
102.19,2.0,2.0,2.0,0.0,69.0,42.0,0.0,0.0,0.0,0.0,0.0,0.0,10.0,0.0,0.0,0.0,0.0,0.0,0.0,0.0,0.0,0.0,1.0,0.0,0.0,Built Up,mid,old,Surendra Avenue 69,gurgaon,1.275
78.97,2.0,2.0,1.0,0.0,2.0,17.0,0.0,0.0,0.0,0.0,0.0,0.0,0.0,0.0,0.0,0.0,0.0,0.0,0.0,0.0,0.0,0.0,0.0,0.0,0.0,Built Up,low,new,Krishna Apartment,gurgaon,0.595
219.81,3.0,4.0,3.0,1.0,79.0,10.0,0.0,0.0,0.0,0.0,0.0,0.0,0.0,0.0,0.0,0.0,0.0,0.0,0.0,0.0,0.0,0.0,0.0,0.0,0.0,Carpet,low,new,Godrej 101,gurgaon,3.4
242.11,5.0,5.0,3.0,1.0,82.0,7.0,0.0,0.0,0.0,0.0,0.0,0.0,0.0,0.0,0.0,0.0,0.0,0.0,0.0,0.0,0.0,0.0,0.0,0.0,0.0,Carpet,high,new,DLF The Primus,gurgaon,5.95
106.84,2.0,2.0,2.0,0.0,4.0,45.0,0.0,0.0,0.0,0.0,0.0,0.0,5.0,0.0,0.0,0.0,3.0,0.0,1.0,0.0,0.0,0.0,0.0,0.0,2.0,Carpet,high,new,DLF Regency Park 1,gurgaon,3.247
164.44,3.0,3.0,3.0,0.0,37.0,15.0,0.0,0.0,0.0,0.0,0.0,0.0,0.0,0.0,0.0,0.0,0.0,0.0,0.0,0.0,0.0,0.0,0.0,0.0,0.0,Super Built up,high,old,Ramprastha The Edge Towers,gurgaon,1.7
60.39,3.0,3.0,3.0,0.0,33.0,15.0,0.0,0.0,0.0,0.0,0.0,0.0,0.0,0.0,0.0,0.0,0.0,0.0,0.0,0.0,0.0,0.0,0.0,0.0,0.0,Super Built up,low,mid aged,Central Park Flower Valley,gurgaon,2.38
52.68,2.0,2.0,2.0,0.0,,6.0,0.0,0.0,0.0,0.0,0.0,0.0,0.0,0.0,0.0,0.0,0.0,0.0,0.0,0.0,0.0,0.0,0.0,0.0,0.0,Super Built up,mid,new,GLS Arawali Homes,gurgaon,0.595
83.61204013377927,2.0,2.0,3.0,1.0,104.0,15.0,0.0,0.0,0.0,0.0,0.0,0.0,0.0,0.0,0.0,0.0,0.0,0.0,0.0,0.0,0.0,0.0,0.0,0.0,0.0,Carpet,high,new,Godrej Summit,gurgaon,1.394
118.45,2.0,2.0,2.0,0.0,,13.0,0.0,0.0,0.0,0.0,0.0,0.0,0.0,1.0,0.0,0.0,0.0,0.0,0.0,0.0,0.0,0.0,0.0,0.0,0.0,Super Built up,high,new,Ashiana Anmol,gurgaon,1.496
76.37,2.0,2.0,3.0,0.0,,8.0,1.0,0.0,0.0,0.0,0.0,0.0,0.0,2.0,0.0,1.0,1.0,0.0,0.0,0.0,0.0,0.0,0.0,0.0,0.0,Carpet,low,under construction,Signature Global Park,gurgaon,0.935
150.5,3.0,3.0,2.0,0.0,67.0,12.0,0.0,0.0,0.0,0.0,0.0,0.0,0.0,0.0,0.0,0.0,0.0,0.0,0.0,0.0,0.0,0.0,0.0,0.0,0.0,Carpet,low,under construction,Ansal API Esencia,gurgaon,2.04
132.29,2.0,2.0,3.0,0.0,74.0,7.0,0.0,0.0,0.0,0.0,0.0,0.0,0.0,0.0,0.0,0.0,0.0,0.0,0.0,0.0,0.0,0.0,0.0,0.0,0.0,Carpet,high,under construction,M3M Skywalk,gurgaon,3.026
126.16,2.0,2.0,2.0,0.0,65.0,11.0,0.0,0.0,0.0,0.0,0.0,0.0,0.0,0.0,0.0,0.0,0.0,0.0,0.0,0.0,0.0,0.0,0.0,0.0,0.0,Built Up,high,under construction,M3M Heights,gurgaon,3.23
44.75,2.0,2.0,1.0,0.0,,10.0,0.0,0.0,0.0,0.0,0.0,0.0,3.0,0.0,0.0,0.0,0.0,0.0,0.0,0.0,0.0,0.0,0.0,0.0,0.0,Carpet,mid,new,MVN Athens,gurgaon,0.442
99.87,2.0,2.0,2.0,1.0,81.0,6.0,0.0,0.0,0.0,0.0,0.0,0.0,0.0,0.0,0.0,0.0,0.0,0.0,0.0,0.0,0.0,0.0,0.0,0.0,0.0,Carpet,low,mid aged,Signature Global City 81,gurgaon,1.513
106.84,2.0,2.0,2.0,1.0,61.0,9.0,0.0,0.0,0.0,0.0,0.0,0.0,0.0,0.0,0.0,0.0,0.0,0.0,0.0,0.0,0.0,0.0,0.0,0.0,0.0,Carpet,low,old,Smart World Orchard,gurgaon,2.72
65.03,4.0,5.0,3.0,0.0,24.0,41.0,0.0,0.0,0.0,0.0,0.0,0.0,11.0,0.0,0.0,0.0,6.0,0.0,0.0,0.0,0.0,0.0,0.0,0.0,0.0,Built Up,low,under construction,Ambience Caitriona,gurgaon,23.8
157.01,3.0,3.0,2.0,0.0,86.0,4.0,0.0,0.0,0.0,0.0,0.0,0.0,0.0,0.0,0.0,0.0,0.0,0.0,0.0,0.0,0.0,0.0,0.0,0.0,0.0,Built Up,high,new,Ansal Heights 86,gurgaon,1.53
184.88,3.0,3.0,3.0,0.0,37.0,15.0,0.0,0.0,0.0,0.0,0.0,0.0,0.0,0.0,0.0,0.0,0.0,0.0,0.0,0.0,0.0,0.0,0.0,0.0,0.0,Built Up,high,under construction,Ramprastha The Edge Towers,gurgaon,1.87
99.13,2.0,2.0,2.0,1.0,89.0,14.0,0.0,0.0,0.0,0.0,0.0,0.0,0.0,0.0,0.0,0.0,0.0,0.0,0.0,0.0,0.0,0.0,0.0,0.0,0.0,Super Built up,low,mid aged,Smart World Gems,gurgaon,1.615
64.1,2.0,2.0,1.0,0.0,90.0,15.0,0.0,0.0,0.0,0.0,0.0,0.0,0.0,1.0,0.0,0.0,0.0,0.0,0.0,0.0,0.0,0.0,0.0,0.0,0.0,Carpet,high,new,Green Court,gurgaon,0.7989999999999999
292.64,4.0,3.0,3.0,0.0,,47.0,0.0,0.0,0.0,0.0,0.0,0.0,9.0,0.0,0.0,0.0,1.0,0.0,1.0,0.0,0.0,0.0,0.0,0.0,0.0,Built Up,mid,under construction,Lord Krishna,gurgaon,4.59
142.14,2.0,2.0,3.0,1.0,79.0,3.0,0.0,0.0,0.0,0.0,0.0,0.0,0.0,0.0,0.0,0.0,0.0,0.0,0.0,0.0,0.0,0.0,0.0,0.0,0.0,Super Built up,mid,new,Supertech Araville,gurgaon,1.615
202.16,3.0,3.0,3.0,1.0,78.0,7.0,0.0,0.0,0.0,0.0,0.0,0.0,0.0,0.0,0.0,0.0,0.0,0.0,0.0,0.0,0.0,0.0,0.0,0.0,0.0,Super Built up,high,old,Umang Monsoon Breeze,gurgaon,1.955
148.92,3.0,3.0,3.0,0.0,37.0,9.0,0.0,0.0,0.0,0.0,0.0,0.0,0.0,0.0,0.0,0.0,0.0,0.0,0.0,0.0,0.0,0.0,0.0,0.0,0.0,Super Built up,high,under construction,ILD Greens,gurgaon,1.53
93.83,3.0,2.0,3.0,0.0,36.0,12.0,0.0,0.0,0.0,0.0,0.0,0.0,0.0,0.0,0.0,0.0,0.0,0.0,0.0,0.0,0.0,0.0,0.0,0.0,0.0,Carpet,low,new,Signature Global Park 4,gurgaon,1.7
210.61,3.0,3.0,1.0,1.0,109.0,10.0,0.0,0.0,0.0,0.0,0.0,0.0,0.0,0.0,0.0,4.0,0.0,0.0,0.0,0.0,0.0,0.0,0.0,0.0,0.0,Carpet,mid,new,Brisk Lumbini Terrace Homes,gurgaon,2.55
185.81,3.0,4.0,2.0,1.0,12.0,50.0,0.0,0.0,0.0,0.0,0.0,0.0,3.0,1.0,0.0,0.0,0.0,0.0,0.0,0.0,0.0,0.0,0.0,0.0,0.0,Built Up,low,old,Bhagwati Sadan,gurgaon,1.955
112.41,2.0,2.0,2.0,1.0,33.0,15.0,0.0,0.0,0.0,0.0,0.0,0.0,0.0,0.0,0.0,0.0,0.0,0.0,0.0,0.0,0.0,0.0,0.0,0.0,0.0,Super Built up,low,old,Central Park Flower Valley Cerise Floors,gurgaon,2.21
263.38,4.0,4.0,3.0,0.0,99.0,11.0,0.0,0.0,0.0,0.0,0.0,0.0,0.0,0.0,0.0,0.0,0.0,0.0,0.0,0.0,0.0,0.0,0.0,0.0,0.0,Built Up,low,under construction,Assotech Blith,gurgaon,3.23
163.51,3.0,4.0,3.0,0.0,,48.0,0.0,0.0,0.0,0.0,0.0,0.0,10.0,0.0,0.0,0.0,4.0,0.0,0.0,0.0,0.0,1.0,0.0,0.0,2.0,Carpet,low,under construction,Essel Towers,gurgaon,3.74
163.51,3.0,4.0,3.0,0.0,,48.0,0.0,0.0,0.0,0.0,0.0,0.0,10.0,0.0,0.0,0.0,4.0,0.0,0.0,0.0,0.0,1.0,0.0,0.0,2.0,Carpet,low,under construction,Essel Towers,gurgaon,3.74
445.93,6.0,7.0,3.0,1.0,70.0,10.0,0.0,0.0,0.0,0.0,0.0,0.0,0.0,0.0,0.0,0.0,0.0,0.0,0.0,0.0,0.0,0.0,0.0,0.0,0.0,Carpet,high,new,Tulip Ivory,gurgaon,8.5
125.42,2.0,2.0,3.0,1.0,84.0,3.0,0.0,0.0,0.0,0.0,0.0,0.0,0.0,0.0,0.0,0.0,0.0,0.0,0.0,0.0,0.0,0.0,0.0,0.0,0.0,Super Built up,high,new,Antriksh Heights,gurgaon,1.4449999999999998
167.23,4.0,3.0,3.0,1.0,55.0,42.0,1.0,0.0,0.0,0.0,0.0,0.0,13.0,0.0,0.0,0.0,3.0,0.0,0.0,0.0,0.0,1.0,0.0,0.0,0.0,Carpet,high,old,Sidhivinayak Apartments,gurgaon,3.23
111.48,2.0,2.0,3.0,1.0,10.0,49.0,0.0,0.0,0.0,0.0,0.0,0.0,0.0,0.0,0.0,0.0,0.0,0.0,0.0,0.0,0.0,0.0,0.0,0.0,0.0,Super Built up,high,new,Maxworth City Residences,gurgaon,1.53
152.55,3.0,3.0,3.0,1.0,63.0,6.0,0.0,0.0,0.0,0.0,0.0,0.0,0.0,0.0,0.0,0.0,0.0,0.0,0.0,0.0,0.0,0.0,0.0,0.0,0.0,Built Up,high,new,Dhoot Time Residency,gurgaon,5.1
76.55,2.0,2.0,2.0,0.0,,8.0,1.0,0.0,0.0,0.0,0.0,0.0,0.0,2.0,0.0,1.0,1.0,0.0,0.0,0.0,0.0,0.0,0.0,0.0,0.0,Carpet,low,old,Signature Global Park,gurgaon,1.156
97.55,2.0,2.0,0.0,0.0,,46.0,0.0,0.0,0.0,0.0,0.0,0.0,1.0,0.0,0.0,0.0,0.0,0.0,0.0,0.0,0.0,0.0,0.0,0.0,0.0,Carpet,mid,new,Samaspurkunj,gurgaon,0.935
132.2,3.0,3.0,3.0,1.0,89.0,9.0,0.0,0.0,0.0,0.0,0.0,0.0,0.0,0.0,0.0,0.0,0.0,0.0,0.0,0.0,0.0,0.0,0.0,0.0,0.0,Built Up,mid,mid aged,M3M Soulitude,gurgaon,2.261
126.91,2.0,2.0,3.0,0.0,107.0,6.0,0.0,0.0,0.0,0.0,0.0,0.0,0.0,0.0,0.0,0.0,0.0,0.0,0.0,0.0,0.0,0.0,0.0,0.0,0.0,Super Built up,high,new,M3M Woodshire,gurgaon,1.53
144.0,3.0,2.0,3.0,1.0,89.0,11.0,0.0,0.0,0.0,0.0,0.0,0.0,0.0,0.0,0.0,0.0,0.0,0.0,0.0,0.0,0.0,0.0,0.0,0.0,0.0,Super Built up,mid,old,Tulip Petals,gurgaon,2.635
92.72,2.0,2.0,2.0,0.0,92.0,8.0,0.0,0.0,0.0,0.0,0.0,0.0,0.0,0.0,0.0,0.0,0.0,0.0,0.0,0.0,0.0,0.0,0.0,0.0,0.0,Carpet,low,new,Sare Crescent Parc,gurgaon,0.833
60.02,2.0,2.0,1.0,1.0,92.0,4.0,0.0,0.0,0.0,0.0,0.0,0.0,0.0,0.0,0.0,0.0,0.0,0.0,0.0,0.0,0.0,0.0,0.0,0.0,0.0,Built Up,high,new,GLS Avenue 51,gurgaon,0.765
240.15,3.0,4.0,3.0,1.0,109.0,11.0,0.0,0.0,0.0,0.0,0.0,0.0,0.0,0.0,0.0,0.0,0.0,0.0,0.0,0.0,0.0,0.0,0.0,0.0,0.0,Super Built up,high,new,ATS Tourmaline,gurgaon,3.91
125.42,2.0,2.0,2.0,1.0,67.0,12.0,0.0,0.0,0.0,0.0,0.0,0.0,0.0,0.0,0.0,0.0,0.0,0.0,0.0,0.0,0.0,0.0,0.0,0.0,0.0,Carpet,high,new,Ireo The Corridors,gurgaon,2.55
124.49,2.0,2.0,2.0,0.0,77.0,10.0,0.0,0.0,0.0,0.0,0.0,0.0,0.0,0.0,0.0,0.0,0.0,0.0,0.0,0.0,0.0,0.0,0.0,0.0,0.0,Carpet,low,new,Umang Winter Hills,gurgaon,1.7
236.16,4.0,3.0,3.0,1.0,95.0,5.0,0.0,0.0,0.0,0.0,0.0,0.0,0.0,0.0,0.0,0.0,0.0,0.0,0.0,0.0,0.0,0.0,0.0,0.0,0.0,Carpet,high,new,Siddhartha Apartment,gurgaon,1.87
100.43,2.0,2.0,2.0,0.0,63.0,13.0,0.0,0.0,0.0,0.0,0.0,0.0,0.0,0.0,0.0,0.0,0.0,0.0,0.0,0.0,0.0,0.0,0.0,0.0,0.0,Super Built up,low,mid aged,Signature Global City 63A,gurgaon,2.805
83.61204013377927,3.0,3.0,3.0,0.0,88.0,7.0,0.0,0.0,0.0,0.0,1.0,0.0,0.0,0.0,0.0,0.0,0.0,1.0,0.0,0.0,0.0,0.0,0.0,0.0,0.0,Carpet,high,new,Godrej Oasis,gurgaon,4.505
33.62,1.0,2.0,2.0,0.0,103.0,11.0,0.0,0.0,0.0,0.0,0.0,0.0,0.0,1.0,0.0,0.0,0.0,0.0,0.0,0.0,0.0,0.0,0.0,0.0,0.0,Carpet,mid,new,Signature Global Grand IVA,gurgaon,0.51
93.83,2.0,2.0,3.0,1.0,92.0,10.0,0.0,0.0,0.0,0.0,0.0,0.0,0.0,0.0,0.0,0.0,0.0,0.0,0.0,0.0,0.0,0.0,0.0,0.0,0.0,Super Built up,low,new,Signature Global City 92,gurgaon,1.326
71.26,2.0,2.0,1.0,1.0,95.0,3.0,0.0,0.0,0.0,0.0,0.0,0.0,0.0,0.0,0.0,0.0,0.0,0.0,0.0,0.0,0.0,0.0,0.0,0.0,0.0,Super Built up,high,new,Ramsons Kshitij,gurgaon,0.561
138.61,2.0,2.0,2.0,0.0,33.0,7.0,0.0,0.0,0.0,0.0,0.0,0.0,0.0,0.0,0.0,0.0,0.0,0.0,0.0,0.0,0.0,0.0,0.0,0.0,0.0,Built Up,high,under construction,Eldeco Accolade,gurgaon,2.04
83.61,3.0,2.0,1.0,0.0,2.0,48.0,0.0,0.0,0.0,0.0,0.0,0.0,0.0,0.0,0.0,0.0,0.0,0.0,0.0,0.0,0.0,0.0,0.0,0.0,0.0,Carpet,low,new,om appartments,gurgaon,0.68
390.19,4.0,6.0,3.0,1.0,81.0,9.0,0.0,0.0,0.0,0.0,0.0,0.0,0.0,0.0,0.0,0.0,0.0,0.0,0.0,0.0,0.0,0.0,0.0,0.0,0.0,Super Built up,high,new,Bestech Park View Grand Spa,gurgaon,7.649999999999999
92.9,2.0,2.0,2.0,0.0,36.0,7.0,0.0,0.0,0.0,0.0,0.0,0.0,0.0,0.0,0.0,0.0,0.0,0.0,0.0,0.0,0.0,0.0,0.0,0.0,0.0,Super Built up,mid,new,AVL 36 Gurgaon,gurgaon,1.275
51.48,2.0,2.0,2.0,0.0,,14.0,0.0,0.0,0.0,0.0,0.0,0.0,0.0,0.0,0.0,0.0,0.0,0.0,0.0,0.0,0.0,0.0,0.0,0.0,0.0,Carpet,high,new,Breez Global Hill View,gurgaon,0.595
115.11,2.0,2.0,1.0,0.0,78.0,7.0,0.0,0.0,0.0,0.0,0.0,0.0,0.0,0.0,0.0,0.0,0.0,0.0,0.0,0.0,0.0,0.0,0.0,0.0,0.0,Built Up,mid,under construction,Umang Monsoon Breeze,gurgaon,1.275
451.23,4.0,6.0,3.0,1.0,112.0,8.0,0.0,0.0,0.0,0.0,0.0,0.0,0.0,0.0,0.0,0.0,0.0,0.0,0.0,0.0,0.0,0.0,0.0,0.0,0.0,Super Built up,high,old,Experion Windchants,gurgaon,9.52
181.72,4.0,3.0,3.0,0.0,92.0,11.0,0.0,0.0,0.0,0.0,0.0,0.0,0.0,0.0,0.0,0.0,0.0,0.0,0.0,0.0,0.0,0.0,0.0,0.0,0.0,Super Built up,mid,old,Sare Green ParC Phase 3,gurgaon,1.615
165.37,3.0,3.0,0.0,0.0,81.0,15.0,0.0,0.0,0.0,0.0,0.0,0.0,0.0,0.0,0.0,0.0,0.0,0.0,0.0,0.0,0.0,0.0,0.0,0.0,0.0,Built Up,mid,under construction,Lavanya Apartments,gurgaon,1.53
55.46,2.0,2.0,0.0,0.0,93.0,8.0,0.0,0.0,0.0,0.0,0.0,0.0,0.0,0.0,0.0,0.0,0.0,0.0,0.0,0.0,0.0,0.0,0.0,0.0,0.0,Built Up,high,under construction,Signature Global Orchard Avenue,gurgaon,1.4449999999999998
132.2,3.0,3.0,2.0,0.0,89.0,14.0,0.0,0.0,0.0,0.0,0.0,0.0,0.0,0.0,0.0,0.0,0.0,0.0,0.0,0.0,0.0,0.0,0.0,0.0,0.0,Built Up,low,under construction,Smart World Gems,gurgaon,2.04
278.43,4.0,4.0,3.0,1.0,5.0,3.0,0.0,0.0,0.0,0.0,0.0,0.0,0.0,0.0,0.0,0.0,0.0,0.0,0.0,0.0,0.0,0.0,0.0,0.0,0.0,Super Built up,high,old,DLF Royalton Tower,gurgaon,10.54
301.93,4.0,4.0,0.0,0.0,,45.0,0.0,0.0,0.0,0.0,0.0,0.0,10.0,0.0,0.0,0.0,7.0,0.0,0.0,0.0,0.0,1.0,0.0,0.0,0.0,Built Up,high,under construction,Unitech Heritage City,gurgaon,7.241999999999999
137.4,2.0,2.0,2.0,0.0,36.0,11.0,0.0,0.0,0.0,0.0,0.0,0.0,0.0,0.0,0.0,0.0,0.0,0.0,0.0,0.0,0.0,0.0,0.0,0.0,0.0,Built Up,high,under construction,Krisumi Waterfall Residences,gurgaon,3.91
222.97,3.0,3.0,3.0,0.0,63.0,12.0,0.0,0.0,0.0,0.0,0.0,0.0,0.0,0.0,0.0,0.0,0.0,0.0,0.0,0.0,0.0,0.0,0.0,0.0,0.0,Carpet,low,mid aged,Birla Navya,gurgaon,6.29
27.99,1.0,2.0,2.0,0.0,104.0,9.0,0.0,0.0,0.0,0.0,0.0,0.0,0.0,0.0,0.0,0.0,0.0,0.0,0.0,0.0,0.0,0.0,0.0,0.0,0.0,Carpet,low,new,Zara Aavaas,gurgaon,0.374
60.39,2.0,2.0,3.0,0.0,37.0,15.0,0.0,0.0,0.0,0.0,0.0,0.0,0.0,0.0,0.0,0.0,0.0,0.0,0.0,0.0,0.0,0.0,0.0,0.0,0.0,Super Built up,mid,new,Signature Global the Millennia,gurgaon,1.02
27.96,1.0,2.0,2.0,0.0,1.0,9.0,0.0,0.0,0.0,0.0,0.0,0.0,0.0,0.0,0.0,0.0,0.0,0.0,0.0,0.0,0.0,0.0,0.0,0.0,0.0,Carpet,low,new,Zara Aavaas,gurgaon,0.34
102.47,2.0,3.0,2.0,1.0,89.0,14.0,0.0,0.0,0.0,0.0,0.0,0.0,0.0,0.0,0.0,0.0,0.0,0.0,0.0,0.0,0.0,0.0,0.0,0.0,0.0,Carpet,mid,mid aged,Smart World Gems,gurgaon,1.462
148.64,3.0,4.0,3.0,1.0,92.0,8.0,0.0,0.0,0.0,0.0,0.0,0.0,0.0,0.0,0.0,0.0,0.0,0.0,0.0,0.0,0.0,0.0,0.0,0.0,0.0,Carpet,low,old,Apartment,gurgaon,1.275
288.0,4.0,5.0,3.0,1.0,48.0,43.0,0.0,0.0,0.0,0.0,0.0,0.0,1.0,0.0,0.0,0.0,0.0,0.0,0.0,0.0,0.0,0.0,0.0,0.0,0.0,Carpet,mid,new,Vipul World Floors,gurgaon,7.31
181.16,3.0,3.0,3.0,1.0,70.0,15.0,0.0,0.0,0.0,0.0,0.0,0.0,0.0,0.0,0.0,0.0,0.0,0.0,0.0,0.0,0.0,0.0,0.0,0.0,0.0,Super Built up,high,new,Shree Vardhman Victoria,gurgaon,3.23
163.51,3.0,4.0,3.0,1.0,,48.0,0.0,0.0,0.0,0.0,0.0,0.0,11.0,0.0,0.0,0.0,5.0,0.0,0.0,0.0,0.0,0.0,0.0,0.0,2.0,Carpet,low,old,Essel Tower,gurgaon,3.74
222.97,3.0,3.0,3.0,0.0,39.0,46.0,0.0,0.0,0.0,0.0,0.0,0.0,5.0,0.0,0.0,0.0,0.0,0.0,0.0,0.0,0.0,0.0,0.0,0.0,0.0,Built Up,low,under construction,Milan CGHS 9,gurgaon,3.4
78.97,1.0,1.0,1.0,0.0,,43.0,0.0,0.0,0.0,0.0,0.0,0.0,1.0,0.0,0.0,0.0,0.0,0.0,0.0,0.0,0.0,0.0,0.0,0.0,0.0,Built Up,high,under construction,Element One Service,gurgaon,1.7
69.68,3.0,3.0,1.0,0.0,92.0,4.0,0.0,0.0,0.0,0.0,0.0,0.0,0.0,0.0,0.0,0.0,0.0,0.0,0.0,0.0,0.0,0.0,0.0,0.0,0.0,Carpet,high,new,GLS Avenue 51,gurgaon,0.765
57.88,2.0,2.0,2.0,0.0,33.0,47.0,0.0,0.0,0.0,0.0,0.0,0.0,2.0,0.0,0.0,0.0,0.0,0.0,0.0,0.0,0.0,0.0,0.0,0.0,0.0,Built Up,mid,under construction,Breeze Global Heights,gurgaon,0.68
190.82,3.0,3.0,3.0,1.0,65.0,9.0,0.0,0.0,0.0,0.0,0.0,0.0,0.0,0.0,0.0,0.0,0.0,0.0,0.0,0.0,0.0,0.0,0.0,0.0,0.0,Carpet,high,mid aged,M3M Skycity,gurgaon,5.95
142.61,3.0,3.0,3.0,1.0,37.0,12.0,0.0,0.0,0.0,0.0,0.0,0.0,0.0,0.0,0.0,0.0,0.0,0.0,0.0,0.0,0.0,0.0,0.0,0.0,0.0,Built Up,low,new,Signature Global City 37D Ph 2,gurgaon,2.3120000000000003
119.19,2.0,3.0,3.0,1.0,108.0,9.0,0.0,0.0,0.0,0.0,0.0,0.0,0.0,0.0,0.0,0.0,0.0,0.0,0.0,0.0,0.0,0.0,0.0,0.0,0.0,Built Up,mid,new,Experion The Heartsong,gurgaon,1.734
88.26,2.0,2.0,2.0,0.0,,10.0,0.0,0.0,0.0,0.0,0.0,0.0,0.0,0.0,0.0,0.0,0.0,0.0,0.0,0.0,0.0,0.0,0.0,0.0,0.0,Super Built up,mid,new,Breez Global Heights,gurgaon,0.68
213.21,3.0,1.0,0.0,0.0,59.0,15.0,0.0,0.0,0.0,0.0,0.0,0.0,0.0,0.0,0.0,0.0,0.0,0.0,0.0,0.0,0.0,0.0,0.0,0.0,0.0,Built Up,low,under construction,Conscient Elevate,gurgaon,6.63
151.43,3.0,3.0,3.0,0.0,61.0,13.0,0.0,0.0,0.0,0.0,0.0,0.0,0.0,0.0,0.0,0.0,0.0,0.0,0.0,0.0,0.0,0.0,0.0,0.0,0.0,Built Up,low,mid aged,Smart World Orchard,gurgaon,4.097
175.03,3.0,3.0,2.0,0.0,33.0,11.0,0.0,0.0,0.0,0.0,0.0,0.0,0.0,0.0,0.0,0.0,0.0,0.0,0.0,0.0,0.0,0.0,0.0,0.0,0.0,Carpet,low,under construction,Central Park Flower Valley,gurgaon,4.25
169.83,3.0,3.0,2.0,0.0,65.0,11.0,0.0,0.0,0.0,0.0,0.0,0.0,0.0,0.0,0.0,0.0,0.0,0.0,0.0,0.0,0.0,0.0,0.0,0.0,0.0,Super Built up,mid,mid aged,M3M Heights,gurgaon,4.148
163.97,3.0,3.0,3.0,0.0,76.0,4.0,0.0,0.0,0.0,0.0,0.0,0.0,0.0,0.0,0.0,0.0,0.0,0.0,0.0,0.0,0.0,0.0,0.0,0.0,0.0,Super Built up,mid,new,Corona Gracieux,gurgaon,1.785
232.26,4.0,3.0,1.0,0.0,,33.0,1.0,0.0,0.0,0.0,0.0,0.0,1.0,0.0,0.0,0.0,0.0,0.0,0.0,0.0,0.0,0.0,0.0,0.0,0.0,Super Built up,low,new,Dlf City,gurgaon,3.434
31.6,1.0,1.0,1.0,0.0,,10.0,0.0,0.0,0.0,0.0,0.0,0.0,3.0,0.0,0.0,0.0,0.0,0.0,0.0,0.0,0.0,0.0,0.0,0.0,0.0,Carpet,high,new,MVN Athens,gurgaon,0.408
199.74,3.0,4.0,2.0,0.0,1.0,14.0,0.0,0.0,0.0,0.0,0.0,0.0,0.0,0.0,0.0,0.0,0.0,0.0,0.0,0.0,0.0,0.0,0.0,0.0,0.0,Super Built up,mid,mid aged,Silverglades Hightown Residences,gurgaon,7.14
114.74,2.0,2.0,2.0,1.0,63.0,13.0,0.0,0.0,0.0,0.0,0.0,0.0,0.0,0.0,0.0,0.0,0.0,0.0,0.0,0.0,0.0,0.0,0.0,0.0,0.0,Carpet,low,mid aged,Signature Global City 63A,gurgaon,2.38
52.86,2.0,2.0,2.0,0.0,95.0,12.0,0.0,0.0,0.0,0.0,0.0,0.0,0.0,0.0,0.0,0.0,0.0,0.0,0.0,0.0,0.0,0.0,0.0,0.0,0.0,Carpet,low,new,Signature The Roselia,gurgaon,0.765
103.12,2.0,2.0,3.0,1.0,89.0,14.0,0.0,0.0,0.0,0.0,0.0,0.0,0.0,0.0,0.0,0.0,0.0,0.0,0.0,0.0,0.0,0.0,0.0,0.0,0.0,Carpet,low,new,Smart World Gems,gurgaon,1.7
212.75,3.0,4.0,3.0,1.0,104.0,13.0,0.0,0.0,0.0,0.0,0.0,0.0,0.0,0.0,0.0,0.0,0.0,0.0,0.0,0.0,0.0,0.0,0.0,0.0,0.0,Super Built up,mid,new,ATS Triumph,gurgaon,3.4
125.42,2.0,2.0,2.0,0.0,,8.0,0.0,0.0,0.0,0.0,0.0,0.0,0.0,0.0,0.0,0.0,0.0,0.0,0.0,0.0,0.0,0.0,0.0,0.0,0.0,Built Up,mid,old,Silverglades The Melia,gurgaon,1.275
312.15,4.0,4.0,3.0,1.0,99.0,10.0,0.0,0.0,0.0,0.0,0.0,0.0,0.0,0.0,0.0,0.0,0.0,0.0,0.0,0.0,0.0,0.0,0.0,0.0,0.0,Super Built up,low,mid aged,Vatika Sovereign Park,gurgaon,5.525
135.36,2.0,2.0,3.0,1.0,,7.0,0.0,0.0,0.0,0.0,0.0,0.0,0.0,0.0,0.0,0.0,0.0,0.0,0.0,0.0,0.0,0.0,0.0,0.0,0.0,Super Built up,high,new,Eldeco Accolade,gurgaon,1.87
137.5,3.0,2.0,3.0,0.0,86.0,10.0,0.0,0.0,0.0,0.0,0.0,0.0,0.0,0.0,0.0,0.0,0.0,0.0,0.0,0.0,0.0,0.0,0.0,0.0,0.0,Built Up,high,new,Microtek Greenburg,gurgaon,2.465
299.61,4.0,4.0,0.0,0.0,99.0,10.0,0.0,0.0,0.0,0.0,0.0,0.0,0.0,0.0,0.0,0.0,0.0,0.0,0.0,0.0,0.0,0.0,0.0,0.0,0.0,Built Up,mid,mid aged,Vatika Sovereign Park,gurgaon,5.44
50.5,2.0,2.0,2.0,0.0,93.0,8.0,0.0,0.0,0.0,0.0,0.0,0.0,0.0,0.0,0.0,0.0,0.0,0.0,0.0,0.0,0.0,0.0,0.0,0.0,0.0,Carpet,high,new,Signature Global Orchard Avenue,gurgaon,0.68
102.47,2.0,2.0,2.0,1.0,89.0,14.0,0.0,0.0,0.0,0.0,0.0,0.0,0.0,0.0,0.0,0.0,0.0,0.0,0.0,0.0,0.0,0.0,0.0,0.0,0.0,Carpet,mid,old,Smart World Gems,gurgaon,1.615
172.06,3.0,3.0,3.0,0.0,102.0,13.0,0.0,0.0,0.0,0.0,0.0,0.0,0.0,0.0,0.0,0.0,0.0,0.0,0.0,0.0,0.0,0.0,0.0,0.0,0.0,Super Built up,high,new,Shapoorji Pallonji Joyville Gurugram,gurgaon,3.604
167.69,3.0,4.0,2.0,0.0,93.0,9.0,0.0,0.0,0.0,0.0,0.0,0.0,0.0,0.0,0.0,0.0,0.0,0.0,0.0,0.0,0.0,0.0,0.0,0.0,0.0,Super Built up,high,new,Spaze Privvy The Address,gurgaon,2.465
102.19,2.0,2.0,2.0,0.0,69.0,42.0,0.0,0.0,0.0,0.0,0.0,0.0,10.0,0.0,0.0,0.0,0.0,0.0,0.0,0.0,0.0,0.0,1.0,0.0,0.0,Built Up,mid,old,Surendra Avenue 69,gurgaon,1.275
219.81,3.0,4.0,3.0,1.0,79.0,10.0,0.0,0.0,0.0,0.0,0.0,0.0,0.0,0.0,0.0,0.0,0.0,0.0,0.0,0.0,0.0,0.0,0.0,0.0,0.0,Carpet,low,new,Godrej 101,gurgaon,3.4
242.11,5.0,5.0,3.0,1.0,82.0,7.0,0.0,0.0,0.0,0.0,0.0,0.0,0.0,0.0,0.0,0.0,0.0,0.0,0.0,0.0,0.0,0.0,0.0,0.0,0.0,Carpet,high,new,DLF The Primus,gurgaon,5.95
106.84,2.0,2.0,2.0,0.0,4.0,45.0,0.0,0.0,0.0,0.0,0.0,0.0,5.0,0.0,0.0,0.0,3.0,0.0,1.0,0.0,0.0,0.0,0.0,0.0,2.0,Carpet,high,new,DLF Regency Park 1,gurgaon,3.247
164.44,3.0,3.0,3.0,0.0,37.0,15.0,0.0,0.0,0.0,0.0,0.0,0.0,0.0,0.0,0.0,0.0,0.0,0.0,0.0,0.0,0.0,0.0,0.0,0.0,0.0,Super Built up,high,old,Ramprastha The Edge Towers,gurgaon,1.7
60.39,3.0,3.0,3.0,0.0,33.0,11.0,0.0,0.0,0.0,0.0,0.0,0.0,0.0,0.0,0.0,0.0,0.0,0.0,0.0,0.0,0.0,0.0,0.0,0.0,0.0,Super Built up,low,mid aged,Central Park Flower Valley,gurgaon,2.38
52.68,2.0,2.0,2.0,0.0,,6.0,0.0,0.0,0.0,0.0,0.0,0.0,0.0,0.0,0.0,0.0,0.0,0.0,0.0,0.0,0.0,0.0,0.0,0.0,0.0,Super Built up,mid,new,GLS Arawali Homes,gurgaon,0.595
83.61204013377927,2.0,2.0,3.0,1.0,104.0,15.0,0.0,0.0,0.0,0.0,0.0,0.0,0.0,0.0,0.0,0.0,0.0,0.0,0.0,0.0,0.0,0.0,0.0,0.0,0.0,Carpet,high,new,Godrej Summit,gurgaon,1.394
118.45,2.0,2.0,2.0,0.0,,13.0,0.0,0.0,0.0,0.0,0.0,0.0,0.0,1.0,0.0,0.0,0.0,0.0,0.0,0.0,0.0,0.0,0.0,0.0,0.0,Super Built up,high,new,Ashiana Anmol,gurgaon,1.496
126.16,2.0,2.0,2.0,0.0,65.0,11.0,0.0,0.0,0.0,0.0,0.0,0.0,0.0,0.0,0.0,0.0,0.0,0.0,0.0,0.0,0.0,0.0,0.0,0.0,0.0,Built Up,high,under construction,M3M Heights,gurgaon,3.23
44.75,2.0,2.0,1.0,0.0,,10.0,0.0,0.0,0.0,0.0,0.0,0.0,3.0,0.0,0.0,0.0,0.0,0.0,0.0,0.0,0.0,0.0,0.0,0.0,0.0,Carpet,mid,new,MVN Athens,gurgaon,0.442
53.51,2.0,2.0,2.0,0.0,,6.0,0.0,0.0,0.0,0.0,0.0,0.0,0.0,0.0,0.0,0.0,0.0,0.0,0.0,0.0,0.0,0.0,0.0,0.0,0.0,Carpet,low,new,GLS Arawali Homes,gurgaon,0.459
99.87,2.0,2.0,2.0,1.0,81.0,6.0,0.0,0.0,0.0,0.0,0.0,0.0,0.0,0.0,0.0,0.0,0.0,0.0,0.0,0.0,0.0,0.0,0.0,0.0,0.0,Carpet,low,mid aged,Signature Global City 81,gurgaon,1.513
65.03,4.0,5.0,3.0,0.0,24.0,41.0,0.0,0.0,0.0,0.0,0.0,0.0,11.0,0.0,0.0,0.0,6.0,0.0,0.0,0.0,0.0,0.0,0.0,0.0,0.0,Built Up,low,under construction,Ambience Caitriona,gurgaon,23.8
157.01,3.0,3.0,2.0,0.0,86.0,4.0,0.0,0.0,0.0,0.0,0.0,0.0,0.0,0.0,0.0,0.0,0.0,0.0,0.0,0.0,0.0,0.0,0.0,0.0,0.0,Built Up,high,new,Ansal Heights 86,gurgaon,1.53
184.88,3.0,3.0,3.0,0.0,37.0,15.0,0.0,0.0,0.0,0.0,0.0,0.0,0.0,0.0,0.0,0.0,0.0,0.0,0.0,0.0,0.0,0.0,0.0,0.0,0.0,Built Up,high,under construction,Ramprastha The Edge Towers,gurgaon,1.87
99.13,2.0,2.0,2.0,1.0,89.0,14.0,0.0,0.0,0.0,0.0,0.0,0.0,0.0,0.0,0.0,0.0,0.0,0.0,0.0,0.0,0.0,0.0,0.0,0.0,0.0,Super Built up,low,mid aged,Smart World Gems,gurgaon,1.615
64.1,2.0,2.0,1.0,0.0,90.0,15.0,0.0,0.0,0.0,0.0,0.0,0.0,0.0,1.0,0.0,0.0,0.0,0.0,0.0,0.0,0.0,0.0,0.0,0.0,0.0,Carpet,high,new,Green Court,gurgaon,0.7989999999999999
42.5,2.0,2.0,1.0,0.0,,10.0,0.0,0.0,0.0,0.0,0.0,0.0,3.0,0.0,0.0,0.0,0.0,0.0,0.0,0.0,0.0,0.0,0.0,0.0,0.0,Carpet,high,new,MVN Athens,gurgaon,0.459
142.14,2.0,2.0,3.0,1.0,79.0,3.0,0.0,0.0,0.0,0.0,0.0,0.0,0.0,0.0,0.0,0.0,0.0,0.0,0.0,0.0,0.0,0.0,0.0,0.0,0.0,Super Built up,mid,new,Supertech Araville,gurgaon,1.615
202.16,3.0,3.0,3.0,1.0,78.0,7.0,0.0,0.0,0.0,0.0,0.0,0.0,0.0,0.0,0.0,0.0,0.0,0.0,0.0,0.0,0.0,0.0,0.0,0.0,0.0,Super Built up,high,old,Umang Monsoon Breeze,gurgaon,1.955
148.92,3.0,3.0,3.0,0.0,37.0,9.0,0.0,0.0,0.0,0.0,0.0,0.0,0.0,0.0,0.0,0.0,0.0,0.0,0.0,0.0,0.0,0.0,0.0,0.0,0.0,Super Built up,high,under construction,ILD Greens,gurgaon,1.53
210.61,3.0,3.0,1.0,1.0,109.0,10.0,0.0,0.0,0.0,0.0,0.0,0.0,0.0,0.0,0.0,4.0,0.0,0.0,0.0,0.0,0.0,0.0,0.0,0.0,0.0,Carpet,mid,new,Brisk Lumbini Terrace Homes,gurgaon,2.55
185.81,3.0,4.0,2.0,1.0,12.0,50.0,0.0,0.0,0.0,0.0,0.0,0.0,3.0,1.0,0.0,0.0,0.0,0.0,0.0,0.0,0.0,0.0,0.0,0.0,0.0,Built Up,low,old,Bhagwati Sadan,gurgaon,1.955
263.38,4.0,4.0,3.0,0.0,99.0,11.0,0.0,0.0,0.0,0.0,0.0,0.0,0.0,0.0,0.0,0.0,0.0,0.0,0.0,0.0,0.0,0.0,0.0,0.0,0.0,Built Up,low,under construction,Assotech Blith,gurgaon,3.23
163.51,3.0,4.0,3.0,0.0,,48.0,0.0,0.0,0.0,0.0,0.0,0.0,10.0,0.0,0.0,0.0,4.0,0.0,0.0,0.0,0.0,1.0,0.0,0.0,2.0,Carpet,low,under construction,Essel Towers,gurgaon,3.74
163.51,3.0,4.0,3.0,0.0,,48.0,0.0,0.0,0.0,0.0,0.0,0.0,10.0,0.0,0.0,0.0,4.0,0.0,0.0,0.0,0.0,1.0,0.0,0.0,2.0,Carpet,low,under construction,Essel Towers,gurgaon,3.74
445.93,6.0,7.0,3.0,1.0,70.0,10.0,0.0,0.0,0.0,0.0,0.0,0.0,0.0,0.0,0.0,0.0,0.0,0.0,0.0,0.0,0.0,0.0,0.0,0.0,0.0,Carpet,high,new,Tulip Ivory,gurgaon,8.5
125.42,2.0,2.0,3.0,1.0,84.0,3.0,0.0,0.0,0.0,0.0,0.0,0.0,0.0,0.0,0.0,0.0,0.0,0.0,0.0,0.0,0.0,0.0,0.0,0.0,0.0,Super Built up,high,new,Antriksh Heights,gurgaon,1.4449999999999998
167.23,4.0,3.0,3.0,1.0,55.0,42.0,1.0,0.0,0.0,0.0,0.0,0.0,13.0,0.0,0.0,0.0,3.0,0.0,0.0,0.0,0.0,1.0,0.0,0.0,0.0,Carpet,high,old,Sidhivinayak Apartments,gurgaon,3.23
197.42,3.0,4.0,3.0,1.0,70.0,7.0,0.0,0.0,0.0,0.0,0.0,0.0,0.0,0.0,0.0,0.0,0.0,0.0,0.0,0.0,0.0,0.0,0.0,0.0,0.0,Super Built up,high,new,Krrish Florence Estate,gurgaon,2.805
146.69,3.0,3.0,2.0,0.0,113.0,8.0,0.0,0.0,0.0,0.0,0.0,0.0,0.0,0.0,0.0,0.0,0.0,0.0,0.0,0.0,0.0,0.0,0.0,0.0,0.0,Super Built up,high,mid aged,La Vida by Tata Housing,gurgaon,3.281
111.48,2.0,2.0,2.0,0.0,71.0,15.0,0.0,0.0,0.0,0.0,0.0,0.0,0.0,0.0,0.0,0.0,0.0,0.0,0.0,0.0,0.0,0.0,0.0,0.0,0.0,Super Built up,mid,old,CHD Avenue 71,gurgaon,1.394
43.48,2.0,2.0,2.0,0.0,,6.0,0.0,0.0,0.0,0.0,0.0,0.0,0.0,0.0,0.0,0.0,0.0,0.0,0.0,0.0,0.0,0.0,0.0,0.0,0.0,Carpet,low,new,GLS Arawali Homes,gurgaon,0.476
44.97,1.0,1.0,0.0,0.0,,13.0,0.0,0.0,0.0,0.0,0.0,0.0,0.0,0.0,0.0,0.0,0.0,0.0,0.0,0.0,0.0,0.0,0.0,0.0,0.0,Built Up,low,under construction,Trisara Our Homes 3,gurgaon,0.357
106.84,2.0,2.0,2.0,1.0,61.0,9.0,0.0,0.0,0.0,0.0,0.0,0.0,0.0,0.0,0.0,0.0,0.0,0.0,0.0,0.0,0.0,0.0,0.0,0.0,0.0,Carpet,low,mid aged,Smart World Orchard,gurgaon,2.72
116.13,3.0,3.0,3.0,0.0,37.0,10.0,0.0,0.0,0.0,0.0,0.0,0.0,0.0,0.0,0.0,0.0,0.0,0.0,0.0,0.0,0.0,0.0,0.0,0.0,0.0,Carpet,low,mid aged,Signature Global City,gurgaon,1.87
213.49,4.0,4.0,3.0,1.0,113.0,8.0,0.0,0.0,0.0,0.0,0.0,0.0,0.0,1.0,0.0,0.0,0.0,0.0,0.0,0.0,0.0,0.0,0.0,0.0,0.0,Carpet,high,new,M3M Capital,gurgaon,5.525
132.2,2.0,2.0,3.0,0.0,103.0,15.0,0.0,0.0,0.0,0.0,0.0,0.0,0.0,0.0,0.0,0.0,0.0,0.0,0.0,0.0,0.0,0.0,0.0,0.0,0.0,Super Built up,low,old,Indiabulls Centrum Park,gurgaon,2.04
55.93,2.0,2.0,2.0,0.0,,13.0,0.0,0.0,0.0,0.0,0.0,0.0,0.0,0.0,0.0,0.0,0.0,0.0,0.0,0.0,0.0,0.0,0.0,0.0,0.0,Built Up,low,under construction,Trisara Our Homes 3,gurgaon,0.646
143.91,3.0,3.0,3.0,1.0,61.0,9.0,0.0,0.0,0.0,0.0,0.0,0.0,0.0,0.0,0.0,0.0,0.0,0.0,0.0,0.0,0.0,0.0,0.0,0.0,0.0,Super Built up,low,old,Smart World Orchard,gurgaon,4.165
102.47,2.0,2.0,2.0,1.0,89.0,14.0,0.0,0.0,0.0,0.0,0.0,0.0,0.0,0.0,0.0,0.0,0.0,0.0,0.0,0.0,0.0,0.0,0.0,0.0,0.0,Carpet,low,mid aged,Smart World Gems,gurgaon,1.4449999999999998
273.13,4.0,5.0,2.0,1.0,5.0,3.0,0.0,0.0,0.0,0.0,0.0,0.0,0.0,0.0,0.0,0.0,0.0,0.0,0.0,0.0,0.0,0.0,0.0,0.0,0.0,Super Built up,high,new,DLF Royalton Tower,gurgaon,11.05
60.39,2.0,2.0,1.0,0.0,2.0,48.0,0.0,0.0,0.0,0.0,0.0,0.0,0.0,0.0,0.0,0.0,0.0,0.0,0.0,0.0,0.0,0.0,0.0,0.0,0.0,Super Built up,low,new,Ashok vihar phase 2,gurgaon,0.476
145.39,3.0,3.0,0.0,0.0,70.0,4.0,0.0,0.0,0.0,0.0,0.0,0.0,0.0,0.0,0.0,0.0,0.0,0.0,0.0,0.0,0.0,0.0,0.0,0.0,0.0,Built Up,mid,under construction,Unitech Vistas,gurgaon,15.3
185.81,4.0,4.0,3.0,0.0,,15.0,0.0,0.0,0.0,0.0,0.0,0.0,1.0,0.0,0.0,0.0,0.0,0.0,0.0,0.0,0.0,0.0,0.0,0.0,0.0,Super Built up,high,old,Valley View Estate,gurgaon,2.55
141.12,2.0,2.0,2.0,1.0,79.0,3.0,0.0,0.0,0.0,0.0,0.0,0.0,0.0,0.0,0.0,0.0,0.0,0.0,0.0,0.0,0.0,0.0,0.0,0.0,0.0,Carpet,high,new,Supertech Araville,gurgaon,1.36
194.45,4.0,3.0,3.0,1.0,92.0,8.0,0.0,0.0,0.0,0.0,0.0,0.0,0.0,0.0,0.0,0.0,0.0,0.0,0.0,0.0,0.0,0.0,0.0,0.0,0.0,Built Up,high,under construction,Sare Petioles,gurgaon,2.074
66.52,2.0,2.0,2.0,0.0,90.0,9.0,1.0,0.0,0.0,0.0,0.0,0.0,0.0,0.0,0.0,0.0,0.0,0.0,0.0,0.0,0.0,0.0,0.0,0.0,0.0,Carpet,low,mid aged,MRG World Ultimus,gurgaon,0.85
126.81,2.0,2.0,3.0,0.0,99.0,11.0,0.0,0.0,0.0,0.0,0.0,0.0,0.0,0.0,0.0,0.0,0.0,0.0,0.0,0.0,0.0,0.0,0.0,0.0,0.0,Super Built up,high,mid aged,Assotech Blith,gurgaon,1.564
120.31,2.0,2.0,3.0,1.0,79.0,3.0,0.0,0.0,0.0,0.0,0.0,0.0,0.0,0.0,0.0,0.0,0.0,0.0,0.0,0.0,0.0,0.0,0.0,0.0,0.0,Super Built up,high,new,Supertech Araville,gurgaon,1.224
126.44,2.0,2.0,3.0,0.0,103.0,18.0,1.0,0.0,0.0,0.0,0.0,0.0,4.0,0.0,0.0,4.0,0.0,0.0,0.0,0.0,0.0,0.0,0.0,0.0,0.0,Super Built up,low,new,Ansal Housing Highland Park,gurgaon,1.496
140.28,4.0,3.0,3.0,1.0,106.0,11.0,0.0,0.0,0.0,0.0,0.0,0.0,0.0,0.0,0.0,0.0,0.0,0.0,0.0,0.0,0.0,0.0,0.0,0.0,0.0,Carpet,high,old,Paras Dews,gurgaon,2.295
182.09,3.0,4.0,3.0,0.0,82.0,11.0,0.0,0.0,0.0,0.0,0.0,0.0,0.0,0.0,0.0,0.0,0.0,0.0,0.0,0.0,0.0,0.0,0.0,0.0,0.0,Super Built up,high,mid aged,Mapsko Casa Bella,gurgaon,2.125
92.62,2.0,2.0,2.0,0.0,47.0,45.0,0.0,0.0,0.0,0.0,0.0,0.0,1.0,0.0,0.0,0.0,0.0,0.0,0.0,0.0,0.0,0.0,0.0,0.0,0.0,Carpet,low,new,Unitech Uniworld Gardens 2,gurgaon,1.785
121.7,2.0,2.0,3.0,0.0,37.0,6.0,0.0,0.0,0.0,0.0,0.0,0.0,0.0,0.0,0.0,0.0,0.0,0.0,0.0,0.0,0.0,0.0,0.0,0.0,0.0,Built Up,high,under construction,ILD Grand,gurgaon,1.122
101.73,2.0,2.0,2.0,1.0,70.0,4.0,0.0,0.0,0.0,0.0,0.0,0.0,0.0,0.0,0.0,0.0,0.0,0.0,0.0,0.0,0.0,0.0,0.0,0.0,0.0,Super Built up,high,mid aged,Unitech Vistas,gurgaon,0.901
128.21,2.0,2.0,3.0,0.0,37.0,15.0,0.0,0.0,0.0,0.0,0.0,0.0,0.0,0.0,0.0,0.0,0.0,0.0,0.0,0.0,0.0,0.0,0.0,0.0,0.0,Super Built up,low,new,Ramprastha The Edge Towers,gurgaon,1.36
132.2,3.0,2.0,0.0,0.0,89.0,14.0,0.0,0.0,0.0,0.0,0.0,0.0,0.0,0.0,0.0,0.0,0.0,0.0,0.0,0.0,0.0,0.0,0.0,0.0,0.0,Built Up,low,under construction,Smart World Gems,gurgaon,2.907
65.03,1.0,1.0,0.0,0.0,83.0,10.0,0.0,0.0,0.0,0.0,0.0,0.0,0.0,0.0,0.0,0.0,0.0,0.0,0.0,0.0,0.0,0.0,0.0,0.0,0.0,Built Up,mid,under construction,Sapphire Eighty Three,gurgaon,1.105
185.53,3.0,3.0,0.0,0.0,99.0,15.0,0.0,0.0,0.0,0.0,0.0,0.0,0.0,0.0,0.0,0.0,0.0,0.0,0.0,0.0,0.0,0.0,0.0,0.0,0.0,Built Up,high,under construction,Pareena Coban Residences,gurgaon,2.21
128.39,3.0,3.0,3.0,0.0,54.0,47.0,1.0,0.0,0.0,0.0,0.0,0.0,13.0,0.0,0.0,0.0,4.0,0.0,0.0,0.0,0.0,1.0,0.0,0.0,0.0,Built Up,low,under construction,DLF The Grove,gurgaon,9.69
311.23,4.0,4.0,3.0,0.0,110.0,15.0,0.0,0.0,0.0,0.0,0.0,0.0,0.0,0.0,0.0,0.0,0.0,0.0,0.0,0.0,0.0,0.0,0.0,0.0,0.0,Built Up,high,new,Indiabulls Enigma,gurgaon,6.8
169.83,3.0,3.0,0.0,0.0,65.0,9.0,0.0,0.0,0.0,0.0,0.0,0.0,0.0,0.0,0.0,0.0,0.0,0.0,0.0,0.0,0.0,0.0,0.0,0.0,0.0,Built Up,high,under construction,M3M Skycity,gurgaon,4.76
55.74,1.0,1.0,2.0,0.0,56.0,47.0,1.0,0.0,0.0,0.0,0.0,0.0,13.0,0.0,0.0,0.0,4.0,0.0,0.0,0.0,0.0,1.0,0.0,0.0,0.0,Carpet,low,under construction,Sobha Smriti Apartments,gurgaon,0.85
76.37,2.0,2.0,3.0,0.0,,8.0,1.0,0.0,0.0,0.0,0.0,0.0,0.0,2.0,0.0,1.0,1.0,0.0,0.0,0.0,0.0,0.0,0.0,0.0,0.0,Built Up,low,new,Signature Global Park,gurgaon,1.105
132.85,2.0,2.0,3.0,0.0,37.0,9.0,0.0,0.0,0.0,0.0,0.0,0.0,0.0,0.0,0.0,0.0,0.0,0.0,0.0,0.0,0.0,0.0,0.0,0.0,0.0,Built Up,high,under construction,ILD Greens,gurgaon,1.275
161.19,3.0,3.0,3.0,0.0,77.0,10.0,0.0,0.0,0.0,0.0,0.0,0.0,0.0,0.0,0.0,0.0,0.0,0.0,0.0,0.0,0.0,0.0,0.0,0.0,0.0,Built Up,high,under construction,Umang Winter Hills,gurgaon,2.38
181.16,3.0,4.0,3.0,1.0,70.0,15.0,0.0,0.0,0.0,0.0,0.0,0.0,0.0,0.0,0.0,0.0,0.0,0.0,0.0,0.0,0.0,0.0,0.0,0.0,0.0,Super Built up,low,new,Shree Vardhman Victoria,gurgaon,3.06
92.9,2.0,2.0,3.0,0.0,33.0,8.0,0.0,0.0,0.0,0.0,0.0,0.0,0.0,0.0,0.0,0.0,0.0,0.0,0.0,0.0,0.0,0.0,0.0,0.0,0.0,Carpet,low,mid aged,Godrej Nature Plus,gurgaon,2.04
126.81,2.0,2.0,3.0,0.0,103.0,15.0,0.0,0.0,0.0,0.0,0.0,0.0,0.0,0.0,0.0,0.0,0.0,0.0,0.0,0.0,0.0,0.0,0.0,0.0,0.0,Built Up,low,new,Indiabulls Centrum Park,gurgaon,1.785
123.19,3.0,2.0,2.0,0.0,92.0,8.0,0.0,0.0,0.0,0.0,0.0,0.0,0.0,0.0,0.0,0.0,0.0,0.0,0.0,0.0,0.0,0.0,0.0,0.0,0.0,Carpet,high,new,Sare Crescent Parc,gurgaon,1.122
212.75,3.0,3.0,3.0,1.0,104.0,13.0,0.0,0.0,0.0,0.0,0.0,0.0,0.0,0.0,0.0,0.0,0.0,0.0,0.0,0.0,0.0,0.0,0.0,0.0,0.0,Carpet,low,new,ATS Triumph,gurgaon,3.315
102.47,2.0,2.0,2.0,1.0,89.0,14.0,0.0,0.0,0.0,0.0,0.0,0.0,0.0,0.0,0.0,0.0,0.0,0.0,0.0,0.0,0.0,0.0,0.0,0.0,0.0,Super Built up,low,old,Smart World Gems,gurgaon,1.53
68.84,2.0,2.0,2.0,0.0,76.0,6.0,0.0,0.0,0.0,0.0,0.0,0.0,0.0,0.0,0.0,0.0,0.0,0.0,0.0,0.0,0.0,0.0,0.0,0.0,0.0,Carpet,high,under construction,Suncity Avenue 76,gurgaon,0.935
146.04,3.0,3.0,0.0,0.0,92.0,14.0,1.0,0.0,0.0,0.0,0.0,0.0,0.0,1.0,0.0,0.0,0.0,1.0,0.0,0.0,0.0,0.0,0.0,0.0,0.0,Built Up,mid,under construction,Raheja Sampada,gurgaon,1.19
52.68,2.0,2.0,0.0,0.0,,6.0,0.0,0.0,0.0,0.0,0.0,0.0,0.0,0.0,0.0,0.0,0.0,0.0,0.0,0.0,0.0,0.0,0.0,0.0,0.0,Built Up,high,under construction,GLS Arawali Homes,gurgaon,0.51
172.15,3.0,3.0,3.0,0.0,78.0,7.0,0.0,0.0,0.0,0.0,0.0,0.0,0.0,0.0,0.0,0.0,0.0,0.0,0.0,0.0,0.0,0.0,0.0,0.0,0.0,Built Up,mid,old,Umang Monsoon Breeze,gurgaon,1.785
167.23,3.0,4.0,3.0,1.0,22.0,14.0,0.0,0.0,0.0,0.0,0.0,0.0,0.0,0.0,0.0,0.0,0.0,0.0,0.0,0.0,0.0,0.0,0.0,0.0,0.0,Carpet,high,old,Ambience Creacions,gurgaon,5.95
197.79,3.0,3.0,3.0,1.0,85.0,8.0,0.0,0.0,0.0,0.0,0.0,0.0,0.0,0.0,0.0,0.0,0.0,0.0,0.0,0.0,0.0,0.0,0.0,0.0,0.0,Built Up,high,mid aged,Godrej Air,gurgaon,4.42
161.09,4.0,4.0,3.0,0.0,92.0,8.0,0.0,0.0,0.0,0.0,0.0,0.0,0.0,0.0,0.0,1.0,0.0,0.0,0.0,0.0,0.0,0.0,0.0,0.0,0.0,Built Up,low,new,Sare Crescent Parc Royal Greens Phase 1,gurgaon,1.275
62.34,1.0,2.0,2.0,0.0,49.0,15.0,0.0,0.0,0.0,0.0,1.0,0.0,0.0,0.0,0.0,0.0,0.0,0.0,0.0,0.0,0.0,0.0,0.0,0.0,0.0,Carpet,low,under construction,Satya Element One,gurgaon,1.598
125.6,2.0,2.0,3.0,1.0,90.0,10.0,0.0,0.0,0.0,0.0,0.0,0.0,0.0,0.0,0.0,0.0,0.0,0.0,0.0,0.0,0.0,0.0,0.0,0.0,0.0,Super Built up,high,new,Shree Vardhman Flora,gurgaon,1.19
113.71,2.0,2.0,2.0,0.0,78.0,7.0,0.0,0.0,0.0,0.0,0.0,0.0,0.0,0.0,0.0,0.0,0.0,0.0,0.0,0.0,0.0,0.0,0.0,0.0,0.0,Built Up,mid,under construction,Umang Monsoon Breeze,gurgaon,1.19
180.23,3.0,3.0,3.0,1.0,,10.0,1.0,0.0,0.0,0.0,0.0,0.0,0.0,0.0,0.0,4.0,0.0,0.0,0.0,0.0,0.0,0.0,0.0,0.0,0.0,Built Up,mid,under construction,Ansals Highland Park,gurgaon,2.04
50.73,2.0,2.0,2.0,1.0,81.0,6.0,0.0,0.0,0.0,0.0,0.0,0.0,0.0,0.0,0.0,0.0,0.0,0.0,0.0,0.0,0.0,0.0,0.0,0.0,0.0,Carpet,mid,mid aged,Signature Global City 81,gurgaon,1.36
134.15,2.0,2.0,3.0,0.0,3.0,11.0,0.0,0.0,0.0,0.0,0.0,0.0,0.0,0.0,0.0,0.0,0.0,0.0,0.0,0.0,0.0,0.0,0.0,0.0,0.0,Super Built up,high,mid aged,Godrej Habitat,gurgaon,2.04
44.75,2.0,2.0,1.0,1.0,,10.0,0.0,0.0,0.0,0.0,0.0,0.0,3.0,0.0,0.0,0.0,0.0,0.0,0.0,0.0,0.0,0.0,0.0,0.0,0.0,Carpet,high,new,MVN Athens,gurgaon,0.425
139.35,3.0,3.0,3.0,1.0,90.0,10.0,0.0,0.0,0.0,0.0,0.0,0.0,0.0,0.0,0.0,0.0,0.0,0.0,0.0,0.0,0.0,0.0,0.0,0.0,0.0,Carpet,high,new,Shree Vardhman Flora,gurgaon,1.615
91.04,2.0,2.0,1.0,1.0,95.0,3.0,0.0,0.0,0.0,0.0,0.0,0.0,0.0,0.0,0.0,0.0,0.0,0.0,0.0,0.0,0.0,0.0,0.0,0.0,0.0,Super Built up,low,new,Ramsons Kshitij,gurgaon,0.765
153.29,4.0,3.0,3.0,0.0,9.0,50.0,1.0,0.0,0.0,0.0,0.0,0.0,5.0,0.0,0.0,1.0,0.0,0.0,0.0,0.0,0.0,0.0,0.0,0.0,0.0,Carpet,high,new,Oriental Valley CHS,gurgaon,2.55
36.6,1.0,1.0,1.0,0.0,,10.0,0.0,0.0,0.0,0.0,0.0,0.0,0.0,0.0,0.0,0.0,0.0,0.0,0.0,0.0,0.0,0.0,0.0,0.0,0.0,Carpet,mid,new,Breez Global Heights,gurgaon,0.442
197.42,3.0,3.0,0.0,1.0,48.0,45.0,0.0,0.0,0.0,0.0,0.0,0.0,10.0,0.0,0.0,0.0,0.0,0.0,0.0,0.0,0.0,0.0,1.0,0.0,0.0,Super Built up,high,new,Parsvnath Green Ville,gurgaon,3.4
83.61,2.0,2.0,1.0,0.0,,48.0,1.0,0.0,0.0,0.0,0.0,0.0,1.0,0.0,0.0,0.0,0.0,0.0,0.0,0.0,0.0,0.0,0.0,0.0,0.0,Carpet,low,new,Shri Ram Apartments,gurgaon,0.782
158.31,4.0,4.0,3.0,0.0,92.0,8.0,0.0,0.0,0.0,0.0,0.0,0.0,0.0,0.0,0.0,0.0,0.0,0.0,0.0,0.0,0.0,0.0,0.0,0.0,0.0,Carpet,low,old,Sare Homes,gurgaon,1.36
125.42,2.0,2.0,3.0,1.0,,8.0,0.0,0.0,0.0,0.0,0.0,0.0,0.0,0.0,0.0,0.0,0.0,0.0,0.0,0.0,0.0,0.0,0.0,0.0,0.0,Super Built up,high,under construction,Silverglades The Melia,gurgaon,1.326
133.82,3.0,3.0,3.0,0.0,92.0,8.0,0.0,0.0,0.0,0.0,0.0,0.0,0.0,0.0,0.0,0.0,0.0,0.0,0.0,0.0,0.0,0.0,0.0,0.0,0.0,Super Built up,low,old,Sare Crescent Parc Royal Greens Phase 1,gurgaon,1.105
48.77,1.0,1.0,1.0,0.0,56.0,47.0,1.0,0.0,0.0,0.0,0.0,0.0,13.0,0.0,0.0,0.0,4.0,0.0,0.0,0.0,0.0,1.0,0.0,0.0,0.0,Super Built up,low,old,Smriti Apartment,gurgaon,0.884
115.66,2.0,2.0,3.0,0.0,68.0,15.0,0.0,0.0,0.0,0.0,0.0,0.0,0.0,0.0,0.0,0.0,0.0,0.0,0.0,0.0,0.0,0.0,0.0,0.0,0.0,Super Built up,high,new,Pareena Mi Casa,gurgaon,1.87
83.61204013377927,2.0,2.0,3.0,0.0,33.0,8.0,0.0,0.0,0.0,0.0,0.0,0.0,0.0,0.0,0.0,0.0,0.0,0.0,0.0,0.0,0.0,0.0,0.0,0.0,0.0,Carpet,high,mid aged,Godrej Nature Plus,gurgaon,1.836
287.07,3.0,5.0,3.0,1.0,22.0,14.0,0.0,0.0,0.0,0.0,0.0,0.0,0.0,0.0,0.0,0.0,0.0,0.0,0.0,0.0,0.0,0.0,0.0,0.0,0.0,Super Built up,low,old,Ambience Creacions,gurgaon,6.783
162.58,3.0,3.0,3.0,0.0,109.0,11.0,0.0,0.0,0.0,0.0,0.0,0.0,0.0,0.0,0.0,0.0,0.0,0.0,0.0,0.0,0.0,0.0,0.0,0.0,0.0,Super Built up,mid,new,ATS Tourmaline,gurgaon,2.975
69.68,2.0,2.0,2.0,0.0,,8.0,1.0,0.0,0.0,0.0,0.0,0.0,0.0,2.0,0.0,1.0,1.0,0.0,0.0,0.0,0.0,0.0,0.0,0.0,0.0,Carpet,mid,under construction,Signature Global Park,gurgaon,0.918
244.33,4.0,4.0,2.0,1.0,109.0,8.0,0.0,0.0,0.0,0.0,0.0,0.0,0.0,0.0,0.0,0.0,0.0,0.0,0.0,0.0,0.0,0.0,0.0,0.0,0.0,Super Built up,high,new,Chintels Paradiso,gurgaon,3.4
258.36,3.0,4.0,3.0,0.0,22.0,14.0,0.0,0.0,0.0,0.0,0.0,0.0,0.0,0.0,0.0,0.0,0.0,0.0,0.0,0.0,0.0,0.0,0.0,0.0,0.0,Super Built up,low,old,Ambience Creacions,gurgaon,5.44
109.63,2.0,2.0,2.0,0.0,68.0,24.0,0.0,0.0,0.0,0.0,0.0,0.0,7.0,0.0,0.0,0.0,0.0,0.0,0.0,0.0,0.0,0.0,0.0,0.0,0.0,Carpet,high,new,Supertech Hues,gurgaon,1.7
265.7,4.0,4.0,3.0,1.0,102.0,15.0,0.0,0.0,0.0,0.0,0.0,0.0,0.0,0.0,0.0,0.0,0.0,0.0,0.0,0.0,0.0,0.0,0.0,0.0,0.0,Carpet,mid,new,Conscient Heritage Max,gurgaon,5.1
41.81,1.0,1.0,1.0,0.0,,10.0,0.0,0.0,0.0,0.0,0.0,0.0,3.0,0.0,0.0,0.0,0.0,0.0,0.0,0.0,0.0,0.0,0.0,0.0,0.0,Carpet,high,new,MVN Athens,gurgaon,0.357
130.06,2.0,2.0,3.0,1.0,95.0,8.0,0.0,0.0,0.0,0.0,0.0,0.0,0.0,0.0,0.0,1.0,0.0,0.0,0.0,0.0,0.0,0.0,0.0,0.0,0.0,Super Built up,high,new,AWHO Shanti Vihar,gurgaon,1.394
185.81,4.0,3.0,2.0,0.0,92.0,8.0,0.0,0.0,0.0,0.0,0.0,0.0,0.0,0.0,0.0,0.0,0.0,0.0,0.0,0.0,0.0,0.0,0.0,0.0,0.0,Super Built up,high,new,Sare Homes,gurgaon,1.615
115.66,2.0,2.0,3.0,1.0,68.0,15.0,0.0,0.0,0.0,0.0,0.0,0.0,0.0,0.0,0.0,0.0,0.0,0.0,0.0,0.0,0.0,0.0,0.0,0.0,0.0,Super Built up,mid,under construction,Pareena Mi Casa,gurgaon,1.564
246.19,3.0,3.0,3.0,1.0,1.0,10.0,0.0,0.0,0.0,0.0,0.0,0.0,0.0,0.0,0.0,0.0,0.0,0.0,0.0,0.0,0.0,0.0,0.0,0.0,0.0,Carpet,mid,old,Deepak Minda,gurgaon,2.125
126.35,2.0,2.0,2.0,0.0,86.0,4.0,0.0,0.0,0.0,0.0,0.0,0.0,0.0,0.0,0.0,0.0,0.0,0.0,0.0,0.0,0.0,0.0,0.0,0.0,0.0,Built Up,high,new,Ansal Heights 86,gurgaon,1.326
54.53,2.0,1.0,2.0,0.0,99.0,8.0,0.0,0.0,0.0,0.0,0.0,0.0,0.0,0.0,0.0,0.0,0.0,0.0,0.0,0.0,0.0,0.0,0.0,0.0,0.0,Carpet,mid,old,Pivotal Riddhi Siddhi,gurgaon,0.85
181.16,4.0,3.0,3.0,0.0,92.0,8.0,0.0,0.0,0.0,0.0,0.0,0.0,0.0,0.0,0.0,0.0,0.0,0.0,0.0,0.0,0.0,0.0,0.0,0.0,0.0,Super Built up,high,new,Sare Homes,gurgaon,1.615
166.2,3.0,3.0,3.0,0.0,33.0,15.0,0.0,0.0,0.0,0.0,0.0,0.0,0.0,0.0,0.0,0.0,0.0,0.0,1.0,0.0,0.0,0.0,0.0,0.0,0.0,Super Built up,high,new,Central Park Flower Valley Aqua Front Towers,gurgaon,3.4
65.03,2.0,1.0,2.0,0.0,,48.0,1.0,0.0,0.0,0.0,0.0,0.0,5.0,0.0,0.0,0.0,0.0,0.0,0.0,0.0,0.0,0.0,0.0,0.0,0.0,Super Built up,low,new,Shyam Apartment,gurgaon,0.442
55.74,2.0,1.0,1.0,0.0,110.0,26.0,0.0,0.0,0.0,0.0,0.0,0.0,1.0,0.0,0.0,4.0,0.0,0.0,0.0,0.0,0.0,0.0,0.0,0.0,0.0,Super Built up,low,new,City Shri Ram Apartments 1,gurgaon,0.374
117.89,2.0,2.0,3.0,1.0,104.0,15.0,0.0,0.0,0.0,0.0,0.0,0.0,0.0,0.0,0.0,0.0,0.0,0.0,0.0,0.0,0.0,0.0,0.0,0.0,0.0,Super Built up,high,under construction,Godrej Summit,gurgaon,1.87
46.45,1.0,1.0,1.0,1.0,,41.0,0.0,0.0,0.0,0.0,0.0,3.0,8.0,1.0,0.0,1.0,0.0,0.0,0.0,0.0,0.0,0.0,0.0,0.0,0.0,Carpet,low,old,Palam Vihar Extension West Zone RWA,gurgaon,0.34
173.73,4.0,5.0,3.0,1.0,92.0,8.0,0.0,0.0,0.0,0.0,0.0,0.0,0.0,0.0,0.0,0.0,0.0,0.0,0.0,0.0,0.0,0.0,0.0,0.0,0.0,Super Built up,high,new,Sare Crescent Parc,gurgaon,1.53
52.68,2.0,2.0,2.0,0.0,,6.0,0.0,0.0,0.0,0.0,0.0,0.0,0.0,0.0,0.0,0.0,0.0,0.0,0.0,0.0,0.0,0.0,0.0,0.0,0.0,Super Built up,high,new,GLS Arawali Homes,gurgaon,0.51
172.8,3.0,3.0,3.0,0.0,22.0,14.0,0.0,0.0,0.0,0.0,0.0,0.0,0.0,0.0,0.0,0.0,0.0,0.0,0.0,0.0,0.0,0.0,0.0,0.0,0.0,Super Built up,high,new,Ambience Creacions,gurgaon,4.743
88.26,2.0,2.0,2.0,0.0,,10.0,0.0,0.0,0.0,0.0,0.0,0.0,0.0,0.0,0.0,0.0,0.0,0.0,0.0,0.0,0.0,0.0,0.0,0.0,0.0,Super Built up,low,new,Breez Global Heights,gurgaon,0.663
185.81,4.0,3.0,2.0,0.0,92.0,8.0,0.0,0.0,0.0,0.0,0.0,0.0,0.0,0.0,0.0,0.0,0.0,0.0,0.0,0.0,0.0,0.0,0.0,0.0,0.0,Super Built up,high,new,Sare Homes,gurgaon,1.615
83.61204013377927,2.0,2.0,3.0,0.0,85.0,8.0,0.0,0.0,0.0,0.0,0.0,0.0,0.0,0.0,0.0,0.0,0.0,0.0,0.0,0.0,0.0,0.0,0.0,0.0,0.0,Carpet,high,mid aged,Godrej Air,gurgaon,2.295
52.95,2.0,2.0,1.0,1.0,3.0,45.0,0.0,0.0,0.0,0.0,0.0,0.0,5.0,0.0,0.0,3.0,0.0,0.0,0.0,0.0,0.0,0.0,0.0,0.0,0.0,Built Up,low,new,Vidya Apartment,gurgaon,0.374
159.79,3.0,3.0,3.0,0.0,2.0,8.0,0.0,0.0,0.0,0.0,0.0,0.0,0.0,0.0,0.0,0.0,0.0,0.0,0.0,0.0,0.0,0.0,0.0,0.0,0.0,Carpet,low,under construction,Supertech Hill Town,gurgaon,2.55
111.48,2.0,2.0,2.0,0.0,,6.0,0.0,0.0,0.0,0.0,0.0,0.0,0.0,0.0,0.0,0.0,0.0,0.0,0.0,0.0,0.0,0.0,0.0,0.0,0.0,Super Built up,low,new,takshila heights sector 37 c,gurgaon,1.139
334.45,2.0,2.0,1.0,1.0,105.0,50.0,0.0,0.0,0.0,0.0,0.0,0.0,1.0,1.0,0.0,0.0,0.0,0.0,0.0,0.0,0.0,0.0,0.0,0.0,0.0,Carpet,low,new,saroop garden,gurgaon,1.615
121.7,2.0,2.0,2.0,0.0,65.0,9.0,0.0,0.0,0.0,0.0,0.0,0.0,0.0,0.0,0.0,0.0,0.0,0.0,0.0,0.0,0.0,0.0,0.0,0.0,0.0,Super Built up,high,mid aged,M3M Skycity,gurgaon,3.4
163.7,3.0,3.0,2.0,1.0,71.0,15.0,0.0,0.0,0.0,0.0,0.0,0.0,0.0,0.0,0.0,0.0,0.0,0.0,0.0,0.0,0.0,0.0,0.0,0.0,0.0,Super Built up,high,old,CHD Avenue 71,gurgaon,1.955
60.39,1.0,1.0,2.0,0.0,,10.0,0.0,0.0,0.0,0.0,0.0,0.0,0.0,0.0,0.0,0.0,0.0,0.0,0.0,0.0,0.0,0.0,0.0,0.0,0.0,Super Built up,mid,old,Bestech Park View Residency,gurgaon,0.935
111.48,2.0,2.0,2.0,1.0,61.0,9.0,0.0,0.0,0.0,0.0,0.0,0.0,0.0,0.0,0.0,0.0,0.0,0.0,0.0,0.0,0.0,0.0,0.0,0.0,0.0,Carpet,low,under construction,Smart World Orchard,gurgaon,2.55
150.04,3.0,3.0,3.0,0.0,111.0,20.0,0.0,0.0,0.0,0.0,0.0,0.0,0.0,0.0,0.0,0.0,0.0,0.0,0.0,0.0,0.0,0.0,0.0,0.0,0.0,Built Up,mid,new,M3M The Tree Of Life,gurgaon,3.995
78.97,2.0,2.0,2.0,0.0,,49.0,0.0,0.0,0.0,0.0,0.0,0.0,1.0,0.0,0.0,0.0,0.0,0.0,0.0,0.0,0.0,0.0,0.0,0.0,0.0,Carpet,low,old,bajrang apartments,gurgaon,0.646
116.13,2.0,2.0,2.0,0.0,81.0,15.0,0.0,0.0,0.0,0.0,0.0,0.0,0.0,0.0,0.0,0.0,0.0,0.0,0.0,0.0,0.0,0.0,0.0,0.0,0.0,Super Built up,mid,new,Vipul Lavanya,gurgaon,1.7
157.94,3.0,2.0,3.0,0.0,37.0,10.0,0.0,0.0,0.0,0.0,0.0,0.0,0.0,0.0,0.0,0.0,0.0,0.0,0.0,0.0,0.0,0.0,0.0,0.0,0.0,Super Built up,high,under construction,Ramprastha Primera,gurgaon,1.734
104.05,3.0,2.0,3.0,0.0,36.0,12.0,0.0,0.0,0.0,0.0,0.0,0.0,0.0,0.0,0.0,0.0,0.0,0.0,0.0,0.0,0.0,0.0,0.0,0.0,0.0,Carpet,low,mid aged,Signature Global Park 4,gurgaon,1.224
63.64,1.0,1.0,1.0,0.0,80.0,15.0,0.0,0.0,0.0,0.0,0.0,0.0,0.0,0.0,0.0,0.0,0.0,0.0,0.0,0.0,0.0,0.0,0.0,0.0,0.0,Carpet,high,new,Elan Mercado,gurgaon,1.4449999999999998
153.29,3.0,3.0,3.0,0.0,10.0,49.0,0.0,0.0,0.0,0.0,0.0,0.0,0.0,0.0,0.0,1.0,0.0,0.0,0.0,0.0,0.0,0.0,0.0,0.0,0.0,Carpet,low,old,Sanskriti Apartment,gurgaon,1.87
85.01,2.0,2.0,2.0,0.0,102.0,13.0,0.0,0.0,0.0,0.0,0.0,0.0,0.0,0.0,0.0,0.0,0.0,0.0,0.0,0.0,0.0,0.0,0.0,0.0,0.0,Super Built up,high,mid aged,Shapoorji Pallonji Joyville Gurugram,gurgaon,2.295
37.72,1.0,1.0,1.0,0.0,36.0,6.0,0.0,0.0,0.0,0.0,0.0,0.0,0.0,0.0,0.0,0.0,0.0,0.0,0.0,0.0,0.0,0.0,0.0,0.0,0.0,Super Built up,mid,new,AVL 36 Gurgaon,gurgaon,0.612
139.35,3.0,2.0,3.0,1.0,82.0,6.0,0.0,0.0,0.0,0.0,0.0,0.0,0.0,0.0,0.0,0.0,0.0,0.0,0.0,0.0,0.0,0.0,0.0,0.0,0.0,Carpet,low,new,Vatika INXT Floors,gurgaon,2.125
176.52,4.0,3.0,3.0,1.0,70.0,14.0,0.0,0.0,0.0,0.0,0.0,0.0,0.0,0.0,0.0,0.0,0.0,0.0,0.0,0.0,0.0,0.0,0.0,0.0,0.0,Carpet,low,new,BPTP Pedestal,gurgaon,3.23
113.81,2.0,2.0,3.0,0.0,81.0,15.0,0.0,0.0,0.0,0.0,0.0,0.0,0.0,0.0,0.0,0.0,0.0,0.0,0.0,0.0,0.0,0.0,0.0,0.0,0.0,Carpet,high,new,Vipul Lavanya,gurgaon,1.088
323.49,4.0,4.0,3.0,0.0,85.0,13.0,0.0,0.0,0.0,0.0,0.0,0.0,0.0,0.0,0.0,0.0,0.0,0.0,0.0,0.0,0.0,0.0,0.0,0.0,0.0,Super Built up,high,new,SS The Leaf,gurgaon,4.59
128.3,2.0,2.0,2.0,0.0,108.0,13.0,0.0,0.0,0.0,0.0,0.0,0.0,0.0,0.0,0.0,0.0,0.0,0.0,0.0,0.0,0.0,0.0,0.0,0.0,0.0,Super Built up,low,mid aged,Sobha City,gurgaon,3.57
143.91,3.0,3.0,3.0,0.0,61.0,35.0,1.0,0.0,0.0,0.0,0.0,0.0,8.0,0.0,0.0,0.0,2.0,0.0,0.0,0.0,0.0,0.0,0.0,0.0,0.0,Carpet,low,under construction,Suposhaa Smartworld Orchard,gurgaon,3.689
104.05,2.0,2.0,2.0,1.0,61.0,9.0,0.0,0.0,0.0,0.0,0.0,0.0,0.0,0.0,0.0,0.0,0.0,0.0,0.0,0.0,0.0,0.0,0.0,0.0,0.0,Carpet,mid,under construction,Smart World Orchard,gurgaon,2.89
258.73,3.0,4.0,3.0,0.0,,7.0,1.0,0.0,0.0,0.0,0.0,0.0,0.0,0.0,0.0,1.0,0.0,0.0,0.0,0.0,0.0,0.0,0.0,0.0,0.0,Carpet,mid,under construction,smart world one,gurgaon,2.805
225.75,4.0,4.0,3.0,0.0,52.0,43.0,0.0,0.0,0.0,0.0,0.0,0.0,8.0,0.0,0.0,0.0,0.0,0.0,1.0,0.0,0.0,0.0,0.0,0.0,0.0,Super Built up,high,new,ramshanti cooperative society,gurgaon,2.992
98.48,3.0,3.0,2.0,0.0,,50.0,0.0,0.0,0.0,0.0,0.0,0.0,4.0,1.0,0.0,0.0,0.0,0.0,0.0,0.0,0.0,0.0,0.0,0.0,0.0,Carpet,low,new,SS Radiance Residency,gurgaon,1.02
83.61,2.0,2.0,1.0,0.0,4.0,48.0,0.0,0.0,0.0,0.0,0.0,0.0,1.0,0.0,0.0,0.0,0.0,0.0,0.0,0.0,0.0,0.0,0.0,0.0,0.0,Built Up,low,under construction,Apna Enclave,gurgaon,1.02
241.55,3.0,3.0,3.0,0.0,,10.0,0.0,0.0,0.0,0.0,0.0,0.0,0.0,0.0,0.0,0.0,0.0,0.0,0.0,0.0,0.0,0.0,0.0,0.0,0.0,Super Built up,mid,old,BPTP Amstoria,gurgaon,3.825
125.42,2.0,2.0,3.0,1.0,,8.0,0.0,0.0,0.0,0.0,0.0,0.0,0.0,0.0,0.0,0.0,0.0,0.0,0.0,0.0,0.0,0.0,0.0,0.0,0.0,Super Built up,low,new,Silverglades The Melia,gurgaon,1.547
69.21,3.0,2.0,2.0,0.0,104.0,9.0,0.0,0.0,0.0,0.0,0.0,0.0,0.0,0.0,0.0,0.0,0.0,0.0,0.0,0.0,0.0,0.0,0.0,0.0,0.0,Super Built up,mid,under construction,Zara Aavaas,gurgaon,0.833
91.97,2.0,2.0,1.0,0.0,,24.0,0.0,0.0,0.0,0.0,0.0,0.0,0.0,0.0,0.0,0.0,0.0,0.0,0.0,0.0,0.0,0.0,0.0,0.0,0.0,Carpet,low,new,rk tower,gurgaon,1.615
54.39,2.0,2.0,1.0,0.0,,14.0,0.0,0.0,0.0,0.0,0.0,0.0,0.0,0.0,0.0,0.0,0.0,0.0,0.0,0.0,0.0,0.0,0.0,0.0,0.0,Carpet,high,new,Breez Global Hill View,gurgaon,0.51
32.7,1.0,1.0,1.0,0.0,36.0,6.0,0.0,0.0,0.0,0.0,0.0,0.0,0.0,0.0,0.0,0.0,0.0,0.0,0.0,0.0,0.0,0.0,0.0,0.0,0.0,Super Built up,low,new,AVL 36 Gurgaon,gurgaon,0.629
123.1,2.0,2.0,3.0,0.0,76.0,4.0,0.0,0.0,0.0,0.0,0.0,0.0,0.0,0.0,0.0,0.0,0.0,0.0,0.0,0.0,0.0,0.0,0.0,0.0,0.0,Super Built up,high,new,Corona Gracieux,gurgaon,1.275
153.29,3.0,3.0,3.0,0.0,65.0,46.0,0.0,0.0,0.0,0.0,0.0,0.0,9.0,0.0,0.0,0.0,0.0,0.0,0.0,0.0,0.0,0.0,1.0,0.0,0.0,Carpet,low,under construction,Emaar Mgf Emerald Floors,gurgaon,4.42
202.16,3.0,3.0,3.0,1.0,78.0,7.0,0.0,0.0,0.0,0.0,0.0,0.0,0.0,0.0,0.0,0.0,0.0,0.0,0.0,0.0,0.0,0.0,0.0,0.0,0.0,Built Up,high,old,Umang Monsoon Breeze,gurgaon,1.87
144.0,2.0,2.0,2.0,1.0,104.0,13.0,0.0,0.0,0.0,0.0,0.0,0.0,0.0,0.0,0.0,0.0,0.0,0.0,0.0,0.0,0.0,0.0,0.0,0.0,0.0,Super Built up,mid,under construction,Puri Emerald Bay,gurgaon,2.55
143.91,3.0,3.0,2.0,1.0,61.0,9.0,0.0,0.0,0.0,0.0,0.0,0.0,0.0,0.0,0.0,0.0,0.0,0.0,0.0,0.0,0.0,0.0,0.0,0.0,0.0,Super Built up,low,old,Smart World Orchard,gurgaon,3.808
106.84,2.0,2.0,2.0,1.0,61.0,9.0,0.0,0.0,0.0,0.0,0.0,0.0,0.0,0.0,0.0,0.0,0.0,0.0,0.0,0.0,0.0,0.0,0.0,0.0,0.0,Built Up,low,old,Smart World Orchard,gurgaon,2.669
207.08,4.0,4.0,3.0,0.0,53.0,9.0,0.0,0.0,0.0,0.0,0.0,0.0,0.0,0.0,0.0,0.0,0.0,0.0,0.0,0.0,0.0,0.0,0.0,0.0,0.0,Carpet,high,under construction,Tulip Monsella,gurgaon,12.58
46.45,2.0,2.0,1.0,0.0,,14.0,0.0,0.0,0.0,0.0,0.0,0.0,1.0,0.0,0.0,0.0,0.0,0.0,0.0,0.0,0.0,0.0,0.0,0.0,0.0,Carpet,low,new,My Home,gurgaon,0.374
92.9,2.0,2.0,1.0,0.0,,14.0,0.0,0.0,0.0,0.0,0.0,0.0,0.0,0.0,0.0,0.0,0.0,0.0,0.0,0.0,0.0,0.0,0.0,0.0,0.0,Built Up,high,new,Breez Global Hill View,gurgaon,0.544
126.35,2.0,2.0,1.0,1.0,86.0,4.0,0.0,0.0,0.0,0.0,0.0,0.0,0.0,0.0,0.0,0.0,0.0,0.0,0.0,0.0,0.0,0.0,0.0,0.0,0.0,Super Built up,high,under construction,Ansal Heights 86,gurgaon,1.258
117.15,2.0,2.0,3.0,0.0,65.0,11.0,0.0,0.0,0.0,0.0,0.0,0.0,0.0,0.0,0.0,0.0,0.0,0.0,0.0,0.0,0.0,0.0,0.0,0.0,0.0,Super Built up,high,under construction,M3M Heights,gurgaon,3.315
55.74,1.0,1.0,1.0,0.0,56.0,47.0,1.0,0.0,0.0,0.0,0.0,0.0,13.0,0.0,0.0,0.0,4.0,0.0,0.0,0.0,0.0,1.0,0.0,0.0,0.0,Super Built up,low,old,Smriti Apartment,gurgaon,1.02
88.26,3.0,2.0,1.0,0.0,105.0,33.0,0.0,0.0,0.0,0.0,0.0,0.0,1.0,0.0,0.0,3.0,0.0,0.0,0.0,0.0,0.0,0.0,0.0,0.0,0.0,Carpet,low,new,Uphaar Homes,gurgaon,0.765
51.38,2.0,1.0,2.0,0.0,99.0,15.0,0.0,0.0,0.0,0.0,0.0,0.0,0.0,0.0,0.0,0.0,0.0,0.0,0.0,0.0,0.0,0.0,0.0,0.0,0.0,Super Built up,mid,new,Pareena Laxmi Apartments,gurgaon,0.51
132.2,3.0,3.0,2.0,1.0,89.0,14.0,0.0,0.0,0.0,0.0,0.0,0.0,0.0,0.0,0.0,0.0,0.0,0.0,0.0,0.0,0.0,0.0,0.0,0.0,0.0,Carpet,low,old,Smart World Gems,gurgaon,2.21
152.36,3.0,3.0,2.0,0.0,1.0,48.0,0.0,0.0,0.0,0.0,0.0,0.0,7.0,0.0,0.0,0.0,1.0,0.0,1.0,0.0,0.0,0.0,0.0,0.0,1.0,Super Built up,high,old,Unitech The Palms,gurgaon,4.675
106.84,2.0,2.0,2.0,0.0,61.0,9.0,0.0,0.0,0.0,0.0,0.0,0.0,0.0,0.0,0.0,0.0,0.0,0.0,0.0,0.0,0.0,0.0,0.0,0.0,0.0,Carpet,mid,under construction,Smart World Orchard,gurgaon,2.89
83.61204013377927,3.0,3.0,3.0,0.0,88.0,14.0,0.0,0.0,0.0,0.0,0.0,0.0,0.0,0.0,0.0,0.0,0.0,0.0,0.0,0.0,0.0,0.0,0.0,0.0,0.0,Carpet,mid,new,Godrej Icon,gurgaon,2.975
106.84,2.0,2.0,3.0,0.0,82.0,7.0,0.0,0.0,0.0,0.0,0.0,0.0,0.0,0.0,0.0,0.0,0.0,0.0,0.0,0.0,0.0,0.0,0.0,0.0,0.0,Built Up,low,old,Vatika Independent Floors,gurgaon,1.139
182.09,3.0,3.0,3.0,1.0,76.0,4.0,0.0,0.0,0.0,0.0,0.0,0.0,0.0,0.0,0.0,0.0,0.0,0.0,0.0,0.0,0.0,0.0,0.0,0.0,0.0,Super Built up,low,new,Corona Gracieux,gurgaon,1.836
134.71,2.0,3.0,3.0,1.0,99.0,7.0,0.0,0.0,0.0,0.0,0.0,0.0,0.0,0.0,0.0,0.0,0.0,0.0,0.0,0.0,0.0,0.0,0.0,0.0,0.0,Carpet,mid,new,Lotus Elise,gurgaon,1.615
85.94,2.0,2.0,1.0,0.0,,20.0,0.0,0.0,0.0,0.0,0.0,0.0,5.0,0.0,0.0,0.0,0.0,0.0,0.0,0.0,0.0,0.0,0.0,0.0,0.0,Carpet,high,old,NUL,gurgaon,0.952
134.71,2.0,2.0,3.0,1.0,104.0,15.0,0.0,0.0,0.0,0.0,0.0,0.0,0.0,0.0,0.0,0.0,0.0,0.0,0.0,0.0,0.0,0.0,0.0,0.0,0.0,Carpet,high,new,Godrej Summit,gurgaon,1.4449999999999998
134.15,2.0,2.0,3.0,0.0,3.0,11.0,0.0,0.0,0.0,0.0,0.0,0.0,0.0,0.0,0.0,0.0,0.0,0.0,0.0,0.0,0.0,0.0,0.0,0.0,0.0,Super Built up,high,mid aged,Godrej Habitat,gurgaon,2.125
180.23,2.0,2.0,3.0,1.0,,6.0,0.0,0.0,0.0,0.0,0.0,0.0,0.0,0.0,0.0,0.0,0.0,0.0,0.0,0.0,0.0,0.0,0.0,0.0,0.0,Super Built up,low,new,Ashiana Mulberry,gurgaon,1.785
126.35,2.0,2.0,1.0,0.0,86.0,4.0,0.0,0.0,0.0,0.0,0.0,0.0,0.0,0.0,0.0,0.0,0.0,0.0,0.0,0.0,0.0,0.0,0.0,0.0,0.0,Super Built up,high,new,Ansal Heights 86,gurgaon,1.326
100.43,3.0,2.0,3.0,0.0,,8.0,1.0,0.0,0.0,0.0,0.0,0.0,0.0,2.0,0.0,1.0,1.0,0.0,0.0,0.0,0.0,0.0,0.0,0.0,0.0,Super Built up,mid,under construction,Signature Global Park,gurgaon,1.343
51.38,2.0,2.0,2.0,0.0,99.0,15.0,0.0,0.0,0.0,0.0,0.0,0.0,0.0,0.0,0.0,0.0,0.0,0.0,0.0,0.0,0.0,0.0,0.0,0.0,0.0,Super Built up,high,new,Pareena Laxmi Apartments,gurgaon,0.544
213.21,3.0,3.0,3.0,0.0,59.0,15.0,0.0,0.0,0.0,0.0,0.0,0.0,0.0,0.0,0.0,0.0,0.0,0.0,0.0,0.0,0.0,0.0,0.0,0.0,0.0,Carpet,low,mid aged,Conscient Elevate,gurgaon,6.425999999999999
53.28,2.0,2.0,1.0,0.0,86.0,8.0,0.0,0.0,0.0,0.0,0.0,0.0,0.0,0.0,0.0,0.0,0.0,0.0,0.0,0.0,0.0,0.0,0.0,0.0,0.0,Carpet,high,under construction,Pyramid Elite,gurgaon,0.765
83.61204013377927,3.0,4.0,3.0,1.0,33.0,8.0,0.0,0.0,0.0,0.0,0.0,0.0,0.0,0.0,0.0,0.0,0.0,0.0,0.0,0.0,0.0,0.0,0.0,0.0,0.0,Built Up,low,new,Godrej Nature Plus,gurgaon,2.754
88.26,2.0,2.0,1.0,0.0,,48.0,1.0,0.0,0.0,0.0,0.0,0.0,1.0,0.0,0.0,0.0,0.0,0.0,0.0,0.0,0.0,0.0,0.0,0.0,0.0,Carpet,mid,new,Shri Ram Apartments,gurgaon,0.612
150.6,2.0,2.0,3.0,1.0,78.0,10.0,0.0,0.0,0.0,0.0,0.0,0.0,0.0,0.0,0.0,0.0,0.0,0.0,0.0,0.0,0.0,0.0,0.0,0.0,0.0,Super Built up,high,under construction,Raheja Revanta,gurgaon,1.683
104.98,2.0,2.0,2.0,1.0,95.0,4.0,0.0,0.0,0.0,0.0,0.0,0.0,0.0,0.0,0.0,0.0,0.0,0.0,0.0,0.0,0.0,0.0,0.0,0.0,0.0,Carpet,high,new,Sidhartha NCR One Phase 1,gurgaon,0.935
73.39,2.0,2.0,0.0,0.0,,49.0,1.0,0.0,0.0,0.0,0.0,0.0,1.0,0.0,0.0,0.0,0.0,0.0,0.0,0.0,0.0,0.0,0.0,0.0,0.0,Built Up,low,new,Divya Apartments,gurgaon,1.02
67.63,2.0,2.0,2.0,1.0,95.0,14.0,0.0,0.0,0.0,0.0,0.0,0.0,0.0,0.0,0.0,0.0,0.0,0.0,0.0,0.0,0.0,0.0,0.0,0.0,0.0,Carpet,high,new,ROF Ananda,gurgaon,0.782
123.19,3.0,3.0,2.0,1.0,89.0,14.0,0.0,0.0,0.0,0.0,0.0,0.0,0.0,0.0,0.0,0.0,0.0,0.0,0.0,0.0,0.0,0.0,0.0,0.0,0.0,Carpet,mid,mid aged,Smart World Gems,gurgaon,1.921
188.13,3.0,3.0,3.0,1.0,77.0,5.0,0.0,0.0,0.0,0.0,0.0,0.0,0.0,0.0,0.0,0.0,0.0,0.0,0.0,0.0,0.0,0.0,0.0,0.0,0.0,Super Built up,high,old,Emaar Palm Heights,gurgaon,3.57
51.02,2.0,2.0,1.0,0.0,95.0,14.0,0.0,0.0,0.0,0.0,0.0,0.0,0.0,0.0,0.0,0.0,0.0,0.0,0.0,0.0,0.0,0.0,0.0,0.0,0.0,Carpet,mid,new,ROF Ananda,gurgaon,0.646
202.06,4.0,4.0,3.0,1.0,88.0,6.0,1.0,0.0,0.0,0.0,0.0,0.0,0.0,0.0,0.0,0.0,0.0,0.0,0.0,0.0,0.0,0.0,0.0,0.0,0.0,Super Built up,high,old,The Center Court,gurgaon,3.57
69.68,3.0,2.0,1.0,1.0,105.0,35.0,0.0,0.0,0.0,0.0,0.0,0.0,1.0,0.0,0.0,3.0,0.0,0.0,0.0,0.0,0.0,0.0,0.0,0.0,0.0,Carpet,mid,old,Uphaar Residency 2,gurgaon,0.714
167.23,4.0,3.0,2.0,0.0,9.0,50.0,1.0,0.0,0.0,0.0,0.0,0.0,5.0,0.0,0.0,1.0,0.0,0.0,0.0,0.0,0.0,0.0,0.0,0.0,0.0,Carpet,mid,old,Wings Apartment,gurgaon,2.04
52.68,2.0,2.0,2.0,0.0,,6.0,0.0,0.0,0.0,0.0,0.0,0.0,0.0,0.0,0.0,0.0,0.0,0.0,0.0,0.0,0.0,0.0,0.0,0.0,0.0,Super Built up,low,new,GLS Arawali Homes,gurgaon,0.476
133.32,2.0,2.0,2.0,1.0,82.0,10.0,0.0,0.0,0.0,0.0,0.0,0.0,0.0,0.0,0.0,0.0,0.0,0.0,0.0,0.0,0.0,0.0,0.0,0.0,0.0,Super Built up,high,new,Vatika The Seven Lamps,gurgaon,1.7
178.37,3.0,3.0,3.0,0.0,37.0,29.0,0.0,0.0,0.0,0.0,0.0,0.0,0.0,0.0,0.0,1.0,0.0,0.0,0.0,0.0,0.0,0.0,0.0,0.0,0.0,Super Built up,mid,new,Piedmont Taksila heights,gurgaon,1.785
58.06,2.0,2.0,1.0,0.0,88.0,6.0,0.0,0.0,0.0,0.0,0.0,0.0,0.0,0.0,0.0,0.0,0.0,0.0,0.0,0.0,0.0,0.0,0.0,0.0,0.0,Carpet,low,new,Adani Aangan Arcade,gurgaon,0.765
146.04,3.0,3.0,0.0,0.0,92.0,11.0,1.0,0.0,0.0,0.0,0.0,0.0,0.0,0.0,0.0,0.0,0.0,0.0,0.0,0.0,0.0,0.0,0.0,0.0,0.0,Super Built up,high,new,Raheja Navodaya,gurgaon,1.4449999999999998
153.01,3.0,3.0,3.0,1.0,104.0,15.0,0.0,0.0,0.0,0.0,0.0,0.0,0.0,0.0,0.0,0.0,0.0,0.0,0.0,0.0,0.0,0.0,0.0,0.0,0.0,Super Built up,high,new,Godrej Summit,gurgaon,2.21
125.42,2.0,2.0,2.0,0.0,,45.0,0.0,0.0,0.0,0.0,0.0,0.0,1.0,0.0,0.0,0.0,0.0,0.0,0.0,0.0,0.0,0.0,0.0,0.0,0.0,Built Up,low,under construction,Bhemerlei,gurgaon,1.1729999999999998
57.97,1.0,1.0,1.0,0.0,,15.0,0.0,0.0,0.0,0.0,0.0,0.0,1.0,0.0,0.0,0.0,0.0,0.0,0.0,0.0,0.0,0.0,0.0,0.0,0.0,Super Built up,high,old,Valley View Estate,gurgaon,0.646
83.61204013377927,2.0,2.0,3.0,1.0,88.0,7.0,0.0,0.0,0.0,0.0,1.0,0.0,0.0,0.0,0.0,0.0,0.0,1.0,0.0,0.0,0.0,0.0,0.0,0.0,0.0,Super Built up,high,new,Godrej Oasis,gurgaon,2.465
188.13,3.0,5.0,3.0,1.0,37.0,5.0,0.0,0.0,0.0,0.0,0.0,0.0,0.0,0.0,0.0,1.0,0.0,0.0,0.0,0.0,0.0,0.0,0.0,0.0,0.0,Super Built up,high,under construction,Ramprastha Skyz,gurgaon,1.7
139.17,2.0,2.0,2.0,0.0,112.0,8.0,0.0,0.0,0.0,0.0,0.0,0.0,1.0,0.0,0.0,1.0,0.0,0.0,0.0,0.0,0.0,0.0,0.0,0.0,0.0,Built Up,mid,new,Earth Copia,gurgaon,1.19
126.81,2.0,2.0,3.0,0.0,99.0,4.0,0.0,0.0,0.0,0.0,0.0,0.0,0.0,0.0,0.0,1.0,0.0,0.0,0.0,0.0,0.0,0.0,0.0,0.0,0.0,Built Up,low,under construction,Assotech Blith,gurgaon,1.394
66.89,1.0,1.0,1.0,0.0,49.0,42.0,0.0,0.0,0.0,0.0,0.0,0.0,1.0,0.0,0.0,0.0,0.0,0.0,0.0,0.0,0.0,0.0,0.0,0.0,0.0,Built Up,low,under construction,Satya Element One,gurgaon,1.36
121.15,2.0,2.0,3.0,1.0,37.0,19.0,0.0,0.0,0.0,0.0,0.0,0.0,0.0,0.0,0.0,1.0,0.0,0.0,0.0,0.0,0.0,0.0,0.0,0.0,0.0,Super Built up,mid,under construction,Proxima Tower,gurgaon,1.02
57.51,2.0,2.0,2.0,0.0,,5.0,0.0,0.0,0.0,0.0,0.0,0.0,0.0,0.0,0.0,0.0,0.0,0.0,0.0,0.0,0.0,0.0,0.0,0.0,1.0,Built Up,high,new,HCBS Sports Ville,gurgaon,0.459
120.5,2.0,2.0,2.0,0.0,89.0,7.0,0.0,0.0,0.0,0.0,0.0,0.0,0.0,0.0,0.0,1.0,0.0,0.0,0.0,0.0,0.0,0.0,0.0,0.0,0.0,Carpet,mid,under construction,Greenopolis,gurgaon,1.36
275.46,3.0,4.0,3.0,1.0,53.0,10.0,0.0,0.0,0.0,0.0,0.0,0.0,0.0,0.0,0.0,0.0,0.0,0.0,0.0,0.0,0.0,0.0,0.0,0.0,0.0,Super Built up,high,old,Vipul Belmonte,gurgaon,11.05
64.1,2.0,2.0,1.0,0.0,,47.0,0.0,0.0,0.0,0.0,0.0,0.0,4.0,0.0,0.0,0.0,0.0,0.0,0.0,0.0,0.0,0.0,0.0,0.0,0.0,Carpet,mid,under construction,Green Court,gurgaon,0.646
116.87,2.0,3.0,3.0,0.0,63.0,12.0,0.0,0.0,0.0,0.0,0.0,0.0,0.0,0.0,0.0,0.0,0.0,0.0,0.0,0.0,0.0,0.0,0.0,0.0,0.0,Super Built up,mid,mid aged,Birla Navya,gurgaon,3.74
129.88,3.0,3.0,3.0,0.0,61.0,13.0,0.0,0.0,0.0,0.0,0.0,0.0,0.0,0.0,0.0,0.0,0.0,0.0,0.0,0.0,0.0,0.0,0.0,0.0,0.0,Super Built up,low,mid aged,Smart World Orchard,gurgaon,3.23
157.94,2.0,2.0,1.0,0.0,,50.0,0.0,0.0,0.0,0.0,0.0,0.0,2.0,1.0,0.0,0.0,0.0,0.0,0.0,0.0,0.0,0.0,0.0,0.0,0.0,Super Built up,low,old,Ganga Apartment,gurgaon,0.935
53.51,2.0,2.0,2.0,0.0,,6.0,0.0,0.0,0.0,0.0,0.0,0.0,0.0,0.0,0.0,0.0,0.0,0.0,0.0,0.0,0.0,0.0,0.0,0.0,0.0,Super Built up,mid,new,GLS Arawali Homes,gurgaon,0.442
74.32,2.0,2.0,2.0,0.0,33.0,46.0,0.0,0.0,0.0,0.0,0.0,0.0,0.0,0.0,0.0,0.0,0.0,0.0,0.0,0.0,0.0,0.0,0.0,0.0,0.0,Super Built up,low,new,shree balaji appartment,gurgaon,0.68
35.3,1.0,1.0,1.0,0.0,95.0,14.0,0.0,0.0,0.0,0.0,0.0,0.0,0.0,0.0,0.0,0.0,0.0,0.0,0.0,0.0,0.0,0.0,0.0,0.0,0.0,Carpet,high,new,ROF Ananda,gurgaon,0.442
119.38,3.0,3.0,2.0,0.0,37.0,4.0,0.0,0.0,0.0,0.0,0.0,0.0,0.0,0.0,0.0,0.0,0.0,0.0,0.0,0.0,0.0,0.0,0.0,0.0,0.0,Super Built up,mid,new,Ramprastha The Atrium,gurgaon,1.7
46.92,2.0,2.0,3.0,0.0,,6.0,0.0,0.0,0.0,0.0,0.0,0.0,0.0,0.0,0.0,0.0,0.0,0.0,0.0,0.0,0.0,0.0,0.0,0.0,0.0,Carpet,high,under construction,Tulsiani Easy in Homes,gurgaon,0.68
135.36,2.0,2.0,3.0,1.0,,7.0,0.0,0.0,0.0,0.0,0.0,0.0,0.0,0.0,0.0,0.0,0.0,0.0,0.0,0.0,0.0,0.0,0.0,0.0,0.0,Super Built up,high,under construction,Eldeco Accolade,gurgaon,1.615
97.55,2.0,2.0,1.0,0.0,3.0,44.0,1.0,0.0,0.0,0.0,0.0,0.0,13.0,0.0,0.0,0.0,2.0,0.0,0.0,0.0,0.0,0.0,1.0,0.0,0.0,Super Built up,low,old,Ansal Harmony Homes,gurgaon,1.904
106.37,2.0,2.0,2.0,0.0,2.0,4.0,0.0,0.0,0.0,0.0,0.0,0.0,0.0,0.0,0.0,0.0,0.0,0.0,0.0,0.0,0.0,0.0,0.0,0.0,0.0,Super Built up,high,old,Mittal Cosmos Executive Apartments,gurgaon,1.275
53.51,2.0,2.0,2.0,0.0,,6.0,0.0,0.0,0.0,0.0,0.0,0.0,0.0,0.0,0.0,0.0,0.0,0.0,0.0,0.0,0.0,0.0,0.0,0.0,0.0,Super Built up,high,new,GLS Arawali Homes,gurgaon,0.595
160.44,3.0,3.0,2.0,1.0,67.0,12.0,0.0,0.0,0.0,0.0,0.0,0.0,0.0,0.0,0.0,0.0,0.0,0.0,0.0,0.0,0.0,0.0,0.0,0.0,0.0,Super Built up,mid,under construction,Ireo The Corridors,gurgaon,3.536
160.72,3.0,3.0,2.0,0.0,78.0,7.0,0.0,0.0,0.0,0.0,0.0,0.0,0.0,0.0,0.0,0.0,0.0,0.0,0.0,0.0,0.0,0.0,0.0,0.0,0.0,Built Up,high,new,Umang Monsoon Breeze,gurgaon,1.615
40.04,1.0,1.0,1.0,0.0,95.0,14.0,0.0,0.0,0.0,0.0,0.0,0.0,0.0,0.0,0.0,0.0,0.0,0.0,0.0,0.0,0.0,0.0,0.0,0.0,0.0,Super Built up,high,new,ROF Ananda,gurgaon,0.442
120.77,3.0,3.0,1.0,0.0,,48.0,0.0,0.0,0.0,0.0,0.0,0.0,1.0,0.0,0.0,0.0,0.0,0.0,0.0,0.0,0.0,0.0,0.0,0.0,0.0,Super Built up,mid,old,Apna Enclave,gurgaon,1.36
124.21,3.0,3.0,1.0,1.0,69.0,42.0,0.0,0.0,0.0,0.0,0.0,0.0,10.0,0.0,0.0,0.0,0.0,0.0,0.0,0.0,0.0,0.0,1.0,0.0,0.0,Super Built up,high,under construction,Unitech Sunbreeze,gurgaon,1.258
44.39,1.0,1.0,1.0,0.0,,5.0,0.0,0.0,0.0,0.0,0.0,0.0,0.0,0.0,0.0,0.0,0.0,0.0,0.0,0.0,0.0,0.0,0.0,0.0,1.0,Built Up,high,new,HCBS Sports Ville,gurgaon,0.374
144.0,3.0,3.0,3.0,1.0,33.0,8.0,0.0,0.0,0.0,0.0,0.0,0.0,0.0,0.0,0.0,0.0,0.0,0.0,0.0,0.0,0.0,0.0,0.0,0.0,0.0,Super Built up,mid,under construction,Godrej Nature Plus,gurgaon,2.55
181.16,4.0,3.0,2.0,0.0,92.0,8.0,0.0,0.0,0.0,0.0,0.0,0.0,0.0,0.0,0.0,0.0,0.0,0.0,0.0,0.0,0.0,0.0,0.0,0.0,0.0,Carpet,low,new,Sare Crescent Parc,gurgaon,1.7
160.44,3.0,3.0,2.0,1.0,67.0,12.0,0.0,0.0,0.0,0.0,0.0,0.0,0.0,0.0,0.0,0.0,0.0,0.0,0.0,0.0,0.0,0.0,0.0,0.0,0.0,Super Built up,mid,under construction,Ireo The Corridors,gurgaon,3.4
104.98,2.0,2.0,2.0,0.0,21.0,16.0,0.0,0.0,0.0,0.0,0.0,0.0,4.0,0.0,0.0,0.0,0.0,0.0,0.0,0.0,0.0,0.0,0.0,0.0,0.0,Carpet,mid,old,Mittal Surya Vihar,gurgaon,1.36
210.15,3.0,3.0,3.0,1.0,80.0,10.0,0.0,0.0,0.0,0.0,0.0,0.0,0.0,0.0,0.0,0.0,0.0,0.0,0.0,0.0,0.0,0.0,0.0,0.0,0.0,Super Built up,mid,old,Godrej Frontier,gurgaon,2.72
37.07,1.0,1.0,1.0,0.0,,10.0,0.0,0.0,0.0,0.0,0.0,0.0,0.0,0.0,0.0,0.0,0.0,0.0,0.0,0.0,0.0,0.0,0.0,0.0,0.0,Carpet,mid,new,Breez Global Heights,gurgaon,0.476
44.75,2.0,2.0,1.0,0.0,,10.0,0.0,0.0,0.0,0.0,0.0,0.0,3.0,0.0,0.0,0.0,0.0,0.0,0.0,0.0,0.0,0.0,0.0,0.0,0.0,Carpet,low,new,MVN Athens,gurgaon,0.425
63.82,2.0,2.0,1.0,0.0,99.0,8.0,0.0,0.0,0.0,0.0,0.0,0.0,0.0,0.0,0.0,0.0,0.0,0.0,0.0,0.0,0.0,0.0,0.0,0.0,0.0,Super Built up,mid,new,Prime Habitat,gurgaon,0.544
99.96,2.0,2.0,2.0,1.0,95.0,4.0,0.0,0.0,0.0,0.0,0.0,0.0,0.0,0.0,0.0,0.0,0.0,0.0,0.0,0.0,0.0,0.0,0.0,0.0,0.0,Super Built up,high,new,Sidhartha NCR Greens,gurgaon,1.02
102.1,2.0,2.0,2.0,0.0,104.0,7.0,0.0,0.0,0.0,0.0,0.0,0.0,0.0,0.0,0.0,0.0,0.0,0.0,0.0,0.0,0.0,0.0,0.0,0.0,0.0,Super Built up,high,mid aged,Hero Homes,gurgaon,2.04
144.0,3.0,3.0,2.0,0.0,9.0,41.0,1.0,0.0,0.0,0.0,0.0,0.0,5.0,0.0,0.0,1.0,0.0,0.0,0.0,0.0,0.0,0.0,0.0,0.0,0.0,Carpet,mid,old,Jammu and Kashmir Bank Employees CGHS,gurgaon,1.598
128.21,2.0,2.0,2.0,0.0,22.0,14.0,0.0,0.0,0.0,0.0,0.0,0.0,0.0,0.0,0.0,0.0,0.0,0.0,0.0,0.0,0.0,0.0,0.0,0.0,0.0,Super Built up,high,mid aged,Ambience Creacions,gurgaon,2.975
177.44,3.0,3.0,0.0,0.0,89.0,7.0,0.0,0.0,0.0,0.0,0.0,0.0,0.0,0.0,0.0,1.0,0.0,0.0,0.0,0.0,0.0,0.0,0.0,0.0,0.0,Built Up,high,under construction,Greenopolis,gurgaon,1.53
185.53,3.0,5.0,3.0,1.0,99.0,15.0,0.0,0.0,0.0,0.0,0.0,0.0,0.0,0.0,0.0,0.0,0.0,0.0,0.0,0.0,0.0,0.0,0.0,0.0,0.0,Super Built up,mid,new,Pareena Coban Residences,gurgaon,2.295
171.41,3.0,4.0,2.0,1.0,1.0,10.0,0.0,0.0,0.0,0.0,0.0,0.0,0.0,0.0,0.0,0.0,0.0,0.0,0.0,0.0,0.0,0.0,0.0,0.0,0.0,Super Built up,mid,new,DLF Express Greens,gurgaon,2.04
133.32,2.0,3.0,3.0,1.0,37.0,8.0,0.0,0.0,0.0,0.0,0.0,0.0,0.0,0.0,0.0,0.0,0.0,0.0,0.0,0.0,0.0,0.0,0.0,0.0,0.0,Super Built up,high,under construction,Imperia The Esfera,gurgaon,1.19
230.4,3.0,4.0,0.0,0.0,,14.0,0.0,0.0,0.0,0.0,0.0,0.0,0.0,0.0,0.0,0.0,0.0,0.0,0.0,0.0,0.0,0.0,0.0,0.0,0.0,Built Up,low,new,Aditya Apartment,gurgaon,1.7
163.51,3.0,4.0,3.0,1.0,106.0,20.0,1.0,0.0,0.0,0.0,0.0,0.0,1.0,0.0,0.0,0.0,0.0,0.0,0.0,0.0,0.0,0.0,0.0,0.0,0.0,Super Built up,high,under construction,Paras Dews,gurgaon,2.38
131.36,3.0,3.0,3.0,0.0,92.0,8.0,0.0,0.0,0.0,0.0,0.0,0.0,0.0,0.0,0.0,0.0,0.0,0.0,0.0,0.0,0.0,0.0,0.0,0.0,0.0,Carpet,low,old,Sare Crescent Parc,gurgaon,1.105
126.35,2.0,2.0,1.0,1.0,86.0,4.0,0.0,0.0,0.0,0.0,0.0,0.0,0.0,0.0,0.0,0.0,0.0,0.0,0.0,0.0,0.0,0.0,0.0,0.0,0.0,Super Built up,high,new,Ansal Heights 86,gurgaon,1.479
27.87,1.0,1.0,0.0,0.0,40.0,47.0,0.0,0.0,0.0,0.0,0.0,0.0,9.0,0.0,0.0,0.0,1.0,0.0,0.0,0.0,0.0,0.0,0.0,0.0,0.0,Built Up,low,under construction,LIG Flat,gurgaon,2.55
88.26,2.0,2.0,2.0,0.0,3.0,48.0,0.0,0.0,0.0,0.0,0.0,0.0,1.0,0.0,0.0,3.0,0.0,0.0,0.0,0.0,0.0,0.0,0.0,0.0,0.0,Super Built up,low,old,Apna Enclave,gurgaon,0.935
80.55,2.0,2.0,1.0,0.0,,45.0,0.0,0.0,0.0,0.0,0.0,3.0,4.0,1.0,0.0,4.0,0.0,0.0,0.0,0.0,0.0,0.0,0.0,0.0,0.0,Super Built up,low,old,Shri Balaji Apartment,gurgaon,0.595
173.26,3.0,3.0,3.0,0.0,70.0,7.0,0.0,0.0,0.0,0.0,0.0,0.0,0.0,0.0,0.0,0.0,0.0,0.0,0.0,0.0,0.0,0.0,0.0,0.0,0.0,Built Up,high,under construction,Krrish Florence Estate,gurgaon,2.21
248.05,4.0,5.0,3.0,1.0,103.0,18.0,1.0,0.0,0.0,0.0,0.0,0.0,4.0,0.0,0.0,4.0,0.0,0.0,0.0,0.0,0.0,0.0,0.0,0.0,0.0,Super Built up,high,new,Ansal Housing Highland Park,gurgaon,3.4
219.16,4.0,5.0,3.0,1.0,1.0,10.0,0.0,0.0,0.0,0.0,0.0,0.0,0.0,0.0,0.0,0.0,0.0,0.0,0.0,0.0,0.0,0.0,0.0,0.0,0.0,Super Built up,high,new,DLF Express Greens,gurgaon,2.55
191.29,3.0,3.0,3.0,1.0,68.0,15.0,0.0,0.0,0.0,0.0,0.0,0.0,0.0,0.0,0.0,0.0,0.0,0.0,0.0,0.0,0.0,0.0,0.0,0.0,0.0,Carpet,low,under construction,Pareena Mi Casa,gurgaon,3.23
31.59,1.0,1.0,1.0,0.0,95.0,3.0,0.0,0.0,0.0,0.0,0.0,0.0,0.0,0.0,0.0,0.0,0.0,0.0,0.0,0.0,0.0,0.0,0.0,0.0,0.0,Super Built up,low,new,Ramsons Kshitij,gurgaon,0.374
120.77,2.0,3.0,2.0,1.0,,25.0,0.0,0.0,0.0,0.0,0.0,0.0,0.0,0.0,0.0,0.0,0.0,0.0,0.0,0.0,0.0,0.0,0.0,0.0,0.0,Carpet,low,old,ANSALS DUPLEX FLAT,gurgaon,1.615
58.16,2.0,2.0,1.0,0.0,90.0,15.0,0.0,0.0,0.0,0.0,0.0,0.0,0.0,1.0,0.0,0.0,0.0,0.0,0.0,0.0,0.0,0.0,0.0,0.0,0.0,Super Built up,high,new,Green Court,gurgaon,0.68
48.22,2.0,2.0,2.0,0.0,,5.0,0.0,0.0,0.0,0.0,0.0,0.0,0.0,0.0,0.0,0.0,0.0,0.0,0.0,0.0,0.0,0.0,0.0,0.0,1.0,Carpet,low,new,HCBS Sports Ville,gurgaon,0.544
55.74,1.0,1.0,2.0,0.0,56.0,47.0,1.0,0.0,0.0,0.0,0.0,0.0,13.0,0.0,0.0,0.0,4.0,0.0,0.0,0.0,0.0,1.0,0.0,0.0,0.0,Super Built up,low,old,Smriti Apartment,gurgaon,0.765
184.6,3.0,3.0,3.0,0.0,68.0,15.0,0.0,0.0,0.0,0.0,0.0,0.0,0.0,0.0,0.0,0.0,0.0,0.0,0.0,0.0,0.0,0.0,0.0,0.0,0.0,Super Built up,high,under construction,Pareena Mi Casa,gurgaon,3.145
143.81,3.0,3.0,3.0,1.0,95.0,4.0,0.0,0.0,0.0,0.0,0.0,0.0,0.0,0.0,0.0,0.0,0.0,0.0,0.0,0.0,0.0,0.0,0.0,0.0,0.0,Carpet,high,new,Sidhartha NCR Greens,gurgaon,1.632
232.26,4.0,4.0,3.0,0.0,,18.0,0.0,0.0,0.0,0.0,0.0,0.0,6.0,0.0,0.0,0.0,0.0,0.0,0.0,0.0,0.0,0.0,0.0,0.0,0.0,Built Up,low,new,Ansals API Esencia,gurgaon,4.08
120.31,2.0,2.0,3.0,1.0,79.0,3.0,0.0,0.0,0.0,0.0,0.0,0.0,0.0,0.0,0.0,0.0,0.0,0.0,0.0,0.0,0.0,0.0,0.0,0.0,0.0,Super Built up,high,new,Supertech Araville,gurgaon,1.36
134.34,3.0,2.0,3.0,1.0,104.0,15.0,0.0,0.0,0.0,0.0,0.0,0.0,0.0,0.0,0.0,0.0,0.0,0.0,0.0,0.0,0.0,0.0,0.0,0.0,0.0,Carpet,high,new,Godrej Summit,gurgaon,2.04
92.9,2.0,2.0,2.0,1.0,92.0,8.0,0.0,0.0,0.0,0.0,0.0,0.0,0.0,0.0,0.0,0.0,0.0,0.0,0.0,0.0,0.0,0.0,0.0,0.0,0.0,Super Built up,low,new,Sare Crescent Parc,gurgaon,0.85
176.05,4.0,5.0,3.0,0.0,92.0,8.0,0.0,0.0,0.0,0.0,0.0,0.0,0.0,0.0,0.0,0.0,0.0,0.0,0.0,0.0,0.0,0.0,0.0,0.0,0.0,Built Up,high,old,Sare Crescent Parc,gurgaon,1.564
65.03,2.0,2.0,1.0,0.0,90.0,15.0,0.0,0.0,0.0,0.0,0.0,0.0,0.0,1.0,0.0,0.0,0.0,0.0,0.0,0.0,0.0,0.0,0.0,0.0,0.0,Super Built up,high,new,Green Court,gurgaon,0.85
120.31,2.0,2.0,3.0,0.0,79.0,3.0,0.0,0.0,0.0,0.0,0.0,0.0,0.0,0.0,0.0,0.0,0.0,0.0,0.0,0.0,0.0,0.0,0.0,0.0,0.0,Super Built up,high,new,Supertech Araville,gurgaon,1.326
58.9,2.0,2.0,1.0,0.0,81.0,10.0,0.0,0.0,0.0,0.0,0.0,0.0,0.0,0.0,0.0,0.0,0.0,0.0,0.0,0.0,0.0,0.0,0.0,0.0,0.0,Carpet,high,new,Signature Global Synera,gurgaon,0.85
133.78,3.0,2.0,3.0,1.0,104.0,15.0,0.0,0.0,0.0,0.0,0.0,0.0,0.0,0.0,0.0,0.0,0.0,0.0,0.0,0.0,0.0,0.0,0.0,0.0,0.0,Super Built up,high,new,Godrej Summit,gurgaon,2.21
46.17,2.0,2.0,1.0,0.0,99.0,8.0,0.0,0.0,0.0,0.0,0.0,0.0,0.0,0.0,0.0,0.0,0.0,0.0,0.0,0.0,0.0,0.0,0.0,0.0,0.0,Carpet,mid,new,Prime Habitat,gurgaon,0.459
165.0,4.0,4.0,3.0,0.0,,23.0,0.0,0.0,0.0,0.0,0.0,0.0,0.0,1.0,0.0,1.0,0.0,0.0,0.0,0.0,0.0,0.0,0.0,0.0,0.0,Super Built up,low,old,Sare Homes,gurgaon,1.4449999999999998
126.35,2.0,2.0,3.0,1.0,81.0,13.0,0.0,0.0,0.0,0.0,0.0,0.0,0.0,0.0,0.0,0.0,0.0,0.0,0.0,0.0,0.0,0.0,0.0,0.0,0.0,Super Built up,high,new,Bestech Park View Ananda,gurgaon,1.53
55.74,2.0,2.0,2.0,0.0,37.0,50.0,0.0,0.0,0.0,0.0,0.0,0.0,1.0,1.0,0.0,0.0,0.0,0.0,0.0,0.0,0.0,0.0,0.0,0.0,0.0,Carpet,mid,new,Millenia,gurgaon,0.68
185.81,3.0,3.0,1.0,0.0,95.0,4.0,0.0,0.0,0.0,0.0,0.0,0.0,0.0,0.0,0.0,0.0,0.0,0.0,0.0,0.0,0.0,0.0,0.0,0.0,0.0,Built Up,high,new,Sidhartha NCR One Phase 1,gurgaon,1.53
30.19,1.0,1.0,2.0,0.0,71.0,15.0,0.0,0.0,0.0,0.0,0.0,0.0,0.0,0.0,0.0,0.0,0.0,0.0,0.0,0.0,0.0,0.0,0.0,0.0,0.0,Super Built up,low,new,Signature Andour Heights,gurgaon,0.663
171.87,3.0,2.0,3.0,1.0,43.0,47.0,0.0,0.0,0.0,0.0,0.0,0.0,8.0,0.0,0.0,0.0,1.0,0.0,1.0,0.0,0.0,0.0,0.0,0.0,0.0,Super Built up,mid,old,Sanskriti Apartments,gurgaon,4.25
176.52,4.0,3.0,2.0,1.0,92.0,8.0,0.0,0.0,0.0,0.0,0.0,0.0,0.0,0.0,0.0,0.0,0.0,0.0,0.0,0.0,0.0,0.0,0.0,0.0,0.0,Super Built up,high,new,Sare Crescent Parc,gurgaon,1.36
130.06,2.0,2.0,1.0,0.0,74.0,9.0,0.0,0.0,0.0,0.0,0.0,0.0,1.0,0.0,0.0,0.0,0.0,0.0,0.0,0.0,0.0,0.0,0.0,0.0,0.0,Carpet,high,new,M3M skywalk,gurgaon,2.55
141.49,3.0,3.0,3.0,0.0,92.0,6.0,0.0,0.0,0.0,0.0,0.0,0.0,0.0,0.0,0.0,0.0,0.0,0.0,0.0,0.0,0.0,0.0,0.0,0.0,0.0,Super Built up,high,new,Sare Homes,gurgaon,1.394
157.94,2.0,3.0,3.0,1.0,104.0,13.0,0.0,0.0,0.0,0.0,0.0,0.0,0.0,0.0,0.0,0.0,0.0,0.0,0.0,0.0,0.0,0.0,0.0,0.0,0.0,Super Built up,high,new,Puri Emerald Bay,gurgaon,3.06
212.66,3.0,4.0,3.0,1.0,79.0,11.0,0.0,0.0,0.0,0.0,0.0,0.0,0.0,0.0,0.0,0.0,0.0,0.0,0.0,0.0,0.0,0.0,0.0,0.0,0.0,Super Built up,high,new,Godrej Aria,gurgaon,3.315
160.72,3.0,3.0,3.0,0.0,103.0,17.0,1.0,0.0,0.0,0.0,0.0,0.0,4.0,0.0,0.0,4.0,0.0,0.0,0.0,0.0,0.0,0.0,0.0,0.0,0.0,Super Built up,mid,under construction,Ansal Estella,gurgaon,2.55
115.57,4.0,2.0,3.0,0.0,4.0,48.0,0.0,0.0,0.0,0.0,0.0,0.0,11.0,0.0,0.0,0.0,2.0,0.0,0.0,0.0,0.0,1.0,0.0,0.0,2.0,Carpet,low,old,Chanderlok Society,gurgaon,1.53
144.0,3.0,3.0,2.0,1.0,9.0,41.0,1.0,0.0,0.0,0.0,0.0,0.0,5.0,0.0,0.0,1.0,0.0,0.0,0.0,0.0,0.0,0.0,0.0,0.0,0.0,Super Built up,mid,old,Jammu and Kashmir Bank Employees CGHS,gurgaon,1.615
167.23,3.0,3.0,3.0,0.0,37.0,9.0,0.0,0.0,0.0,0.0,0.0,0.0,0.0,0.0,0.0,0.0,0.0,0.0,0.0,0.0,0.0,0.0,0.0,0.0,0.0,Super Built up,low,under construction,ILD Greens,gurgaon,1.7
102.19,3.0,3.0,2.0,0.0,,50.0,0.0,0.0,0.0,0.0,0.0,0.0,4.0,1.0,0.0,0.0,0.0,0.0,0.0,0.0,0.0,0.0,0.0,0.0,0.0,Super Built up,low,new,ss residency,gurgaon,0.901
92.9,3.0,2.0,1.0,0.0,,30.0,0.0,0.0,0.0,0.0,0.0,0.0,1.0,0.0,0.0,0.0,0.0,0.0,0.0,0.0,0.0,0.0,0.0,0.0,0.0,Carpet,low,new,Uphar lakshya homes,gurgaon,0.714
142.14,2.0,2.0,3.0,1.0,79.0,3.0,0.0,0.0,0.0,0.0,0.0,0.0,0.0,0.0,0.0,0.0,0.0,0.0,0.0,0.0,0.0,0.0,0.0,0.0,0.0,Super Built up,mid,new,Supertech Araville,gurgaon,2.295
219.07,3.0,4.0,3.0,1.0,37.0,13.0,0.0,0.0,0.0,0.0,0.0,0.0,0.0,1.0,0.0,0.0,0.0,0.0,0.0,0.0,0.0,0.0,0.0,0.0,0.0,Super Built up,high,new,Corona Optus,gurgaon,2.55
209.03,3.0,3.0,2.0,1.0,78.0,7.0,0.0,0.0,0.0,0.0,0.0,0.0,0.0,0.0,0.0,0.0,0.0,0.0,0.0,0.0,0.0,0.0,0.0,0.0,0.0,Super Built up,high,old,Umang Monsoon Breeze,gurgaon,2.04
171.87,3.0,3.0,2.0,0.0,88.0,7.0,0.0,0.0,0.0,0.0,1.0,0.0,0.0,0.0,0.0,0.0,0.0,1.0,0.0,0.0,0.0,0.0,0.0,0.0,0.0,Carpet,low,new,Godrej Oasis,gurgaon,2.55
125.42,2.0,2.0,3.0,0.0,79.0,50.0,0.0,0.0,0.0,0.0,0.0,0.0,1.0,1.0,0.0,0.0,0.0,0.0,0.0,0.0,0.0,0.0,0.0,0.0,0.0,Carpet,mid,new,"Godrej Aria , sector 79 , Gurgaon",gurgaon,2.55
127.28,3.0,2.0,3.0,0.0,92.0,14.0,1.0,0.0,0.0,0.0,0.0,0.0,0.0,1.0,0.0,0.0,0.0,1.0,0.0,0.0,0.0,0.0,0.0,0.0,0.0,Super Built up,high,new,Raheja Sampada,gurgaon,1.53
194.17,4.0,4.0,2.0,1.0,92.0,11.0,0.0,0.0,0.0,0.0,0.0,0.0,0.0,0.0,0.0,0.0,0.0,0.0,0.0,0.0,0.0,0.0,0.0,0.0,0.0,Super Built up,high,new,Sare Green ParC Phase 3,gurgaon,1.836
139.17,2.0,2.0,2.0,0.0,92.0,11.0,1.0,0.0,0.0,0.0,0.0,0.0,0.0,0.0,0.0,0.0,0.0,0.0,0.0,0.0,0.0,0.0,0.0,0.0,0.0,Built Up,mid,new,Raheja Navodaya,gurgaon,1.054
185.71,4.0,4.0,3.0,0.0,68.0,15.0,0.0,0.0,0.0,0.0,0.0,0.0,0.0,0.0,0.0,0.0,0.0,0.0,0.0,0.0,0.0,0.0,0.0,0.0,0.0,Super Built up,high,new,Pareena Mi Casa,gurgaon,2.89
43.2,1.0,1.0,1.0,0.0,,28.0,0.0,0.0,0.0,0.0,0.0,3.0,2.0,1.0,0.0,1.0,0.0,0.0,0.0,0.0,0.0,0.0,0.0,0.0,0.0,Super Built up,mid,old,Palam Vihar Society,gurgaon,0.68
92.9,3.0,3.0,1.0,0.0,,47.0,0.0,0.0,0.0,0.0,0.0,3.0,6.0,1.0,0.0,4.0,0.0,0.0,0.0,0.0,0.0,0.0,0.0,0.0,0.0,Super Built up,low,old,Krishna appartment,gurgaon,0.595
168.25,3.0,4.0,3.0,1.0,103.0,17.0,1.0,0.0,0.0,0.0,0.0,0.0,4.0,0.0,0.0,4.0,0.0,0.0,0.0,0.0,0.0,0.0,0.0,0.0,0.0,Carpet,high,under construction,Spire Woods Now Ananda by Alpha corp,gurgaon,2.125
103.03,2.0,2.0,2.0,0.0,4.0,45.0,0.0,0.0,0.0,0.0,0.0,0.0,5.0,0.0,0.0,0.0,3.0,0.0,1.0,0.0,0.0,0.0,0.0,0.0,2.0,Built Up,low,old,DLF Regency Park 1,gurgaon,2.295
176.05,3.0,3.0,3.0,1.0,86.0,4.0,0.0,0.0,0.0,0.0,0.0,0.0,0.0,0.0,0.0,0.0,0.0,0.0,0.0,0.0,0.0,0.0,0.0,0.0,0.0,Super Built up,high,under construction,Ansal Heights 86,gurgaon,1.785
362.79,5.0,5.0,3.0,1.0,48.0,45.0,0.0,0.0,0.0,0.0,0.0,0.0,10.0,0.0,0.0,0.0,0.0,0.0,0.0,0.0,0.0,0.0,1.0,0.0,0.0,Super Built up,mid,old,Parsvnath Green Ville,gurgaon,5.609999999999999
343.74,3.0,4.0,3.0,1.0,3.0,42.0,0.0,0.0,0.0,0.0,0.0,0.0,7.0,0.0,0.0,0.0,4.0,0.0,0.0,0.0,0.0,0.0,0.0,0.0,0.0,Built Up,high,old,Ambience Lagoon,gurgaon,9.86
290.14,4.0,6.0,3.0,1.0,54.0,13.0,0.0,0.0,0.0,0.0,0.0,0.0,0.0,0.0,0.0,0.0,0.0,0.0,0.0,0.0,0.0,0.0,0.0,0.0,0.0,Super Built up,mid,new,DLF The Crest,gurgaon,18.7
