area_sqm,bedroom,bathroom,balcony,addl_room,sector,landmark_count,has_hospital_or_clinic,has_police_stn,has_fire_stn,has_mall,has_market,has_park,has_bank_or_atm,has_institute,has_airport,has_rly_stn,has_metro_stn,has_expy,has_petrol_pump,has_hotel,has_temple_or_church,has_famous_chowk,has_club,has_stadium,has_restro_cafe,area_type,floor_rise,age,society,city,price_cr
55.46,2.0,2.0,1.0,0.0,sector 102,8.0,1.0,0.0,0.0,0.0,0.0,0.0,0.0,1.0,1.0,0.0,1.0,1.0,0.0,0.0,0.0,0.0,0.0,0.0,0.0,super built up,high,new,rof aalayas,gurgaon,0.5850000000000001
418.06,4.0,4.0,3.0,1.0,sector 2,28.0,1.0,0.0,0.0,0.0,1.0,1.0,1.0,1.0,0.0,1.0,1.0,0.0,0.0,0.0,1.0,0.0,0.0,0.0,0.0,carpet,low,new,palam vihar society,gurgaon,4.355
184.88,3.0,3.0,3.0,0.0,sector 37,15.0,1.0,1.0,0.0,0.0,0.0,1.0,1.0,1.0,0.0,0.0,0.0,0.0,0.0,0.0,1.0,0.0,1.0,0.0,0.0,built up,high,under construction,ramprastha the edge towers,gurgaon,1.4300000000000002
229.19,4.0,4.0,3.0,0.0,sector 1,11.0,1.0,0.0,0.0,0.0,0.0,0.0,0.0,0.0,0.0,0.0,0.0,0.0,1.0,0.0,0.0,0.0,0.0,0.0,1.0,super built up,mid,old,hsiidc sidco aravali,manesar,1.1700000000000002
236.44,3.0,3.0,3.0,1.0,sector 109,11.0,1.0,0.0,0.0,0.0,0.0,0.0,0.0,0.0,0.0,1.0,0.0,0.0,0.0,0.0,0.0,0.0,0.0,0.0,0.0,super built up,mid,old,sbtl caladium,gurgaon,2.184
116.13,2.0,2.0,2.0,0.0,sector 61,9.0,1.0,0.0,0.0,1.0,0.0,0.0,0.0,1.0,1.0,1.0,1.0,0.0,0.0,0.0,0.0,0.0,0.0,0.0,0.0,carpet,low,new,smart world orchard,gurgaon,2.405
191.47,3.0,3.0,3.0,1.0,sector 49,13.0,1.0,0.0,0.0,1.0,0.0,0.0,1.0,1.0,0.0,0.0,0.0,0.0,0.0,1.0,1.0,0.0,0.0,0.0,0.0,super built up,high,new,orchid petals,gurgaon,3.1850000000000005
64.1,2.0,2.0,1.0,0.0,sector 90,15.0,1.0,0.0,0.0,0.0,0.0,0.0,1.0,1.0,0.0,0.0,0.0,0.0,1.0,0.0,0.0,1.0,1.0,0.0,0.0,carpet,high,new,green court,gurgaon,0.611
83.61204013377927,2.0,2.0,3.0,1.0,sector 79,10.0,0.0,0.0,0.0,0.0,0.0,0.0,0.0,1.0,1.0,0.0,0.0,0.0,0.0,0.0,0.0,0.0,0.0,1.0,0.0,carpet,high,new,godrej 101,gurgaon,1.911
121.15,2.0,2.0,3.0,0.0,sector 70,11.0,1.0,0.0,0.0,1.0,0.0,1.0,0.0,1.0,1.0,0.0,0.0,0.0,0.0,1.0,0.0,0.0,0.0,0.0,0.0,super built up,high,new,aipl zen residences,gurgaon,1.7420000000000002
101.73,2.0,2.0,2.0,1.0,sector 70,4.0,0.0,0.0,0.0,1.0,0.0,0.0,0.0,1.0,0.0,0.0,0.0,0.0,0.0,0.0,0.0,0.0,0.0,0.0,0.0,super built up,high,mid aged,unitech vistas,gurgaon,0.6890000000000001
142.61,3.0,3.0,3.0,1.0,sector 37,12.0,1.0,0.0,0.0,0.0,0.0,1.0,0.0,1.0,0.0,0.0,0.0,1.0,0.0,0.0,1.0,0.0,0.0,0.0,0.0,built up,low,new,signature global city 37d ph 2,gurgaon,1.7680000000000002
176.52,3.0,4.0,3.0,1.0,sector 83,10.0,0.0,0.0,0.0,1.0,0.0,0.0,0.0,0.0,0.0,0.0,0.0,0.0,0.0,0.0,0.0,0.0,0.0,0.0,0.0,super built up,mid,new,emaar palm gardens,gurgaon,2.3400000000000003
125.42,3.0,3.0,3.0,0.0,sector 63,12.0,1.0,0.0,0.0,0.0,0.0,0.0,0.0,1.0,1.0,1.0,1.0,1.0,0.0,1.0,0.0,1.0,0.0,0.0,0.0,carpet,low,under construction,birla navya,gurgaon,4.55
179.21,3.0,3.0,1.0,0.0,sector 86,10.0,0.0,0.0,0.0,1.0,0.0,0.0,0.0,1.0,1.0,0.0,0.0,0.0,0.0,1.0,0.0,0.0,0.0,0.0,0.0,super built up,high,new,dlf the skycourt,gurgaon,1.95
144.0,2.0,2.0,2.0,0.0,sector 104,13.0,1.0,0.0,0.0,1.0,0.0,1.0,0.0,1.0,1.0,1.0,1.0,1.0,0.0,1.0,0.0,0.0,0.0,0.0,0.0,super built up,high,new,puri emerald bay,gurgaon,1.7160000000000002
102.47,3.0,2.0,3.0,1.0,sector 89,14.0,1.0,0.0,0.0,1.0,0.0,1.0,0.0,1.0,0.0,1.0,1.0,1.0,0.0,1.0,0.0,0.0,0.0,0.0,0.0,super built up,low,new,smart world gems,gurgaon,1.508
185.81,3.0,3.0,3.0,1.0,sector 66,14.0,1.0,0.0,0.0,0.0,0.0,1.0,0.0,1.0,1.0,0.0,1.0,0.0,0.0,0.0,0.0,0.0,1.0,0.0,0.0,super built up,mid,new,emaar mgf the palm drive,gurgaon,3.887000000000001
167.23,3.0,3.0,3.0,0.0,sector 37,10.0,0.0,0.0,0.0,1.0,1.0,1.0,0.0,1.0,1.0,0.0,0.0,1.0,0.0,1.0,0.0,0.0,0.0,0.0,0.0,super built up,high,new,ramprastha primera,gurgaon,1.404
35.3,1.0,1.0,1.0,0.0,sector 95,14.0,0.0,0.0,0.0,0.0,0.0,0.0,0.0,0.0,1.0,1.0,1.0,1.0,0.0,0.0,0.0,1.0,0.0,0.0,1.0,super built up,mid,new,rof ananda,gurgaon,0.325
146.6,3.0,3.0,2.0,1.0,sector 69,10.0,1.0,0.0,0.0,1.0,0.0,1.0,0.0,1.0,1.0,0.0,0.0,0.0,0.0,1.0,0.0,0.0,0.0,0.0,0.0,super built up,high,new,tulip violet,gurgaon,1.82
168.62,3.0,4.0,3.0,1.0,sector 37,8.0,1.0,0.0,0.0,1.0,1.0,0.0,0.0,1.0,0.0,0.0,0.0,1.0,0.0,0.0,0.0,0.0,0.0,0.0,0.0,super built up,high,new,imperia the esfera,gurgaon,1.287
181.16,3.0,4.0,3.0,1.0,sector 90,10.0,1.0,0.0,0.0,1.0,0.0,1.0,0.0,1.0,1.0,0.0,0.0,1.0,0.0,1.0,0.0,0.0,0.0,0.0,0.0,super built up,mid,new,shree vardhman flora,gurgaon,1.1700000000000002
46.54,2.0,2.0,1.0,1.0,sector 86,9.0,0.0,0.0,0.0,1.0,0.0,0.0,0.0,1.0,0.0,0.0,0.0,0.0,0.0,0.0,0.0,0.0,0.0,0.0,0.0,carpet,mid,new,pyramid urban homes 2,gurgaon,0.546
273.13,3.0,4.0,3.0,1.0,sector 53,9.0,1.0,0.0,0.0,1.0,0.0,0.0,0.0,1.0,0.0,0.0,1.0,0.0,0.0,1.0,0.0,0.0,1.0,0.0,1.0,super built up,high,new,tulip monsella,gurgaon,10.725
70.61,2.0,2.0,1.0,0.0,sector 76,8.0,1.0,0.0,0.0,1.0,0.0,1.0,0.0,1.0,1.0,0.0,0.0,0.0,0.0,0.0,0.0,0.0,0.0,0.0,0.0,carpet,high,mid aged,pyramid pride,gurgaon,0.65
168.62,3.0,4.0,3.0,1.0,sector 79,9.0,0.0,0.0,0.0,1.0,0.0,0.0,0.0,1.0,1.0,0.0,1.0,1.0,0.0,0.0,0.0,0.0,0.0,0.0,0.0,super built up,high,new,mapsko mount ville,gurgaon,2.015
183.48,4.0,4.0,0.0,1.0,sector 65,6.0,1.0,0.0,0.0,0.0,0.0,0.0,0.0,0.0,1.0,0.0,0.0,0.0,0.0,1.0,0.0,0.0,0.0,0.0,0.0,carpet,mid,new,emaar mgf emerald floors premier,gurgaon,3.77
83.61204013377927,2.0,2.0,3.0,0.0,sector 79,11.0,1.0,0.0,0.0,1.0,0.0,1.0,0.0,1.0,1.0,0.0,0.0,1.0,0.0,0.0,0.0,0.0,0.0,1.0,0.0,super built up,high,new,godrej aria,gurgaon,1.4300000000000002
134.71,3.0,4.0,3.0,1.0,sector 77,10.0,1.0,0.0,0.0,1.0,0.0,1.0,0.0,1.0,1.0,0.0,0.0,1.0,0.0,0.0,0.0,0.0,0.0,0.0,0.0,carpet,low,new,emaar mgf palm hills,gurgaon,1.625
394.84,4.0,4.0,3.0,1.0,sector 72,10.0,1.0,0.0,0.0,0.0,0.0,1.0,0.0,1.0,0.0,0.0,1.0,0.0,0.0,1.0,0.0,0.0,0.0,0.0,0.0,super built up,high,new,tata primanti,gurgaon,8.450000000000001
185.81,3.0,3.0,3.0,1.0,sector 56,44.0,1.0,0.0,0.0,0.0,1.0,1.0,1.0,1.0,0.0,0.0,1.0,0.0,1.0,0.0,1.0,0.0,0.0,0.0,1.0,super built up,mid,old,kiran residency,gurgaon,2.015
121.15,2.0,2.0,3.0,1.0,sector 37,19.0,1.0,0.0,0.0,0.0,0.0,0.0,0.0,0.0,0.0,1.0,0.0,0.0,0.0,0.0,0.0,0.0,0.0,0.0,0.0,super built up,mid,under construction,proxima tower,gurgaon,0.78
301.56,3.0,3.0,3.0,1.0,sector 65,9.0,1.0,0.0,0.0,1.0,0.0,1.0,0.0,1.0,1.0,0.0,1.0,0.0,0.0,1.0,0.0,1.0,0.0,0.0,0.0,super built up,low,new,m3m golfestate,gurgaon,6.5
92.62,2.0,2.0,2.0,0.0,sector 47,45.0,1.0,0.0,0.0,0.0,0.0,1.0,1.0,0.0,0.0,0.0,0.0,0.0,0.0,0.0,0.0,0.0,0.0,0.0,1.0,carpet,low,new,unitech uniworld gardens 2,gurgaon,1.3650000000000002
106.84,2.0,2.0,2.0,0.0,sector 28,45.0,1.0,0.0,0.0,0.0,1.0,0.0,1.0,1.0,0.0,0.0,1.0,0.0,1.0,0.0,1.0,0.0,0.0,0.0,1.0,carpet,high,new,dlf regency park 1,gurgaon,2.483
128.67,2.0,2.0,3.0,0.0,sector 33,8.0,1.0,0.0,0.0,1.0,0.0,0.0,0.0,1.0,1.0,0.0,0.0,0.0,0.0,0.0,0.0,0.0,0.0,0.0,0.0,carpet,high,under construction,godrej nature plus,sohna,1.625
78.53,2.0,2.0,3.0,0.0,sector 33,8.0,1.0,0.0,0.0,0.0,0.0,0.0,0.0,1.0,1.0,1.0,1.0,0.0,0.0,0.0,0.0,0.0,0.0,0.0,0.0,super built up,mid,new,signature global park,sohna,0.7020000000000001
292.64,4.0,4.0,3.0,1.0,sector 104,13.0,1.0,0.0,0.0,1.0,0.0,1.0,0.0,1.0,1.0,0.0,1.0,1.0,0.0,1.0,0.0,1.0,0.0,0.0,0.0,super built up,high,new,ats triumph,gurgaon,3.406
54.53,2.0,2.0,1.0,0.0,sector 33,10.0,0.0,0.0,0.0,0.0,0.0,0.0,1.0,0.0,0.0,0.0,0.0,0.0,0.0,0.0,0.0,0.0,0.0,0.0,1.0,built up,high,new,mvn athens,sohna,0.325
33.62,1.0,2.0,2.0,0.0,sector 103,11.0,0.0,0.0,0.0,0.0,0.0,0.0,0.0,1.0,0.0,0.0,0.0,1.0,0.0,0.0,0.0,0.0,0.0,0.0,0.0,carpet,mid,new,signature global grand iva,gurgaon,0.39
123.19,3.0,2.0,2.0,0.0,sector 92,8.0,1.0,0.0,0.0,0.0,0.0,0.0,0.0,0.0,0.0,0.0,0.0,0.0,1.0,0.0,0.0,0.0,0.0,0.0,0.0,carpet,low,new,sare crescent parc,gurgaon,1.04
27.99,1.0,2.0,2.0,0.0,sector 104,9.0,1.0,0.0,0.0,1.0,0.0,1.0,0.0,1.0,1.0,0.0,0.0,0.0,0.0,1.0,0.0,0.0,0.0,0.0,0.0,carpet,low,new,zara aavaas,gurgaon,0.286
137.5,3.0,4.0,3.0,1.0,sector 86,10.0,1.0,0.0,0.0,1.0,0.0,0.0,0.0,1.0,1.0,0.0,0.0,1.0,0.0,0.0,0.0,0.0,0.0,0.0,0.0,super built up,high,new,microtek greenburg,gurgaon,1.625
59.9494,2.0,2.0,2.0,1.0,sector 95,14.0,0.0,0.0,0.0,0.0,0.0,0.0,0.0,0.0,1.0,1.0,1.0,1.0,0.0,0.0,0.0,1.0,0.0,0.0,1.0,carpet,high,new,rof ananda,gurgaon,0.494
278.71,4.0,4.0,3.0,1.0,sector 47,44.0,1.0,0.0,0.0,0.0,0.0,0.0,1.0,0.0,0.0,0.0,0.0,0.0,0.0,0.0,0.0,1.0,0.0,0.0,0.0,super built up,mid,old,cghs airport apartment,gurgaon,2.3400000000000003
408.77,4.0,4.0,3.0,1.0,sector 72,10.0,1.0,0.0,0.0,0.0,0.0,1.0,0.0,1.0,0.0,0.0,1.0,0.0,0.0,1.0,0.0,0.0,0.0,0.0,0.0,super built up,low,new,tata primanti,gurgaon,6.5
279.45,4.0,1.0,0.0,0.0,sector 109,15.0,1.0,0.0,0.0,0.0,0.0,0.0,0.0,1.0,0.0,0.0,0.0,1.0,0.0,0.0,0.0,0.0,0.0,0.0,0.0,built up,low,new,raheja atharva,gurgaon,2.08
154.22,3.0,2.0,3.0,1.0,sector 81,9.0,0.0,0.0,0.0,1.0,0.0,0.0,0.0,1.0,0.0,0.0,1.0,1.0,0.0,0.0,0.0,0.0,0.0,0.0,0.0,super built up,low,new,bestech park view ananda,gurgaon,1.885
183.95,3.0,3.0,2.0,1.0,sector 83,10.0,0.0,0.0,0.0,1.0,0.0,0.0,0.0,1.0,1.0,0.0,1.0,1.0,0.0,0.0,0.0,0.0,0.0,0.0,0.0,super built up,low,new,vatika gurgaon 21,gurgaon,1.625
121.7,2.0,2.0,2.0,1.0,sector 91,10.0,1.0,0.0,0.0,0.0,0.0,0.0,0.0,1.0,1.0,0.0,0.0,1.0,0.0,1.0,0.0,0.0,0.0,0.0,0.0,super built up,high,new,tarc maceo,gurgaon,1.131
188.13,3.0,5.0,3.0,1.0,sector 37,5.0,1.0,0.0,0.0,0.0,0.0,0.0,0.0,0.0,0.0,1.0,0.0,0.0,0.0,0.0,0.0,0.0,0.0,0.0,0.0,super built up,high,under construction,ramprastha skyz,gurgaon,1.3
166.3,3.0,4.0,2.0,1.0,sector 82,10.0,0.0,0.0,0.0,1.0,0.0,0.0,0.0,1.0,0.0,0.0,0.0,0.0,0.0,0.0,0.0,0.0,0.0,0.0,0.0,super built up,mid,new,mapsko royale ville,gurgaon,1.4560000000000002
125.42,2.0,3.0,1.0,0.0,sector 69,10.0,1.0,0.0,0.0,1.0,0.0,1.0,0.0,1.0,1.0,0.0,0.0,0.0,0.0,1.0,0.0,0.0,0.0,0.0,0.0,super built up,high,new,tulip violet,gurgaon,1.56
162.02,3.0,3.0,2.0,1.0,sector 90,14.0,0.0,0.0,0.0,0.0,1.0,0.0,0.0,0.0,0.0,0.0,0.0,0.0,0.0,0.0,0.0,0.0,0.0,0.0,0.0,super built up,high,new,dlf regal gardens,gurgaon,1.625
186.74,4.0,4.0,2.0,0.0,sector 69,10.0,1.0,0.0,0.0,1.0,0.0,1.0,0.0,1.0,1.0,0.0,0.0,0.0,0.0,1.0,0.0,0.0,0.0,0.0,0.0,super built up,mid,new,tulip violet,gurgaon,2.21
134.71,2.0,2.0,0.0,0.0,sector 103,15.0,1.0,0.0,0.0,1.0,1.0,1.0,0.0,1.0,1.0,1.0,1.0,1.0,0.0,0.0,0.0,1.0,0.0,0.0,0.0,built up,high,under construction,satya the hermitage,gurgaon,1.04
169.83,3.0,3.0,0.0,0.0,sector 65,9.0,1.0,0.0,0.0,0.0,0.0,1.0,0.0,1.0,1.0,0.0,1.0,0.0,0.0,1.0,0.0,0.0,0.0,0.0,0.0,built up,high,under construction,m3m skycity,gurgaon,3.64
69.68,3.0,2.0,1.0,1.0,sector 105,35.0,1.0,0.0,0.0,0.0,0.0,0.0,1.0,1.0,0.0,1.0,0.0,0.0,0.0,0.0,1.0,0.0,0.0,0.0,1.0,carpet,mid,old,uphaar residency 2,gurgaon,0.546
269.88,4.0,5.0,3.0,1.0,sector 72,10.0,1.0,0.0,0.0,0.0,0.0,1.0,0.0,1.0,0.0,0.0,1.0,0.0,0.0,1.0,0.0,0.0,0.0,0.0,0.0,super built up,high,new,tata primanti,gurgaon,5.33
139.35,3.0,3.0,3.0,1.0,sector 56,46.0,1.0,0.0,0.0,0.0,1.0,1.0,1.0,0.0,0.0,0.0,1.0,0.0,1.0,0.0,1.0,1.0,0.0,0.0,1.0,super built up,mid,old,shri banke bihari society,gurgaon,1.755
54.91,2.0,2.0,1.0,1.0,sector 67,11.0,0.0,0.0,0.0,1.0,0.0,1.0,0.0,1.0,0.0,0.0,0.0,0.0,1.0,0.0,0.0,0.0,0.0,0.0,0.0,carpet,mid,new,pyramid urban,gurgaon,0.6890000000000001
399.48,3.0,4.0,3.0,0.0,sector 48,42.0,1.0,0.0,0.0,0.0,0.0,1.0,1.0,0.0,0.0,0.0,0.0,0.0,0.0,0.0,0.0,1.0,0.0,0.0,0.0,carpet,high,old,central park 2 bellevue,gurgaon,6.5
215.54,4.0,3.0,3.0,1.0,sector 91,10.0,1.0,0.0,0.0,0.0,0.0,0.0,0.0,1.0,1.0,0.0,0.0,1.0,0.0,1.0,0.0,0.0,0.0,0.0,0.0,carpet,high,new,tarc maceo,gurgaon,2.3400000000000003
153.29,3.0,3.0,3.0,1.0,sector 102,10.0,1.0,0.0,0.0,1.0,0.0,1.0,0.0,1.0,1.0,0.0,0.0,1.0,0.0,0.0,0.0,0.0,0.0,0.0,0.0,super built up,mid,new,emaar gurgaon greens,gurgaon,1.846
349.59,3.0,5.0,3.0,1.0,sector 112,8.0,1.0,0.0,0.0,0.0,0.0,1.0,0.0,1.0,1.0,1.0,0.0,1.0,0.0,0.0,0.0,0.0,0.0,0.0,0.0,super built up,mid,new,experion windchants,gurgaon,6.175
83.61,3.0,2.0,1.0,0.0,sector 3,48.0,1.0,0.0,0.0,0.0,0.0,0.0,0.0,0.0,0.0,0.0,0.0,0.0,0.0,0.0,1.0,0.0,0.0,0.0,0.0,carpet,low,new,om appartments,gurgaon,0.52
111.95,2.0,2.0,2.0,0.0,sector 33,13.0,1.0,0.0,0.0,1.0,0.0,1.0,0.0,1.0,0.0,0.0,0.0,0.0,1.0,1.0,0.0,0.0,1.0,0.0,0.0,super built up,mid,new,ashiana anmol,sohna,1.287
183.02,4.0,4.0,1.0,0.0,sector 69,10.0,1.0,0.0,0.0,1.0,0.0,1.0,0.0,1.0,1.0,0.0,0.0,0.0,0.0,1.0,0.0,0.0,0.0,0.0,0.0,super built up,high,new,tulip violet,gurgaon,2.275
157.19,3.0,3.0,3.0,0.0,sector 102,13.0,1.0,0.0,0.0,1.0,1.0,0.0,0.0,1.0,1.0,0.0,0.0,1.0,0.0,1.0,0.0,0.0,1.0,0.0,0.0,super built up,low,new,shapoorji pallonji joyville gurugram,gurgaon,2.2880000000000003
92.9,2.0,2.0,2.0,0.0,sector 36,7.0,1.0,0.0,0.0,0.0,0.0,0.0,0.0,0.0,0.0,0.0,0.0,0.0,1.0,0.0,0.0,0.0,0.0,0.0,0.0,super built up,mid,new,avl 36 gurgaon,gurgaon,0.975
150.04,3.0,3.0,3.0,0.0,sector 110,6.0,1.0,0.0,0.0,1.0,0.0,1.0,0.0,1.0,1.0,0.0,0.0,1.0,0.0,0.0,0.0,0.0,0.0,0.0,0.0,super built up,high,new,mahindra aura,gurgaon,1.82
55.56,2.0,2.0,1.0,0.0,sector 81,10.0,1.0,0.0,0.0,1.0,0.0,0.0,0.0,1.0,0.0,0.0,0.0,1.0,0.0,1.0,0.0,0.0,0.0,0.0,0.0,super built up,high,new,signature global synera,gurgaon,0.624
128.48,2.0,2.0,3.0,0.0,sector 79,10.0,0.0,0.0,0.0,0.0,0.0,0.0,0.0,1.0,1.0,0.0,0.0,0.0,0.0,0.0,0.0,0.0,0.0,1.0,0.0,super built up,mid,new,godrej 101,gurgaon,1.534
146.69,3.0,2.0,2.0,1.0,sector 113,8.0,1.0,0.0,0.0,1.0,0.0,0.0,0.0,1.0,0.0,0.0,0.0,1.0,0.0,0.0,0.0,0.0,0.0,0.0,0.0,super built up,high,new,la vida by tata housing,gurgaon,2.47
226.31,3.0,3.0,3.0,1.0,sector 67,11.0,1.0,0.0,0.0,1.0,0.0,1.0,0.0,1.0,1.0,0.0,0.0,0.0,0.0,1.0,0.0,0.0,0.0,0.0,0.0,super built up,high,old,ireo victory valley,gurgaon,3.835
168.25,3.0,3.0,3.0,1.0,sector 37,11.0,1.0,0.0,0.0,1.0,0.0,1.0,0.0,1.0,1.0,0.0,0.0,1.0,0.0,1.0,0.0,0.0,0.0,0.0,0.0,super built up,high,new,bptp terra,gurgaon,1.95
69.68,2.0,2.0,0.0,0.0,sector 103,11.0,0.0,0.0,0.0,0.0,0.0,0.0,0.0,1.0,0.0,0.0,0.0,1.0,0.0,0.0,0.0,0.0,0.0,0.0,0.0,built up,high,under construction,signature global grand iva,gurgaon,0.65
154.22,3.0,2.0,3.0,0.0,sector 81,9.0,0.0,0.0,0.0,1.0,0.0,0.0,0.0,1.0,0.0,0.0,1.0,1.0,0.0,0.0,0.0,0.0,0.0,0.0,0.0,super built up,high,new,bestech park view ananda,gurgaon,1.495
41.81,1.0,1.0,1.0,0.0,sector 49,15.0,0.0,0.0,0.0,0.0,1.0,0.0,1.0,1.0,0.0,0.0,0.0,0.0,1.0,0.0,0.0,0.0,0.0,0.0,0.0,carpet,low,new,satya element one,gurgaon,1.131
315.87,4.0,5.0,3.0,1.0,sector 110,15.0,1.0,0.0,0.0,1.0,1.0,0.0,0.0,1.0,1.0,1.0,1.0,1.0,0.0,0.0,0.0,0.0,0.0,0.0,0.0,super built up,mid,new,indiabulls enigma,gurgaon,4.8100000000000005
114.74,2.0,2.0,2.0,1.0,sector 63,13.0,1.0,0.0,0.0,0.0,0.0,1.0,0.0,1.0,1.0,0.0,1.0,0.0,0.0,1.0,0.0,1.0,1.0,0.0,0.0,carpet,low,mid aged,signature global city 63a,gurgaon,1.82
176.52,3.0,3.0,3.0,1.0,sector 83,10.0,0.0,0.0,0.0,1.0,0.0,0.0,0.0,0.0,0.0,0.0,0.0,0.0,0.0,0.0,0.0,0.0,0.0,0.0,0.0,super built up,mid,new,emaar palm gardens,gurgaon,2.249
90.88,2.0,3.0,3.0,1.0,sector 108,9.0,1.0,0.0,0.0,1.0,0.0,1.0,0.0,1.0,1.0,0.0,0.0,1.0,0.0,0.0,0.0,0.0,0.0,0.0,0.0,built up,high,new,experion the heartsong,gurgaon,1.274
311.23,4.0,4.0,3.0,0.0,sector 110,15.0,1.0,0.0,0.0,1.0,1.0,0.0,0.0,1.0,1.0,1.0,1.0,1.0,0.0,0.0,0.0,0.0,0.0,0.0,0.0,built up,high,new,indiabulls enigma,gurgaon,5.2
121.7,2.0,2.0,0.0,0.0,sector 113,8.0,1.0,0.0,0.0,1.0,0.0,0.0,0.0,1.0,1.0,1.0,1.0,1.0,0.0,0.0,0.0,0.0,0.0,0.0,0.0,built up,mid,under construction,m3m capital,gurgaon,2.379
282.7,3.0,4.0,3.0,1.0,sector 65,9.0,1.0,0.0,0.0,1.0,0.0,1.0,0.0,1.0,1.0,0.0,1.0,0.0,0.0,1.0,0.0,1.0,0.0,0.0,0.0,super built up,high,old,m3m golfestate,gurgaon,6.422000000000001
137.5,3.0,2.0,3.0,0.0,sector 86,10.0,1.0,0.0,0.0,1.0,0.0,0.0,0.0,1.0,1.0,0.0,0.0,1.0,0.0,0.0,0.0,0.0,0.0,0.0,0.0,built up,high,new,microtek greenburg,gurgaon,1.885
167.23,3.0,3.0,2.0,0.0,sector 9,45.0,1.0,0.0,0.0,0.0,1.0,0.0,1.0,1.0,0.0,0.0,1.0,0.0,1.0,0.0,1.0,0.0,0.0,0.0,1.0,super built up,low,old,the khushboo cooperative housing society ltd,gurgaon,1.144
169.83,3.0,3.0,3.0,0.0,sector 65,11.0,1.0,0.0,0.0,1.0,0.0,1.0,0.0,1.0,1.0,0.0,1.0,1.0,0.0,1.0,0.0,0.0,0.0,0.0,0.0,super built up,high,new,m3m heights,gurgaon,4.277
174.66,3.0,2.0,3.0,0.0,sector 109,11.0,1.0,0.0,0.0,0.0,0.0,0.0,0.0,0.0,0.0,1.0,0.0,0.0,0.0,0.0,0.0,0.0,0.0,0.0,0.0,super built up,high,old,sbtl caladium,gurgaon,1.6900000000000002
124.95,3.0,3.0,3.0,1.0,sector 43,45.0,1.0,0.0,0.0,0.0,1.0,0.0,1.0,1.0,0.0,0.0,1.0,0.0,1.0,0.0,1.0,0.0,0.0,0.0,1.0,super built up,low,old,ansal maple crescent,gurgaon,1.755
167.13,3.0,3.0,3.0,1.0,sector 82,7.0,1.0,0.0,0.0,0.0,0.0,0.0,0.0,0.0,1.0,0.0,0.0,0.0,0.0,0.0,0.0,0.0,0.0,0.0,0.0,super built up,high,old,dlf the primus,gurgaon,2.431
260.13,3.0,5.0,2.0,1.0,sector 112,8.0,1.0,0.0,0.0,0.0,0.0,1.0,0.0,1.0,1.0,1.0,0.0,1.0,0.0,0.0,0.0,0.0,0.0,0.0,0.0,built up,low,new,experion windchants,gurgaon,4.745
168.15,3.0,3.0,3.0,1.0,sector 81,9.0,0.0,0.0,0.0,1.0,0.0,0.0,0.0,1.0,0.0,0.0,1.0,1.0,0.0,0.0,0.0,0.0,0.0,0.0,0.0,super built up,high,new,bestech park view ananda,gurgaon,1.885
176.24,4.0,5.0,3.0,1.0,sector 92,8.0,1.0,0.0,0.0,0.0,0.0,0.0,0.0,0.0,0.0,0.0,0.0,0.0,1.0,0.0,0.0,0.0,0.0,0.0,0.0,super built up,mid,old,sare crescent parc royal greens phase 1,gurgaon,1.235
78.5,2.0,2.0,2.0,1.0,sector 33,8.0,1.0,0.0,0.0,0.0,0.0,0.0,0.0,1.0,1.0,1.0,1.0,0.0,0.0,0.0,0.0,0.0,0.0,0.0,0.0,carpet,mid,new,signature global park,sohna,0.7020000000000001
116.78,2.0,2.0,2.0,0.0,sector 81,15.0,1.0,0.0,0.0,0.0,0.0,0.0,0.0,0.0,0.0,0.0,0.0,0.0,1.0,0.0,0.0,0.0,0.0,0.0,1.0,carpet,mid,old,vipul lavanya,gurgaon,0.975
45.43,2.0,2.0,2.0,0.0,sector 107,10.0,0.0,0.0,0.0,1.0,0.0,0.0,0.0,1.0,0.0,0.0,0.0,1.0,0.0,0.0,0.0,0.0,0.0,0.0,0.0,carpet,mid,new,signature global solera,gurgaon,0.364
150.69,3.0,3.0,3.0,1.0,sector 73,42.0,1.0,0.0,0.0,0.0,0.0,1.0,1.0,0.0,0.0,0.0,0.0,0.0,0.0,0.0,0.0,0.0,0.0,0.0,0.0,built up,low,under construction,today callidora,gurgaon,1.1700000000000002
178.47,3.0,3.0,2.0,1.0,sector 67,12.0,0.0,0.0,0.0,1.0,0.0,1.0,0.0,1.0,1.0,0.0,1.0,0.0,0.0,1.0,0.0,0.0,0.0,0.0,0.0,super built up,low,new,ireo the corridors,gurgaon,2.3400000000000003
171.87,3.0,3.0,3.0,0.0,sector 88,7.0,1.0,0.0,0.0,0.0,1.0,0.0,0.0,1.0,0.0,0.0,0.0,1.0,0.0,0.0,0.0,0.0,0.0,0.0,0.0,super built up,mid,new,godrej oasis,gurgaon,1.82
102.47,2.0,2.0,2.0,1.0,sector 89,14.0,1.0,0.0,0.0,1.0,0.0,1.0,0.0,1.0,0.0,1.0,1.0,1.0,0.0,1.0,0.0,0.0,0.0,0.0,0.0,built up,mid,new,smart world gems,gurgaon,1.3650000000000002
65.03,2.0,2.0,2.0,0.0,sector 67,11.0,0.0,0.0,0.0,1.0,0.0,1.0,0.0,1.0,0.0,0.0,0.0,0.0,1.0,0.0,0.0,0.0,0.0,0.0,0.0,super built up,high,new,pyramid urban,gurgaon,0.78
174.38,3.0,4.0,3.0,1.0,sector 50,7.0,1.0,0.0,0.0,0.0,0.0,1.0,0.0,1.0,1.0,0.0,1.0,0.0,0.0,0.0,0.0,0.0,0.0,0.0,0.0,super built up,mid,old,unitech fresco,gurgaon,2.3400000000000003
170.57,3.0,3.0,3.0,1.0,sector 50,7.0,1.0,0.0,0.0,0.0,0.0,1.0,0.0,1.0,1.0,0.0,1.0,0.0,0.0,0.0,0.0,0.0,0.0,0.0,0.0,super built up,high,old,unitech fresco,gurgaon,2.366
366.97,4.0,4.0,0.0,0.0,sector 63,10.0,1.0,0.0,0.0,0.0,0.0,1.0,1.0,0.0,0.0,0.0,0.0,0.0,0.0,0.0,1.0,0.0,0.0,0.0,1.0,built up,mid,under construction,dlf the arbour,gurgaon,10.14
167.78,4.0,3.0,3.0,1.0,sector 9,44.0,1.0,0.0,0.0,0.0,0.0,0.0,1.0,1.0,0.0,1.0,0.0,0.0,0.0,0.0,1.0,0.0,0.0,0.0,1.0,carpet,low,old,railway officers rpf society,gurgaon,1.625
132.2,3.0,3.0,2.0,0.0,sector 89,14.0,1.0,0.0,0.0,1.0,0.0,1.0,0.0,1.0,0.0,1.0,1.0,1.0,0.0,1.0,0.0,0.0,0.0,0.0,0.0,carpet,low,new,smart world gems,gurgaon,1.56
146.6,3.0,3.0,2.0,1.0,sector 69,10.0,1.0,0.0,0.0,1.0,0.0,1.0,0.0,1.0,1.0,0.0,0.0,0.0,0.0,1.0,0.0,0.0,0.0,0.0,0.0,super built up,low,new,tulip violet,gurgaon,1.82
240.15,3.0,4.0,3.0,1.0,sector 109,11.0,1.0,0.0,0.0,1.0,0.0,0.0,0.0,1.0,1.0,0.0,1.0,1.0,0.0,0.0,0.0,0.0,0.0,1.0,0.0,super built up,high,new,ats tourmaline,gurgaon,2.99
219.34,3.0,4.0,3.0,1.0,sector 107,6.0,0.0,0.0,0.0,0.0,0.0,0.0,0.0,1.0,1.0,0.0,0.0,0.0,0.0,0.0,0.0,0.0,0.0,0.0,0.0,super built up,mid,new,m3m woodshire,gurgaon,1.885
44.75,2.0,2.0,1.0,0.0,sector 33,10.0,0.0,0.0,0.0,0.0,0.0,0.0,1.0,0.0,0.0,0.0,0.0,0.0,0.0,0.0,0.0,0.0,0.0,0.0,1.0,carpet,mid,new,mvn athens,sohna,0.338
200.67,3.0,3.0,3.0,1.0,sector 82,10.0,1.0,0.0,0.0,1.0,0.0,1.0,0.0,1.0,1.0,0.0,0.0,0.0,0.0,0.0,0.0,0.0,0.0,1.0,0.0,super built up,high,new,vatika the seven lamps,gurgaon,1.807
55.74,2.0,1.0,1.0,0.0,sector 110,26.0,1.0,0.0,0.0,0.0,1.0,0.0,1.0,1.0,0.0,1.0,1.0,0.0,0.0,0.0,1.0,0.0,0.0,0.0,0.0,super built up,low,new,city shri ram apartments 1,gurgaon,0.286
150.22,2.0,2.0,3.0,1.0,sector 88,14.0,0.0,0.0,0.0,0.0,0.0,0.0,0.0,1.0,0.0,0.0,0.0,0.0,0.0,0.0,0.0,0.0,0.0,0.0,0.0,super built up,low,new,godrej icon,gurgaon,1.703
125.42,2.0,2.0,3.0,0.0,sector 79,50.0,1.0,0.0,0.0,0.0,0.0,0.0,1.0,1.0,0.0,0.0,0.0,0.0,1.0,0.0,1.0,0.0,0.0,0.0,0.0,carpet,mid,new,"godrej aria , sector 79 , gurgaon",gurgaon,1.95
183.02,4.0,4.0,1.0,1.0,sector 69,10.0,1.0,0.0,0.0,1.0,0.0,1.0,0.0,1.0,1.0,0.0,0.0,0.0,0.0,1.0,0.0,0.0,0.0,0.0,0.0,super built up,high,new,tulip violet,gurgaon,2.158
205.78,4.0,4.0,3.0,0.0,sector 90,14.0,0.0,0.0,0.0,0.0,1.0,0.0,0.0,0.0,0.0,0.0,0.0,0.0,0.0,0.0,0.0,0.0,0.0,0.0,0.0,super built up,mid,new,dlf regal gardens,gurgaon,2.665
120.77,2.0,2.0,2.0,0.0,sector 82,10.0,1.0,0.0,0.0,1.0,0.0,1.0,0.0,1.0,1.0,0.0,0.0,0.0,0.0,0.0,0.0,0.0,0.0,1.0,0.0,super built up,high,new,vatika the seven lamps,gurgaon,1.105
143.91,3.0,3.0,3.0,0.0,sector 61,35.0,1.0,0.0,0.0,0.0,0.0,1.0,1.0,1.0,0.0,0.0,1.0,0.0,1.0,0.0,1.0,0.0,0.0,0.0,1.0,carpet,low,under construction,suposhaa smartworld orchard,gurgaon,2.821
109.63,3.0,3.0,2.0,0.0,sector 92,8.0,1.0,0.0,0.0,0.0,0.0,0.0,0.0,0.0,0.0,0.0,0.0,0.0,1.0,0.0,0.0,0.0,0.0,0.0,0.0,super built up,low,new,sare homes,gurgaon,0.65
201.04,3.0,4.0,2.0,1.0,sector 58,13.0,1.0,0.0,0.0,1.0,0.0,1.0,0.0,1.0,1.0,0.0,1.0,0.0,0.0,0.0,0.0,0.0,0.0,0.0,0.0,super built up,high,new,ireo the grand arch,gurgaon,4.979
134.71,2.0,3.0,3.0,1.0,sector 103,15.0,1.0,0.0,0.0,1.0,1.0,1.0,0.0,1.0,1.0,1.0,1.0,1.0,0.0,0.0,0.0,1.0,0.0,0.0,0.0,super built up,low,new,satya the hermitage,gurgaon,1.157
112.88,2.0,2.0,3.0,0.0,sector 102,13.0,1.0,0.0,0.0,1.0,1.0,0.0,0.0,1.0,1.0,0.0,0.0,1.0,0.0,1.0,0.0,0.0,1.0,0.0,0.0,super built up,mid,new,shapoorji pallonji joyville gurugram,gurgaon,1.638
162.58,3.0,2.0,3.0,0.0,sector 45,45.0,1.0,0.0,0.0,0.0,1.0,1.0,1.0,0.0,0.0,0.0,0.0,0.0,1.0,0.0,1.0,0.0,1.0,0.0,0.0,carpet,low,old,cghs agrim apartment,gurgaon,1.937
121.7,2.0,2.0,3.0,0.0,sector 65,9.0,1.0,0.0,0.0,0.0,0.0,1.0,0.0,1.0,1.0,0.0,1.0,0.0,0.0,1.0,0.0,0.0,0.0,0.0,0.0,carpet,high,new,m3m skycity,gurgaon,2.3400000000000003
208.47,3.0,4.0,3.0,1.0,sector 79,10.0,0.0,0.0,0.0,0.0,0.0,0.0,0.0,1.0,1.0,0.0,0.0,0.0,0.0,0.0,0.0,0.0,0.0,1.0,0.0,super built up,mid,new,godrej 101,gurgaon,2.639
55.74,2.0,2.0,2.0,0.0,sector 81,10.0,1.0,0.0,0.0,1.0,0.0,0.0,0.0,1.0,0.0,0.0,0.0,1.0,0.0,1.0,0.0,0.0,0.0,0.0,0.0,carpet,mid,new,signature global synera,gurgaon,0.507
185.34,3.0,4.0,3.0,1.0,sector 92,11.0,1.0,0.0,0.0,1.0,0.0,1.0,0.0,1.0,1.0,0.0,0.0,1.0,0.0,1.0,0.0,0.0,0.0,0.0,0.0,super built up,high,new,bestech park view sanskruti,gurgaon,2.015
217.76,4.0,4.0,3.0,1.0,sector 91,8.0,1.0,0.0,0.0,0.0,0.0,1.0,0.0,1.0,1.0,0.0,1.0,0.0,0.0,0.0,0.0,0.0,0.0,0.0,0.0,carpet,mid,old,dlf new town heights,gurgaon,2.3400000000000003
125.6,2.0,2.0,3.0,1.0,sector 90,10.0,1.0,0.0,0.0,1.0,0.0,1.0,0.0,1.0,1.0,0.0,0.0,1.0,0.0,1.0,0.0,0.0,0.0,0.0,0.0,super built up,high,new,shree vardhman flora,gurgaon,0.91
276.76,3.0,3.0,3.0,1.0,sector 65,9.0,1.0,0.0,0.0,1.0,0.0,1.0,0.0,1.0,1.0,0.0,1.0,0.0,0.0,1.0,0.0,1.0,0.0,0.0,0.0,super built up,high,new,m3m golfestate,gurgaon,6.5
205.97,3.0,4.0,3.0,1.0,sector 113,8.0,1.0,0.0,0.0,1.0,0.0,0.0,0.0,1.0,0.0,0.0,0.0,1.0,0.0,0.0,0.0,0.0,0.0,0.0,0.0,super built up,low,new,la vida by tata housing,gurgaon,3.055
218.32,3.0,2.0,3.0,0.0,sector 92,11.0,1.0,0.0,0.0,0.0,0.0,0.0,1.0,1.0,0.0,0.0,0.0,1.0,0.0,0.0,1.0,0.0,0.0,0.0,0.0,built up,high,under construction,raheja navodaya,gurgaon,1.4300000000000002
145.39,3.0,3.0,0.0,0.0,sector 70,4.0,0.0,0.0,0.0,1.0,0.0,0.0,0.0,1.0,0.0,0.0,0.0,0.0,0.0,0.0,0.0,0.0,0.0,0.0,0.0,built up,mid,under construction,unitech vistas,gurgaon,11.7
264.87,4.0,4.0,3.0,1.0,sector 61,14.0,1.0,0.0,0.0,0.0,0.0,1.0,0.0,1.0,1.0,0.0,1.0,0.0,0.0,1.0,0.0,0.0,1.0,0.0,0.0,super built up,low,old,pioneer park,gurgaon,4.680000000000001
127.83,3.0,3.0,2.0,1.0,sector 50,44.0,1.0,0.0,0.0,0.0,1.0,1.0,1.0,1.0,0.0,0.0,0.0,0.0,0.0,0.0,1.0,0.0,1.0,0.0,1.0,super built up,high,new,eros wembley estate,gurgaon,1.82
54.0148,2.0,2.0,1.0,0.0,sector 86,8.0,1.0,0.0,0.0,1.0,0.0,0.0,0.0,1.0,1.0,0.0,0.0,1.0,0.0,0.0,0.0,0.0,0.0,0.0,0.0,carpet,high,under construction,pyramid elite,gurgaon,0.5980000000000001
179.3,3.0,3.0,3.0,1.0,sector 90,6.0,1.0,0.0,0.0,0.0,0.0,0.0,0.0,1.0,1.0,0.0,0.0,0.0,0.0,1.0,0.0,0.0,0.0,0.0,0.0,super built up,high,new,dlf new town heights 1,gurgaon,1.6900000000000002
195.1,3.0,3.0,3.0,1.0,sector 47,43.0,1.0,0.0,0.0,0.0,0.0,0.0,1.0,0.0,0.0,0.0,0.0,0.0,0.0,0.0,0.0,1.0,0.0,0.0,0.0,super built up,low,old,cghs airport apartment,gurgaon,2.145
205.78,4.0,4.0,3.0,0.0,sector 90,14.0,0.0,0.0,0.0,0.0,1.0,0.0,0.0,0.0,0.0,0.0,0.0,0.0,0.0,0.0,0.0,0.0,0.0,0.0,0.0,super built up,high,new,dlf regal gardens,gurgaon,2.314
283.82,4.0,4.0,3.0,1.0,sector 109,11.0,1.0,0.0,0.0,0.0,0.0,0.0,0.0,0.0,0.0,1.0,0.0,0.0,0.0,0.0,0.0,0.0,0.0,0.0,0.0,super built up,high,new,sbtl caladium,gurgaon,2.47
205.78,3.0,4.0,2.0,1.0,sector 111,10.0,1.0,0.0,0.0,1.0,0.0,0.0,0.0,1.0,1.0,0.0,1.0,1.0,0.0,0.0,0.0,0.0,0.0,0.0,0.0,super built up,mid,new,puri diplomatic greens,gurgaon,3.445
46.17,2.0,2.0,1.0,0.0,sector 99,8.0,1.0,0.0,0.0,1.0,0.0,0.0,0.0,1.0,1.0,0.0,0.0,1.0,0.0,0.0,0.0,0.0,0.0,0.0,0.0,carpet,mid,new,prime habitat,gurgaon,0.351
83.61,2.0,2.0,1.0,0.0,sector 81,15.0,1.0,0.0,0.0,0.0,0.0,0.0,0.0,0.0,0.0,0.0,0.0,0.0,1.0,0.0,0.0,0.0,0.0,0.0,1.0,super built up,high,mid aged,vipul lavanya,gurgaon,0.78
112.41,3.0,3.0,3.0,1.0,sector 33,8.0,1.0,0.0,0.0,0.0,0.0,0.0,0.0,1.0,1.0,1.0,1.0,0.0,0.0,0.0,0.0,0.0,0.0,0.0,0.0,carpet,low,new,signature global park,sohna,1.014
115.66,2.0,2.0,2.0,0.0,sector 83,10.0,0.0,0.0,0.0,1.0,0.0,0.0,0.0,1.0,1.0,0.0,1.0,1.0,0.0,0.0,0.0,0.0,0.0,0.0,0.0,super built up,mid,old,vatika gurgaon 21,gurgaon,1.092
65.03,2.0,2.0,1.0,0.0,sector 90,15.0,1.0,0.0,0.0,0.0,0.0,0.0,1.0,1.0,0.0,0.0,0.0,0.0,1.0,0.0,0.0,1.0,1.0,0.0,0.0,super built up,high,new,green court,gurgaon,0.65
196.95,3.0,4.0,3.0,1.0,sector 92,11.0,1.0,0.0,0.0,1.0,0.0,1.0,0.0,1.0,1.0,0.0,0.0,1.0,0.0,1.0,0.0,0.0,0.0,0.0,0.0,super built up,high,new,bestech park view sanskruti,gurgaon,2.184
58.9,2.0,2.0,1.0,0.0,sector 81,10.0,1.0,0.0,0.0,1.0,0.0,0.0,0.0,1.0,0.0,0.0,0.0,1.0,0.0,1.0,0.0,0.0,0.0,0.0,0.0,carpet,high,new,signature global synera,gurgaon,0.65
85.94,2.0,2.0,1.0,0.0,sector 37,4.0,1.0,0.0,0.0,1.0,0.0,0.0,0.0,1.0,0.0,0.0,0.0,0.0,0.0,0.0,0.0,0.0,0.0,0.0,0.0,super built up,low,new,apex our homes,gurgaon,0.429
135.36,2.0,2.0,3.0,1.0,sector 33,7.0,1.0,0.0,0.0,0.0,0.0,0.0,0.0,1.0,0.0,0.0,0.0,1.0,0.0,0.0,0.0,0.0,0.0,0.0,0.0,super built up,high,new,eldeco accolade,sohna,1.248
196.49,3.0,3.0,3.0,1.0,sector 1,11.0,1.0,0.0,0.0,0.0,0.0,0.0,0.0,0.0,0.0,0.0,0.0,0.0,1.0,0.0,0.0,0.0,0.0,0.0,1.0,super built up,low,old,prasha apartments,manesar,0.975
139.35,3.0,3.0,3.0,0.0,sector 65,46.0,1.0,0.0,0.0,0.0,1.0,1.0,1.0,0.0,0.0,0.0,0.0,0.0,0.0,0.0,1.0,0.0,1.0,0.0,0.0,super built up,high,under construction,pareena micasa,gurgaon,1.6900000000000002
240.43,3.0,3.0,3.0,1.0,sector 1,11.0,1.0,0.0,0.0,0.0,0.0,0.0,0.0,0.0,0.0,0.0,0.0,0.0,1.0,0.0,0.0,0.0,0.0,0.0,1.0,super built up,low,old,hsiidc sidco aravali,manesar,1.0530000000000002
102.47,2.0,2.0,2.0,1.0,sector 89,14.0,1.0,0.0,0.0,1.0,0.0,1.0,0.0,1.0,0.0,1.0,1.0,1.0,0.0,1.0,0.0,0.0,0.0,0.0,0.0,carpet,mid,new,smart world gems,gurgaon,1.235
163.32,3.0,3.0,3.0,1.0,sector 108,9.0,1.0,0.0,0.0,1.0,0.0,1.0,0.0,1.0,1.0,0.0,0.0,1.0,0.0,0.0,0.0,0.0,0.0,0.0,0.0,super built up,high,new,experion the heartsong,gurgaon,1.56
205.78,4.0,4.0,3.0,0.0,sector 90,14.0,0.0,0.0,0.0,0.0,1.0,0.0,0.0,0.0,0.0,0.0,0.0,0.0,0.0,0.0,0.0,0.0,0.0,0.0,0.0,super built up,high,new,dlf regal gardens,gurgaon,2.2880000000000003
117.89,2.0,2.0,3.0,1.0,sector 104,15.0,1.0,0.0,0.0,1.0,0.0,0.0,0.0,1.0,1.0,1.0,1.0,1.0,0.0,1.0,0.0,0.0,0.0,1.0,0.0,super built up,high,under construction,godrej summit,gurgaon,1.4300000000000002
274.06,4.0,5.0,3.0,1.0,sector 111,10.0,1.0,0.0,0.0,1.0,0.0,0.0,0.0,1.0,1.0,0.0,1.0,1.0,0.0,0.0,0.0,0.0,0.0,0.0,0.0,super built up,high,new,puri diplomatic greens,gurgaon,4.55
194.45,3.0,3.0,3.0,1.0,sector 50,9.0,1.0,0.0,0.0,0.0,0.0,1.0,0.0,1.0,1.0,1.0,1.0,0.0,0.0,0.0,0.0,0.0,0.0,0.0,0.0,super built up,high,old,the close north,gurgaon,3.263
253.35,4.0,4.0,3.0,1.0,sector 91,8.0,1.0,0.0,0.0,0.0,0.0,1.0,0.0,1.0,1.0,0.0,1.0,0.0,0.0,0.0,0.0,0.0,0.0,0.0,0.0,super built up,high,old,dlf new town heights,gurgaon,2.6
160.26,3.0,3.0,3.0,0.0,sector 37,5.0,1.0,0.0,0.0,0.0,0.0,0.0,0.0,0.0,0.0,1.0,0.0,0.0,0.0,0.0,0.0,0.0,0.0,0.0,0.0,super built up,mid,mid aged,ramprastha skyz,gurgaon,1.4300000000000002
175.49,3.0,4.0,3.0,1.0,sector 102,11.0,1.0,0.0,0.0,1.0,0.0,1.0,0.0,1.0,1.0,0.0,0.0,1.0,0.0,1.0,0.0,0.0,0.0,0.0,0.0,super built up,high,new,adani m2k oyster grande,gurgaon,2.47
243.87,4.0,5.0,3.0,1.0,sector 72,10.0,1.0,0.0,0.0,0.0,0.0,1.0,0.0,1.0,0.0,0.0,1.0,0.0,0.0,1.0,0.0,0.0,0.0,0.0,0.0,super built up,high,new,tata primanti,gurgaon,4.147
102.1,2.0,2.0,2.0,0.0,sector 104,7.0,1.0,0.0,0.0,0.0,1.0,0.0,0.0,1.0,1.0,1.0,1.0,1.0,0.0,0.0,0.0,0.0,0.0,0.0,0.0,super built up,high,mid aged,hero homes,gurgaon,1.56
116.13,2.0,3.0,2.0,0.0,sector 10,49.0,1.0,0.0,0.0,0.0,0.0,0.0,0.0,1.0,0.0,0.0,0.0,0.0,1.0,0.0,0.0,1.0,0.0,0.0,0.0,carpet,high,new,maxworth city residences,gurgaon,1.04
50.5,2.0,2.0,2.0,0.0,sector 93,8.0,0.0,0.0,0.0,1.0,0.0,0.0,0.0,1.0,1.0,0.0,0.0,0.0,0.0,0.0,0.0,0.0,0.0,0.0,0.0,carpet,high,new,signature global orchard avenue,gurgaon,0.52
153.29,3.0,3.0,3.0,1.0,sector 102,10.0,1.0,0.0,0.0,1.0,0.0,1.0,0.0,1.0,1.0,0.0,0.0,1.0,0.0,0.0,0.0,0.0,0.0,0.0,0.0,super built up,mid,new,emaar gurgaon greens,gurgaon,1.885
218.32,4.0,4.0,3.0,1.0,sector 67,11.0,0.0,0.0,0.0,1.0,0.0,0.0,0.0,1.0,0.0,0.0,0.0,0.0,0.0,0.0,0.0,0.0,0.0,0.0,0.0,super built up,high,old,bestech park view spa next,gurgaon,3.51
104.05,3.0,2.0,2.0,0.0,sector 33,8.0,1.0,0.0,0.0,0.0,0.0,0.0,0.0,1.0,1.0,1.0,1.0,0.0,0.0,0.0,0.0,0.0,0.0,0.0,0.0,carpet,low,new,signature global park,sohna,1.079
180.51,3.0,3.0,3.0,1.0,sector 107,6.0,0.0,0.0,0.0,0.0,0.0,0.0,0.0,1.0,1.0,0.0,0.0,0.0,0.0,0.0,0.0,0.0,0.0,0.0,0.0,super built up,mid,new,m3m woodshire,gurgaon,1.6900000000000002
179.3,3.0,3.0,3.0,0.0,sector 90,6.0,1.0,0.0,0.0,0.0,0.0,0.0,0.0,1.0,1.0,0.0,0.0,0.0,0.0,1.0,0.0,0.0,0.0,0.0,0.0,super built up,high,new,dlf new town heights 1,gurgaon,1.56
58.06,2.0,2.0,2.0,0.0,sector 33,14.0,1.0,0.0,0.0,0.0,0.0,1.0,1.0,1.0,0.0,1.0,0.0,0.0,0.0,1.0,0.0,0.0,1.0,0.0,0.0,carpet,high,new,breez global hill view,sohna,0.4549999999999999
168.25,3.0,4.0,3.0,1.0,sector 103,17.0,1.0,0.0,0.0,0.0,0.0,0.0,1.0,0.0,0.0,1.0,0.0,0.0,0.0,0.0,0.0,0.0,0.0,0.0,1.0,carpet,high,under construction,spire woods now ananda by alpha corp,gurgaon,1.625
232.26,4.0,4.0,3.0,0.0,sector 65,18.0,1.0,0.0,0.0,0.0,0.0,1.0,1.0,0.0,0.0,0.0,0.0,0.0,0.0,0.0,1.0,0.0,0.0,0.0,0.0,built up,low,new,ansals api esencia,gurgaon,3.12
218.32,4.0,4.0,3.0,1.0,sector 67,11.0,0.0,0.0,0.0,1.0,0.0,0.0,0.0,1.0,0.0,0.0,0.0,0.0,0.0,0.0,0.0,0.0,0.0,0.0,0.0,super built up,mid,old,bestech park view spa next,gurgaon,3.705
181.16,3.0,5.0,3.0,1.0,sector 70,15.0,1.0,0.0,0.0,1.0,0.0,1.0,1.0,0.0,0.0,0.0,0.0,0.0,1.0,0.0,0.0,0.0,0.0,0.0,0.0,super built up,mid,old,shree vardhman victoria,gurgaon,2.171
315.87,4.0,5.0,3.0,1.0,sector 110,15.0,1.0,0.0,0.0,1.0,1.0,0.0,0.0,1.0,1.0,1.0,1.0,1.0,0.0,0.0,0.0,0.0,0.0,0.0,0.0,super built up,low,new,indiabulls enigma,gurgaon,4.42
74.32,3.0,2.0,1.0,0.0,sector 7,50.0,1.0,0.0,0.0,0.0,0.0,0.0,1.0,1.0,0.0,0.0,0.0,0.0,0.0,0.0,0.0,0.0,0.0,0.0,1.0,carpet,low,new,rwa,gurgaon,0.624
98.11,2.0,2.0,0.0,0.0,sector 3,48.0,1.0,0.0,0.0,0.0,0.0,0.0,1.0,0.0,0.0,0.0,0.0,0.0,0.0,0.0,1.0,0.0,0.0,0.0,0.0,built up,mid,under construction,godrej habitat,gurgaon,1.755
128.67,2.0,2.0,3.0,1.0,sector 106,11.0,1.0,0.0,0.0,1.0,0.0,1.0,0.0,1.0,1.0,0.0,1.0,1.0,0.0,1.0,0.0,0.0,0.0,0.0,0.0,super built up,mid,new,paras dews,gurgaon,1.261
50.07,1.0,1.0,2.0,0.0,sector 47,43.0,1.0,0.0,0.0,0.0,0.0,0.0,1.0,0.0,0.0,0.0,0.0,0.0,0.0,0.0,0.0,1.0,0.0,0.0,0.0,carpet,low,old,irwo westend towers,gurgaon,0.8450000000000001
165.37,3.0,3.0,3.0,0.0,sector 2,10.0,1.0,0.0,0.0,1.0,1.0,0.0,0.0,1.0,1.0,1.0,1.0,0.0,0.0,0.0,0.0,0.0,0.0,0.0,0.0,super built up,mid,old,bestech park view residency,gurgaon,1.82
55.23,2.0,2.0,3.0,0.0,sector 95,9.0,1.0,0.0,0.0,1.0,0.0,0.0,0.0,1.0,1.0,1.0,1.0,0.0,0.0,0.0,0.0,0.0,0.0,0.0,0.0,carpet,low,new,signature global superbia,gurgaon,0.52
123.19,3.0,2.0,2.0,0.0,sector 92,11.0,0.0,0.0,0.0,0.0,0.0,0.0,0.0,1.0,1.0,0.0,1.0,1.0,0.0,0.0,0.0,0.0,0.0,0.0,0.0,super built up,mid,new,sare green parc phase 3,gurgaon,0.91
198.26,4.0,4.0,3.0,1.0,sector 33,15.0,0.0,0.0,0.0,0.0,0.0,1.0,1.0,1.0,0.0,0.0,0.0,0.0,1.0,1.0,0.0,0.0,0.0,0.0,1.0,carpet,low,new,central park flower valley aqua front towers,sohna,3.848
232.26,3.0,3.0,1.0,1.0,sector 25,47.0,1.0,0.0,0.0,0.0,0.0,1.0,1.0,0.0,0.0,0.0,1.0,0.0,0.0,0.0,1.0,1.0,0.0,0.0,1.0,carpet,high,old,unitech heritage city,gurgaon,4.719
179.3,3.0,3.0,3.0,1.0,sector 90,6.0,1.0,0.0,0.0,0.0,0.0,0.0,0.0,1.0,1.0,0.0,0.0,0.0,0.0,1.0,0.0,0.0,0.0,0.0,0.0,super built up,mid,new,dlf new town heights 1,gurgaon,1.573
253.35,4.0,4.0,3.0,1.0,sector 90,6.0,1.0,0.0,0.0,0.0,0.0,0.0,0.0,1.0,1.0,0.0,0.0,0.0,0.0,1.0,0.0,0.0,0.0,0.0,0.0,super built up,high,new,dlf new town heights 1,gurgaon,2.47
240.43,3.0,3.0,3.0,1.0,sector 62,11.0,1.0,0.0,0.0,1.0,0.0,1.0,0.0,1.0,1.0,0.0,1.0,0.0,0.0,0.0,0.0,0.0,0.0,0.0,0.0,carpet,high,new,emaar digihomes,gurgaon,5.135000000000001
174.19,3.0,4.0,3.0,1.0,sector 90,10.0,1.0,0.0,0.0,1.0,0.0,1.0,0.0,1.0,1.0,0.0,0.0,1.0,0.0,1.0,0.0,0.0,0.0,0.0,0.0,super built up,low,new,shree vardhman flora,gurgaon,1.248
131.64,3.0,3.0,2.0,0.0,sector 92,7.0,1.0,0.0,0.0,0.0,0.0,0.0,0.0,0.0,0.0,0.0,0.0,0.0,1.0,0.0,0.0,0.0,0.0,0.0,0.0,carpet,low,new,sare homes,gurgaon,0.8450000000000001
353.59,4.0,5.0,3.0,0.0,sector 43,48.0,1.0,0.0,0.0,0.0,0.0,0.0,1.0,0.0,0.0,0.0,1.0,0.0,0.0,0.0,0.0,1.0,0.0,0.0,1.0,built up,low,under construction,the ivy,gurgaon,7.800000000000001
181.72,4.0,3.0,3.0,0.0,sector 92,11.0,0.0,0.0,0.0,0.0,0.0,0.0,0.0,1.0,1.0,0.0,1.0,1.0,0.0,0.0,0.0,0.0,0.0,0.0,0.0,super built up,mid,old,sare green parc phase 3,gurgaon,1.235
155.24,3.0,2.0,2.0,0.0,sector 33,8.0,1.0,0.0,0.0,1.0,0.0,0.0,0.0,1.0,1.0,0.0,0.0,0.0,0.0,0.0,0.0,0.0,0.0,0.0,0.0,carpet,high,new,godrej nature plus,sohna,2.171
120.59,2.0,2.0,2.0,0.0,sector 82,10.0,1.0,0.0,0.0,1.0,0.0,1.0,0.0,1.0,1.0,0.0,0.0,0.0,0.0,0.0,0.0,0.0,0.0,1.0,0.0,super built up,high,new,vatika the seven lamps,gurgaon,1.014
106.93,2.0,2.0,3.0,0.0,sector 33,8.0,1.0,0.0,0.0,1.0,0.0,0.0,0.0,1.0,1.0,0.0,0.0,0.0,0.0,0.0,0.0,0.0,0.0,0.0,0.0,carpet,low,under construction,godrej nature plus,sohna,2.145
162.58,3.0,3.0,2.0,0.0,sector 84,13.0,1.0,0.0,0.0,1.0,0.0,1.0,0.0,1.0,1.0,0.0,0.0,1.0,0.0,0.0,0.0,0.0,0.0,1.0,0.0,super built up,high,new,ss the coralwood,gurgaon,1.3130000000000002
205.78,4.0,4.0,3.0,1.0,sector 90,14.0,0.0,0.0,0.0,0.0,1.0,0.0,0.0,0.0,0.0,0.0,0.0,0.0,0.0,0.0,0.0,0.0,0.0,0.0,0.0,super built up,high,new,dlf regal gardens,gurgaon,2.145
288.0,4.0,5.0,3.0,1.0,sector 48,43.0,1.0,0.0,0.0,0.0,0.0,1.0,1.0,0.0,0.0,0.0,0.0,0.0,0.0,0.0,1.0,0.0,0.0,0.0,0.0,carpet,mid,new,vipul world floors,gurgaon,5.59
179.77,3.0,4.0,3.0,1.0,sector 67,11.0,0.0,0.0,0.0,1.0,0.0,0.0,0.0,1.0,0.0,0.0,0.0,0.0,0.0,0.0,0.0,0.0,0.0,0.0,0.0,super built up,high,old,bestech park view spa next,gurgaon,3.016
197.42,3.0,4.0,3.0,1.0,sector 70,7.0,1.0,0.0,0.0,1.0,0.0,1.0,0.0,1.0,1.0,0.0,0.0,0.0,0.0,0.0,0.0,0.0,0.0,0.0,0.0,super built up,high,new,krrish florence estate,gurgaon,2.145
125.42,2.0,3.0,1.0,1.0,sector 69,10.0,1.0,0.0,0.0,1.0,0.0,1.0,0.0,1.0,1.0,0.0,0.0,0.0,0.0,1.0,0.0,0.0,0.0,0.0,0.0,carpet,high,new,tulip violet,gurgaon,1.547
250.65,3.0,4.0,3.0,1.0,sector 67,11.0,1.0,0.0,0.0,1.0,0.0,1.0,0.0,1.0,1.0,0.0,0.0,0.0,0.0,1.0,0.0,0.0,0.0,0.0,0.0,super built up,high,new,ireo victory valley,gurgaon,4.55
126.81,2.0,2.0,3.0,0.0,sector 103,15.0,1.0,0.0,0.0,1.0,1.0,1.0,0.0,1.0,1.0,1.0,1.0,1.0,0.0,1.0,0.0,0.0,0.0,0.0,0.0,built up,low,new,indiabulls centrum park,gurgaon,1.3650000000000002
179.3,3.0,3.0,3.0,1.0,sector 86,15.0,1.0,0.0,0.0,0.0,0.0,0.0,1.0,1.0,1.0,0.0,0.0,0.0,0.0,0.0,0.0,0.0,0.0,0.0,0.0,super built up,high,old,dlf new town heights 2,gurgaon,1.6900000000000002
165.09,3.0,3.0,2.0,1.0,sector 28,47.0,1.0,0.0,0.0,0.0,1.0,0.0,1.0,0.0,0.0,0.0,1.0,0.0,0.0,0.0,1.0,0.0,0.0,0.0,1.0,super built up,high,old,dlf regency park 2,gurgaon,2.9250000000000003
483.1,5.0,5.0,3.0,1.0,sector 25,43.0,1.0,0.0,0.0,0.0,0.0,1.0,1.0,0.0,0.0,0.0,1.0,0.0,0.0,0.0,1.0,0.0,0.0,0.0,1.0,carpet,low,old,dlf beverly park,gurgaon,10.4
100.43,2.0,2.0,0.0,0.0,sector 33,8.0,1.0,0.0,0.0,0.0,0.0,0.0,0.0,1.0,1.0,1.0,1.0,0.0,0.0,0.0,0.0,0.0,0.0,0.0,0.0,built up,low,under construction,signature global park,sohna,0.975
120.5,2.0,2.0,2.0,0.0,sector 89,7.0,0.0,0.0,0.0,0.0,0.0,0.0,0.0,0.0,0.0,1.0,0.0,0.0,1.0,0.0,0.0,0.0,0.0,0.0,1.0,carpet,mid,under construction,greenopolis,gurgaon,1.04
102.19,2.0,2.0,2.0,0.0,sector 69,42.0,1.0,0.0,0.0,0.0,1.0,1.0,1.0,0.0,0.0,0.0,0.0,0.0,0.0,0.0,1.0,0.0,1.0,0.0,0.0,built up,mid,old,surendra avenue 69,gurgaon,0.975
51.02,2.0,2.0,1.0,1.0,sector 95,14.0,0.0,0.0,0.0,0.0,0.0,0.0,0.0,0.0,1.0,1.0,1.0,1.0,0.0,0.0,0.0,1.0,0.0,0.0,1.0,carpet,high,new,rof ananda,gurgaon,0.416
929.03,5.0,6.0,3.0,1.0,sector 2,14.0,0.0,0.0,0.0,0.0,0.0,0.0,0.0,1.0,0.0,0.0,0.0,0.0,0.0,0.0,0.0,0.0,0.0,0.0,1.0,super built up,high,new,krrish provence estate,gurgaon,9.75
83.61204013377927,2.0,2.0,2.0,1.0,sector 99,8.0,0.0,0.0,0.0,1.0,0.0,0.0,0.0,1.0,1.0,0.0,1.0,1.0,0.0,0.0,0.0,0.0,0.0,0.0,0.0,carpet,high,new,pivotal riddhi siddhi,gurgaon,0.936
159.79,3.0,3.0,3.0,1.0,sector 90,14.0,0.0,0.0,0.0,0.0,1.0,0.0,0.0,0.0,0.0,0.0,0.0,0.0,0.0,0.0,0.0,0.0,0.0,0.0,0.0,super built up,high,new,dlf regal gardens,gurgaon,1.625
126.91,2.0,2.0,3.0,1.0,sector 107,6.0,0.0,0.0,0.0,0.0,0.0,0.0,0.0,1.0,1.0,0.0,0.0,0.0,0.0,0.0,0.0,0.0,0.0,0.0,0.0,super built up,high,new,m3m woodshire,gurgaon,1.3130000000000002
52.86,2.0,2.0,1.0,0.0,sector 104,9.0,1.0,0.0,0.0,1.0,0.0,1.0,0.0,1.0,1.0,0.0,0.0,0.0,0.0,1.0,0.0,0.0,0.0,0.0,0.0,super built up,high,new,zara aavaas,gurgaon,0.52
165.83,3.0,3.0,3.0,0.0,sector 83,10.0,0.0,0.0,0.0,1.0,0.0,0.0,0.0,1.0,1.0,0.0,1.0,1.0,0.0,0.0,0.0,0.0,0.0,0.0,0.0,super built up,mid,new,vatika gurgaon 21,gurgaon,1.4300000000000002
153.29,3.0,3.0,3.0,1.0,sector 102,10.0,1.0,0.0,0.0,1.0,0.0,1.0,0.0,1.0,1.0,0.0,0.0,1.0,0.0,0.0,0.0,0.0,0.0,0.0,0.0,super built up,low,new,emaar gurgaon greens,gurgaon,1.82
118.92,2.0,2.0,2.0,0.0,sector 78,7.0,1.0,0.0,0.0,0.0,0.0,0.0,1.0,0.0,0.0,0.0,1.0,0.0,0.0,0.0,0.0,0.0,0.0,0.0,0.0,carpet,high,old,umang monsoon breeze,gurgaon,0.8969999999999999
50.91,2.0,2.0,1.0,0.0,sector 107,10.0,0.0,0.0,0.0,1.0,0.0,0.0,0.0,1.0,0.0,0.0,0.0,1.0,0.0,0.0,0.0,0.0,0.0,0.0,0.0,super built up,high,new,signature global solera,gurgaon,0.4679999999999999
180.42,3.0,4.0,3.0,1.0,sector 102,15.0,0.0,0.0,0.0,1.0,0.0,1.0,0.0,1.0,1.0,1.0,1.0,1.0,0.0,1.0,0.0,0.0,0.0,1.0,0.0,super built up,high,new,conscient heritage max,gurgaon,2.275
166.3,3.0,4.0,2.0,1.0,sector 82,10.0,0.0,0.0,0.0,1.0,0.0,0.0,0.0,1.0,0.0,0.0,0.0,0.0,0.0,0.0,0.0,0.0,0.0,0.0,0.0,super built up,high,new,mapsko royale ville,gurgaon,1.261
366.97,4.0,6.0,3.0,1.0,sector 85,13.0,1.0,0.0,0.0,1.0,0.0,1.0,0.0,1.0,1.0,0.0,0.0,1.0,0.0,1.0,0.0,0.0,0.0,1.0,0.0,super built up,mid,new,ss the leaf,gurgaon,2.483
157.47,3.0,3.0,3.0,1.0,sector 103,15.0,1.0,0.0,0.0,1.0,1.0,1.0,0.0,1.0,1.0,1.0,1.0,1.0,0.0,1.0,0.0,0.0,0.0,0.0,0.0,super built up,mid,new,indiabulls centrum park,gurgaon,1.7160000000000002
114.64,2.0,2.0,2.0,1.0,sector 89,14.0,0.0,0.0,0.0,0.0,0.0,0.0,0.0,0.0,0.0,0.0,0.0,0.0,0.0,0.0,0.0,0.0,0.0,0.0,0.0,carpet,low,new,ace palm floors,gurgaon,1.261
119.19,2.0,3.0,3.0,0.0,sector 108,9.0,1.0,0.0,0.0,1.0,0.0,1.0,0.0,1.0,1.0,0.0,0.0,1.0,0.0,0.0,0.0,0.0,0.0,0.0,0.0,super built up,high,new,experion the heartsong,gurgaon,1.209
54.16,1.0,1.0,1.0,0.0,sector 5,48.0,1.0,0.0,0.0,0.0,0.0,0.0,1.0,0.0,0.0,0.0,0.0,0.0,0.0,0.0,1.0,0.0,0.0,0.0,0.0,carpet,low,new,om apartment dayanand colony,gurgaon,0.338
249.91,3.0,4.0,3.0,1.0,sector 113,8.0,1.0,0.0,0.0,1.0,0.0,0.0,0.0,1.0,0.0,0.0,0.0,1.0,0.0,0.0,0.0,0.0,0.0,0.0,0.0,super built up,low,new,la vida by tata housing,gurgaon,3.965
142.14,2.0,2.0,3.0,1.0,sector 79,3.0,0.0,0.0,0.0,0.0,0.0,0.0,0.0,0.0,0.0,0.0,0.0,0.0,1.0,0.0,0.0,0.0,0.0,0.0,1.0,super built up,mid,new,supertech araville,gurgaon,1.235
78.97,2.0,2.0,1.0,0.0,sector 23,41.0,0.0,0.0,0.0,0.0,1.0,0.0,1.0,0.0,0.0,0.0,0.0,0.0,0.0,0.0,1.0,0.0,0.0,0.0,1.0,carpet,low,old,ashray apartment,gurgaon,0.8320000000000001
144.0,2.0,2.0,3.0,1.0,sector 99,15.0,1.0,0.0,0.0,1.0,1.0,1.0,1.0,1.0,1.0,0.0,0.0,0.0,0.0,1.0,0.0,0.0,0.0,0.0,0.0,super built up,low,new,pareena coban residences,gurgaon,1.3650000000000002
210.15,3.0,4.0,3.0,1.0,sector 79,10.0,0.0,0.0,0.0,0.0,0.0,0.0,0.0,1.0,1.0,0.0,0.0,0.0,0.0,0.0,0.0,0.0,0.0,1.0,0.0,super built up,mid,new,godrej 101,gurgaon,2.509
194.63,3.0,4.0,3.0,1.0,sector 109,15.0,0.0,0.0,0.0,0.0,1.0,0.0,1.0,1.0,1.0,0.0,0.0,0.0,1.0,0.0,1.0,0.0,1.0,1.0,0.0,super built up,high,new,ats kocoon,gurgaon,2.8600000000000003
146.14,2.0,2.0,3.0,1.0,sector 113,8.0,1.0,0.0,0.0,1.0,0.0,0.0,0.0,1.0,0.0,0.0,0.0,1.0,0.0,0.0,0.0,0.0,0.0,0.0,0.0,super built up,high,new,la vida by tata housing,gurgaon,1.7939999999999998
146.6,3.0,3.0,2.0,1.0,sector 69,10.0,1.0,0.0,0.0,1.0,0.0,1.0,0.0,1.0,1.0,0.0,0.0,0.0,0.0,1.0,0.0,0.0,0.0,0.0,0.0,super built up,high,new,tulip violet,gurgaon,1.846
240.15,3.0,4.0,3.0,1.0,sector 109,11.0,1.0,0.0,0.0,1.0,0.0,0.0,0.0,1.0,1.0,0.0,1.0,1.0,0.0,0.0,0.0,0.0,0.0,1.0,0.0,super built up,high,new,ats tourmaline,gurgaon,2.9250000000000003
128.21,2.0,2.0,3.0,1.0,sector 37,15.0,1.0,1.0,0.0,0.0,0.0,1.0,1.0,1.0,0.0,0.0,0.0,0.0,0.0,0.0,1.0,0.0,1.0,0.0,0.0,super built up,high,new,ramprastha the edge towers,gurgaon,1.04
117.43,2.0,2.0,3.0,0.0,sector 33,7.0,1.0,0.0,0.0,0.0,0.0,0.0,0.0,1.0,0.0,0.0,0.0,1.0,0.0,0.0,0.0,0.0,0.0,0.0,0.0,carpet,high,new,eldeco accolade,sohna,0.936
152.36,4.0,4.0,3.0,0.0,sector 52,44.0,1.0,0.0,0.0,0.0,1.0,0.0,1.0,1.0,0.0,0.0,0.0,0.0,1.0,0.0,1.0,0.0,0.0,0.0,1.0,super built up,low,old,ardee city,gurgaon,1.95
54.39,2.0,2.0,1.0,0.0,sector 33,14.0,1.0,0.0,0.0,0.0,0.0,1.0,1.0,1.0,0.0,1.0,0.0,0.0,0.0,1.0,0.0,0.0,1.0,0.0,0.0,carpet,high,new,breez global hill view,sohna,0.546
171.87,3.0,2.0,3.0,1.0,sector 43,47.0,1.0,0.0,0.0,0.0,1.0,0.0,1.0,1.0,0.0,0.0,1.0,0.0,1.0,0.0,1.0,0.0,0.0,0.0,1.0,super built up,mid,old,sanskriti apartments,gurgaon,3.25
55.74,1.0,1.0,1.0,0.0,sector 33,5.0,0.0,0.0,0.0,0.0,0.0,0.0,0.0,0.0,0.0,0.0,0.0,0.0,0.0,0.0,0.0,0.0,0.0,0.0,1.0,built up,high,new,hcbs sports ville,sohna,0.325
166.76,3.0,3.0,3.0,1.0,sector 61,14.0,1.0,0.0,0.0,0.0,0.0,1.0,0.0,1.0,1.0,0.0,1.0,0.0,0.0,1.0,0.0,0.0,1.0,0.0,0.0,super built up,high,old,pioneer park,gurgaon,2.652
194.63,4.0,4.0,3.0,1.0,sector 84,3.0,0.0,0.0,0.0,0.0,1.0,1.0,0.0,1.0,0.0,0.0,0.0,0.0,0.0,0.0,0.0,0.0,0.0,0.0,0.0,super built up,low,new,antriksh heights,gurgaon,1.3650000000000002
242.01,3.0,3.0,3.0,1.0,sector 50,9.0,1.0,0.0,0.0,0.0,0.0,1.0,0.0,1.0,1.0,1.0,1.0,0.0,0.0,0.0,0.0,0.0,0.0,0.0,0.0,super built up,high,old,the close north,gurgaon,3.861
161.19,3.0,3.0,3.0,0.0,sector 37,13.0,0.0,0.0,0.0,1.0,0.0,1.0,0.0,1.0,1.0,1.0,0.0,1.0,0.0,1.0,0.0,0.0,0.0,0.0,0.0,super built up,mid,new,corona optus,gurgaon,1.638
174.19,3.0,4.0,3.0,1.0,sector 54,15.0,1.0,0.0,0.0,0.0,1.0,0.0,1.0,1.0,0.0,0.0,1.0,0.0,0.0,0.0,0.0,1.0,0.0,0.0,0.0,super built up,mid,new,dlf park place,gurgaon,6.3180000000000005
153.29,3.0,3.0,3.0,1.0,sector 102,10.0,1.0,0.0,0.0,1.0,0.0,1.0,0.0,1.0,1.0,0.0,0.0,1.0,0.0,0.0,0.0,0.0,0.0,0.0,0.0,super built up,mid,new,emaar gurgaon greens,gurgaon,1.976
104.98,2.0,2.0,2.0,1.0,sector 95,4.0,1.0,0.0,0.0,0.0,0.0,0.0,0.0,0.0,0.0,0.0,0.0,0.0,1.0,0.0,0.0,0.0,0.0,0.0,0.0,carpet,high,new,sidhartha ncr one phase 1,gurgaon,0.7150000000000001
146.04,2.0,2.0,3.0,0.0,sector 79,10.0,0.0,0.0,0.0,0.0,0.0,0.0,0.0,1.0,1.0,0.0,0.0,0.0,0.0,0.0,0.0,0.0,0.0,1.0,0.0,super built up,mid,new,godrej 101,gurgaon,1.677
204.39,3.0,4.0,3.0,1.0,sector 66,14.0,1.0,0.0,0.0,0.0,0.0,1.0,0.0,1.0,1.0,0.0,1.0,0.0,0.0,0.0,0.0,0.0,1.0,0.0,0.0,super built up,mid,new,emaar mgf the palm drive,gurgaon,4.485
163.7,3.0,3.0,2.0,1.0,sector 71,15.0,1.0,1.0,0.0,0.0,0.0,1.0,1.0,0.0,1.0,0.0,0.0,0.0,0.0,1.0,0.0,1.0,0.0,0.0,0.0,carpet,low,old,chd avenue 71,gurgaon,1.82
165.09,3.0,3.0,3.0,1.0,sector 28,47.0,1.0,0.0,0.0,0.0,1.0,0.0,1.0,0.0,0.0,0.0,1.0,0.0,0.0,0.0,1.0,0.0,0.0,0.0,1.0,built up,mid,old,dlf regency park 2,gurgaon,2.99
146.04,2.0,2.0,3.0,1.0,sector 79,10.0,0.0,0.0,0.0,0.0,0.0,0.0,0.0,1.0,1.0,0.0,0.0,0.0,0.0,0.0,0.0,0.0,0.0,1.0,0.0,super built up,low,new,godrej 101,gurgaon,1.6900000000000002
191.38,4.0,4.0,3.0,1.0,sector 113,8.0,1.0,0.0,0.0,1.0,0.0,0.0,0.0,1.0,1.0,1.0,1.0,1.0,0.0,0.0,0.0,0.0,0.0,0.0,0.0,built up,high,new,m3m capital,gurgaon,3.0810000000000004
112.88,2.0,2.0,3.0,0.0,sector 102,13.0,1.0,0.0,0.0,1.0,1.0,0.0,0.0,1.0,1.0,0.0,0.0,1.0,0.0,1.0,0.0,0.0,1.0,0.0,0.0,super built up,high,new,shapoorji pallonji joyville gurugram,gurgaon,1.664
135.36,2.0,2.0,2.0,1.0,sector 33,7.0,1.0,0.0,0.0,0.0,0.0,0.0,0.0,1.0,0.0,0.0,0.0,1.0,0.0,0.0,0.0,0.0,0.0,0.0,0.0,super built up,mid,new,eldeco accolade,sohna,1.014
213.68,4.0,4.0,3.0,1.0,sector 54,7.0,1.0,0.0,0.0,1.0,0.0,0.0,0.0,1.0,1.0,0.0,1.0,0.0,0.0,0.0,0.0,0.0,0.0,0.0,0.0,carpet,high,old,dlf the icon,gurgaon,7.800000000000001
230.4,3.0,4.0,0.0,0.0,sector 1,14.0,1.0,0.0,0.0,0.0,0.0,0.0,0.0,0.0,0.0,0.0,0.0,0.0,0.0,0.0,0.0,0.0,0.0,0.0,0.0,built up,low,new,aditya apartment,manesar,1.3
147.72,3.0,3.0,3.0,0.0,sector 33,15.0,1.0,0.0,0.0,0.0,0.0,1.0,0.0,1.0,1.0,0.0,0.0,0.0,0.0,1.0,0.0,1.0,0.0,0.0,0.0,super built up,low,new,central park flower valley,sohna,2.795
48.59,2.0,2.0,2.0,0.0,sector 67,11.0,0.0,0.0,0.0,1.0,0.0,1.0,0.0,1.0,0.0,0.0,0.0,0.0,1.0,0.0,0.0,0.0,0.0,0.0,0.0,carpet,low,new,pyramid urban,gurgaon,0.806
83.89,2.0,2.0,1.0,0.0,sector 102,13.0,1.0,0.0,0.0,1.0,1.0,0.0,0.0,1.0,1.0,0.0,0.0,1.0,0.0,1.0,0.0,0.0,1.0,0.0,0.0,super built up,high,mid aged,shapoorji pallonji joyville gurugram,gurgaon,1.4300000000000002
161.74,2.0,2.0,3.0,0.0,sector 85,13.0,1.0,0.0,0.0,1.0,0.0,1.0,0.0,1.0,1.0,0.0,0.0,1.0,0.0,1.0,0.0,0.0,0.0,1.0,0.0,super built up,high,new,ss the leaf,gurgaon,1.612
140.84,2.0,2.0,3.0,1.0,sector 65,11.0,1.0,0.0,0.0,1.0,0.0,1.0,0.0,1.0,1.0,0.0,1.0,1.0,0.0,1.0,0.0,0.0,0.0,0.0,0.0,super built up,high,new,m3m heights,gurgaon,2.613
166.3,3.0,3.0,3.0,1.0,sector 103,15.0,1.0,0.0,0.0,1.0,1.0,1.0,0.0,1.0,1.0,1.0,1.0,1.0,0.0,1.0,0.0,0.0,0.0,0.0,0.0,super built up,low,new,indiabulls centrum park,gurgaon,1.755
131.46,2.0,2.0,3.0,0.0,sector 2,10.0,1.0,0.0,0.0,1.0,1.0,0.0,0.0,1.0,1.0,1.0,1.0,0.0,0.0,0.0,0.0,0.0,0.0,0.0,0.0,super built up,high,old,bestech park view residency,gurgaon,1.3130000000000002
244.43,4.0,4.0,3.0,1.0,sector 108,9.0,1.0,0.0,0.0,1.0,0.0,1.0,0.0,1.0,1.0,0.0,0.0,1.0,0.0,0.0,0.0,0.0,0.0,0.0,0.0,built up,low,new,experion the heartsong,gurgaon,2.704
142.51,2.0,2.0,3.0,1.0,sector 84,10.0,1.0,0.0,0.0,1.0,1.0,1.0,1.0,1.0,0.0,0.0,0.0,0.0,0.0,0.0,0.0,0.0,0.0,0.0,0.0,super built up,high,new,alpha corp gurgaonone 84,gurgaon,1.495
103.87,2.0,2.0,2.0,0.0,sector 37,10.0,1.0,0.0,0.0,1.0,0.0,1.0,0.0,1.0,1.0,0.0,0.0,1.0,0.0,1.0,0.0,0.0,0.0,0.0,0.0,carpet,mid,under construction,signature global city,gurgaon,1.4300000000000002
174.66,3.0,2.0,2.0,0.0,sector 109,11.0,1.0,0.0,0.0,0.0,0.0,0.0,0.0,0.0,0.0,1.0,0.0,0.0,0.0,0.0,0.0,0.0,0.0,0.0,0.0,super built up,high,new,sbtl caladium,gurgaon,1.56
67.82,2.0,2.0,0.0,0.0,sector 93,8.0,0.0,0.0,0.0,1.0,0.0,0.0,0.0,1.0,1.0,0.0,0.0,0.0,0.0,0.0,0.0,0.0,0.0,0.0,0.0,built up,high,under construction,signature global orchard avenue,gurgaon,0.52
162.12,3.0,3.0,3.0,0.0,sector 109,15.0,0.0,0.0,0.0,0.0,1.0,0.0,1.0,1.0,1.0,0.0,0.0,0.0,1.0,0.0,1.0,0.0,1.0,1.0,0.0,super built up,high,new,ats kocoon,gurgaon,2.08
129.6,3.0,3.0,3.0,1.0,sector 65,8.0,1.0,0.0,0.0,1.0,0.0,0.0,0.0,1.0,1.0,0.0,1.0,0.0,0.0,0.0,0.0,0.0,1.0,0.0,0.0,super built up,mid,new,emaar mgf emerald estate,gurgaon,2.21
132.2,3.0,2.0,0.0,0.0,sector 89,14.0,1.0,0.0,0.0,1.0,0.0,1.0,0.0,1.0,0.0,1.0,1.0,1.0,0.0,1.0,0.0,0.0,0.0,0.0,0.0,built up,low,under construction,smart world gems,gurgaon,2.223
161.74,2.0,2.0,2.0,0.0,sector 85,13.0,1.0,0.0,0.0,1.0,0.0,1.0,0.0,1.0,1.0,0.0,0.0,1.0,0.0,1.0,0.0,0.0,0.0,1.0,0.0,carpet,high,new,ss the leaf,gurgaon,1.625
213.68,5.0,5.0,2.0,1.0,sector 14,50.0,1.0,0.0,0.0,0.0,1.0,0.0,1.0,1.0,0.0,0.0,0.0,0.0,1.0,0.0,1.0,0.0,0.0,0.0,1.0,carpet,low,old,vasant appartments,gurgaon,2.21
172.8,3.0,3.0,3.0,0.0,sector 22,14.0,1.0,0.0,0.0,1.0,0.0,1.0,0.0,1.0,1.0,1.0,0.0,1.0,0.0,0.0,0.0,0.0,0.0,0.0,0.0,super built up,mid,new,ambience creacions,gurgaon,3.315
187.25,3.0,3.0,3.0,1.0,sector 49,14.0,1.0,0.0,0.0,0.0,0.0,1.0,1.0,0.0,0.0,0.0,0.0,0.0,0.0,0.0,0.0,0.0,0.0,0.0,0.0,super built up,high,old,vatika city,gurgaon,2.7300000000000004
152.55,3.0,3.0,3.0,1.0,sector 63,6.0,0.0,0.0,0.0,0.0,0.0,0.0,0.0,0.0,1.0,0.0,1.0,0.0,0.0,0.0,0.0,1.0,0.0,0.0,0.0,built up,high,new,dhoot time residency,gurgaon,3.9
153.29,3.0,3.0,3.0,1.0,sector 102,10.0,1.0,0.0,0.0,1.0,0.0,1.0,0.0,1.0,1.0,0.0,0.0,1.0,0.0,0.0,0.0,0.0,0.0,0.0,0.0,super built up,mid,new,emaar gurgaon greens,gurgaon,1.7939999999999998
227.61,3.0,4.0,3.0,1.0,sector 104,13.0,1.0,0.0,0.0,1.0,0.0,1.0,0.0,1.0,1.0,1.0,1.0,1.0,0.0,1.0,0.0,0.0,0.0,0.0,0.0,super built up,mid,new,puri emerald bay,gurgaon,3.3800000000000003
162.02,3.0,3.0,3.0,0.0,sector 90,14.0,0.0,0.0,0.0,0.0,1.0,0.0,0.0,0.0,0.0,0.0,0.0,0.0,0.0,0.0,0.0,0.0,0.0,0.0,0.0,super built up,high,new,dlf regal gardens,gurgaon,1.521
113.81,2.0,2.0,2.0,0.0,sector 81,13.0,0.0,0.0,0.0,0.0,0.0,0.0,0.0,0.0,0.0,0.0,0.0,0.0,1.0,0.0,0.0,0.0,0.0,0.0,1.0,super built up,high,old,vipul lavanya,gurgaon,0.8320000000000001
88.26,3.0,2.0,1.0,0.0,sector 105,33.0,1.0,0.0,0.0,0.0,0.0,0.0,1.0,1.0,0.0,1.0,0.0,0.0,0.0,0.0,1.0,0.0,0.0,0.0,1.0,carpet,low,new,uphaar homes,gurgaon,0.5850000000000001
330.46,5.0,6.0,3.0,1.0,sector 49,13.0,1.0,0.0,0.0,1.0,0.0,0.0,1.0,1.0,0.0,0.0,0.0,0.0,0.0,1.0,1.0,0.0,0.0,0.0,0.0,super built up,high,new,orchid petals,gurgaon,5.473
185.81,3.0,3.0,3.0,1.0,sector 84,12.0,1.0,0.0,0.0,1.0,0.0,0.0,0.0,1.0,1.0,0.0,0.0,1.0,0.0,1.0,0.0,0.0,0.0,0.0,0.0,super built up,low,new,ss almeria,gurgaon,1.95
74.32,2.0,2.0,2.0,0.0,sector 33,46.0,1.0,0.0,0.0,0.0,0.0,0.0,0.0,0.0,0.0,0.0,0.0,0.0,0.0,0.0,0.0,1.0,0.0,0.0,0.0,super built up,low,new,shree balaji appartment,gurgaon,0.52
236.9,3.0,3.0,3.0,1.0,sector 72,10.0,1.0,0.0,0.0,0.0,0.0,1.0,0.0,1.0,0.0,0.0,1.0,0.0,0.0,1.0,0.0,0.0,0.0,0.0,0.0,super built up,high,old,tata primanti,gurgaon,5.33
102.19,2.0,2.0,1.0,0.0,sector 23,24.0,0.0,0.0,0.0,0.0,1.0,0.0,0.0,0.0,0.0,0.0,0.0,0.0,0.0,0.0,1.0,0.0,0.0,0.0,1.0,super built up,low,old,radhakrishna society,gurgaon,0.7150000000000001
118.45,2.0,2.0,2.0,0.0,sector 33,13.0,1.0,0.0,0.0,1.0,0.0,1.0,0.0,1.0,0.0,0.0,0.0,0.0,1.0,1.0,0.0,0.0,1.0,0.0,0.0,super built up,high,new,ashiana anmol,sohna,1.144
46.45,1.0,1.0,2.0,0.0,sector 71,15.0,1.0,0.0,0.0,0.0,0.0,1.0,1.0,1.0,1.0,0.0,0.0,0.0,1.0,0.0,0.0,0.0,0.0,0.0,0.0,super built up,low,new,signature andour heights,gurgaon,0.481
204.39,3.0,3.0,3.0,1.0,sector 54,43.0,1.0,0.0,0.0,0.0,1.0,1.0,1.0,1.0,0.0,0.0,1.0,0.0,1.0,0.0,1.0,1.0,0.0,0.0,1.0,super built up,mid,old,sunischit apartments,gurgaon,2.275
145.39,2.0,2.0,3.0,1.0,sector 2,10.0,1.0,0.0,0.0,1.0,1.0,0.0,0.0,1.0,1.0,1.0,1.0,0.0,0.0,0.0,0.0,0.0,0.0,0.0,0.0,super built up,mid,old,bestech park view residency,gurgaon,1.534
172.15,3.0,3.0,3.0,0.0,sector 78,7.0,1.0,0.0,0.0,0.0,0.0,0.0,1.0,0.0,0.0,0.0,1.0,0.0,0.0,0.0,0.0,0.0,0.0,0.0,0.0,built up,mid,old,umang monsoon breeze,gurgaon,1.3650000000000002
185.71,4.0,4.0,3.0,0.0,sector 68,15.0,1.0,0.0,0.0,1.0,0.0,1.0,0.0,1.0,1.0,0.0,1.0,1.0,0.0,1.0,0.0,0.0,1.0,0.0,0.0,super built up,high,new,pareena mi casa,gurgaon,2.21
31.9596,1.0,1.0,1.0,0.0,sector 95,14.0,0.0,0.0,0.0,0.0,0.0,0.0,0.0,0.0,1.0,1.0,1.0,1.0,0.0,0.0,0.0,1.0,0.0,0.0,1.0,carpet,high,new,rof ananda,gurgaon,0.273
59.37,2.0,2.0,1.0,0.0,sector 71,15.0,1.0,0.0,0.0,0.0,0.0,1.0,1.0,1.0,1.0,0.0,0.0,0.0,1.0,0.0,0.0,0.0,0.0,0.0,0.0,super built up,high,new,signature andour heights,gurgaon,0.8450000000000001
402.08,4.0,4.0,3.0,1.0,sector 33,44.0,1.0,0.0,0.0,0.0,0.0,0.0,1.0,0.0,0.0,0.0,0.0,0.0,0.0,0.0,0.0,1.0,0.0,0.0,0.0,carpet,high,old,jmd gardens,gurgaon,4.2250000000000005
203.55,4.0,3.0,3.0,1.0,sector 37,11.0,1.0,0.0,0.0,1.0,0.0,1.0,0.0,1.0,1.0,0.0,0.0,1.0,0.0,1.0,0.0,0.0,0.0,0.0,0.0,super built up,high,new,bptp terra,gurgaon,2.301
249.44,3.0,3.0,2.0,1.0,sector 28,11.0,1.0,0.0,0.0,1.0,0.0,0.0,0.0,1.0,1.0,0.0,1.0,0.0,0.0,0.0,0.0,1.0,0.0,0.0,0.0,carpet,high,old,suncity platinum towers,gurgaon,7.800000000000001
189.99,3.0,4.0,3.0,1.0,sector 60,7.0,1.0,0.0,0.0,0.0,0.0,1.0,0.0,1.0,1.0,0.0,1.0,0.0,0.0,0.0,0.0,0.0,0.0,0.0,0.0,super built up,mid,new,ireo skyon,gurgaon,3.705
161.65,3.0,3.0,3.0,1.0,sector 83,15.0,1.0,0.0,0.0,0.0,0.0,0.0,0.0,1.0,0.0,0.0,0.0,0.0,1.0,0.0,0.0,0.0,0.0,0.0,0.0,super built up,mid,new,vatika city homes,gurgaon,1.404
199.74,3.0,4.0,3.0,1.0,sector 79,10.0,1.0,0.0,0.0,1.0,0.0,0.0,0.0,1.0,1.0,0.0,0.0,0.0,0.0,0.0,0.0,0.0,0.0,0.0,0.0,super built up,high,new,bestech altura,gurgaon,2.405
194.63,3.0,3.0,3.0,1.0,sector 109,15.0,0.0,0.0,0.0,0.0,1.0,0.0,1.0,1.0,1.0,0.0,0.0,0.0,1.0,0.0,1.0,0.0,1.0,1.0,0.0,super built up,high,new,ats kocoon,gurgaon,2.886000000000001
219.81,3.0,4.0,3.0,1.0,sector 79,10.0,0.0,0.0,0.0,0.0,0.0,0.0,0.0,1.0,1.0,0.0,0.0,0.0,0.0,0.0,0.0,0.0,0.0,1.0,0.0,super built up,high,new,godrej 101,gurgaon,2.6
54.39,2.0,2.0,1.0,0.0,sector 33,14.0,1.0,0.0,0.0,0.0,0.0,1.0,1.0,1.0,0.0,1.0,0.0,0.0,0.0,1.0,0.0,0.0,1.0,0.0,0.0,carpet,high,new,breez global hill view,sohna,0.39
162.02,3.0,3.0,2.0,1.0,sector 90,14.0,0.0,0.0,0.0,0.0,1.0,0.0,0.0,0.0,0.0,0.0,0.0,0.0,0.0,0.0,0.0,0.0,0.0,0.0,0.0,super built up,high,new,dlf regal gardens,gurgaon,1.599
183.48,4.0,4.0,3.0,1.0,sector 65,6.0,1.0,0.0,0.0,0.0,0.0,0.0,0.0,0.0,1.0,0.0,0.0,0.0,0.0,1.0,0.0,0.0,0.0,0.0,0.0,super built up,mid,new,emaar mgf emerald floors premier,gurgaon,3.705
1021.93,4.0,4.0,3.0,1.0,sector 65,9.0,1.0,0.0,0.0,1.0,0.0,1.0,0.0,1.0,1.0,0.0,1.0,0.0,0.0,1.0,0.0,1.0,0.0,0.0,0.0,carpet,high,old,m3m golfestate,gurgaon,17.16
85.94,2.0,2.0,1.0,0.0,sector 37,4.0,1.0,0.0,0.0,1.0,0.0,0.0,0.0,1.0,0.0,0.0,0.0,0.0,0.0,0.0,0.0,0.0,0.0,0.0,0.0,built up,high,new,apex our homes,gurgaon,0.494
355.73,4.0,4.0,3.0,1.0,sector 59,15.0,1.0,0.0,0.0,1.0,0.0,1.0,1.0,1.0,0.0,0.0,1.0,0.0,0.0,1.0,1.0,1.0,0.0,0.0,1.0,carpet,high,new,raisina residency,gurgaon,6.5
120.77,2.0,2.0,2.0,1.0,sector 90,10.0,1.0,0.0,0.0,1.0,0.0,1.0,0.0,1.0,1.0,0.0,0.0,1.0,0.0,1.0,0.0,0.0,0.0,0.0,0.0,super built up,high,old,shree vardhman flora,gurgaon,0.8450000000000001
150.5,3.0,3.0,2.0,0.0,sector 67,12.0,0.0,0.0,0.0,0.0,0.0,0.0,0.0,0.0,0.0,0.0,1.0,0.0,0.0,0.0,0.0,0.0,0.0,0.0,0.0,carpet,low,under construction,ansal api esencia,gurgaon,1.56
153.29,3.0,3.0,3.0,0.0,sector 10,49.0,1.0,0.0,0.0,0.0,0.0,0.0,0.0,0.0,0.0,1.0,0.0,0.0,0.0,0.0,0.0,1.0,0.0,0.0,0.0,carpet,low,old,sanskriti apartment,gurgaon,1.4300000000000002
130.44,2.0,2.0,3.0,0.0,sector 91,10.0,1.0,0.0,0.0,0.0,0.0,0.0,0.0,1.0,1.0,0.0,0.0,1.0,0.0,1.0,0.0,0.0,0.0,0.0,0.0,super built up,high,old,tarc maceo,gurgaon,1.248
163.51,3.0,4.0,3.0,1.0,sector 106,11.0,1.0,0.0,0.0,1.0,0.0,1.0,0.0,1.0,1.0,0.0,1.0,1.0,0.0,1.0,0.0,0.0,0.0,0.0,0.0,super built up,high,new,paras dews,gurgaon,1.3650000000000002
261.24,4.0,4.0,3.0,1.0,sector 85,8.0,0.0,0.0,0.0,0.0,0.0,0.0,0.0,0.0,0.0,0.0,0.0,0.0,1.0,0.0,0.0,0.0,0.0,0.0,1.0,super built up,mid,new,ss,gurgaon,2.7820000000000005
110.0,3.0,1.0,3.0,0.0,sector 92,8.0,1.0,0.0,0.0,0.0,0.0,0.0,0.0,0.0,0.0,0.0,0.0,0.0,1.0,0.0,0.0,0.0,0.0,0.0,0.0,carpet,low,old,sare homes,gurgaon,0.7280000000000001
163.32,3.0,2.0,3.0,1.0,sector 108,9.0,1.0,0.0,0.0,1.0,0.0,1.0,0.0,1.0,1.0,0.0,0.0,1.0,0.0,0.0,0.0,0.0,0.0,0.0,0.0,super built up,high,new,experion the heartsong,gurgaon,1.56
228.91,3.0,3.0,3.0,1.0,sector 48,9.0,1.0,0.0,0.0,1.0,0.0,1.0,0.0,1.0,1.0,0.0,1.0,0.0,0.0,0.0,0.0,1.0,0.0,0.0,0.0,super built up,high,old,central park resorts,gurgaon,6.695
408.77,4.0,3.0,3.0,1.0,sector 50,15.0,1.0,0.0,0.0,1.0,0.0,1.0,0.0,1.0,0.0,0.0,0.0,0.0,0.0,0.0,0.0,0.0,0.0,0.0,0.0,super built up,mid,old,ss hibiscus,gurgaon,7.800000000000001
183.48,4.0,4.0,3.0,1.0,sector 65,6.0,1.0,0.0,0.0,0.0,0.0,0.0,0.0,0.0,1.0,0.0,0.0,0.0,0.0,1.0,0.0,0.0,0.0,0.0,0.0,carpet,low,new,emaar mgf emerald floors premier,gurgaon,3.705
153.29,4.0,3.0,3.0,0.0,sector 9,50.0,1.0,0.0,0.0,0.0,0.0,0.0,1.0,1.0,0.0,1.0,0.0,0.0,0.0,0.0,1.0,0.0,0.0,0.0,1.0,carpet,high,new,oriental valley chs,gurgaon,1.95
146.69,3.0,2.0,2.0,0.0,sector 113,8.0,1.0,0.0,0.0,1.0,0.0,0.0,0.0,1.0,0.0,0.0,0.0,1.0,0.0,0.0,0.0,0.0,0.0,0.0,0.0,super built up,mid,new,la vida by tata housing,gurgaon,2.405
130.06,2.0,2.0,3.0,1.0,sector 74,7.0,1.0,0.0,0.0,1.0,0.0,1.0,0.0,1.0,1.0,0.0,0.0,1.0,0.0,0.0,0.0,0.0,0.0,0.0,0.0,super built up,high,new,m3m skywalk,gurgaon,1.95
325.16,4.0,5.0,3.0,1.0,sector 24,42.0,1.0,0.0,0.0,0.0,1.0,0.0,1.0,0.0,0.0,0.0,1.0,0.0,0.0,0.0,1.0,0.0,0.0,0.0,1.0,carpet,low,new,dlf city plots phase 3,gurgaon,8.450000000000001
166.3,3.0,3.0,2.0,1.0,sector 82,10.0,0.0,0.0,0.0,1.0,0.0,0.0,0.0,1.0,0.0,0.0,0.0,0.0,0.0,0.0,0.0,0.0,0.0,0.0,0.0,super built up,high,new,mapsko royale ville,gurgaon,1.4560000000000002
146.04,2.0,2.0,3.0,0.0,sector 79,10.0,0.0,0.0,0.0,0.0,0.0,0.0,0.0,1.0,1.0,0.0,0.0,0.0,0.0,0.0,0.0,0.0,0.0,1.0,0.0,super built up,mid,new,godrej 101,gurgaon,1.677
41.81,1.0,1.0,1.0,0.0,sector 84,15.0,1.0,0.0,0.0,0.0,0.0,0.0,1.0,1.0,1.0,0.0,0.0,1.0,1.0,1.0,0.0,0.0,0.0,0.0,0.0,carpet,high,new,pivotal devaan,gurgaon,0.39
299.61,4.0,4.0,0.0,0.0,sector 99,10.0,1.0,0.0,0.0,1.0,0.0,1.0,0.0,1.0,1.0,0.0,0.0,1.0,0.0,1.0,0.0,0.0,0.0,0.0,0.0,built up,mid,mid aged,vatika sovereign park,gurgaon,4.16
183.48,4.0,4.0,3.0,1.0,sector 65,6.0,1.0,0.0,0.0,0.0,0.0,0.0,0.0,0.0,1.0,0.0,0.0,0.0,0.0,1.0,0.0,0.0,0.0,0.0,0.0,super built up,mid,new,emaar mgf emerald floors premier,gurgaon,3.77
115.66,2.0,2.0,3.0,1.0,sector 68,15.0,1.0,0.0,0.0,1.0,0.0,1.0,0.0,1.0,1.0,0.0,1.0,1.0,0.0,1.0,0.0,0.0,1.0,0.0,0.0,super built up,mid,under construction,pareena mi casa,gurgaon,1.1960000000000002
181.16,4.0,3.0,3.0,1.0,sector 77,10.0,1.0,0.0,0.0,1.0,0.0,1.0,0.0,1.0,1.0,0.0,0.0,1.0,0.0,0.0,0.0,0.0,0.0,0.0,0.0,super built up,high,new,emaar mgf palm hills,gurgaon,2.145
239.23,4.0,5.0,2.0,1.0,sector 90,10.0,1.0,0.0,0.0,1.0,0.0,1.0,0.0,1.0,1.0,0.0,0.0,1.0,0.0,1.0,0.0,0.0,0.0,0.0,0.0,super built up,high,new,shree vardhman flora,gurgaon,1.625
212.75,3.0,3.0,3.0,1.0,sector 104,13.0,1.0,0.0,0.0,1.0,0.0,1.0,0.0,1.0,1.0,0.0,1.0,1.0,0.0,1.0,0.0,1.0,0.0,0.0,0.0,super built up,high,new,ats triumph,gurgaon,2.405
178.37,3.0,4.0,3.0,1.0,sector 2,10.0,1.0,0.0,0.0,1.0,1.0,0.0,0.0,1.0,1.0,1.0,1.0,0.0,0.0,0.0,0.0,0.0,0.0,0.0,0.0,super built up,mid,old,bestech park view residency,gurgaon,2.015
172.06,3.0,3.0,3.0,0.0,sector 102,13.0,1.0,0.0,0.0,1.0,1.0,0.0,0.0,1.0,1.0,0.0,0.0,1.0,0.0,1.0,0.0,0.0,1.0,0.0,0.0,super built up,high,new,shapoorji pallonji joyville gurugram,gurgaon,2.6
163.97,3.0,4.0,3.0,0.0,sector 37,13.0,0.0,0.0,0.0,1.0,0.0,1.0,0.0,1.0,1.0,1.0,0.0,1.0,0.0,1.0,0.0,0.0,0.0,0.0,0.0,super built up,mid,new,corona optus,gurgaon,1.586
115.66,2.0,2.0,3.0,0.0,sector 68,15.0,1.0,0.0,0.0,1.0,0.0,1.0,0.0,1.0,1.0,0.0,1.0,1.0,0.0,1.0,0.0,0.0,1.0,0.0,0.0,super built up,high,new,pareena mi casa,gurgaon,1.4300000000000002
163.51,3.0,4.0,3.0,1.0,sector 106,20.0,1.0,0.0,0.0,0.0,0.0,0.0,1.0,0.0,0.0,0.0,0.0,0.0,0.0,0.0,1.0,0.0,0.0,0.0,0.0,super built up,high,under construction,paras dews,gurgaon,1.82
179.12,3.0,3.0,3.0,1.0,sector 80,10.0,1.0,0.0,0.0,0.0,0.0,0.0,0.0,0.0,0.0,0.0,0.0,0.0,1.0,0.0,0.0,0.0,0.0,0.0,1.0,super built up,high,old,godrej frontier,gurgaon,1.4300000000000002
181.16,3.0,3.0,3.0,1.0,sector 70,15.0,1.0,0.0,0.0,1.0,0.0,1.0,1.0,0.0,0.0,0.0,0.0,0.0,1.0,0.0,0.0,0.0,0.0,0.0,0.0,super built up,mid,new,shree vardhman victoria,gurgaon,2.314
222.97,3.0,3.0,3.0,0.0,sector 63,12.0,1.0,0.0,0.0,0.0,0.0,0.0,0.0,1.0,1.0,1.0,1.0,1.0,0.0,1.0,0.0,1.0,0.0,0.0,0.0,carpet,low,mid aged,birla navya,gurgaon,4.8100000000000005
38.74,1.0,1.0,1.0,0.0,sector 81,10.0,1.0,0.0,0.0,1.0,0.0,0.0,0.0,1.0,0.0,0.0,0.0,1.0,0.0,1.0,0.0,0.0,0.0,0.0,0.0,super built up,high,new,signature global synera,gurgaon,0.403
176.52,3.0,4.0,0.0,0.0,sector 83,10.0,0.0,0.0,0.0,1.0,0.0,0.0,0.0,0.0,0.0,0.0,0.0,0.0,0.0,0.0,0.0,0.0,0.0,0.0,0.0,built up,high,under construction,emaar palm gardens,gurgaon,2.3400000000000003
37.72,1.0,1.0,1.0,0.0,sector 36,6.0,1.0,0.0,0.0,0.0,0.0,0.0,0.0,0.0,0.0,0.0,0.0,0.0,1.0,0.0,0.0,0.0,0.0,0.0,0.0,super built up,mid,new,avl 36 gurgaon,gurgaon,0.4679999999999999
163.04,3.0,3.0,2.0,1.0,sector 83,10.0,1.0,0.0,0.0,1.0,0.0,1.0,0.0,1.0,1.0,0.0,0.0,0.0,0.0,0.0,0.0,0.0,0.0,0.0,0.0,super built up,high,new,vatika lifestyle homes,gurgaon,1.3650000000000002
255.76,4.0,4.0,3.0,1.0,sector 81,9.0,1.0,0.0,0.0,0.0,0.0,0.0,0.0,1.0,1.0,0.0,1.0,0.0,0.0,0.0,0.0,0.0,0.0,0.0,0.0,super built up,high,old,dlf the ultima,gurgaon,4.2250000000000005
261.24,4.0,4.0,3.0,0.0,sector 85,13.0,1.0,0.0,0.0,1.0,0.0,1.0,0.0,1.0,1.0,0.0,0.0,1.0,0.0,1.0,0.0,0.0,0.0,1.0,0.0,super built up,mid,new,ss the leaf,gurgaon,2.769
219.81,3.0,4.0,3.0,1.0,sector 79,10.0,0.0,0.0,0.0,0.0,0.0,0.0,0.0,1.0,1.0,0.0,0.0,0.0,0.0,0.0,0.0,0.0,0.0,1.0,0.0,super built up,mid,new,godrej 101,gurgaon,2.613
185.71,4.0,4.0,3.0,0.0,sector 68,15.0,1.0,0.0,0.0,1.0,0.0,1.0,0.0,1.0,1.0,0.0,1.0,1.0,0.0,1.0,0.0,0.0,1.0,0.0,0.0,super built up,low,new,pareena mi casa,gurgaon,2.21
219.34,3.0,4.0,3.0,1.0,sector 107,6.0,0.0,0.0,0.0,0.0,0.0,0.0,0.0,1.0,1.0,0.0,0.0,0.0,0.0,0.0,0.0,0.0,0.0,0.0,0.0,super built up,mid,new,m3m woodshire,gurgaon,1.82
205.78,4.0,3.0,3.0,0.0,sector 90,14.0,0.0,0.0,0.0,0.0,1.0,0.0,0.0,0.0,0.0,0.0,0.0,0.0,0.0,0.0,0.0,0.0,0.0,0.0,0.0,carpet,high,old,dlf regal gardens,gurgaon,2.327
133.13,2.0,2.0,2.0,0.0,sector 65,11.0,1.0,0.0,0.0,1.0,0.0,1.0,0.0,1.0,1.0,0.0,1.0,1.0,0.0,1.0,0.0,0.0,0.0,0.0,0.0,built up,high,under construction,m3m heights,gurgaon,2.6
213.21,3.0,4.0,3.0,0.0,sector 59,15.0,1.0,0.0,0.0,1.0,0.0,1.0,0.0,1.0,1.0,1.0,1.0,0.0,0.0,0.0,0.0,0.0,0.0,0.0,0.0,super built up,low,mid aged,conscient elevate,gurgaon,5.525
153.29,3.0,3.0,3.0,0.0,sector 102,10.0,1.0,0.0,0.0,1.0,0.0,1.0,0.0,1.0,1.0,0.0,0.0,1.0,0.0,0.0,0.0,0.0,0.0,0.0,0.0,super built up,high,new,emaar gurgaon greens,gurgaon,2.08
117.24,2.0,2.0,2.0,0.0,sector 70,11.0,1.0,0.0,0.0,1.0,0.0,1.0,0.0,1.0,1.0,0.0,0.0,0.0,0.0,1.0,0.0,0.0,0.0,0.0,0.0,carpet,high,new,aipl zen residences,gurgaon,1.625
232.26,4.0,6.0,3.0,1.0,sector 22,14.0,1.0,0.0,0.0,1.0,0.0,1.0,0.0,1.0,1.0,1.0,0.0,1.0,0.0,0.0,0.0,0.0,0.0,0.0,0.0,carpet,high,new,ambience creacions,gurgaon,6.24
237.83,4.0,5.0,3.0,1.0,sector 85,15.0,1.0,0.0,0.0,1.0,0.0,0.0,0.0,1.0,1.0,0.0,1.0,0.0,0.0,0.0,0.0,1.0,0.0,0.0,0.0,super built up,mid,new,orris aster court premier,gurgaon,1.95
51.48,2.0,2.0,2.0,0.0,sector 33,14.0,1.0,0.0,0.0,0.0,0.0,1.0,1.0,1.0,0.0,1.0,0.0,0.0,0.0,1.0,0.0,0.0,1.0,0.0,0.0,carpet,high,new,breez global hill view,sohna,0.4549999999999999
179.77,3.0,3.0,2.0,0.0,sector 43,45.0,1.0,0.0,0.0,0.0,1.0,0.0,1.0,1.0,0.0,0.0,1.0,0.0,1.0,0.0,1.0,0.0,0.0,0.0,1.0,super built up,low,new,sushant lok 1 builder floors,gurgaon,3.25
217.76,4.0,5.0,3.0,1.0,sector 108,13.0,1.0,0.0,0.0,0.0,0.0,1.0,0.0,1.0,1.0,0.0,0.0,1.0,0.0,0.0,0.0,0.0,0.0,1.0,0.0,super built up,high,new,sobha city,gurgaon,5.33
125.42,2.0,4.0,3.0,1.0,sector 88,7.0,1.0,0.0,0.0,0.0,0.0,0.0,0.0,1.0,0.0,0.0,0.0,1.0,0.0,0.0,0.0,0.0,0.0,0.0,0.0,built up,low,under construction,vatika xpressions,gurgaon,1.4300000000000002
153.29,3.0,3.0,3.0,1.0,sector 65,6.0,1.0,0.0,0.0,0.0,0.0,0.0,0.0,0.0,1.0,0.0,0.0,0.0,0.0,1.0,0.0,0.0,0.0,0.0,0.0,super built up,low,new,emaar mgf emerald floors premier,gurgaon,3.068
223.71,3.0,4.0,3.0,1.0,sector 85,13.0,1.0,0.0,0.0,1.0,0.0,1.0,0.0,1.0,1.0,0.0,0.0,1.0,0.0,1.0,0.0,0.0,0.0,1.0,0.0,super built up,high,new,ss the leaf,gurgaon,2.574
255.85,4.0,3.0,3.0,0.0,sector 49,44.0,1.0,0.0,0.0,0.0,0.0,1.0,1.0,0.0,0.0,0.0,0.0,0.0,0.0,0.0,0.0,0.0,0.0,0.0,0.0,super built up,mid,old,awho sispal vihar,gurgaon,2.6
218.79,4.0,6.0,3.0,1.0,sector 106,11.0,1.0,0.0,0.0,1.0,0.0,1.0,0.0,1.0,1.0,0.0,1.0,1.0,0.0,1.0,0.0,0.0,0.0,0.0,0.0,super built up,high,new,paras dews,gurgaon,1.95
199.65,3.0,4.0,3.0,1.0,sector 102,15.0,0.0,0.0,0.0,1.0,0.0,1.0,0.0,1.0,1.0,1.0,1.0,1.0,0.0,1.0,0.0,0.0,0.0,1.0,0.0,super built up,high,new,conscient heritage max,gurgaon,2.6
165.37,3.0,3.0,3.0,0.0,sector 2,10.0,1.0,0.0,0.0,1.0,1.0,0.0,0.0,1.0,1.0,1.0,1.0,0.0,0.0,0.0,0.0,0.0,0.0,0.0,0.0,super built up,mid,old,bestech park view residency,gurgaon,1.82
266.82,4.0,4.0,3.0,1.0,sector 81,9.0,1.0,0.0,0.0,0.0,0.0,0.0,0.0,1.0,1.0,0.0,1.0,0.0,0.0,0.0,0.0,0.0,0.0,0.0,0.0,super built up,high,new,dlf the ultima,gurgaon,4.498
222.97,4.0,5.0,3.0,1.0,sector 70,10.0,1.0,0.0,0.0,1.0,0.0,1.0,0.0,1.0,1.0,0.0,0.0,0.0,0.0,1.0,0.0,0.0,0.0,0.0,0.0,super built up,mid,old,tulip ivory,gurgaon,2.6
226.96,4.0,4.0,3.0,1.0,sector 37,11.0,1.0,0.0,0.0,1.0,0.0,1.0,0.0,1.0,1.0,0.0,0.0,1.0,0.0,1.0,0.0,0.0,0.0,0.0,0.0,super built up,high,new,bptp terra,gurgaon,2.704
142.88,3.0,3.0,1.0,0.0,sector 69,10.0,1.0,0.0,0.0,1.0,0.0,1.0,0.0,1.0,1.0,0.0,0.0,0.0,0.0,1.0,0.0,0.0,0.0,0.0,0.0,carpet,high,new,tulip violet,gurgaon,1.7939999999999998
27.96,1.0,2.0,2.0,0.0,sector 104,9.0,1.0,0.0,0.0,1.0,0.0,1.0,0.0,1.0,1.0,0.0,0.0,0.0,0.0,1.0,0.0,0.0,0.0,0.0,0.0,carpet,low,new,zara aavaas,gurgaon,0.26
162.58,3.0,3.0,3.0,0.0,sector 109,11.0,1.0,0.0,0.0,1.0,0.0,0.0,0.0,1.0,1.0,0.0,1.0,1.0,0.0,0.0,0.0,0.0,0.0,1.0,0.0,super built up,mid,new,ats tourmaline,gurgaon,2.275
102.47,3.0,1.0,0.0,0.0,sector 89,14.0,1.0,0.0,0.0,1.0,0.0,1.0,0.0,1.0,0.0,1.0,1.0,1.0,0.0,1.0,0.0,0.0,0.0,0.0,0.0,built up,low,under construction,smart world gems,gurgaon,1.4300000000000002
306.58,3.0,3.0,3.0,1.0,sector 72,10.0,1.0,0.0,0.0,0.0,0.0,1.0,0.0,1.0,0.0,0.0,1.0,0.0,0.0,1.0,0.0,0.0,0.0,0.0,0.0,super built up,low,old,tata primanti,gurgaon,4.2250000000000005
54.35,1.0,1.0,1.0,0.0,sector 21,48.0,1.0,0.0,0.0,0.0,0.0,0.0,1.0,0.0,0.0,0.0,0.0,0.0,0.0,0.0,1.0,0.0,0.0,0.0,0.0,super built up,low,new,shree shyam residency,gurgaon,0.286
176.52,3.0,3.0,3.0,1.0,sector 83,10.0,0.0,0.0,0.0,1.0,0.0,0.0,0.0,0.0,0.0,0.0,0.0,0.0,0.0,0.0,0.0,0.0,0.0,0.0,0.0,super built up,mid,new,emaar palm gardens,gurgaon,2.3400000000000003
175.49,3.0,4.0,3.0,1.0,sector 102,11.0,1.0,0.0,0.0,1.0,0.0,1.0,0.0,1.0,1.0,0.0,0.0,1.0,0.0,1.0,0.0,0.0,0.0,0.0,0.0,super built up,high,new,adani m2k oyster grande,gurgaon,2.3400000000000003
122.63,2.0,2.0,3.0,1.0,sector 92,5.0,0.0,0.0,0.0,0.0,0.0,0.0,0.0,0.0,0.0,0.0,0.0,1.0,0.0,0.0,0.0,0.0,0.0,0.0,0.0,super built up,high,under construction,ansal heights,gurgaon,0.78
103.03,2.0,2.0,2.0,0.0,sector 28,45.0,1.0,0.0,0.0,0.0,1.0,0.0,1.0,1.0,0.0,0.0,1.0,0.0,1.0,0.0,1.0,0.0,0.0,0.0,1.0,built up,low,old,dlf regency park 1,gurgaon,1.755
106.84,2.0,2.0,2.0,0.0,sector 61,9.0,1.0,0.0,0.0,1.0,0.0,0.0,0.0,1.0,1.0,1.0,1.0,0.0,0.0,0.0,0.0,0.0,0.0,0.0,0.0,carpet,mid,under construction,smart world orchard,gurgaon,2.08
222.97,3.0,3.0,0.0,0.0,sector 47,43.0,1.0,0.0,0.0,0.0,0.0,1.0,1.0,0.0,0.0,0.0,0.0,0.0,0.0,0.0,0.0,0.0,0.0,0.0,0.0,carpet,low,old,malibu towne,gurgaon,3.12
83.61,2.0,2.0,1.0,0.0,sector 4,48.0,1.0,0.0,0.0,0.0,0.0,0.0,1.0,0.0,0.0,0.0,0.0,0.0,0.0,0.0,1.0,0.0,0.0,0.0,0.0,carpet,low,new,shri ram apartments,gurgaon,0.5980000000000001
185.81,3.0,4.0,3.0,1.0,sector 77,10.0,1.0,0.0,0.0,1.0,0.0,1.0,0.0,1.0,1.0,0.0,0.0,1.0,0.0,0.0,0.0,0.0,0.0,0.0,0.0,super built up,mid,new,emaar mgf palm hills,gurgaon,1.404
55.83,2.0,2.0,1.0,0.0,sector 86,9.0,0.0,0.0,0.0,1.0,0.0,0.0,0.0,1.0,0.0,0.0,0.0,0.0,0.0,0.0,0.0,0.0,0.0,0.0,0.0,carpet,low,new,pyramid urban homes 2,gurgaon,0.65
169.27,3.0,3.0,3.0,0.0,sector 77,10.0,1.0,0.0,0.0,1.0,0.0,1.0,0.0,1.0,1.0,0.0,0.0,1.0,0.0,0.0,0.0,0.0,0.0,0.0,0.0,built up,high,under construction,umang winter hills,gurgaon,1.56
186.74,4.0,4.0,2.0,0.0,sector 69,10.0,1.0,0.0,0.0,1.0,0.0,1.0,0.0,1.0,1.0,0.0,0.0,0.0,0.0,1.0,0.0,0.0,0.0,0.0,0.0,super built up,high,new,tulip violet,gurgaon,2.6
176.52,3.0,4.0,3.0,1.0,sector 106,11.0,1.0,0.0,0.0,1.0,0.0,1.0,0.0,1.0,1.0,0.0,1.0,1.0,0.0,1.0,0.0,0.0,0.0,0.0,0.0,super built up,high,new,paras dews,gurgaon,1.625
166.3,3.0,3.0,3.0,0.0,sector 81,9.0,0.0,0.0,0.0,1.0,0.0,0.0,0.0,1.0,0.0,0.0,1.0,1.0,0.0,0.0,0.0,0.0,0.0,0.0,0.0,carpet,high,old,bestech park view ananda,gurgaon,1.755
121.7,2.0,2.0,3.0,0.0,sector 37,6.0,1.0,0.0,0.0,1.0,0.0,0.0,0.0,1.0,1.0,0.0,0.0,1.0,0.0,0.0,0.0,0.0,0.0,0.0,0.0,built up,high,under construction,ild grand,gurgaon,0.8580000000000001
46.45,1.0,1.0,1.0,0.0,sector 89,3.0,0.0,0.0,0.0,0.0,0.0,0.0,0.0,0.0,0.0,1.0,0.0,0.0,1.0,0.0,0.0,0.0,0.0,0.0,0.0,super built up,mid,new,adani aangan galleria,gurgaon,0.325
357.12,3.0,5.0,3.0,1.0,sector 65,9.0,1.0,0.0,0.0,1.0,0.0,1.0,0.0,1.0,1.0,0.0,1.0,0.0,0.0,1.0,0.0,1.0,0.0,0.0,0.0,carpet,low,new,m3m golfestate,gurgaon,7.995000000000001
315.87,4.0,5.0,3.0,1.0,sector 110,15.0,1.0,0.0,0.0,1.0,1.0,0.0,0.0,1.0,1.0,1.0,1.0,1.0,0.0,0.0,0.0,0.0,0.0,0.0,0.0,super built up,high,new,indiabulls enigma,gurgaon,4.42
202.99,3.0,4.0,3.0,1.0,sector 72,10.0,1.0,0.0,0.0,0.0,0.0,1.0,0.0,1.0,0.0,0.0,1.0,0.0,0.0,1.0,0.0,0.0,0.0,0.0,0.0,super built up,high,new,tata primanti,gurgaon,4.29
65.03,2.0,2.0,1.0,0.0,sector 71,15.0,1.0,0.0,0.0,0.0,0.0,1.0,1.0,1.0,1.0,0.0,0.0,0.0,1.0,0.0,0.0,0.0,0.0,0.0,0.0,super built up,mid,old,signature andour heights,gurgaon,0.767
194.63,3.0,4.0,3.0,1.0,sector 109,15.0,0.0,0.0,0.0,0.0,1.0,0.0,1.0,1.0,1.0,0.0,0.0,0.0,1.0,0.0,1.0,0.0,1.0,1.0,0.0,super built up,high,new,ats kocoon,gurgaon,2.795
43.48,2.0,2.0,2.0,0.0,sector 33,6.0,0.0,0.0,0.0,0.0,0.0,0.0,0.0,0.0,1.0,0.0,0.0,1.0,0.0,0.0,0.0,1.0,0.0,0.0,0.0,carpet,low,new,gls arawali homes,sohna,0.364
185.81,3.0,3.0,1.0,0.0,sector 95,4.0,1.0,0.0,0.0,0.0,0.0,0.0,0.0,0.0,0.0,0.0,0.0,0.0,1.0,0.0,0.0,0.0,0.0,0.0,0.0,built up,high,new,sidhartha ncr one phase 1,gurgaon,1.1700000000000002
181.16,3.0,5.0,3.0,1.0,sector 70,15.0,1.0,0.0,0.0,1.0,0.0,1.0,1.0,0.0,0.0,0.0,0.0,0.0,1.0,0.0,0.0,0.0,0.0,0.0,0.0,super built up,mid,new,shree vardhman victoria,gurgaon,2.275
55.56,2.0,2.0,2.0,1.0,sector 81,10.0,1.0,0.0,0.0,1.0,0.0,0.0,0.0,1.0,0.0,0.0,0.0,1.0,0.0,1.0,0.0,0.0,0.0,0.0,0.0,carpet,mid,new,signature global synera,gurgaon,0.5850000000000001
143.91,3.0,3.0,3.0,1.0,sector 61,9.0,1.0,0.0,0.0,1.0,0.0,0.0,0.0,1.0,1.0,1.0,1.0,0.0,0.0,0.0,0.0,0.0,0.0,0.0,0.0,super built up,low,new,smart world orchard,gurgaon,3.1850000000000005
622.45,5.0,6.0,3.0,1.0,sector 48,9.0,1.0,0.0,0.0,1.0,0.0,1.0,0.0,1.0,1.0,0.0,1.0,0.0,0.0,0.0,0.0,1.0,0.0,0.0,0.0,carpet,high,new,central park resorts,gurgaon,19.5
125.42,2.0,2.0,2.0,0.0,sector 33,8.0,1.0,0.0,0.0,1.0,0.0,0.0,0.0,1.0,0.0,0.0,0.0,1.0,0.0,0.0,0.0,0.0,0.0,0.0,0.0,built up,mid,old,silverglades the melia,sohna,0.975
130.06,3.0,3.0,2.0,0.0,sector 102,12.0,1.0,0.0,0.0,1.0,1.0,1.0,0.0,1.0,1.0,0.0,0.0,1.0,0.0,1.0,0.0,0.0,0.0,0.0,0.0,super built up,low,mid aged,ramprastha city,gurgaon,1.6900000000000002
83.61,2.0,2.0,1.0,0.0,sector 7,50.0,1.0,0.0,0.0,0.0,0.0,0.0,1.0,1.0,0.0,0.0,0.0,0.0,0.0,0.0,1.0,0.0,0.0,0.0,1.0,carpet,mid,new,maa bhagwati residency,gurgaon,0.5850000000000001
146.6,2.0,3.0,3.0,1.0,sector 37,8.0,1.0,0.0,0.0,1.0,1.0,0.0,0.0,1.0,0.0,0.0,0.0,1.0,0.0,0.0,0.0,0.0,0.0,0.0,0.0,super built up,high,new,imperia the esfera,gurgaon,1.105
140.1,2.0,2.0,3.0,0.0,sector 62,11.0,1.0,0.0,0.0,1.0,0.0,1.0,0.0,1.0,1.0,0.0,1.0,0.0,0.0,0.0,0.0,0.0,0.0,0.0,0.0,carpet,high,under construction,emaar digihomes,gurgaon,2.795
115.11,2.0,2.0,1.0,0.0,sector 78,7.0,1.0,0.0,0.0,0.0,0.0,0.0,1.0,0.0,0.0,0.0,1.0,0.0,0.0,0.0,0.0,0.0,0.0,0.0,0.0,built up,mid,under construction,umang monsoon breeze,gurgaon,0.975
179.4,3.0,4.0,3.0,1.0,sector 102,15.0,0.0,0.0,0.0,1.0,0.0,1.0,0.0,1.0,1.0,1.0,1.0,1.0,0.0,1.0,0.0,0.0,0.0,1.0,0.0,super built up,mid,old,conscient heritage max,gurgaon,2.314
185.81,3.0,2.0,1.0,1.0,sector 37,5.0,1.0,0.0,0.0,0.0,0.0,0.0,0.0,0.0,0.0,1.0,0.0,0.0,0.0,0.0,0.0,0.0,0.0,0.0,0.0,super built up,high,under construction,ramprastha skyz,gurgaon,1.56
321.63,3.0,4.0,3.0,1.0,sector 28,48.0,1.0,0.0,0.0,0.0,0.0,1.0,1.0,0.0,0.0,0.0,1.0,0.0,0.0,0.0,1.0,0.0,0.0,0.0,1.0,super built up,mid,old,sahara grace,gurgaon,5.59
173.73,4.0,5.0,3.0,1.0,sector 92,8.0,1.0,0.0,0.0,0.0,0.0,0.0,0.0,0.0,0.0,0.0,0.0,0.0,1.0,0.0,0.0,0.0,0.0,0.0,0.0,super built up,high,new,sare crescent parc,gurgaon,1.1700000000000002
124.68,2.0,2.0,2.0,0.0,sector 77,10.0,1.0,0.0,0.0,1.0,0.0,1.0,0.0,1.0,1.0,0.0,0.0,1.0,0.0,0.0,0.0,0.0,0.0,0.0,0.0,super built up,high,new,umang winter hills,gurgaon,1.04
153.29,3.0,4.0,3.0,1.0,sector 102,10.0,1.0,0.0,0.0,1.0,0.0,1.0,0.0,1.0,1.0,0.0,0.0,1.0,0.0,0.0,0.0,0.0,0.0,0.0,0.0,super built up,mid,new,emaar gurgaon greens,gurgaon,2.015
146.6,3.0,3.0,2.0,1.0,sector 69,10.0,1.0,0.0,0.0,1.0,0.0,1.0,0.0,1.0,1.0,0.0,0.0,0.0,0.0,1.0,0.0,0.0,0.0,0.0,0.0,super built up,high,new,tulip violet,gurgaon,2.08
104.05,2.0,2.0,2.0,1.0,sector 61,9.0,1.0,0.0,0.0,1.0,0.0,0.0,0.0,1.0,1.0,1.0,1.0,0.0,0.0,0.0,0.0,0.0,0.0,0.0,0.0,carpet,mid,under construction,smart world orchard,gurgaon,2.21
146.6,3.0,3.0,2.0,1.0,sector 69,10.0,1.0,0.0,0.0,1.0,0.0,1.0,0.0,1.0,1.0,0.0,0.0,0.0,0.0,1.0,0.0,0.0,0.0,0.0,0.0,super built up,high,new,tulip violet,gurgaon,1.82
227.61,3.0,3.0,3.0,1.0,sector 56,47.0,1.0,0.0,0.0,0.0,1.0,0.0,1.0,0.0,0.0,0.0,1.0,0.0,1.0,0.0,1.0,1.0,0.0,0.0,1.0,super built up,low,old,park view apartment,gurgaon,2.262
88.26,2.0,2.0,2.0,0.0,sector 37,10.0,1.0,0.0,0.0,1.0,0.0,1.0,0.0,1.0,1.0,0.0,0.0,1.0,0.0,1.0,0.0,0.0,0.0,0.0,0.0,super built up,low,mid aged,signature global city,gurgaon,1.04
126.91,2.0,2.0,3.0,1.0,sector 107,6.0,0.0,0.0,0.0,0.0,0.0,0.0,0.0,1.0,1.0,0.0,0.0,0.0,0.0,0.0,0.0,0.0,0.0,0.0,0.0,super built up,high,new,m3m woodshire,gurgaon,0.975
454.3,4.0,6.0,3.0,1.0,sector 82,11.0,0.0,0.0,0.0,1.0,0.0,1.0,0.0,1.0,1.0,0.0,0.0,0.0,0.0,1.0,0.0,0.0,0.0,0.0,0.0,super built up,high,new,mapsko casa bella,gurgaon,3.9
218.79,4.0,6.0,3.0,1.0,sector 106,11.0,1.0,0.0,0.0,1.0,0.0,1.0,0.0,1.0,1.0,0.0,1.0,1.0,0.0,1.0,0.0,0.0,0.0,0.0,0.0,super built up,high,new,paras dews,gurgaon,1.82
125.42,2.0,2.0,2.0,1.0,sector 67,12.0,0.0,0.0,0.0,1.0,0.0,1.0,0.0,1.0,1.0,0.0,1.0,0.0,0.0,1.0,0.0,0.0,0.0,0.0,0.0,carpet,high,new,ireo the corridors,gurgaon,1.95
213.68,4.0,3.0,3.0,1.0,sector 54,47.0,1.0,0.0,0.0,0.0,1.0,1.0,1.0,0.0,0.0,0.0,1.0,0.0,1.0,0.0,1.0,1.0,0.0,0.0,1.0,super built up,low,old,swarn jayanti cghs,gurgaon,2.275
179.3,3.0,3.0,3.0,1.0,sector 90,6.0,1.0,0.0,0.0,0.0,0.0,0.0,0.0,1.0,1.0,0.0,0.0,0.0,0.0,1.0,0.0,0.0,0.0,0.0,0.0,carpet,high,old,dlf new town heights 1,gurgaon,1.56
227.61,3.0,4.0,3.0,1.0,sector 53,10.0,1.0,0.0,0.0,1.0,0.0,1.0,0.0,1.0,1.0,0.0,1.0,0.0,0.0,1.0,0.0,0.0,0.0,0.0,0.0,super built up,mid,old,vipul belmonte,gurgaon,7.800000000000001
173.73,3.0,3.0,3.0,1.0,sector 48,9.0,1.0,0.0,0.0,1.0,0.0,1.0,0.0,1.0,1.0,0.0,1.0,0.0,0.0,0.0,0.0,1.0,0.0,0.0,0.0,super built up,high,new,central park resorts,gurgaon,4.745
144.37,3.0,3.0,3.0,0.0,sector 67,12.0,0.0,0.0,0.0,0.0,0.0,0.0,0.0,0.0,0.0,0.0,1.0,0.0,0.0,0.0,0.0,0.0,0.0,0.0,0.0,super built up,low,old,ansal api esencia,gurgaon,1.3
119.38,3.0,3.0,2.0,0.0,sector 37,4.0,0.0,0.0,0.0,0.0,0.0,0.0,0.0,1.0,0.0,0.0,0.0,1.0,0.0,0.0,0.0,0.0,0.0,0.0,0.0,super built up,high,new,ramprastha the atrium,gurgaon,1.1700000000000002
157.01,3.0,2.0,1.0,0.0,sector 86,4.0,1.0,0.0,0.0,1.0,0.0,0.0,0.0,1.0,0.0,0.0,0.0,1.0,0.0,0.0,0.0,0.0,0.0,0.0,0.0,super built up,low,new,ansal heights 86,gurgaon,1.625
312.43,3.0,3.0,3.0,1.0,sector 65,9.0,1.0,0.0,0.0,1.0,0.0,1.0,0.0,1.0,1.0,0.0,1.0,0.0,0.0,1.0,0.0,1.0,0.0,0.0,0.0,super built up,high,old,m3m golfestate,gurgaon,7.93
314.94,4.0,4.0,3.0,1.0,sector 53,15.0,0.0,0.0,0.0,1.0,0.0,1.0,0.0,1.0,1.0,0.0,1.0,0.0,0.0,0.0,0.0,0.0,1.0,0.0,0.0,super built up,mid,old,parsvnath exotica,gurgaon,8.372000000000002
151.43,3.0,3.0,2.0,1.0,sector 61,9.0,1.0,0.0,0.0,1.0,0.0,0.0,0.0,1.0,1.0,1.0,1.0,0.0,0.0,0.0,0.0,0.0,0.0,0.0,0.0,carpet,mid,new,smart world orchard,gurgaon,3.315
118.54,2.0,2.0,2.0,0.0,sector 113,8.0,1.0,0.0,0.0,1.0,0.0,0.0,0.0,1.0,0.0,0.0,0.0,1.0,0.0,0.0,0.0,0.0,0.0,0.0,0.0,carpet,high,new,la vida by tata housing,gurgaon,1.95
130.71,3.0,3.0,2.0,0.0,sector 54,15.0,1.0,1.0,0.0,1.0,0.0,1.0,1.0,0.0,0.0,0.0,0.0,0.0,0.0,0.0,1.0,0.0,1.0,0.0,0.0,super built up,mid,old,dlf carlton estate,gurgaon,2.6
150.5,3.0,3.0,2.0,1.0,sector 79,9.0,0.0,0.0,0.0,1.0,0.0,0.0,0.0,1.0,1.0,0.0,1.0,1.0,0.0,0.0,0.0,0.0,0.0,0.0,0.0,super built up,mid,new,mapsko mount ville,gurgaon,1.6900000000000002
278.71,4.0,4.0,3.0,1.0,sector 56,46.0,1.0,0.0,0.0,0.0,1.0,1.0,1.0,0.0,0.0,0.0,1.0,0.0,1.0,0.0,1.0,1.0,0.0,0.0,1.0,super built up,low,new,meditech apartment,gurgaon,3.1850000000000005
125.51,2.0,4.0,2.0,0.0,sector 79,11.0,1.0,0.0,0.0,1.0,0.0,1.0,0.0,1.0,1.0,0.0,0.0,1.0,0.0,0.0,0.0,0.0,0.0,1.0,0.0,super built up,low,new,godrej aria,gurgaon,1.6900000000000002
168.34,3.0,3.0,3.0,0.0,sector 69,12.0,1.0,0.0,0.0,0.0,0.0,1.0,0.0,1.0,1.0,0.0,0.0,0.0,0.0,1.0,0.0,1.0,0.0,0.0,0.0,super built up,high,new,tulip leaf,gurgaon,2.6780000000000004
144.65,3.0,2.0,3.0,0.0,sector 33,8.0,1.0,0.0,0.0,1.0,0.0,0.0,0.0,1.0,1.0,0.0,0.0,0.0,0.0,0.0,0.0,0.0,0.0,0.0,0.0,super built up,high,new,godrej nature plus,sohna,1.755
390.19,4.0,6.0,3.0,1.0,sector 81,9.0,0.0,0.0,0.0,1.0,0.0,0.0,0.0,1.0,0.0,0.0,0.0,1.0,0.0,0.0,0.0,0.0,0.0,0.0,0.0,super built up,high,new,bestech park view grand spa,gurgaon,5.8500000000000005
138.61,2.0,2.0,2.0,0.0,sector 33,7.0,1.0,0.0,0.0,0.0,0.0,0.0,0.0,1.0,0.0,0.0,0.0,1.0,0.0,0.0,0.0,0.0,0.0,0.0,0.0,built up,high,under construction,eldeco accolade,sohna,1.56
295.9,4.0,5.0,2.0,1.0,sector 81,9.0,0.0,0.0,0.0,1.0,0.0,0.0,0.0,1.0,0.0,0.0,0.0,1.0,0.0,0.0,0.0,0.0,0.0,0.0,0.0,super built up,mid,new,bestech park view grand spa,gurgaon,3.9
55.74,1.0,1.0,2.0,0.0,sector 56,47.0,1.0,0.0,0.0,0.0,1.0,1.0,1.0,0.0,0.0,0.0,1.0,0.0,1.0,0.0,1.0,1.0,0.0,0.0,1.0,super built up,low,old,smriti apartment,gurgaon,0.5850000000000001
51.38,2.0,1.0,2.0,0.0,sector 99,15.0,1.0,0.0,0.0,0.0,0.0,0.0,1.0,1.0,0.0,1.0,0.0,1.0,1.0,0.0,1.0,0.0,1.0,1.0,0.0,super built up,mid,new,pareena laxmi apartments,gurgaon,0.39
115.66,2.0,2.0,2.0,0.0,sector 83,10.0,0.0,0.0,0.0,1.0,0.0,0.0,0.0,1.0,1.0,0.0,1.0,1.0,0.0,0.0,0.0,0.0,0.0,0.0,0.0,super built up,low,old,vatika gurgaon 21,gurgaon,1.131
360.46,5.0,5.0,3.0,1.0,sector 110,15.0,1.0,0.0,0.0,1.0,1.0,0.0,0.0,1.0,1.0,1.0,1.0,1.0,0.0,0.0,0.0,0.0,0.0,0.0,0.0,super built up,mid,new,indiabulls enigma,gurgaon,5.525
181.16,3.0,5.0,3.0,1.0,sector 70,15.0,1.0,0.0,0.0,1.0,0.0,1.0,1.0,0.0,0.0,0.0,0.0,0.0,1.0,0.0,0.0,0.0,0.0,0.0,0.0,super built up,high,new,shree vardhman victoria,gurgaon,2.132
167.78,4.0,3.0,3.0,1.0,sector 9,50.0,1.0,0.0,0.0,0.0,0.0,0.0,1.0,1.0,0.0,0.0,0.0,0.0,0.0,0.0,1.0,0.0,0.0,0.0,1.0,carpet,low,old,railway officers rpf society,gurgaon,1.625
44.87,2.0,2.0,2.0,0.0,sector 84,15.0,1.0,0.0,0.0,0.0,0.0,0.0,1.0,1.0,1.0,0.0,0.0,1.0,1.0,1.0,0.0,0.0,0.0,0.0,0.0,carpet,mid,new,pivotal devaan,gurgaon,0.4549999999999999
185.81,3.0,3.0,3.0,1.0,sector 102,10.0,1.0,0.0,0.0,1.0,0.0,0.0,0.0,1.0,1.0,1.0,0.0,1.0,0.0,1.0,0.0,0.0,0.0,1.0,0.0,carpet,high,new,emaar imperial gardens,gurgaon,2.574
132.85,2.0,2.0,2.0,1.0,sector 82,10.0,1.0,0.0,0.0,1.0,0.0,1.0,0.0,1.0,1.0,0.0,0.0,0.0,0.0,0.0,0.0,0.0,0.0,1.0,0.0,super built up,high,new,vatika the seven lamps,gurgaon,1.118
292.64,4.0,4.0,3.0,1.0,sector 104,13.0,1.0,0.0,0.0,1.0,0.0,1.0,0.0,1.0,1.0,0.0,1.0,1.0,0.0,1.0,0.0,1.0,0.0,0.0,0.0,super built up,high,new,ats triumph,gurgaon,3.445
127.28,3.0,2.0,3.0,0.0,sector 92,14.0,1.0,0.0,0.0,0.0,0.0,0.0,1.0,1.0,0.0,0.0,0.0,1.0,0.0,0.0,1.0,0.0,0.0,0.0,0.0,super built up,mid,new,raheja sampada,gurgaon,0.8450000000000001
236.16,4.0,3.0,3.0,1.0,sector 95,5.0,1.0,0.0,0.0,0.0,0.0,0.0,0.0,0.0,0.0,0.0,0.0,0.0,1.0,0.0,0.0,0.0,0.0,0.0,0.0,carpet,high,new,siddhartha apartment,gurgaon,1.4300000000000002
366.97,4.0,6.0,3.0,1.0,sector 85,13.0,1.0,0.0,0.0,1.0,0.0,1.0,0.0,1.0,1.0,0.0,0.0,1.0,0.0,1.0,0.0,0.0,0.0,1.0,0.0,super built up,high,new,ss the leaf,gurgaon,2.8600000000000003
123.19,3.0,2.0,2.0,0.0,sector 92,8.0,1.0,0.0,0.0,0.0,0.0,0.0,0.0,0.0,0.0,0.0,0.0,0.0,1.0,0.0,0.0,0.0,0.0,0.0,0.0,carpet,high,new,sare crescent parc,gurgaon,0.8580000000000001
246.19,4.0,4.0,3.0,0.0,sector 43,44.0,1.0,0.0,0.0,0.0,1.0,0.0,1.0,1.0,0.0,0.0,1.0,0.0,1.0,0.0,1.0,0.0,0.0,0.0,1.0,super built up,low,new,millenium bajrang society,gurgaon,3.25
83.61,2.0,2.0,1.0,0.0,sector 7,50.0,1.0,0.0,0.0,0.0,0.0,0.0,1.0,1.0,0.0,0.0,0.0,0.0,0.0,0.0,1.0,0.0,0.0,0.0,1.0,carpet,low,new,"m m residency, krishna colony, gurgaon",gurgaon,0.7020000000000001
195.38,3.0,3.0,3.0,1.0,sector 81,9.0,1.0,0.0,0.0,0.0,0.0,0.0,0.0,1.0,1.0,0.0,1.0,0.0,0.0,0.0,0.0,0.0,0.0,0.0,0.0,super built up,high,new,dlf the ultima,gurgaon,2.99
261.24,4.0,5.0,3.0,1.0,sector 85,13.0,1.0,0.0,0.0,1.0,0.0,1.0,0.0,1.0,1.0,0.0,0.0,1.0,0.0,1.0,0.0,0.0,0.0,1.0,0.0,super built up,low,new,ss the leaf,gurgaon,2.795
130.06,2.0,2.0,3.0,0.0,sector 85,8.0,1.0,0.0,0.0,1.0,0.0,0.0,0.0,1.0,1.0,0.0,0.0,1.0,0.0,0.0,0.0,0.0,0.0,0.0,0.0,built up,high,under construction,godrej air,gurgaon,1.82
186.08,3.0,3.0,3.0,1.0,sector 108,9.0,1.0,0.0,0.0,1.0,0.0,1.0,0.0,1.0,1.0,0.0,0.0,1.0,0.0,0.0,0.0,0.0,0.0,0.0,0.0,super built up,mid,new,experion the heartsong,gurgaon,2.015
135.36,2.0,2.0,3.0,1.0,sector 33,7.0,1.0,0.0,0.0,0.0,0.0,0.0,0.0,1.0,0.0,0.0,0.0,1.0,0.0,0.0,0.0,0.0,0.0,0.0,0.0,super built up,high,mid aged,eldeco accolade,sohna,1.248
311.69,4.0,4.0,3.0,1.0,sector 72,10.0,1.0,0.0,0.0,0.0,0.0,1.0,0.0,1.0,0.0,0.0,1.0,0.0,0.0,1.0,0.0,0.0,0.0,0.0,0.0,super built up,high,new,tata primanti,gurgaon,6.825
221.39,4.0,4.0,3.0,1.0,sector 49,15.0,1.0,0.0,0.0,1.0,0.0,1.0,0.0,1.0,1.0,0.0,1.0,1.0,0.0,1.0,0.0,0.0,1.0,0.0,0.0,super built up,mid,old,bestech park view city 2,gurgaon,3.9
132.29,2.0,2.0,3.0,0.0,sector 74,7.0,1.0,0.0,0.0,1.0,0.0,1.0,0.0,1.0,1.0,0.0,0.0,1.0,0.0,0.0,0.0,0.0,0.0,0.0,0.0,carpet,high,under construction,m3m skywalk,gurgaon,2.314
178.37,3.0,4.0,3.0,1.0,sector 2,10.0,1.0,0.0,0.0,1.0,1.0,0.0,0.0,1.0,1.0,1.0,1.0,0.0,0.0,0.0,0.0,0.0,0.0,0.0,0.0,super built up,high,old,bestech park view residency,gurgaon,1.95
169.55,3.0,3.0,2.0,0.0,sector 85,8.0,1.0,0.0,0.0,1.0,0.0,0.0,0.0,1.0,1.0,0.0,0.0,1.0,0.0,0.0,0.0,0.0,0.0,0.0,0.0,built up,high,under construction,godrej air,gurgaon,2.275
367.52,4.0,4.0,3.0,0.0,sector 63,10.0,1.0,0.0,0.0,0.0,0.0,1.0,1.0,0.0,0.0,0.0,0.0,0.0,0.0,0.0,1.0,0.0,0.0,0.0,1.0,built up,high,under construction,dlf the arbour,gurgaon,9.776
219.62,4.0,4.0,3.0,1.0,sector 90,6.0,1.0,0.0,0.0,0.0,0.0,0.0,0.0,1.0,1.0,0.0,0.0,0.0,0.0,1.0,0.0,0.0,0.0,0.0,0.0,super built up,low,new,dlf new town heights 1,gurgaon,2.015
171.87,4.0,3.0,3.0,0.0,sector 9,50.0,1.0,0.0,0.0,0.0,0.0,0.0,1.0,1.0,0.0,1.0,0.0,0.0,0.0,0.0,1.0,0.0,0.0,0.0,1.0,carpet,high,old,oriental valley chs,gurgaon,1.95
139.35,2.0,2.0,3.0,1.0,sector 112,8.0,1.0,0.0,0.0,0.0,0.0,1.0,0.0,1.0,1.0,1.0,0.0,1.0,0.0,0.0,0.0,0.0,0.0,0.0,0.0,carpet,high,new,experion windchants,gurgaon,4.03
214.14,3.0,3.0,3.0,1.0,sector 48,15.0,1.0,1.0,0.0,1.0,0.0,1.0,1.0,1.0,1.0,0.0,1.0,0.0,1.0,0.0,1.0,0.0,0.0,0.0,0.0,super built up,mid,new,bestech park view city,gurgaon,3.51
179.21,3.0,3.0,3.0,1.0,sector 33,8.0,1.0,0.0,0.0,1.0,0.0,0.0,0.0,1.0,1.0,0.0,0.0,0.0,0.0,0.0,0.0,0.0,0.0,0.0,0.0,carpet,high,new,godrej nature plus,sohna,2.47
133.32,3.0,3.0,3.0,0.0,sector 37,8.0,1.0,0.0,0.0,1.0,1.0,0.0,0.0,1.0,0.0,0.0,0.0,1.0,0.0,0.0,0.0,0.0,0.0,0.0,0.0,built up,high,under construction,imperia the esfera,gurgaon,1.1700000000000002
126.53,3.0,3.0,1.0,1.0,sector 54,15.0,1.0,1.0,0.0,1.0,0.0,1.0,1.0,0.0,0.0,0.0,0.0,0.0,0.0,0.0,1.0,0.0,1.0,0.0,0.0,super built up,low,old,dlf carlton estate,gurgaon,2.7300000000000004
42.9,1.0,1.0,0.0,1.0,sector 52,44.0,1.0,0.0,0.0,0.0,0.0,0.0,1.0,1.0,0.0,0.0,1.0,0.0,1.0,0.0,1.0,0.0,0.0,0.0,1.0,carpet,low,old,huda housing board society,gurgaon,0.5850000000000001
184.88,3.0,3.0,3.0,1.0,sector 37,13.0,0.0,0.0,0.0,1.0,0.0,1.0,0.0,1.0,1.0,1.0,0.0,1.0,0.0,1.0,0.0,0.0,0.0,0.0,0.0,super built up,low,new,corona optus,gurgaon,1.859
141.58,2.0,3.0,2.0,1.0,sector 60,7.0,1.0,0.0,0.0,0.0,0.0,1.0,0.0,1.0,1.0,0.0,1.0,0.0,0.0,0.0,0.0,0.0,0.0,0.0,0.0,super built up,low,new,ireo skyon,gurgaon,2.665
287.07,3.0,4.0,3.0,1.0,sector 22,14.0,1.0,0.0,0.0,1.0,0.0,1.0,0.0,1.0,1.0,1.0,0.0,1.0,0.0,0.0,0.0,0.0,0.0,0.0,0.0,super built up,mid,new,ambience creacions,gurgaon,6.214
117.24,2.0,2.0,3.0,0.0,sector 70,14.0,1.0,0.0,0.0,0.0,0.0,1.0,1.0,0.0,0.0,0.0,0.0,0.0,0.0,0.0,1.0,0.0,0.0,0.0,0.0,carpet,high,under construction,aipl zen residences,gurgaon,1.625
121.89,2.0,2.0,2.0,0.0,sector 85,5.0,0.0,0.0,0.0,0.0,0.0,0.0,0.0,0.0,1.0,0.0,1.0,1.0,0.0,0.0,0.0,0.0,0.0,0.0,0.0,super built up,mid,new,orris aster court,gurgaon,0.8840000000000001
181.16,3.0,3.0,3.0,1.0,sector 70,15.0,1.0,0.0,0.0,1.0,0.0,1.0,1.0,0.0,0.0,0.0,0.0,0.0,1.0,0.0,0.0,0.0,0.0,0.0,0.0,super built up,high,new,shree vardhman victoria,gurgaon,2.3400000000000003
114.27,2.0,2.0,2.0,0.0,sector 68,10.0,1.0,0.0,0.0,1.0,0.0,1.0,0.0,1.0,1.0,0.0,0.0,0.0,0.0,1.0,0.0,0.0,1.0,0.0,0.0,super built up,high,new,m3m sierra 68,gurgaon,1.3650000000000002
222.97,4.0,4.0,3.0,1.0,sector 70,10.0,1.0,0.0,0.0,1.0,0.0,1.0,0.0,1.0,1.0,0.0,0.0,0.0,0.0,1.0,0.0,0.0,0.0,0.0,0.0,carpet,high,old,tulip ivory,gurgaon,3.055
155.33,3.0,3.0,2.0,0.0,sector 76,11.0,1.0,0.0,0.0,0.0,0.0,1.0,0.0,1.0,1.0,0.0,1.0,0.0,0.0,0.0,0.0,0.0,0.0,0.0,0.0,built up,low,under construction,whiteland blissville,gurgaon,2.496
181.16,3.0,5.0,3.0,1.0,sector 70,15.0,1.0,0.0,0.0,1.0,0.0,1.0,1.0,0.0,0.0,0.0,0.0,0.0,1.0,0.0,0.0,0.0,0.0,0.0,0.0,super built up,high,new,shree vardhman victoria,gurgaon,2.1060000000000003
267.1,4.0,6.0,3.0,1.0,sector 103,15.0,1.0,0.0,0.0,1.0,1.0,1.0,0.0,1.0,1.0,1.0,1.0,1.0,0.0,1.0,0.0,0.0,0.0,0.0,0.0,super built up,high,new,indiabulls centrum park,gurgaon,3.12
165.0,3.0,3.0,3.0,1.0,sector 48,15.0,1.0,1.0,0.0,1.0,0.0,1.0,1.0,1.0,1.0,0.0,1.0,0.0,1.0,0.0,1.0,0.0,0.0,0.0,0.0,super built up,high,old,bestech park view city,gurgaon,2.2880000000000003
51.48,2.0,2.0,2.0,0.0,sector 33,14.0,1.0,0.0,0.0,0.0,0.0,1.0,1.0,1.0,0.0,1.0,0.0,0.0,0.0,1.0,0.0,0.0,1.0,0.0,0.0,carpet,high,new,breez global hill view,sohna,0.4549999999999999
169.83,3.0,3.0,3.0,0.0,sector 65,11.0,1.0,0.0,0.0,1.0,0.0,1.0,0.0,1.0,1.0,0.0,1.0,1.0,0.0,1.0,0.0,0.0,0.0,0.0,0.0,super built up,high,mid aged,m3m heights,gurgaon,3.64
118.54,2.0,2.0,2.0,0.0,sector 113,8.0,1.0,0.0,0.0,1.0,0.0,0.0,0.0,1.0,0.0,0.0,0.0,1.0,0.0,0.0,0.0,0.0,0.0,0.0,0.0,super built up,low,new,la vida by tata housing,gurgaon,1.7160000000000002
120.59,3.0,2.0,2.0,0.0,sector 92,8.0,1.0,0.0,0.0,0.0,0.0,0.0,0.0,0.0,0.0,0.0,0.0,0.0,1.0,0.0,0.0,0.0,0.0,0.0,0.0,super built up,high,new,sare crescent parc royal greens phase 1,gurgaon,1.027
199.74,3.0,3.0,3.0,1.0,sector 1,26.0,1.0,0.0,0.0,0.0,1.0,0.0,0.0,1.0,0.0,0.0,1.0,0.0,0.0,0.0,1.0,0.0,0.0,0.0,1.0,super built up,mid,old,the nav manesar apartment,gurgaon,1.105
170.2,3.0,3.0,3.0,1.0,sector 37,11.0,1.0,0.0,0.0,1.0,0.0,1.0,0.0,1.0,1.0,0.0,0.0,1.0,0.0,1.0,0.0,0.0,0.0,0.0,0.0,super built up,high,new,bptp terra,gurgaon,1.937
133.78,3.0,3.0,3.0,1.0,sector 37,12.0,1.0,0.0,0.0,0.0,0.0,1.0,0.0,1.0,0.0,0.0,0.0,1.0,0.0,0.0,1.0,0.0,0.0,0.0,0.0,carpet,low,mid aged,signature global city 37d ph 2,gurgaon,1.755
92.62,2.0,2.0,2.0,0.0,sector 47,45.0,1.0,0.0,0.0,0.0,0.0,1.0,1.0,0.0,0.0,0.0,0.0,0.0,0.0,0.0,0.0,0.0,0.0,0.0,1.0,carpet,low,new,unitech uniworld gardens 2,gurgaon,1.3650000000000002
267.56,3.0,5.0,3.0,1.0,sector 48,15.0,1.0,0.0,0.0,1.0,0.0,1.0,0.0,1.0,0.0,0.0,0.0,0.0,0.0,0.0,0.0,0.0,0.0,0.0,0.0,carpet,mid,old,central park resort belgravia residences,gurgaon,8.125
223.71,3.0,4.0,3.0,1.0,sector 85,13.0,1.0,0.0,0.0,1.0,0.0,1.0,0.0,1.0,1.0,0.0,0.0,1.0,0.0,1.0,0.0,0.0,0.0,1.0,0.0,super built up,mid,new,ss the leaf,gurgaon,2.6
102.66,2.0,2.0,3.0,1.0,sector 89,14.0,1.0,0.0,0.0,1.0,0.0,1.0,0.0,1.0,0.0,1.0,1.0,1.0,0.0,1.0,0.0,0.0,0.0,0.0,0.0,carpet,low,new,smart world gems,gurgaon,1.144
191.47,3.0,3.0,3.0,1.0,sector 49,13.0,1.0,0.0,0.0,1.0,0.0,0.0,1.0,1.0,0.0,0.0,0.0,0.0,0.0,1.0,1.0,0.0,0.0,0.0,0.0,super built up,mid,old,orchid petals,gurgaon,3.263
205.78,4.0,4.0,3.0,1.0,sector 90,14.0,0.0,0.0,0.0,0.0,1.0,0.0,0.0,0.0,0.0,0.0,0.0,0.0,0.0,0.0,0.0,0.0,0.0,0.0,0.0,super built up,high,old,dlf regal gardens,gurgaon,2.21
165.37,3.0,3.0,3.0,0.0,sector 2,10.0,1.0,0.0,0.0,1.0,1.0,0.0,0.0,1.0,1.0,1.0,1.0,0.0,0.0,0.0,0.0,0.0,0.0,0.0,0.0,super built up,high,old,bestech park view residency,gurgaon,1.82
154.78,3.0,2.0,2.0,0.0,sector 1,11.0,1.0,0.0,0.0,0.0,0.0,0.0,0.0,0.0,0.0,0.0,0.0,0.0,1.0,0.0,0.0,0.0,0.0,0.0,1.0,super built up,mid,old,hsiidc sidco shivalik apartments,manesar,1.105
202.99,3.0,4.0,3.0,1.0,sector 72,10.0,1.0,0.0,0.0,0.0,0.0,1.0,0.0,1.0,0.0,0.0,1.0,0.0,0.0,1.0,0.0,0.0,0.0,0.0,0.0,super built up,high,new,tata primanti,gurgaon,4.173
27.87,1.0,1.0,0.0,0.0,sector 40,47.0,1.0,0.0,0.0,0.0,0.0,0.0,1.0,1.0,0.0,0.0,1.0,0.0,0.0,0.0,0.0,0.0,0.0,0.0,0.0,built up,low,under construction,lig flat,gurgaon,1.95
185.81,3.0,4.0,3.0,1.0,sector 77,10.0,1.0,0.0,0.0,1.0,0.0,1.0,0.0,1.0,1.0,0.0,0.0,1.0,0.0,0.0,0.0,0.0,0.0,0.0,0.0,super built up,mid,new,emaar mgf palm hills,gurgaon,2.47
215.54,3.0,4.0,3.0,1.0,sector 91,10.0,1.0,0.0,0.0,0.0,0.0,0.0,0.0,1.0,1.0,0.0,0.0,1.0,0.0,1.0,0.0,0.0,0.0,0.0,0.0,super built up,low,new,tarc maceo,gurgaon,1.95
176.52,4.0,3.0,2.0,1.0,sector 92,8.0,1.0,0.0,0.0,0.0,0.0,0.0,0.0,0.0,0.0,0.0,0.0,0.0,1.0,0.0,0.0,0.0,0.0,0.0,0.0,super built up,high,new,sare crescent parc,gurgaon,1.04
325.16,4.0,4.0,2.0,1.0,sector 82,6.0,1.0,0.0,0.0,0.0,0.0,0.0,0.0,0.0,0.0,0.0,0.0,0.0,1.0,0.0,0.0,0.0,0.0,0.0,0.0,carpet,mid,under construction,dlf 76,gurgaon,5.2
130.71,3.0,3.0,2.0,0.0,sector 54,15.0,1.0,1.0,0.0,1.0,0.0,1.0,1.0,0.0,0.0,0.0,0.0,0.0,0.0,0.0,1.0,0.0,1.0,0.0,0.0,super built up,mid,old,dlf carlton estate,gurgaon,2.6
390.19,4.0,4.0,3.0,1.0,sector 81,7.0,1.0,0.0,0.0,1.0,0.0,0.0,0.0,1.0,0.0,0.0,1.0,0.0,0.0,0.0,0.0,0.0,0.0,0.0,0.0,super built up,high,new,bestech spa signature,gurgaon,5.785
199.74,3.0,3.0,3.0,1.0,sector 89,6.0,1.0,0.0,0.0,1.0,0.0,0.0,0.0,1.0,1.0,0.0,0.0,1.0,0.0,0.0,0.0,0.0,0.0,0.0,0.0,super built up,high,new,ats marigold,gurgaon,2.405
204.39,3.0,3.0,0.0,0.0,sector 1,25.0,1.0,0.0,0.0,0.0,1.0,0.0,0.0,1.0,0.0,0.0,1.0,0.0,0.0,0.0,1.0,0.0,0.0,0.0,0.0,built up,mid,under construction,dnha cghs,gurgaon,1.105
357.12,3.0,5.0,3.0,1.0,sector 65,9.0,1.0,0.0,0.0,1.0,0.0,1.0,0.0,1.0,1.0,0.0,1.0,0.0,0.0,1.0,0.0,1.0,0.0,0.0,0.0,carpet,low,new,m3m golfestate,gurgaon,7.995000000000001
83.61204013377927,2.0,2.0,1.0,0.0,sector 85,8.0,1.0,0.0,0.0,1.0,0.0,0.0,0.0,1.0,1.0,0.0,0.0,1.0,0.0,0.0,0.0,0.0,0.0,0.0,0.0,built up,high,mid aged,godrej air,gurgaon,1.3650000000000002
212.75,3.0,4.0,3.0,1.0,sector 104,13.0,1.0,0.0,0.0,1.0,0.0,1.0,0.0,1.0,1.0,0.0,1.0,1.0,0.0,1.0,0.0,1.0,0.0,0.0,0.0,super built up,high,new,ats triumph,gurgaon,2.275
185.81,3.0,3.0,2.0,1.0,sector 84,12.0,1.0,0.0,0.0,1.0,0.0,0.0,0.0,1.0,1.0,0.0,0.0,1.0,0.0,1.0,0.0,0.0,0.0,0.0,0.0,super built up,low,new,ss almeria,gurgaon,1.924
199.74,3.0,4.0,3.0,1.0,sector 79,10.0,1.0,0.0,0.0,1.0,0.0,0.0,0.0,1.0,1.0,0.0,0.0,0.0,0.0,0.0,0.0,0.0,0.0,0.0,0.0,super built up,low,new,bestech altura,gurgaon,3.497
260.31,3.0,5.0,3.0,1.0,sector 112,8.0,1.0,0.0,0.0,0.0,0.0,1.0,0.0,1.0,1.0,1.0,0.0,1.0,0.0,0.0,0.0,0.0,0.0,0.0,0.0,super built up,high,new,experion windchants,gurgaon,4.875
116.13,2.0,2.0,2.0,0.0,sector 81,15.0,1.0,0.0,0.0,0.0,0.0,0.0,0.0,0.0,0.0,0.0,0.0,0.0,1.0,0.0,0.0,0.0,0.0,0.0,1.0,super built up,mid,new,vipul lavanya,gurgaon,1.3
218.79,4.0,4.0,3.0,1.0,sector 106,11.0,1.0,0.0,0.0,1.0,0.0,1.0,0.0,1.0,1.0,0.0,1.0,1.0,0.0,1.0,0.0,0.0,0.0,0.0,0.0,super built up,high,new,paras dews,gurgaon,1.755
146.6,3.0,3.0,2.0,1.0,sector 69,10.0,1.0,0.0,0.0,1.0,0.0,1.0,0.0,1.0,1.0,0.0,0.0,0.0,0.0,1.0,0.0,0.0,0.0,0.0,0.0,super built up,low,new,tulip violet,gurgaon,1.872
29.54,1.0,1.0,0.0,0.0,sector 107,10.0,0.0,0.0,0.0,1.0,0.0,0.0,0.0,1.0,0.0,0.0,0.0,1.0,0.0,0.0,0.0,0.0,0.0,0.0,0.0,built up,mid,under construction,signature global solera,gurgaon,0.325
204.39,3.0,3.0,3.0,1.0,sector 66,14.0,1.0,0.0,0.0,0.0,0.0,1.0,0.0,1.0,1.0,0.0,1.0,0.0,0.0,0.0,0.0,0.0,1.0,0.0,0.0,super built up,mid,old,emaar mgf the palm drive,gurgaon,4.55
246.19,4.0,6.0,3.0,1.0,sector 76,4.0,0.0,0.0,0.0,1.0,0.0,0.0,0.0,1.0,0.0,0.0,0.0,1.0,0.0,0.0,0.0,0.0,0.0,0.0,0.0,super built up,high,new,corona gracieux,gurgaon,1.898
161.74,2.0,2.0,3.0,1.0,sector 85,13.0,1.0,0.0,0.0,1.0,0.0,1.0,0.0,1.0,1.0,0.0,0.0,1.0,0.0,1.0,0.0,0.0,0.0,1.0,0.0,super built up,high,new,ss the leaf,gurgaon,1.495
217.67,4.0,5.0,3.0,0.0,sector 108,13.0,1.0,0.0,0.0,0.0,0.0,1.0,0.0,1.0,1.0,0.0,0.0,1.0,0.0,0.0,0.0,0.0,0.0,1.0,0.0,built up,high,under construction,sobha city,gurgaon,5.135000000000001
162.12,3.0,3.0,3.0,1.0,sector 109,15.0,0.0,0.0,0.0,0.0,1.0,0.0,1.0,1.0,1.0,0.0,0.0,0.0,1.0,0.0,1.0,0.0,1.0,1.0,0.0,super built up,high,new,ats kocoon,gurgaon,2.145
145.67,3.0,3.0,1.0,1.0,sector 69,10.0,1.0,0.0,0.0,1.0,0.0,1.0,0.0,1.0,1.0,0.0,0.0,0.0,0.0,1.0,0.0,0.0,0.0,0.0,0.0,super built up,high,new,tulip violet,gurgaon,1.6900000000000002
166.3,3.0,3.0,3.0,1.0,sector 103,15.0,1.0,0.0,0.0,1.0,1.0,1.0,0.0,1.0,1.0,1.0,1.0,1.0,0.0,1.0,0.0,0.0,0.0,0.0,0.0,super built up,high,new,indiabulls centrum park,gurgaon,1.729
222.97,4.0,4.0,3.0,1.0,sector 70,10.0,1.0,0.0,0.0,1.0,0.0,1.0,0.0,1.0,1.0,0.0,0.0,0.0,0.0,1.0,0.0,0.0,0.0,0.0,0.0,carpet,high,old,tulip ivory,gurgaon,3.055
209.12,3.0,3.0,3.0,1.0,sector 56,45.0,1.0,0.0,0.0,0.0,1.0,1.0,1.0,1.0,0.0,0.0,1.0,0.0,1.0,0.0,1.0,1.0,0.0,0.0,1.0,built up,mid,old,park royal apartment,gurgaon,2.223
158.96,3.0,3.0,2.0,0.0,sector 108,13.0,1.0,0.0,0.0,0.0,0.0,1.0,0.0,1.0,1.0,0.0,0.0,1.0,0.0,0.0,0.0,0.0,0.0,1.0,0.0,super built up,high,new,sobha city,gurgaon,3.25
146.04,3.0,3.0,0.0,0.0,sector 92,11.0,1.0,0.0,0.0,0.0,0.0,0.0,1.0,1.0,0.0,0.0,0.0,1.0,0.0,0.0,1.0,0.0,0.0,0.0,0.0,super built up,high,new,raheja navodaya,gurgaon,1.105
163.51,3.0,4.0,3.0,1.0,sector 106,11.0,1.0,0.0,0.0,1.0,0.0,1.0,0.0,1.0,1.0,0.0,1.0,1.0,0.0,1.0,0.0,0.0,0.0,0.0,0.0,super built up,mid,new,paras dews,gurgaon,1.625
117.15,2.0,2.0,3.0,0.0,sector 65,11.0,1.0,0.0,0.0,1.0,0.0,1.0,0.0,1.0,1.0,0.0,1.0,1.0,0.0,1.0,0.0,0.0,0.0,0.0,0.0,super built up,high,new,m3m heights,gurgaon,2.7300000000000004
164.62,2.0,2.0,3.0,0.0,sector 85,13.0,1.0,0.0,0.0,1.0,0.0,1.0,0.0,1.0,1.0,0.0,0.0,1.0,0.0,1.0,0.0,0.0,0.0,1.0,0.0,super built up,high,new,ss the leaf,gurgaon,1.482
163.51,3.0,3.0,3.0,1.0,sector 106,11.0,1.0,0.0,0.0,1.0,0.0,1.0,0.0,1.0,1.0,0.0,1.0,1.0,0.0,1.0,0.0,0.0,0.0,0.0,0.0,super built up,high,new,paras dews,gurgaon,1.495
138.61,2.0,2.0,2.0,1.0,sector 33,7.0,1.0,0.0,0.0,0.0,0.0,0.0,0.0,1.0,0.0,0.0,0.0,1.0,0.0,0.0,0.0,0.0,0.0,0.0,0.0,built up,high,new,eldeco accolade,sohna,1.56
134.24,2.0,2.0,3.0,0.0,sector 83,10.0,0.0,0.0,0.0,1.0,0.0,0.0,0.0,1.0,1.0,0.0,1.0,1.0,0.0,0.0,0.0,0.0,0.0,0.0,0.0,super built up,mid,new,vatika gurgaon 21,gurgaon,1.235
102.1,2.0,2.0,2.0,0.0,sector 33,9.0,1.0,0.0,0.0,1.0,0.0,1.0,0.0,1.0,0.0,0.0,0.0,0.0,0.0,0.0,0.0,0.0,0.0,0.0,0.0,super built up,high,mid aged,raheja maheshwara,sohna,0.624
163.79,3.0,3.0,3.0,1.0,sector 37,13.0,0.0,0.0,0.0,1.0,0.0,1.0,0.0,1.0,1.0,1.0,0.0,1.0,0.0,1.0,0.0,0.0,0.0,0.0,0.0,super built up,low,new,corona optus,gurgaon,1.651
140.1,2.0,2.0,3.0,1.0,sector 62,11.0,1.0,0.0,0.0,1.0,0.0,1.0,0.0,1.0,1.0,0.0,1.0,0.0,0.0,0.0,0.0,0.0,0.0,0.0,0.0,super built up,high,new,emaar digihomes,gurgaon,2.7300000000000004
195.38,3.0,3.0,3.0,1.0,sector 81,9.0,1.0,0.0,0.0,0.0,0.0,0.0,0.0,1.0,1.0,0.0,1.0,0.0,0.0,0.0,0.0,0.0,0.0,0.0,0.0,super built up,high,new,dlf the ultima,gurgaon,2.9250000000000003
180.7,3.0,3.0,3.0,0.0,sector 79,3.0,0.0,0.0,0.0,0.0,0.0,0.0,0.0,0.0,0.0,0.0,0.0,0.0,1.0,0.0,0.0,0.0,0.0,0.0,1.0,carpet,low,new,supertech araville,gurgaon,1.885
125.42,2.0,2.0,3.0,1.0,sector 90,10.0,1.0,0.0,0.0,1.0,0.0,1.0,0.0,1.0,1.0,0.0,0.0,1.0,0.0,1.0,0.0,0.0,0.0,0.0,0.0,super built up,high,new,shree vardhman flora,gurgaon,0.8320000000000001
163.51,3.0,4.0,3.0,0.0,sector 28,48.0,1.0,0.0,0.0,0.0,0.0,0.0,1.0,0.0,0.0,0.0,1.0,0.0,0.0,0.0,1.0,1.0,0.0,0.0,1.0,carpet,low,under construction,essel towers,gurgaon,2.8600000000000003
261.34,3.0,3.0,2.0,1.0,sector 78,10.0,0.0,0.0,0.0,1.0,0.0,1.0,0.0,1.0,1.0,0.0,0.0,0.0,0.0,0.0,0.0,0.0,0.0,0.0,0.0,built up,high,mid aged,raheja revanta,gurgaon,6.175
117.43,2.0,2.0,3.0,1.0,sector 33,7.0,1.0,0.0,0.0,0.0,0.0,0.0,0.0,1.0,0.0,0.0,0.0,1.0,0.0,0.0,0.0,0.0,0.0,0.0,0.0,super built up,high,new,eldeco accolade,sohna,0.8580000000000001
102.19,1.0,1.0,1.0,1.0,sector 28,48.0,1.0,0.0,0.0,0.0,0.0,0.0,1.0,0.0,0.0,0.0,1.0,0.0,0.0,0.0,1.0,1.0,0.0,0.0,1.0,super built up,low,old,maruti vihar,gurgaon,1.3
253.07,4.0,3.0,3.0,1.0,sector 91,10.0,1.0,0.0,0.0,0.0,0.0,0.0,0.0,1.0,1.0,0.0,0.0,1.0,0.0,1.0,0.0,0.0,0.0,0.0,0.0,super built up,high,new,tarc maceo,gurgaon,2.275
130.99,2.0,2.0,2.0,0.0,sector 37,11.0,1.0,0.0,0.0,1.0,0.0,1.0,0.0,1.0,1.0,0.0,0.0,1.0,0.0,1.0,0.0,0.0,0.0,0.0,0.0,super built up,high,new,bptp terra,gurgaon,1.521
111.28,1.0,2.0,2.0,0.0,sector 78,10.0,0.0,0.0,0.0,1.0,0.0,1.0,0.0,1.0,1.0,0.0,0.0,0.0,0.0,0.0,0.0,0.0,0.0,0.0,0.0,super built up,high,under construction,raheja revanta,gurgaon,1.56
198.07,3.0,3.0,2.0,1.0,sector 81,9.0,1.0,0.0,0.0,0.0,0.0,0.0,0.0,1.0,1.0,0.0,1.0,0.0,0.0,0.0,0.0,0.0,0.0,0.0,0.0,super built up,high,new,dlf the ultima,gurgaon,3.12
55.74,2.0,1.0,1.0,0.0,sector 69,33.0,1.0,0.0,0.0,0.0,1.0,1.0,1.0,0.0,0.0,0.0,0.0,0.0,0.0,0.0,1.0,0.0,0.0,0.0,0.0,carpet,high,new,tulip lemon,gurgaon,0.78
118.54,2.0,2.0,2.0,0.0,sector 113,8.0,1.0,0.0,0.0,1.0,0.0,0.0,0.0,1.0,0.0,0.0,0.0,1.0,0.0,0.0,0.0,0.0,0.0,0.0,0.0,super built up,high,new,la vida by tata housing,gurgaon,1.95
128.21,2.0,2.0,2.0,0.0,sector 22,14.0,1.0,0.0,0.0,1.0,0.0,1.0,0.0,1.0,1.0,1.0,0.0,1.0,0.0,0.0,0.0,0.0,0.0,0.0,0.0,super built up,high,new,ambience creacions,gurgaon,2.587
100.43,3.0,2.0,3.0,0.0,sector 33,8.0,1.0,0.0,0.0,0.0,0.0,0.0,0.0,1.0,1.0,1.0,1.0,0.0,0.0,0.0,0.0,0.0,0.0,0.0,0.0,super built up,mid,under construction,signature global park,sohna,1.027
176.05,3.0,4.0,3.0,1.0,sector 86,10.0,1.0,0.0,0.0,1.0,0.0,0.0,0.0,1.0,1.0,0.0,0.0,1.0,0.0,0.0,0.0,0.0,0.0,0.0,0.0,super built up,high,new,microtek greenburg,gurgaon,2.145
445.93,6.0,7.0,3.0,1.0,sector 70,10.0,1.0,0.0,0.0,1.0,0.0,1.0,0.0,1.0,1.0,0.0,0.0,0.0,0.0,1.0,0.0,0.0,0.0,0.0,0.0,carpet,high,new,tulip ivory,gurgaon,6.5
176.52,3.0,3.0,3.0,1.0,sector 52,47.0,1.0,0.0,0.0,0.0,1.0,0.0,1.0,0.0,0.0,0.0,1.0,0.0,1.0,0.0,1.0,1.0,0.0,0.0,1.0,super built up,mid,new,shree kirpalu gi sector 52,gurgaon,1.885
58.44,2.0,2.0,1.0,0.0,sector 33,13.0,1.0,0.0,0.0,0.0,1.0,1.0,1.0,1.0,0.0,0.0,1.0,1.0,0.0,0.0,1.0,1.0,0.0,0.0,0.0,carpet,mid,new,trisara our homes 3,sohna,0.442
132.29,2.0,2.0,2.0,0.0,sector 74,7.0,1.0,0.0,0.0,1.0,0.0,1.0,0.0,1.0,1.0,0.0,0.0,1.0,0.0,0.0,0.0,0.0,0.0,0.0,0.0,super built up,high,new,m3m skywalk,gurgaon,1.82
126.91,2.0,2.0,3.0,1.0,sector 107,6.0,0.0,0.0,0.0,0.0,0.0,0.0,0.0,1.0,1.0,0.0,0.0,0.0,0.0,0.0,0.0,0.0,0.0,0.0,0.0,super built up,high,new,m3m woodshire,gurgaon,1.1700000000000002
151.43,3.0,3.0,3.0,0.0,sector 61,9.0,1.0,0.0,0.0,1.0,0.0,0.0,0.0,1.0,1.0,1.0,1.0,0.0,0.0,0.0,0.0,0.0,0.0,0.0,0.0,built up,low,new,smart world orchard,gurgaon,3.1330000000000005
52.68,2.0,2.0,2.0,0.0,sector 33,6.0,0.0,0.0,0.0,0.0,0.0,0.0,0.0,0.0,1.0,0.0,0.0,1.0,0.0,0.0,0.0,1.0,0.0,0.0,0.0,super built up,high,new,gls arawali homes,sohna,0.39
48.22,2.0,2.0,2.0,0.0,sector 33,5.0,0.0,0.0,0.0,0.0,0.0,0.0,0.0,0.0,0.0,0.0,0.0,0.0,0.0,0.0,0.0,0.0,0.0,0.0,1.0,carpet,low,new,hcbs sports ville,sohna,0.416
130.06,3.0,3.0,3.0,1.0,sector 49,14.0,1.0,0.0,0.0,0.0,0.0,1.0,1.0,0.0,0.0,0.0,0.0,0.0,0.0,0.0,0.0,0.0,0.0,0.0,0.0,carpet,high,old,vatika city,gurgaon,2.327
181.16,4.0,3.0,3.0,0.0,sector 92,8.0,1.0,0.0,0.0,0.0,0.0,0.0,0.0,0.0,0.0,0.0,0.0,0.0,1.0,0.0,0.0,0.0,0.0,0.0,0.0,super built up,high,new,sare homes,gurgaon,1.235
183.48,4.0,4.0,3.0,0.0,sector 85,8.0,1.0,0.0,0.0,1.0,0.0,1.0,0.0,1.0,0.0,0.0,0.0,0.0,0.0,0.0,0.0,0.0,0.0,0.0,0.0,super built up,high,old,orris carnation residency,gurgaon,1.1700000000000002
185.34,3.0,4.0,3.0,1.0,sector 92,11.0,1.0,0.0,0.0,1.0,0.0,1.0,0.0,1.0,1.0,0.0,0.0,1.0,0.0,1.0,0.0,0.0,0.0,0.0,0.0,super built up,high,new,bestech park view sanskruti,gurgaon,2.08
167.69,3.0,3.0,3.0,0.0,sector 49,13.0,1.0,0.0,0.0,1.0,0.0,0.0,1.0,1.0,0.0,0.0,0.0,0.0,0.0,1.0,1.0,0.0,0.0,0.0,0.0,super built up,high,new,orchid petals,gurgaon,2.717
185.81,3.0,3.0,3.0,1.0,sector 56,44.0,1.0,0.0,0.0,0.0,1.0,1.0,1.0,1.0,0.0,0.0,1.0,0.0,1.0,0.0,1.0,0.0,0.0,0.0,1.0,super built up,mid,old,kiran residency,gurgaon,2.015
181.72,4.0,3.0,3.0,0.0,sector 92,11.0,0.0,0.0,0.0,0.0,0.0,0.0,0.0,1.0,1.0,0.0,1.0,1.0,0.0,0.0,0.0,0.0,0.0,0.0,0.0,super built up,mid,old,sare green parc phase 3,gurgaon,1.235
162.02,3.0,3.0,2.0,1.0,sector 90,14.0,0.0,0.0,0.0,0.0,1.0,0.0,0.0,0.0,0.0,0.0,0.0,0.0,0.0,0.0,0.0,0.0,0.0,0.0,0.0,super built up,high,new,dlf regal gardens,gurgaon,1.638
71.26,2.0,2.0,2.0,1.0,sector 95,3.0,1.0,0.0,0.0,0.0,0.0,0.0,0.0,0.0,0.0,0.0,0.0,0.0,0.0,0.0,0.0,0.0,0.0,0.0,0.0,super built up,mid,new,ramsons kshitij,gurgaon,0.364
132.2,3.0,2.0,0.0,0.0,sector 89,14.0,1.0,0.0,0.0,1.0,0.0,1.0,0.0,1.0,0.0,1.0,1.0,1.0,0.0,1.0,0.0,0.0,0.0,0.0,0.0,built up,low,under construction,smart world gems,gurgaon,2.223
195.1,3.0,4.0,3.0,1.0,sector 81,9.0,1.0,0.0,0.0,0.0,0.0,0.0,0.0,1.0,1.0,0.0,1.0,0.0,0.0,0.0,0.0,0.0,0.0,0.0,0.0,super built up,mid,new,dlf the ultima,gurgaon,2.8600000000000003
52.81,2.0,2.0,1.0,0.0,sector 104,9.0,1.0,0.0,0.0,1.0,0.0,1.0,0.0,1.0,1.0,0.0,0.0,0.0,0.0,1.0,0.0,0.0,0.0,0.0,0.0,super built up,mid,new,zara aavaas,gurgaon,0.52
176.52,3.0,4.0,3.0,1.0,sector 106,11.0,1.0,0.0,0.0,1.0,0.0,1.0,0.0,1.0,1.0,0.0,1.0,1.0,0.0,1.0,0.0,0.0,0.0,0.0,0.0,super built up,high,new,paras dews,gurgaon,1.482
189.52,4.0,3.0,3.0,1.0,sector 92,7.0,1.0,0.0,0.0,0.0,0.0,0.0,0.0,0.0,0.0,0.0,0.0,0.0,1.0,0.0,0.0,0.0,0.0,0.0,0.0,built up,high,under construction,sare green parc 2,gurgaon,1.3910000000000002
186.08,3.0,4.0,2.0,0.0,sector 108,13.0,1.0,0.0,0.0,0.0,0.0,1.0,0.0,1.0,1.0,0.0,0.0,1.0,0.0,0.0,0.0,0.0,0.0,1.0,0.0,super built up,high,new,sobha city,gurgaon,3.77
97.55,2.0,2.0,0.0,0.0,sector 51,46.0,1.0,0.0,0.0,0.0,0.0,1.0,1.0,0.0,0.0,0.0,0.0,0.0,0.0,0.0,1.0,0.0,0.0,0.0,0.0,carpet,mid,new,samaspurkunj,gurgaon,0.7150000000000001
168.62,3.0,4.0,3.0,1.0,sector 79,9.0,0.0,0.0,0.0,1.0,0.0,0.0,0.0,1.0,1.0,0.0,1.0,1.0,0.0,0.0,0.0,0.0,0.0,0.0,0.0,super built up,high,new,mapsko mount ville,gurgaon,1.95
172.06,3.0,3.0,3.0,0.0,sector 102,13.0,1.0,0.0,0.0,1.0,1.0,0.0,0.0,1.0,1.0,0.0,0.0,1.0,0.0,1.0,0.0,0.0,1.0,0.0,0.0,super built up,high,new,shapoorji pallonji joyville gurugram,gurgaon,2.756
114.74,2.0,2.0,2.0,1.0,sector 63,13.0,1.0,0.0,0.0,0.0,0.0,1.0,0.0,1.0,1.0,0.0,1.0,0.0,0.0,1.0,0.0,1.0,1.0,0.0,0.0,carpet,low,mid aged,signature global city 63a,gurgaon,1.82
116.13,3.0,3.0,3.0,0.0,sector 37,10.0,1.0,0.0,0.0,1.0,0.0,1.0,0.0,1.0,1.0,0.0,0.0,1.0,0.0,1.0,0.0,0.0,0.0,0.0,0.0,carpet,low,mid aged,signature global city,gurgaon,1.4300000000000002
241.55,4.0,4.0,3.0,1.0,sector 113,17.0,1.0,0.0,0.0,0.0,0.0,0.0,0.0,1.0,0.0,1.0,1.0,0.0,0.0,0.0,1.0,0.0,0.0,0.0,0.0,super built up,high,new,smart world one dxp,gurgaon,4.485
76.37,2.0,2.0,3.0,0.0,sector 33,8.0,1.0,0.0,0.0,0.0,0.0,0.0,0.0,1.0,1.0,1.0,1.0,0.0,0.0,0.0,0.0,0.0,0.0,0.0,0.0,carpet,low,new,signature global park,sohna,0.7280000000000001
209.16,3.0,4.0,3.0,1.0,sector 49,14.0,1.0,0.0,0.0,0.0,0.0,1.0,1.0,0.0,0.0,0.0,0.0,0.0,0.0,0.0,0.0,0.0,0.0,0.0,0.0,super built up,low,old,vatika city,gurgaon,3.4320000000000004
120.77,2.0,2.0,2.0,0.0,sector 82,10.0,1.0,0.0,0.0,1.0,0.0,1.0,0.0,1.0,1.0,0.0,0.0,0.0,0.0,0.0,0.0,0.0,0.0,1.0,0.0,super built up,high,new,vatika the seven lamps,gurgaon,1.04
141.77,3.0,2.0,3.0,0.0,sector 1,10.0,1.0,0.0,0.0,0.0,0.0,0.0,0.0,0.0,0.0,0.0,0.0,0.0,1.0,0.0,0.0,0.0,0.0,0.0,1.0,carpet,mid,old,sbr minda sec 1 imt manesar,manesar,0.8450000000000001
163.04,3.0,3.0,3.0,1.0,sector 90,14.0,0.0,0.0,0.0,0.0,1.0,0.0,0.0,0.0,0.0,0.0,0.0,0.0,0.0,0.0,0.0,0.0,0.0,0.0,0.0,super built up,high,new,dlf regal gardens,gurgaon,1.612
120.77,2.0,2.0,3.0,1.0,sector 90,10.0,1.0,0.0,0.0,1.0,0.0,1.0,0.0,1.0,1.0,0.0,0.0,1.0,0.0,1.0,0.0,0.0,0.0,0.0,0.0,super built up,mid,new,shree vardhman flora,gurgaon,0.8580000000000001
67.45,2.0,2.0,2.0,0.0,sector 36,7.0,1.0,0.0,0.0,0.0,0.0,0.0,0.0,0.0,0.0,0.0,0.0,0.0,1.0,0.0,0.0,0.0,0.0,0.0,0.0,super built up,mid,new,avl 36 gurgaon,gurgaon,0.8450000000000001
195.38,3.0,3.0,3.0,1.0,sector 81,9.0,1.0,0.0,0.0,0.0,0.0,0.0,0.0,1.0,1.0,0.0,1.0,0.0,0.0,0.0,0.0,0.0,0.0,0.0,0.0,super built up,high,new,dlf the ultima,gurgaon,3.055
112.41,3.0,2.0,3.0,0.0,sector 33,8.0,1.0,0.0,0.0,0.0,0.0,0.0,0.0,1.0,1.0,1.0,1.0,0.0,0.0,0.0,0.0,0.0,0.0,0.0,0.0,built up,low,new,signature global park,sohna,1.235
137.5,3.0,2.0,3.0,0.0,sector 86,10.0,1.0,0.0,0.0,1.0,0.0,0.0,0.0,1.0,1.0,0.0,0.0,1.0,0.0,0.0,0.0,0.0,0.0,0.0,0.0,built up,high,new,microtek greenburg,gurgaon,1.885
167.23,3.0,3.0,3.0,0.0,sector 37,9.0,1.0,0.0,0.0,1.0,0.0,1.0,0.0,1.0,1.0,1.0,0.0,1.0,0.0,0.0,0.0,0.0,0.0,0.0,0.0,super built up,low,under construction,ild greens,gurgaon,1.3
76.37,2.0,2.0,3.0,0.0,sector 33,8.0,1.0,0.0,0.0,0.0,0.0,0.0,0.0,1.0,1.0,1.0,1.0,0.0,0.0,0.0,0.0,0.0,0.0,0.0,0.0,built up,low,new,signature global park,sohna,0.8450000000000001
260.13,4.0,5.0,3.0,1.0,sector 60,7.0,1.0,0.0,0.0,0.0,0.0,1.0,0.0,1.0,1.0,0.0,1.0,0.0,0.0,0.0,0.0,0.0,0.0,0.0,0.0,super built up,high,new,ireo skyon,gurgaon,4.875
243.87,4.0,5.0,3.0,1.0,sector 72,10.0,1.0,0.0,0.0,0.0,0.0,1.0,0.0,1.0,0.0,0.0,1.0,0.0,0.0,1.0,0.0,0.0,0.0,0.0,0.0,built up,high,new,tata primanti,gurgaon,4.55
169.83,3.0,3.0,3.0,0.0,sector 65,11.0,1.0,0.0,0.0,1.0,0.0,1.0,0.0,1.0,1.0,0.0,1.0,1.0,0.0,1.0,0.0,0.0,0.0,0.0,0.0,super built up,high,mid aged,m3m heights,gurgaon,3.9
126.81,2.0,2.0,2.0,1.0,sector 60,7.0,1.0,0.0,0.0,0.0,0.0,1.0,0.0,1.0,1.0,0.0,1.0,0.0,0.0,0.0,0.0,0.0,0.0,0.0,0.0,super built up,low,new,ireo skyon,gurgaon,2.756
153.29,3.0,3.0,3.0,1.0,sector 102,10.0,1.0,0.0,0.0,1.0,0.0,1.0,0.0,1.0,1.0,0.0,0.0,1.0,0.0,0.0,0.0,0.0,0.0,0.0,0.0,super built up,high,new,emaar gurgaon greens,gurgaon,1.885
261.24,4.0,5.0,3.0,1.0,sector 85,13.0,1.0,0.0,0.0,1.0,0.0,1.0,0.0,1.0,1.0,0.0,0.0,1.0,0.0,1.0,0.0,0.0,0.0,1.0,0.0,super built up,low,new,ss the leaf,gurgaon,2.6
210.15,3.0,4.0,2.0,1.0,sector 80,10.0,1.0,0.0,0.0,0.0,0.0,0.0,0.0,0.0,0.0,0.0,0.0,0.0,1.0,0.0,0.0,0.0,0.0,0.0,1.0,super built up,high,old,godrej frontier,gurgaon,1.82
260.31,3.0,3.0,2.0,0.0,sector 112,8.0,1.0,0.0,0.0,0.0,0.0,1.0,0.0,1.0,1.0,1.0,0.0,1.0,0.0,0.0,0.0,0.0,0.0,0.0,0.0,super built up,high,new,experion windchants,gurgaon,4.42
120.77,4.0,3.0,3.0,0.0,sector 15,49.0,1.0,0.0,0.0,0.0,1.0,0.0,1.0,1.0,0.0,0.0,0.0,0.0,1.0,0.0,1.0,1.0,0.0,0.0,1.0,carpet,low,old,cghs rail vihar,gurgaon,1.82
203.55,4.0,3.0,3.0,1.0,sector 37,11.0,1.0,0.0,0.0,1.0,0.0,1.0,0.0,1.0,1.0,0.0,0.0,1.0,0.0,1.0,0.0,0.0,0.0,0.0,0.0,super built up,high,new,bptp terra,gurgaon,2.3400000000000003
83.61204013377927,2.0,2.0,3.0,1.0,sector 104,15.0,1.0,0.0,0.0,1.0,0.0,0.0,0.0,1.0,1.0,1.0,1.0,1.0,0.0,1.0,0.0,0.0,0.0,1.0,0.0,carpet,high,new,godrej summit,gurgaon,1.066
483.1,4.0,5.0,3.0,1.0,sector 43,48.0,1.0,0.0,0.0,0.0,0.0,0.0,1.0,0.0,0.0,0.0,1.0,0.0,0.0,0.0,1.0,1.0,0.0,0.0,1.0,super built up,high,old,beverley park 1,gurgaon,10.972
140.12,2.0,2.0,2.0,1.0,sector 62,11.0,1.0,0.0,0.0,1.0,0.0,1.0,0.0,1.0,1.0,0.0,1.0,0.0,0.0,0.0,0.0,0.0,0.0,0.0,0.0,super built up,high,new,emaar digihomes,gurgaon,2.7300000000000004
50.73,2.0,2.0,1.0,0.0,sector 79,3.0,0.0,0.0,0.0,0.0,0.0,0.0,0.0,0.0,0.0,0.0,0.0,0.0,1.0,0.0,0.0,0.0,0.0,0.0,1.0,built up,mid,new,supertech basera,gurgaon,0.4679999999999999
183.48,4.0,4.0,3.0,1.0,sector 65,6.0,1.0,0.0,0.0,0.0,0.0,0.0,0.0,0.0,1.0,0.0,0.0,0.0,0.0,1.0,0.0,0.0,0.0,0.0,0.0,super built up,low,new,emaar mgf emerald floors premier,gurgaon,3.64
139.35,3.0,3.0,3.0,1.0,sector 56,46.0,1.0,0.0,0.0,0.0,1.0,1.0,1.0,0.0,0.0,0.0,1.0,0.0,1.0,0.0,1.0,1.0,0.0,0.0,1.0,super built up,low,old,shri banke bihari society,gurgaon,1.781
176.52,3.0,3.0,3.0,1.0,sector 83,10.0,0.0,0.0,0.0,1.0,0.0,0.0,0.0,0.0,0.0,0.0,0.0,0.0,0.0,0.0,0.0,0.0,0.0,0.0,0.0,super built up,mid,new,emaar palm gardens,gurgaon,2.275
163.04,3.0,2.0,3.0,0.0,sector 83,10.0,1.0,0.0,0.0,1.0,0.0,1.0,0.0,1.0,1.0,0.0,0.0,0.0,0.0,0.0,0.0,0.0,0.0,0.0,0.0,super built up,high,new,vatika lifestyle homes,gurgaon,1.495
402.92,4.0,5.0,3.0,1.0,sector 62,12.0,1.0,0.0,0.0,1.0,0.0,1.0,0.0,1.0,1.0,0.0,0.0,0.0,0.0,1.0,0.0,0.0,1.0,0.0,0.0,super built up,mid,new,pioneer urban presidia,gurgaon,9.295
497.03,4.0,4.0,3.0,1.0,sector 2,11.0,1.0,0.0,0.0,1.0,0.0,1.0,0.0,1.0,1.0,0.0,1.0,0.0,0.0,0.0,0.0,0.0,0.0,0.0,0.0,super built up,high,new,paras quartier,gurgaon,9.75
477.52,5.0,6.0,3.0,1.0,sector 82,12.0,1.0,0.0,0.0,1.0,0.0,1.0,0.0,1.0,1.0,0.0,0.0,0.0,0.0,0.0,0.0,0.0,0.0,0.0,0.0,carpet,mid,new,vatika sovereign next,gurgaon,5.005
301.93,4.0,4.0,3.0,1.0,sector 72,10.0,1.0,0.0,0.0,0.0,0.0,1.0,0.0,1.0,0.0,0.0,1.0,0.0,0.0,1.0,0.0,0.0,0.0,0.0,0.0,super built up,mid,new,tata primanti,gurgaon,5.525
160.44,3.0,3.0,2.0,1.0,sector 67,12.0,0.0,0.0,0.0,1.0,0.0,1.0,0.0,1.0,1.0,0.0,1.0,0.0,0.0,1.0,0.0,0.0,0.0,0.0,0.0,super built up,mid,under construction,ireo the corridors,gurgaon,2.704
206.71,3.0,3.0,3.0,0.0,sector 113,12.0,1.0,0.0,0.0,1.0,0.0,1.0,0.0,1.0,1.0,0.0,1.0,1.0,0.0,0.0,0.0,0.0,0.0,0.0,0.0,super built up,high,new,tata gurgaon gateway,gurgaon,3.1850000000000005
180.42,3.0,4.0,3.0,1.0,sector 102,15.0,0.0,0.0,0.0,1.0,0.0,1.0,0.0,1.0,1.0,1.0,1.0,1.0,0.0,1.0,0.0,0.0,0.0,1.0,0.0,super built up,high,old,conscient heritage max,gurgaon,2.366
240.43,3.0,3.0,3.0,1.0,sector 1,11.0,1.0,0.0,0.0,0.0,0.0,0.0,0.0,0.0,0.0,0.0,0.0,0.0,1.0,0.0,0.0,0.0,0.0,0.0,1.0,super built up,low,old,hsiidc sidco aravali,manesar,1.118
116.13,2.0,2.0,3.0,0.0,sector 1,11.0,1.0,0.0,0.0,0.0,0.0,0.0,0.0,0.0,0.0,0.0,0.0,0.0,1.0,0.0,0.0,0.0,0.0,0.0,1.0,super built up,mid,old,hsiidc sidco shivalik apartments,manesar,0.624
168.9,3.0,3.0,3.0,1.0,sector 90,14.0,0.0,0.0,0.0,0.0,1.0,0.0,0.0,0.0,0.0,0.0,0.0,0.0,0.0,0.0,0.0,0.0,0.0,0.0,0.0,super built up,high,new,dlf regal gardens,gurgaon,1.495
115.66,2.0,2.0,3.0,0.0,sector 82,8.0,1.0,0.0,0.0,1.0,0.0,0.0,0.0,1.0,1.0,0.0,0.0,1.0,0.0,1.0,0.0,0.0,0.0,0.0,0.0,carpet,high,under construction,vatika india next,gurgaon,1.04
83.61,2.0,1.0,1.0,1.0,sector 110,30.0,1.0,0.0,0.0,0.0,1.0,0.0,1.0,1.0,0.0,1.0,1.0,0.0,0.0,0.0,1.0,0.0,0.0,0.0,0.0,carpet,low,new,my home,gurgaon,0.364
55.93,2.0,2.0,1.0,0.0,sector 107,10.0,0.0,0.0,0.0,1.0,0.0,0.0,0.0,1.0,0.0,0.0,0.0,1.0,0.0,0.0,0.0,0.0,0.0,0.0,0.0,super built up,mid,new,signature global solera,gurgaon,0.52
227.61,3.0,3.0,0.0,0.0,sector 106,20.0,1.0,0.0,0.0,0.0,0.0,0.0,1.0,0.0,0.0,0.0,0.0,0.0,0.0,0.0,1.0,0.0,0.0,0.0,0.0,built up,high,under construction,elan the presidential,gurgaon,5.07
188.13,3.0,3.0,3.0,1.0,sector 102,10.0,1.0,0.0,0.0,1.0,0.0,0.0,0.0,1.0,1.0,1.0,0.0,1.0,0.0,1.0,0.0,0.0,0.0,1.0,0.0,carpet,high,new,emaar imperial gardens,gurgaon,2.405
201.04,3.0,4.0,1.0,1.0,sector 58,13.0,1.0,0.0,0.0,1.0,0.0,1.0,0.0,1.0,1.0,0.0,1.0,0.0,0.0,0.0,0.0,0.0,0.0,0.0,0.0,super built up,high,old,ireo the grand arch,gurgaon,4.94
92.72,2.0,2.0,2.0,0.0,sector 92,8.0,1.0,0.0,0.0,0.0,0.0,0.0,0.0,0.0,0.0,0.0,0.0,0.0,1.0,0.0,0.0,0.0,0.0,0.0,0.0,carpet,low,new,sare crescent parc,gurgaon,0.637
57.97,1.0,1.0,1.0,0.0,sector 2,15.0,1.0,0.0,0.0,0.0,1.0,1.0,1.0,1.0,0.0,0.0,0.0,0.0,0.0,0.0,1.0,0.0,0.0,0.0,0.0,super built up,high,old,valley view estate,gurgaon,0.494
42.5,2.0,2.0,1.0,0.0,sector 33,10.0,0.0,0.0,0.0,0.0,0.0,0.0,1.0,0.0,0.0,0.0,0.0,0.0,0.0,0.0,0.0,0.0,0.0,0.0,1.0,carpet,high,new,mvn athens,sohna,0.351
185.34,3.0,4.0,3.0,1.0,sector 92,11.0,1.0,0.0,0.0,1.0,0.0,1.0,0.0,1.0,1.0,0.0,0.0,1.0,0.0,1.0,0.0,0.0,0.0,0.0,0.0,super built up,high,new,bestech park view sanskruti,gurgaon,2.015
163.04,3.0,3.0,2.0,1.0,sector 83,10.0,1.0,0.0,0.0,1.0,0.0,1.0,0.0,1.0,1.0,0.0,0.0,0.0,0.0,0.0,0.0,0.0,0.0,0.0,0.0,super built up,high,new,vatika lifestyle homes,gurgaon,1.4300000000000002
54.53,2.0,1.0,2.0,0.0,sector 99,8.0,0.0,0.0,0.0,1.0,0.0,0.0,0.0,1.0,1.0,0.0,1.0,1.0,0.0,0.0,0.0,0.0,0.0,0.0,0.0,carpet,mid,new,pivotal riddhi siddhi,gurgaon,0.65
181.16,3.0,3.0,3.0,1.0,sector 70,15.0,1.0,0.0,0.0,1.0,0.0,1.0,1.0,0.0,0.0,0.0,0.0,0.0,1.0,0.0,0.0,0.0,0.0,0.0,0.0,super built up,mid,new,shree vardhman victoria,gurgaon,2.015
239.23,4.0,5.0,2.0,1.0,sector 90,10.0,1.0,0.0,0.0,1.0,0.0,1.0,0.0,1.0,1.0,0.0,0.0,1.0,0.0,1.0,0.0,0.0,0.0,0.0,0.0,super built up,high,new,shree vardhman flora,gurgaon,1.651
60.39,2.0,2.0,2.0,0.0,sector 33,6.0,0.0,0.0,0.0,0.0,0.0,0.0,0.0,0.0,1.0,0.0,0.0,1.0,0.0,0.0,0.0,1.0,0.0,0.0,0.0,super built up,high,new,gls arawali homes,sohna,0.364
102.47,2.0,2.0,2.0,1.0,sector 89,14.0,1.0,0.0,0.0,1.0,0.0,1.0,0.0,1.0,0.0,1.0,1.0,1.0,0.0,1.0,0.0,0.0,0.0,0.0,0.0,super built up,low,new,smart world gems,gurgaon,1.1700000000000002
158.12,3.0,3.0,3.0,1.0,sector 90,14.0,0.0,0.0,0.0,0.0,1.0,0.0,0.0,0.0,0.0,0.0,0.0,0.0,0.0,0.0,0.0,0.0,0.0,0.0,0.0,super built up,mid,new,dlf regal gardens,gurgaon,1.677
174.19,3.0,4.0,3.0,1.0,sector 54,15.0,1.0,0.0,0.0,0.0,1.0,0.0,1.0,1.0,0.0,0.0,1.0,0.0,0.0,0.0,0.0,1.0,0.0,0.0,0.0,super built up,high,new,dlf park place,gurgaon,6.305
152.55,3.0,3.0,3.0,1.0,sector 63,6.0,0.0,0.0,0.0,0.0,0.0,0.0,0.0,0.0,1.0,0.0,1.0,0.0,0.0,0.0,0.0,1.0,0.0,0.0,0.0,built up,high,new,dhoot time residency,gurgaon,3.9
203.55,4.0,3.0,3.0,1.0,sector 37,11.0,1.0,0.0,0.0,1.0,0.0,1.0,0.0,1.0,1.0,0.0,0.0,1.0,0.0,1.0,0.0,0.0,0.0,0.0,0.0,super built up,high,new,bptp terra,gurgaon,2.314
150.22,3.0,2.0,3.0,1.0,sector 88,14.0,0.0,0.0,0.0,0.0,0.0,0.0,0.0,1.0,0.0,0.0,0.0,0.0,0.0,0.0,0.0,0.0,0.0,0.0,0.0,super built up,high,new,godrej icon,gurgaon,2.1060000000000003
91.97,2.0,2.0,1.0,0.0,sector 2,24.0,1.0,0.0,0.0,0.0,1.0,0.0,0.0,1.0,0.0,0.0,1.0,0.0,0.0,0.0,1.0,0.0,0.0,0.0,0.0,carpet,low,new,rk tower,gurgaon,1.235
57.88,2.0,2.0,2.0,0.0,sector 33,47.0,1.0,0.0,0.0,0.0,0.0,0.0,1.0,0.0,0.0,0.0,0.0,0.0,0.0,0.0,0.0,1.0,0.0,0.0,0.0,built up,mid,under construction,breeze global heights,gurgaon,0.52
132.2,2.0,2.0,3.0,1.0,sector 103,15.0,1.0,0.0,0.0,1.0,1.0,1.0,0.0,1.0,1.0,1.0,1.0,1.0,0.0,1.0,0.0,0.0,0.0,0.0,0.0,super built up,mid,new,indiabulls centrum park,gurgaon,1.3130000000000002
97.55,2.0,2.0,2.0,0.0,sector 83,15.0,1.0,0.0,0.0,0.0,0.0,0.0,0.0,1.0,0.0,0.0,0.0,0.0,0.0,0.0,0.0,0.0,0.0,0.0,0.0,super built up,low,new,vatika emilia floors,gurgaon,0.8450000000000001
92.9,2.0,2.0,1.0,0.0,sector 15,48.0,1.0,0.0,0.0,0.0,0.0,0.0,1.0,1.0,0.0,0.0,0.0,0.0,0.0,0.0,1.0,1.0,0.0,0.0,0.0,super built up,low,new,anamika enclave,gurgaon,0.8320000000000001
40.04,1.0,1.0,1.0,0.0,sector 95,14.0,0.0,0.0,0.0,0.0,0.0,0.0,0.0,0.0,1.0,1.0,1.0,1.0,0.0,0.0,0.0,1.0,0.0,0.0,1.0,super built up,high,new,rof ananda,gurgaon,0.338
557.42,4.0,4.0,3.0,1.0,sector 2,27.0,1.0,0.0,0.0,0.0,1.0,1.0,1.0,1.0,0.0,0.0,0.0,0.0,0.0,0.0,1.0,0.0,0.0,0.0,1.0,super built up,mid,new,.,gurgaon,9.1
212.75,3.0,4.0,3.0,1.0,sector 104,13.0,1.0,0.0,0.0,1.0,0.0,1.0,0.0,1.0,1.0,0.0,1.0,1.0,0.0,1.0,0.0,1.0,0.0,0.0,0.0,super built up,high,new,ats triumph,gurgaon,2.249
296.55,4.0,4.0,3.0,1.0,sector 67,11.0,1.0,0.0,0.0,1.0,0.0,1.0,0.0,1.0,1.0,0.0,0.0,0.0,0.0,1.0,0.0,0.0,0.0,0.0,0.0,super built up,high,new,ireo victory valley,gurgaon,5.8500000000000005
74.32,2.0,2.0,2.0,0.0,sector 103,11.0,0.0,0.0,0.0,0.0,0.0,0.0,0.0,1.0,0.0,0.0,0.0,1.0,0.0,0.0,0.0,0.0,0.0,0.0,0.0,super built up,high,new,signature global grand iva,gurgaon,0.65
148.92,3.0,3.0,3.0,0.0,sector 37,9.0,1.0,0.0,0.0,1.0,0.0,1.0,0.0,1.0,1.0,1.0,0.0,1.0,0.0,0.0,0.0,0.0,0.0,0.0,0.0,super built up,high,under construction,ild greens,gurgaon,1.1700000000000002
125.33,2.0,2.0,2.0,0.0,sector 102,13.0,1.0,0.0,0.0,1.0,1.0,0.0,0.0,1.0,1.0,0.0,0.0,1.0,0.0,1.0,0.0,0.0,1.0,0.0,0.0,super built up,high,new,shapoorji pallonji joyville gurugram,gurgaon,1.82
227.61,4.0,4.0,3.0,1.0,sector 43,45.0,1.0,0.0,0.0,0.0,1.0,0.0,1.0,1.0,0.0,0.0,1.0,0.0,1.0,0.0,1.0,0.0,0.0,0.0,1.0,carpet,mid,old,the rama apartment cghs,gurgaon,3.25
117.89,2.0,2.0,3.0,1.0,sector 104,15.0,1.0,0.0,0.0,1.0,0.0,0.0,0.0,1.0,1.0,1.0,1.0,1.0,0.0,1.0,0.0,0.0,0.0,1.0,0.0,super built up,mid,new,godrej summit,gurgaon,0.975
239.32,4.0,5.0,3.0,1.0,sector 82,7.0,1.0,0.0,0.0,0.0,0.0,0.0,0.0,0.0,1.0,0.0,0.0,0.0,0.0,0.0,0.0,0.0,0.0,0.0,0.0,super built up,high,new,dlf the primus,gurgaon,3.835
141.77,3.0,3.0,3.0,0.0,sector 1,10.0,1.0,0.0,0.0,0.0,0.0,0.0,0.0,0.0,0.0,0.0,0.0,0.0,1.0,0.0,0.0,0.0,0.0,0.0,1.0,built up,low,old,sbr apartment,manesar,0.8840000000000001
123.1,2.0,2.0,3.0,1.0,sector 103,15.0,1.0,0.0,0.0,1.0,1.0,1.0,0.0,1.0,1.0,1.0,1.0,1.0,0.0,1.0,0.0,0.0,0.0,0.0,0.0,super built up,high,new,indiabulls centrum park,gurgaon,1.495
51.45,2.0,2.0,2.0,0.0,sector 107,3.0,0.0,0.0,0.0,0.0,0.0,0.0,0.0,0.0,1.0,0.0,0.0,1.0,0.0,0.0,0.0,0.0,0.0,0.0,0.0,carpet,high,new,signature global solera 2,gurgaon,0.481
204.39,3.0,3.0,3.0,1.0,sector 56,43.0,1.0,0.0,0.0,0.0,1.0,1.0,1.0,1.0,0.0,0.0,1.0,0.0,1.0,0.0,1.0,1.0,0.0,0.0,1.0,built up,mid,old,sukhshanti apartment,gurgaon,2.21
117.15,2.0,2.0,3.0,0.0,sector 65,11.0,1.0,0.0,0.0,1.0,0.0,1.0,0.0,1.0,1.0,0.0,1.0,1.0,0.0,1.0,0.0,0.0,0.0,0.0,0.0,super built up,high,under construction,m3m heights,gurgaon,3.0290000000000004
181.16,3.0,5.0,3.0,1.0,sector 70,15.0,1.0,0.0,0.0,1.0,0.0,1.0,1.0,0.0,0.0,0.0,0.0,0.0,1.0,0.0,0.0,0.0,0.0,0.0,0.0,super built up,low,new,shree vardhman victoria,gurgaon,2.132
195.56,4.0,4.0,3.0,0.0,sector 93,9.0,1.0,0.0,0.0,1.0,0.0,0.0,0.0,1.0,1.0,0.0,0.0,1.0,0.0,1.0,0.0,0.0,0.0,0.0,0.0,built up,high,new,spaze privvy the address,gurgaon,1.625
212.66,3.0,4.0,3.0,1.0,sector 79,11.0,1.0,0.0,0.0,1.0,0.0,1.0,0.0,1.0,1.0,0.0,0.0,1.0,0.0,0.0,0.0,0.0,0.0,1.0,0.0,super built up,high,new,godrej aria,gurgaon,2.535
112.41,2.0,2.0,3.0,1.0,sector 33,8.0,1.0,0.0,0.0,0.0,0.0,0.0,0.0,1.0,1.0,1.0,1.0,0.0,0.0,0.0,0.0,0.0,0.0,0.0,0.0,super built up,mid,new,signature global park,sohna,0.8710000000000001
152.36,2.0,2.0,3.0,1.0,sector 85,13.0,1.0,0.0,0.0,1.0,0.0,1.0,0.0,1.0,1.0,0.0,0.0,1.0,0.0,1.0,0.0,0.0,0.0,1.0,0.0,super built up,mid,new,ss the leaf,gurgaon,1.3650000000000002
188.87,3.0,3.0,3.0,1.0,sector 49,13.0,1.0,0.0,0.0,1.0,0.0,0.0,1.0,1.0,0.0,0.0,0.0,0.0,0.0,1.0,1.0,0.0,0.0,0.0,0.0,super built up,high,new,orchid petals,gurgaon,2.899
143.81,2.0,2.0,3.0,0.0,sector 108,8.0,0.0,0.0,0.0,0.0,0.0,0.0,1.0,1.0,1.0,0.0,1.0,0.0,0.0,0.0,0.0,0.0,0.0,0.0,0.0,carpet,low,old,raheja the vedaanta floors,gurgaon,0.91
184.6,3.0,3.0,3.0,0.0,sector 68,15.0,1.0,0.0,0.0,1.0,0.0,1.0,0.0,1.0,1.0,0.0,1.0,1.0,0.0,1.0,0.0,0.0,1.0,0.0,0.0,super built up,high,under construction,pareena mi casa,gurgaon,2.405
218.79,3.0,3.0,3.0,1.0,sector 56,46.0,1.0,0.0,0.0,0.0,1.0,1.0,1.0,0.0,0.0,0.0,1.0,0.0,1.0,0.0,1.0,1.0,0.0,0.0,1.0,super built up,mid,old,sukhshanti apartment,gurgaon,2.145
222.97,3.0,4.0,0.0,0.0,sector 99,11.0,1.0,0.0,0.0,0.0,0.0,1.0,0.0,1.0,1.0,0.0,1.0,1.0,0.0,1.0,0.0,0.0,0.0,0.0,0.0,built up,high,under construction,assotech blith,gurgaon,2.08
213.68,4.0,4.0,2.0,0.0,sector 56,47.0,1.0,0.0,0.0,0.0,1.0,0.0,1.0,0.0,0.0,0.0,1.0,0.0,1.0,0.0,1.0,1.0,0.0,0.0,1.0,super built up,mid,mid aged,the castle society,gurgaon,2.6
153.29,3.0,3.0,3.0,1.0,sector 65,6.0,1.0,0.0,0.0,0.0,0.0,0.0,0.0,0.0,1.0,0.0,0.0,0.0,0.0,1.0,0.0,0.0,0.0,0.0,0.0,super built up,low,new,emaar mgf emerald floors premier,gurgaon,3.12
289.11,3.0,3.0,3.0,1.0,sector 65,9.0,1.0,0.0,0.0,1.0,0.0,1.0,0.0,1.0,1.0,0.0,1.0,0.0,0.0,1.0,0.0,1.0,0.0,0.0,0.0,super built up,high,new,m3m golfestate,gurgaon,6.4350000000000005
142.51,2.0,2.0,3.0,1.0,sector 107,6.0,0.0,0.0,0.0,0.0,0.0,0.0,0.0,1.0,1.0,0.0,0.0,0.0,0.0,0.0,0.0,0.0,0.0,0.0,0.0,super built up,mid,new,m3m woodshire,gurgaon,1.274
163.51,3.0,4.0,3.0,0.0,sector 28,48.0,1.0,0.0,0.0,0.0,0.0,0.0,1.0,0.0,0.0,0.0,1.0,0.0,0.0,0.0,1.0,1.0,0.0,0.0,1.0,carpet,low,under construction,essel towers,gurgaon,2.8600000000000003
185.81,3.0,3.0,2.0,1.0,sector 84,12.0,1.0,0.0,0.0,1.0,0.0,0.0,0.0,1.0,1.0,0.0,0.0,1.0,0.0,1.0,0.0,0.0,0.0,0.0,0.0,super built up,low,new,ss almeria,gurgaon,1.924
121.42,2.0,2.0,2.0,0.0,sector 88,7.0,1.0,0.0,0.0,0.0,1.0,0.0,0.0,1.0,0.0,0.0,0.0,1.0,0.0,0.0,0.0,0.0,0.0,0.0,0.0,carpet,mid,new,godrej oasis,gurgaon,1.235
175.49,3.0,4.0,3.0,1.0,sector 102,11.0,1.0,0.0,0.0,1.0,0.0,1.0,0.0,1.0,1.0,0.0,0.0,1.0,0.0,1.0,0.0,0.0,0.0,0.0,0.0,super built up,high,new,adani m2k oyster grande,gurgaon,2.47
124.68,2.0,2.0,2.0,0.0,sector 77,10.0,1.0,0.0,0.0,1.0,0.0,1.0,0.0,1.0,1.0,0.0,0.0,1.0,0.0,0.0,0.0,0.0,0.0,0.0,0.0,super built up,mid,new,umang winter hills,gurgaon,0.975
152.36,2.0,2.0,3.0,0.0,sector 85,14.0,1.0,0.0,0.0,0.0,0.0,1.0,1.0,0.0,0.0,0.0,0.0,0.0,0.0,0.0,1.0,0.0,0.0,0.0,0.0,super built up,mid,new,ss,gurgaon,1.534
199.74,3.0,3.0,3.0,1.0,sector 70,11.0,1.0,0.0,0.0,1.0,0.0,1.0,0.0,1.0,1.0,0.0,0.0,0.0,0.0,0.0,0.0,0.0,0.0,0.0,0.0,super built up,high,new,aipl the peaceful homes,gurgaon,3.315
283.82,4.0,5.0,3.0,0.0,sector 109,11.0,1.0,0.0,0.0,0.0,0.0,0.0,0.0,0.0,0.0,1.0,0.0,0.0,0.0,0.0,0.0,0.0,0.0,0.0,0.0,super built up,high,new,sbtl caladium,gurgaon,2.444
301.93,4.0,4.0,0.0,0.0,sector 28,45.0,1.0,0.0,0.0,0.0,0.0,1.0,1.0,0.0,0.0,0.0,1.0,0.0,0.0,0.0,1.0,1.0,0.0,0.0,1.0,built up,high,under construction,unitech heritage city,gurgaon,5.538
343.74,3.0,4.0,3.0,1.0,sector 24,42.0,1.0,0.0,0.0,0.0,0.0,0.0,1.0,0.0,0.0,0.0,1.0,0.0,0.0,0.0,1.0,0.0,0.0,0.0,1.0,built up,high,old,ambience lagoon,gurgaon,7.54
203.55,3.0,3.0,3.0,1.0,sector 37,11.0,1.0,0.0,0.0,1.0,0.0,1.0,0.0,1.0,1.0,0.0,0.0,1.0,0.0,1.0,0.0,0.0,0.0,0.0,0.0,super built up,high,new,bptp terra,gurgaon,2.574
152.36,2.0,2.0,3.0,1.0,sector 85,13.0,1.0,0.0,0.0,1.0,0.0,1.0,0.0,1.0,1.0,0.0,0.0,1.0,0.0,1.0,0.0,0.0,0.0,1.0,0.0,super built up,high,new,ss the leaf,gurgaon,1.495
92.9,3.0,3.0,1.0,0.0,sector 23,47.0,1.0,0.0,0.0,0.0,1.0,1.0,1.0,1.0,0.0,1.0,0.0,0.0,0.0,0.0,1.0,0.0,0.0,0.0,1.0,super built up,low,old,krishna appartment,gurgaon,0.4549999999999999
190.45,3.0,4.0,3.0,0.0,sector 79,10.0,1.0,0.0,0.0,1.0,0.0,0.0,0.0,1.0,1.0,0.0,0.0,0.0,0.0,0.0,0.0,0.0,0.0,0.0,0.0,built up,high,new,bestech altura,gurgaon,2.236
186.74,4.0,4.0,2.0,0.0,sector 69,10.0,1.0,0.0,0.0,1.0,0.0,1.0,0.0,1.0,1.0,0.0,0.0,0.0,0.0,1.0,0.0,0.0,0.0,0.0,0.0,super built up,high,new,tulip violet,gurgaon,2.405
152.36,2.0,2.0,2.0,1.0,sector 85,13.0,1.0,0.0,0.0,1.0,0.0,1.0,0.0,1.0,1.0,0.0,0.0,1.0,0.0,1.0,0.0,0.0,0.0,1.0,0.0,carpet,mid,new,ss the leaf,gurgaon,1.703
159.51,3.0,4.0,3.0,1.0,sector 63,6.0,0.0,0.0,0.0,0.0,0.0,0.0,0.0,0.0,1.0,0.0,1.0,0.0,0.0,0.0,0.0,1.0,0.0,0.0,0.0,super built up,high,old,dhoot time residency,gurgaon,2.8600000000000003
166.3,3.0,3.0,3.0,1.0,sector 81,9.0,0.0,0.0,0.0,1.0,0.0,0.0,0.0,1.0,0.0,0.0,1.0,1.0,0.0,0.0,0.0,0.0,0.0,0.0,0.0,super built up,high,old,bestech park view ananda,gurgaon,1.755
194.17,4.0,4.0,2.0,1.0,sector 92,8.0,1.0,0.0,0.0,0.0,0.0,0.0,0.0,0.0,0.0,0.0,0.0,0.0,1.0,0.0,0.0,0.0,0.0,0.0,0.0,carpet,high,new,sare homes,gurgaon,1.4560000000000002
120.31,2.0,2.0,0.0,0.0,sector 79,3.0,0.0,0.0,0.0,0.0,0.0,0.0,0.0,0.0,0.0,0.0,0.0,0.0,1.0,0.0,0.0,0.0,0.0,0.0,1.0,built up,high,under construction,supertech araville,gurgaon,0.936
161.74,2.0,2.0,3.0,0.0,sector 85,13.0,1.0,0.0,0.0,1.0,0.0,1.0,0.0,1.0,1.0,0.0,0.0,1.0,0.0,1.0,0.0,0.0,0.0,1.0,0.0,super built up,high,new,ss the leaf,gurgaon,1.625
212.75,3.0,4.0,2.0,1.0,sector 47,43.0,1.0,0.0,0.0,0.0,0.0,1.0,1.0,0.0,0.0,0.0,0.0,0.0,0.0,0.0,0.0,0.0,0.0,0.0,0.0,carpet,low,old,malibu towers,gurgaon,3.1850000000000005
102.19,2.0,2.0,2.0,0.0,sector 69,42.0,1.0,0.0,0.0,0.0,1.0,1.0,1.0,0.0,0.0,0.0,0.0,0.0,0.0,0.0,1.0,0.0,1.0,0.0,0.0,built up,mid,old,surendra avenue 69,gurgaon,0.975
59.92,2.0,2.0,2.0,1.0,sector 95,14.0,0.0,0.0,0.0,0.0,0.0,0.0,0.0,0.0,1.0,1.0,1.0,1.0,0.0,0.0,0.0,1.0,0.0,0.0,1.0,carpet,high,new,rof ananda,gurgaon,0.4679999999999999
178.37,3.0,3.0,3.0,1.0,sector 56,44.0,1.0,0.0,0.0,0.0,1.0,1.0,1.0,0.0,0.0,0.0,1.0,0.0,1.0,0.0,1.0,1.0,0.0,0.0,1.0,super built up,mid,old,guru gram haryana cghs,gurgaon,1.807
50.5,2.0,2.0,2.0,0.0,sector 93,8.0,0.0,0.0,0.0,1.0,0.0,0.0,0.0,1.0,1.0,0.0,0.0,0.0,0.0,0.0,0.0,0.0,0.0,0.0,0.0,carpet,high,new,signature global orchard avenue,gurgaon,0.52
181.16,3.0,5.0,3.0,1.0,sector 70,15.0,1.0,0.0,0.0,1.0,0.0,1.0,1.0,0.0,0.0,0.0,0.0,0.0,1.0,0.0,0.0,0.0,0.0,0.0,0.0,super built up,mid,new,shree vardhman victoria,gurgaon,1.95
242.01,3.0,3.0,3.0,1.0,sector 50,9.0,1.0,0.0,0.0,0.0,0.0,1.0,0.0,1.0,1.0,1.0,1.0,0.0,0.0,0.0,0.0,0.0,0.0,0.0,0.0,super built up,high,old,the close north,gurgaon,3.9
190.17,3.0,3.0,3.0,1.0,sector 67,10.0,1.0,0.0,0.0,1.0,0.0,1.0,0.0,1.0,1.0,0.0,0.0,0.0,0.0,1.0,0.0,0.0,1.0,0.0,0.0,super built up,high,new,m3m merlin,gurgaon,3.874
42.7038,2.0,2.0,1.0,1.0,sector 95,3.0,1.0,0.0,0.0,0.0,0.0,0.0,0.0,0.0,0.0,0.0,0.0,0.0,0.0,0.0,0.0,0.0,0.0,0.0,0.0,carpet,high,new,ramsons kshitij,gurgaon,0.312
211.82,4.0,3.0,3.0,1.0,sector 92,8.0,1.0,0.0,0.0,0.0,0.0,0.0,0.0,0.0,0.0,0.0,0.0,0.0,1.0,0.0,0.0,0.0,0.0,0.0,0.0,carpet,high,new,sare homes,gurgaon,1.547
146.6,3.0,3.0,2.0,1.0,sector 69,10.0,1.0,0.0,0.0,1.0,0.0,1.0,0.0,1.0,1.0,0.0,0.0,0.0,0.0,1.0,0.0,0.0,0.0,0.0,0.0,super built up,high,new,tulip violet,gurgaon,1.963
177.44,3.0,3.0,3.0,1.0,sector 56,44.0,1.0,0.0,0.0,0.0,1.0,1.0,1.0,1.0,0.0,0.0,0.0,0.0,1.0,0.0,1.0,0.0,1.0,0.0,1.0,built up,mid,old,guru gram haryana cghs,gurgaon,1.7939999999999998
125.42,3.0,2.0,2.0,0.0,sector 70,8.0,1.0,0.0,0.0,0.0,0.0,1.0,0.0,1.0,1.0,0.0,1.0,0.0,0.0,0.0,0.0,0.0,0.0,0.0,0.0,built up,mid,under construction,tulip orange,gurgaon,1.4300000000000002
240.51,3.0,3.0,3.0,1.0,sector 62,11.0,1.0,0.0,0.0,1.0,0.0,1.0,0.0,1.0,1.0,0.0,1.0,0.0,0.0,0.0,0.0,0.0,0.0,0.0,0.0,super built up,high,new,emaar digihomes,gurgaon,5.2
104.52,2.0,2.0,2.0,0.0,sector 84,3.0,0.0,0.0,0.0,0.0,1.0,1.0,0.0,1.0,0.0,0.0,0.0,0.0,0.0,0.0,0.0,0.0,0.0,0.0,0.0,super built up,high,new,antriksh heights,gurgaon,0.637
223.9,4.0,4.0,3.0,1.0,sector 66,8.0,1.0,0.0,0.0,1.0,0.0,1.0,0.0,1.0,1.0,0.0,1.0,0.0,0.0,0.0,0.0,0.0,0.0,0.0,0.0,super built up,low,new,emaar mgf palm terraces select,gurgaon,4.42
120.77,3.0,3.0,3.0,0.0,sector 33,15.0,1.0,0.0,0.0,0.0,0.0,1.0,0.0,1.0,1.0,0.0,0.0,0.0,0.0,1.0,0.0,1.0,0.0,0.0,0.0,carpet,mid,new,central park flower valley,sohna,2.015
71.54,2.0,2.0,1.0,0.0,sector 15,50.0,1.0,0.0,0.0,0.0,1.0,0.0,1.0,1.0,0.0,0.0,0.0,0.0,1.0,0.0,1.0,0.0,0.0,0.0,1.0,carpet,low,new,the pearl apartmen,gurgaon,0.559
148.64,3.0,2.0,3.0,1.0,sector 56,43.0,1.0,0.0,0.0,0.0,1.0,1.0,1.0,1.0,0.0,0.0,1.0,0.0,1.0,0.0,1.0,1.0,0.0,0.0,1.0,super built up,mid,old,cghs vidya enclave,gurgaon,2.21
142.14,2.0,2.0,3.0,1.0,sector 79,3.0,0.0,0.0,0.0,0.0,0.0,0.0,0.0,0.0,0.0,0.0,0.0,0.0,1.0,0.0,0.0,0.0,0.0,0.0,1.0,super built up,mid,new,supertech araville,gurgaon,1.1700000000000002
141.21,3.0,2.0,3.0,0.0,sector 37,9.0,1.0,0.0,0.0,1.0,0.0,1.0,0.0,1.0,0.0,1.0,0.0,1.0,0.0,0.0,0.0,0.0,0.0,0.0,0.0,super built up,high,new,bptp park generations,gurgaon,1.95
183.48,4.0,4.0,3.0,1.0,sector 65,6.0,1.0,0.0,0.0,0.0,0.0,0.0,0.0,0.0,1.0,0.0,0.0,0.0,0.0,1.0,0.0,0.0,0.0,0.0,0.0,super built up,low,new,emaar mgf emerald floors premier,gurgaon,3.705
63.27,2.0,2.0,1.0,0.0,sector 33,10.0,0.0,0.0,0.0,0.0,0.0,0.0,1.0,0.0,0.0,0.0,0.0,0.0,0.0,0.0,0.0,0.0,0.0,0.0,1.0,built up,high,new,mvn athens,sohna,0.325
163.97,3.0,3.0,3.0,0.0,sector 76,4.0,0.0,0.0,0.0,1.0,0.0,0.0,0.0,1.0,0.0,0.0,0.0,1.0,0.0,0.0,0.0,0.0,0.0,0.0,0.0,super built up,mid,new,corona gracieux,gurgaon,1.3650000000000002
72.46,2.0,2.0,2.0,0.0,sector 23,24.0,0.0,0.0,0.0,0.0,1.0,0.0,0.0,0.0,0.0,0.0,0.0,0.0,0.0,0.0,1.0,0.0,0.0,0.0,1.0,super built up,low,old,ashiana apartment,gurgaon,0.208
55.74,2.0,2.0,0.0,0.0,sector 84,10.0,1.0,0.0,0.0,0.0,0.0,0.0,0.0,0.0,0.0,0.0,0.0,0.0,1.0,0.0,0.0,0.0,0.0,0.0,1.0,super built up,mid,under construction,pivotal devaan apartments,gurgaon,0.507
218.32,3.0,4.0,3.0,1.0,sector 70,11.0,1.0,0.0,0.0,1.0,0.0,1.0,0.0,1.0,1.0,0.0,0.0,0.0,0.0,0.0,0.0,0.0,0.0,0.0,0.0,super built up,high,new,aipl the peaceful homes,gurgaon,3.64
152.36,3.0,3.0,3.0,1.0,sector 61,9.0,1.0,0.0,0.0,1.0,0.0,0.0,0.0,1.0,1.0,1.0,1.0,0.0,0.0,0.0,0.0,0.0,0.0,0.0,0.0,carpet,low,mid aged,smart world orchard,gurgaon,3.302
125.42,2.0,2.0,3.0,1.0,sector 70,15.0,1.0,0.0,0.0,1.0,0.0,1.0,1.0,0.0,0.0,0.0,0.0,0.0,1.0,0.0,0.0,0.0,0.0,0.0,0.0,super built up,low,new,shree vardhman victoria,gurgaon,1.625
164.44,3.0,3.0,3.0,0.0,sector 37,15.0,1.0,1.0,0.0,0.0,0.0,1.0,1.0,1.0,0.0,0.0,0.0,0.0,0.0,0.0,1.0,0.0,1.0,0.0,0.0,super built up,high,old,ramprastha the edge towers,gurgaon,1.3
225.57,4.0,4.0,3.0,1.0,sector 110,6.0,1.0,0.0,0.0,1.0,0.0,1.0,0.0,1.0,1.0,0.0,0.0,1.0,0.0,0.0,0.0,0.0,0.0,0.0,0.0,super built up,low,new,mahindra aura,gurgaon,2.9250000000000003
111.2,2.0,2.0,2.0,0.0,sector 92,10.0,1.0,0.0,0.0,1.0,0.0,0.0,0.0,1.0,1.0,0.0,0.0,1.0,0.0,1.0,0.0,0.0,0.0,0.0,0.0,super built up,low,new,signature global city 92,gurgaon,1.014
128.21,2.0,2.0,2.0,0.0,sector 22,14.0,1.0,0.0,0.0,1.0,0.0,1.0,0.0,1.0,1.0,1.0,0.0,1.0,0.0,0.0,0.0,0.0,0.0,0.0,0.0,carpet,high,new,ambience creacions,gurgaon,2.6
169.55,3.0,3.0,3.0,0.0,sector 88,14.0,0.0,0.0,0.0,0.0,0.0,0.0,0.0,1.0,0.0,0.0,0.0,0.0,0.0,0.0,0.0,0.0,0.0,0.0,0.0,super built up,high,new,godrej icon,gurgaon,2.145
78.97,1.0,1.0,1.0,0.0,sector 49,43.0,1.0,0.0,0.0,0.0,0.0,1.0,1.0,0.0,0.0,0.0,0.0,0.0,0.0,0.0,0.0,0.0,0.0,0.0,0.0,built up,high,under construction,element one service,gurgaon,1.3
134.71,2.0,2.0,2.0,1.0,sector 70,14.0,1.0,0.0,0.0,0.0,0.0,1.0,1.0,0.0,0.0,0.0,0.0,0.0,0.0,0.0,1.0,0.0,0.0,0.0,0.0,super built up,high,new,capital residences 360,gurgaon,1.4300000000000002
292.64,4.0,4.0,3.0,0.0,sector 63,13.0,1.0,0.0,0.0,1.0,0.0,1.0,0.0,1.0,1.0,0.0,1.0,0.0,0.0,1.0,0.0,0.0,1.0,0.0,0.0,carpet,low,new,adani brahma samsara vilasa,gurgaon,5.837000000000001
59.8407,3.0,2.0,1.0,0.0,sector 95,14.0,0.0,0.0,0.0,0.0,0.0,0.0,0.0,0.0,1.0,1.0,1.0,1.0,0.0,0.0,0.0,1.0,0.0,0.0,1.0,carpet,high,new,rof ananda,gurgaon,0.494
102.47,2.0,2.0,2.0,1.0,sector 89,14.0,1.0,0.0,0.0,1.0,0.0,1.0,0.0,1.0,0.0,1.0,1.0,1.0,0.0,1.0,0.0,0.0,0.0,0.0,0.0,carpet,low,new,smart world gems,gurgaon,1.4300000000000002
260.13,4.0,5.0,3.0,1.0,sector 60,7.0,1.0,0.0,0.0,0.0,0.0,1.0,0.0,1.0,1.0,0.0,1.0,0.0,0.0,0.0,0.0,0.0,0.0,0.0,0.0,super built up,high,new,ireo skyon,gurgaon,4.8100000000000005
153.29,3.0,3.0,3.0,1.0,sector 65,6.0,1.0,0.0,0.0,0.0,0.0,0.0,0.0,0.0,1.0,0.0,0.0,0.0,0.0,1.0,0.0,0.0,0.0,0.0,0.0,carpet,low,new,emaar mgf emerald floors premier,gurgaon,3.055
200.86,4.0,4.0,3.0,0.0,sector 102,13.0,1.0,0.0,0.0,1.0,1.0,0.0,0.0,1.0,1.0,0.0,0.0,1.0,0.0,1.0,0.0,0.0,1.0,0.0,0.0,super built up,high,new,shapoorji pallonji joyville gurugram,gurgaon,3.12
60.39,2.0,2.0,2.0,0.0,sector 107,10.0,0.0,0.0,0.0,1.0,0.0,0.0,0.0,1.0,0.0,0.0,0.0,1.0,0.0,0.0,0.0,0.0,0.0,0.0,0.0,super built up,low,new,signature global solera,gurgaon,0.494
139.35,3.0,3.0,2.0,0.0,sector 30,49.0,1.0,0.0,0.0,0.0,1.0,1.0,1.0,1.0,0.0,0.0,1.0,0.0,1.0,0.0,0.0,0.0,0.0,0.0,1.0,super built up,low,old,afnhb jalvayu vihar,gurgaon,1.6900000000000002
235.51,4.0,5.0,3.0,1.0,sector 82,11.0,0.0,0.0,0.0,1.0,0.0,1.0,0.0,1.0,1.0,0.0,0.0,0.0,0.0,1.0,0.0,0.0,0.0,0.0,0.0,super built up,high,new,mapsko casa bella,gurgaon,1.7939999999999998
144.0,3.0,2.0,3.0,0.0,sector 68,10.0,1.0,0.0,0.0,1.0,0.0,1.0,0.0,1.0,1.0,0.0,0.0,0.0,0.0,1.0,0.0,0.0,0.0,0.0,0.0,super built up,mid,new,m3m the marina,gurgaon,2.886000000000001
102.47,2.0,2.0,2.0,1.0,sector 89,14.0,1.0,0.0,0.0,1.0,0.0,1.0,0.0,1.0,0.0,1.0,1.0,1.0,0.0,1.0,0.0,0.0,0.0,0.0,0.0,carpet,mid,new,smart world gems,gurgaon,1.235
222.97,5.0,5.0,2.0,1.0,sector 21,11.0,1.0,0.0,0.0,0.0,0.0,0.0,1.0,0.0,0.0,0.0,0.0,0.0,1.0,0.0,0.0,0.0,0.0,0.0,0.0,built up,low,old,surya vihar rwa,gurgaon,1.6900000000000002
45.43,2.0,2.0,2.0,0.0,sector 107,10.0,0.0,0.0,0.0,1.0,0.0,0.0,0.0,1.0,0.0,0.0,0.0,1.0,0.0,0.0,0.0,0.0,0.0,0.0,0.0,carpet,high,new,signature global solera,gurgaon,0.364
144.0,2.0,2.0,2.0,0.0,sector 104,13.0,1.0,0.0,0.0,1.0,0.0,1.0,0.0,1.0,1.0,1.0,1.0,1.0,0.0,1.0,0.0,0.0,0.0,0.0,0.0,super built up,high,new,puri emerald bay,gurgaon,2.067
153.29,3.0,3.0,3.0,1.0,sector 65,6.0,1.0,0.0,0.0,0.0,0.0,0.0,0.0,0.0,1.0,0.0,0.0,0.0,0.0,1.0,0.0,0.0,0.0,0.0,0.0,carpet,mid,new,emaar mgf emerald floors premier,gurgaon,3.51
123.1,2.0,2.0,3.0,0.0,sector 76,4.0,0.0,0.0,0.0,1.0,0.0,0.0,0.0,1.0,0.0,0.0,0.0,1.0,0.0,0.0,0.0,0.0,0.0,0.0,0.0,super built up,high,new,corona gracieux,gurgaon,0.975
176.52,4.0,3.0,3.0,1.0,sector 70,14.0,0.0,0.0,0.0,1.0,1.0,0.0,0.0,0.0,0.0,0.0,0.0,0.0,0.0,0.0,0.0,1.0,0.0,0.0,0.0,carpet,low,new,bptp pedestal,gurgaon,2.47
195.1,4.0,5.0,3.0,1.0,sector 66,14.0,1.0,0.0,0.0,0.0,0.0,1.0,0.0,1.0,1.0,0.0,1.0,0.0,0.0,0.0,0.0,0.0,1.0,0.0,0.0,super built up,high,new,emaar mgf the palm drive,gurgaon,3.9
124.49,2.0,2.0,2.0,0.0,sector 77,10.0,1.0,0.0,0.0,1.0,0.0,1.0,0.0,1.0,1.0,0.0,0.0,1.0,0.0,0.0,0.0,0.0,0.0,0.0,0.0,carpet,low,new,umang winter hills,gurgaon,1.3
103.59,2.0,2.0,2.0,1.0,sector 85,8.0,1.0,0.0,0.0,1.0,0.0,1.0,0.0,1.0,0.0,0.0,0.0,0.0,0.0,0.0,0.0,0.0,0.0,0.0,0.0,super built up,mid,new,orris carnation residency,gurgaon,0.7150000000000001
198.07,3.0,4.0,3.0,1.0,sector 81,9.0,1.0,0.0,0.0,0.0,0.0,0.0,0.0,1.0,1.0,0.0,1.0,0.0,0.0,0.0,0.0,0.0,0.0,0.0,0.0,super built up,high,new,dlf the ultima,gurgaon,2.99
125.42,2.0,2.0,3.0,1.0,sector 70,15.0,1.0,0.0,0.0,1.0,0.0,1.0,1.0,0.0,0.0,0.0,0.0,0.0,1.0,0.0,0.0,0.0,0.0,0.0,0.0,super built up,high,new,shree vardhman victoria,gurgaon,1.3910000000000002
216.37,3.0,4.0,3.0,1.0,sector 54,15.0,1.0,0.0,0.0,0.0,1.0,0.0,1.0,1.0,0.0,0.0,1.0,0.0,0.0,0.0,0.0,1.0,0.0,0.0,0.0,super built up,high,new,dlf park place,gurgaon,7.475
219.62,4.0,4.0,3.0,1.0,sector 90,6.0,1.0,0.0,0.0,0.0,0.0,0.0,0.0,1.0,1.0,0.0,0.0,0.0,0.0,1.0,0.0,0.0,0.0,0.0,0.0,super built up,high,old,dlf new town heights 1,gurgaon,2.145
185.99,3.0,3.0,3.0,1.0,sector 106,9.0,1.0,0.0,0.0,1.0,0.0,1.0,0.0,1.0,0.0,1.0,1.0,1.0,0.0,0.0,0.0,0.0,0.0,0.0,0.0,carpet,mid,new,godrej meridien,gurgaon,4.16
161.65,3.0,3.0,2.0,1.0,sector 83,15.0,1.0,0.0,0.0,0.0,0.0,0.0,0.0,1.0,0.0,0.0,0.0,0.0,1.0,0.0,0.0,0.0,0.0,0.0,0.0,super built up,low,new,vatika city homes,gurgaon,1.3
125.42,2.0,2.0,3.0,1.0,sector 33,8.0,1.0,0.0,0.0,1.0,0.0,0.0,0.0,1.0,0.0,0.0,0.0,1.0,0.0,0.0,0.0,0.0,0.0,0.0,0.0,super built up,high,under construction,silverglades the melia,sohna,1.014
175.59,3.0,3.0,3.0,0.0,sector 91,10.0,1.0,0.0,0.0,0.0,0.0,0.0,0.0,1.0,1.0,0.0,0.0,1.0,0.0,1.0,0.0,0.0,0.0,0.0,0.0,super built up,mid,new,tarc maceo,gurgaon,1.82
132.67,2.0,2.0,2.0,1.0,sector 82,10.0,1.0,0.0,0.0,1.0,0.0,1.0,0.0,1.0,1.0,0.0,0.0,0.0,0.0,0.0,0.0,0.0,0.0,1.0,0.0,super built up,high,new,vatika the seven lamps,gurgaon,1.144
162.12,3.0,3.0,3.0,0.0,sector 109,15.0,0.0,0.0,0.0,0.0,1.0,0.0,1.0,1.0,1.0,0.0,0.0,0.0,1.0,0.0,1.0,0.0,1.0,1.0,0.0,super built up,high,new,ats kocoon,gurgaon,2.21
83.61204013377927,2.0,2.0,1.0,1.0,sector 88,7.0,1.0,0.0,0.0,0.0,1.0,0.0,0.0,1.0,0.0,0.0,0.0,1.0,0.0,0.0,0.0,0.0,0.0,0.0,0.0,carpet,high,new,godrej oasis,gurgaon,1.495
65.03,2.0,2.0,2.0,0.0,sector 3,46.0,1.0,0.0,0.0,0.0,0.0,0.0,1.0,1.0,0.0,1.0,0.0,0.0,0.0,0.0,1.0,0.0,0.0,0.0,1.0,carpet,low,new,pooja apartment,gurgaon,0.325
253.35,4.0,4.0,3.0,1.0,sector 90,6.0,1.0,0.0,0.0,0.0,0.0,0.0,0.0,1.0,1.0,0.0,0.0,0.0,0.0,1.0,0.0,0.0,0.0,0.0,0.0,super built up,mid,new,dlf new town heights 1,gurgaon,2.47
173.26,3.0,3.0,3.0,0.0,sector 70,7.0,1.0,0.0,0.0,1.0,0.0,1.0,0.0,1.0,1.0,0.0,0.0,0.0,0.0,0.0,0.0,0.0,0.0,0.0,0.0,super built up,high,under construction,krrish florence estate,gurgaon,1.625
225.75,3.0,3.0,3.0,1.0,sector 48,45.0,1.0,0.0,0.0,0.0,1.0,1.0,1.0,0.0,0.0,0.0,0.0,0.0,1.0,0.0,1.0,0.0,1.0,0.0,0.0,super built up,mid,old,parsvnath green ville,gurgaon,2.275
219.07,3.0,4.0,3.0,1.0,sector 67,10.0,1.0,0.0,0.0,1.0,0.0,1.0,0.0,1.0,1.0,0.0,0.0,0.0,0.0,1.0,0.0,0.0,1.0,0.0,0.0,super built up,high,new,m3m merlin,gurgaon,4.42
150.6,2.0,2.0,3.0,1.0,sector 78,10.0,0.0,0.0,0.0,1.0,0.0,1.0,0.0,1.0,1.0,0.0,0.0,0.0,0.0,0.0,0.0,0.0,0.0,0.0,0.0,super built up,high,under construction,raheja revanta,gurgaon,1.287
142.14,2.0,2.0,3.0,1.0,sector 79,3.0,0.0,0.0,0.0,0.0,0.0,0.0,0.0,0.0,0.0,0.0,0.0,0.0,1.0,0.0,0.0,0.0,0.0,0.0,1.0,super built up,mid,new,supertech araville,gurgaon,1.755
232.26,4.0,3.0,1.0,0.0,sector 104,33.0,1.0,0.0,0.0,0.0,0.0,0.0,1.0,0.0,0.0,0.0,0.0,0.0,0.0,0.0,1.0,0.0,0.0,0.0,0.0,super built up,low,new,dlf city,gurgaon,2.6260000000000003
194.35,3.0,4.0,3.0,1.0,sector 81,9.0,1.0,0.0,0.0,0.0,0.0,0.0,0.0,1.0,1.0,0.0,1.0,0.0,0.0,0.0,0.0,0.0,0.0,0.0,0.0,super built up,mid,new,dlf the ultima,gurgaon,2.99
69.68,3.0,3.0,1.0,0.0,sector 92,4.0,1.0,0.0,0.0,0.0,0.0,0.0,0.0,1.0,0.0,0.0,0.0,0.0,0.0,1.0,0.0,0.0,0.0,0.0,0.0,carpet,high,new,gls avenue 51,gurgaon,0.5850000000000001
196.95,3.0,3.0,3.0,1.0,sector 92,11.0,1.0,0.0,0.0,1.0,0.0,1.0,0.0,1.0,1.0,0.0,0.0,1.0,0.0,1.0,0.0,0.0,0.0,0.0,0.0,super built up,high,new,bestech park view sanskruti,gurgaon,2.08
166.3,3.0,3.0,3.0,1.0,sector 103,15.0,1.0,0.0,0.0,1.0,1.0,1.0,0.0,1.0,1.0,1.0,1.0,1.0,0.0,1.0,0.0,0.0,0.0,0.0,0.0,super built up,high,new,indiabulls centrum park,gurgaon,1.7420000000000002
179.3,3.0,3.0,3.0,1.0,sector 90,6.0,1.0,0.0,0.0,0.0,0.0,0.0,0.0,1.0,1.0,0.0,0.0,0.0,0.0,1.0,0.0,0.0,0.0,0.0,0.0,super built up,high,new,dlf new town heights 1,gurgaon,1.625
133.13,2.0,2.0,3.0,0.0,sector 65,11.0,1.0,0.0,0.0,1.0,0.0,1.0,0.0,1.0,1.0,0.0,1.0,1.0,0.0,1.0,0.0,0.0,0.0,0.0,0.0,carpet,mid,mid aged,m3m heights,gurgaon,2.9250000000000003
120.77,2.0,2.0,2.0,1.0,sector 70,15.0,1.0,0.0,0.0,1.0,0.0,1.0,1.0,0.0,0.0,0.0,0.0,0.0,1.0,0.0,0.0,0.0,0.0,0.0,0.0,super built up,high,new,shree vardhman victoria,gurgaon,1.4300000000000002
152.36,2.0,2.0,3.0,1.0,sector 85,13.0,1.0,0.0,0.0,1.0,0.0,1.0,0.0,1.0,1.0,0.0,0.0,1.0,0.0,1.0,0.0,0.0,0.0,1.0,0.0,super built up,high,new,ss the leaf,gurgaon,1.4430000000000005
219.62,4.0,4.0,3.0,1.0,sector 86,15.0,1.0,0.0,0.0,0.0,0.0,0.0,1.0,1.0,1.0,0.0,0.0,0.0,0.0,0.0,0.0,0.0,0.0,0.0,0.0,super built up,high,old,dlf new town heights 2,gurgaon,2.002
172.06,3.0,3.0,3.0,0.0,sector 102,13.0,1.0,0.0,0.0,1.0,1.0,0.0,0.0,1.0,1.0,0.0,0.0,1.0,0.0,1.0,0.0,0.0,1.0,0.0,0.0,super built up,high,new,shapoorji pallonji joyville gurugram,gurgaon,2.535
126.81,2.0,2.0,2.0,1.0,sector 99,11.0,1.0,0.0,0.0,0.0,0.0,1.0,0.0,1.0,1.0,0.0,1.0,1.0,0.0,1.0,0.0,0.0,0.0,0.0,0.0,super built up,low,new,assotech blith,gurgaon,1.495
62.25,2.0,2.0,2.0,0.0,sector 95,12.0,0.0,0.0,0.0,1.0,0.0,0.0,0.0,1.0,1.0,0.0,0.0,1.0,1.0,1.0,0.0,0.0,0.0,0.0,0.0,carpet,mid,new,signature the roselia,gurgaon,0.624
261.24,4.0,5.0,3.0,1.0,sector 85,13.0,1.0,0.0,0.0,1.0,0.0,1.0,0.0,1.0,1.0,0.0,0.0,1.0,0.0,1.0,0.0,0.0,0.0,1.0,0.0,super built up,mid,new,ss the leaf,gurgaon,2.8600000000000003
65.96,2.0,2.0,2.0,0.0,sector 33,10.0,1.0,0.0,0.0,1.0,0.0,1.0,0.0,1.0,1.0,0.0,0.0,0.0,0.0,1.0,0.0,0.0,1.0,0.0,0.0,carpet,mid,new,breez global heights,sohna,0.5980000000000001
174.19,3.0,3.0,3.0,0.0,sector 37,9.0,1.0,0.0,0.0,1.0,0.0,1.0,0.0,1.0,1.0,1.0,0.0,1.0,0.0,0.0,0.0,0.0,0.0,0.0,0.0,super built up,mid,under construction,ild greens,gurgaon,1.3
161.65,3.0,3.0,3.0,1.0,sector 83,15.0,1.0,0.0,0.0,0.0,0.0,0.0,0.0,1.0,0.0,0.0,0.0,0.0,1.0,0.0,0.0,0.0,0.0,0.0,0.0,super built up,high,old,vatika city homes,gurgaon,1.3650000000000002
171.41,3.0,3.0,3.0,0.0,sector 103,7.0,1.0,0.0,0.0,0.0,0.0,0.0,0.0,0.0,0.0,1.0,0.0,0.0,0.0,0.0,0.0,0.0,0.0,0.0,0.0,built up,low,under construction,chintamani,gurgaon,2.0410000000000004
139.17,2.0,2.0,2.0,0.0,sector 112,8.0,1.0,0.0,0.0,0.0,0.0,0.0,1.0,1.0,0.0,1.0,1.0,0.0,0.0,0.0,1.0,0.0,0.0,0.0,0.0,built up,mid,new,earth copia,gurgaon,0.91
223.71,3.0,4.0,3.0,1.0,sector 85,13.0,1.0,0.0,0.0,1.0,0.0,1.0,0.0,1.0,1.0,0.0,0.0,1.0,0.0,1.0,0.0,0.0,0.0,1.0,0.0,super built up,high,new,ss the leaf,gurgaon,2.6
83.61204013377927,3.0,3.0,3.0,0.0,sector 88,7.0,1.0,0.0,0.0,0.0,1.0,0.0,0.0,1.0,0.0,0.0,0.0,1.0,0.0,0.0,0.0,0.0,0.0,0.0,0.0,carpet,high,new,godrej oasis,gurgaon,3.445
172.06,3.0,3.0,3.0,1.0,sector 102,13.0,1.0,0.0,0.0,1.0,1.0,0.0,0.0,1.0,1.0,0.0,0.0,1.0,0.0,1.0,0.0,0.0,1.0,0.0,0.0,super built up,mid,new,shapoorji pallonji joyville gurugram,gurgaon,2.535
161.74,2.0,2.0,3.0,1.0,sector 85,13.0,1.0,0.0,0.0,1.0,0.0,1.0,0.0,1.0,1.0,0.0,0.0,1.0,0.0,1.0,0.0,0.0,0.0,1.0,0.0,super built up,high,new,ss the leaf,gurgaon,1.625
43.48,1.0,1.0,1.0,0.0,sector 83,10.0,1.0,0.0,0.0,0.0,0.0,0.0,0.0,0.0,0.0,0.0,0.0,0.0,1.0,0.0,0.0,0.0,0.0,0.0,1.0,carpet,mid,new,sapphire eighty three,gurgaon,0.52
145.86,3.0,4.0,1.0,1.0,sector 33,13.0,0.0,0.0,0.0,1.0,0.0,1.0,0.0,1.0,1.0,0.0,1.0,1.0,0.0,0.0,0.0,0.0,0.0,0.0,0.0,super built up,low,new,unitech the residences,gurgaon,2.015
126.44,2.0,2.0,3.0,0.0,sector 103,18.0,1.0,0.0,0.0,0.0,0.0,0.0,1.0,0.0,0.0,1.0,0.0,0.0,0.0,0.0,0.0,0.0,0.0,0.0,1.0,super built up,low,new,ansal housing highland park,gurgaon,1.144
227.61,3.0,4.0,3.0,1.0,sector 104,13.0,1.0,0.0,0.0,1.0,0.0,1.0,0.0,1.0,1.0,1.0,1.0,1.0,0.0,1.0,0.0,0.0,0.0,0.0,0.0,super built up,high,new,puri emerald bay,gurgaon,3.1850000000000005
250.09,4.0,4.0,3.0,1.0,sector 113,8.0,1.0,0.0,0.0,1.0,0.0,0.0,0.0,1.0,0.0,0.0,0.0,1.0,0.0,0.0,0.0,0.0,0.0,0.0,0.0,carpet,high,new,la vida by tata housing,gurgaon,4.355
153.29,3.0,3.0,3.0,1.0,sector 65,6.0,1.0,0.0,0.0,0.0,0.0,0.0,0.0,0.0,1.0,0.0,0.0,0.0,0.0,1.0,0.0,0.0,0.0,0.0,0.0,super built up,low,new,emaar mgf emerald floors premier,gurgaon,3.315
31.3,1.0,1.0,1.0,0.0,sector 111,15.0,1.0,1.0,0.0,0.0,1.0,1.0,1.0,1.0,0.0,0.0,1.0,0.0,0.0,0.0,0.0,0.0,0.0,0.0,0.0,carpet,low,new,lotus homz,gurgaon,0.65
154.22,3.0,2.0,3.0,1.0,sector 81,9.0,0.0,0.0,0.0,1.0,0.0,0.0,0.0,1.0,0.0,0.0,1.0,1.0,0.0,0.0,0.0,0.0,0.0,0.0,0.0,super built up,mid,new,bestech park view ananda,gurgaon,1.495
45.3469,1.0,1.0,2.0,1.0,sector 33,7.0,1.0,0.0,0.0,1.0,0.0,0.0,0.0,1.0,1.0,0.0,0.0,0.0,0.0,1.0,0.0,0.0,0.0,0.0,0.0,carpet,low,new,signature the serenas,sohna,0.364
362.79,5.0,5.0,3.0,1.0,sector 48,45.0,1.0,0.0,0.0,0.0,1.0,1.0,1.0,0.0,0.0,0.0,0.0,0.0,1.0,0.0,1.0,0.0,1.0,0.0,0.0,super built up,mid,old,parsvnath green ville,gurgaon,4.29
118.45,2.0,2.0,2.0,0.0,sector 33,13.0,1.0,0.0,0.0,1.0,0.0,1.0,0.0,1.0,0.0,0.0,0.0,0.0,1.0,1.0,0.0,0.0,1.0,0.0,0.0,built up,high,under construction,ashiana anmol,sohna,1.1700000000000002
137.5,2.0,2.0,3.0,1.0,sector 86,10.0,1.0,0.0,0.0,1.0,0.0,0.0,0.0,1.0,1.0,0.0,0.0,1.0,0.0,0.0,0.0,0.0,0.0,0.0,0.0,super built up,high,old,microtek greenburg,gurgaon,1.625
198.07,3.0,3.0,2.0,1.0,sector 81,9.0,1.0,0.0,0.0,0.0,0.0,0.0,0.0,1.0,1.0,0.0,1.0,0.0,0.0,0.0,0.0,0.0,0.0,0.0,0.0,super built up,high,new,dlf the ultima,gurgaon,3.25
167.23,3.0,4.0,3.0,1.0,sector 22,14.0,1.0,0.0,0.0,1.0,0.0,1.0,0.0,1.0,1.0,1.0,0.0,1.0,0.0,0.0,0.0,0.0,0.0,0.0,0.0,carpet,high,new,ambience creacions,gurgaon,4.55
222.97,4.0,5.0,3.0,1.0,sector 70,10.0,1.0,0.0,0.0,1.0,0.0,1.0,0.0,1.0,1.0,0.0,0.0,0.0,0.0,1.0,0.0,0.0,0.0,0.0,0.0,super built up,mid,old,tulip ivory,gurgaon,2.7300000000000004
124.12,2.0,2.0,2.0,1.0,sector 50,7.0,1.0,0.0,0.0,0.0,0.0,1.0,0.0,1.0,1.0,0.0,1.0,0.0,0.0,0.0,0.0,0.0,0.0,0.0,0.0,super built up,high,old,unitech fresco,gurgaon,1.482
52.95,2.0,2.0,1.0,1.0,sector 3,45.0,1.0,0.0,0.0,0.0,0.0,0.0,1.0,1.0,0.0,1.0,0.0,0.0,0.0,0.0,1.0,0.0,0.0,0.0,1.0,built up,low,new,vidya apartment,gurgaon,0.286
56.21,1.0,1.0,1.0,0.0,sector 56,45.0,1.0,0.0,0.0,0.0,1.0,1.0,1.0,1.0,0.0,0.0,1.0,0.0,1.0,0.0,1.0,1.0,0.0,0.0,1.0,carpet,low,old,kendriya vihar,gurgaon,0.754
197.79,3.0,3.0,3.0,1.0,sector 85,8.0,1.0,0.0,0.0,1.0,0.0,0.0,0.0,1.0,1.0,0.0,0.0,1.0,0.0,0.0,0.0,0.0,0.0,0.0,0.0,built up,high,mid aged,godrej air,gurgaon,3.3800000000000003
185.53,3.0,3.0,3.0,0.0,sector 50,9.0,1.0,0.0,0.0,0.0,0.0,1.0,0.0,1.0,1.0,1.0,1.0,0.0,0.0,0.0,0.0,0.0,0.0,0.0,0.0,super built up,high,old,the close north,gurgaon,3.055
160.44,3.0,3.0,2.0,1.0,sector 67,12.0,0.0,0.0,0.0,1.0,0.0,1.0,0.0,1.0,1.0,0.0,1.0,0.0,0.0,1.0,0.0,0.0,0.0,0.0,0.0,super built up,low,new,ireo the corridors,gurgaon,2.08
117.89,2.0,2.0,3.0,1.0,sector 33,7.0,1.0,0.0,0.0,0.0,0.0,0.0,0.0,1.0,0.0,0.0,0.0,1.0,0.0,0.0,0.0,0.0,0.0,0.0,0.0,super built up,high,new,eldeco accolade,sohna,0.949
60.48,1.0,2.0,2.0,0.0,sector 2,10.0,1.0,0.0,0.0,1.0,1.0,0.0,0.0,1.0,1.0,1.0,1.0,0.0,0.0,0.0,0.0,0.0,0.0,0.0,0.0,carpet,mid,old,bestech park view residency,gurgaon,0.7280000000000001
66.9,1.0,1.0,0.0,1.0,sector 51,45.0,1.0,0.0,0.0,0.0,0.0,1.0,1.0,0.0,0.0,0.0,0.0,0.0,0.0,0.0,1.0,0.0,0.0,0.0,0.0,carpet,low,old,housing board colony,gurgaon,0.39
209.03,3.0,3.0,3.0,1.0,sector 54,44.0,1.0,0.0,0.0,0.0,1.0,1.0,1.0,0.0,0.0,0.0,1.0,0.0,1.0,0.0,1.0,1.0,0.0,0.0,1.0,built up,low,old,new sathi apartments,gurgaon,2.067
142.88,3.0,3.0,1.0,0.0,sector 69,10.0,1.0,0.0,0.0,1.0,0.0,1.0,0.0,1.0,1.0,0.0,0.0,0.0,0.0,1.0,0.0,0.0,0.0,0.0,0.0,super built up,high,new,tulip violet,gurgaon,1.781
293.2,4.0,5.0,3.0,1.0,sector 69,10.0,1.0,0.0,0.0,1.0,0.0,1.0,0.0,1.0,1.0,0.0,0.0,0.0,0.0,1.0,0.0,0.0,0.0,0.0,0.0,super built up,high,new,tulip violet,gurgaon,3.965
113.71,2.0,2.0,3.0,0.0,sector 68,10.0,1.0,0.0,0.0,1.0,0.0,1.0,0.0,1.0,1.0,0.0,0.0,0.0,0.0,1.0,0.0,0.0,1.0,0.0,0.0,super built up,low,new,m3m sierra 68,gurgaon,1.4300000000000002
199.74,3.0,3.0,3.0,1.0,sector 70,11.0,1.0,0.0,0.0,1.0,0.0,1.0,0.0,1.0,1.0,0.0,0.0,0.0,0.0,0.0,0.0,0.0,0.0,0.0,0.0,super built up,high,new,aipl the peaceful homes,gurgaon,3.25
176.52,3.0,3.0,3.0,0.0,sector 56,43.0,1.0,0.0,0.0,0.0,1.0,1.0,1.0,1.0,0.0,0.0,1.0,0.0,1.0,0.0,1.0,1.0,0.0,0.0,1.0,super built up,low,old,kanchanjanga tower,gurgaon,1.885
223.99,3.0,3.0,3.0,1.0,sector 67,11.0,1.0,0.0,0.0,1.0,0.0,1.0,0.0,1.0,1.0,0.0,0.0,0.0,0.0,1.0,0.0,0.0,0.0,0.0,0.0,super built up,high,new,ireo victory valley,gurgaon,3.965
138.43,3.0,3.0,3.0,1.0,sector 79,9.0,0.0,0.0,0.0,1.0,0.0,0.0,0.0,1.0,1.0,0.0,1.0,1.0,0.0,0.0,0.0,0.0,0.0,0.0,0.0,super built up,high,new,mapsko mount ville,gurgaon,1.625
157.94,2.0,2.0,1.0,0.0,sector 11,50.0,1.0,0.0,0.0,0.0,0.0,0.0,1.0,1.0,0.0,0.0,0.0,0.0,1.0,0.0,1.0,1.0,0.0,0.0,0.0,super built up,low,old,ganga apartment,gurgaon,0.7150000000000001
223.71,3.0,4.0,3.0,1.0,sector 85,13.0,1.0,0.0,0.0,1.0,0.0,1.0,0.0,1.0,1.0,0.0,0.0,1.0,0.0,1.0,0.0,0.0,0.0,1.0,0.0,super built up,mid,new,ss the leaf,gurgaon,2.7300000000000004
355.82,5.0,5.0,3.0,1.0,sector 110,15.0,1.0,0.0,0.0,1.0,1.0,0.0,0.0,1.0,1.0,1.0,1.0,1.0,0.0,0.0,0.0,0.0,0.0,0.0,0.0,super built up,mid,new,indiabulls enigma,gurgaon,4.9270000000000005
242.01,3.0,3.0,3.0,1.0,sector 50,9.0,1.0,0.0,0.0,0.0,0.0,1.0,0.0,1.0,1.0,1.0,1.0,0.0,0.0,0.0,0.0,0.0,0.0,0.0,0.0,super built up,low,old,the close north,gurgaon,3.51
250.0,3.0,3.0,3.0,1.0,sector 113,8.0,1.0,0.0,0.0,1.0,0.0,0.0,0.0,1.0,0.0,0.0,0.0,1.0,0.0,0.0,0.0,0.0,0.0,0.0,0.0,super built up,low,new,la vida by tata housing,gurgaon,3.9
59.92,3.0,2.0,2.0,1.0,sector 107,10.0,0.0,0.0,0.0,1.0,0.0,0.0,0.0,1.0,0.0,0.0,0.0,1.0,0.0,0.0,0.0,0.0,0.0,0.0,0.0,carpet,mid,new,signature global solera,gurgaon,0.65
153.29,3.0,3.0,2.0,1.0,sector 65,6.0,1.0,0.0,0.0,0.0,0.0,0.0,0.0,0.0,1.0,0.0,0.0,0.0,0.0,1.0,0.0,0.0,0.0,0.0,0.0,super built up,low,new,emaar mgf emerald floors premier,gurgaon,3.64
172.06,3.0,3.0,3.0,0.0,sector 102,13.0,1.0,0.0,0.0,1.0,1.0,0.0,0.0,1.0,1.0,0.0,0.0,1.0,0.0,1.0,0.0,0.0,1.0,0.0,0.0,built up,high,new,shapoorji pallonji joyville gurugram,gurgaon,2.756
92.9,3.0,3.0,2.0,0.0,sector 37,15.0,1.0,0.0,0.0,0.0,0.0,0.0,0.0,0.0,0.0,1.0,0.0,0.0,0.0,0.0,0.0,0.0,0.0,0.0,0.0,super built up,high,new,ashiyara 2,gurgaon,0.5850000000000001
149.57,2.0,2.0,3.0,1.0,sector 84,10.0,1.0,0.0,0.0,1.0,0.0,1.0,0.0,1.0,1.0,0.0,0.0,1.0,0.0,0.0,0.0,0.0,0.0,0.0,0.0,super built up,low,new,spaze privy at4,gurgaon,1.56
116.87,2.0,3.0,3.0,0.0,sector 63,12.0,1.0,0.0,0.0,0.0,0.0,0.0,0.0,1.0,1.0,1.0,1.0,1.0,0.0,1.0,0.0,1.0,0.0,0.0,0.0,super built up,mid,mid aged,birla navya,gurgaon,2.8600000000000003
68.28,2.0,2.0,3.0,0.0,sector 81,10.0,1.0,0.0,0.0,1.0,0.0,0.0,0.0,1.0,0.0,0.0,0.0,1.0,0.0,1.0,0.0,0.0,0.0,0.0,0.0,super built up,mid,new,signature global synera,gurgaon,0.637
55.28,2.0,2.0,3.0,0.0,sector 33,6.0,0.0,0.0,0.0,0.0,0.0,0.0,0.0,0.0,1.0,0.0,1.0,0.0,0.0,0.0,0.0,1.0,0.0,0.0,0.0,carpet,high,new,tulsiani easy in homes,sohna,0.52
123.19,3.0,2.0,2.0,0.0,sector 92,11.0,0.0,0.0,0.0,0.0,0.0,0.0,0.0,1.0,1.0,0.0,1.0,1.0,0.0,0.0,0.0,0.0,0.0,0.0,0.0,super built up,low,new,sare green parc phase 3,gurgaon,0.975
162.58,3.0,3.0,3.0,1.0,sector 89,6.0,1.0,0.0,0.0,1.0,0.0,0.0,0.0,1.0,1.0,0.0,0.0,1.0,0.0,0.0,0.0,0.0,0.0,0.0,0.0,carpet,low,new,ats marigold,gurgaon,1.95
119.19,2.0,3.0,3.0,1.0,sector 108,9.0,1.0,0.0,0.0,1.0,0.0,1.0,0.0,1.0,1.0,0.0,0.0,1.0,0.0,0.0,0.0,0.0,0.0,0.0,0.0,super built up,low,new,experion the heartsong,gurgaon,1.131
169.55,3.0,3.0,3.0,1.0,sector 84,3.0,0.0,0.0,0.0,0.0,1.0,1.0,0.0,1.0,0.0,0.0,0.0,0.0,0.0,0.0,0.0,0.0,0.0,0.0,0.0,super built up,high,new,antriksh heights,gurgaon,1.144
273.41,4.0,5.0,3.0,1.0,sector 31,14.0,1.0,0.0,0.0,1.0,1.0,1.0,0.0,1.0,1.0,0.0,1.0,0.0,0.0,0.0,0.0,0.0,0.0,0.0,0.0,super built up,low,new,raheja atlantis,gurgaon,7.15
194.45,3.0,3.0,3.0,1.0,sector 50,9.0,1.0,0.0,0.0,0.0,0.0,1.0,0.0,1.0,1.0,1.0,1.0,0.0,0.0,0.0,0.0,0.0,0.0,0.0,0.0,super built up,high,old,the close north,gurgaon,3.055
128.21,2.0,2.0,3.0,0.0,sector 37,15.0,1.0,1.0,0.0,0.0,0.0,1.0,1.0,1.0,0.0,0.0,0.0,0.0,0.0,0.0,1.0,0.0,1.0,0.0,0.0,super built up,low,new,ramprastha the edge towers,gurgaon,1.04
131.55,2.0,2.0,3.0,0.0,sector 2,10.0,1.0,0.0,0.0,1.0,1.0,0.0,0.0,1.0,1.0,1.0,1.0,0.0,0.0,0.0,0.0,0.0,0.0,0.0,0.0,carpet,high,old,bestech park view residency,gurgaon,1.235
167.23,4.0,4.0,3.0,1.0,sector 33,15.0,1.0,0.0,0.0,0.0,0.0,1.0,0.0,1.0,1.0,0.0,0.0,0.0,0.0,1.0,0.0,1.0,0.0,0.0,0.0,carpet,mid,new,central park flower valley,sohna,2.99
311.23,4.0,4.0,3.0,0.0,sector 110,15.0,1.0,0.0,0.0,1.0,1.0,0.0,0.0,1.0,1.0,1.0,1.0,1.0,0.0,0.0,0.0,0.0,0.0,0.0,0.0,built up,high,new,indiabulls enigma,gurgaon,5.2
218.79,4.0,6.0,3.0,1.0,sector 106,11.0,1.0,0.0,0.0,1.0,0.0,1.0,0.0,1.0,1.0,0.0,1.0,1.0,0.0,1.0,0.0,0.0,0.0,0.0,0.0,super built up,high,new,paras dews,gurgaon,1.846
141.49,3.0,3.0,3.0,0.0,sector 92,6.0,1.0,0.0,0.0,0.0,0.0,0.0,0.0,0.0,0.0,0.0,0.0,0.0,1.0,0.0,0.0,0.0,0.0,0.0,0.0,super built up,high,new,sare homes,gurgaon,1.066
218.32,4.0,4.0,3.0,1.0,sector 78,7.0,1.0,0.0,0.0,0.0,0.0,0.0,1.0,0.0,0.0,0.0,1.0,0.0,0.0,0.0,0.0,0.0,0.0,0.0,0.0,super built up,low,new,umang monsoon breeze,gurgaon,1.625
181.16,3.0,5.0,3.0,0.0,sector 70,15.0,1.0,0.0,0.0,1.0,0.0,1.0,1.0,0.0,0.0,0.0,0.0,0.0,1.0,0.0,0.0,0.0,0.0,0.0,0.0,carpet,high,new,shree vardhman victoria,gurgaon,2.3400000000000003
155.24,2.0,2.0,3.0,1.0,sector 85,13.0,1.0,0.0,0.0,1.0,0.0,1.0,0.0,1.0,1.0,0.0,0.0,1.0,0.0,1.0,0.0,0.0,0.0,1.0,0.0,super built up,mid,new,ss the leaf,gurgaon,1.3650000000000002
260.31,3.0,3.0,2.0,1.0,sector 112,8.0,1.0,0.0,0.0,0.0,0.0,1.0,0.0,1.0,1.0,1.0,0.0,1.0,0.0,0.0,0.0,0.0,0.0,0.0,0.0,super built up,low,new,experion windchants,gurgaon,3.9
160.44,3.0,3.0,2.0,1.0,sector 67,12.0,0.0,0.0,0.0,1.0,0.0,1.0,0.0,1.0,1.0,0.0,1.0,0.0,0.0,1.0,0.0,0.0,0.0,0.0,0.0,super built up,mid,new,ireo the corridors,gurgaon,2.1060000000000003
105.35,2.0,2.0,3.0,1.0,sector 82,6.0,0.0,0.0,0.0,0.0,0.0,0.0,0.0,1.0,1.0,0.0,0.0,0.0,0.0,0.0,0.0,0.0,0.0,0.0,0.0,super built up,low,new,vatika iris floors,gurgaon,0.8190000000000001
181.16,3.0,3.0,3.0,0.0,sector 68,8.0,1.0,0.0,0.0,1.0,0.0,1.0,0.0,1.0,0.0,0.0,0.0,0.0,0.0,0.0,0.0,0.0,0.0,0.0,0.0,super built up,high,new,m3m ikonic,gurgaon,2.3400000000000003
130.06,2.0,2.0,3.0,1.0,sector 95,8.0,1.0,0.0,0.0,0.0,0.0,0.0,0.0,0.0,0.0,1.0,0.0,0.0,1.0,0.0,0.0,0.0,0.0,0.0,0.0,super built up,high,new,awho shanti vihar,gurgaon,1.066
120.31,2.0,2.0,3.0,1.0,sector 79,3.0,0.0,0.0,0.0,0.0,0.0,0.0,0.0,0.0,0.0,0.0,0.0,0.0,1.0,0.0,0.0,0.0,0.0,0.0,1.0,super built up,high,new,supertech araville,gurgaon,1.04
91.04,2.0,2.0,1.0,1.0,sector 95,3.0,1.0,0.0,0.0,0.0,0.0,0.0,0.0,0.0,0.0,0.0,0.0,0.0,0.0,0.0,0.0,0.0,0.0,0.0,0.0,super built up,low,new,ramsons kshitij,gurgaon,0.5850000000000001
138.43,3.0,3.0,3.0,0.0,sector 79,9.0,0.0,0.0,0.0,1.0,0.0,0.0,0.0,1.0,1.0,0.0,1.0,1.0,0.0,0.0,0.0,0.0,0.0,0.0,0.0,super built up,high,new,mapsko mount ville,gurgaon,1.56
146.32,3.0,3.0,3.0,1.0,sector 70,14.0,0.0,0.0,0.0,1.0,1.0,0.0,0.0,0.0,0.0,0.0,0.0,0.0,0.0,0.0,0.0,1.0,0.0,0.0,0.0,carpet,low,new,bptp pedestal,gurgaon,2.08
369.75,4.0,5.0,3.0,1.0,sector 48,9.0,1.0,0.0,0.0,1.0,0.0,1.0,0.0,1.0,1.0,0.0,1.0,0.0,0.0,0.0,0.0,1.0,0.0,0.0,0.0,carpet,low,new,central park resorts,gurgaon,14.625
115.11,2.0,2.0,1.0,1.0,sector 78,7.0,1.0,0.0,0.0,0.0,0.0,0.0,1.0,0.0,0.0,0.0,1.0,0.0,0.0,0.0,0.0,0.0,0.0,0.0,0.0,super built up,mid,old,umang monsoon breeze,gurgaon,0.806
126.91,2.0,2.0,3.0,0.0,sector 107,6.0,0.0,0.0,0.0,0.0,0.0,0.0,0.0,1.0,1.0,0.0,0.0,0.0,0.0,0.0,0.0,0.0,0.0,0.0,0.0,super built up,mid,new,m3m woodshire,gurgaon,1.1700000000000002
219.07,3.0,4.0,3.0,1.0,sector 67,10.0,1.0,0.0,0.0,1.0,0.0,1.0,0.0,1.0,1.0,0.0,0.0,0.0,0.0,1.0,0.0,0.0,1.0,0.0,0.0,super built up,high,new,m3m merlin,gurgaon,4.55
140.1,2.0,2.0,3.0,0.0,sector 62,11.0,1.0,0.0,0.0,1.0,0.0,1.0,0.0,1.0,1.0,0.0,1.0,0.0,0.0,0.0,0.0,0.0,0.0,0.0,0.0,carpet,high,under construction,emaar digihomes,gurgaon,2.795
194.35,3.0,4.0,3.0,1.0,sector 81,9.0,1.0,0.0,0.0,0.0,0.0,0.0,0.0,1.0,1.0,0.0,1.0,0.0,0.0,0.0,0.0,0.0,0.0,0.0,0.0,super built up,high,new,dlf the ultima,gurgaon,2.9250000000000003
430.33,4.0,5.0,3.0,1.0,sector 72,45.0,1.0,0.0,0.0,0.0,1.0,1.0,1.0,0.0,0.0,0.0,0.0,0.0,1.0,0.0,1.0,0.0,1.0,0.0,0.0,super built up,high,old,spaze privy,gurgaon,4.03
153.29,3.0,3.0,3.0,1.0,sector 102,10.0,1.0,0.0,0.0,1.0,0.0,1.0,0.0,1.0,1.0,0.0,0.0,1.0,0.0,0.0,0.0,0.0,0.0,0.0,0.0,super built up,mid,new,emaar gurgaon greens,gurgaon,1.846
46.92,2.0,2.0,3.0,0.0,sector 33,6.0,0.0,0.0,0.0,0.0,0.0,0.0,0.0,0.0,1.0,0.0,1.0,0.0,0.0,0.0,0.0,1.0,0.0,0.0,0.0,carpet,high,under construction,tulsiani easy in homes,sohna,0.52
85.01,2.0,2.0,2.0,0.0,sector 102,13.0,1.0,0.0,0.0,1.0,1.0,0.0,0.0,1.0,1.0,0.0,0.0,1.0,0.0,1.0,0.0,0.0,1.0,0.0,0.0,carpet,high,mid aged,shapoorji pallonji joyville gurugram,gurgaon,1.3650000000000002
204.48,3.0,3.0,2.0,1.0,sector 66,14.0,1.0,0.0,0.0,0.0,0.0,1.0,0.0,1.0,1.0,0.0,1.0,0.0,0.0,0.0,0.0,0.0,1.0,0.0,0.0,super built up,mid,new,emaar mgf the palm drive,gurgaon,4.55
151.25,2.0,2.0,3.0,1.0,sector 88,7.0,1.0,0.0,0.0,0.0,1.0,0.0,0.0,1.0,0.0,0.0,0.0,1.0,0.0,0.0,0.0,0.0,0.0,0.0,0.0,super built up,high,new,godrej oasis,gurgaon,1.547
184.88,3.0,3.0,3.0,1.0,sector 37,13.0,0.0,0.0,0.0,1.0,0.0,1.0,0.0,1.0,1.0,1.0,0.0,1.0,0.0,1.0,0.0,0.0,0.0,0.0,0.0,super built up,mid,new,corona optus,gurgaon,1.82
278.43,4.0,4.0,3.0,1.0,sector 54,3.0,0.0,0.0,0.0,0.0,0.0,0.0,0.0,0.0,0.0,0.0,0.0,0.0,0.0,0.0,0.0,0.0,0.0,0.0,1.0,super built up,high,old,dlf royalton tower,gurgaon,8.06
382.3,5.0,5.0,3.0,1.0,sector 49,13.0,1.0,0.0,0.0,1.0,0.0,0.0,1.0,1.0,0.0,0.0,0.0,0.0,0.0,1.0,1.0,0.0,0.0,0.0,0.0,super built up,high,new,orchid petals,gurgaon,6.227
142.88,3.0,3.0,2.0,1.0,sector 69,10.0,1.0,0.0,0.0,1.0,0.0,1.0,0.0,1.0,1.0,0.0,0.0,0.0,0.0,1.0,0.0,0.0,0.0,0.0,0.0,super built up,high,new,tulip violet,gurgaon,1.703
181.16,3.0,3.0,3.0,1.0,sector 70,15.0,1.0,0.0,0.0,1.0,0.0,1.0,1.0,0.0,0.0,0.0,0.0,0.0,1.0,0.0,0.0,0.0,0.0,0.0,0.0,super built up,high,new,shree vardhman victoria,gurgaon,2.47
44.39,1.0,1.0,1.0,0.0,sector 33,5.0,0.0,0.0,0.0,0.0,0.0,0.0,0.0,0.0,0.0,0.0,0.0,0.0,0.0,0.0,0.0,0.0,0.0,0.0,1.0,built up,high,new,hcbs sports ville,sohna,0.286
267.1,4.0,6.0,3.0,1.0,sector 103,15.0,1.0,0.0,0.0,1.0,1.0,1.0,0.0,1.0,1.0,1.0,1.0,1.0,0.0,1.0,0.0,0.0,0.0,0.0,0.0,super built up,mid,new,indiabulls centrum park,gurgaon,3.1850000000000005
120.77,2.0,2.0,0.0,0.0,sector 1,8.0,1.0,0.0,0.0,0.0,0.0,0.0,0.0,0.0,0.0,0.0,0.0,0.0,1.0,0.0,0.0,0.0,0.0,0.0,1.0,built up,mid,under construction,eden landmark,manesar,0.65
213.49,4.0,4.0,3.0,1.0,sector 113,8.0,1.0,0.0,0.0,1.0,0.0,0.0,0.0,1.0,1.0,1.0,1.0,1.0,0.0,0.0,0.0,0.0,0.0,0.0,0.0,carpet,high,new,m3m capital,gurgaon,3.77
166.39,3.0,3.0,3.0,0.0,sector 88,7.0,1.0,0.0,0.0,0.0,1.0,0.0,0.0,1.0,0.0,0.0,0.0,1.0,0.0,0.0,0.0,0.0,0.0,0.0,0.0,carpet,mid,new,godrej oasis,gurgaon,1.6900000000000002
113.71,2.0,2.0,2.0,0.0,sector 78,7.0,1.0,0.0,0.0,0.0,0.0,0.0,1.0,0.0,0.0,0.0,1.0,0.0,0.0,0.0,0.0,0.0,0.0,0.0,0.0,built up,mid,under construction,umang monsoon breeze,gurgaon,0.91
181.16,3.0,5.0,3.0,1.0,sector 70,15.0,1.0,0.0,0.0,1.0,0.0,1.0,1.0,0.0,0.0,0.0,0.0,0.0,1.0,0.0,0.0,0.0,0.0,0.0,0.0,super built up,high,new,shree vardhman victoria,gurgaon,2.158
440.27,4.0,6.0,3.0,1.0,sector 62,11.0,1.0,0.0,0.0,1.0,0.0,1.0,0.0,1.0,1.0,0.0,0.0,0.0,0.0,1.0,0.0,0.0,1.0,0.0,0.0,super built up,high,new,pioneer araya,gurgaon,12.935
213.68,4.0,4.0,3.0,0.0,sector 51,47.0,1.0,0.0,0.0,0.0,0.0,0.0,1.0,1.0,0.0,0.0,0.0,0.0,1.0,0.0,1.0,0.0,1.0,0.0,1.0,built up,low,new,the arzoo cghs,gurgaon,2.7300000000000004
146.6,3.0,3.0,1.0,1.0,sector 69,10.0,1.0,0.0,0.0,1.0,0.0,1.0,0.0,1.0,1.0,0.0,0.0,0.0,0.0,1.0,0.0,0.0,0.0,0.0,0.0,super built up,high,new,tulip violet,gurgaon,1.781
69.03,2.0,2.0,1.0,0.0,sector 33,5.0,0.0,0.0,0.0,0.0,0.0,0.0,0.0,0.0,0.0,0.0,0.0,0.0,0.0,0.0,0.0,0.0,0.0,0.0,1.0,built up,mid,under construction,hcbs sports ville,sohna,0.39
319.03,4.0,4.0,3.0,1.0,sector 84,10.0,1.0,0.0,0.0,1.0,1.0,1.0,1.0,1.0,0.0,0.0,0.0,0.0,0.0,0.0,0.0,0.0,0.0,0.0,0.0,super built up,high,new,alpha corp gurgaonone 84,gurgaon,2.9120000000000004
261.24,4.0,4.0,3.0,0.0,sector 85,13.0,1.0,0.0,0.0,1.0,0.0,1.0,0.0,1.0,1.0,0.0,0.0,1.0,0.0,1.0,0.0,0.0,0.0,1.0,0.0,super built up,low,new,ss the leaf,gurgaon,2.769
181.16,3.0,3.0,3.0,1.0,sector 70,15.0,1.0,0.0,0.0,1.0,0.0,1.0,1.0,0.0,0.0,0.0,0.0,0.0,1.0,0.0,0.0,0.0,0.0,0.0,0.0,super built up,high,new,shree vardhman victoria,gurgaon,2.08
60.39,2.0,2.0,3.0,0.0,sector 37,15.0,1.0,0.0,0.0,0.0,0.0,0.0,0.0,1.0,0.0,1.0,0.0,1.0,0.0,0.0,0.0,1.0,0.0,0.0,0.0,super built up,mid,new,signature global the millennia,gurgaon,0.78
109.63,2.0,2.0,3.0,0.0,sector 68,21.0,1.0,0.0,0.0,0.0,0.0,1.0,1.0,0.0,0.0,0.0,0.0,0.0,0.0,0.0,1.0,0.0,0.0,0.0,0.0,built up,high,new,supertech hues,gurgaon,1.04
119.19,2.0,3.0,3.0,1.0,sector 108,9.0,1.0,0.0,0.0,1.0,0.0,1.0,0.0,1.0,1.0,0.0,0.0,1.0,0.0,0.0,0.0,0.0,0.0,0.0,0.0,super built up,mid,new,experion the heartsong,gurgaon,1.1700000000000002
146.04,3.0,3.0,3.0,0.0,sector 79,10.0,0.0,0.0,0.0,0.0,0.0,0.0,0.0,1.0,1.0,0.0,0.0,0.0,0.0,0.0,0.0,0.0,0.0,1.0,0.0,super built up,mid,new,godrej 101,gurgaon,1.7420000000000002
62.25,2.0,2.0,2.0,0.0,sector 95,12.0,0.0,0.0,0.0,1.0,0.0,0.0,0.0,1.0,1.0,0.0,0.0,1.0,1.0,1.0,0.0,0.0,0.0,0.0,0.0,built up,high,new,signature the roselia,gurgaon,0.546
199.65,3.0,4.0,3.0,1.0,sector 102,15.0,0.0,0.0,0.0,1.0,0.0,1.0,0.0,1.0,1.0,1.0,1.0,1.0,0.0,1.0,0.0,0.0,0.0,1.0,0.0,super built up,high,new,conscient heritage max,gurgaon,2.795
227.61,3.0,3.0,3.0,1.0,sector 54,15.0,0.0,0.0,0.0,1.0,0.0,1.0,1.0,1.0,0.0,1.0,0.0,1.0,1.0,0.0,0.0,1.0,1.0,0.0,0.0,built up,low,old,dlf trinity towers,gurgaon,4.94
218.32,4.0,3.0,3.0,1.0,sector 52,43.0,1.0,0.0,0.0,0.0,0.0,0.0,1.0,0.0,0.0,0.0,0.0,0.0,1.0,0.0,1.0,0.0,0.0,0.0,1.0,super built up,mid,old,friends apartment,gurgaon,2.6
142.61,3.0,3.0,3.0,1.0,sector 37,12.0,1.0,0.0,0.0,0.0,0.0,1.0,0.0,1.0,0.0,0.0,0.0,1.0,0.0,0.0,1.0,0.0,0.0,0.0,0.0,built up,low,new,signature global city 37d ph 2,gurgaon,1.7680000000000002
147.44,3.0,3.0,3.0,0.0,sector 85,5.0,0.0,0.0,0.0,0.0,0.0,0.0,0.0,0.0,1.0,0.0,1.0,1.0,0.0,0.0,0.0,0.0,0.0,0.0,0.0,super built up,high,new,orris aster court,gurgaon,1.1700000000000002
174.38,3.0,3.0,3.0,1.0,sector 82,10.0,1.0,0.0,0.0,1.0,0.0,1.0,0.0,1.0,1.0,0.0,0.0,0.0,0.0,0.0,0.0,0.0,0.0,1.0,0.0,super built up,low,new,vatika the seven lamps,gurgaon,1.664
186.74,4.0,4.0,2.0,0.0,sector 69,10.0,1.0,0.0,0.0,1.0,0.0,1.0,0.0,1.0,1.0,0.0,0.0,0.0,0.0,1.0,0.0,0.0,0.0,0.0,0.0,super built up,high,new,tulip violet,gurgaon,2.21
199.65,3.0,4.0,3.0,1.0,sector 102,15.0,0.0,0.0,0.0,1.0,0.0,1.0,0.0,1.0,1.0,1.0,1.0,1.0,0.0,1.0,0.0,0.0,0.0,1.0,0.0,super built up,high,new,conscient heritage max,gurgaon,2.8600000000000003
172.24,3.0,4.0,3.0,1.0,sector 78,7.0,1.0,0.0,0.0,0.0,0.0,0.0,1.0,0.0,0.0,0.0,1.0,0.0,0.0,0.0,0.0,0.0,0.0,0.0,0.0,super built up,high,old,umang monsoon breeze,gurgaon,1.144
186.08,3.0,4.0,2.0,0.0,sector 108,13.0,1.0,0.0,0.0,0.0,0.0,1.0,0.0,1.0,1.0,0.0,0.0,1.0,0.0,0.0,0.0,0.0,0.0,1.0,0.0,super built up,high,new,sobha city,gurgaon,3.835
56.21,1.0,1.0,1.0,0.0,sector 56,45.0,1.0,0.0,0.0,0.0,1.0,1.0,1.0,1.0,0.0,0.0,1.0,0.0,1.0,0.0,1.0,1.0,0.0,0.0,1.0,carpet,low,old,kendriya vihar,gurgaon,0.611
404.13,4.0,4.0,3.0,1.0,sector 82,9.0,1.0,0.0,0.0,0.0,0.0,0.0,0.0,0.0,0.0,0.0,0.0,0.0,1.0,0.0,0.0,0.0,0.0,0.0,1.0,super built up,mid,under construction,vatika sovereign next sector-82 a gurgaon,gurgaon,3.783
157.94,2.0,3.0,3.0,1.0,sector 104,13.0,1.0,0.0,0.0,1.0,0.0,1.0,0.0,1.0,1.0,1.0,1.0,1.0,0.0,1.0,0.0,0.0,0.0,0.0,0.0,super built up,high,new,puri emerald bay,gurgaon,2.0540000000000003
42.53,2.0,2.0,1.0,1.0,sector 33,10.0,0.0,0.0,0.0,0.0,0.0,0.0,1.0,0.0,0.0,0.0,0.0,0.0,0.0,0.0,0.0,0.0,0.0,0.0,1.0,carpet,mid,new,mvn athens,sohna,0.351
137.31,2.0,2.0,1.0,1.0,sector 111,7.0,1.0,0.0,0.0,1.0,0.0,1.0,0.0,1.0,1.0,0.0,0.0,1.0,0.0,0.0,0.0,0.0,0.0,0.0,0.0,super built up,mid,mid aged,tashee capital gateway,gurgaon,1.248
64.66,2.0,2.0,2.0,0.0,sector 111,15.0,1.0,1.0,0.0,0.0,1.0,1.0,1.0,1.0,0.0,0.0,1.0,0.0,0.0,0.0,0.0,0.0,0.0,0.0,0.0,carpet,high,new,lotus homz,gurgaon,0.91
163.04,3.0,3.0,3.0,0.0,sector 90,14.0,0.0,0.0,0.0,0.0,1.0,0.0,0.0,0.0,0.0,0.0,0.0,0.0,0.0,0.0,0.0,0.0,0.0,0.0,0.0,super built up,high,new,dlf regal gardens,gurgaon,1.56
292.64,4.0,3.0,2.0,1.0,sector 28,11.0,1.0,0.0,0.0,1.0,0.0,0.0,0.0,1.0,1.0,0.0,1.0,0.0,0.0,0.0,0.0,1.0,0.0,0.0,0.0,super built up,high,old,suncity platinum towers,gurgaon,9.1
185.81,3.0,4.0,2.0,1.0,sector 12,50.0,1.0,0.0,0.0,0.0,0.0,0.0,1.0,1.0,0.0,0.0,0.0,0.0,1.0,0.0,1.0,0.0,0.0,0.0,0.0,built up,low,old,bhagwati sadan,gurgaon,1.495
153.29,3.0,3.0,3.0,1.0,sector 102,10.0,1.0,0.0,0.0,1.0,0.0,1.0,0.0,1.0,1.0,0.0,0.0,1.0,0.0,0.0,0.0,0.0,0.0,0.0,0.0,super built up,high,new,emaar gurgaon greens,gurgaon,1.885
195.93,3.0,3.0,3.0,1.0,sector 81,9.0,1.0,0.0,0.0,0.0,0.0,0.0,0.0,1.0,1.0,0.0,1.0,0.0,0.0,0.0,0.0,0.0,0.0,0.0,0.0,carpet,high,new,dlf the ultima,gurgaon,3.51
186.74,4.0,4.0,2.0,0.0,sector 69,10.0,1.0,0.0,0.0,1.0,0.0,1.0,0.0,1.0,1.0,0.0,0.0,0.0,0.0,1.0,0.0,0.0,0.0,0.0,0.0,super built up,high,new,tulip violet,gurgaon,2.47
117.06,2.0,2.0,2.0,0.0,sector 63,12.0,1.0,0.0,0.0,0.0,0.0,0.0,0.0,1.0,1.0,1.0,1.0,1.0,0.0,1.0,0.0,1.0,0.0,0.0,0.0,carpet,low,mid aged,birla navya,gurgaon,2.7300000000000004
445.93,6.0,7.0,3.0,1.0,sector 70,10.0,1.0,0.0,0.0,1.0,0.0,1.0,0.0,1.0,1.0,0.0,0.0,0.0,0.0,1.0,0.0,0.0,0.0,0.0,0.0,carpet,high,new,tulip ivory,gurgaon,6.5
125.6,2.0,2.0,3.0,1.0,sector 90,10.0,1.0,0.0,0.0,1.0,0.0,1.0,0.0,1.0,1.0,0.0,0.0,1.0,0.0,1.0,0.0,0.0,0.0,0.0,0.0,super built up,high,new,shree vardhman flora,gurgaon,0.91
104.98,2.0,2.0,2.0,0.0,sector 2,11.0,0.0,0.0,0.0,1.0,1.0,0.0,0.0,1.0,0.0,0.0,1.0,0.0,0.0,0.0,0.0,0.0,0.0,0.0,0.0,built up,mid,under construction,suncity vatsal valley,gurgaon,1.7939999999999998
160.72,3.0,3.0,3.0,0.0,sector 33,6.0,1.0,0.0,0.0,0.0,0.0,0.0,0.0,1.0,1.0,0.0,0.0,0.0,0.0,0.0,0.0,0.0,0.0,0.0,0.0,super built up,mid,new,ashiana mulberry,sohna,1.3910000000000002
223.99,3.0,3.0,3.0,1.0,sector 67,11.0,1.0,0.0,0.0,1.0,0.0,1.0,0.0,1.0,1.0,0.0,0.0,0.0,0.0,1.0,0.0,0.0,0.0,0.0,0.0,super built up,high,new,ireo victory valley,gurgaon,3.835
161.19,3.0,3.0,3.0,1.0,sector 37,13.0,0.0,0.0,0.0,1.0,0.0,1.0,0.0,1.0,1.0,1.0,0.0,1.0,0.0,1.0,0.0,0.0,0.0,0.0,0.0,super built up,low,new,corona optus,gurgaon,1.625
225.75,3.0,3.0,3.0,1.0,sector 48,45.0,1.0,0.0,0.0,0.0,1.0,1.0,1.0,0.0,0.0,0.0,0.0,0.0,1.0,0.0,1.0,0.0,1.0,0.0,0.0,super built up,mid,old,parsvnath green ville,gurgaon,2.418
55.74,2.0,2.0,2.0,0.0,sector 37,50.0,1.0,0.0,0.0,0.0,0.0,0.0,1.0,1.0,0.0,0.0,0.0,0.0,1.0,0.0,1.0,0.0,0.0,0.0,0.0,carpet,mid,new,millenia,gurgaon,0.52
168.62,3.0,4.0,3.0,1.0,sector 79,9.0,0.0,0.0,0.0,1.0,0.0,0.0,0.0,1.0,1.0,0.0,1.0,1.0,0.0,0.0,0.0,0.0,0.0,0.0,0.0,super built up,high,new,mapsko mount ville,gurgaon,2.405
155.24,2.0,2.0,3.0,0.0,sector 85,14.0,1.0,0.0,0.0,0.0,0.0,1.0,1.0,0.0,0.0,0.0,0.0,0.0,0.0,0.0,1.0,0.0,0.0,0.0,0.0,super built up,high,new,ss,gurgaon,1.56
195.1,3.0,4.0,3.0,1.0,sector 81,9.0,1.0,0.0,0.0,0.0,0.0,0.0,0.0,1.0,1.0,0.0,1.0,0.0,0.0,0.0,0.0,0.0,0.0,0.0,0.0,super built up,high,new,dlf the ultima,gurgaon,2.9770000000000003
181.16,3.0,4.0,3.0,1.0,sector 66,14.0,1.0,0.0,0.0,0.0,0.0,1.0,0.0,1.0,1.0,0.0,1.0,0.0,0.0,0.0,0.0,0.0,1.0,0.0,0.0,super built up,high,new,emaar mgf the palm drive,gurgaon,3.64
76.74,1.0,1.0,1.0,0.0,sector 67,23.0,1.0,0.0,0.0,0.0,0.0,1.0,1.0,0.0,0.0,0.0,0.0,0.0,0.0,0.0,1.0,0.0,1.0,0.0,0.0,built up,high,new,m3m urbana,gurgaon,1.235
185.81,3.0,3.0,3.0,1.0,sector 77,5.0,0.0,0.0,0.0,0.0,0.0,0.0,0.0,1.0,0.0,0.0,0.0,0.0,0.0,0.0,0.0,0.0,0.0,0.0,0.0,super built up,high,new,emaar palm heights,gurgaon,2.9250000000000003
125.51,2.0,2.0,3.0,0.0,sector 79,11.0,1.0,0.0,0.0,1.0,0.0,1.0,0.0,1.0,1.0,0.0,0.0,1.0,0.0,0.0,0.0,0.0,0.0,1.0,0.0,super built up,high,new,godrej aria,gurgaon,1.248
92.9,3.0,2.0,1.0,0.0,sector 105,30.0,1.0,0.0,0.0,0.0,0.0,0.0,1.0,0.0,0.0,0.0,0.0,0.0,0.0,0.0,1.0,0.0,0.0,0.0,0.0,carpet,low,new,uphar lakshya homes,gurgaon,0.546
111.48,2.0,2.0,2.0,0.0,sector 82,6.0,1.0,0.0,0.0,0.0,0.0,0.0,0.0,0.0,0.0,0.0,0.0,0.0,1.0,0.0,0.0,0.0,0.0,0.0,0.0,super built up,low,new,takshila heights sector 37 c,gurgaon,0.8710000000000001
146.6,3.0,3.0,2.0,1.0,sector 69,10.0,1.0,0.0,0.0,1.0,0.0,1.0,0.0,1.0,1.0,0.0,0.0,0.0,0.0,1.0,0.0,0.0,0.0,0.0,0.0,super built up,high,new,tulip violet,gurgaon,1.898
155.24,2.0,3.0,3.0,1.0,sector 85,13.0,1.0,0.0,0.0,1.0,0.0,1.0,0.0,1.0,1.0,0.0,0.0,1.0,0.0,1.0,0.0,0.0,0.0,1.0,0.0,super built up,high,new,ss the leaf,gurgaon,1.534
137.4,2.0,2.0,2.0,0.0,sector 36,14.0,1.0,0.0,0.0,1.0,0.0,1.0,0.0,1.0,1.0,0.0,1.0,1.0,0.0,1.0,0.0,1.0,0.0,0.0,0.0,built up,high,under construction,krisumi waterfall residences,gurgaon,2.99
174.66,3.0,2.0,3.0,0.0,sector 109,11.0,1.0,0.0,0.0,0.0,0.0,0.0,0.0,0.0,0.0,1.0,0.0,0.0,0.0,0.0,0.0,0.0,0.0,0.0,0.0,super built up,high,new,sbtl caladium,gurgaon,1.755
146.6,3.0,3.0,2.0,1.0,sector 69,10.0,1.0,0.0,0.0,1.0,0.0,1.0,0.0,1.0,1.0,0.0,0.0,0.0,0.0,1.0,0.0,0.0,0.0,0.0,0.0,super built up,mid,new,tulip violet,gurgaon,1.976
204.39,3.0,3.0,3.0,1.0,sector 56,43.0,1.0,0.0,0.0,0.0,1.0,1.0,1.0,1.0,0.0,0.0,1.0,0.0,1.0,0.0,1.0,1.0,0.0,0.0,1.0,built up,mid,old,sukhshanti apartment,gurgaon,2.21
162.58,3.0,3.0,3.0,0.0,sector 89,6.0,1.0,0.0,0.0,1.0,0.0,0.0,0.0,1.0,1.0,0.0,0.0,1.0,0.0,0.0,0.0,0.0,0.0,0.0,0.0,super built up,mid,new,ats marigold,gurgaon,2.08
167.69,3.0,3.0,3.0,0.0,sector 49,13.0,1.0,0.0,0.0,1.0,0.0,0.0,1.0,1.0,0.0,0.0,0.0,0.0,0.0,1.0,1.0,0.0,0.0,0.0,0.0,super built up,low,old,orchid petals,gurgaon,2.535
65.03,2.0,2.0,1.0,1.0,sector 95,3.0,1.0,0.0,0.0,0.0,0.0,0.0,0.0,0.0,0.0,0.0,0.0,0.0,0.0,0.0,0.0,0.0,0.0,0.0,0.0,super built up,high,new,ramsons kshitij,gurgaon,0.416
261.24,4.0,4.0,3.0,1.0,sector 85,8.0,0.0,0.0,0.0,0.0,0.0,0.0,0.0,0.0,0.0,0.0,0.0,0.0,1.0,0.0,0.0,0.0,0.0,0.0,1.0,super built up,high,new,ss,gurgaon,2.717
117.99,2.0,2.0,1.0,0.0,sector 84,10.0,1.0,0.0,0.0,1.0,1.0,1.0,1.0,1.0,0.0,0.0,0.0,0.0,0.0,0.0,0.0,0.0,0.0,0.0,0.0,super built up,mid,new,alpha corp gurgaonone 84,gurgaon,1.56
223.71,3.0,5.0,3.0,0.0,sector 85,13.0,1.0,0.0,0.0,1.0,0.0,1.0,0.0,1.0,1.0,0.0,0.0,1.0,0.0,1.0,0.0,0.0,0.0,1.0,0.0,super built up,low,new,ss the leaf,gurgaon,2.795
52.88441,2.0,2.0,2.0,0.0,sector 95,12.0,0.0,0.0,0.0,1.0,0.0,0.0,0.0,1.0,1.0,0.0,0.0,1.0,1.0,1.0,0.0,0.0,0.0,0.0,0.0,carpet,low,new,signature the roselia,gurgaon,0.5850000000000001
218.32,3.0,4.0,3.0,1.0,sector 70,11.0,1.0,0.0,0.0,1.0,0.0,1.0,0.0,1.0,1.0,0.0,0.0,0.0,0.0,0.0,0.0,0.0,0.0,0.0,0.0,super built up,high,new,aipl the peaceful homes,gurgaon,3.276
643.45,4.0,4.0,3.0,1.0,sector 81,9.0,0.0,0.0,0.0,1.0,0.0,0.0,0.0,1.0,0.0,0.0,0.0,1.0,0.0,0.0,0.0,0.0,0.0,0.0,0.0,super built up,high,new,bestech park view grand spa,gurgaon,6.11
127.28,3.0,2.0,3.0,0.0,sector 92,14.0,1.0,0.0,0.0,0.0,0.0,0.0,1.0,1.0,0.0,0.0,0.0,1.0,0.0,0.0,1.0,0.0,0.0,0.0,0.0,super built up,high,new,raheja sampada,gurgaon,1.1700000000000002
213.49,4.0,4.0,3.0,1.0,sector 113,8.0,1.0,0.0,0.0,1.0,0.0,0.0,0.0,1.0,1.0,1.0,1.0,1.0,0.0,0.0,0.0,0.0,0.0,0.0,0.0,carpet,low,new,m3m capital,gurgaon,3.731
217.21,3.0,3.0,3.0,1.0,sector 108,9.0,1.0,0.0,0.0,1.0,0.0,1.0,0.0,1.0,1.0,0.0,0.0,1.0,0.0,0.0,0.0,0.0,0.0,0.0,0.0,super built up,high,new,experion the heartsong,gurgaon,2.6
132.2,3.0,3.0,2.0,0.0,sector 89,14.0,1.0,0.0,0.0,1.0,0.0,1.0,0.0,1.0,0.0,1.0,1.0,1.0,0.0,1.0,0.0,0.0,0.0,0.0,0.0,built up,low,under construction,smart world gems,gurgaon,1.56
162.58,3.0,3.0,3.0,1.0,sector 109,11.0,1.0,0.0,0.0,1.0,0.0,0.0,0.0,1.0,1.0,0.0,1.0,1.0,0.0,0.0,0.0,0.0,0.0,1.0,0.0,super built up,high,new,ats tourmaline,gurgaon,1.82
151.43,3.0,3.0,2.0,0.0,sector 61,9.0,1.0,0.0,0.0,1.0,0.0,0.0,0.0,1.0,1.0,1.0,1.0,0.0,0.0,0.0,0.0,0.0,0.0,0.0,0.0,super built up,low,new,smart world orchard,gurgaon,3.3800000000000003
44.22,2.0,1.0,0.0,0.0,sector 33,6.0,0.0,0.0,0.0,0.0,0.0,0.0,0.0,0.0,1.0,0.0,0.0,1.0,0.0,0.0,0.0,1.0,0.0,0.0,0.0,built up,low,under construction,gls arawali homes,sohna,0.416
125.42,2.0,2.0,3.0,1.0,sector 90,10.0,1.0,0.0,0.0,1.0,0.0,1.0,0.0,1.0,1.0,0.0,0.0,1.0,0.0,1.0,0.0,0.0,0.0,0.0,0.0,super built up,low,new,shree vardhman flora,gurgaon,0.8450000000000001
169.73,3.0,3.0,3.0,0.0,sector 102,13.0,1.0,0.0,0.0,1.0,1.0,0.0,0.0,1.0,1.0,0.0,0.0,1.0,0.0,1.0,0.0,0.0,1.0,0.0,0.0,super built up,high,mid aged,shapoorji pallonji joyville gurugram,gurgaon,3.25
144.0,2.0,2.0,3.0,1.0,sector 99,15.0,1.0,0.0,0.0,1.0,1.0,1.0,1.0,1.0,1.0,0.0,0.0,0.0,0.0,1.0,0.0,0.0,0.0,0.0,0.0,super built up,high,new,pareena coban residences,gurgaon,1.4300000000000002
200.58,3.0,4.0,3.0,0.0,sector 49,15.0,1.0,0.0,0.0,1.0,0.0,1.0,0.0,1.0,1.0,0.0,1.0,1.0,0.0,1.0,0.0,0.0,1.0,0.0,0.0,super built up,mid,old,bestech park view city 2,gurgaon,3.51
111.48,2.0,2.0,2.0,1.0,sector 66,14.0,1.0,0.0,0.0,0.0,0.0,1.0,0.0,1.0,1.0,0.0,1.0,0.0,0.0,0.0,0.0,0.0,1.0,0.0,0.0,super built up,mid,new,emaar mgf the palm drive,gurgaon,1.963
111.48,2.0,2.0,2.0,1.0,sector 2,8.0,1.0,0.0,0.0,1.0,0.0,0.0,0.0,1.0,1.0,0.0,0.0,0.0,0.0,0.0,0.0,0.0,0.0,0.0,0.0,super built up,high,mid aged,supertech hill town,sohna,0.975
299.61,4.0,4.0,0.0,0.0,sector 99,10.0,1.0,0.0,0.0,1.0,0.0,1.0,0.0,1.0,1.0,0.0,0.0,1.0,0.0,1.0,0.0,0.0,0.0,0.0,0.0,built up,mid,mid aged,vatika sovereign park,gurgaon,4.16
58.06,2.0,2.0,1.0,0.0,sector 88,6.0,1.0,0.0,0.0,1.0,0.0,0.0,0.0,1.0,1.0,0.0,0.0,0.0,0.0,0.0,0.0,0.0,0.0,0.0,0.0,carpet,low,new,adani aangan arcade,gurgaon,0.5850000000000001
141.77,3.0,2.0,3.0,0.0,sector 1,7.0,0.0,0.0,0.0,0.0,0.0,0.0,0.0,0.0,0.0,1.0,0.0,0.0,1.0,0.0,0.0,0.0,0.0,0.0,1.0,carpet,mid,old,sbr minda sec-1 imt manesar,manesar,0.8320000000000001
103.12,2.0,2.0,3.0,1.0,sector 89,14.0,1.0,0.0,0.0,1.0,0.0,1.0,0.0,1.0,0.0,1.0,1.0,1.0,0.0,1.0,0.0,0.0,0.0,0.0,0.0,carpet,low,new,smart world gems,gurgaon,1.3
265.7,3.0,3.0,1.0,0.0,sector 83,10.0,1.0,0.0,0.0,1.0,0.0,1.0,0.0,1.0,1.0,0.0,0.0,0.0,0.0,0.0,0.0,0.0,0.0,0.0,0.0,super built up,mid,new,vatika lifestyle homes,gurgaon,1.6900000000000002
100.43,2.0,2.0,2.0,0.0,sector 63,13.0,1.0,0.0,0.0,0.0,0.0,1.0,0.0,1.0,1.0,0.0,1.0,0.0,0.0,1.0,0.0,1.0,1.0,0.0,0.0,super built up,low,mid aged,signature global city 63a,gurgaon,2.145
330.46,5.0,4.0,3.0,1.0,sector 49,13.0,1.0,0.0,0.0,1.0,0.0,0.0,1.0,1.0,0.0,0.0,0.0,0.0,0.0,1.0,1.0,0.0,0.0,0.0,0.0,super built up,high,new,orchid petals,gurgaon,5.408
120.31,2.0,2.0,3.0,0.0,sector 79,3.0,0.0,0.0,0.0,0.0,0.0,0.0,0.0,0.0,0.0,0.0,0.0,0.0,1.0,0.0,0.0,0.0,0.0,0.0,1.0,super built up,high,new,supertech araville,gurgaon,1.014
127.09,2.0,2.0,3.0,1.0,sector 102,13.0,1.0,0.0,0.0,1.0,1.0,0.0,0.0,1.0,1.0,0.0,0.0,1.0,0.0,1.0,0.0,0.0,1.0,0.0,0.0,super built up,high,new,shapoorji pallonji joyville gurugram,gurgaon,1.833
183.58,3.0,3.0,3.0,1.0,sector 70,14.0,1.0,0.0,0.0,0.0,0.0,1.0,1.0,0.0,0.0,0.0,0.0,0.0,0.0,0.0,1.0,0.0,0.0,0.0,0.0,super built up,high,new,capital residences 360,gurgaon,2.015
60.39,1.0,1.0,0.0,0.0,sector 82,10.0,0.0,0.0,0.0,0.0,0.0,0.0,0.0,0.0,0.0,0.0,0.0,0.0,1.0,0.0,0.0,0.0,0.0,0.0,1.0,built up,mid,under construction,spectrum centre,gurgaon,0.806
160.26,3.0,3.0,3.0,1.0,sector 84,3.0,0.0,0.0,0.0,0.0,1.0,1.0,0.0,1.0,0.0,0.0,0.0,0.0,0.0,0.0,0.0,0.0,0.0,0.0,0.0,super built up,high,new,antriksh heights,gurgaon,1.105
83.61,2.0,2.0,2.0,0.0,sector 99,8.0,0.0,0.0,0.0,1.0,0.0,0.0,0.0,1.0,1.0,0.0,1.0,1.0,0.0,0.0,0.0,0.0,0.0,0.0,0.0,super built up,high,new,pivotal riddhi siddhi,gurgaon,0.52
219.16,4.0,5.0,3.0,1.0,sector 1,10.0,1.0,0.0,0.0,0.0,0.0,0.0,0.0,0.0,0.0,0.0,0.0,0.0,1.0,0.0,0.0,0.0,0.0,0.0,1.0,super built up,high,new,dlf express greens,manesar,1.95
120.77,3.0,2.0,2.0,0.0,sector 33,15.0,1.0,0.0,0.0,0.0,0.0,1.0,0.0,1.0,1.0,0.0,0.0,0.0,0.0,1.0,0.0,1.0,0.0,0.0,0.0,carpet,low,new,central park flower valley,sohna,1.755
440.27,4.0,5.0,3.0,1.0,sector 112,8.0,1.0,0.0,0.0,0.0,0.0,1.0,0.0,1.0,1.0,1.0,0.0,1.0,0.0,0.0,0.0,0.0,0.0,0.0,0.0,super built up,mid,new,experion windchants,gurgaon,7.1370000000000005
161.19,3.0,3.0,2.0,0.0,sector 83,10.0,0.0,0.0,0.0,1.0,0.0,0.0,0.0,1.0,1.0,0.0,1.0,1.0,0.0,0.0,0.0,0.0,0.0,0.0,0.0,super built up,high,new,vatika gurgaon 21,gurgaon,1.534
171.31,3.0,4.0,3.0,1.0,sector 104,15.0,1.0,0.0,0.0,1.0,0.0,0.0,0.0,1.0,1.0,1.0,1.0,1.0,0.0,1.0,0.0,0.0,0.0,1.0,0.0,super built up,high,new,godrej summit,gurgaon,1.625
88.26,2.0,2.0,2.0,0.0,sector 3,48.0,1.0,0.0,0.0,0.0,0.0,0.0,1.0,1.0,0.0,1.0,0.0,0.0,0.0,0.0,1.0,0.0,0.0,0.0,1.0,super built up,low,old,apna enclave,gurgaon,0.754
145.67,3.0,3.0,1.0,1.0,sector 69,10.0,1.0,0.0,0.0,1.0,0.0,1.0,0.0,1.0,1.0,0.0,0.0,0.0,0.0,1.0,0.0,0.0,0.0,0.0,0.0,super built up,high,new,tulip violet,gurgaon,1.82
30.1,1.0,1.0,2.0,0.0,sector 33,5.0,0.0,0.0,0.0,0.0,0.0,0.0,0.0,0.0,0.0,0.0,0.0,0.0,0.0,0.0,0.0,0.0,0.0,0.0,1.0,carpet,low,new,hcbs sports ville,sohna,0.312
266.07,4.0,5.0,3.0,1.0,sector 58,13.0,1.0,0.0,0.0,1.0,0.0,1.0,0.0,1.0,1.0,0.0,1.0,0.0,0.0,0.0,0.0,0.0,0.0,0.0,0.0,carpet,high,new,ireo the grand arch,gurgaon,6.305
138.61,2.0,2.0,2.0,0.0,sector 33,7.0,1.0,0.0,0.0,0.0,0.0,0.0,0.0,1.0,0.0,0.0,0.0,1.0,0.0,0.0,0.0,0.0,0.0,0.0,0.0,built up,high,under construction,eldeco accolade,sohna,1.56
185.81,3.0,3.0,3.0,1.0,sector 56,46.0,1.0,0.0,0.0,0.0,1.0,1.0,1.0,0.0,0.0,0.0,1.0,0.0,1.0,0.0,1.0,1.0,0.0,0.0,1.0,super built up,mid,old,professors enclave cghs,gurgaon,2.015
183.02,4.0,4.0,1.0,0.0,sector 69,10.0,1.0,0.0,0.0,1.0,0.0,1.0,0.0,1.0,1.0,0.0,0.0,0.0,0.0,1.0,0.0,0.0,0.0,0.0,0.0,super built up,high,new,tulip violet,gurgaon,2.21
158.31,4.0,4.0,3.0,0.0,sector 92,8.0,1.0,0.0,0.0,0.0,0.0,0.0,0.0,0.0,0.0,0.0,0.0,0.0,1.0,0.0,0.0,0.0,0.0,0.0,0.0,carpet,low,old,sare homes,gurgaon,1.04
178.19,3.0,3.0,3.0,1.0,sector 84,10.0,1.0,0.0,0.0,1.0,0.0,1.0,0.0,1.0,1.0,0.0,0.0,1.0,0.0,0.0,0.0,0.0,0.0,0.0,0.0,super built up,high,new,spaze privy at4,gurgaon,1.612
151.43,3.0,3.0,2.0,1.0,sector 61,9.0,1.0,0.0,0.0,1.0,0.0,0.0,0.0,1.0,1.0,1.0,1.0,0.0,0.0,0.0,0.0,0.0,0.0,0.0,0.0,carpet,low,under construction,smart world orchard,gurgaon,3.341
261.24,4.0,5.0,3.0,1.0,sector 85,13.0,1.0,0.0,0.0,1.0,0.0,1.0,0.0,1.0,1.0,0.0,0.0,1.0,0.0,1.0,0.0,0.0,0.0,1.0,0.0,super built up,mid,new,ss the leaf,gurgaon,2.795
137.96,3.0,3.0,1.0,0.0,sector 85,8.0,1.0,0.0,0.0,1.0,0.0,1.0,0.0,1.0,0.0,0.0,0.0,0.0,0.0,0.0,0.0,0.0,0.0,0.0,0.0,super built up,low,new,orris carnation residency,gurgaon,1.144
249.91,3.0,3.0,3.0,1.0,sector 113,8.0,1.0,0.0,0.0,1.0,0.0,0.0,0.0,1.0,0.0,0.0,0.0,1.0,0.0,0.0,0.0,0.0,0.0,0.0,0.0,super built up,low,new,la vida by tata housing,gurgaon,3.614
145.86,3.0,2.0,3.0,0.0,sector 79,3.0,0.0,0.0,0.0,0.0,0.0,0.0,0.0,0.0,0.0,0.0,0.0,0.0,1.0,0.0,0.0,0.0,0.0,0.0,1.0,built up,high,under construction,m3m golf hills phase 1,gurgaon,2.21
134.71,3.0,3.0,1.0,0.0,sector 48,15.0,1.0,0.0,0.0,1.0,0.0,1.0,1.0,1.0,0.0,1.0,0.0,0.0,1.0,1.0,0.0,0.0,0.0,0.0,0.0,carpet,low,new,vipul world,gurgaon,1.7939999999999998
83.61204013377927,2.0,2.0,2.0,0.0,sector 33,8.0,1.0,0.0,0.0,1.0,0.0,0.0,0.0,1.0,1.0,0.0,0.0,0.0,0.0,0.0,0.0,0.0,0.0,0.0,0.0,carpet,mid,under construction,godrej nature plus,sohna,1.703
253.35,4.0,4.0,3.0,1.0,sector 90,6.0,1.0,0.0,0.0,0.0,0.0,0.0,0.0,1.0,1.0,0.0,0.0,0.0,0.0,1.0,0.0,0.0,0.0,0.0,0.0,super built up,high,new,dlf new town heights 1,gurgaon,2.444
185.43,3.0,3.0,3.0,1.0,sector 33,8.0,1.0,0.0,0.0,1.0,0.0,0.0,0.0,1.0,1.0,0.0,0.0,0.0,0.0,0.0,0.0,0.0,0.0,0.0,0.0,carpet,low,new,godrej nature plus,sohna,2.145
274.06,4.0,5.0,3.0,1.0,sector 111,10.0,1.0,0.0,0.0,1.0,0.0,0.0,0.0,1.0,1.0,0.0,1.0,1.0,0.0,0.0,0.0,0.0,0.0,0.0,0.0,super built up,high,new,puri diplomatic greens,gurgaon,4.485
195.1,3.0,3.0,3.0,1.0,sector 54,43.0,1.0,0.0,0.0,0.0,1.0,0.0,1.0,0.0,0.0,0.0,1.0,0.0,1.0,0.0,1.0,1.0,0.0,0.0,1.0,super built up,low,old,shree arihant apartment,gurgaon,2.015
168.9,3.0,3.0,3.0,1.0,sector 82,7.0,1.0,0.0,0.0,0.0,0.0,0.0,0.0,0.0,1.0,0.0,0.0,0.0,0.0,0.0,0.0,0.0,0.0,0.0,0.0,super built up,high,old,dlf the primus,gurgaon,2.405
218.79,4.0,6.0,3.0,1.0,sector 106,20.0,1.0,0.0,0.0,0.0,0.0,0.0,1.0,0.0,0.0,0.0,0.0,0.0,0.0,0.0,1.0,0.0,0.0,0.0,0.0,super built up,mid,new,paras dews,gurgaon,2.7300000000000004
83.61,2.0,2.0,3.0,1.0,sector 95,8.0,1.0,0.0,0.0,0.0,0.0,0.0,0.0,0.0,0.0,1.0,0.0,0.0,1.0,0.0,0.0,0.0,0.0,0.0,0.0,super built up,high,new,awho shanti vihar,gurgaon,1.04
181.16,3.0,3.0,3.0,1.0,sector 70,15.0,1.0,0.0,0.0,1.0,0.0,1.0,1.0,0.0,0.0,0.0,0.0,0.0,1.0,0.0,0.0,0.0,0.0,0.0,0.0,super built up,high,new,shree vardhman victoria,gurgaon,2.1060000000000003
37.63,1.0,1.0,1.0,0.0,sector 111,15.0,1.0,1.0,0.0,0.0,1.0,1.0,1.0,1.0,0.0,0.0,1.0,0.0,0.0,0.0,0.0,0.0,0.0,0.0,0.0,carpet,high,new,lotus homz,gurgaon,0.4679999999999999
117.15,3.0,2.0,2.0,0.0,sector 92,49.0,1.0,0.0,0.0,0.0,1.0,1.0,1.0,1.0,0.0,0.0,1.0,0.0,0.0,0.0,0.0,1.0,0.0,0.0,1.0,built up,high,under construction,sare green parc,gurgaon,1.105
236.44,3.0,3.0,3.0,1.0,sector 109,12.0,1.0,0.0,0.0,0.0,0.0,0.0,0.0,0.0,0.0,1.0,0.0,0.0,0.0,0.0,0.0,0.0,0.0,0.0,0.0,super built up,high,new,sbtl caladium,gurgaon,2.08
293.2,4.0,6.0,3.0,1.0,sector 69,10.0,1.0,0.0,0.0,1.0,0.0,1.0,0.0,1.0,1.0,0.0,0.0,0.0,0.0,1.0,0.0,0.0,0.0,0.0,0.0,super built up,high,new,tulip violet,gurgaon,4.03
175.03,3.0,3.0,2.0,0.0,sector 33,11.0,1.0,0.0,0.0,1.0,0.0,0.0,0.0,1.0,1.0,1.0,0.0,0.0,0.0,1.0,0.0,0.0,0.0,1.0,0.0,carpet,low,under construction,central park flower valley,sohna,3.25
219.34,3.0,4.0,3.0,1.0,sector 107,6.0,0.0,0.0,0.0,0.0,0.0,0.0,0.0,1.0,1.0,0.0,0.0,0.0,0.0,0.0,0.0,0.0,0.0,0.0,0.0,super built up,mid,new,m3m woodshire,gurgaon,1.807
112.41,2.0,2.0,3.0,1.0,sector 33,8.0,1.0,0.0,0.0,0.0,0.0,0.0,0.0,1.0,1.0,1.0,1.0,0.0,0.0,0.0,0.0,0.0,0.0,0.0,0.0,super built up,low,new,signature global park,sohna,0.936
194.35,3.0,4.0,3.0,1.0,sector 81,9.0,1.0,0.0,0.0,0.0,0.0,0.0,0.0,1.0,1.0,0.0,1.0,0.0,0.0,0.0,0.0,0.0,0.0,0.0,0.0,super built up,high,new,dlf the ultima,gurgaon,3.055
153.29,3.0,3.0,3.0,1.0,sector 102,10.0,1.0,0.0,0.0,1.0,0.0,1.0,0.0,1.0,1.0,0.0,0.0,1.0,0.0,0.0,0.0,0.0,0.0,0.0,0.0,super built up,mid,new,emaar gurgaon greens,gurgaon,1.82
237.55,3.0,4.0,3.0,0.0,sector 48,42.0,1.0,0.0,0.0,0.0,0.0,1.0,1.0,0.0,0.0,0.0,0.0,0.0,0.0,0.0,0.0,1.0,0.0,0.0,0.0,super built up,low,old,central park 2 bellevue,gurgaon,3.575
213.21,3.0,3.0,1.0,0.0,sector 59,15.0,1.0,0.0,0.0,1.0,0.0,1.0,0.0,1.0,1.0,1.0,1.0,0.0,0.0,0.0,0.0,0.0,0.0,0.0,0.0,carpet,low,mid aged,conscient elevate,gurgaon,5.226
205.78,3.0,4.0,3.0,1.0,sector 111,10.0,1.0,0.0,0.0,1.0,0.0,0.0,0.0,1.0,1.0,0.0,1.0,1.0,0.0,0.0,0.0,0.0,0.0,0.0,0.0,super built up,high,new,puri diplomatic greens,gurgaon,3.445
260.13,4.0,4.0,3.0,1.0,sector 1,50.0,1.0,0.0,0.0,0.0,0.0,0.0,1.0,1.0,0.0,0.0,0.0,0.0,1.0,0.0,1.0,0.0,0.0,0.0,0.0,carpet,high,new,sonata group housing society sector 1 manesar,gurgaon,2.275
194.07,3.0,3.0,3.0,1.0,sector 1,10.0,1.0,0.0,0.0,0.0,0.0,0.0,0.0,0.0,0.0,0.0,0.0,0.0,1.0,0.0,0.0,0.0,0.0,0.0,1.0,carpet,mid,old,denso haryana housing society,manesar,1.1700000000000002
144.0,2.0,2.0,2.0,1.0,sector 104,13.0,1.0,0.0,0.0,1.0,0.0,1.0,0.0,1.0,1.0,1.0,1.0,1.0,0.0,1.0,0.0,0.0,0.0,0.0,0.0,super built up,mid,under construction,puri emerald bay,gurgaon,1.95
213.68,3.0,5.0,3.0,1.0,sector 82,10.0,0.0,0.0,0.0,1.0,0.0,0.0,0.0,1.0,0.0,0.0,0.0,0.0,0.0,0.0,0.0,0.0,0.0,0.0,0.0,super built up,high,new,mapsko royale ville,gurgaon,1.586
55.18,2.0,2.0,2.0,0.0,sector 110,16.0,1.0,0.0,0.0,0.0,0.0,0.0,0.0,1.0,0.0,0.0,1.0,0.0,0.0,0.0,1.0,0.0,0.0,0.0,0.0,carpet,low,new,ompee k s residency,gurgaon,2.08
174.38,3.0,3.0,2.0,0.0,sector 37,11.0,1.0,0.0,0.0,1.0,0.0,1.0,0.0,1.0,1.0,0.0,0.0,1.0,0.0,1.0,0.0,0.0,0.0,0.0,0.0,super built up,high,new,bptp terra,gurgaon,2.145
258.18,4.0,5.0,3.0,1.0,sector 108,9.0,1.0,0.0,0.0,1.0,0.0,1.0,0.0,1.0,1.0,0.0,0.0,1.0,0.0,0.0,0.0,0.0,0.0,0.0,0.0,super built up,low,new,experion the heartsong,gurgaon,3.9
157.19,3.0,3.0,3.0,0.0,sector 102,13.0,1.0,0.0,0.0,1.0,1.0,0.0,0.0,1.0,1.0,0.0,0.0,1.0,0.0,1.0,0.0,0.0,1.0,0.0,0.0,super built up,low,new,shapoorji pallonji joyville gurugram,gurgaon,2.3400000000000003
199.74,3.0,4.0,3.0,1.0,sector 109,11.0,1.0,0.0,0.0,1.0,0.0,0.0,0.0,1.0,1.0,0.0,1.0,1.0,0.0,0.0,0.0,0.0,0.0,1.0,0.0,super built up,high,new,ats tourmaline,gurgaon,2.275
390.19,4.0,5.0,3.0,1.0,sector 81,9.0,0.0,0.0,0.0,1.0,0.0,0.0,0.0,1.0,0.0,0.0,0.0,1.0,0.0,0.0,0.0,0.0,0.0,0.0,0.0,super built up,high,new,bestech park view grand spa,gurgaon,5.2
125.6,2.0,3.0,2.0,1.0,sector 90,10.0,1.0,0.0,0.0,1.0,0.0,1.0,0.0,1.0,1.0,0.0,0.0,1.0,0.0,1.0,0.0,0.0,0.0,0.0,0.0,carpet,mid,new,shree vardhman flora,gurgaon,0.91
60.85,2.0,2.0,2.0,0.0,sector 33,14.0,1.0,0.0,0.0,0.0,0.0,1.0,1.0,1.0,0.0,1.0,0.0,0.0,0.0,1.0,0.0,0.0,1.0,0.0,0.0,super built up,mid,new,breez global hill view,sohna,0.39
187.48,3.0,3.0,3.0,1.0,sector 74,7.0,1.0,0.0,0.0,1.0,0.0,1.0,0.0,1.0,1.0,0.0,0.0,1.0,0.0,0.0,0.0,0.0,0.0,0.0,0.0,super built up,high,new,m3m skywalk,gurgaon,3.51
69.68,3.0,2.0,2.0,0.0,sector 107,10.0,0.0,0.0,0.0,1.0,0.0,0.0,0.0,1.0,0.0,0.0,0.0,1.0,0.0,0.0,0.0,0.0,0.0,0.0,0.0,built up,high,under construction,signature global solera,gurgaon,0.78
236.44,3.0,3.0,2.0,1.0,sector 109,11.0,1.0,0.0,0.0,0.0,0.0,0.0,0.0,0.0,0.0,1.0,0.0,0.0,0.0,0.0,0.0,0.0,0.0,0.0,0.0,super built up,high,new,sbtl caladium,gurgaon,2.119
253.35,4.0,4.0,3.0,1.0,sector 90,6.0,1.0,0.0,0.0,0.0,0.0,0.0,0.0,1.0,1.0,0.0,0.0,0.0,0.0,1.0,0.0,0.0,0.0,0.0,0.0,carpet,high,new,dlf new town heights 1,gurgaon,2.587
127.09,2.0,2.0,3.0,0.0,sector 102,13.0,1.0,0.0,0.0,1.0,1.0,0.0,0.0,1.0,1.0,0.0,0.0,1.0,0.0,1.0,0.0,0.0,1.0,0.0,0.0,super built up,high,new,shapoorji pallonji joyville gurugram,gurgaon,1.82
125.33,2.0,2.0,2.0,0.0,sector 102,13.0,1.0,0.0,0.0,1.0,1.0,0.0,0.0,1.0,1.0,0.0,0.0,1.0,0.0,1.0,0.0,0.0,1.0,0.0,0.0,super built up,high,new,shapoorji pallonji joyville gurugram,gurgaon,2.587
97.55,2.0,2.0,0.0,0.0,sector 51,46.0,1.0,0.0,0.0,0.0,0.0,1.0,1.0,0.0,0.0,0.0,0.0,0.0,0.0,0.0,1.0,0.0,0.0,0.0,0.0,carpet,mid,new,samaspurkunj,gurgaon,0.7150000000000001
153.29,3.0,3.0,3.0,1.0,sector 65,6.0,1.0,0.0,0.0,0.0,0.0,0.0,0.0,0.0,1.0,0.0,0.0,0.0,0.0,1.0,0.0,0.0,0.0,0.0,0.0,carpet,low,new,emaar mgf emerald floors premier,gurgaon,2.9120000000000004
184.23,3.0,3.0,2.0,0.0,sector 79,9.0,1.0,0.0,0.0,1.0,0.0,1.0,0.0,1.0,0.0,0.0,0.0,1.0,0.0,1.0,0.0,0.0,0.0,1.0,0.0,super built up,mid,new,godrej aria,gurgaon,2.197
106.84,2.0,2.0,3.0,1.0,sector 28,45.0,1.0,0.0,0.0,0.0,1.0,0.0,1.0,1.0,0.0,0.0,1.0,0.0,1.0,0.0,1.0,0.0,0.0,0.0,1.0,super built up,high,old,dlf regency park 1,gurgaon,1.612
51.02,2.0,2.0,1.0,1.0,sector 95,14.0,0.0,0.0,0.0,0.0,0.0,0.0,0.0,0.0,1.0,1.0,1.0,1.0,0.0,0.0,0.0,1.0,0.0,0.0,1.0,carpet,mid,new,rof ananda,gurgaon,0.403
58.11,2.0,2.0,1.0,0.0,sector 88,6.0,1.0,0.0,0.0,1.0,0.0,0.0,0.0,1.0,1.0,0.0,0.0,0.0,0.0,0.0,0.0,0.0,0.0,0.0,0.0,carpet,high,new,adani aangan arcade,gurgaon,0.5850000000000001
223.71,3.0,4.0,3.0,1.0,sector 85,13.0,1.0,0.0,0.0,1.0,0.0,1.0,0.0,1.0,1.0,0.0,0.0,1.0,0.0,1.0,0.0,0.0,0.0,1.0,0.0,super built up,mid,new,ss the leaf,gurgaon,2.314
154.68,3.0,3.0,3.0,1.0,sector 106,11.0,1.0,0.0,0.0,1.0,0.0,1.0,0.0,1.0,1.0,0.0,1.0,1.0,0.0,1.0,0.0,0.0,0.0,0.0,0.0,super built up,high,new,paras dews,gurgaon,1.56
143.91,3.0,3.0,1.0,0.0,sector 61,9.0,1.0,0.0,0.0,1.0,0.0,0.0,0.0,1.0,1.0,1.0,1.0,0.0,0.0,0.0,0.0,0.0,0.0,0.0,0.0,built up,low,under construction,smart world orchard,gurgaon,3.25
483.1,5.0,6.0,3.0,1.0,sector 51,47.0,1.0,0.0,0.0,0.0,0.0,1.0,1.0,1.0,0.0,0.0,0.0,0.0,1.0,0.0,1.0,0.0,1.0,0.0,1.0,built up,high,old,citizen apartment,gurgaon,4.615
217.67,3.0,5.0,2.0,1.0,sector 108,13.0,1.0,0.0,0.0,0.0,0.0,1.0,0.0,1.0,1.0,0.0,0.0,1.0,0.0,0.0,0.0,0.0,0.0,1.0,0.0,super built up,high,new,sobha city,gurgaon,5.135000000000001
161.74,2.0,3.0,3.0,1.0,sector 85,13.0,1.0,0.0,0.0,1.0,0.0,1.0,0.0,1.0,1.0,0.0,0.0,1.0,0.0,1.0,0.0,0.0,0.0,1.0,0.0,super built up,high,new,ss the leaf,gurgaon,1.521
219.34,3.0,4.0,3.0,1.0,sector 107,6.0,0.0,0.0,0.0,0.0,0.0,0.0,0.0,1.0,1.0,0.0,0.0,0.0,0.0,0.0,0.0,0.0,0.0,0.0,0.0,super built up,low,new,m3m woodshire,gurgaon,2.3400000000000003
152.36,2.0,2.0,3.0,1.0,sector 85,13.0,1.0,0.0,0.0,1.0,0.0,1.0,0.0,1.0,1.0,0.0,0.0,1.0,0.0,1.0,0.0,0.0,0.0,1.0,0.0,super built up,high,new,ss the leaf,gurgaon,1.3910000000000002
59.84,3.0,2.0,1.0,1.0,sector 95,14.0,0.0,0.0,0.0,0.0,0.0,0.0,0.0,0.0,1.0,1.0,1.0,1.0,0.0,0.0,0.0,1.0,0.0,0.0,1.0,carpet,mid,new,rof ananda,gurgaon,0.481
133.13,2.0,2.0,3.0,1.0,sector 65,11.0,1.0,0.0,0.0,1.0,0.0,1.0,0.0,1.0,1.0,0.0,1.0,1.0,0.0,1.0,0.0,0.0,0.0,0.0,0.0,carpet,high,under construction,m3m heights,gurgaon,2.9770000000000003
195.38,3.0,3.0,3.0,1.0,sector 81,9.0,1.0,0.0,0.0,0.0,0.0,0.0,0.0,1.0,1.0,0.0,1.0,0.0,0.0,0.0,0.0,0.0,0.0,0.0,0.0,super built up,high,new,dlf the ultima,gurgaon,2.756
260.13,4.0,5.0,3.0,1.0,sector 60,7.0,1.0,0.0,0.0,0.0,0.0,1.0,0.0,1.0,1.0,0.0,1.0,0.0,0.0,0.0,0.0,0.0,0.0,0.0,0.0,super built up,high,old,ireo skyon,gurgaon,4.94
110.09,2.0,2.0,2.0,1.0,sector 66,46.0,1.0,0.0,0.0,0.0,1.0,1.0,1.0,0.0,0.0,0.0,0.0,0.0,0.0,0.0,1.0,0.0,1.0,0.0,0.0,super built up,mid,new,emaar mgf palm studios,gurgaon,2.21
185.62,4.0,3.0,3.0,1.0,sector 37,11.0,1.0,0.0,0.0,1.0,0.0,1.0,0.0,1.0,1.0,0.0,0.0,1.0,0.0,1.0,0.0,0.0,0.0,0.0,0.0,super built up,high,new,bptp terra,gurgaon,2.327
45.43,2.0,2.0,2.0,0.0,sector 107,10.0,0.0,0.0,0.0,1.0,0.0,0.0,0.0,1.0,0.0,0.0,0.0,1.0,0.0,0.0,0.0,0.0,0.0,0.0,0.0,carpet,high,new,signature global solera,gurgaon,0.364
219.34,3.0,4.0,3.0,1.0,sector 107,6.0,0.0,0.0,0.0,0.0,0.0,0.0,0.0,1.0,1.0,0.0,0.0,0.0,0.0,0.0,0.0,0.0,0.0,0.0,0.0,super built up,mid,new,m3m woodshire,gurgaon,1.937
223.71,3.0,4.0,3.0,1.0,sector 85,13.0,1.0,0.0,0.0,1.0,0.0,1.0,0.0,1.0,1.0,0.0,0.0,1.0,0.0,1.0,0.0,0.0,0.0,1.0,0.0,super built up,high,new,ss the leaf,gurgaon,2.145
88.26,2.0,2.0,2.0,0.0,sector 33,10.0,1.0,0.0,0.0,1.0,0.0,1.0,0.0,1.0,1.0,0.0,0.0,0.0,0.0,1.0,0.0,0.0,1.0,0.0,0.0,super built up,mid,new,breez global heights,sohna,0.52
117.06,2.0,2.0,2.0,0.0,sector 77,10.0,1.0,0.0,0.0,1.0,0.0,1.0,0.0,1.0,1.0,0.0,0.0,1.0,0.0,0.0,0.0,0.0,0.0,0.0,0.0,super built up,low,new,umang winter hills,gurgaon,1.287
290.79,4.0,4.0,3.0,1.0,sector 67,11.0,1.0,0.0,0.0,1.0,0.0,1.0,0.0,1.0,1.0,0.0,0.0,0.0,0.0,1.0,0.0,0.0,0.0,0.0,0.0,super built up,high,new,ireo victory valley,gurgaon,5.915
435.72,4.0,6.0,3.0,1.0,sector 62,11.0,1.0,0.0,0.0,1.0,0.0,1.0,0.0,1.0,1.0,0.0,0.0,0.0,0.0,1.0,0.0,0.0,1.0,0.0,0.0,super built up,high,new,pioneer araya,gurgaon,11.882
54.91,2.0,2.0,1.0,0.0,sector 67,11.0,0.0,0.0,0.0,1.0,0.0,1.0,0.0,1.0,0.0,0.0,0.0,0.0,1.0,0.0,0.0,0.0,0.0,0.0,0.0,carpet,high,new,pyramid urban,gurgaon,0.91
297.29,3.0,4.0,3.0,1.0,sector 24,42.0,1.0,0.0,0.0,0.0,0.0,0.0,1.0,0.0,0.0,0.0,1.0,0.0,0.0,0.0,1.0,0.0,0.0,0.0,1.0,super built up,low,old,ambience lagoon,gurgaon,5.525
158.12,3.0,3.0,3.0,1.0,sector 90,14.0,0.0,0.0,0.0,0.0,1.0,0.0,0.0,0.0,0.0,0.0,0.0,0.0,0.0,0.0,0.0,0.0,0.0,0.0,0.0,super built up,high,new,dlf regal gardens,gurgaon,1.625
205.78,4.0,4.0,3.0,1.0,sector 90,14.0,0.0,0.0,0.0,0.0,1.0,0.0,0.0,0.0,0.0,0.0,0.0,0.0,0.0,0.0,0.0,0.0,0.0,0.0,0.0,super built up,low,new,dlf regal gardens,gurgaon,2.275
236.16,4.0,3.0,3.0,1.0,sector 95,5.0,1.0,0.0,0.0,0.0,0.0,0.0,0.0,0.0,0.0,0.0,0.0,0.0,1.0,0.0,0.0,0.0,0.0,0.0,0.0,carpet,high,new,siddhartha apartment,gurgaon,1.4300000000000002
212.75,3.0,4.0,3.0,1.0,sector 104,13.0,1.0,0.0,0.0,1.0,0.0,1.0,0.0,1.0,1.0,0.0,1.0,1.0,0.0,1.0,0.0,1.0,0.0,0.0,0.0,super built up,mid,new,ats triumph,gurgaon,2.6
219.62,4.0,4.0,3.0,1.0,sector 90,6.0,1.0,0.0,0.0,0.0,0.0,0.0,0.0,1.0,1.0,0.0,0.0,0.0,0.0,1.0,0.0,0.0,0.0,0.0,0.0,super built up,mid,new,dlf new town heights 1,gurgaon,1.963
153.29,3.0,3.0,3.0,1.0,sector 102,10.0,1.0,0.0,0.0,1.0,0.0,1.0,0.0,1.0,1.0,0.0,0.0,1.0,0.0,0.0,0.0,0.0,0.0,0.0,0.0,super built up,mid,new,emaar gurgaon greens,gurgaon,1.82
126.35,2.0,2.0,2.0,0.0,sector 86,4.0,1.0,0.0,0.0,1.0,0.0,0.0,0.0,1.0,0.0,0.0,0.0,1.0,0.0,0.0,0.0,0.0,0.0,0.0,0.0,built up,high,new,ansal heights 86,gurgaon,1.014
227.61,3.0,2.0,3.0,1.0,sector 56,47.0,1.0,0.0,0.0,0.0,1.0,0.0,1.0,0.0,0.0,0.0,1.0,0.0,1.0,0.0,1.0,1.0,0.0,0.0,1.0,super built up,mid,new,mariners home,gurgaon,2.743
158.12,3.0,3.0,3.0,1.0,sector 90,14.0,0.0,0.0,0.0,0.0,1.0,0.0,0.0,0.0,0.0,0.0,0.0,0.0,0.0,0.0,0.0,0.0,0.0,0.0,0.0,super built up,high,old,dlf regal gardens,gurgaon,1.625
176.52,3.0,3.0,3.0,1.0,sector 83,10.0,0.0,0.0,0.0,1.0,0.0,0.0,0.0,0.0,0.0,0.0,0.0,0.0,0.0,0.0,0.0,0.0,0.0,0.0,0.0,super built up,mid,new,emaar palm gardens,gurgaon,2.275
144.0,3.0,3.0,2.0,1.0,sector 9,41.0,1.0,0.0,0.0,0.0,0.0,0.0,1.0,1.0,0.0,1.0,0.0,0.0,0.0,0.0,1.0,0.0,0.0,0.0,1.0,super built up,mid,old,jammu and kashmir bank employees cghs,gurgaon,1.235
202.06,4.0,4.0,3.0,1.0,sector 88,6.0,1.0,0.0,0.0,1.0,0.0,0.0,0.0,1.0,1.0,0.0,0.0,1.0,0.0,0.0,0.0,0.0,0.0,0.0,0.0,super built up,high,new,the center court,gurgaon,2.7300000000000004
65.03,1.0,1.0,1.0,0.0,sector 33,5.0,0.0,0.0,0.0,0.0,0.0,0.0,0.0,0.0,0.0,0.0,0.0,0.0,0.0,0.0,0.0,0.0,0.0,0.0,1.0,carpet,low,new,hcbs sports ville,sohna,0.286
60.39,2.0,2.0,3.0,0.0,sector 37,15.0,1.0,0.0,0.0,0.0,0.0,0.0,0.0,1.0,0.0,1.0,0.0,1.0,0.0,0.0,0.0,1.0,0.0,0.0,0.0,super built up,high,new,signature global the millennia,gurgaon,0.8450000000000001
70.89,3.0,2.0,2.0,0.0,sector 104,9.0,1.0,0.0,0.0,1.0,0.0,1.0,0.0,1.0,1.0,0.0,0.0,0.0,0.0,1.0,0.0,0.0,0.0,0.0,0.0,carpet,mid,new,zara aavaas,gurgaon,0.8450000000000001
50.82,2.0,2.0,2.0,0.0,sector 107,10.0,0.0,0.0,0.0,1.0,0.0,0.0,0.0,1.0,0.0,0.0,0.0,1.0,0.0,0.0,0.0,0.0,0.0,0.0,0.0,carpet,high,new,signature global solera,gurgaon,0.4679999999999999
61.04,2.0,2.0,1.0,0.0,sector 81,10.0,1.0,0.0,0.0,1.0,0.0,0.0,0.0,1.0,0.0,0.0,0.0,1.0,0.0,1.0,0.0,0.0,0.0,0.0,0.0,super built up,mid,new,signature global synera,gurgaon,0.624
45.43,2.0,2.0,2.0,0.0,sector 107,10.0,0.0,0.0,0.0,1.0,0.0,0.0,0.0,1.0,0.0,0.0,0.0,1.0,0.0,0.0,0.0,0.0,0.0,0.0,0.0,carpet,mid,new,signature global solera,gurgaon,0.364
148.64,3.0,4.0,3.0,1.0,sector 92,8.0,1.0,0.0,0.0,0.0,0.0,0.0,0.0,0.0,0.0,0.0,0.0,0.0,1.0,0.0,0.0,0.0,0.0,0.0,0.0,carpet,low,old,apartment,gurgaon,0.975
203.55,4.0,3.0,3.0,1.0,sector 37,11.0,1.0,0.0,0.0,1.0,0.0,1.0,0.0,1.0,1.0,0.0,0.0,1.0,0.0,1.0,0.0,0.0,0.0,0.0,0.0,super built up,mid,new,bptp terra,gurgaon,2.08
221.57,3.0,4.0,2.0,1.0,sector 67,11.0,1.0,0.0,0.0,1.0,0.0,1.0,0.0,1.0,1.0,0.0,0.0,0.0,0.0,1.0,0.0,0.0,0.0,0.0,0.0,super built up,high,new,ireo victory valley,gurgaon,3.965
181.16,3.0,5.0,3.0,1.0,sector 70,15.0,1.0,0.0,0.0,1.0,0.0,1.0,1.0,0.0,0.0,0.0,0.0,0.0,1.0,0.0,0.0,0.0,0.0,0.0,0.0,super built up,mid,new,shree vardhman victoria,gurgaon,2.145
169.83,3.0,3.0,3.0,0.0,sector 65,9.0,1.0,0.0,0.0,0.0,0.0,1.0,0.0,1.0,1.0,0.0,1.0,0.0,0.0,1.0,0.0,0.0,0.0,0.0,0.0,super built up,high,mid aged,m3m skycity,gurgaon,3.9
59.46,3.0,3.0,1.0,0.0,sector 92,4.0,1.0,0.0,0.0,0.0,0.0,0.0,0.0,1.0,0.0,0.0,0.0,0.0,0.0,1.0,0.0,0.0,0.0,0.0,0.0,super built up,high,new,gls avenue 51,gurgaon,0.65
246.19,3.0,3.0,3.0,1.0,sector 1,10.0,1.0,0.0,0.0,0.0,0.0,0.0,0.0,0.0,0.0,0.0,0.0,0.0,1.0,0.0,0.0,0.0,0.0,0.0,1.0,carpet,mid,old,deepak minda,manesar,1.56
202.25,3.0,3.0,1.0,0.0,sector 109,10.0,1.0,0.0,0.0,0.0,0.0,0.0,0.0,0.0,0.0,1.0,0.0,0.0,0.0,0.0,1.0,0.0,0.0,0.0,0.0,carpet,mid,old,brisk lumbini terrace homes,gurgaon,1.7939999999999998
199.74,3.0,4.0,2.0,0.0,sector 43,14.0,0.0,0.0,0.0,0.0,1.0,1.0,0.0,1.0,1.0,0.0,1.0,0.0,0.0,1.0,0.0,1.0,1.0,0.0,0.0,super built up,mid,mid aged,silverglades hightown residences,gurgaon,5.460000000000001
34.01,1.0,1.0,1.0,1.0,sector 95,14.0,0.0,0.0,0.0,0.0,0.0,0.0,0.0,0.0,1.0,1.0,1.0,1.0,0.0,0.0,0.0,1.0,0.0,0.0,1.0,carpet,high,new,rof ananda,gurgaon,0.26
100.43,2.0,2.0,2.0,0.0,sector 63,13.0,1.0,0.0,0.0,0.0,0.0,1.0,0.0,1.0,1.0,0.0,1.0,0.0,0.0,1.0,0.0,1.0,1.0,0.0,0.0,super built up,low,mid aged,signature global city 63a,gurgaon,2.145
126.72,2.0,2.0,2.0,0.0,sector 95,4.0,1.0,0.0,0.0,0.0,0.0,0.0,0.0,0.0,0.0,0.0,0.0,0.0,1.0,0.0,0.0,0.0,0.0,0.0,0.0,super built up,mid,new,sidhartha ncr one phase 1,gurgaon,0.559
241.36,3.0,3.0,3.0,1.0,sector 102,11.0,1.0,0.0,0.0,1.0,0.0,1.0,0.0,1.0,1.0,0.0,0.0,1.0,0.0,1.0,0.0,0.0,0.0,0.0,0.0,super built up,high,new,adani m2k oyster grande,gurgaon,3.393
218.88,4.0,4.0,3.0,1.0,sector 86,15.0,1.0,0.0,0.0,0.0,0.0,0.0,1.0,1.0,1.0,0.0,0.0,0.0,0.0,0.0,0.0,0.0,0.0,0.0,0.0,super built up,high,old,dlf new town heights 2,gurgaon,2.015
50.73,2.0,2.0,2.0,1.0,sector 81,6.0,0.0,0.0,0.0,1.0,0.0,0.0,0.0,1.0,0.0,0.0,0.0,1.0,0.0,0.0,0.0,0.0,0.0,0.0,0.0,carpet,mid,mid aged,signature global city 81,gurgaon,1.04
183.48,4.0,4.0,3.0,1.0,sector 65,6.0,1.0,0.0,0.0,0.0,0.0,0.0,0.0,0.0,1.0,0.0,0.0,0.0,0.0,1.0,0.0,0.0,0.0,0.0,0.0,super built up,low,new,emaar mgf emerald floors premier,gurgaon,3.9
48.31,2.0,2.0,1.0,0.0,sector 86,9.0,0.0,0.0,0.0,1.0,0.0,0.0,0.0,1.0,0.0,0.0,0.0,0.0,0.0,0.0,0.0,0.0,0.0,0.0,0.0,carpet,high,new,pyramid urban homes 2,gurgaon,0.65
126.44,2.0,2.0,3.0,0.0,sector 103,18.0,1.0,0.0,0.0,0.0,0.0,0.0,1.0,0.0,0.0,1.0,0.0,0.0,0.0,0.0,0.0,0.0,0.0,0.0,1.0,super built up,low,new,ansal housing highland park,gurgaon,1.144
218.88,4.0,4.0,3.0,1.0,sector 86,15.0,1.0,0.0,0.0,0.0,0.0,0.0,1.0,1.0,1.0,0.0,0.0,0.0,0.0,0.0,0.0,0.0,0.0,0.0,0.0,super built up,high,new,dlf new town heights 2,gurgaon,1.82
163.32,3.0,2.0,3.0,1.0,sector 108,9.0,1.0,0.0,0.0,1.0,0.0,1.0,0.0,1.0,1.0,0.0,0.0,1.0,0.0,0.0,0.0,0.0,0.0,0.0,0.0,super built up,low,new,experion the heartsong,gurgaon,1.7680000000000002
212.75,3.0,4.0,3.0,0.0,sector 104,13.0,1.0,0.0,0.0,1.0,0.0,1.0,0.0,1.0,1.0,0.0,1.0,1.0,0.0,1.0,0.0,1.0,0.0,0.0,0.0,carpet,high,new,ats triumph,gurgaon,2.3400000000000003
267.1,4.0,6.0,3.0,1.0,sector 103,15.0,1.0,0.0,0.0,1.0,1.0,1.0,0.0,1.0,1.0,1.0,1.0,1.0,0.0,1.0,0.0,0.0,0.0,0.0,0.0,super built up,mid,new,indiabulls centrum park,gurgaon,2.8600000000000003
159.79,3.0,3.0,3.0,1.0,sector 83,10.0,0.0,0.0,0.0,1.0,0.0,0.0,0.0,0.0,0.0,0.0,0.0,0.0,0.0,0.0,0.0,0.0,0.0,0.0,0.0,super built up,mid,new,emaar palm gardens,gurgaon,1.7939999999999998
169.27,3.0,3.0,3.0,0.0,sector 77,10.0,1.0,0.0,0.0,1.0,0.0,1.0,0.0,1.0,1.0,0.0,0.0,1.0,0.0,0.0,0.0,0.0,0.0,0.0,0.0,super built up,mid,new,umang winter hills,gurgaon,1.3650000000000002
185.53,3.0,5.0,3.0,1.0,sector 99,15.0,1.0,0.0,0.0,1.0,1.0,1.0,1.0,1.0,1.0,0.0,0.0,0.0,0.0,1.0,0.0,0.0,0.0,0.0,0.0,super built up,high,new,pareena coban residences,gurgaon,1.7160000000000002
131.46,2.0,2.0,3.0,0.0,sector 2,10.0,1.0,0.0,0.0,1.0,1.0,0.0,0.0,1.0,1.0,1.0,1.0,0.0,0.0,0.0,0.0,0.0,0.0,0.0,0.0,super built up,low,old,bestech park view residency,gurgaon,1.235
87.89,3.0,3.0,0.0,0.0,sector 33,50.0,1.0,0.0,0.0,0.0,0.0,0.0,1.0,1.0,0.0,0.0,0.0,0.0,1.0,0.0,1.0,0.0,0.0,0.0,0.0,carpet,low,under construction,central park flower valley,sohna,2.145
171.87,3.0,3.0,3.0,0.0,sector 88,7.0,1.0,0.0,0.0,0.0,1.0,0.0,0.0,1.0,0.0,0.0,0.0,1.0,0.0,0.0,0.0,0.0,0.0,0.0,0.0,super built up,high,new,godrej oasis,gurgaon,1.95
74.32,2.0,2.0,1.0,0.0,sector 67,7.0,1.0,0.0,0.0,1.0,0.0,1.0,0.0,1.0,0.0,0.0,1.0,0.0,0.0,0.0,0.0,0.0,1.0,0.0,0.0,carpet,high,new,shree vardhman mantra,gurgaon,0.7280000000000001
225.29,4.0,5.0,3.0,1.0,sector 82,10.0,1.0,0.0,0.0,1.0,0.0,1.0,0.0,1.0,1.0,0.0,0.0,0.0,0.0,0.0,0.0,0.0,0.0,1.0,0.0,super built up,high,new,vatika the seven lamps,gurgaon,2.08
221.57,3.0,3.0,3.0,1.0,sector 60,7.0,1.0,0.0,0.0,0.0,0.0,1.0,0.0,1.0,1.0,0.0,1.0,0.0,0.0,0.0,0.0,0.0,0.0,0.0,0.0,super built up,high,new,ireo skyon,gurgaon,3.965
144.65,3.0,2.0,3.0,0.0,sector 33,8.0,1.0,0.0,0.0,1.0,0.0,0.0,0.0,1.0,1.0,0.0,0.0,0.0,0.0,0.0,0.0,0.0,0.0,0.0,0.0,super built up,high,new,godrej nature plus,sohna,1.6900000000000002
59.92,3.0,2.0,2.0,1.0,sector 107,10.0,0.0,0.0,0.0,1.0,0.0,0.0,0.0,1.0,0.0,0.0,0.0,1.0,0.0,0.0,0.0,0.0,0.0,0.0,0.0,carpet,high,new,signature global solera,gurgaon,0.663
178.19,3.0,3.0,3.0,1.0,sector 84,10.0,1.0,0.0,0.0,1.0,0.0,1.0,0.0,1.0,1.0,0.0,0.0,1.0,0.0,0.0,0.0,0.0,0.0,0.0,0.0,super built up,mid,new,spaze privy at4,gurgaon,1.755
204.39,3.0,4.0,3.0,1.0,sector 66,14.0,1.0,0.0,0.0,0.0,0.0,1.0,0.0,1.0,1.0,0.0,1.0,0.0,0.0,0.0,0.0,0.0,1.0,0.0,0.0,super built up,low,old,emaar mgf the palm drive,gurgaon,5.174
136.1,2.0,2.0,3.0,1.0,sector 33,6.0,1.0,0.0,0.0,0.0,0.0,0.0,0.0,1.0,1.0,0.0,0.0,0.0,0.0,0.0,0.0,0.0,0.0,0.0,0.0,super built up,mid,old,ashiana mulberry,sohna,1.1700000000000002
83.61204013377927,3.0,3.0,3.0,0.0,sector 88,14.0,0.0,0.0,0.0,0.0,0.0,0.0,0.0,1.0,0.0,0.0,0.0,0.0,0.0,0.0,0.0,0.0,0.0,0.0,0.0,carpet,mid,new,godrej icon,gurgaon,2.275
247.12,3.0,4.0,3.0,1.0,sector 81,9.0,0.0,0.0,0.0,1.0,0.0,0.0,0.0,1.0,0.0,0.0,0.0,1.0,0.0,0.0,0.0,0.0,0.0,0.0,0.0,super built up,high,new,bestech park view grand spa,gurgaon,2.9770000000000003
185.53,3.0,5.0,3.0,1.0,sector 99,15.0,1.0,0.0,0.0,1.0,1.0,1.0,1.0,1.0,1.0,0.0,0.0,0.0,0.0,1.0,0.0,0.0,0.0,0.0,0.0,super built up,mid,new,pareena coban residences,gurgaon,1.469
106.84,2.0,2.0,2.0,1.0,sector 61,9.0,1.0,0.0,0.0,1.0,0.0,0.0,0.0,1.0,1.0,1.0,1.0,0.0,0.0,0.0,0.0,0.0,0.0,0.0,0.0,carpet,low,new,smart world orchard,gurgaon,2.08
59.62,3.0,3.0,3.0,0.0,sector 92,4.0,1.0,0.0,0.0,0.0,0.0,0.0,0.0,1.0,0.0,0.0,0.0,0.0,0.0,1.0,0.0,0.0,0.0,0.0,0.0,carpet,mid,new,gls avenue 51,gurgaon,0.507
179.3,3.0,3.0,3.0,1.0,sector 90,6.0,1.0,0.0,0.0,0.0,0.0,0.0,0.0,1.0,1.0,0.0,0.0,0.0,0.0,1.0,0.0,0.0,0.0,0.0,0.0,super built up,high,new,dlf new town heights 1,gurgaon,1.495
168.71,3.0,4.0,3.0,1.0,sector 104,15.0,1.0,0.0,0.0,1.0,0.0,0.0,0.0,1.0,1.0,1.0,1.0,1.0,0.0,1.0,0.0,0.0,0.0,1.0,0.0,carpet,high,new,godrej summit,gurgaon,1.508
135.36,3.0,2.0,2.0,0.0,sector 109,15.0,1.0,0.0,0.0,0.0,0.0,0.0,0.0,1.0,0.0,0.0,0.0,1.0,0.0,0.0,0.0,0.0,0.0,0.0,0.0,super built up,low,new,raheja atharva,gurgaon,1.027
120.4,2.0,2.0,2.0,0.0,sector 67,12.0,0.0,0.0,0.0,1.0,0.0,1.0,0.0,1.0,1.0,0.0,1.0,0.0,0.0,1.0,0.0,0.0,0.0,0.0,0.0,built up,high,under construction,ireo the corridors,gurgaon,1.6900000000000002
46.45,1.0,1.0,1.0,1.0,sector 2,41.0,1.0,0.0,0.0,0.0,1.0,1.0,1.0,1.0,0.0,1.0,0.0,0.0,0.0,0.0,1.0,0.0,0.0,0.0,1.0,carpet,low,old,palam vihar extension west zone rwa,gurgaon,0.26
144.0,3.0,2.0,3.0,0.0,sector 89,11.0,1.0,0.0,0.0,1.0,0.0,1.0,0.0,1.0,1.0,0.0,0.0,1.0,0.0,1.0,0.0,0.0,0.0,0.0,0.0,built up,mid,under construction,tulip petals,gurgaon,1.4300000000000002
100.34,2.0,2.0,2.0,0.0,sector 31,49.0,1.0,0.0,0.0,0.0,1.0,0.0,1.0,1.0,0.0,0.0,0.0,0.0,1.0,0.0,1.0,0.0,0.0,0.0,1.0,carpet,low,old,cghs hewo apartments,gurgaon,1.625
199.09,4.0,4.0,3.0,1.0,sector 92,45.0,1.0,0.0,0.0,0.0,1.0,1.0,1.0,1.0,0.0,0.0,0.0,0.0,0.0,0.0,1.0,0.0,1.0,0.0,0.0,super built up,high,new,sare crescent parc royal greens phase 1,gurgaon,1.625
150.5,3.0,3.0,3.0,1.0,sector 71,15.0,1.0,1.0,0.0,0.0,0.0,1.0,1.0,0.0,1.0,0.0,0.0,0.0,0.0,1.0,0.0,1.0,0.0,0.0,0.0,super built up,high,old,chd avenue 71,gurgaon,1.274
131.92,2.0,2.0,3.0,0.0,sector 79,3.0,0.0,0.0,0.0,0.0,0.0,0.0,0.0,0.0,0.0,0.0,0.0,0.0,1.0,0.0,0.0,0.0,0.0,0.0,1.0,carpet,high,under construction,m3m golf hills,gurgaon,1.885
242.01,3.0,3.0,3.0,1.0,sector 50,9.0,1.0,0.0,0.0,0.0,0.0,1.0,0.0,1.0,1.0,1.0,1.0,0.0,0.0,0.0,0.0,0.0,0.0,0.0,0.0,super built up,low,old,the close north,gurgaon,3.575
218.32,4.0,4.0,3.0,1.0,sector 71,15.0,1.0,1.0,0.0,0.0,0.0,1.0,1.0,0.0,1.0,0.0,0.0,0.0,0.0,1.0,0.0,1.0,0.0,0.0,0.0,super built up,mid,old,chd avenue 71,gurgaon,1.6900000000000002
106.84,2.0,2.0,2.0,1.0,sector 61,9.0,1.0,0.0,0.0,1.0,0.0,0.0,0.0,1.0,1.0,1.0,1.0,0.0,0.0,0.0,0.0,0.0,0.0,0.0,0.0,carpet,mid,new,smart world orchard,gurgaon,2.08
268.95,3.0,4.0,3.0,0.0,sector 53,15.0,0.0,0.0,0.0,1.0,0.0,1.0,0.0,1.0,1.0,0.0,1.0,0.0,0.0,0.0,0.0,0.0,1.0,0.0,0.0,built up,high,new,parsvnath exotica,gurgaon,6.24
78.5,2.0,2.0,2.0,1.0,sector 33,8.0,1.0,0.0,0.0,0.0,0.0,0.0,0.0,1.0,1.0,1.0,1.0,0.0,0.0,0.0,0.0,0.0,0.0,0.0,0.0,carpet,low,new,signature global park,sohna,0.6890000000000001
146.6,3.0,3.0,2.0,1.0,sector 69,10.0,1.0,0.0,0.0,1.0,0.0,1.0,0.0,1.0,1.0,0.0,0.0,0.0,0.0,1.0,0.0,0.0,0.0,0.0,0.0,super built up,mid,new,tulip violet,gurgaon,2.015
152.36,2.0,2.0,3.0,0.0,sector 83,35.0,0.0,0.0,0.0,0.0,1.0,0.0,1.0,1.0,0.0,0.0,0.0,0.0,0.0,0.0,1.0,0.0,0.0,0.0,1.0,super built up,mid,new,ss the leaf,gurgaon,1.547
142.88,3.0,3.0,1.0,0.0,sector 69,10.0,1.0,0.0,0.0,1.0,0.0,1.0,0.0,1.0,1.0,0.0,0.0,0.0,0.0,1.0,0.0,0.0,0.0,0.0,0.0,super built up,high,new,tulip violet,gurgaon,1.7939999999999998
104.05,3.0,2.0,2.0,0.0,sector 33,8.0,1.0,0.0,0.0,0.0,0.0,0.0,0.0,1.0,1.0,1.0,1.0,0.0,0.0,0.0,0.0,0.0,0.0,0.0,0.0,super built up,low,mid aged,signature global park,sohna,1.1700000000000002
168.25,3.0,3.0,3.0,0.0,sector 37,11.0,1.0,0.0,0.0,1.0,0.0,1.0,0.0,1.0,1.0,0.0,0.0,1.0,0.0,1.0,0.0,0.0,0.0,0.0,0.0,super built up,high,new,bptp terra,gurgaon,1.885
99.96,2.0,2.0,2.0,1.0,sector 95,4.0,1.0,0.0,0.0,0.0,0.0,0.0,0.0,0.0,0.0,0.0,0.0,0.0,1.0,0.0,0.0,0.0,0.0,0.0,0.0,super built up,high,new,sidhartha ncr greens,gurgaon,0.78
171.87,3.0,3.0,2.0,1.0,sector 55,46.0,1.0,0.0,0.0,0.0,1.0,1.0,1.0,0.0,0.0,0.0,1.0,0.0,1.0,0.0,1.0,1.0,0.0,0.0,1.0,super built up,mid,old,siddhi vinayak apartments,gurgaon,1.872
152.36,2.0,2.0,3.0,1.0,sector 85,13.0,1.0,0.0,0.0,1.0,0.0,1.0,0.0,1.0,1.0,0.0,0.0,1.0,0.0,1.0,0.0,0.0,0.0,1.0,0.0,super built up,high,new,ss the leaf,gurgaon,1.4300000000000002
113.81,2.0,2.0,3.0,0.0,sector 81,15.0,1.0,0.0,0.0,0.0,0.0,0.0,0.0,0.0,0.0,0.0,0.0,0.0,1.0,0.0,0.0,0.0,0.0,0.0,1.0,carpet,high,new,vipul lavanya,gurgaon,0.8320000000000001
227.61,3.0,3.0,3.0,1.0,sector 104,13.0,1.0,0.0,0.0,1.0,0.0,1.0,0.0,1.0,1.0,1.0,1.0,1.0,0.0,1.0,0.0,0.0,0.0,0.0,0.0,super built up,high,new,puri emerald bay,gurgaon,3.2370000000000005
111.3,2.0,2.0,2.0,1.0,sector 71,15.0,1.0,1.0,0.0,0.0,0.0,1.0,1.0,0.0,1.0,0.0,0.0,0.0,0.0,1.0,0.0,1.0,0.0,0.0,0.0,super built up,high,new,chd avenue 71,gurgaon,1.027
41.81,1.0,1.0,1.0,0.0,sector 4,48.0,1.0,0.0,0.0,0.0,0.0,0.0,1.0,0.0,0.0,0.0,0.0,0.0,0.0,0.0,1.0,0.0,0.0,0.0,0.0,carpet,low,new,shreeram apartment ii,gurgaon,0.273
34.01,1.0,1.0,1.0,0.0,sector 95,14.0,0.0,0.0,0.0,0.0,0.0,0.0,0.0,0.0,1.0,1.0,1.0,1.0,0.0,0.0,0.0,1.0,0.0,0.0,1.0,carpet,high,new,rof ananda,gurgaon,0.26
179.4,3.0,4.0,3.0,1.0,sector 102,15.0,0.0,0.0,0.0,1.0,0.0,1.0,0.0,1.0,1.0,1.0,1.0,1.0,0.0,1.0,0.0,0.0,0.0,1.0,0.0,super built up,high,new,conscient heritage max,gurgaon,2.275
184.88,3.0,3.0,3.0,0.0,sector 37,15.0,1.0,1.0,0.0,0.0,0.0,1.0,1.0,1.0,0.0,0.0,0.0,0.0,0.0,0.0,1.0,0.0,1.0,0.0,0.0,built up,high,under construction,ramprastha the edge towers,gurgaon,1.4300000000000002
132.2,3.0,3.0,2.0,1.0,sector 89,9.0,1.0,0.0,0.0,0.0,0.0,0.0,0.0,1.0,1.0,0.0,0.0,1.0,0.0,0.0,0.0,0.0,0.0,0.0,0.0,carpet,low,mid aged,m3m soulitude,gurgaon,1.482
154.96,3.0,3.0,2.0,0.0,sector 69,10.0,1.0,0.0,0.0,1.0,0.0,1.0,0.0,1.0,1.0,0.0,0.0,0.0,0.0,1.0,0.0,0.0,0.0,0.0,0.0,super built up,high,new,tulip violet,gurgaon,2.184
204.39,3.0,3.0,2.0,0.0,sector 49,14.0,1.0,0.0,0.0,0.0,0.0,1.0,1.0,0.0,0.0,0.0,0.0,0.0,0.0,0.0,0.0,0.0,0.0,0.0,0.0,carpet,low,old,vatika city,gurgaon,2.236
52.68,3.0,2.0,2.0,0.0,sector 63,8.0,1.0,0.0,0.0,1.0,0.0,0.0,0.0,1.0,0.0,0.0,1.0,0.0,0.0,0.0,0.0,0.0,0.0,0.0,0.0,carpet,high,under construction,czar mahira homes 63a,gurgaon,0.546
121.7,2.0,2.0,2.0,0.0,sector 65,9.0,1.0,0.0,0.0,0.0,0.0,1.0,0.0,1.0,1.0,0.0,1.0,0.0,0.0,1.0,0.0,0.0,0.0,0.0,0.0,super built up,high,new,m3m skycity,gurgaon,2.6
134.71,2.0,2.0,3.0,1.0,sector 88,7.0,1.0,0.0,0.0,0.0,1.0,0.0,0.0,1.0,0.0,0.0,0.0,1.0,0.0,0.0,0.0,0.0,0.0,0.0,0.0,carpet,mid,new,godrej oasis,gurgaon,1.3
195.38,3.0,3.0,3.0,1.0,sector 81,9.0,1.0,0.0,0.0,0.0,0.0,0.0,0.0,1.0,1.0,0.0,1.0,0.0,0.0,0.0,0.0,0.0,0.0,0.0,0.0,super built up,high,new,dlf the ultima,gurgaon,2.964
142.51,2.0,2.0,3.0,1.0,sector 107,6.0,0.0,0.0,0.0,0.0,0.0,0.0,0.0,1.0,1.0,0.0,0.0,0.0,0.0,0.0,0.0,0.0,0.0,0.0,0.0,super built up,high,new,m3m woodshire,gurgaon,1.495
128.21,2.0,2.0,2.0,1.0,sector 22,14.0,1.0,0.0,0.0,1.0,0.0,1.0,0.0,1.0,1.0,1.0,0.0,1.0,0.0,0.0,0.0,0.0,0.0,0.0,0.0,super built up,high,new,ambience creacions,gurgaon,2.145
181.16,3.0,5.0,3.0,1.0,sector 70,15.0,1.0,0.0,0.0,1.0,0.0,1.0,1.0,0.0,0.0,0.0,0.0,0.0,1.0,0.0,0.0,0.0,0.0,0.0,0.0,super built up,mid,new,shree vardhman victoria,gurgaon,2.08
259.39,4.0,4.0,3.0,1.0,sector 81,9.0,1.0,0.0,0.0,0.0,0.0,0.0,0.0,1.0,1.0,0.0,1.0,0.0,0.0,0.0,0.0,0.0,0.0,0.0,0.0,super built up,high,old,dlf the ultima,gurgaon,4.485
159.79,3.0,3.0,3.0,1.0,sector 83,10.0,0.0,0.0,0.0,1.0,0.0,0.0,0.0,0.0,0.0,0.0,0.0,0.0,0.0,0.0,0.0,0.0,0.0,0.0,0.0,super built up,mid,new,emaar palm gardens,gurgaon,1.755
203.55,3.0,3.0,3.0,1.0,sector 37,11.0,1.0,0.0,0.0,1.0,0.0,1.0,0.0,1.0,1.0,0.0,0.0,1.0,0.0,1.0,0.0,0.0,0.0,0.0,0.0,super built up,high,new,bptp terra,gurgaon,2.236
102.47,2.0,2.0,2.0,1.0,sector 89,14.0,1.0,0.0,0.0,1.0,0.0,1.0,0.0,1.0,0.0,1.0,1.0,1.0,0.0,1.0,0.0,0.0,0.0,0.0,0.0,carpet,mid,new,smart world gems,gurgaon,1.3130000000000002
261.24,4.0,4.0,3.0,1.0,sector 85,13.0,1.0,0.0,0.0,1.0,0.0,1.0,0.0,1.0,1.0,0.0,0.0,1.0,0.0,1.0,0.0,0.0,0.0,1.0,0.0,super built up,high,new,ss the leaf,gurgaon,2.99
315.87,4.0,5.0,3.0,1.0,sector 110,15.0,1.0,0.0,0.0,1.0,1.0,0.0,0.0,1.0,1.0,1.0,1.0,1.0,0.0,0.0,0.0,0.0,0.0,0.0,0.0,super built up,mid,new,indiabulls enigma,gurgaon,4.537000000000001
83.61,3.0,2.0,2.0,0.0,sector 6,50.0,1.0,0.0,0.0,0.0,0.0,0.0,1.0,1.0,0.0,0.0,0.0,0.0,1.0,0.0,1.0,0.0,0.0,0.0,0.0,carpet,low,old,ss residency,gurgaon,0.624
69.21,2.0,1.0,3.0,0.0,sector 33,8.0,1.0,0.0,0.0,0.0,0.0,0.0,0.0,1.0,1.0,1.0,1.0,0.0,0.0,0.0,0.0,0.0,0.0,0.0,0.0,carpet,low,new,signature global park,sohna,0.7020000000000001
60.39,2.0,2.0,3.0,0.0,sector 37,15.0,1.0,0.0,0.0,0.0,0.0,0.0,0.0,1.0,0.0,1.0,0.0,1.0,0.0,0.0,0.0,1.0,0.0,0.0,0.0,super built up,mid,new,signature global the millennia,gurgaon,0.78
153.29,3.0,3.0,2.0,1.0,sector 65,6.0,1.0,0.0,0.0,0.0,0.0,0.0,0.0,0.0,1.0,0.0,0.0,0.0,0.0,1.0,0.0,0.0,0.0,0.0,0.0,built up,mid,new,emaar mgf emerald floors premier,gurgaon,3.055
253.35,3.0,3.0,3.0,1.0,sector 102,10.0,1.0,0.0,0.0,1.0,0.0,1.0,0.0,1.0,1.0,1.0,0.0,1.0,0.0,0.0,0.0,0.0,1.0,0.0,1.0,super built up,low,new,bptp amstoria,gurgaon,2.47
162.48,3.0,3.0,1.0,1.0,sector 49,14.0,1.0,0.0,0.0,0.0,0.0,1.0,1.0,0.0,0.0,0.0,0.0,0.0,0.0,0.0,0.0,0.0,0.0,0.0,0.0,super built up,mid,old,vatika city,gurgaon,2.405
237.83,4.0,5.0,3.0,1.0,sector 85,15.0,1.0,0.0,0.0,1.0,0.0,0.0,0.0,1.0,1.0,0.0,1.0,0.0,0.0,0.0,0.0,1.0,0.0,0.0,0.0,super built up,high,new,orris aster court premier,gurgaon,1.937
109.63,2.0,2.0,3.0,1.0,sector 68,24.0,1.0,0.0,0.0,0.0,0.0,1.0,1.0,0.0,0.0,0.0,0.0,0.0,0.0,0.0,1.0,0.0,0.0,0.0,0.0,super built up,high,under construction,supertech hues,gurgaon,1.066
450.39,4.0,6.0,3.0,1.0,sector 112,8.0,1.0,0.0,0.0,0.0,0.0,1.0,0.0,1.0,1.0,1.0,0.0,1.0,0.0,0.0,0.0,0.0,0.0,0.0,0.0,super built up,high,new,experion windchants,gurgaon,6.760000000000001
150.13,2.0,2.0,3.0,1.0,sector 88,7.0,1.0,0.0,0.0,0.0,1.0,0.0,0.0,1.0,0.0,0.0,0.0,1.0,0.0,0.0,0.0,0.0,0.0,0.0,0.0,super built up,high,new,godrej oasis,gurgaon,1.495
128.67,2.0,2.0,3.0,0.0,sector 106,11.0,1.0,0.0,0.0,1.0,0.0,1.0,0.0,1.0,1.0,0.0,1.0,1.0,0.0,1.0,0.0,0.0,0.0,0.0,0.0,super built up,low,new,paras dews,gurgaon,1.144
97.55,3.0,3.0,1.0,0.0,sector 12,50.0,1.0,0.0,0.0,0.0,0.0,0.0,1.0,1.0,0.0,0.0,0.0,0.0,1.0,0.0,1.0,0.0,0.0,0.0,0.0,carpet,low,new,adarsh nagar,gurgaon,0.8450000000000001
126.72,2.0,2.0,2.0,0.0,sector 95,4.0,1.0,0.0,0.0,0.0,0.0,0.0,0.0,0.0,0.0,0.0,0.0,0.0,1.0,0.0,0.0,0.0,0.0,0.0,0.0,super built up,high,new,sidhartha ncr one phase 1,gurgaon,0.7280000000000001
136.75,2.0,3.0,3.0,1.0,sector 66,15.0,1.0,0.0,0.0,0.0,1.0,0.0,1.0,1.0,0.0,0.0,0.0,0.0,0.0,0.0,0.0,0.0,0.0,0.0,0.0,super built up,high,new,ireo uptown,gurgaon,2.405
190.17,3.0,3.0,3.0,1.0,sector 67,10.0,1.0,0.0,0.0,1.0,0.0,1.0,0.0,1.0,1.0,0.0,0.0,0.0,0.0,1.0,0.0,0.0,1.0,0.0,0.0,super built up,high,new,m3m merlin,gurgaon,3.445
65.03,2.0,1.0,2.0,0.0,sector 3,48.0,1.0,0.0,0.0,0.0,0.0,0.0,1.0,0.0,0.0,0.0,0.0,0.0,1.0,0.0,0.0,0.0,0.0,0.0,0.0,super built up,low,new,shyam apartment,gurgaon,0.338
268.68,3.0,3.0,3.0,0.0,sector 53,9.0,1.0,0.0,0.0,1.0,0.0,0.0,0.0,1.0,0.0,0.0,1.0,0.0,0.0,1.0,0.0,0.0,1.0,0.0,1.0,super built up,low,under construction,tulip monsella,gurgaon,7.279999999999999
45.43,2.0,2.0,2.0,0.0,sector 107,10.0,0.0,0.0,0.0,1.0,0.0,0.0,0.0,1.0,0.0,0.0,0.0,1.0,0.0,0.0,0.0,0.0,0.0,0.0,0.0,carpet,high,new,signature global solera,gurgaon,0.351
237.83,4.0,5.0,3.0,1.0,sector 85,15.0,1.0,0.0,0.0,1.0,0.0,0.0,0.0,1.0,1.0,0.0,1.0,0.0,0.0,0.0,0.0,1.0,0.0,0.0,0.0,super built up,high,new,orris aster court premier,gurgaon,2.249
198.07,3.0,3.0,2.0,1.0,sector 81,9.0,1.0,0.0,0.0,0.0,0.0,0.0,0.0,1.0,1.0,0.0,1.0,0.0,0.0,0.0,0.0,0.0,0.0,0.0,0.0,super built up,mid,new,dlf the ultima,gurgaon,3.25
133.32,2.0,2.0,2.0,1.0,sector 82,10.0,1.0,0.0,0.0,1.0,0.0,1.0,0.0,1.0,1.0,0.0,0.0,0.0,0.0,0.0,0.0,0.0,0.0,1.0,0.0,super built up,high,new,vatika the seven lamps,gurgaon,1.222
126.35,2.0,2.0,1.0,1.0,sector 86,4.0,1.0,0.0,0.0,1.0,0.0,0.0,0.0,1.0,0.0,0.0,0.0,1.0,0.0,0.0,0.0,0.0,0.0,0.0,0.0,super built up,high,new,ansal heights 86,gurgaon,1.131
106.84,2.0,2.0,2.0,1.0,sector 61,9.0,1.0,0.0,0.0,1.0,0.0,0.0,0.0,1.0,1.0,1.0,1.0,0.0,0.0,0.0,0.0,0.0,0.0,0.0,0.0,carpet,mid,mid aged,smart world orchard,gurgaon,1.911
160.72,3.0,3.0,3.0,1.0,sector 90,14.0,0.0,0.0,0.0,0.0,1.0,0.0,0.0,0.0,0.0,0.0,0.0,0.0,0.0,0.0,0.0,0.0,0.0,0.0,0.0,super built up,high,new,dlf regal gardens,gurgaon,1.469
58.16,2.0,2.0,1.0,0.0,sector 90,15.0,1.0,0.0,0.0,0.0,0.0,0.0,1.0,1.0,0.0,0.0,0.0,0.0,1.0,0.0,0.0,1.0,1.0,0.0,0.0,carpet,low,new,green court,gurgaon,0.5850000000000001
497.03,4.0,4.0,3.0,0.0,sector 2,12.0,0.0,0.0,0.0,1.0,0.0,0.0,0.0,1.0,0.0,0.0,1.0,0.0,0.0,0.0,0.0,0.0,0.0,0.0,0.0,built up,low,old,paras quartier,gurgaon,7.670000000000001
212.66,3.0,4.0,3.0,1.0,sector 79,11.0,1.0,0.0,0.0,1.0,0.0,1.0,0.0,1.0,1.0,0.0,0.0,1.0,0.0,0.0,0.0,0.0,0.0,1.0,0.0,super built up,mid,new,godrej aria,gurgaon,2.21
124.68,2.0,2.0,2.0,1.0,sector 77,10.0,1.0,0.0,0.0,1.0,0.0,1.0,0.0,1.0,1.0,0.0,0.0,1.0,0.0,0.0,0.0,0.0,0.0,0.0,0.0,super built up,mid,new,umang winter hills,gurgaon,0.923
185.81,3.0,4.0,2.0,1.0,sector 102,10.0,1.0,0.0,0.0,1.0,0.0,0.0,0.0,1.0,1.0,1.0,0.0,1.0,0.0,1.0,0.0,0.0,0.0,1.0,0.0,super built up,high,new,emaar imperial gardens,gurgaon,2.483
319.03,4.0,4.0,3.0,1.0,sector 84,10.0,1.0,0.0,0.0,1.0,1.0,1.0,1.0,1.0,0.0,0.0,0.0,0.0,0.0,0.0,0.0,0.0,0.0,0.0,0.0,super built up,high,new,alpha corp gurgaonone 84,gurgaon,2.964
200.67,3.0,3.0,3.0,1.0,sector 82,10.0,1.0,0.0,0.0,1.0,0.0,1.0,0.0,1.0,1.0,0.0,0.0,0.0,0.0,0.0,0.0,0.0,0.0,1.0,0.0,super built up,high,new,vatika the seven lamps,gurgaon,1.781
162.58,3.0,3.0,3.0,1.0,sector 67,12.0,0.0,0.0,0.0,1.0,0.0,1.0,0.0,1.0,1.0,0.0,1.0,0.0,0.0,1.0,0.0,0.0,0.0,0.0,0.0,super built up,high,new,ireo the corridors,gurgaon,2.6
161.19,3.0,3.0,3.0,1.0,sector 77,10.0,1.0,0.0,0.0,1.0,0.0,1.0,0.0,1.0,1.0,0.0,0.0,1.0,0.0,0.0,0.0,0.0,0.0,0.0,0.0,super built up,mid,new,umang winter hills,gurgaon,1.755
176.52,3.0,3.0,3.0,1.0,sector 83,10.0,0.0,0.0,0.0,1.0,0.0,0.0,0.0,0.0,0.0,0.0,0.0,0.0,0.0,0.0,0.0,0.0,0.0,0.0,0.0,super built up,mid,new,emaar palm gardens,gurgaon,1.924
312.43,3.0,3.0,3.0,1.0,sector 65,9.0,1.0,0.0,0.0,1.0,0.0,1.0,0.0,1.0,1.0,0.0,1.0,0.0,0.0,1.0,0.0,1.0,0.0,0.0,0.0,super built up,high,new,m3m golfestate,gurgaon,7.670000000000001
111.48,2.0,2.0,2.0,1.0,sector 62,11.0,1.0,0.0,0.0,1.0,0.0,1.0,0.0,1.0,1.0,0.0,1.0,0.0,0.0,0.0,0.0,0.0,0.0,0.0,0.0,built up,mid,new,emaar digihomes,gurgaon,3.1850000000000005
169.08,3.0,3.0,3.0,0.0,sector 37,6.0,1.0,0.0,0.0,1.0,0.0,0.0,0.0,1.0,1.0,0.0,0.0,1.0,0.0,0.0,0.0,0.0,0.0,0.0,0.0,super built up,mid,mid aged,ild grand,gurgaon,1.56
132.2,3.0,3.0,2.0,0.0,sector 89,14.0,1.0,0.0,0.0,1.0,0.0,1.0,0.0,1.0,0.0,1.0,1.0,1.0,0.0,1.0,0.0,0.0,0.0,0.0,0.0,built up,low,under construction,smart world gems,gurgaon,1.56
132.85,3.0,3.0,3.0,0.0,sector 2,11.0,0.0,0.0,0.0,1.0,1.0,0.0,0.0,1.0,0.0,0.0,1.0,0.0,0.0,0.0,0.0,0.0,0.0,0.0,0.0,built up,mid,under construction,suncity vatsal valley,gurgaon,1.885
213.21,3.0,1.0,0.0,0.0,sector 59,15.0,1.0,0.0,0.0,1.0,0.0,1.0,0.0,1.0,1.0,1.0,1.0,0.0,0.0,0.0,0.0,0.0,0.0,0.0,0.0,built up,low,under construction,conscient elevate,gurgaon,5.07
161.19,3.0,3.0,3.0,1.0,sector 83,10.0,0.0,0.0,0.0,1.0,0.0,0.0,0.0,1.0,1.0,0.0,1.0,1.0,0.0,0.0,0.0,0.0,0.0,0.0,0.0,super built up,high,new,vatika gurgaon 21,gurgaon,1.4300000000000002
143.91,3.0,3.0,2.0,1.0,sector 61,9.0,1.0,0.0,0.0,1.0,0.0,0.0,0.0,1.0,1.0,1.0,1.0,0.0,0.0,0.0,0.0,0.0,0.0,0.0,0.0,super built up,low,new,smart world orchard,gurgaon,2.9120000000000004
51.1,2.0,2.0,1.0,1.0,sector 99,8.0,1.0,0.0,0.0,1.0,0.0,0.0,0.0,1.0,1.0,0.0,0.0,1.0,0.0,0.0,0.0,0.0,0.0,0.0,0.0,carpet,mid,new,prime habitat,gurgaon,0.338
69.68,2.0,2.0,2.0,0.0,sector 37,32.0,1.0,0.0,0.0,0.0,0.0,0.0,0.0,0.0,0.0,1.0,0.0,0.0,0.0,0.0,0.0,0.0,0.0,0.0,0.0,carpet,mid,new,apex builders,gurgaon,0.546
150.04,3.0,3.0,3.0,0.0,sector 111,20.0,1.0,0.0,0.0,0.0,1.0,0.0,0.0,1.0,0.0,0.0,1.0,0.0,0.0,0.0,1.0,0.0,0.0,0.0,0.0,built up,mid,new,m3m the tree of life,gurgaon,3.055
126.35,2.0,2.0,3.0,0.0,sector 81,9.0,0.0,0.0,0.0,1.0,0.0,0.0,0.0,1.0,0.0,0.0,1.0,1.0,0.0,0.0,0.0,0.0,0.0,0.0,0.0,super built up,high,new,bestech park view ananda,gurgaon,1.131
179.21,3.0,3.0,1.0,1.0,sector 86,10.0,0.0,0.0,0.0,1.0,0.0,0.0,0.0,1.0,1.0,0.0,0.0,0.0,0.0,1.0,0.0,0.0,0.0,0.0,0.0,super built up,high,new,dlf the skycourt,gurgaon,2.08
163.97,4.0,4.0,2.0,0.0,sector 37,23.0,1.0,0.0,0.0,0.0,0.0,0.0,0.0,0.0,0.0,1.0,0.0,0.0,0.0,0.0,0.0,0.0,0.0,0.0,0.0,built up,mid,under construction,ild greens,gurgaon,1.027
292.64,4.0,4.0,3.0,1.0,sector 104,13.0,1.0,0.0,0.0,1.0,0.0,1.0,0.0,1.0,1.0,0.0,1.0,1.0,0.0,1.0,0.0,1.0,0.0,0.0,0.0,super built up,high,new,ats triumph,gurgaon,3.419
202.16,3.0,3.0,3.0,1.0,sector 78,7.0,1.0,0.0,0.0,0.0,0.0,0.0,1.0,0.0,0.0,0.0,1.0,0.0,0.0,0.0,0.0,0.0,0.0,0.0,0.0,super built up,high,old,umang monsoon breeze,gurgaon,1.495
185.81,3.0,4.0,3.0,1.0,sector 56,45.0,1.0,0.0,0.0,0.0,1.0,1.0,1.0,1.0,0.0,0.0,1.0,0.0,1.0,0.0,1.0,1.0,0.0,0.0,1.0,super built up,mid,old,kiran residency,gurgaon,2.002
210.61,3.0,3.0,1.0,1.0,sector 109,10.0,1.0,0.0,0.0,0.0,0.0,0.0,0.0,0.0,0.0,1.0,0.0,0.0,0.0,0.0,1.0,0.0,0.0,0.0,0.0,carpet,mid,new,brisk lumbini terrace homes,gurgaon,1.95
181.16,3.0,3.0,3.0,0.0,sector 68,8.0,1.0,0.0,0.0,1.0,0.0,1.0,0.0,1.0,0.0,0.0,0.0,0.0,0.0,0.0,0.0,0.0,0.0,0.0,0.0,super built up,high,new,m3m ikonic,gurgaon,2.314
179.21,3.0,3.0,3.0,1.0,sector 86,10.0,0.0,0.0,0.0,1.0,0.0,0.0,0.0,1.0,1.0,0.0,0.0,0.0,0.0,1.0,0.0,0.0,0.0,0.0,0.0,super built up,high,new,dlf the skycourt,gurgaon,2.002
92.9,2.0,2.0,2.0,0.0,sector 36,7.0,1.0,0.0,0.0,0.0,0.0,0.0,0.0,0.0,0.0,0.0,0.0,0.0,1.0,0.0,0.0,0.0,0.0,0.0,0.0,super built up,mid,new,avl 36 gurgaon,gurgaon,0.975
130.06,2.0,2.0,1.0,0.0,sector 74,9.0,1.0,0.0,0.0,0.0,0.0,1.0,1.0,0.0,0.0,0.0,0.0,0.0,1.0,0.0,0.0,0.0,0.0,0.0,0.0,carpet,high,new,m3m skywalk,gurgaon,1.95
154.22,3.0,2.0,2.0,0.0,sector 1,17.0,1.0,0.0,0.0,0.0,0.0,0.0,0.0,0.0,0.0,0.0,0.0,0.0,1.0,0.0,0.0,0.0,0.0,0.0,0.0,super built up,mid,old,dnha group housing society,manesar,0.975
234.77,3.0,3.0,3.0,1.0,sector 67,11.0,1.0,0.0,0.0,1.0,0.0,1.0,0.0,1.0,1.0,0.0,0.0,0.0,0.0,1.0,0.0,0.0,0.0,0.0,0.0,super built up,mid,new,ireo victory valley,gurgaon,3.887000000000001
153.01,3.0,3.0,3.0,1.0,sector 104,15.0,1.0,0.0,0.0,1.0,0.0,0.0,0.0,1.0,1.0,1.0,1.0,1.0,0.0,1.0,0.0,0.0,0.0,1.0,0.0,super built up,high,new,godrej summit,gurgaon,1.6900000000000002
27.99,1.0,2.0,2.0,0.0,sector 104,9.0,1.0,0.0,0.0,1.0,0.0,1.0,0.0,1.0,1.0,0.0,0.0,0.0,0.0,1.0,0.0,0.0,0.0,0.0,0.0,carpet,low,new,zara aavaas,gurgaon,0.286
126.35,2.0,2.0,1.0,0.0,sector 86,4.0,1.0,0.0,0.0,1.0,0.0,0.0,0.0,1.0,0.0,0.0,0.0,1.0,0.0,0.0,0.0,0.0,0.0,0.0,0.0,built up,low,new,ansal heights 86,gurgaon,0.8320000000000001
148.64,3.0,3.0,3.0,1.0,sector 62,11.0,1.0,0.0,0.0,1.0,0.0,1.0,0.0,1.0,1.0,0.0,1.0,0.0,0.0,0.0,0.0,0.0,0.0,0.0,0.0,carpet,high,mid aged,emaar digihomes,gurgaon,5.525
121.24,3.0,3.0,2.0,0.0,sector 37,12.0,1.0,0.0,0.0,0.0,0.0,1.0,0.0,1.0,0.0,0.0,0.0,1.0,0.0,0.0,1.0,0.0,0.0,0.0,0.0,carpet,low,mid aged,signature global city 37d ph 2,gurgaon,1.3910000000000002
240.43,3.0,3.0,3.0,1.0,sector 1,11.0,1.0,0.0,0.0,0.0,0.0,0.0,0.0,0.0,0.0,0.0,0.0,0.0,1.0,0.0,0.0,0.0,0.0,0.0,1.0,super built up,high,old,hsiidc sidco aravali,manesar,1.183
120.77,2.0,2.0,3.0,1.0,sector 90,10.0,1.0,0.0,0.0,1.0,0.0,1.0,0.0,1.0,1.0,0.0,0.0,1.0,0.0,1.0,0.0,0.0,0.0,0.0,0.0,super built up,high,new,shree vardhman flora,gurgaon,0.8320000000000001
295.9,4.0,5.0,2.0,1.0,sector 81,9.0,0.0,0.0,0.0,1.0,0.0,0.0,0.0,1.0,0.0,0.0,0.0,1.0,0.0,0.0,0.0,0.0,0.0,0.0,0.0,super built up,mid,new,bestech park view grand spa,gurgaon,3.783
126.16,2.0,2.0,2.0,0.0,sector 65,11.0,1.0,0.0,0.0,1.0,0.0,1.0,0.0,1.0,1.0,0.0,1.0,1.0,0.0,1.0,0.0,0.0,0.0,0.0,0.0,built up,high,under construction,m3m heights,gurgaon,2.47
69.21,2.0,1.0,3.0,0.0,sector 33,8.0,1.0,0.0,0.0,0.0,0.0,0.0,0.0,1.0,1.0,1.0,1.0,0.0,0.0,0.0,0.0,0.0,0.0,0.0,0.0,carpet,low,new,signature global park,sohna,0.7020000000000001
163.51,3.0,4.0,3.0,1.0,sector 106,11.0,1.0,0.0,0.0,1.0,0.0,1.0,0.0,1.0,1.0,0.0,1.0,1.0,0.0,1.0,0.0,0.0,0.0,0.0,0.0,super built up,high,new,paras dews,gurgaon,1.495
63.82,2.0,2.0,1.0,0.0,sector 99,8.0,1.0,0.0,0.0,1.0,0.0,0.0,0.0,1.0,1.0,0.0,0.0,1.0,0.0,0.0,0.0,0.0,0.0,0.0,0.0,super built up,mid,new,prime habitat,gurgaon,0.416
92.9,2.0,2.0,3.0,0.0,sector 92,8.0,1.0,0.0,0.0,0.0,0.0,0.0,0.0,0.0,0.0,0.0,0.0,0.0,1.0,0.0,0.0,0.0,0.0,0.0,0.0,super built up,low,old,sare crescent parc,gurgaon,0.65
153.29,3.0,3.0,3.0,1.0,sector 102,10.0,1.0,0.0,0.0,1.0,0.0,1.0,0.0,1.0,1.0,0.0,0.0,1.0,0.0,0.0,0.0,0.0,0.0,0.0,0.0,super built up,mid,new,emaar gurgaon greens,gurgaon,1.6900000000000002
164.62,2.0,2.0,3.0,1.0,sector 85,13.0,1.0,0.0,0.0,1.0,0.0,1.0,0.0,1.0,1.0,0.0,0.0,1.0,0.0,1.0,0.0,0.0,0.0,1.0,0.0,super built up,high,new,ss the leaf,gurgaon,1.586
144.84,2.0,2.0,3.0,1.0,sector 79,10.0,0.0,0.0,0.0,0.0,0.0,0.0,0.0,1.0,1.0,0.0,0.0,0.0,0.0,0.0,0.0,0.0,0.0,1.0,0.0,super built up,mid,new,godrej 101,gurgaon,1.729
205.78,4.0,4.0,3.0,0.0,sector 90,14.0,0.0,0.0,0.0,0.0,1.0,0.0,0.0,0.0,0.0,0.0,0.0,0.0,0.0,0.0,0.0,0.0,0.0,0.0,0.0,super built up,mid,old,dlf regal gardens,gurgaon,2.3400000000000003
251.21,4.0,4.0,2.0,1.0,sector 54,15.0,1.0,0.0,0.0,0.0,1.0,0.0,1.0,1.0,0.0,0.0,1.0,0.0,0.0,0.0,0.0,1.0,0.0,0.0,0.0,super built up,high,old,dlf park place,gurgaon,8.775
192.31,3.0,4.0,3.0,1.0,sector 49,13.0,1.0,0.0,0.0,1.0,0.0,0.0,1.0,1.0,0.0,0.0,0.0,0.0,0.0,1.0,1.0,0.0,0.0,0.0,0.0,super built up,high,new,orchid petals,gurgaon,3.315
204.39,3.0,4.0,3.0,1.0,sector 66,14.0,1.0,0.0,0.0,0.0,0.0,1.0,0.0,1.0,1.0,0.0,1.0,0.0,0.0,0.0,0.0,0.0,1.0,0.0,0.0,super built up,mid,new,emaar mgf the palm drive,gurgaon,4.55
178.84,3.0,3.0,3.0,1.0,sector 70,12.0,0.0,0.0,0.0,1.0,0.0,1.0,0.0,1.0,1.0,1.0,1.0,0.0,0.0,0.0,0.0,1.0,0.0,0.0,0.0,built up,low,new,bptp astaire gardens,gurgaon,2.3400000000000003
195.38,3.0,4.0,3.0,1.0,sector 81,9.0,1.0,0.0,0.0,0.0,0.0,0.0,0.0,1.0,1.0,0.0,1.0,0.0,0.0,0.0,0.0,0.0,0.0,0.0,0.0,super built up,high,new,dlf the ultima,gurgaon,3.12
158.21,3.0,3.0,3.0,1.0,sector 90,14.0,0.0,0.0,0.0,0.0,1.0,0.0,0.0,0.0,0.0,0.0,0.0,0.0,0.0,0.0,0.0,0.0,0.0,0.0,0.0,super built up,high,new,dlf regal gardens,gurgaon,1.625
126.35,2.0,2.0,1.0,0.0,sector 86,4.0,1.0,0.0,0.0,1.0,0.0,0.0,0.0,1.0,0.0,0.0,0.0,1.0,0.0,0.0,0.0,0.0,0.0,0.0,0.0,super built up,high,new,ansal heights 86,gurgaon,0.8710000000000001
44.04,1.0,1.0,1.0,0.0,sector 33,5.0,0.0,0.0,0.0,0.0,0.0,0.0,0.0,0.0,0.0,0.0,0.0,0.0,0.0,0.0,0.0,0.0,0.0,0.0,1.0,built up,low,new,hcbs sports ville,sohna,0.26
432.0,4.0,4.0,3.0,0.0,sector 102,11.0,1.0,0.0,0.0,1.0,0.0,1.0,0.0,1.0,1.0,0.0,0.0,1.0,0.0,1.0,0.0,0.0,0.0,0.0,0.0,super built up,high,new,adani m2k oyster grande,gurgaon,5.915
99.87,2.0,2.0,2.0,1.0,sector 81,6.0,0.0,0.0,0.0,1.0,0.0,0.0,0.0,1.0,0.0,0.0,0.0,1.0,0.0,0.0,0.0,0.0,0.0,0.0,0.0,carpet,low,mid aged,signature global city 81,gurgaon,1.157
278.71,4.0,5.0,3.0,1.0,sector 111,10.0,1.0,0.0,0.0,1.0,0.0,0.0,0.0,1.0,1.0,0.0,1.0,1.0,0.0,0.0,0.0,0.0,0.0,0.0,0.0,super built up,mid,new,puri diplomatic greens,gurgaon,5.07
30.19,1.0,1.0,2.0,0.0,sector 71,15.0,1.0,0.0,0.0,0.0,0.0,1.0,1.0,1.0,1.0,0.0,0.0,0.0,1.0,0.0,0.0,0.0,0.0,0.0,0.0,super built up,low,new,signature andour heights,gurgaon,0.507
198.07,3.0,3.0,3.0,1.0,sector 81,9.0,1.0,0.0,0.0,0.0,0.0,0.0,0.0,1.0,1.0,0.0,1.0,0.0,0.0,0.0,0.0,0.0,0.0,0.0,0.0,super built up,mid,new,dlf the ultima,gurgaon,2.9250000000000003
168.25,3.0,3.0,3.0,0.0,sector 37,11.0,1.0,0.0,0.0,1.0,0.0,1.0,0.0,1.0,1.0,0.0,0.0,1.0,0.0,1.0,0.0,0.0,0.0,0.0,0.0,super built up,high,new,bptp terra,gurgaon,1.885
346.62,4.0,4.0,3.0,1.0,sector 66,15.0,1.0,0.0,0.0,0.0,1.0,0.0,1.0,1.0,0.0,0.0,0.0,0.0,0.0,0.0,0.0,0.0,0.0,0.0,0.0,super built up,high,new,ireo uptown,gurgaon,6.305
180.51,3.0,3.0,3.0,0.0,sector 107,6.0,0.0,0.0,0.0,0.0,0.0,0.0,0.0,1.0,1.0,0.0,0.0,0.0,0.0,0.0,0.0,0.0,0.0,0.0,0.0,super built up,mid,old,m3m woodshire,gurgaon,1.573
145.67,3.0,3.0,1.0,0.0,sector 69,10.0,1.0,0.0,0.0,1.0,0.0,1.0,0.0,1.0,1.0,0.0,0.0,0.0,0.0,1.0,0.0,0.0,0.0,0.0,0.0,super built up,high,new,tulip violet,gurgaon,1.82
178.37,3.0,4.0,3.0,1.0,sector 2,10.0,1.0,0.0,0.0,1.0,1.0,0.0,0.0,1.0,1.0,1.0,1.0,0.0,0.0,0.0,0.0,0.0,0.0,0.0,0.0,super built up,high,old,bestech park view residency,gurgaon,2.015
111.48,2.0,2.0,0.0,0.0,sector 71,15.0,1.0,1.0,0.0,0.0,0.0,1.0,1.0,0.0,1.0,0.0,0.0,0.0,0.0,1.0,0.0,1.0,0.0,0.0,0.0,built up,mid,under construction,chd avenue 71,gurgaon,1.235
88.26,2.0,2.0,1.0,0.0,sector 4,48.0,1.0,0.0,0.0,0.0,0.0,0.0,1.0,0.0,0.0,0.0,0.0,0.0,0.0,0.0,1.0,0.0,0.0,0.0,0.0,carpet,mid,new,shri ram apartments,gurgaon,0.4679999999999999
183.48,4.0,4.0,3.0,1.0,sector 65,6.0,1.0,0.0,0.0,0.0,0.0,0.0,0.0,0.0,1.0,0.0,0.0,0.0,0.0,1.0,0.0,0.0,0.0,0.0,0.0,super built up,low,new,emaar mgf emerald floors premier,gurgaon,3.575
126.35,2.0,2.0,0.0,0.0,sector 86,11.0,1.0,0.0,0.0,0.0,0.0,0.0,0.0,0.0,0.0,0.0,0.0,0.0,1.0,0.0,0.0,0.0,0.0,0.0,1.0,built up,low,under construction,ansal height 86,gurgaon,1.04
186.74,4.0,4.0,2.0,1.0,sector 69,10.0,1.0,0.0,0.0,1.0,0.0,1.0,0.0,1.0,1.0,0.0,0.0,0.0,0.0,1.0,0.0,0.0,0.0,0.0,0.0,super built up,high,new,tulip violet,gurgaon,2.21
203.55,4.0,3.0,3.0,0.0,sector 37,11.0,1.0,0.0,0.0,1.0,0.0,1.0,0.0,1.0,1.0,0.0,0.0,1.0,0.0,1.0,0.0,0.0,0.0,0.0,0.0,super built up,mid,new,bptp terra,gurgaon,2.145
125.42,2.0,2.0,3.0,1.0,sector 90,10.0,1.0,0.0,0.0,1.0,0.0,1.0,0.0,1.0,1.0,0.0,0.0,1.0,0.0,1.0,0.0,0.0,0.0,0.0,0.0,super built up,mid,new,shree vardhman flora,gurgaon,0.8450000000000001
88.26,2.0,2.0,1.0,0.0,sector 4,48.0,1.0,0.0,0.0,0.0,0.0,0.0,1.0,0.0,0.0,0.0,0.0,0.0,0.0,0.0,1.0,0.0,0.0,0.0,0.0,carpet,mid,new,shri ram apartments,gurgaon,0.416
151.43,3.0,4.0,2.0,0.0,sector 92,10.0,1.0,0.0,0.0,1.0,0.0,0.0,0.0,1.0,1.0,0.0,0.0,1.0,0.0,1.0,0.0,0.0,0.0,0.0,0.0,super built up,low,mid aged,dlf garden city floors,gurgaon,2.21
202.16,3.0,3.0,3.0,1.0,sector 78,7.0,1.0,0.0,0.0,0.0,0.0,0.0,1.0,0.0,0.0,0.0,1.0,0.0,0.0,0.0,0.0,0.0,0.0,0.0,0.0,super built up,high,old,umang monsoon breeze,gurgaon,1.495
44.76,2.0,2.0,1.0,0.0,sector 33,10.0,0.0,0.0,0.0,0.0,0.0,0.0,1.0,0.0,0.0,0.0,0.0,0.0,0.0,0.0,0.0,0.0,0.0,0.0,1.0,carpet,low,new,mvn athens,sohna,0.338
36.6,1.0,1.0,1.0,0.0,sector 33,10.0,1.0,0.0,0.0,1.0,0.0,1.0,0.0,1.0,1.0,0.0,0.0,0.0,0.0,1.0,0.0,0.0,1.0,0.0,0.0,carpet,low,new,breez global heights,sohna,0.273
35.3,1.0,1.0,1.0,0.0,sector 95,14.0,0.0,0.0,0.0,0.0,0.0,0.0,0.0,0.0,1.0,1.0,1.0,1.0,0.0,0.0,0.0,1.0,0.0,0.0,1.0,carpet,high,new,rof ananda,gurgaon,0.338
65.03,2.0,2.0,2.0,1.0,sector 67,11.0,0.0,0.0,0.0,1.0,0.0,1.0,0.0,1.0,0.0,0.0,0.0,0.0,1.0,0.0,0.0,0.0,0.0,0.0,0.0,carpet,high,new,pyramid urban,gurgaon,0.7280000000000001
128.21,2.0,2.0,2.0,0.0,sector 33,8.0,1.0,0.0,0.0,1.0,0.0,0.0,0.0,1.0,1.0,0.0,0.0,0.0,0.0,0.0,0.0,0.0,0.0,0.0,0.0,carpet,high,under construction,godrej nature plus,sohna,1.4300000000000002
153.29,3.0,4.0,3.0,1.0,sector 65,6.0,1.0,0.0,0.0,0.0,0.0,0.0,0.0,0.0,1.0,0.0,0.0,0.0,0.0,1.0,0.0,0.0,0.0,0.0,0.0,carpet,low,new,emaar mgf emerald floors premier,gurgaon,2.99
205.97,3.0,4.0,3.0,1.0,sector 113,8.0,1.0,0.0,0.0,1.0,0.0,0.0,0.0,1.0,0.0,0.0,0.0,1.0,0.0,0.0,0.0,0.0,0.0,0.0,0.0,built up,mid,new,la vida by tata housing,gurgaon,3.51
229.47,4.0,4.0,3.0,1.0,sector 25,43.0,1.0,0.0,0.0,0.0,0.0,1.0,1.0,0.0,0.0,0.0,1.0,0.0,0.0,0.0,1.0,0.0,0.0,0.0,1.0,carpet,low,old,dlf belvedere towers,gurgaon,4.42
261.24,4.0,5.0,3.0,0.0,sector 85,13.0,1.0,0.0,0.0,1.0,0.0,1.0,0.0,1.0,1.0,0.0,0.0,1.0,0.0,1.0,0.0,0.0,0.0,1.0,0.0,super built up,mid,new,ss the leaf,gurgaon,2.8600000000000003
222.97,4.0,4.0,3.0,1.0,sector 56,47.0,1.0,0.0,0.0,0.0,1.0,0.0,1.0,0.0,0.0,0.0,1.0,0.0,1.0,0.0,1.0,1.0,0.0,0.0,1.0,super built up,mid,old,the lions cghs,gurgaon,2.587
163.51,3.0,4.0,3.0,1.0,sector 106,11.0,1.0,0.0,0.0,1.0,0.0,1.0,0.0,1.0,1.0,0.0,1.0,1.0,0.0,1.0,0.0,0.0,0.0,0.0,0.0,super built up,high,new,paras dews,gurgaon,1.521
348.39,5.0,7.0,3.0,1.0,sector 83,10.0,0.0,0.0,0.0,1.0,0.0,0.0,0.0,0.0,0.0,0.0,0.0,0.0,0.0,0.0,0.0,0.0,0.0,0.0,0.0,super built up,high,new,emaar palm gardens,gurgaon,4.095
56.67,1.0,2.0,1.0,0.0,sector 56,45.0,1.0,0.0,0.0,0.0,1.0,1.0,1.0,1.0,0.0,0.0,1.0,0.0,1.0,0.0,1.0,1.0,0.0,0.0,1.0,carpet,low,old,kendriya vihar,gurgaon,0.7150000000000001
62.34,1.0,2.0,2.0,0.0,sector 49,15.0,0.0,0.0,0.0,0.0,1.0,0.0,1.0,1.0,0.0,0.0,0.0,0.0,1.0,0.0,0.0,0.0,0.0,0.0,0.0,carpet,low,under construction,satya element one,gurgaon,1.222
215.54,3.0,3.0,3.0,1.0,sector 91,10.0,1.0,0.0,0.0,0.0,0.0,0.0,0.0,1.0,1.0,0.0,0.0,1.0,0.0,1.0,0.0,0.0,0.0,0.0,0.0,carpet,high,new,tarc maceo,gurgaon,2.3400000000000003
191.94,3.0,3.0,3.0,1.0,sector 88,7.0,1.0,0.0,0.0,0.0,1.0,0.0,0.0,1.0,0.0,0.0,0.0,1.0,0.0,0.0,0.0,0.0,0.0,0.0,0.0,carpet,mid,new,godrej oasis,gurgaon,1.7939999999999998
168.25,3.0,3.0,3.0,1.0,sector 37,11.0,1.0,0.0,0.0,1.0,0.0,1.0,0.0,1.0,1.0,0.0,0.0,1.0,0.0,1.0,0.0,0.0,0.0,0.0,0.0,super built up,high,new,bptp terra,gurgaon,1.95
52.86,2.0,2.0,2.0,0.0,sector 95,12.0,0.0,0.0,0.0,1.0,0.0,0.0,0.0,1.0,1.0,0.0,0.0,1.0,1.0,1.0,0.0,0.0,0.0,0.0,0.0,carpet,low,new,signature the roselia,gurgaon,0.5850000000000001
90.12,3.0,2.0,2.0,0.0,sector 70,8.0,1.0,0.0,0.0,0.0,0.0,1.0,0.0,1.0,1.0,0.0,1.0,0.0,0.0,0.0,0.0,0.0,0.0,0.0,0.0,carpet,low,old,tulip orange,gurgaon,1.3
162.67,3.0,3.0,3.0,0.0,sector 33,7.0,1.0,0.0,0.0,0.0,0.0,0.0,0.0,1.0,0.0,0.0,0.0,1.0,0.0,0.0,0.0,0.0,0.0,0.0,0.0,super built up,high,new,eldeco accolade,sohna,1.6900000000000002
120.31,2.0,2.0,3.0,1.0,sector 79,3.0,0.0,0.0,0.0,0.0,0.0,0.0,0.0,0.0,0.0,0.0,0.0,0.0,1.0,0.0,0.0,0.0,0.0,0.0,1.0,super built up,high,new,supertech araville,gurgaon,1.014
53.88,2.0,2.0,1.0,0.0,sector 33,5.0,0.0,0.0,0.0,0.0,0.0,0.0,0.0,0.0,0.0,0.0,0.0,0.0,0.0,0.0,0.0,0.0,0.0,0.0,1.0,carpet,mid,new,hcbs sports ville,sohna,0.416
199.74,3.0,3.0,3.0,1.0,sector 79,10.0,1.0,0.0,0.0,1.0,0.0,0.0,0.0,1.0,1.0,0.0,0.0,0.0,0.0,0.0,0.0,0.0,0.0,0.0,0.0,super built up,mid,new,bestech altura,gurgaon,2.405
103.12,2.0,2.0,3.0,1.0,sector 89,14.0,1.0,0.0,0.0,1.0,0.0,1.0,0.0,1.0,0.0,1.0,1.0,1.0,0.0,1.0,0.0,0.0,0.0,0.0,0.0,carpet,low,new,smart world gems,gurgaon,1.3
219.07,3.0,4.0,3.0,1.0,sector 67,10.0,1.0,0.0,0.0,1.0,0.0,1.0,0.0,1.0,1.0,0.0,0.0,0.0,0.0,1.0,0.0,0.0,1.0,0.0,0.0,super built up,high,new,m3m merlin,gurgaon,4.407
115.66,2.0,2.0,3.0,0.0,sector 68,15.0,1.0,0.0,0.0,1.0,0.0,1.0,0.0,1.0,1.0,0.0,1.0,1.0,0.0,1.0,0.0,0.0,1.0,0.0,0.0,super built up,high,new,pareena mi casa,gurgaon,1.4300000000000002
311.69,3.0,4.0,2.0,0.0,sector 65,9.0,1.0,0.0,0.0,1.0,0.0,1.0,0.0,1.0,1.0,0.0,1.0,0.0,0.0,1.0,0.0,1.0,0.0,0.0,0.0,built up,high,under construction,m3m golfestate,gurgaon,7.995000000000001
78.97,3.0,2.0,1.0,0.0,sector 110,24.0,1.0,0.0,0.0,0.0,1.0,0.0,0.0,1.0,0.0,0.0,1.0,0.0,0.0,0.0,1.0,0.0,0.0,0.0,1.0,carpet,low,new,laxmi apartment,gurgaon,0.7150000000000001
222.97,4.0,5.0,3.0,1.0,sector 70,10.0,1.0,0.0,0.0,1.0,0.0,1.0,0.0,1.0,1.0,0.0,0.0,0.0,0.0,1.0,0.0,0.0,0.0,0.0,0.0,super built up,low,new,tulip ivory,gurgaon,2.6
181.16,3.0,3.0,2.0,1.0,sector 66,14.0,1.0,0.0,0.0,0.0,0.0,1.0,0.0,1.0,1.0,0.0,1.0,0.0,0.0,0.0,0.0,0.0,1.0,0.0,0.0,super built up,high,new,emaar mgf the palm drive,gurgaon,3.64
162.58,3.0,3.0,3.0,1.0,sector 109,11.0,1.0,0.0,0.0,1.0,0.0,0.0,0.0,1.0,1.0,0.0,1.0,1.0,0.0,0.0,0.0,0.0,0.0,1.0,0.0,super built up,high,new,ats tourmaline,gurgaon,1.82
212.75,3.0,4.0,3.0,1.0,sector 104,13.0,1.0,0.0,0.0,1.0,0.0,1.0,0.0,1.0,1.0,0.0,1.0,1.0,0.0,1.0,0.0,1.0,0.0,0.0,0.0,carpet,high,new,ats triumph,gurgaon,2.99
58.16,2.0,2.0,1.0,0.0,sector 90,15.0,1.0,0.0,0.0,0.0,0.0,0.0,1.0,1.0,0.0,0.0,0.0,0.0,1.0,0.0,0.0,1.0,1.0,0.0,0.0,super built up,high,new,green court,gurgaon,0.52
48.22,2.0,2.0,1.0,0.0,sector 33,5.0,0.0,0.0,0.0,0.0,0.0,0.0,0.0,0.0,0.0,0.0,0.0,0.0,0.0,0.0,0.0,0.0,0.0,0.0,1.0,carpet,mid,new,hcbs sports ville,sohna,0.377
138.89,3.0,2.0,3.0,1.0,sector 92,10.0,1.0,0.0,0.0,1.0,0.0,0.0,0.0,1.0,1.0,0.0,0.0,1.0,0.0,1.0,0.0,0.0,0.0,0.0,0.0,carpet,low,new,signature global city 92,gurgaon,1.287
204.39,3.0,4.0,3.0,0.0,sector 66,44.0,1.0,0.0,0.0,0.0,1.0,1.0,1.0,0.0,0.0,0.0,0.0,0.0,0.0,0.0,1.0,0.0,1.0,0.0,0.0,built up,low,new,emaar the palm drive,gurgaon,5.07
128.3,2.0,2.0,2.0,0.0,sector 108,13.0,1.0,0.0,0.0,0.0,0.0,1.0,0.0,1.0,1.0,0.0,0.0,1.0,0.0,0.0,0.0,0.0,0.0,1.0,0.0,super built up,low,mid aged,sobha city,gurgaon,2.7300000000000004
153.29,3.0,3.0,3.0,1.0,sector 65,6.0,1.0,0.0,0.0,0.0,0.0,0.0,0.0,0.0,1.0,0.0,0.0,0.0,0.0,1.0,0.0,0.0,0.0,0.0,0.0,super built up,low,new,emaar mgf emerald floors premier,gurgaon,3.25
609.91,5.0,6.0,3.0,0.0,sector 113,12.0,1.0,0.0,0.0,1.0,0.0,1.0,0.0,1.0,1.0,0.0,1.0,1.0,0.0,0.0,0.0,0.0,0.0,0.0,0.0,carpet,high,old,tata gurgaon gateway,gurgaon,7.800000000000001
120.59,3.0,3.0,2.0,1.0,sector 92,8.0,1.0,0.0,0.0,0.0,0.0,0.0,0.0,0.0,0.0,0.0,0.0,0.0,1.0,0.0,0.0,0.0,0.0,0.0,0.0,carpet,high,new,sare homes,gurgaon,0.8840000000000001
247.12,3.0,4.0,3.0,1.0,sector 81,9.0,0.0,0.0,0.0,1.0,0.0,0.0,0.0,1.0,0.0,0.0,0.0,1.0,0.0,0.0,0.0,0.0,0.0,0.0,0.0,super built up,high,new,bestech park view grand spa,gurgaon,2.8600000000000003
212.47,3.0,3.0,3.0,1.0,sector 1,10.0,1.0,0.0,0.0,0.0,0.0,0.0,0.0,0.0,0.0,0.0,0.0,0.0,1.0,0.0,0.0,0.0,0.0,0.0,1.0,super built up,mid,old,green campus chs,manesar,1.1700000000000002
169.83,3.0,3.0,3.0,0.0,sector 65,9.0,1.0,0.0,0.0,0.0,0.0,1.0,0.0,1.0,1.0,0.0,1.0,0.0,0.0,1.0,0.0,0.0,0.0,0.0,0.0,super built up,high,mid aged,m3m skycity,gurgaon,3.705
235.79,3.0,4.0,3.0,1.0,sector 36,14.0,1.0,0.0,0.0,1.0,0.0,1.0,0.0,1.0,1.0,0.0,1.0,1.0,0.0,1.0,0.0,1.0,0.0,0.0,0.0,carpet,high,new,krisumi waterfall residences,gurgaon,5.33
181.16,3.0,3.0,2.0,1.0,sector 78,7.0,1.0,0.0,0.0,0.0,0.0,0.0,1.0,0.0,0.0,0.0,1.0,0.0,0.0,0.0,0.0,0.0,0.0,0.0,0.0,super built up,low,old,umang monsoon breeze,gurgaon,1.1700000000000002
125.42,2.0,2.0,3.0,1.0,sector 84,3.0,0.0,0.0,0.0,0.0,1.0,1.0,0.0,1.0,0.0,0.0,0.0,0.0,0.0,0.0,0.0,0.0,0.0,0.0,0.0,super built up,high,new,antriksh heights,gurgaon,0.8969999999999999
189.71,3.0,3.0,3.0,1.0,sector 110,6.0,1.0,0.0,0.0,1.0,0.0,1.0,0.0,1.0,1.0,0.0,0.0,1.0,0.0,0.0,0.0,0.0,0.0,0.0,0.0,super built up,mid,new,mahindra aura,gurgaon,2.3400000000000003
185.81,3.0,3.0,3.0,1.0,sector 102,10.0,1.0,0.0,0.0,1.0,0.0,0.0,0.0,1.0,1.0,1.0,0.0,1.0,0.0,1.0,0.0,0.0,0.0,1.0,0.0,carpet,high,new,emaar imperial gardens,gurgaon,2.574
185.81,3.0,4.0,2.0,1.0,sector 12,50.0,1.0,0.0,0.0,0.0,0.0,0.0,1.0,1.0,0.0,0.0,0.0,0.0,1.0,0.0,1.0,0.0,0.0,0.0,0.0,built up,low,old,bhagwati sadan,gurgaon,1.495
106.84,2.0,2.0,2.0,0.0,sector 61,9.0,1.0,0.0,0.0,1.0,0.0,0.0,0.0,1.0,1.0,1.0,1.0,0.0,0.0,0.0,0.0,0.0,0.0,0.0,0.0,carpet,mid,under construction,smart world orchard,gurgaon,2.21
51.0196,2.0,2.0,1.0,0.0,sector 95,14.0,0.0,0.0,0.0,0.0,0.0,0.0,0.0,0.0,1.0,1.0,1.0,1.0,0.0,0.0,0.0,1.0,0.0,0.0,1.0,carpet,high,new,rof ananda,gurgaon,0.429
242.01,3.0,3.0,3.0,1.0,sector 50,9.0,1.0,0.0,0.0,0.0,0.0,1.0,0.0,1.0,1.0,1.0,1.0,0.0,0.0,0.0,0.0,0.0,0.0,0.0,0.0,super built up,low,old,the close north,gurgaon,3.445
119.38,3.0,3.0,2.0,0.0,sector 37,4.0,0.0,0.0,0.0,0.0,0.0,0.0,0.0,1.0,0.0,0.0,0.0,1.0,0.0,0.0,0.0,0.0,0.0,0.0,0.0,super built up,mid,new,ramprastha the atrium,gurgaon,1.3
59.37,1.0,1.0,0.0,0.0,sector 62,43.0,1.0,0.0,0.0,0.0,1.0,1.0,1.0,1.0,0.0,0.0,0.0,0.0,0.0,0.0,1.0,0.0,1.0,0.0,1.0,built up,low,under construction,senate court,gurgaon,1.1700000000000002
182.09,3.0,4.0,3.0,0.0,sector 82,11.0,0.0,0.0,0.0,1.0,0.0,1.0,0.0,1.0,1.0,0.0,0.0,0.0,0.0,1.0,0.0,0.0,0.0,0.0,0.0,super built up,high,mid aged,mapsko casa bella,gurgaon,1.625
205.97,3.0,3.0,3.0,1.0,sector 113,8.0,1.0,0.0,0.0,1.0,0.0,0.0,0.0,1.0,0.0,0.0,0.0,1.0,0.0,0.0,0.0,0.0,0.0,0.0,0.0,super built up,low,new,la vida by tata housing,gurgaon,3.1850000000000005
150.5,3.0,3.0,3.0,1.0,sector 71,15.0,1.0,1.0,0.0,0.0,0.0,1.0,1.0,0.0,1.0,0.0,0.0,0.0,0.0,1.0,0.0,1.0,0.0,0.0,0.0,super built up,high,new,chd avenue 71,gurgaon,1.4300000000000002
107.58,2.0,2.0,2.0,0.0,sector 66,15.0,1.0,0.0,0.0,0.0,1.0,0.0,1.0,1.0,0.0,0.0,0.0,0.0,0.0,0.0,0.0,0.0,0.0,0.0,0.0,super built up,mid,new,ireo uptown,gurgaon,1.7160000000000002
154.22,2.0,3.0,3.0,1.0,sector 89,7.0,0.0,0.0,0.0,0.0,0.0,0.0,0.0,0.0,0.0,1.0,0.0,0.0,1.0,0.0,0.0,0.0,0.0,0.0,1.0,super built up,high,under construction,greenopolis,gurgaon,1.04
210.15,3.0,3.0,3.0,1.0,sector 80,10.0,1.0,0.0,0.0,0.0,0.0,0.0,0.0,0.0,0.0,0.0,0.0,0.0,1.0,0.0,0.0,0.0,0.0,0.0,1.0,super built up,mid,old,godrej frontier,gurgaon,2.08
397.53,4.0,6.0,3.0,1.0,sector 62,11.0,1.0,0.0,0.0,1.0,0.0,1.0,0.0,1.0,1.0,0.0,0.0,0.0,0.0,1.0,0.0,0.0,1.0,0.0,0.0,super built up,high,new,pioneer araya,gurgaon,10.855
140.1,3.0,2.0,3.0,0.0,sector 68,10.0,1.0,0.0,0.0,1.0,0.0,1.0,0.0,1.0,1.0,0.0,0.0,0.0,0.0,1.0,0.0,0.0,0.0,0.0,0.0,super built up,high,new,m3m the marina,gurgaon,1.885
174.66,3.0,2.0,3.0,0.0,sector 109,11.0,1.0,0.0,0.0,0.0,0.0,0.0,0.0,0.0,0.0,1.0,0.0,0.0,0.0,0.0,0.0,0.0,0.0,0.0,0.0,super built up,high,new,sbtl caladium,gurgaon,1.638
248.52,4.0,5.0,2.0,1.0,sector 79,10.0,1.0,0.0,0.0,1.0,0.0,0.0,0.0,1.0,1.0,0.0,0.0,0.0,0.0,0.0,0.0,0.0,0.0,0.0,0.0,built up,mid,new,bestech altura,gurgaon,3.315
258.18,4.0,4.0,3.0,1.0,sector 108,9.0,1.0,0.0,0.0,1.0,0.0,1.0,0.0,1.0,1.0,0.0,0.0,1.0,0.0,0.0,0.0,0.0,0.0,0.0,0.0,super built up,high,new,experion the heartsong,gurgaon,2.6
205.97,3.0,3.0,3.0,1.0,sector 113,8.0,1.0,0.0,0.0,1.0,0.0,0.0,0.0,1.0,0.0,0.0,0.0,1.0,0.0,0.0,0.0,0.0,0.0,0.0,0.0,super built up,high,new,la vida by tata housing,gurgaon,3.055
153.29,3.0,3.0,2.0,1.0,sector 102,10.0,1.0,0.0,0.0,1.0,0.0,1.0,0.0,1.0,1.0,0.0,0.0,1.0,0.0,0.0,0.0,0.0,0.0,0.0,0.0,super built up,mid,new,emaar gurgaon greens,gurgaon,1.885
152.36,2.0,2.0,3.0,1.0,sector 85,13.0,1.0,0.0,0.0,1.0,0.0,1.0,0.0,1.0,1.0,0.0,0.0,1.0,0.0,1.0,0.0,0.0,0.0,1.0,0.0,super built up,high,new,ss the leaf,gurgaon,1.4170000000000005
158.49,3.0,4.0,3.0,1.0,sector 70,11.0,1.0,0.0,0.0,1.0,0.0,1.0,0.0,1.0,1.0,0.0,0.0,0.0,0.0,1.0,0.0,0.0,0.0,0.0,0.0,built up,high,new,aipl zen residences,gurgaon,2.275
240.15,3.0,4.0,3.0,1.0,sector 109,11.0,1.0,0.0,0.0,1.0,0.0,0.0,0.0,1.0,1.0,0.0,1.0,1.0,0.0,0.0,0.0,0.0,0.0,1.0,0.0,super built up,high,new,ats tourmaline,gurgaon,2.7300000000000004
168.62,3.0,3.0,1.0,1.0,sector 37,8.0,1.0,0.0,0.0,1.0,1.0,0.0,0.0,1.0,0.0,0.0,0.0,1.0,0.0,0.0,0.0,0.0,0.0,0.0,0.0,super built up,high,new,imperia the esfera,gurgaon,1.287
92.9,2.0,2.0,0.0,0.0,sector 95,4.0,1.0,0.0,0.0,0.0,0.0,0.0,0.0,0.0,0.0,0.0,0.0,0.0,1.0,0.0,0.0,0.0,0.0,0.0,0.0,super built up,low,under construction,ramson kshitij sec-95 gurugram,gurgaon,0.351
176.52,3.0,3.0,3.0,1.0,sector 83,10.0,0.0,0.0,0.0,1.0,0.0,0.0,0.0,0.0,0.0,0.0,0.0,0.0,0.0,0.0,0.0,0.0,0.0,0.0,0.0,super built up,mid,new,emaar palm gardens,gurgaon,2.275
134.71,3.0,4.0,3.0,1.0,sector 77,10.0,1.0,0.0,0.0,1.0,0.0,1.0,0.0,1.0,1.0,0.0,0.0,1.0,0.0,0.0,0.0,0.0,0.0,0.0,0.0,carpet,low,new,emaar mgf palm hills,gurgaon,1.625
128.67,2.0,2.0,3.0,0.0,sector 106,11.0,1.0,0.0,0.0,1.0,0.0,1.0,0.0,1.0,1.0,0.0,1.0,1.0,0.0,1.0,0.0,0.0,0.0,0.0,0.0,super built up,low,new,paras dews,gurgaon,1.144
63.64,1.0,1.0,1.0,0.0,sector 80,15.0,1.0,0.0,0.0,0.0,0.0,0.0,0.0,1.0,0.0,0.0,0.0,0.0,1.0,0.0,0.0,0.0,0.0,0.0,0.0,carpet,high,new,elan mercado,gurgaon,1.105
135.36,2.0,2.0,3.0,1.0,sector 33,7.0,1.0,0.0,0.0,0.0,0.0,0.0,0.0,1.0,0.0,0.0,0.0,1.0,0.0,0.0,0.0,0.0,0.0,0.0,0.0,super built up,high,new,eldeco accolade,sohna,1.4300000000000002
106.84,2.0,2.0,3.0,0.0,sector 82,7.0,1.0,0.0,0.0,1.0,0.0,0.0,0.0,1.0,0.0,0.0,0.0,1.0,0.0,0.0,0.0,0.0,0.0,0.0,0.0,built up,low,old,vatika independent floors,gurgaon,0.8710000000000001
145.67,3.0,3.0,1.0,1.0,sector 69,10.0,1.0,0.0,0.0,1.0,0.0,1.0,0.0,1.0,1.0,0.0,0.0,0.0,0.0,1.0,0.0,0.0,0.0,0.0,0.0,super built up,high,new,tulip violet,gurgaon,1.677
129.04,3.0,2.0,2.0,0.0,sector 104,7.0,1.0,0.0,0.0,0.0,1.0,0.0,0.0,1.0,1.0,1.0,1.0,1.0,0.0,0.0,0.0,0.0,0.0,0.0,0.0,super built up,mid,mid aged,hero homes,gurgaon,1.82
247.12,3.0,4.0,3.0,1.0,sector 81,9.0,0.0,0.0,0.0,1.0,0.0,0.0,0.0,1.0,0.0,0.0,0.0,1.0,0.0,0.0,0.0,0.0,0.0,0.0,0.0,super built up,mid,new,bestech park view grand spa,gurgaon,2.99
213.68,4.0,4.0,0.0,0.0,sector 67,23.0,1.0,0.0,0.0,0.0,0.0,1.0,1.0,0.0,0.0,0.0,0.0,0.0,0.0,0.0,1.0,0.0,0.0,0.0,0.0,carpet,mid,under construction,aardhya homesh,gurgaon,2.405
183.48,4.0,4.0,3.0,1.0,sector 65,6.0,1.0,0.0,0.0,0.0,0.0,0.0,0.0,0.0,1.0,0.0,0.0,0.0,0.0,1.0,0.0,0.0,0.0,0.0,0.0,super built up,mid,new,emaar mgf emerald floors premier,gurgaon,4.55
161.19,3.0,3.0,2.0,1.0,sector 83,10.0,0.0,0.0,0.0,1.0,0.0,0.0,0.0,1.0,1.0,0.0,1.0,1.0,0.0,0.0,0.0,0.0,0.0,0.0,0.0,super built up,mid,new,vatika gurgaon 21,gurgaon,1.4560000000000002
53.51,2.0,2.0,2.0,0.0,sector 33,6.0,0.0,0.0,0.0,0.0,0.0,0.0,0.0,0.0,1.0,0.0,0.0,1.0,0.0,0.0,0.0,1.0,0.0,0.0,0.0,super built up,high,new,gls arawali homes,sohna,0.4549999999999999
223.71,3.0,4.0,3.0,1.0,sector 85,13.0,1.0,0.0,0.0,1.0,0.0,1.0,0.0,1.0,1.0,0.0,0.0,1.0,0.0,1.0,0.0,0.0,0.0,1.0,0.0,super built up,mid,new,ss the leaf,gurgaon,2.301
76.37,2.0,2.0,3.0,0.0,sector 33,8.0,1.0,0.0,0.0,0.0,0.0,0.0,0.0,1.0,1.0,1.0,1.0,0.0,0.0,0.0,0.0,0.0,0.0,0.0,0.0,carpet,low,new,signature global park,sohna,0.7280000000000001
55.83,2.0,2.0,1.0,0.0,sector 86,9.0,0.0,0.0,0.0,1.0,0.0,0.0,0.0,1.0,0.0,0.0,0.0,0.0,0.0,0.0,0.0,0.0,0.0,0.0,0.0,carpet,low,new,pyramid urban homes 2,gurgaon,0.546
194.17,4.0,4.0,2.0,1.0,sector 92,11.0,0.0,0.0,0.0,0.0,0.0,0.0,0.0,1.0,1.0,0.0,1.0,1.0,0.0,0.0,0.0,0.0,0.0,0.0,0.0,super built up,high,new,sare green parc phase 3,gurgaon,1.404
134.15,2.0,2.0,3.0,0.0,sector 3,11.0,1.0,0.0,0.0,1.0,0.0,1.0,0.0,1.0,1.0,0.0,1.0,1.0,0.0,1.0,0.0,0.0,0.0,0.0,0.0,super built up,high,mid aged,godrej habitat,gurgaon,1.625
55.27,2.0,2.0,2.0,0.0,sector 93,8.0,0.0,0.0,0.0,1.0,0.0,0.0,0.0,1.0,1.0,0.0,0.0,0.0,0.0,0.0,0.0,0.0,0.0,0.0,0.0,carpet,mid,new,signature global orchard avenue,gurgaon,0.494
139.35,3.0,4.0,3.0,1.0,sector 83,10.0,0.0,0.0,0.0,1.0,0.0,0.0,0.0,0.0,0.0,0.0,0.0,0.0,0.0,0.0,0.0,0.0,0.0,0.0,0.0,carpet,mid,new,emaar palm gardens,gurgaon,2.3400000000000003
216.0,4.0,4.0,3.0,1.0,sector 92,11.0,1.0,0.0,0.0,1.0,0.0,1.0,0.0,1.0,1.0,0.0,0.0,1.0,0.0,1.0,0.0,0.0,0.0,0.0,0.0,super built up,high,new,bestech park view sanskruti,gurgaon,2.47
538.84,4.0,5.0,3.0,1.0,sector 2,14.0,0.0,0.0,0.0,0.0,0.0,0.0,0.0,1.0,0.0,0.0,0.0,0.0,0.0,0.0,0.0,0.0,0.0,0.0,1.0,super built up,high,new,krrish provence estate,gurgaon,7.15
408.77,4.0,6.0,3.0,0.0,sector 24,42.0,1.0,0.0,0.0,0.0,0.0,0.0,1.0,0.0,0.0,0.0,1.0,0.0,0.0,0.0,1.0,0.0,0.0,0.0,1.0,carpet,mid,old,lagoon apartment,gurgaon,7.800000000000001
253.35,4.0,4.0,3.0,0.0,sector 90,6.0,1.0,0.0,0.0,0.0,0.0,0.0,0.0,1.0,1.0,0.0,0.0,0.0,0.0,1.0,0.0,0.0,0.0,0.0,0.0,super built up,mid,old,dlf new town heights 1,gurgaon,2.145
199.65,3.0,4.0,3.0,1.0,sector 102,15.0,0.0,0.0,0.0,1.0,0.0,1.0,0.0,1.0,1.0,1.0,1.0,1.0,0.0,1.0,0.0,0.0,0.0,1.0,0.0,super built up,high,new,conscient heritage max,gurgaon,2.795
83.61204013377927,2.0,2.0,3.0,0.0,sector 33,8.0,1.0,0.0,0.0,1.0,0.0,0.0,0.0,1.0,1.0,0.0,0.0,0.0,0.0,0.0,0.0,0.0,0.0,0.0,0.0,carpet,high,mid aged,godrej nature plus,sohna,1.404
134.71,3.0,3.0,3.0,1.0,sector 15,49.0,1.0,0.0,0.0,0.0,1.0,0.0,1.0,1.0,0.0,0.0,0.0,0.0,1.0,0.0,1.0,1.0,0.0,0.0,1.0,carpet,low,old,park view apartments,gurgaon,2.08
185.81,4.0,4.0,3.0,0.0,sector 2,15.0,1.0,0.0,0.0,0.0,1.0,1.0,1.0,1.0,0.0,0.0,0.0,0.0,0.0,0.0,1.0,0.0,0.0,0.0,0.0,super built up,high,old,valley view estate,gurgaon,1.95
212.75,3.0,4.0,3.0,1.0,sector 104,13.0,1.0,0.0,0.0,1.0,0.0,1.0,0.0,1.0,1.0,0.0,1.0,1.0,0.0,1.0,0.0,1.0,0.0,0.0,0.0,super built up,high,new,ats triumph,gurgaon,2.405
222.97,4.0,4.0,3.0,1.0,sector 56,46.0,1.0,0.0,0.0,0.0,1.0,1.0,1.0,0.0,0.0,0.0,1.0,0.0,1.0,0.0,1.0,1.0,0.0,0.0,1.0,super built up,mid,new,the lions cghs,gurgaon,2.717
213.21,3.0,3.0,3.0,0.0,sector 59,15.0,1.0,0.0,0.0,1.0,0.0,1.0,0.0,1.0,1.0,1.0,1.0,0.0,0.0,0.0,0.0,0.0,0.0,0.0,0.0,carpet,low,mid aged,conscient elevate,gurgaon,4.914
418.06,4.0,4.0,3.0,1.0,sector 72,10.0,1.0,0.0,0.0,0.0,0.0,1.0,0.0,1.0,0.0,0.0,1.0,0.0,0.0,1.0,0.0,0.0,0.0,0.0,0.0,built up,low,old,tata primanti,gurgaon,6.5
199.74,4.0,4.0,3.0,1.0,sector 56,46.0,1.0,0.0,0.0,0.0,1.0,1.0,1.0,0.0,0.0,0.0,1.0,0.0,1.0,0.0,1.0,1.0,0.0,0.0,1.0,super built up,mid,new,the lions cghs,gurgaon,2.665
75.25,2.0,2.0,1.0,0.0,sector 33,48.0,1.0,0.0,0.0,0.0,0.0,0.0,0.0,1.0,0.0,0.0,0.0,0.0,1.0,0.0,0.0,1.0,0.0,0.0,0.0,super built up,low,old,hanumanta apartment,gurgaon,0.559
198.07,3.0,3.0,3.0,1.0,sector 81,9.0,1.0,0.0,0.0,0.0,0.0,0.0,0.0,1.0,1.0,0.0,1.0,0.0,0.0,0.0,0.0,0.0,0.0,0.0,0.0,super built up,low,new,dlf the ultima,gurgaon,2.873
31.6,1.0,1.0,1.0,0.0,sector 33,10.0,0.0,0.0,0.0,0.0,0.0,0.0,1.0,0.0,0.0,0.0,0.0,0.0,0.0,0.0,0.0,0.0,0.0,0.0,1.0,carpet,high,new,mvn athens,sohna,0.312
65.03,2.0,2.0,1.0,1.0,sector 3,48.0,1.0,0.0,0.0,0.0,0.0,0.0,0.0,0.0,0.0,0.0,0.0,0.0,0.0,0.0,1.0,0.0,0.0,0.0,0.0,carpet,mid,new,shyam sadan,gurgaon,0.7150000000000001
125.42,2.0,2.0,2.0,1.0,sector 67,12.0,0.0,0.0,0.0,1.0,0.0,1.0,0.0,1.0,1.0,0.0,1.0,0.0,0.0,1.0,0.0,0.0,0.0,0.0,0.0,carpet,high,new,ireo the corridors,gurgaon,1.95
94.76,2.0,2.0,2.0,1.0,sector 65,8.0,1.0,0.0,0.0,1.0,0.0,0.0,0.0,1.0,1.0,0.0,1.0,0.0,0.0,0.0,0.0,0.0,1.0,0.0,0.0,super built up,mid,new,emaar mgf emerald estate,gurgaon,1.6900000000000002
121.7,2.0,2.0,2.0,0.0,sector 91,10.0,1.0,0.0,0.0,0.0,0.0,0.0,0.0,1.0,1.0,0.0,0.0,1.0,0.0,1.0,0.0,0.0,0.0,0.0,0.0,super built up,high,new,tarc maceo,gurgaon,1.1700000000000002
153.29,3.0,3.0,3.0,1.0,sector 65,6.0,1.0,0.0,0.0,0.0,0.0,0.0,0.0,0.0,1.0,0.0,0.0,0.0,0.0,1.0,0.0,0.0,0.0,0.0,0.0,carpet,mid,new,emaar mgf emerald floors premier,gurgaon,3.445
65.03,1.0,1.0,1.0,0.0,sector 106,5.0,0.0,0.0,0.0,0.0,0.0,0.0,0.0,0.0,1.0,1.0,1.0,1.0,0.0,0.0,0.0,0.0,0.0,0.0,0.0,super built up,mid,new,viridian the plaza 106,gurgaon,0.507
126.35,2.0,2.0,2.0,0.0,sector 81,9.0,0.0,0.0,0.0,1.0,0.0,0.0,0.0,1.0,0.0,0.0,1.0,1.0,0.0,0.0,0.0,0.0,0.0,0.0,0.0,super built up,high,new,bestech park view ananda,gurgaon,1.235
158.96,3.0,3.0,2.0,0.0,sector 108,13.0,1.0,0.0,0.0,0.0,0.0,1.0,0.0,1.0,1.0,0.0,0.0,1.0,0.0,0.0,0.0,0.0,0.0,1.0,0.0,super built up,high,new,sobha city,gurgaon,3.3800000000000003
124.49,2.0,2.0,3.0,1.0,sector 37,9.0,1.0,0.0,0.0,1.0,0.0,1.0,0.0,1.0,1.0,1.0,0.0,1.0,0.0,0.0,0.0,0.0,0.0,0.0,0.0,super built up,high,new,ild greens,gurgaon,1.235
199.74,3.0,4.0,3.0,1.0,sector 109,11.0,1.0,0.0,0.0,1.0,0.0,0.0,0.0,1.0,1.0,0.0,1.0,1.0,0.0,0.0,0.0,0.0,0.0,1.0,0.0,super built up,low,new,ats tourmaline,gurgaon,2.275
292.64,4.0,4.0,3.0,1.0,sector 109,15.0,0.0,0.0,0.0,0.0,1.0,0.0,1.0,1.0,1.0,0.0,0.0,0.0,1.0,0.0,1.0,0.0,1.0,1.0,0.0,built up,mid,new,ats kocoon,gurgaon,3.835
181.16,3.0,5.0,0.0,0.0,sector 70,15.0,1.0,0.0,0.0,1.0,0.0,1.0,1.0,0.0,0.0,0.0,0.0,0.0,1.0,0.0,0.0,0.0,0.0,0.0,0.0,built up,high,under construction,shree vardhman victoria,gurgaon,2.275
143.91,3.0,3.0,2.0,0.0,sector 61,9.0,1.0,0.0,0.0,1.0,0.0,0.0,0.0,1.0,1.0,1.0,1.0,0.0,0.0,0.0,0.0,0.0,0.0,0.0,0.0,carpet,mid,new,smart world orchard,gurgaon,2.8600000000000003
204.39,3.0,3.0,3.0,1.0,sector 66,14.0,1.0,0.0,0.0,0.0,0.0,1.0,0.0,1.0,1.0,0.0,1.0,0.0,0.0,0.0,0.0,0.0,1.0,0.0,0.0,super built up,high,new,emaar mgf the palm drive,gurgaon,4.16
185.43,3.0,3.0,0.0,0.0,sector 33,8.0,1.0,0.0,0.0,1.0,0.0,0.0,0.0,1.0,1.0,0.0,0.0,0.0,0.0,0.0,0.0,0.0,0.0,0.0,0.0,built up,low,under construction,godrej nature plus,sohna,2.275
166.67,3.0,3.0,3.0,0.0,sector 88,7.0,1.0,0.0,0.0,0.0,1.0,0.0,0.0,1.0,0.0,0.0,0.0,1.0,0.0,0.0,0.0,0.0,0.0,0.0,0.0,carpet,high,new,godrej oasis,gurgaon,1.885
186.74,4.0,4.0,2.0,0.0,sector 69,10.0,1.0,0.0,0.0,1.0,0.0,1.0,0.0,1.0,1.0,0.0,0.0,0.0,0.0,1.0,0.0,0.0,0.0,0.0,0.0,super built up,mid,new,tulip violet,gurgaon,2.184
143.81,3.0,3.0,3.0,1.0,sector 95,4.0,1.0,0.0,0.0,0.0,0.0,0.0,0.0,0.0,0.0,0.0,0.0,0.0,1.0,0.0,0.0,0.0,0.0,0.0,0.0,carpet,high,new,sidhartha ncr greens,gurgaon,1.248
50.73,2.0,2.0,1.0,0.0,sector 107,10.0,0.0,0.0,0.0,1.0,0.0,0.0,0.0,1.0,0.0,0.0,0.0,1.0,0.0,0.0,0.0,0.0,0.0,0.0,0.0,super built up,high,new,signature global solera,gurgaon,0.65
115.66,2.0,2.0,2.0,1.0,sector 83,10.0,0.0,0.0,0.0,1.0,0.0,0.0,0.0,1.0,1.0,0.0,1.0,1.0,0.0,0.0,0.0,0.0,0.0,0.0,0.0,super built up,high,old,vatika gurgaon 21,gurgaon,1.105
53.51,2.0,2.0,2.0,0.0,sector 33,6.0,0.0,0.0,0.0,0.0,0.0,0.0,0.0,0.0,1.0,0.0,0.0,1.0,0.0,0.0,0.0,1.0,0.0,0.0,0.0,carpet,low,new,gls arawali homes,sohna,0.351
340.95,5.0,5.0,3.0,1.0,sector 66,5.0,1.0,0.0,0.0,0.0,0.0,0.0,0.0,1.0,1.0,0.0,1.0,0.0,0.0,0.0,0.0,0.0,0.0,0.0,0.0,super built up,high,new,emaar mgf palm terraces,gurgaon,5.8500000000000005
203.55,4.0,4.0,3.0,0.0,sector 37,11.0,1.0,0.0,0.0,1.0,0.0,1.0,0.0,1.0,1.0,0.0,0.0,1.0,0.0,1.0,0.0,0.0,0.0,0.0,0.0,super built up,high,new,bptp terra,gurgaon,2.171
258.27,3.0,4.0,3.0,1.0,sector 99,10.0,1.0,0.0,0.0,1.0,0.0,1.0,0.0,1.0,1.0,0.0,0.0,1.0,0.0,1.0,0.0,0.0,0.0,0.0,0.0,super built up,low,new,vatika sovereign park,gurgaon,3.1850000000000005
125.42,2.0,2.0,3.0,1.0,sector 84,3.0,0.0,0.0,0.0,0.0,1.0,1.0,0.0,1.0,0.0,0.0,0.0,0.0,0.0,0.0,0.0,0.0,0.0,0.0,0.0,super built up,high,new,antriksh heights,gurgaon,1.105
190.17,3.0,3.0,3.0,1.0,sector 67,10.0,1.0,0.0,0.0,1.0,0.0,1.0,0.0,1.0,1.0,0.0,0.0,0.0,0.0,1.0,0.0,0.0,1.0,0.0,0.0,super built up,high,new,m3m merlin,gurgaon,3.77
115.66,2.0,2.0,2.0,1.0,sector 83,10.0,0.0,0.0,0.0,1.0,0.0,0.0,0.0,1.0,1.0,0.0,1.0,1.0,0.0,0.0,0.0,0.0,0.0,0.0,0.0,super built up,low,new,vatika gurgaon 21,gurgaon,1.014
191.1,4.0,4.0,3.0,1.0,sector 92,8.0,1.0,0.0,0.0,0.0,0.0,0.0,0.0,0.0,0.0,0.0,0.0,0.0,1.0,0.0,0.0,0.0,0.0,0.0,0.0,carpet,mid,new,sare homes,gurgaon,1.4300000000000002
135.64,2.0,2.0,2.0,0.0,sector 68,50.0,1.0,0.0,0.0,0.0,0.0,0.0,1.0,1.0,0.0,0.0,0.0,0.0,0.0,0.0,0.0,0.0,0.0,0.0,0.0,built up,high,new,espire south,gurgaon,1.7160000000000002
112.88,2.0,2.0,3.0,1.0,sector 102,13.0,1.0,0.0,0.0,1.0,1.0,0.0,0.0,1.0,1.0,0.0,0.0,1.0,0.0,1.0,0.0,0.0,1.0,0.0,0.0,super built up,high,new,shapoorji pallonji joyville gurugram,gurgaon,1.6900000000000002
128.39,3.0,3.0,3.0,0.0,sector 54,47.0,1.0,0.0,0.0,0.0,1.0,0.0,1.0,0.0,0.0,0.0,1.0,0.0,1.0,0.0,1.0,1.0,0.0,0.0,1.0,built up,low,under construction,dlf the grove,gurgaon,7.41
142.79,3.0,3.0,3.0,0.0,sector 37,29.0,1.0,0.0,0.0,0.0,0.0,0.0,0.0,0.0,0.0,1.0,0.0,0.0,0.0,0.0,0.0,0.0,0.0,0.0,0.0,built up,high,old,piedmont taksila heights,gurgaon,1.1700000000000002
144.93,3.0,2.0,3.0,1.0,sector 17,48.0,1.0,0.0,0.0,0.0,0.0,1.0,1.0,0.0,0.0,0.0,1.0,0.0,0.0,0.0,0.0,1.0,0.0,0.0,1.0,super built up,low,old,essel tower,gurgaon,2.405
168.62,3.0,3.0,0.0,0.0,sector 79,9.0,0.0,0.0,0.0,1.0,0.0,0.0,0.0,1.0,1.0,0.0,1.0,1.0,0.0,0.0,0.0,0.0,0.0,0.0,0.0,built up,high,under construction,mapsko mount ville,gurgaon,2.145
178.37,3.0,3.0,3.0,0.0,sector 37,29.0,1.0,0.0,0.0,0.0,0.0,0.0,0.0,0.0,0.0,1.0,0.0,0.0,0.0,0.0,0.0,0.0,0.0,0.0,0.0,super built up,mid,new,piedmont taksila heights,gurgaon,1.3650000000000002
223.71,3.0,4.0,3.0,1.0,sector 85,13.0,1.0,0.0,0.0,1.0,0.0,1.0,0.0,1.0,1.0,0.0,0.0,1.0,0.0,1.0,0.0,0.0,0.0,1.0,0.0,super built up,high,new,ss the leaf,gurgaon,2.587
428.56,4.0,6.0,3.0,1.0,sector 62,11.0,1.0,0.0,0.0,1.0,0.0,1.0,0.0,1.0,1.0,0.0,0.0,0.0,0.0,1.0,0.0,0.0,1.0,0.0,0.0,super built up,mid,new,pioneer araya,gurgaon,11.96
167.23,4.0,3.0,3.0,1.0,sector 55,42.0,1.0,0.0,0.0,0.0,1.0,1.0,1.0,1.0,0.0,0.0,1.0,0.0,1.0,0.0,1.0,1.0,0.0,0.0,1.0,carpet,high,old,sidhivinayak apartments,gurgaon,2.47
292.64,4.0,4.0,3.0,1.0,sector 104,13.0,1.0,0.0,0.0,1.0,0.0,1.0,0.0,1.0,1.0,0.0,1.0,1.0,0.0,1.0,0.0,1.0,0.0,0.0,0.0,super built up,high,new,ats triumph,gurgaon,3.445
183.48,4.0,4.0,3.0,1.0,sector 65,6.0,1.0,0.0,0.0,0.0,0.0,0.0,0.0,0.0,1.0,0.0,0.0,0.0,0.0,1.0,0.0,0.0,0.0,0.0,0.0,carpet,low,new,emaar mgf emerald floors premier,gurgaon,3.601
145.39,2.0,2.0,3.0,1.0,sector 2,10.0,1.0,0.0,0.0,1.0,1.0,0.0,0.0,1.0,1.0,1.0,1.0,0.0,0.0,0.0,0.0,0.0,0.0,0.0,0.0,super built up,high,old,bestech park view residency,gurgaon,1.274
164.44,3.0,3.0,3.0,0.0,sector 37,15.0,1.0,1.0,0.0,0.0,0.0,1.0,1.0,1.0,0.0,0.0,0.0,0.0,0.0,0.0,1.0,0.0,1.0,0.0,0.0,super built up,high,old,ramprastha the edge towers,gurgaon,1.3
73.39,2.0,2.0,0.0,0.0,sector 6,49.0,1.0,0.0,0.0,0.0,0.0,0.0,1.0,0.0,0.0,0.0,0.0,0.0,0.0,0.0,1.0,0.0,0.0,0.0,0.0,built up,low,new,divya apartments,gurgaon,0.78
117.24,2.0,2.0,2.0,0.0,sector 70,14.0,1.0,0.0,0.0,0.0,0.0,1.0,1.0,0.0,0.0,0.0,0.0,0.0,0.0,0.0,1.0,0.0,0.0,0.0,0.0,built up,high,under construction,aipl zen residences,gurgaon,1.82
153.29,3.0,4.0,3.0,1.0,sector 65,6.0,1.0,0.0,0.0,0.0,0.0,0.0,0.0,0.0,1.0,0.0,0.0,0.0,0.0,1.0,0.0,0.0,0.0,0.0,0.0,carpet,low,new,emaar mgf emerald floors premier,gurgaon,2.9770000000000003
157.19,3.0,3.0,2.0,0.0,sector 102,13.0,1.0,0.0,0.0,1.0,1.0,0.0,0.0,1.0,1.0,0.0,0.0,1.0,0.0,1.0,0.0,0.0,1.0,0.0,0.0,super built up,low,new,shapoorji pallonji joyville gurugram,gurgaon,2.639
190.92,3.0,3.0,3.0,0.0,sector 37,10.0,1.0,0.0,0.0,1.0,0.0,1.0,0.0,1.0,1.0,0.0,0.0,1.0,0.0,1.0,0.0,0.0,0.0,0.0,0.0,carpet,mid,mid aged,signature global city,gurgaon,1.625
139.17,2.0,2.0,2.0,0.0,sector 92,11.0,1.0,0.0,0.0,0.0,0.0,0.0,1.0,1.0,0.0,0.0,0.0,1.0,0.0,0.0,1.0,0.0,0.0,0.0,0.0,built up,mid,new,raheja navodaya,gurgaon,0.806
217.67,3.0,3.0,2.0,1.0,sector 108,13.0,1.0,0.0,0.0,0.0,0.0,1.0,0.0,1.0,1.0,0.0,0.0,1.0,0.0,0.0,0.0,0.0,0.0,1.0,0.0,super built up,high,new,sobha city,gurgaon,4.875
53.88,2.0,2.0,3.0,1.0,sector 37,10.0,1.0,0.0,0.0,1.0,0.0,1.0,0.0,1.0,1.0,0.0,0.0,1.0,0.0,1.0,0.0,0.0,0.0,0.0,0.0,carpet,high,new,signature global city,gurgaon,0.8840000000000001
161.93,3.0,4.0,2.0,1.0,sector 71,15.0,1.0,1.0,0.0,0.0,0.0,1.0,1.0,0.0,1.0,0.0,0.0,0.0,0.0,1.0,0.0,1.0,0.0,0.0,0.0,super built up,high,new,chd avenue 71,gurgaon,1.625
250.84,4.0,4.0,3.0,0.0,sector 48,45.0,1.0,0.0,0.0,0.0,0.0,1.0,1.0,0.0,0.0,0.0,0.0,0.0,0.0,0.0,0.0,0.0,0.0,0.0,0.0,carpet,low,under construction,kibithu villas,gurgaon,4.485
215.91,4.0,5.0,3.0,1.0,sector 104,15.0,1.0,0.0,0.0,1.0,0.0,0.0,0.0,1.0,1.0,1.0,1.0,1.0,0.0,1.0,0.0,0.0,0.0,1.0,0.0,carpet,low,new,godrej summit,gurgaon,2.275
48.77,2.0,2.0,2.0,0.0,sector 99,15.0,1.0,0.0,0.0,0.0,0.0,0.0,1.0,1.0,0.0,1.0,0.0,1.0,1.0,0.0,1.0,0.0,1.0,1.0,0.0,carpet,mid,new,pareena laxmi apartments,gurgaon,0.403
157.94,3.0,2.0,3.0,0.0,sector 37,10.0,0.0,0.0,0.0,1.0,1.0,1.0,0.0,1.0,1.0,0.0,0.0,1.0,0.0,1.0,0.0,0.0,0.0,0.0,0.0,super built up,high,under construction,ramprastha primera,gurgaon,1.326
451.23,4.0,6.0,3.0,1.0,sector 112,8.0,1.0,0.0,0.0,0.0,0.0,1.0,0.0,1.0,1.0,1.0,0.0,1.0,0.0,0.0,0.0,0.0,0.0,0.0,0.0,super built up,high,old,experion windchants,gurgaon,7.279999999999999
152.36,2.0,2.0,3.0,0.0,sector 85,13.0,1.0,0.0,0.0,1.0,0.0,1.0,0.0,1.0,1.0,0.0,0.0,1.0,0.0,1.0,0.0,0.0,0.0,1.0,0.0,super built up,mid,new,ss the leaf,gurgaon,1.482
183.02,4.0,4.0,1.0,0.0,sector 69,10.0,1.0,0.0,0.0,1.0,0.0,1.0,0.0,1.0,1.0,0.0,0.0,0.0,0.0,1.0,0.0,0.0,0.0,0.0,0.0,super built up,high,new,tulip violet,gurgaon,2.275
69.68,2.0,2.0,2.0,0.0,sector 2,11.0,0.0,0.0,0.0,1.0,1.0,0.0,0.0,1.0,0.0,0.0,1.0,0.0,0.0,0.0,0.0,0.0,0.0,0.0,0.0,carpet,low,new,suncity vatsal valley,gurgaon,1.3
201.04,3.0,4.0,3.0,1.0,sector 58,13.0,1.0,0.0,0.0,1.0,0.0,1.0,0.0,1.0,1.0,0.0,1.0,0.0,0.0,0.0,0.0,0.0,0.0,0.0,0.0,super built up,mid,old,ireo the grand arch,gurgaon,5.2
98.48,3.0,3.0,2.0,0.0,sector 12,50.0,1.0,0.0,0.0,0.0,0.0,0.0,1.0,1.0,0.0,0.0,0.0,0.0,1.0,0.0,1.0,0.0,0.0,0.0,0.0,carpet,low,new,ss radiance residency,gurgaon,0.78
111.3,2.0,2.0,2.0,0.0,sector 71,15.0,1.0,1.0,0.0,0.0,0.0,1.0,1.0,0.0,1.0,0.0,0.0,0.0,0.0,1.0,0.0,1.0,0.0,0.0,0.0,super built up,mid,old,chd avenue 71,gurgaon,1.235
187.66,4.0,4.0,3.0,0.0,sector 92,8.0,1.0,0.0,0.0,0.0,0.0,0.0,0.0,0.0,0.0,0.0,0.0,0.0,1.0,0.0,0.0,0.0,0.0,0.0,0.0,super built up,high,new,sare crescent parc royal greens phase 1,gurgaon,1.3
118.45,2.0,2.0,3.0,0.0,sector 33,7.0,1.0,0.0,0.0,0.0,0.0,0.0,0.0,1.0,0.0,0.0,0.0,1.0,0.0,0.0,0.0,0.0,0.0,0.0,0.0,super built up,high,new,eldeco accolade,sohna,0.936
222.97,4.0,4.0,3.0,1.0,sector 69,11.0,1.0,0.0,0.0,1.0,0.0,1.0,0.0,1.0,1.0,1.0,1.0,0.0,0.0,1.0,0.0,0.0,0.0,0.0,0.0,super built up,mid,old,tulip purple,gurgaon,3.3800000000000003
161.74,2.0,2.0,3.0,1.0,sector 85,13.0,1.0,0.0,0.0,1.0,0.0,1.0,0.0,1.0,1.0,0.0,0.0,1.0,0.0,1.0,0.0,0.0,0.0,1.0,0.0,super built up,high,new,ss the leaf,gurgaon,1.534
102.47,2.0,3.0,2.0,1.0,sector 89,14.0,1.0,0.0,0.0,1.0,0.0,1.0,0.0,1.0,0.0,1.0,1.0,1.0,0.0,1.0,0.0,0.0,0.0,0.0,0.0,carpet,mid,new,smart world gems,gurgaon,1.118
121.15,2.0,2.0,3.0,1.0,sector 70,11.0,1.0,0.0,0.0,1.0,0.0,1.0,0.0,1.0,1.0,0.0,0.0,0.0,0.0,0.0,0.0,0.0,0.0,0.0,0.0,carpet,high,new,aipl club residences,gurgaon,1.651
301.93,4.0,4.0,0.0,0.0,sector 28,45.0,1.0,0.0,0.0,0.0,0.0,1.0,1.0,0.0,0.0,0.0,1.0,0.0,0.0,0.0,1.0,1.0,0.0,0.0,1.0,built up,high,under construction,unitech heritage city,gurgaon,5.538
165.09,3.0,4.0,3.0,1.0,sector 28,47.0,1.0,0.0,0.0,0.0,1.0,0.0,1.0,0.0,0.0,0.0,1.0,0.0,0.0,0.0,1.0,0.0,0.0,0.0,1.0,super built up,high,old,dlf regency park 2,gurgaon,3.055
242.01,3.0,3.0,3.0,1.0,sector 50,9.0,1.0,0.0,0.0,0.0,0.0,1.0,0.0,1.0,1.0,1.0,1.0,0.0,0.0,0.0,0.0,0.0,0.0,0.0,0.0,super built up,high,old,the close north,gurgaon,3.9
243.87,4.0,5.0,3.0,1.0,sector 72,10.0,1.0,0.0,0.0,0.0,0.0,1.0,0.0,1.0,0.0,0.0,1.0,0.0,0.0,1.0,0.0,0.0,0.0,0.0,0.0,built up,high,new,tata primanti,gurgaon,4.55
126.26,3.0,2.0,2.0,0.0,sector 106,20.0,1.0,0.0,0.0,0.0,0.0,0.0,1.0,0.0,0.0,0.0,0.0,0.0,0.0,0.0,1.0,0.0,0.0,0.0,0.0,built up,mid,under construction,mrg skyline,gurgaon,2.366
139.82,3.0,3.0,2.0,0.0,sector 79,10.0,0.0,0.0,0.0,0.0,0.0,0.0,0.0,1.0,1.0,0.0,0.0,0.0,0.0,0.0,0.0,0.0,0.0,1.0,0.0,super built up,mid,new,godrej 101,gurgaon,1.755
62.25,2.0,2.0,2.0,1.0,sector 95,12.0,0.0,0.0,0.0,1.0,0.0,0.0,0.0,1.0,1.0,0.0,0.0,1.0,1.0,1.0,0.0,0.0,0.0,0.0,0.0,built up,high,new,signature the roselia,gurgaon,0.546
182.09,3.0,4.0,3.0,0.0,sector 82,11.0,0.0,0.0,0.0,1.0,0.0,1.0,0.0,1.0,1.0,0.0,0.0,0.0,0.0,1.0,0.0,0.0,0.0,0.0,0.0,super built up,high,mid aged,mapsko casa bella,gurgaon,1.625
167.23,3.0,3.0,3.0,0.0,sector 63,13.0,1.0,0.0,0.0,1.0,0.0,1.0,0.0,1.0,1.0,0.0,1.0,0.0,0.0,1.0,0.0,0.0,1.0,0.0,0.0,carpet,low,new,adani brahma samsara vilasa,gurgaon,3.9
65.03,1.0,1.0,1.0,0.0,sector 106,5.0,0.0,0.0,0.0,0.0,0.0,0.0,0.0,0.0,1.0,1.0,1.0,1.0,0.0,0.0,0.0,0.0,0.0,0.0,0.0,carpet,high,new,viridian the plaza 106,gurgaon,0.5980000000000001
190.27,3.0,3.0,3.0,1.0,sector 67,10.0,1.0,0.0,0.0,1.0,0.0,1.0,0.0,1.0,1.0,0.0,0.0,0.0,0.0,1.0,0.0,0.0,1.0,0.0,0.0,super built up,low,new,m3m merlin,gurgaon,3.64
115.66,2.0,2.0,2.0,1.0,sector 83,10.0,0.0,0.0,0.0,1.0,0.0,0.0,0.0,1.0,1.0,0.0,1.0,1.0,0.0,0.0,0.0,0.0,0.0,0.0,0.0,super built up,high,new,vatika gurgaon 21,gurgaon,0.975
154.68,3.0,3.0,2.0,0.0,sector 113,8.0,1.0,0.0,0.0,1.0,0.0,0.0,0.0,1.0,1.0,1.0,1.0,1.0,0.0,0.0,0.0,0.0,0.0,0.0,0.0,super built up,high,mid aged,m3m capital,gurgaon,2.6
89.0,3.0,3.0,3.0,1.0,sector 89,14.0,1.0,0.0,0.0,1.0,0.0,1.0,0.0,1.0,0.0,1.0,1.0,1.0,0.0,1.0,0.0,0.0,0.0,0.0,0.0,carpet,low,mid aged,smart world gems,gurgaon,1.56
131.92,3.0,3.0,2.0,0.0,sector 15,49.0,1.0,0.0,0.0,0.0,1.0,0.0,1.0,1.0,0.0,0.0,0.0,0.0,1.0,0.0,1.0,1.0,0.0,0.0,0.0,carpet,low,old,dron apartment,gurgaon,1.625
213.68,3.0,3.0,3.0,1.0,sector 1,10.0,1.0,0.0,0.0,0.0,0.0,0.0,0.0,0.0,0.0,0.0,0.0,0.0,1.0,0.0,0.0,0.0,0.0,0.0,1.0,super built up,mid,new,nagata group housing society,gurgaon,1.105
50.91,2.0,2.0,1.0,0.0,sector 107,10.0,0.0,0.0,0.0,1.0,0.0,0.0,0.0,1.0,0.0,0.0,0.0,1.0,0.0,0.0,0.0,0.0,0.0,0.0,0.0,super built up,high,new,signature global solera,gurgaon,0.481
172.06,3.0,3.0,3.0,0.0,sector 102,13.0,1.0,0.0,0.0,1.0,1.0,0.0,0.0,1.0,1.0,0.0,0.0,1.0,0.0,1.0,0.0,0.0,1.0,0.0,0.0,built up,high,new,shapoorji pallonji joyville gurugram,gurgaon,2.756
193.8,3.0,4.0,3.0,1.0,sector 47,42.0,1.0,0.0,0.0,0.0,0.0,1.0,1.0,0.0,0.0,0.0,0.0,0.0,0.0,0.0,0.0,0.0,0.0,0.0,0.0,super built up,high,old,unitech uniworld gardens,gurgaon,3.12
59.18,2.0,2.0,0.0,0.0,sector 95,3.0,1.0,0.0,0.0,0.0,0.0,0.0,0.0,0.0,0.0,0.0,0.0,0.0,0.0,0.0,0.0,0.0,0.0,0.0,0.0,built up,mid,under construction,ramsons kshitij,gurgaon,0.4549999999999999
140.0,2.0,2.0,3.0,1.0,sector 68,10.0,1.0,0.0,0.0,1.0,0.0,1.0,0.0,1.0,1.0,0.0,0.0,0.0,0.0,1.0,0.0,0.0,0.0,0.0,0.0,super built up,high,new,m3m the marina,gurgaon,1.7160000000000002
180.23,3.0,3.0,3.0,1.0,sector 103,18.0,1.0,0.0,0.0,0.0,0.0,0.0,1.0,0.0,0.0,1.0,0.0,0.0,0.0,0.0,0.0,0.0,0.0,0.0,1.0,super built up,low,new,ansal housing highland park,gurgaon,1.625
269.88,4.0,5.0,3.0,1.0,sector 72,10.0,1.0,0.0,0.0,0.0,0.0,1.0,0.0,1.0,0.0,0.0,1.0,0.0,0.0,1.0,0.0,0.0,0.0,0.0,0.0,super built up,high,new,tata primanti,gurgaon,5.005
103.12,2.0,2.0,3.0,0.0,sector 33,13.0,0.0,0.0,0.0,1.0,0.0,1.0,0.0,1.0,1.0,0.0,1.0,1.0,0.0,0.0,0.0,0.0,0.0,0.0,0.0,super built up,high,old,unitech the residences,gurgaon,1.4300000000000002
184.97,3.0,4.0,3.0,1.0,sector 103,15.0,1.0,0.0,0.0,1.0,1.0,1.0,0.0,1.0,1.0,1.0,1.0,1.0,0.0,0.0,0.0,1.0,0.0,0.0,0.0,super built up,low,new,satya the hermitage,gurgaon,1.3
38.46,1.0,1.0,1.0,0.0,sector 33,10.0,1.0,0.0,0.0,1.0,0.0,1.0,0.0,1.0,1.0,0.0,0.0,0.0,0.0,1.0,0.0,0.0,1.0,0.0,0.0,super built up,low,new,breez global heights,sohna,0.325
65.03,4.0,5.0,3.0,0.0,sector 24,41.0,1.0,0.0,0.0,0.0,1.0,0.0,1.0,0.0,0.0,0.0,1.0,0.0,0.0,0.0,1.0,0.0,0.0,0.0,1.0,built up,low,under construction,ambience caitriona,gurgaon,18.2
269.88,4.0,5.0,3.0,1.0,sector 72,10.0,1.0,0.0,0.0,0.0,0.0,1.0,0.0,1.0,0.0,0.0,1.0,0.0,0.0,1.0,0.0,0.0,0.0,0.0,0.0,super built up,high,new,tata primanti,gurgaon,5.2
205.69,3.0,2.0,3.0,0.0,sector 57,45.0,1.0,0.0,0.0,0.0,0.0,0.0,1.0,1.0,0.0,0.0,0.0,0.0,1.0,0.0,1.0,0.0,1.0,0.0,1.0,carpet,low,old,ansal sushant residency,gurgaon,1.95
134.24,2.0,2.0,3.0,0.0,sector 83,10.0,0.0,0.0,0.0,1.0,0.0,0.0,0.0,1.0,1.0,0.0,1.0,1.0,0.0,0.0,0.0,0.0,0.0,0.0,0.0,super built up,mid,new,vatika gurgaon 21,gurgaon,1.274
163.51,3.0,4.0,3.0,0.0,sector 28,48.0,1.0,0.0,0.0,0.0,0.0,0.0,1.0,0.0,0.0,0.0,1.0,0.0,0.0,0.0,1.0,1.0,0.0,0.0,1.0,carpet,low,under construction,essel towers,gurgaon,2.8600000000000003
166.3,3.0,4.0,2.0,1.0,sector 82,10.0,0.0,0.0,0.0,1.0,0.0,0.0,0.0,1.0,0.0,0.0,0.0,0.0,0.0,0.0,0.0,0.0,0.0,0.0,0.0,super built up,high,new,mapsko royale ville,gurgaon,1.495
213.86,3.0,3.0,3.0,1.0,sector 54,47.0,1.0,0.0,0.0,0.0,1.0,1.0,1.0,0.0,0.0,0.0,1.0,0.0,1.0,0.0,1.0,1.0,0.0,0.0,1.0,carpet,high,old,suncity heights,gurgaon,4.2250000000000005
139.82,3.0,3.0,3.0,0.0,sector 79,10.0,0.0,0.0,0.0,0.0,0.0,0.0,0.0,1.0,1.0,0.0,0.0,0.0,0.0,0.0,0.0,0.0,0.0,1.0,0.0,super built up,mid,new,godrej 101,gurgaon,1.664
205.97,3.0,4.0,3.0,1.0,sector 113,8.0,1.0,0.0,0.0,1.0,0.0,0.0,0.0,1.0,0.0,0.0,0.0,1.0,0.0,0.0,0.0,0.0,0.0,0.0,0.0,super built up,mid,new,la vida by tata housing,gurgaon,3.12
157.01,3.0,2.0,1.0,0.0,sector 86,4.0,1.0,0.0,0.0,1.0,0.0,0.0,0.0,1.0,0.0,0.0,0.0,1.0,0.0,0.0,0.0,0.0,0.0,0.0,0.0,carpet,mid,new,ansal heights 86,gurgaon,1.235
94.76,2.0,2.0,2.0,1.0,sector 65,8.0,1.0,0.0,0.0,1.0,0.0,0.0,0.0,1.0,1.0,0.0,1.0,0.0,0.0,0.0,0.0,0.0,1.0,0.0,0.0,super built up,mid,new,emaar mgf emerald estate,gurgaon,1.846
134.71,3.0,3.0,3.0,0.0,sector 77,10.0,1.0,0.0,0.0,1.0,0.0,1.0,0.0,1.0,1.0,0.0,0.0,1.0,0.0,0.0,0.0,0.0,0.0,0.0,0.0,super built up,mid,new,emaar mgf palm hills,gurgaon,1.95
185.81,3.0,4.0,3.0,1.0,sector 39,47.0,1.0,0.0,0.0,0.0,0.0,0.0,1.0,0.0,0.0,0.0,0.0,0.0,0.0,0.0,0.0,1.0,0.0,0.0,0.0,carpet,low,old,city heights,gurgaon,2.275
237.27,4.0,5.0,3.0,1.0,sector 102,15.0,0.0,0.0,0.0,1.0,0.0,1.0,0.0,1.0,1.0,1.0,1.0,1.0,0.0,1.0,0.0,0.0,0.0,1.0,0.0,super built up,high,old,conscient heritage max,gurgaon,3.445
111.48,2.0,2.0,2.0,1.0,sector 61,9.0,1.0,0.0,0.0,1.0,0.0,0.0,0.0,1.0,1.0,1.0,1.0,0.0,0.0,0.0,0.0,0.0,0.0,0.0,0.0,carpet,low,mid aged,smart world orchard,gurgaon,1.911
120.77,3.0,2.0,2.0,0.0,sector 30,49.0,1.0,0.0,0.0,0.0,1.0,0.0,1.0,1.0,0.0,0.0,0.0,0.0,1.0,0.0,0.0,0.0,0.0,0.0,1.0,built up,low,old,afnhb jalvayu vihar,gurgaon,1.885
126.35,2.0,2.0,2.0,0.0,sector 81,9.0,0.0,0.0,0.0,1.0,0.0,0.0,0.0,1.0,0.0,0.0,1.0,1.0,0.0,0.0,0.0,0.0,0.0,0.0,0.0,super built up,high,new,bestech park view ananda,gurgaon,1.235
219.07,3.0,4.0,3.0,1.0,sector 67,10.0,1.0,0.0,0.0,1.0,0.0,1.0,0.0,1.0,1.0,0.0,0.0,0.0,0.0,1.0,0.0,0.0,1.0,0.0,0.0,super built up,high,new,m3m merlin,gurgaon,4.316
139.35,3.0,3.0,3.0,0.0,sector 102,7.0,1.0,0.0,0.0,0.0,0.0,0.0,0.0,0.0,0.0,1.0,0.0,0.0,0.0,0.0,0.0,0.0,0.0,0.0,0.0,super built up,mid,new,the cocoon,gurgaon,2.6
181.16,3.0,5.0,3.0,1.0,sector 70,15.0,1.0,0.0,0.0,1.0,0.0,1.0,1.0,0.0,0.0,0.0,0.0,0.0,1.0,0.0,0.0,0.0,0.0,0.0,0.0,super built up,high,new,shree vardhman victoria,gurgaon,2.015
180.51,3.0,3.0,3.0,1.0,sector 107,6.0,0.0,0.0,0.0,0.0,0.0,0.0,0.0,1.0,1.0,0.0,0.0,0.0,0.0,0.0,0.0,0.0,0.0,0.0,0.0,super built up,low,new,m3m woodshire,gurgaon,1.677
54.16,2.0,2.0,2.0,0.0,sector 84,15.0,1.0,0.0,0.0,0.0,0.0,0.0,1.0,1.0,1.0,0.0,0.0,1.0,1.0,1.0,0.0,0.0,0.0,0.0,0.0,super built up,high,new,pivotal devaan,gurgaon,0.533
251.86,3.0,4.0,2.0,1.0,sector 50,12.0,1.0,0.0,0.0,1.0,0.0,1.0,0.0,1.0,1.0,0.0,1.0,0.0,0.0,1.0,0.0,0.0,0.0,0.0,0.0,super built up,high,new,unitech harmony,gurgaon,3.3800000000000003
74.32,2.0,2.0,3.0,0.0,sector 68,10.0,1.0,0.0,0.0,1.0,0.0,1.0,0.0,1.0,1.0,0.0,0.0,0.0,0.0,1.0,0.0,0.0,0.0,0.0,0.0,carpet,high,new,m3m the marina,gurgaon,1.3
51.48,2.0,2.0,2.0,0.0,sector 33,14.0,1.0,0.0,0.0,0.0,0.0,1.0,1.0,1.0,0.0,1.0,0.0,0.0,0.0,1.0,0.0,0.0,1.0,0.0,0.0,carpet,mid,new,breez global hill view,sohna,3.3800000000000003
130.44,2.0,2.0,3.0,1.0,sector 91,10.0,1.0,0.0,0.0,0.0,0.0,0.0,0.0,1.0,1.0,0.0,0.0,1.0,0.0,1.0,0.0,0.0,0.0,0.0,0.0,super built up,high,new,tarc maceo,gurgaon,1.157
166.2,3.0,3.0,3.0,0.0,sector 33,15.0,0.0,0.0,0.0,0.0,0.0,1.0,1.0,1.0,0.0,0.0,0.0,0.0,1.0,1.0,0.0,0.0,0.0,0.0,1.0,super built up,high,new,central park flower valley aqua front towers,sohna,2.6
185.34,3.0,3.0,3.0,1.0,sector 92,11.0,1.0,0.0,0.0,1.0,0.0,1.0,0.0,1.0,1.0,0.0,0.0,1.0,0.0,1.0,0.0,0.0,0.0,0.0,0.0,super built up,high,new,bestech park view sanskruti,gurgaon,2.015
134.71,3.0,4.0,3.0,1.0,sector 77,10.0,1.0,0.0,0.0,1.0,0.0,1.0,0.0,1.0,1.0,0.0,0.0,1.0,0.0,0.0,0.0,0.0,0.0,0.0,0.0,super built up,low,new,emaar mgf palm hills,gurgaon,1.625
185.81,4.0,3.0,2.0,0.0,sector 92,8.0,1.0,0.0,0.0,0.0,0.0,0.0,0.0,0.0,0.0,0.0,0.0,0.0,1.0,0.0,0.0,0.0,0.0,0.0,0.0,super built up,high,new,sare homes,gurgaon,1.235
113.81,2.0,2.0,2.0,1.0,sector 68,15.0,1.0,0.0,0.0,1.0,0.0,1.0,0.0,1.0,1.0,0.0,1.0,1.0,0.0,1.0,0.0,0.0,1.0,0.0,0.0,carpet,high,new,pareena mi casa,gurgaon,1.3
106.84,2.0,2.0,2.0,1.0,sector 61,9.0,1.0,0.0,0.0,1.0,0.0,0.0,0.0,1.0,1.0,1.0,1.0,0.0,0.0,0.0,0.0,0.0,0.0,0.0,0.0,carpet,mid,new,smart world orchard,gurgaon,1.911
133.41,3.0,3.0,2.0,0.0,sector 92,8.0,1.0,0.0,0.0,0.0,0.0,0.0,0.0,0.0,0.0,0.0,0.0,0.0,1.0,0.0,0.0,0.0,0.0,0.0,0.0,carpet,mid,new,sare crescent parc,gurgaon,0.923
246.19,4.0,3.0,3.0,0.0,sector 43,45.0,1.0,0.0,0.0,0.0,1.0,0.0,1.0,1.0,0.0,0.0,1.0,0.0,1.0,0.0,1.0,0.0,0.0,0.0,1.0,built up,mid,old,surbhi apartment,gurgaon,4.16
136.1,2.0,2.0,3.0,1.0,sector 33,6.0,1.0,0.0,0.0,0.0,0.0,0.0,0.0,1.0,1.0,0.0,0.0,0.0,0.0,0.0,0.0,0.0,0.0,0.0,0.0,super built up,low,new,ashiana mulberry,sohna,1.235
179.3,3.0,3.0,3.0,1.0,sector 90,6.0,1.0,0.0,0.0,0.0,0.0,0.0,0.0,1.0,1.0,0.0,0.0,0.0,0.0,1.0,0.0,0.0,0.0,0.0,0.0,super built up,mid,new,dlf new town heights 1,gurgaon,1.625
59.84,3.0,2.0,1.0,1.0,sector 95,14.0,0.0,0.0,0.0,0.0,0.0,0.0,0.0,0.0,1.0,1.0,1.0,1.0,0.0,0.0,0.0,1.0,0.0,0.0,1.0,carpet,low,new,rof ananda,gurgaon,0.494
152.36,2.0,2.0,3.0,1.0,sector 85,13.0,1.0,0.0,0.0,1.0,0.0,1.0,0.0,1.0,1.0,0.0,0.0,1.0,0.0,1.0,0.0,0.0,0.0,1.0,0.0,super built up,high,new,ss the leaf,gurgaon,1.56
148.64,3.0,3.0,2.0,1.0,sector 83,10.0,0.0,0.0,0.0,1.0,0.0,0.0,0.0,1.0,1.0,0.0,1.0,1.0,0.0,0.0,0.0,0.0,0.0,0.0,0.0,carpet,high,new,vatika gurgaon 21,gurgaon,1.547
97.55,2.0,2.0,1.0,0.0,sector 57,44.0,1.0,0.0,0.0,0.0,0.0,0.0,1.0,1.0,0.0,0.0,1.0,0.0,1.0,0.0,1.0,0.0,1.0,0.0,1.0,super built up,low,old,ansal harmony homes,gurgaon,1.4560000000000002
199.74,3.0,4.0,3.0,1.0,sector 109,11.0,1.0,0.0,0.0,1.0,0.0,0.0,0.0,1.0,1.0,0.0,1.0,1.0,0.0,0.0,0.0,0.0,0.0,1.0,0.0,super built up,mid,new,ats tourmaline,gurgaon,1.885
133.78,3.0,3.0,2.0,0.0,sector 102,12.0,1.0,0.0,0.0,1.0,1.0,1.0,0.0,1.0,1.0,0.0,0.0,1.0,0.0,1.0,0.0,0.0,0.0,0.0,0.0,super built up,low,mid aged,ramprastha city,gurgaon,1.6900000000000002
181.16,3.0,4.0,3.0,1.0,sector 70,15.0,1.0,0.0,0.0,1.0,0.0,1.0,1.0,0.0,0.0,0.0,0.0,0.0,1.0,0.0,0.0,0.0,0.0,0.0,0.0,super built up,low,new,shree vardhman victoria,gurgaon,2.145
137.96,3.0,3.0,3.0,0.0,sector 71,15.0,1.0,1.0,0.0,0.0,0.0,1.0,1.0,0.0,1.0,0.0,0.0,0.0,0.0,1.0,0.0,1.0,0.0,0.0,0.0,super built up,low,new,chd avenue 71,gurgaon,1.3
49.38,2.0,2.0,2.0,0.0,sector 33,7.0,1.0,0.0,0.0,1.0,0.0,0.0,0.0,1.0,1.0,0.0,0.0,0.0,0.0,1.0,0.0,0.0,0.0,0.0,0.0,carpet,mid,new,signature the serenas,sohna,0.65
111.48,2.0,2.0,2.0,0.0,sector 71,15.0,1.0,1.0,0.0,0.0,0.0,1.0,1.0,0.0,1.0,0.0,0.0,0.0,0.0,1.0,0.0,1.0,0.0,0.0,0.0,super built up,mid,old,chd avenue 71,gurgaon,1.066
131.46,3.0,3.0,3.0,0.0,sector 92,8.0,1.0,0.0,0.0,0.0,0.0,0.0,0.0,0.0,0.0,0.0,0.0,0.0,1.0,0.0,0.0,0.0,0.0,0.0,0.0,super built up,low,new,sare homes,gurgaon,0.754
247.12,3.0,4.0,3.0,1.0,sector 81,9.0,0.0,0.0,0.0,1.0,0.0,0.0,0.0,1.0,0.0,0.0,0.0,1.0,0.0,0.0,0.0,0.0,0.0,0.0,0.0,super built up,high,new,bestech park view grand spa,gurgaon,3.055
157.01,3.0,2.0,1.0,0.0,sector 86,4.0,1.0,0.0,0.0,1.0,0.0,0.0,0.0,1.0,0.0,0.0,0.0,1.0,0.0,0.0,0.0,0.0,0.0,0.0,0.0,super built up,high,new,ansal heights 86,gurgaon,1.625
167.13,3.0,3.0,3.0,1.0,sector 82,7.0,1.0,0.0,0.0,0.0,0.0,0.0,0.0,0.0,1.0,0.0,0.0,0.0,0.0,0.0,0.0,0.0,0.0,0.0,0.0,super built up,mid,new,dlf the primus,gurgaon,2.067
154.4,3.0,3.0,3.0,0.0,sector 50,43.0,1.0,0.0,0.0,0.0,1.0,1.0,1.0,1.0,0.0,0.0,0.0,0.0,0.0,0.0,1.0,0.0,1.0,0.0,1.0,built up,high,under construction,unitech fresco,gurgaon,2.405
83.61204013377927,3.0,2.0,3.0,0.0,sector 33,8.0,1.0,0.0,0.0,1.0,0.0,0.0,0.0,1.0,1.0,0.0,0.0,0.0,0.0,0.0,0.0,0.0,0.0,0.0,0.0,super built up,high,new,godrej nature plus,sohna,1.82
132.2,3.0,3.0,3.0,1.0,sector 89,14.0,1.0,0.0,0.0,1.0,0.0,1.0,0.0,1.0,0.0,1.0,1.0,1.0,0.0,1.0,0.0,0.0,0.0,0.0,0.0,super built up,low,mid aged,smart world gems,gurgaon,1.625
83.61,2.0,2.0,1.0,0.0,sector 81,13.0,0.0,0.0,0.0,0.0,0.0,0.0,0.0,0.0,0.0,0.0,0.0,0.0,1.0,0.0,0.0,0.0,0.0,0.0,1.0,carpet,high,new,vipul lavanya,gurgaon,0.78
113.34,2.0,2.0,3.0,0.0,sector 68,10.0,1.0,0.0,0.0,1.0,0.0,1.0,0.0,1.0,1.0,0.0,0.0,0.0,0.0,1.0,0.0,0.0,1.0,0.0,0.0,super built up,mid,new,m3m sierra 68,gurgaon,1.625
349.59,3.0,5.0,2.0,1.0,sector 112,8.0,1.0,0.0,0.0,0.0,0.0,1.0,0.0,1.0,1.0,1.0,0.0,1.0,0.0,0.0,0.0,0.0,0.0,0.0,0.0,super built up,high,new,experion windchants,gurgaon,5.525
179.3,3.0,4.0,3.0,1.0,sector 90,10.0,1.0,0.0,0.0,1.0,0.0,1.0,0.0,1.0,1.0,0.0,0.0,1.0,0.0,1.0,0.0,0.0,0.0,0.0,0.0,super built up,low,new,shree vardhman flora,gurgaon,1.105
219.81,3.0,4.0,3.0,1.0,sector 79,10.0,0.0,0.0,0.0,0.0,0.0,0.0,0.0,1.0,1.0,0.0,0.0,0.0,0.0,0.0,0.0,0.0,0.0,1.0,0.0,carpet,low,new,godrej 101,gurgaon,2.6
235.79,3.0,3.0,2.0,0.0,sector 36,14.0,1.0,0.0,0.0,1.0,0.0,1.0,0.0,1.0,1.0,0.0,1.0,1.0,0.0,1.0,0.0,1.0,0.0,0.0,0.0,super built up,high,new,krisumi waterfall residences,gurgaon,4.745
125.42,2.0,2.0,2.0,0.0,sector 33,8.0,1.0,0.0,0.0,1.0,0.0,0.0,0.0,1.0,0.0,0.0,0.0,1.0,0.0,0.0,0.0,0.0,0.0,0.0,0.0,built up,mid,old,silverglades the melia,sohna,0.975
146.6,3.0,3.0,2.0,0.0,sector 69,10.0,1.0,0.0,0.0,1.0,0.0,1.0,0.0,1.0,1.0,0.0,0.0,0.0,0.0,1.0,0.0,0.0,0.0,0.0,0.0,super built up,low,new,tulip violet,gurgaon,1.82
153.29,3.0,3.0,2.0,1.0,sector 54,15.0,1.0,1.0,0.0,1.0,1.0,0.0,1.0,1.0,1.0,0.0,1.0,0.0,1.0,1.0,0.0,1.0,0.0,0.0,0.0,super built up,low,old,dlf exclusive floors,gurgaon,3.055
153.29,3.0,3.0,3.0,1.0,sector 102,10.0,1.0,0.0,0.0,1.0,0.0,1.0,0.0,1.0,1.0,0.0,0.0,1.0,0.0,0.0,0.0,0.0,0.0,0.0,0.0,super built up,high,new,emaar gurgaon greens,gurgaon,2.002
219.99,3.0,5.0,3.0,1.0,sector 30,15.0,1.0,1.0,0.0,0.0,1.0,1.0,1.0,1.0,0.0,0.0,1.0,0.0,0.0,1.0,1.0,0.0,0.0,0.0,0.0,super built up,high,old,unitech uniworld city,gurgaon,4.615
218.32,4.0,3.0,3.0,1.0,sector 39,47.0,1.0,0.0,0.0,0.0,0.0,0.0,1.0,0.0,0.0,0.0,0.0,0.0,0.0,0.0,0.0,1.0,0.0,0.0,0.0,carpet,high,old,hector trimurti heights,gurgaon,1.95
131.92,2.0,2.0,3.0,0.0,sector 70,15.0,1.0,0.0,0.0,1.0,0.0,1.0,0.0,1.0,1.0,0.0,0.0,0.0,0.0,1.0,0.0,0.0,1.0,0.0,0.0,super built up,mid,old,paras irene,gurgaon,1.56
163.32,3.0,3.0,3.0,1.0,sector 108,9.0,1.0,0.0,0.0,1.0,0.0,1.0,0.0,1.0,1.0,0.0,0.0,1.0,0.0,0.0,0.0,0.0,0.0,0.0,0.0,super built up,low,new,experion the heartsong,gurgaon,1.625
53.51,2.0,2.0,2.0,0.0,sector 33,6.0,0.0,0.0,0.0,0.0,0.0,0.0,0.0,0.0,1.0,0.0,0.0,1.0,0.0,0.0,0.0,1.0,0.0,0.0,0.0,carpet,mid,new,gls arawali homes,sohna,0.338
196.95,3.0,4.0,2.0,1.0,sector 85,15.0,1.0,0.0,0.0,1.0,0.0,0.0,0.0,1.0,1.0,0.0,1.0,0.0,0.0,0.0,0.0,1.0,0.0,0.0,0.0,super built up,mid,new,orris aster court premier,gurgaon,1.7939999999999998
91.97,3.0,2.0,1.0,0.0,sector 7,50.0,1.0,0.0,0.0,0.0,0.0,0.0,1.0,1.0,0.0,0.0,0.0,0.0,0.0,0.0,0.0,0.0,0.0,0.0,1.0,carpet,mid,new,"new colony, gurgaon",gurgaon,1.04
297.29,4.0,4.0,3.0,1.0,sector 43,44.0,1.0,0.0,0.0,0.0,1.0,0.0,1.0,1.0,0.0,0.0,1.0,0.0,1.0,0.0,1.0,0.0,0.0,0.0,1.0,super built up,high,old,bhawna cghs,gurgaon,4.2250000000000005
223.71,3.0,4.0,3.0,0.0,sector 85,13.0,1.0,0.0,0.0,1.0,0.0,1.0,0.0,1.0,1.0,0.0,0.0,1.0,0.0,1.0,0.0,0.0,0.0,1.0,0.0,super built up,high,new,ss the leaf,gurgaon,2.379
161.74,2.0,2.0,3.0,1.0,sector 85,13.0,1.0,0.0,0.0,1.0,0.0,1.0,0.0,1.0,1.0,0.0,0.0,1.0,0.0,1.0,0.0,0.0,0.0,1.0,0.0,super built up,high,new,ss the leaf,gurgaon,1.4560000000000002
183.95,3.0,3.0,2.0,1.0,sector 83,10.0,0.0,0.0,0.0,1.0,0.0,0.0,0.0,1.0,1.0,0.0,1.0,1.0,0.0,0.0,0.0,0.0,0.0,0.0,0.0,super built up,low,new,vatika gurgaon 21,gurgaon,1.495
83.61,2.0,2.0,2.0,1.0,sector 7,50.0,1.0,0.0,0.0,0.0,0.0,0.0,1.0,1.0,0.0,0.0,0.0,0.0,1.0,0.0,1.0,0.0,0.0,0.0,0.0,super built up,low,old,"gokuldham society, bahadurgarh",gurgaon,0.65
260.13,4.0,4.0,3.0,1.0,sector 60,7.0,1.0,0.0,0.0,0.0,0.0,1.0,0.0,1.0,1.0,0.0,1.0,0.0,0.0,0.0,0.0,0.0,0.0,0.0,0.0,super built up,high,new,ireo skyon,gurgaon,4.875
255.48,4.0,4.0,3.0,0.0,sector 111,24.0,1.0,0.0,0.0,0.0,1.0,0.0,0.0,1.0,0.0,0.0,1.0,0.0,0.0,0.0,1.0,0.0,0.0,0.0,0.0,carpet,high,new,m3m crown,gurgaon,6.071
126.91,2.0,2.0,3.0,0.0,sector 107,6.0,0.0,0.0,0.0,0.0,0.0,0.0,0.0,1.0,1.0,0.0,0.0,0.0,0.0,0.0,0.0,0.0,0.0,0.0,0.0,super built up,high,new,m3m woodshire,gurgaon,1.1700000000000002
249.44,3.0,4.0,3.0,1.0,sector 28,11.0,1.0,0.0,0.0,1.0,0.0,0.0,0.0,1.0,1.0,0.0,1.0,0.0,0.0,0.0,0.0,1.0,0.0,0.0,0.0,super built up,high,new,suncity platinum towers,gurgaon,8.06
137.4,2.0,2.0,2.0,0.0,sector 36,11.0,1.0,0.0,0.0,1.0,0.0,0.0,0.0,1.0,1.0,0.0,0.0,1.0,0.0,1.0,0.0,0.0,0.0,0.0,0.0,built up,high,under construction,krisumi waterfall residences,gurgaon,2.99
161.19,3.0,3.0,2.0,0.0,sector 83,10.0,0.0,0.0,0.0,1.0,0.0,0.0,0.0,1.0,1.0,0.0,1.0,1.0,0.0,0.0,0.0,0.0,0.0,0.0,0.0,super built up,high,old,vatika gurgaon 21,gurgaon,1.4560000000000002
44.64,2.0,2.0,2.0,0.0,sector 33,6.0,0.0,0.0,0.0,0.0,0.0,0.0,0.0,0.0,1.0,0.0,0.0,1.0,0.0,0.0,0.0,1.0,0.0,0.0,0.0,carpet,high,new,gls arawali homes,sohna,0.377
210.15,3.0,4.0,2.0,1.0,sector 80,10.0,1.0,0.0,0.0,0.0,0.0,0.0,0.0,0.0,0.0,0.0,0.0,0.0,1.0,0.0,0.0,0.0,0.0,0.0,1.0,super built up,mid,old,godrej frontier,gurgaon,1.82
153.29,3.0,3.0,3.0,1.0,sector 65,6.0,1.0,0.0,0.0,0.0,0.0,0.0,0.0,0.0,1.0,0.0,0.0,0.0,0.0,1.0,0.0,0.0,0.0,0.0,0.0,super built up,low,new,emaar mgf emerald floors premier,gurgaon,3.055
184.88,3.0,3.0,3.0,0.0,sector 92,11.0,1.0,0.0,0.0,0.0,0.0,0.0,1.0,1.0,0.0,0.0,0.0,1.0,0.0,0.0,1.0,0.0,0.0,0.0,0.0,super built up,low,new,raheja navodaya,gurgaon,1.105
142.14,2.0,2.0,3.0,1.0,sector 79,3.0,0.0,0.0,0.0,0.0,0.0,0.0,0.0,0.0,0.0,0.0,0.0,0.0,1.0,0.0,0.0,0.0,0.0,0.0,1.0,carpet,mid,new,supertech araville,gurgaon,1.079
121.7,2.0,2.0,2.0,0.0,sector 65,9.0,1.0,0.0,0.0,0.0,0.0,1.0,0.0,1.0,1.0,0.0,1.0,0.0,0.0,1.0,0.0,0.0,0.0,0.0,0.0,super built up,high,new,m3m skycity,gurgaon,2.7300000000000004
54.16,2.0,2.0,1.0,0.0,sector 84,15.0,1.0,0.0,0.0,0.0,0.0,0.0,1.0,1.0,1.0,0.0,0.0,1.0,1.0,1.0,0.0,0.0,0.0,0.0,0.0,super built up,mid,new,pivotal devaan,gurgaon,0.4549999999999999
50.82,2.0,2.0,2.0,0.0,sector 107,10.0,0.0,0.0,0.0,1.0,0.0,0.0,0.0,1.0,0.0,0.0,0.0,1.0,0.0,0.0,0.0,0.0,0.0,0.0,0.0,carpet,high,new,signature global solera,gurgaon,0.4549999999999999
38.28,1.0,1.0,1.0,0.0,sector 36,15.0,1.0,0.0,0.0,0.0,0.0,0.0,0.0,0.0,0.0,0.0,0.0,0.0,1.0,0.0,0.0,0.0,0.0,0.0,0.0,carpet,high,new,breez global heights,gurgaon,0.312
143.54,3.0,4.0,2.0,1.0,sector 33,13.0,0.0,0.0,0.0,1.0,0.0,1.0,0.0,1.0,1.0,0.0,1.0,1.0,0.0,0.0,0.0,0.0,0.0,0.0,0.0,super built up,high,old,unitech the residences,gurgaon,1.755
97.55,2.0,2.0,2.0,0.0,sector 83,15.0,1.0,0.0,0.0,0.0,0.0,0.0,0.0,1.0,0.0,0.0,0.0,0.0,0.0,0.0,0.0,0.0,0.0,0.0,0.0,super built up,low,new,vatika emilia floors,gurgaon,0.78
186.74,4.0,4.0,2.0,1.0,sector 69,10.0,1.0,0.0,0.0,1.0,0.0,1.0,0.0,1.0,1.0,0.0,0.0,0.0,0.0,1.0,0.0,0.0,0.0,0.0,0.0,super built up,low,new,tulip violet,gurgaon,2.184
57.88,2.0,2.0,2.0,0.0,sector 33,10.0,1.0,0.0,0.0,1.0,0.0,1.0,0.0,1.0,1.0,0.0,0.0,0.0,0.0,1.0,0.0,0.0,1.0,0.0,0.0,super built up,low,new,breez global heights,sohna,0.546
152.36,2.0,2.0,3.0,1.0,sector 85,13.0,1.0,0.0,0.0,1.0,0.0,1.0,0.0,1.0,1.0,0.0,0.0,1.0,0.0,1.0,0.0,0.0,0.0,1.0,0.0,super built up,high,new,ss the leaf,gurgaon,1.404
107.12,2.0,2.0,2.0,1.0,sector 33,8.0,1.0,0.0,0.0,0.0,0.0,0.0,0.0,1.0,1.0,1.0,1.0,0.0,0.0,0.0,0.0,0.0,0.0,0.0,0.0,super built up,low,new,signature global park,sohna,0.8450000000000001
132.2,3.0,3.0,3.0,1.0,sector 89,9.0,1.0,0.0,0.0,0.0,0.0,0.0,0.0,1.0,1.0,0.0,0.0,1.0,0.0,0.0,0.0,0.0,0.0,0.0,0.0,built up,mid,mid aged,m3m soulitude,gurgaon,1.729
179.3,3.0,4.0,3.0,1.0,sector 86,15.0,1.0,0.0,0.0,0.0,0.0,0.0,1.0,1.0,1.0,0.0,0.0,0.0,0.0,0.0,0.0,0.0,0.0,0.0,0.0,super built up,high,new,dlf new town heights 2,gurgaon,1.651
162.58,3.0,3.0,3.0,0.0,sector 109,11.0,1.0,0.0,0.0,1.0,0.0,0.0,0.0,1.0,1.0,0.0,1.0,1.0,0.0,0.0,0.0,0.0,0.0,1.0,0.0,super built up,mid,new,ats tourmaline,gurgaon,1.95
113.81,3.0,3.0,2.0,0.0,sector 11,50.0,1.0,0.0,0.0,0.0,0.0,0.0,1.0,1.0,0.0,0.0,0.0,0.0,1.0,0.0,1.0,1.0,0.0,0.0,0.0,carpet,low,new,ganga apartment,gurgaon,0.962
204.39,4.0,4.0,3.0,0.0,sector 67,11.0,1.0,0.0,0.0,1.0,0.0,1.0,0.0,1.0,1.0,0.0,0.0,0.0,0.0,1.0,0.0,0.0,0.0,0.0,0.0,super built up,low,new,4s aradhya homes,gurgaon,2.47
68.84,2.0,2.0,2.0,0.0,sector 76,6.0,1.0,0.0,0.0,1.0,0.0,1.0,0.0,1.0,1.0,0.0,0.0,0.0,0.0,0.0,0.0,0.0,0.0,0.0,0.0,carpet,high,under construction,suncity avenue 76,gurgaon,0.7150000000000001
181.16,3.0,4.0,3.0,1.0,sector 90,10.0,1.0,0.0,0.0,1.0,0.0,1.0,0.0,1.0,1.0,0.0,0.0,1.0,0.0,1.0,0.0,0.0,0.0,0.0,0.0,super built up,high,new,shree vardhman flora,gurgaon,1.118
143.07,3.0,3.0,2.0,0.0,sector 63,13.0,1.0,0.0,0.0,0.0,0.0,1.0,0.0,1.0,1.0,0.0,1.0,0.0,0.0,1.0,0.0,1.0,1.0,0.0,0.0,built up,low,mid aged,signature global city 63a,gurgaon,2.6
119.19,2.0,3.0,3.0,1.0,sector 108,9.0,1.0,0.0,0.0,1.0,0.0,1.0,0.0,1.0,1.0,0.0,0.0,1.0,0.0,0.0,0.0,0.0,0.0,0.0,0.0,super built up,mid,new,experion the heartsong,gurgaon,1.274
280.57,4.0,5.0,3.0,1.0,sector 49,14.0,1.0,0.0,0.0,0.0,0.0,1.0,1.0,0.0,0.0,0.0,0.0,0.0,0.0,0.0,0.0,0.0,0.0,0.0,0.0,carpet,mid,old,vatika city,gurgaon,4.680000000000001
227.8,3.0,3.0,3.0,1.0,sector 67,11.0,1.0,0.0,0.0,1.0,0.0,1.0,0.0,1.0,1.0,0.0,0.0,0.0,0.0,1.0,0.0,0.0,0.0,0.0,0.0,carpet,high,new,ireo victory valley,gurgaon,4.537000000000001
111.48,2.0,2.0,3.0,0.0,sector 84,3.0,0.0,0.0,0.0,0.0,1.0,1.0,0.0,1.0,0.0,0.0,0.0,0.0,0.0,0.0,0.0,0.0,0.0,0.0,0.0,super built up,high,new,antriksh heights,gurgaon,0.7020000000000001
157.47,3.0,3.0,3.0,1.0,sector 113,8.0,1.0,0.0,0.0,1.0,0.0,0.0,0.0,1.0,1.0,1.0,1.0,1.0,0.0,0.0,0.0,0.0,0.0,0.0,0.0,super built up,low,new,m3m capital,gurgaon,3.263
158.21,3.0,3.0,3.0,1.0,sector 90,14.0,0.0,0.0,0.0,0.0,1.0,0.0,0.0,0.0,0.0,0.0,0.0,0.0,0.0,0.0,0.0,0.0,0.0,0.0,0.0,super built up,high,old,dlf regal gardens,gurgaon,1.625
106.84,3.0,3.0,2.0,0.0,sector 7,50.0,1.0,0.0,0.0,0.0,0.0,0.0,1.0,1.0,0.0,0.0,0.0,0.0,0.0,0.0,0.0,0.0,0.0,0.0,1.0,built up,low,under construction,shyam apartment,gurgaon,0.8580000000000001
240.43,3.0,3.0,3.0,1.0,sector 1,11.0,1.0,0.0,0.0,0.0,0.0,0.0,0.0,0.0,0.0,0.0,0.0,0.0,1.0,0.0,0.0,0.0,0.0,0.0,1.0,super built up,low,old,hsiidc sidco aravali,manesar,1.1700000000000002
137.4,2.0,2.0,2.0,0.0,sector 36,11.0,1.0,0.0,0.0,1.0,0.0,0.0,0.0,1.0,1.0,0.0,0.0,1.0,0.0,1.0,0.0,0.0,0.0,0.0,0.0,super built up,high,new,krisumi waterfall residences,gurgaon,2.8600000000000003
314.94,4.0,5.0,3.0,1.0,sector 53,15.0,0.0,0.0,0.0,1.0,0.0,1.0,0.0,1.0,1.0,0.0,1.0,0.0,0.0,0.0,0.0,0.0,1.0,0.0,0.0,super built up,high,new,parsvnath exotica,gurgaon,8.450000000000001
250.84,3.0,3.0,3.0,1.0,sector 63,13.0,1.0,0.0,0.0,1.0,0.0,1.0,0.0,1.0,1.0,0.0,1.0,0.0,0.0,1.0,0.0,0.0,1.0,0.0,0.0,built up,mid,new,adani brahma samsara vilasa,gurgaon,4.2250000000000005
80.55,2.0,2.0,1.0,0.0,sector 23,45.0,1.0,0.0,0.0,0.0,1.0,1.0,1.0,1.0,0.0,1.0,0.0,0.0,0.0,0.0,1.0,0.0,0.0,0.0,1.0,super built up,low,old,shri balaji apartment,gurgaon,0.4549999999999999
128.67,2.0,2.0,2.0,0.0,sector 106,11.0,1.0,0.0,0.0,1.0,0.0,1.0,0.0,1.0,1.0,0.0,1.0,1.0,0.0,1.0,0.0,0.0,0.0,0.0,0.0,carpet,mid,new,paras dews,gurgaon,1.3650000000000002
148.64,3.0,3.0,3.0,0.0,sector 2,9.0,1.0,0.0,0.0,0.0,0.0,1.0,0.0,1.0,0.0,0.0,0.0,0.0,0.0,0.0,1.0,0.0,0.0,0.0,0.0,carpet,high,old,bsf chs,gurgaon,1.235
134.9,2.0,2.0,3.0,1.0,sector 33,7.0,1.0,0.0,0.0,0.0,0.0,0.0,0.0,1.0,0.0,0.0,0.0,1.0,0.0,0.0,0.0,0.0,0.0,0.0,0.0,super built up,mid,new,eldeco accolade,sohna,1.235
130.06,2.0,2.0,3.0,1.0,sector 74,7.0,1.0,0.0,0.0,1.0,0.0,1.0,0.0,1.0,1.0,0.0,0.0,1.0,0.0,0.0,0.0,0.0,0.0,0.0,0.0,super built up,high,new,m3m skywalk,gurgaon,2.002
222.97,4.0,4.0,2.0,1.0,sector 54,8.0,1.0,0.0,0.0,1.0,0.0,1.0,0.0,1.0,1.0,0.0,1.0,0.0,0.0,0.0,0.0,0.0,0.0,0.0,0.0,carpet,low,mid aged,dlf the grove,gurgaon,7.800000000000001
134.9,2.0,3.0,3.0,1.0,sector 103,15.0,1.0,0.0,0.0,1.0,1.0,1.0,0.0,1.0,1.0,1.0,1.0,1.0,0.0,0.0,0.0,1.0,0.0,0.0,0.0,carpet,low,new,satya the hermitage,gurgaon,1.209
55.93,2.0,2.0,1.0,1.0,sector 107,10.0,0.0,0.0,0.0,1.0,0.0,0.0,0.0,1.0,0.0,0.0,0.0,1.0,0.0,0.0,0.0,0.0,0.0,0.0,0.0,super built up,high,new,signature global solera,gurgaon,0.65
128.39,3.0,3.0,3.0,0.0,sector 54,47.0,1.0,0.0,0.0,0.0,1.0,0.0,1.0,0.0,0.0,0.0,1.0,0.0,1.0,0.0,1.0,1.0,0.0,0.0,1.0,built up,low,under construction,dlf the grove,gurgaon,7.41
232.26,3.0,4.0,2.0,1.0,sector 12,50.0,1.0,0.0,0.0,0.0,0.0,0.0,1.0,1.0,0.0,0.0,0.0,0.0,1.0,0.0,1.0,0.0,0.0,0.0,0.0,super built up,low,old,bhagwati sadan,gurgaon,1.495
180.42,3.0,4.0,3.0,1.0,sector 102,15.0,0.0,0.0,0.0,1.0,0.0,1.0,0.0,1.0,1.0,1.0,1.0,1.0,0.0,1.0,0.0,0.0,0.0,1.0,0.0,super built up,high,new,conscient heritage max,gurgaon,2.366
161.19,3.0,3.0,2.0,0.0,sector 83,10.0,0.0,0.0,0.0,1.0,0.0,0.0,0.0,1.0,1.0,0.0,1.0,1.0,0.0,0.0,0.0,0.0,0.0,0.0,0.0,super built up,mid,new,vatika gurgaon 21,gurgaon,1.82
36.42,1.0,1.0,1.0,0.0,sector 36,6.0,1.0,0.0,0.0,0.0,0.0,0.0,0.0,0.0,0.0,0.0,0.0,0.0,1.0,0.0,0.0,0.0,0.0,0.0,0.0,carpet,mid,new,avl 36 gurgaon,gurgaon,0.52
117.99,2.0,2.0,3.0,0.0,sector 84,10.0,1.0,0.0,0.0,1.0,1.0,1.0,1.0,1.0,0.0,0.0,0.0,0.0,0.0,0.0,0.0,0.0,0.0,0.0,0.0,super built up,mid,new,alpha corp gurgaonone 84,gurgaon,1.105
183.95,3.0,3.0,2.0,1.0,sector 83,10.0,0.0,0.0,0.0,1.0,0.0,0.0,0.0,1.0,1.0,0.0,1.0,1.0,0.0,0.0,0.0,0.0,0.0,0.0,0.0,super built up,high,old,vatika gurgaon 21,gurgaon,1.625
242.01,3.0,3.0,3.0,1.0,sector 50,9.0,1.0,0.0,0.0,0.0,0.0,1.0,0.0,1.0,1.0,1.0,1.0,0.0,0.0,0.0,0.0,0.0,0.0,0.0,0.0,super built up,mid,old,the close north,gurgaon,3.51
59.84,2.0,2.0,2.0,1.0,sector 95,14.0,0.0,0.0,0.0,0.0,0.0,0.0,0.0,0.0,1.0,1.0,1.0,1.0,0.0,0.0,0.0,1.0,0.0,0.0,1.0,carpet,mid,new,rof ananda,gurgaon,0.494
219.62,4.0,4.0,3.0,1.0,sector 91,8.0,1.0,0.0,0.0,0.0,0.0,1.0,0.0,1.0,1.0,0.0,1.0,0.0,0.0,0.0,0.0,0.0,0.0,0.0,0.0,super built up,high,old,dlf new town heights,gurgaon,2.145
66.52,2.0,2.0,2.0,0.0,sector 90,9.0,1.0,0.0,0.0,1.0,0.0,0.0,0.0,1.0,1.0,1.0,1.0,0.0,0.0,0.0,0.0,0.0,0.0,0.0,0.0,carpet,low,mid aged,mrg world ultimus,gurgaon,0.65
175.59,3.0,3.0,3.0,0.0,sector 84,13.0,1.0,0.0,0.0,1.0,0.0,1.0,0.0,1.0,1.0,0.0,0.0,1.0,0.0,0.0,0.0,0.0,0.0,1.0,0.0,super built up,high,old,ss the coralwood,gurgaon,1.4300000000000002
260.22,4.0,4.0,3.0,0.0,sector 54,45.0,1.0,0.0,0.0,0.0,1.0,0.0,1.0,0.0,0.0,0.0,1.0,0.0,1.0,0.0,1.0,1.0,0.0,0.0,0.0,built up,high,under construction,dlf icon,gurgaon,7.54
160.35,3.0,3.0,2.0,1.0,sector 90,14.0,0.0,0.0,0.0,0.0,1.0,0.0,0.0,0.0,0.0,0.0,0.0,0.0,0.0,0.0,0.0,0.0,0.0,0.0,0.0,super built up,high,new,dlf regal gardens,gurgaon,1.547
167.69,3.0,3.0,3.0,1.0,sector 49,13.0,1.0,0.0,0.0,1.0,0.0,0.0,1.0,1.0,0.0,0.0,0.0,0.0,0.0,1.0,1.0,0.0,0.0,0.0,0.0,super built up,low,old,orchid petals,gurgaon,2.47
109.63,2.0,2.0,2.0,0.0,sector 68,25.0,1.0,0.0,0.0,0.0,0.0,1.0,1.0,0.0,0.0,0.0,0.0,0.0,0.0,0.0,1.0,0.0,0.0,0.0,0.0,built up,mid,under construction,supertech new soft launch,gurgaon,1.092
180.42,3.0,4.0,3.0,1.0,sector 102,15.0,0.0,0.0,0.0,1.0,0.0,1.0,0.0,1.0,1.0,1.0,1.0,1.0,0.0,1.0,0.0,0.0,0.0,1.0,0.0,super built up,high,new,conscient heritage max,gurgaon,2.21
106.37,2.0,2.0,2.0,0.0,sector 2,4.0,1.0,0.0,0.0,1.0,0.0,0.0,0.0,1.0,0.0,0.0,1.0,1.0,0.0,0.0,0.0,0.0,0.0,0.0,0.0,super built up,high,old,mittal cosmos executive apartments,gurgaon,0.975
173.64,3.0,3.0,3.0,0.0,sector 48,42.0,1.0,0.0,0.0,0.0,0.0,1.0,1.0,0.0,0.0,0.0,0.0,0.0,0.0,0.0,0.0,1.0,0.0,0.0,0.0,built up,high,under construction,belgravia resort residences,gurgaon,4.485
159.51,3.0,3.0,3.0,1.0,sector 65,8.0,0.0,0.0,0.0,0.0,0.0,0.0,0.0,1.0,0.0,0.0,1.0,0.0,0.0,0.0,0.0,0.0,0.0,0.0,0.0,carpet,mid,new,m3m latitude,gurgaon,5.98
147.44,3.0,3.0,3.0,0.0,sector 85,5.0,0.0,0.0,0.0,0.0,0.0,0.0,0.0,0.0,1.0,0.0,1.0,1.0,0.0,0.0,0.0,0.0,0.0,0.0,0.0,built up,high,new,orris aster court,gurgaon,1.209
250.65,3.0,4.0,3.0,1.0,sector 67,11.0,1.0,0.0,0.0,1.0,0.0,1.0,0.0,1.0,1.0,0.0,0.0,0.0,0.0,1.0,0.0,0.0,0.0,0.0,0.0,super built up,high,new,ireo victory valley,gurgaon,4.745
102.66,2.0,2.0,2.0,0.0,sector 89,14.0,1.0,0.0,0.0,1.0,0.0,1.0,0.0,1.0,0.0,1.0,1.0,1.0,0.0,1.0,0.0,0.0,0.0,0.0,0.0,built up,low,under construction,smart world gems,gurgaon,1.1700000000000002
132.85,2.0,2.0,3.0,0.0,sector 37,9.0,1.0,0.0,0.0,1.0,0.0,1.0,0.0,1.0,1.0,1.0,0.0,1.0,0.0,0.0,0.0,0.0,0.0,0.0,0.0,built up,high,under construction,ild greens,gurgaon,0.975
126.35,2.0,2.0,3.0,1.0,sector 81,9.0,0.0,0.0,0.0,1.0,0.0,0.0,0.0,1.0,0.0,0.0,1.0,1.0,0.0,0.0,0.0,0.0,0.0,0.0,0.0,super built up,high,new,bestech park view ananda,gurgaon,1.144
141.49,3.0,3.0,3.0,1.0,sector 92,8.0,1.0,0.0,0.0,0.0,0.0,0.0,0.0,0.0,0.0,0.0,0.0,0.0,1.0,0.0,0.0,0.0,0.0,0.0,0.0,carpet,mid,new,sare homes,gurgaon,1.04
165.09,3.0,3.0,2.0,1.0,sector 28,47.0,1.0,0.0,0.0,0.0,1.0,0.0,1.0,0.0,0.0,0.0,1.0,0.0,0.0,0.0,1.0,0.0,0.0,0.0,1.0,super built up,high,old,dlf regency park 2,gurgaon,3.055
78.97,2.0,2.0,3.0,0.0,sector 37,15.0,1.0,0.0,0.0,0.0,0.0,0.0,0.0,1.0,0.0,1.0,0.0,1.0,0.0,0.0,0.0,1.0,0.0,0.0,0.0,super built up,low,new,signature global the millennia,gurgaon,0.7150000000000001
146.04,3.0,3.0,0.0,0.0,sector 92,14.0,1.0,0.0,0.0,0.0,0.0,0.0,1.0,1.0,0.0,0.0,0.0,1.0,0.0,0.0,1.0,0.0,0.0,0.0,0.0,built up,mid,under construction,raheja sampada,gurgaon,0.91
78.97,2.0,2.0,2.0,0.0,sector 89,3.0,0.0,0.0,0.0,0.0,0.0,0.0,0.0,0.0,0.0,1.0,0.0,0.0,1.0,0.0,0.0,0.0,0.0,0.0,0.0,super built up,low,new,adani aangan galleria,gurgaon,0.546
65.03,1.0,1.0,0.0,0.0,sector 83,10.0,1.0,0.0,0.0,0.0,0.0,0.0,0.0,0.0,0.0,0.0,0.0,0.0,1.0,0.0,0.0,0.0,0.0,0.0,1.0,built up,mid,under construction,sapphire eighty three,gurgaon,0.8450000000000001
188.13,3.0,4.0,3.0,1.0,sector 102,10.0,1.0,0.0,0.0,1.0,0.0,0.0,0.0,1.0,1.0,1.0,0.0,1.0,0.0,1.0,0.0,0.0,0.0,1.0,0.0,super built up,high,new,emaar imperial gardens,gurgaon,2.21
183.48,3.0,3.0,3.0,1.0,sector 72,45.0,1.0,0.0,0.0,0.0,1.0,1.0,1.0,0.0,0.0,0.0,0.0,0.0,1.0,0.0,1.0,0.0,1.0,0.0,0.0,super built up,high,old,spaze privy,gurgaon,2.47
242.11,4.0,4.0,3.0,1.0,sector 82,7.0,1.0,0.0,0.0,0.0,0.0,0.0,0.0,0.0,1.0,0.0,0.0,0.0,0.0,0.0,0.0,0.0,0.0,0.0,0.0,super built up,low,new,dlf the primus,gurgaon,3.705
182.55,3.0,4.0,3.0,1.0,sector 95,5.0,0.0,0.0,0.0,0.0,0.0,0.0,0.0,0.0,1.0,0.0,1.0,1.0,0.0,0.0,0.0,0.0,0.0,0.0,0.0,super built up,mid,new,saan verdante,gurgaon,2.6
260.13,4.0,3.0,3.0,1.0,sector 1,11.0,1.0,0.0,0.0,0.0,0.0,0.0,0.0,0.0,0.0,0.0,0.0,0.0,1.0,0.0,0.0,0.0,0.0,0.0,1.0,carpet,high,new,sonata group housing gh 24,manesar,2.145
55.93,2.0,2.0,1.0,0.0,sector 33,13.0,1.0,0.0,0.0,0.0,1.0,1.0,1.0,1.0,0.0,0.0,1.0,1.0,0.0,0.0,1.0,1.0,0.0,0.0,0.0,carpet,mid,new,trisara our homes 3,sohna,0.52
97.55,3.0,2.0,2.0,1.0,sector 107,10.0,0.0,0.0,0.0,1.0,0.0,0.0,0.0,1.0,0.0,0.0,0.0,1.0,0.0,0.0,0.0,0.0,0.0,0.0,0.0,super built up,mid,new,signature global solera,gurgaon,0.65
179.3,3.0,3.0,1.0,1.0,sector 86,10.0,0.0,0.0,0.0,1.0,0.0,0.0,0.0,1.0,1.0,0.0,0.0,0.0,0.0,1.0,0.0,0.0,0.0,0.0,0.0,super built up,mid,new,dlf the skycourt,gurgaon,2.8600000000000003
165.74,3.0,3.0,3.0,1.0,sector 81,15.0,1.0,0.0,0.0,0.0,0.0,0.0,0.0,0.0,0.0,0.0,0.0,0.0,1.0,0.0,0.0,0.0,0.0,0.0,1.0,carpet,low,old,vipul lavanya,gurgaon,1.664
132.2,3.0,3.0,2.0,1.0,sector 89,14.0,1.0,0.0,0.0,1.0,0.0,1.0,0.0,1.0,0.0,1.0,1.0,1.0,0.0,1.0,0.0,0.0,0.0,0.0,0.0,carpet,low,new,smart world gems,gurgaon,1.6900000000000002
78.97,2.0,2.0,1.0,0.0,sector 110,17.0,1.0,0.0,0.0,0.0,0.0,0.0,0.0,1.0,0.0,0.0,1.0,0.0,0.0,0.0,1.0,0.0,0.0,0.0,1.0,built up,low,new,krishna apartment,gurgaon,0.4549999999999999
55.74,1.0,1.0,2.0,0.0,sector 56,47.0,1.0,0.0,0.0,0.0,1.0,1.0,1.0,0.0,0.0,0.0,1.0,0.0,1.0,0.0,1.0,1.0,0.0,0.0,1.0,carpet,low,under construction,sobha smriti apartments,gurgaon,0.65
222.97,4.0,5.0,3.0,1.0,sector 69,11.0,1.0,0.0,0.0,1.0,0.0,1.0,0.0,1.0,1.0,1.0,1.0,0.0,0.0,1.0,0.0,0.0,0.0,0.0,0.0,super built up,mid,new,tulip purple,gurgaon,2.3400000000000003
216.0,4.0,3.0,3.0,1.0,sector 92,11.0,1.0,0.0,0.0,1.0,0.0,1.0,0.0,1.0,1.0,0.0,0.0,1.0,0.0,1.0,0.0,0.0,0.0,0.0,0.0,super built up,high,new,bestech park view sanskruti,gurgaon,2.379
226.78,2.0,2.0,3.0,0.0,sector 112,8.0,1.0,0.0,0.0,0.0,0.0,1.0,0.0,1.0,1.0,1.0,0.0,1.0,0.0,0.0,0.0,0.0,0.0,0.0,0.0,super built up,high,new,experion windchants,gurgaon,3.3800000000000003
40.78,1.0,1.0,1.0,0.0,sector 84,15.0,1.0,0.0,0.0,0.0,0.0,0.0,1.0,1.0,1.0,0.0,0.0,1.0,1.0,1.0,0.0,0.0,0.0,0.0,0.0,super built up,high,new,pivotal devaan,gurgaon,0.351
124.49,2.0,2.0,2.0,0.0,sector 77,10.0,1.0,0.0,0.0,1.0,0.0,1.0,0.0,1.0,1.0,0.0,0.0,1.0,0.0,0.0,0.0,0.0,0.0,0.0,0.0,carpet,low,new,umang winter hills,gurgaon,1.3
167.23,4.0,3.0,0.0,0.0,sector 82,7.0,1.0,0.0,0.0,1.0,0.0,0.0,0.0,1.0,0.0,0.0,0.0,1.0,0.0,0.0,0.0,0.0,0.0,0.0,0.0,built up,low,under construction,vatika independent floors,gurgaon,1.885
137.5,2.0,2.0,3.0,1.0,sector 86,10.0,1.0,0.0,0.0,1.0,0.0,0.0,0.0,1.0,1.0,0.0,0.0,1.0,0.0,0.0,0.0,0.0,0.0,0.0,0.0,super built up,high,new,microtek greenburg,gurgaon,1.6900000000000002
169.27,3.0,3.0,3.0,1.0,sector 77,10.0,1.0,0.0,0.0,1.0,0.0,1.0,0.0,1.0,1.0,0.0,0.0,1.0,0.0,0.0,0.0,0.0,0.0,0.0,0.0,super built up,high,new,umang winter hills,gurgaon,1.1960000000000002
60.39,2.0,2.0,1.0,0.0,sector 4,48.0,1.0,0.0,0.0,0.0,0.0,0.0,1.0,0.0,0.0,0.0,0.0,0.0,0.0,0.0,1.0,0.0,0.0,0.0,0.0,carpet,low,new,huda ashok vihar phase 1,gurgaon,0.559
55.93,2.0,2.0,1.0,0.0,sector 33,13.0,1.0,0.0,0.0,0.0,1.0,1.0,1.0,1.0,0.0,0.0,1.0,1.0,0.0,0.0,1.0,1.0,0.0,0.0,0.0,super built up,low,new,trisara our homes 3,sohna,0.4679999999999999
123.19,3.0,2.0,3.0,1.0,sector 69,42.0,1.0,0.0,0.0,0.0,1.0,1.0,1.0,0.0,0.0,0.0,0.0,0.0,0.0,0.0,1.0,0.0,1.0,0.0,0.0,carpet,mid,new,tulip white,gurgaon,1.1700000000000002
23.23,1.0,1.0,0.0,0.0,sector 52,43.0,1.0,0.0,0.0,0.0,0.0,0.0,1.0,0.0,0.0,0.0,0.0,0.0,1.0,0.0,1.0,0.0,0.0,0.0,1.0,carpet,mid,old,ansal api sushant estate,gurgaon,0.377
258.18,4.0,5.0,3.0,1.0,sector 108,9.0,1.0,0.0,0.0,1.0,0.0,1.0,0.0,1.0,1.0,0.0,0.0,1.0,0.0,0.0,0.0,0.0,0.0,0.0,0.0,built up,high,new,experion the heartsong,gurgaon,2.9770000000000003
126.91,2.0,2.0,3.0,0.0,sector 107,6.0,0.0,0.0,0.0,0.0,0.0,0.0,0.0,1.0,1.0,0.0,0.0,0.0,0.0,0.0,0.0,0.0,0.0,0.0,0.0,super built up,low,old,m3m woodshire,gurgaon,1.222
223.71,3.0,4.0,3.0,0.0,sector 85,13.0,1.0,0.0,0.0,1.0,0.0,1.0,0.0,1.0,1.0,0.0,0.0,1.0,0.0,1.0,0.0,0.0,0.0,1.0,0.0,super built up,mid,new,ss the leaf,gurgaon,2.431
181.16,3.0,3.0,2.0,1.0,sector 66,14.0,1.0,0.0,0.0,0.0,0.0,1.0,0.0,1.0,1.0,0.0,1.0,0.0,0.0,0.0,0.0,0.0,1.0,0.0,0.0,super built up,high,new,emaar mgf the palm drive,gurgaon,3.9
260.31,3.0,4.0,3.0,1.0,sector 112,8.0,1.0,0.0,0.0,0.0,0.0,1.0,0.0,1.0,1.0,1.0,0.0,1.0,0.0,0.0,0.0,0.0,0.0,0.0,0.0,super built up,high,new,experion windchants,gurgaon,4.745
223.71,3.0,4.0,3.0,1.0,sector 85,13.0,1.0,0.0,0.0,1.0,0.0,1.0,0.0,1.0,1.0,0.0,0.0,1.0,0.0,1.0,0.0,0.0,0.0,1.0,0.0,super built up,high,new,ss the leaf,gurgaon,2.275
152.36,3.0,2.0,3.0,1.0,sector 33,8.0,1.0,0.0,0.0,1.0,0.0,0.0,0.0,1.0,1.0,0.0,0.0,0.0,0.0,0.0,0.0,0.0,0.0,0.0,0.0,super built up,mid,new,godrej nature plus,sohna,1.755
162.58,3.0,3.0,3.0,0.0,sector 89,6.0,1.0,0.0,0.0,1.0,0.0,0.0,0.0,1.0,1.0,0.0,0.0,1.0,0.0,0.0,0.0,0.0,0.0,0.0,0.0,super built up,mid,under construction,ats marigold,gurgaon,1.95
219.62,4.0,4.0,3.0,1.0,sector 90,6.0,1.0,0.0,0.0,0.0,0.0,0.0,0.0,1.0,1.0,0.0,0.0,0.0,0.0,1.0,0.0,0.0,0.0,0.0,0.0,super built up,high,new,dlf new town heights 1,gurgaon,2.08
85.94,2.0,2.0,1.0,0.0,sector 2,20.0,1.0,0.0,0.0,0.0,1.0,1.0,1.0,1.0,0.0,0.0,0.0,0.0,0.0,0.0,1.0,0.0,0.0,0.0,1.0,carpet,high,old,nul,gurgaon,0.7280000000000001
219.07,3.0,4.0,3.0,1.0,sector 67,10.0,1.0,0.0,0.0,1.0,0.0,1.0,0.0,1.0,1.0,0.0,0.0,0.0,0.0,1.0,0.0,0.0,1.0,0.0,0.0,super built up,high,new,m3m merlin,gurgaon,4.42
54.16,2.0,2.0,1.0,1.0,sector 84,15.0,1.0,0.0,0.0,0.0,0.0,0.0,1.0,1.0,1.0,0.0,0.0,1.0,1.0,1.0,0.0,0.0,0.0,0.0,0.0,super built up,high,new,pivotal devaan,gurgaon,0.4679999999999999
209.03,3.0,3.0,3.0,0.0,sector 57,5.0,0.0,0.0,0.0,0.0,0.0,0.0,0.0,1.0,0.0,0.0,0.0,0.0,0.0,0.0,0.0,0.0,0.0,0.0,1.0,super built up,high,old,bptp freedom park life,gurgaon,3.25
60.39,1.0,1.0,2.0,0.0,sector 2,10.0,1.0,0.0,0.0,1.0,1.0,0.0,0.0,1.0,1.0,1.0,1.0,0.0,0.0,0.0,0.0,0.0,0.0,0.0,0.0,carpet,mid,old,bestech park view residency,gurgaon,0.7280000000000001
52.68,2.0,2.0,0.0,0.0,sector 33,6.0,0.0,0.0,0.0,0.0,0.0,0.0,0.0,0.0,1.0,0.0,0.0,1.0,0.0,0.0,0.0,1.0,0.0,0.0,0.0,built up,high,under construction,gls arawali homes,sohna,0.39
111.48,2.0,2.0,3.0,1.0,sector 10,49.0,1.0,0.0,0.0,0.0,0.0,0.0,0.0,0.0,0.0,0.0,0.0,0.0,0.0,0.0,0.0,1.0,0.0,0.0,0.0,super built up,high,new,maxworth city residences,gurgaon,1.1700000000000002
185.81,3.0,3.0,3.0,1.0,sector 56,45.0,1.0,0.0,0.0,0.0,1.0,1.0,1.0,1.0,0.0,0.0,1.0,0.0,1.0,0.0,1.0,1.0,0.0,0.0,1.0,super built up,mid,new,kiran residency,gurgaon,1.95
148.64,3.0,3.0,2.0,0.0,sector 61,9.0,1.0,0.0,0.0,1.0,0.0,0.0,0.0,1.0,1.0,1.0,1.0,0.0,0.0,0.0,0.0,0.0,0.0,0.0,0.0,carpet,low,mid aged,smart world orchard,gurgaon,2.8600000000000003
123.1,2.0,2.0,2.0,0.0,sector 83,15.0,1.0,0.0,0.0,0.0,0.0,0.0,0.0,1.0,0.0,0.0,0.0,0.0,1.0,0.0,0.0,0.0,0.0,0.0,0.0,super built up,low,new,vatika city homes,gurgaon,0.975
156.91,3.0,3.0,3.0,0.0,sector 102,49.0,1.0,0.0,0.0,0.0,1.0,0.0,1.0,1.0,0.0,0.0,0.0,0.0,0.0,0.0,1.0,0.0,0.0,0.0,0.0,super built up,low,new,hero homes,gurgaon,2.08
125.42,2.0,2.0,3.0,1.0,sector 90,10.0,1.0,0.0,0.0,1.0,0.0,1.0,0.0,1.0,1.0,0.0,0.0,1.0,0.0,1.0,0.0,0.0,0.0,0.0,0.0,super built up,mid,new,shree vardhman flora,gurgaon,0.8450000000000001
167.23,4.0,3.0,2.0,0.0,sector 9,50.0,1.0,0.0,0.0,0.0,0.0,0.0,1.0,1.0,0.0,1.0,0.0,0.0,0.0,0.0,0.0,0.0,0.0,0.0,1.0,carpet,mid,old,wings apartment,gurgaon,1.56
144.0,3.0,3.0,2.0,0.0,sector 9,41.0,1.0,0.0,0.0,0.0,0.0,0.0,1.0,1.0,0.0,1.0,0.0,0.0,0.0,0.0,1.0,0.0,0.0,0.0,1.0,carpet,mid,old,jammu and kashmir bank employees cghs,gurgaon,1.222
263.38,4.0,4.0,3.0,0.0,sector 99,11.0,1.0,0.0,0.0,0.0,0.0,1.0,0.0,1.0,1.0,0.0,1.0,1.0,0.0,1.0,0.0,0.0,0.0,0.0,0.0,built up,low,under construction,assotech blith,gurgaon,2.47
126.16,2.0,2.0,2.0,0.0,sector 65,11.0,1.0,0.0,0.0,1.0,0.0,1.0,0.0,1.0,1.0,0.0,1.0,1.0,0.0,1.0,0.0,0.0,0.0,0.0,0.0,built up,high,under construction,m3m heights,gurgaon,2.47
99.87,2.0,2.0,2.0,0.0,sector 81,6.0,0.0,0.0,0.0,1.0,0.0,0.0,0.0,1.0,0.0,0.0,0.0,1.0,0.0,0.0,0.0,0.0,0.0,0.0,0.0,carpet,low,mid aged,signature global city 81,gurgaon,1.248
65.03,3.0,3.0,2.0,0.0,sector 37,12.0,1.0,0.0,0.0,1.0,0.0,1.0,0.0,1.0,1.0,1.0,0.0,1.0,0.0,1.0,0.0,0.0,1.0,0.0,0.0,carpet,low,mid aged,signature global the millennia 3,gurgaon,0.65
293.02,4.0,4.0,3.0,1.0,sector 67,10.0,1.0,0.0,0.0,1.0,0.0,1.0,0.0,1.0,1.0,0.0,0.0,0.0,0.0,1.0,0.0,0.0,1.0,0.0,0.0,super built up,high,new,m3m merlin,gurgaon,5.8500000000000005
97.55,2.0,2.0,3.0,1.0,sector 108,9.0,1.0,0.0,0.0,1.0,0.0,1.0,0.0,1.0,1.0,0.0,0.0,1.0,0.0,0.0,0.0,0.0,0.0,0.0,0.0,carpet,high,new,experion the heartsong,gurgaon,1.261
117.06,3.0,3.0,2.0,0.0,sector 92,8.0,1.0,0.0,0.0,0.0,0.0,0.0,0.0,0.0,0.0,0.0,0.0,0.0,1.0,0.0,0.0,0.0,0.0,0.0,0.0,built up,high,under construction,sare crescent parc,gurgaon,0.91
202.99,3.0,4.0,3.0,1.0,sector 72,10.0,1.0,0.0,0.0,0.0,0.0,1.0,0.0,1.0,0.0,0.0,1.0,0.0,0.0,1.0,0.0,0.0,0.0,0.0,0.0,super built up,high,old,tata primanti,gurgaon,4.42
232.26,3.0,4.0,3.0,0.0,sector 24,42.0,1.0,0.0,0.0,0.0,0.0,0.0,1.0,0.0,0.0,0.0,1.0,0.0,0.0,0.0,1.0,0.0,0.0,0.0,1.0,carpet,low,old,lagoon apartment,gurgaon,3.9
125.42,2.0,2.0,2.0,1.0,sector 70,15.0,1.0,0.0,0.0,1.0,0.0,1.0,1.0,0.0,0.0,0.0,0.0,0.0,1.0,0.0,0.0,0.0,0.0,0.0,0.0,carpet,mid,new,shree vardhman victoria,gurgaon,1.495
253.07,4.0,4.0,3.0,1.0,sector 91,10.0,1.0,0.0,0.0,0.0,0.0,0.0,0.0,1.0,1.0,0.0,0.0,1.0,0.0,1.0,0.0,0.0,0.0,0.0,0.0,super built up,high,new,tarc maceo,gurgaon,2.47
102.47,2.0,2.0,2.0,1.0,sector 89,14.0,1.0,0.0,0.0,1.0,0.0,1.0,0.0,1.0,0.0,1.0,1.0,1.0,0.0,1.0,0.0,0.0,0.0,0.0,0.0,super built up,low,new,smart world gems,gurgaon,1.1700000000000002
52.03,2.0,2.0,2.0,0.0,sector 107,3.0,0.0,0.0,0.0,0.0,0.0,0.0,0.0,0.0,1.0,0.0,0.0,1.0,0.0,0.0,0.0,0.0,0.0,0.0,0.0,carpet,high,new,signature global solera 2,gurgaon,0.65
184.88,3.0,3.0,3.0,1.0,sector 37,13.0,0.0,0.0,0.0,1.0,0.0,1.0,0.0,1.0,1.0,1.0,0.0,1.0,0.0,1.0,0.0,0.0,0.0,0.0,0.0,super built up,low,new,corona optus,gurgaon,1.872
163.51,3.0,3.0,2.0,1.0,sector 37,8.0,1.0,0.0,0.0,1.0,1.0,0.0,0.0,1.0,0.0,0.0,0.0,1.0,0.0,0.0,0.0,0.0,0.0,0.0,0.0,super built up,high,new,imperia the esfera,gurgaon,1.118
227.8,3.0,4.0,3.0,1.0,sector 67,11.0,1.0,0.0,0.0,1.0,0.0,1.0,0.0,1.0,1.0,0.0,0.0,0.0,0.0,1.0,0.0,0.0,0.0,0.0,0.0,super built up,high,new,ireo victory valley,gurgaon,4.095
112.48,3.0,2.0,3.0,0.0,sector 33,8.0,1.0,0.0,0.0,0.0,0.0,0.0,0.0,1.0,1.0,1.0,1.0,0.0,0.0,0.0,0.0,0.0,0.0,0.0,0.0,built up,low,new,signature global park,sohna,1.235
202.71,3.0,4.0,3.0,1.0,sector 49,14.0,1.0,0.0,0.0,0.0,0.0,1.0,1.0,0.0,0.0,0.0,0.0,0.0,0.0,0.0,0.0,0.0,0.0,0.0,0.0,super built up,high,old,vatika city,gurgaon,2.574
192.22,3.0,3.0,3.0,0.0,sector 50,9.0,1.0,0.0,0.0,0.0,0.0,1.0,0.0,1.0,1.0,1.0,1.0,0.0,0.0,0.0,0.0,0.0,0.0,0.0,0.0,super built up,high,old,the close north,gurgaon,3.055
115.11,2.0,2.0,1.0,0.0,sector 78,7.0,1.0,0.0,0.0,0.0,0.0,0.0,1.0,0.0,0.0,0.0,1.0,0.0,0.0,0.0,0.0,0.0,0.0,0.0,0.0,built up,mid,under construction,umang monsoon breeze,gurgaon,0.975
223.71,3.0,4.0,3.0,1.0,sector 85,13.0,1.0,0.0,0.0,1.0,0.0,1.0,0.0,1.0,1.0,0.0,0.0,1.0,0.0,1.0,0.0,0.0,0.0,1.0,0.0,super built up,mid,new,ss the leaf,gurgaon,2.509
45.43,2.0,2.0,2.0,0.0,sector 107,10.0,0.0,0.0,0.0,1.0,0.0,0.0,0.0,1.0,0.0,0.0,0.0,1.0,0.0,0.0,0.0,0.0,0.0,0.0,0.0,carpet,high,new,signature global solera,gurgaon,0.364
163.04,3.0,2.0,2.0,0.0,sector 83,10.0,1.0,0.0,0.0,1.0,0.0,1.0,0.0,1.0,1.0,0.0,0.0,0.0,0.0,0.0,0.0,0.0,0.0,0.0,0.0,super built up,low,old,vatika lifestyle homes,gurgaon,1.352
235.7,3.0,4.0,3.0,1.0,sector 50,15.0,0.0,0.0,1.0,0.0,1.0,0.0,1.0,1.0,0.0,0.0,0.0,0.0,1.0,0.0,1.0,0.0,0.0,0.0,0.0,carpet,mid,old,the close south,gurgaon,4.2250000000000005
172.06,3.0,3.0,3.0,0.0,sector 102,13.0,1.0,0.0,0.0,1.0,1.0,0.0,0.0,1.0,1.0,0.0,0.0,1.0,0.0,1.0,0.0,0.0,1.0,0.0,0.0,super built up,low,new,shapoorji pallonji joyville gurugram,gurgaon,2.652
179.21,3.0,3.0,3.0,1.0,sector 86,10.0,0.0,0.0,0.0,1.0,0.0,0.0,0.0,1.0,1.0,0.0,0.0,0.0,0.0,1.0,0.0,0.0,0.0,0.0,0.0,super built up,high,new,dlf the skycourt,gurgaon,1.95
155.24,2.0,2.0,2.0,1.0,sector 85,13.0,1.0,0.0,0.0,1.0,0.0,1.0,0.0,1.0,1.0,0.0,0.0,1.0,0.0,1.0,0.0,0.0,0.0,1.0,0.0,super built up,mid,new,ss the leaf,gurgaon,1.56
58.71,2.0,2.0,1.0,1.0,sector 102,12.0,1.0,0.0,0.0,0.0,0.0,0.0,0.0,1.0,1.0,0.0,0.0,0.0,0.0,0.0,1.0,1.0,1.0,0.0,0.0,super built up,mid,new,suncity avenue 102,gurgaon,0.624
153.29,3.0,3.0,3.0,1.0,sector 65,6.0,1.0,0.0,0.0,0.0,0.0,0.0,0.0,0.0,1.0,0.0,0.0,0.0,0.0,1.0,0.0,0.0,0.0,0.0,0.0,super built up,mid,new,emaar mgf emerald floors premier,gurgaon,3.068
132.29,2.0,2.0,3.0,1.0,sector 74,7.0,1.0,0.0,0.0,1.0,0.0,1.0,0.0,1.0,1.0,0.0,0.0,1.0,0.0,0.0,0.0,0.0,0.0,0.0,0.0,super built up,high,new,m3m skywalk,gurgaon,2.002
85.94,2.0,2.0,1.0,0.0,sector 37,4.0,1.0,0.0,0.0,1.0,0.0,0.0,0.0,1.0,0.0,0.0,0.0,0.0,0.0,0.0,0.0,0.0,0.0,0.0,0.0,super built up,mid,new,apex our homes,gurgaon,0.4549999999999999
71.26,2.0,2.0,1.0,1.0,sector 95,3.0,1.0,0.0,0.0,0.0,0.0,0.0,0.0,0.0,0.0,0.0,0.0,0.0,0.0,0.0,0.0,0.0,0.0,0.0,0.0,super built up,high,new,ramsons kshitij,gurgaon,0.429
115.66,2.0,2.0,3.0,0.0,sector 68,10.0,1.0,0.0,0.0,1.0,0.0,1.0,0.0,1.0,1.0,0.0,0.0,0.0,0.0,1.0,0.0,0.0,1.0,0.0,0.0,super built up,low,new,m3m sierra 68,gurgaon,1.404
188.13,3.0,4.0,3.0,1.0,sector 77,10.0,1.0,0.0,0.0,1.0,0.0,1.0,0.0,1.0,1.0,0.0,0.0,1.0,0.0,0.0,0.0,0.0,0.0,0.0,0.0,super built up,mid,new,emaar mgf palm hills,gurgaon,1.4170000000000005
86.4,2.0,2.0,1.0,0.0,sector 70,11.0,1.0,0.0,0.0,1.0,0.0,1.0,0.0,1.0,1.0,0.0,0.0,0.0,0.0,0.0,0.0,0.0,0.0,0.0,0.0,built up,high,new,aipl club residences,gurgaon,1.235
223.71,3.0,4.0,3.0,1.0,sector 85,13.0,1.0,0.0,0.0,1.0,0.0,1.0,0.0,1.0,1.0,0.0,0.0,1.0,0.0,1.0,0.0,0.0,0.0,1.0,0.0,super built up,high,new,ss the leaf,gurgaon,2.3920000000000003
292.64,4.0,3.0,3.0,0.0,sector 12,47.0,1.0,0.0,0.0,0.0,1.0,0.0,1.0,1.0,0.0,0.0,1.0,0.0,1.0,0.0,1.0,0.0,0.0,0.0,1.0,built up,mid,under construction,lord krishna,gurgaon,3.51
217.67,3.0,4.0,2.0,1.0,sector 108,13.0,1.0,0.0,0.0,0.0,0.0,1.0,0.0,1.0,1.0,0.0,0.0,1.0,0.0,0.0,0.0,0.0,0.0,1.0,0.0,super built up,high,new,sobha city,gurgaon,5.135000000000001
149.39,3.0,3.0,2.0,1.0,sector 69,10.0,1.0,0.0,0.0,1.0,0.0,1.0,0.0,1.0,1.0,0.0,0.0,0.0,0.0,1.0,0.0,0.0,0.0,0.0,0.0,super built up,low,new,tulip violet,gurgaon,2.015
312.43,3.0,3.0,3.0,1.0,sector 65,9.0,1.0,0.0,0.0,1.0,0.0,1.0,0.0,1.0,1.0,0.0,1.0,0.0,0.0,1.0,0.0,1.0,0.0,0.0,0.0,super built up,high,old,m3m golfestate,gurgaon,7.995000000000001
153.29,3.0,3.0,3.0,0.0,sector 65,46.0,1.0,0.0,0.0,0.0,1.0,1.0,1.0,1.0,0.0,0.0,0.0,0.0,0.0,0.0,1.0,0.0,1.0,0.0,0.0,carpet,low,under construction,emaar mgf emerald floors,gurgaon,3.3800000000000003
69.03,2.0,2.0,1.0,0.0,sector 33,5.0,0.0,0.0,0.0,0.0,0.0,0.0,0.0,0.0,0.0,0.0,0.0,0.0,0.0,0.0,0.0,0.0,0.0,0.0,1.0,built up,high,new,hcbs sports ville,sohna,0.364
132.39,3.0,3.0,2.0,1.0,sector 70,12.0,0.0,0.0,0.0,1.0,0.0,1.0,0.0,1.0,1.0,1.0,1.0,0.0,0.0,0.0,0.0,1.0,0.0,0.0,0.0,super built up,low,new,bptp astaire gardens,gurgaon,1.625
162.12,3.0,3.0,3.0,0.0,sector 109,15.0,0.0,0.0,0.0,0.0,1.0,0.0,1.0,1.0,1.0,0.0,0.0,0.0,1.0,0.0,1.0,0.0,1.0,1.0,0.0,super built up,high,old,ats kocoon,gurgaon,2.21
167.13,3.0,3.0,3.0,0.0,sector 82,7.0,1.0,0.0,0.0,0.0,0.0,0.0,0.0,0.0,1.0,0.0,0.0,0.0,0.0,0.0,0.0,0.0,0.0,0.0,0.0,super built up,low,new,dlf the primus,gurgaon,2.405
68.28,2.0,2.0,2.0,0.0,sector 76,6.0,1.0,0.0,0.0,1.0,0.0,1.0,0.0,1.0,1.0,0.0,0.0,0.0,0.0,0.0,0.0,0.0,0.0,0.0,0.0,super built up,high,mid aged,suncity avenue 76,gurgaon,0.975
451.23,4.0,6.0,3.0,1.0,sector 112,8.0,1.0,0.0,0.0,0.0,0.0,1.0,0.0,1.0,1.0,1.0,0.0,1.0,0.0,0.0,0.0,0.0,0.0,0.0,0.0,super built up,high,old,experion windchants,gurgaon,7.279999999999999
315.41,4.0,4.0,2.0,1.0,sector 59,15.0,1.0,0.0,0.0,1.0,0.0,1.0,0.0,1.0,1.0,1.0,1.0,0.0,0.0,0.0,0.0,0.0,0.0,0.0,0.0,super built up,high,new,conscient elevate,gurgaon,8.775
177.44,3.0,3.0,3.0,1.0,sector 89,7.0,0.0,0.0,0.0,0.0,0.0,0.0,0.0,0.0,0.0,1.0,0.0,0.0,1.0,0.0,0.0,0.0,0.0,0.0,1.0,carpet,low,new,greenopolis,gurgaon,1.6900000000000002
45.43,2.0,2.0,2.0,0.0,sector 107,10.0,0.0,0.0,0.0,1.0,0.0,0.0,0.0,1.0,0.0,0.0,0.0,1.0,0.0,0.0,0.0,0.0,0.0,0.0,0.0,carpet,high,new,signature global solera,gurgaon,0.364
390.19,4.0,4.0,3.0,1.0,sector 62,11.0,1.0,0.0,0.0,1.0,0.0,1.0,0.0,1.0,1.0,0.0,0.0,0.0,0.0,1.0,0.0,0.0,1.0,0.0,0.0,built up,high,new,pioneer araya,gurgaon,9.828
132.29,2.0,2.0,3.0,1.0,sector 74,7.0,1.0,0.0,0.0,1.0,0.0,1.0,0.0,1.0,1.0,0.0,0.0,1.0,0.0,0.0,0.0,0.0,0.0,0.0,0.0,super built up,high,new,m3m skywalk,gurgaon,2.0410000000000004
153.29,3.0,3.0,3.0,1.0,sector 65,6.0,1.0,0.0,0.0,0.0,0.0,0.0,0.0,0.0,1.0,0.0,0.0,0.0,0.0,1.0,0.0,0.0,0.0,0.0,0.0,super built up,low,new,emaar mgf emerald floors premier,gurgaon,2.9250000000000003
58.81,2.0,2.0,1.0,0.0,sector 81,10.0,1.0,0.0,0.0,1.0,0.0,0.0,0.0,1.0,0.0,0.0,0.0,1.0,0.0,1.0,0.0,0.0,0.0,0.0,0.0,super built up,high,new,signature global synera,gurgaon,0.52
185.81,3.0,3.0,3.0,1.0,sector 56,46.0,1.0,0.0,0.0,0.0,1.0,1.0,1.0,0.0,0.0,0.0,1.0,0.0,1.0,0.0,1.0,1.0,0.0,0.0,1.0,super built up,mid,old,shri banke bihari society,gurgaon,1.755
219.34,3.0,4.0,3.0,1.0,sector 107,6.0,0.0,0.0,0.0,0.0,0.0,0.0,0.0,1.0,1.0,0.0,0.0,0.0,0.0,0.0,0.0,0.0,0.0,0.0,0.0,super built up,high,new,m3m woodshire,gurgaon,1.755
165.0,4.0,4.0,3.0,0.0,sector 82,23.0,1.0,0.0,0.0,0.0,0.0,0.0,0.0,1.0,0.0,1.0,0.0,0.0,0.0,0.0,0.0,0.0,0.0,0.0,0.0,super built up,low,old,sare homes,gurgaon,1.105
167.78,3.0,3.0,3.0,0.0,sector 113,18.0,1.0,0.0,0.0,0.0,0.0,0.0,0.0,1.0,0.0,0.0,1.0,0.0,0.0,0.0,1.0,0.0,0.0,0.0,0.0,built up,high,under construction,smartworld one dxp,gurgaon,2.6
134.15,2.0,2.0,2.0,0.0,sector 3,11.0,1.0,0.0,0.0,1.0,0.0,1.0,0.0,1.0,1.0,0.0,1.0,1.0,0.0,1.0,0.0,0.0,0.0,0.0,0.0,carpet,mid,mid aged,godrej habitat,gurgaon,1.6900000000000002
196.95,3.0,4.0,2.0,1.0,sector 85,15.0,1.0,0.0,0.0,1.0,0.0,0.0,0.0,1.0,1.0,0.0,1.0,0.0,0.0,0.0,0.0,1.0,0.0,0.0,0.0,super built up,low,new,orris aster court premier,gurgaon,1.885
162.58,3.0,3.0,3.0,1.0,sector 84,13.0,1.0,0.0,0.0,1.0,0.0,1.0,0.0,1.0,1.0,0.0,0.0,1.0,0.0,0.0,0.0,0.0,0.0,1.0,0.0,super built up,mid,new,ss the coralwood,gurgaon,1.3650000000000002
168.25,3.0,3.0,3.0,1.0,sector 37,11.0,1.0,0.0,0.0,1.0,0.0,1.0,0.0,1.0,1.0,0.0,0.0,1.0,0.0,1.0,0.0,0.0,0.0,0.0,0.0,super built up,high,new,bptp terra,gurgaon,2.236
160.44,3.0,3.0,2.0,1.0,sector 67,12.0,0.0,0.0,0.0,1.0,0.0,1.0,0.0,1.0,1.0,0.0,1.0,0.0,0.0,1.0,0.0,0.0,0.0,0.0,0.0,super built up,mid,under construction,ireo the corridors,gurgaon,2.6
186.74,4.0,4.0,2.0,0.0,sector 69,10.0,1.0,0.0,0.0,1.0,0.0,1.0,0.0,1.0,1.0,0.0,0.0,0.0,0.0,1.0,0.0,0.0,0.0,0.0,0.0,super built up,high,new,tulip violet,gurgaon,2.535
159.79,3.0,3.0,3.0,0.0,sector 2,8.0,1.0,0.0,0.0,1.0,0.0,0.0,0.0,1.0,1.0,0.0,0.0,0.0,0.0,0.0,0.0,0.0,0.0,0.0,0.0,carpet,low,under construction,supertech hill town,sohna,1.95
312.15,4.0,4.0,3.0,1.0,sector 99,10.0,1.0,0.0,0.0,1.0,0.0,1.0,0.0,1.0,1.0,0.0,0.0,1.0,0.0,1.0,0.0,0.0,0.0,0.0,0.0,super built up,low,new,vatika sovereign park,gurgaon,4.2250000000000005
165.37,3.0,3.0,0.0,0.0,sector 81,15.0,1.0,0.0,0.0,0.0,0.0,0.0,0.0,0.0,0.0,0.0,0.0,0.0,1.0,0.0,0.0,0.0,0.0,0.0,1.0,built up,mid,under construction,lavanya apartments,gurgaon,1.1700000000000002
218.32,4.0,4.0,3.0,1.0,sector 67,11.0,0.0,0.0,0.0,1.0,0.0,0.0,0.0,1.0,0.0,0.0,0.0,0.0,0.0,0.0,0.0,0.0,0.0,0.0,0.0,super built up,high,new,bestech park view spa next,gurgaon,3.5360000000000005
76.74,1.0,1.0,1.0,0.0,sector 67,23.0,1.0,0.0,0.0,0.0,0.0,1.0,1.0,0.0,0.0,0.0,0.0,0.0,0.0,0.0,1.0,0.0,1.0,0.0,0.0,built up,high,new,m3m urbana,gurgaon,1.3
182.09,4.0,4.0,3.0,1.0,sector 82,11.0,0.0,0.0,0.0,1.0,0.0,1.0,0.0,1.0,1.0,0.0,0.0,0.0,0.0,1.0,0.0,0.0,0.0,0.0,0.0,super built up,low,new,mapsko casa bella,gurgaon,1.6900000000000002
134.71,2.0,2.0,3.0,1.0,sector 104,15.0,1.0,0.0,0.0,1.0,0.0,0.0,0.0,1.0,1.0,1.0,1.0,1.0,0.0,1.0,0.0,0.0,0.0,1.0,0.0,carpet,high,new,godrej summit,gurgaon,1.105
137.87,2.0,2.0,2.0,1.0,sector 67,12.0,0.0,0.0,0.0,1.0,0.0,1.0,0.0,1.0,1.0,0.0,1.0,0.0,0.0,1.0,0.0,0.0,0.0,0.0,0.0,super built up,high,new,ireo the corridors,gurgaon,1.82
166.2,3.0,3.0,2.0,0.0,sector 33,15.0,0.0,0.0,0.0,0.0,0.0,1.0,1.0,1.0,0.0,0.0,0.0,0.0,1.0,1.0,0.0,0.0,0.0,0.0,1.0,super built up,mid,under construction,central park flower valley aqua front towers,sohna,2.7300000000000004
134.34,3.0,2.0,3.0,1.0,sector 104,15.0,1.0,0.0,0.0,1.0,0.0,0.0,0.0,1.0,1.0,1.0,1.0,1.0,0.0,1.0,0.0,0.0,0.0,1.0,0.0,carpet,high,new,godrej summit,gurgaon,1.56
199.65,3.0,4.0,3.0,1.0,sector 102,15.0,0.0,0.0,0.0,1.0,0.0,1.0,0.0,1.0,1.0,1.0,1.0,1.0,0.0,1.0,0.0,0.0,0.0,1.0,0.0,super built up,high,new,conscient heritage max,gurgaon,2.7300000000000004
157.01,3.0,3.0,2.0,0.0,sector 86,4.0,1.0,0.0,0.0,1.0,0.0,0.0,0.0,1.0,0.0,0.0,0.0,1.0,0.0,0.0,0.0,0.0,0.0,0.0,0.0,built up,high,new,ansal heights 86,gurgaon,1.1700000000000002
213.68,3.0,3.0,2.0,0.0,sector 1,10.0,1.0,0.0,0.0,0.0,0.0,0.0,0.0,0.0,0.0,0.0,0.0,0.0,1.0,0.0,0.0,0.0,0.0,0.0,1.0,carpet,low,old,the crew bos chs manesar,manesar,1.105
222.97,4.0,5.0,3.0,1.0,sector 69,11.0,1.0,0.0,0.0,1.0,0.0,1.0,0.0,1.0,1.0,1.0,1.0,0.0,0.0,1.0,0.0,0.0,0.0,0.0,0.0,super built up,mid,new,tulip purple,gurgaon,2.496
178.37,3.0,4.0,3.0,1.0,sector 2,10.0,1.0,0.0,0.0,1.0,1.0,0.0,0.0,1.0,1.0,1.0,1.0,0.0,0.0,0.0,0.0,0.0,0.0,0.0,0.0,super built up,high,old,bestech park view residency,gurgaon,2.067
121.7,2.0,2.0,3.0,1.0,sector 37,15.0,1.0,1.0,0.0,0.0,0.0,1.0,1.0,1.0,0.0,0.0,0.0,0.0,0.0,0.0,1.0,0.0,1.0,0.0,0.0,super built up,high,new,ramprastha the edge towers,gurgaon,0.923
131.46,2.0,2.0,3.0,0.0,sector 2,10.0,1.0,0.0,0.0,1.0,1.0,0.0,0.0,1.0,1.0,1.0,1.0,0.0,0.0,0.0,0.0,0.0,0.0,0.0,0.0,super built up,high,old,bestech park view residency,gurgaon,1.274
138.43,3.0,3.0,3.0,0.0,sector 79,9.0,0.0,0.0,0.0,1.0,0.0,0.0,0.0,1.0,1.0,0.0,1.0,1.0,0.0,0.0,0.0,0.0,0.0,0.0,0.0,super built up,high,new,mapsko mount ville,gurgaon,1.56
195.38,3.0,3.0,3.0,1.0,sector 81,9.0,1.0,0.0,0.0,0.0,0.0,0.0,0.0,1.0,1.0,0.0,1.0,0.0,0.0,0.0,0.0,0.0,0.0,0.0,0.0,super built up,high,new,dlf the ultima,gurgaon,3.12
76.55,2.0,2.0,2.0,0.0,sector 33,8.0,1.0,0.0,0.0,0.0,0.0,0.0,0.0,1.0,1.0,1.0,1.0,0.0,0.0,0.0,0.0,0.0,0.0,0.0,0.0,carpet,low,new,signature global park,sohna,0.8840000000000001
166.2,3.0,3.0,3.0,0.0,sector 33,15.0,1.0,0.0,0.0,0.0,0.0,1.0,0.0,1.0,1.0,0.0,0.0,0.0,0.0,1.0,0.0,1.0,0.0,0.0,0.0,super built up,low,old,central park flower valley,sohna,2.327
137.5,2.0,2.0,3.0,1.0,sector 86,10.0,1.0,0.0,0.0,1.0,0.0,0.0,0.0,1.0,1.0,0.0,0.0,1.0,0.0,0.0,0.0,0.0,0.0,0.0,0.0,super built up,high,new,microtek greenburg,gurgaon,1.599
269.88,4.0,5.0,3.0,1.0,sector 72,10.0,1.0,0.0,0.0,0.0,0.0,1.0,0.0,1.0,0.0,0.0,1.0,0.0,0.0,1.0,0.0,0.0,0.0,0.0,0.0,super built up,high,new,tata primanti,gurgaon,5.2
141.12,2.0,2.0,2.0,1.0,sector 79,3.0,0.0,0.0,0.0,0.0,0.0,0.0,0.0,0.0,0.0,0.0,0.0,0.0,1.0,0.0,0.0,0.0,0.0,0.0,1.0,carpet,high,new,supertech araville,gurgaon,1.04
185.81,3.0,3.0,3.0,1.0,sector 103,15.0,1.0,0.0,0.0,1.0,1.0,1.0,0.0,1.0,1.0,1.0,1.0,1.0,0.0,1.0,0.0,0.0,0.0,0.0,0.0,super built up,high,new,indiabulls centrum park,gurgaon,2.145
164.62,2.0,2.0,3.0,1.0,sector 85,13.0,1.0,0.0,0.0,1.0,0.0,1.0,0.0,1.0,1.0,0.0,0.0,1.0,0.0,1.0,0.0,0.0,0.0,1.0,0.0,super built up,high,new,ss the leaf,gurgaon,1.6900000000000002
266.82,4.0,4.0,3.0,1.0,sector 81,9.0,1.0,0.0,0.0,0.0,0.0,0.0,0.0,1.0,1.0,0.0,1.0,0.0,0.0,0.0,0.0,0.0,0.0,0.0,0.0,super built up,high,new,dlf the ultima,gurgaon,4.485
133.69,3.0,3.0,3.0,1.0,sector 33,8.0,1.0,0.0,0.0,0.0,0.0,0.0,0.0,1.0,1.0,1.0,1.0,0.0,0.0,0.0,0.0,0.0,0.0,0.0,0.0,carpet,low,new,signature global park,sohna,1.1700000000000002
174.19,3.0,3.0,3.0,0.0,sector 37,9.0,1.0,0.0,0.0,1.0,0.0,1.0,0.0,1.0,1.0,1.0,0.0,1.0,0.0,0.0,0.0,0.0,0.0,0.0,0.0,super built up,mid,new,ild greens,gurgaon,1.3650000000000002
278.43,4.0,4.0,3.0,1.0,sector 54,3.0,0.0,0.0,0.0,0.0,0.0,0.0,0.0,0.0,0.0,0.0,0.0,0.0,0.0,0.0,0.0,0.0,0.0,0.0,1.0,super built up,high,old,dlf royalton tower,gurgaon,8.450000000000001
212.75,3.0,4.0,3.0,1.0,sector 104,13.0,1.0,0.0,0.0,1.0,0.0,1.0,0.0,1.0,1.0,0.0,1.0,1.0,0.0,1.0,0.0,1.0,0.0,0.0,0.0,super built up,high,new,ats triumph,gurgaon,2.275
120.77,2.0,2.0,2.0,0.0,sector 70,15.0,1.0,0.0,0.0,1.0,0.0,1.0,1.0,0.0,0.0,0.0,0.0,0.0,1.0,0.0,0.0,0.0,0.0,0.0,0.0,carpet,high,new,shree vardhman victoria,gurgaon,1.4300000000000002
161.74,2.0,2.0,3.0,1.0,sector 85,13.0,1.0,0.0,0.0,1.0,0.0,1.0,0.0,1.0,1.0,0.0,0.0,1.0,0.0,1.0,0.0,0.0,0.0,1.0,0.0,super built up,low,new,ss the leaf,gurgaon,1.4300000000000002
218.79,4.0,5.0,3.0,1.0,sector 106,11.0,1.0,0.0,0.0,1.0,0.0,1.0,0.0,1.0,1.0,0.0,1.0,1.0,0.0,1.0,0.0,0.0,0.0,0.0,0.0,super built up,mid,new,paras dews,gurgaon,1.7420000000000002
183.58,3.0,3.0,3.0,1.0,sector 70,14.0,1.0,0.0,0.0,0.0,0.0,1.0,1.0,0.0,0.0,0.0,0.0,0.0,0.0,0.0,1.0,0.0,0.0,0.0,0.0,super built up,mid,new,capital residences 360,gurgaon,1.963
164.9,3.0,3.0,2.0,0.0,sector 83,9.0,0.0,0.0,0.0,1.0,0.0,0.0,0.0,1.0,0.0,0.0,0.0,0.0,0.0,0.0,0.0,0.0,0.0,1.0,0.0,carpet,low,new,vatika boulevard residences and heights,gurgaon,1.846
223.25,3.0,3.0,3.0,1.0,sector 60,7.0,1.0,0.0,0.0,0.0,0.0,1.0,0.0,1.0,1.0,0.0,1.0,0.0,0.0,0.0,0.0,0.0,0.0,0.0,0.0,super built up,mid,new,ireo skyon,gurgaon,3.9
43.2,1.0,1.0,1.0,0.0,sector 2,28.0,1.0,0.0,0.0,0.0,1.0,1.0,1.0,1.0,0.0,1.0,1.0,0.0,0.0,0.0,1.0,0.0,0.0,0.0,0.0,super built up,mid,old,palam vihar society,gurgaon,0.52
222.97,4.0,4.0,3.0,1.0,sector 56,46.0,1.0,0.0,0.0,0.0,1.0,1.0,1.0,0.0,0.0,0.0,1.0,0.0,1.0,0.0,1.0,1.0,0.0,0.0,1.0,super built up,high,new,the lions cghs,gurgaon,2.6
60.39,3.0,3.0,3.0,0.0,sector 33,15.0,1.0,0.0,0.0,0.0,0.0,1.0,0.0,1.0,1.0,0.0,0.0,0.0,0.0,1.0,0.0,1.0,0.0,0.0,0.0,super built up,low,mid aged,central park flower valley,sohna,1.82
128.67,2.0,2.0,3.0,0.0,sector 106,11.0,1.0,0.0,0.0,1.0,0.0,1.0,0.0,1.0,1.0,0.0,1.0,1.0,0.0,1.0,0.0,0.0,0.0,0.0,0.0,super built up,low,new,paras dews,gurgaon,1.131
186.74,4.0,4.0,2.0,1.0,sector 69,10.0,1.0,0.0,0.0,1.0,0.0,1.0,0.0,1.0,1.0,0.0,0.0,0.0,0.0,1.0,0.0,0.0,0.0,0.0,0.0,super built up,high,new,tulip violet,gurgaon,2.3400000000000003
148.64,4.0,3.0,2.0,0.0,sector 92,11.0,0.0,0.0,0.0,0.0,0.0,0.0,0.0,1.0,1.0,0.0,1.0,1.0,0.0,0.0,0.0,0.0,0.0,0.0,0.0,carpet,high,new,sare green parc phase 3,gurgaon,1.4300000000000002
222.04,4.0,4.0,3.0,1.0,sector 83,10.0,0.0,0.0,0.0,1.0,0.0,0.0,0.0,1.0,1.0,0.0,1.0,1.0,0.0,0.0,0.0,0.0,0.0,0.0,0.0,super built up,low,new,vatika gurgaon 21,gurgaon,1.729
68.28,2.0,2.0,3.0,0.0,sector 81,10.0,1.0,0.0,0.0,1.0,0.0,0.0,0.0,1.0,0.0,0.0,0.0,1.0,0.0,1.0,0.0,0.0,0.0,0.0,0.0,super built up,mid,new,signature global synera,gurgaon,0.65
199.74,3.0,4.0,3.0,1.0,sector 109,11.0,1.0,0.0,0.0,1.0,0.0,0.0,0.0,1.0,1.0,0.0,1.0,1.0,0.0,0.0,0.0,0.0,0.0,1.0,0.0,super built up,mid,new,ats tourmaline,gurgaon,1.95
161.19,3.0,3.0,3.0,0.0,sector 77,10.0,1.0,0.0,0.0,1.0,0.0,1.0,0.0,1.0,1.0,0.0,0.0,1.0,0.0,0.0,0.0,0.0,0.0,0.0,0.0,built up,high,under construction,umang winter hills,gurgaon,1.82
181.16,3.0,4.0,3.0,1.0,sector 70,15.0,1.0,0.0,0.0,1.0,0.0,1.0,1.0,0.0,0.0,0.0,0.0,0.0,1.0,0.0,0.0,0.0,0.0,0.0,0.0,super built up,mid,new,shree vardhman victoria,gurgaon,2.145
169.83,3.0,3.0,3.0,0.0,sector 65,11.0,1.0,0.0,0.0,1.0,0.0,1.0,0.0,1.0,1.0,0.0,1.0,1.0,0.0,1.0,0.0,0.0,0.0,0.0,0.0,super built up,high,mid aged,m3m heights,gurgaon,3.25
248.05,4.0,5.0,3.0,1.0,sector 103,18.0,1.0,0.0,0.0,0.0,0.0,0.0,1.0,0.0,0.0,1.0,0.0,0.0,0.0,0.0,0.0,0.0,0.0,0.0,1.0,super built up,high,new,ansal housing highland park,gurgaon,2.6
267.1,4.0,6.0,3.0,1.0,sector 103,15.0,1.0,0.0,0.0,1.0,1.0,1.0,0.0,1.0,1.0,1.0,1.0,1.0,0.0,1.0,0.0,0.0,0.0,0.0,0.0,super built up,mid,new,indiabulls centrum park,gurgaon,2.7820000000000005
163.7,3.0,3.0,3.0,0.0,sector 103,12.0,1.0,0.0,0.0,0.0,0.0,0.0,0.0,0.0,0.0,1.0,0.0,0.0,0.0,0.0,0.0,0.0,0.0,0.0,0.0,super built up,mid,new,ansal housing highland park,gurgaon,1.4300000000000002
207.08,4.0,4.0,3.0,0.0,sector 53,9.0,1.0,0.0,0.0,1.0,0.0,0.0,0.0,1.0,0.0,0.0,1.0,0.0,0.0,1.0,0.0,0.0,1.0,0.0,1.0,carpet,high,under construction,tulip monsella,gurgaon,9.62
101.73,2.0,2.0,2.0,1.0,sector 70,4.0,0.0,0.0,0.0,1.0,0.0,0.0,0.0,1.0,0.0,0.0,0.0,0.0,0.0,0.0,0.0,0.0,0.0,0.0,0.0,super built up,high,mid aged,unitech vistas,gurgaon,0.6890000000000001
132.2,3.0,3.0,0.0,0.0,sector 89,9.0,1.0,0.0,0.0,0.0,0.0,0.0,0.0,1.0,1.0,0.0,0.0,1.0,0.0,0.0,0.0,0.0,0.0,0.0,0.0,built up,mid,under construction,m3m soulitude,gurgaon,1.625
194.35,3.0,4.0,3.0,1.0,sector 81,9.0,1.0,0.0,0.0,0.0,0.0,0.0,0.0,1.0,1.0,0.0,1.0,0.0,0.0,0.0,0.0,0.0,0.0,0.0,0.0,super built up,high,new,dlf the ultima,gurgaon,3.042
31.6,1.0,1.0,1.0,0.0,sector 33,10.0,0.0,0.0,0.0,0.0,0.0,0.0,1.0,0.0,0.0,0.0,0.0,0.0,0.0,0.0,0.0,0.0,0.0,0.0,1.0,carpet,high,new,mvn athens,sohna,0.312
199.74,3.0,4.0,3.0,0.0,sector 79,10.0,1.0,0.0,0.0,1.0,0.0,0.0,0.0,1.0,1.0,0.0,0.0,0.0,0.0,0.0,0.0,0.0,0.0,0.0,0.0,super built up,high,mid aged,bestech altura,gurgaon,2.47
88.26,2.0,2.0,2.0,0.0,sector 33,10.0,1.0,0.0,0.0,1.0,0.0,1.0,0.0,1.0,1.0,0.0,0.0,0.0,0.0,1.0,0.0,0.0,1.0,0.0,0.0,super built up,low,new,breez global heights,sohna,0.507
191.38,4.0,5.0,3.0,1.0,sector 113,8.0,1.0,0.0,0.0,1.0,0.0,0.0,0.0,1.0,1.0,1.0,1.0,1.0,0.0,0.0,0.0,0.0,0.0,0.0,0.0,built up,high,new,m3m capital,gurgaon,3.341
169.73,3.0,3.0,3.0,0.0,sector 102,13.0,1.0,0.0,0.0,1.0,1.0,0.0,0.0,1.0,1.0,0.0,0.0,1.0,0.0,1.0,0.0,0.0,1.0,0.0,0.0,super built up,low,new,shapoorji pallonji joyville gurugram,gurgaon,2.301
93.83,2.0,2.0,3.0,1.0,sector 92,10.0,1.0,0.0,0.0,1.0,0.0,0.0,0.0,1.0,1.0,0.0,0.0,1.0,0.0,1.0,0.0,0.0,0.0,0.0,0.0,super built up,low,new,signature global city 92,gurgaon,1.014
59.46,3.0,3.0,1.0,0.0,sector 92,4.0,1.0,0.0,0.0,0.0,0.0,0.0,0.0,1.0,0.0,0.0,0.0,0.0,0.0,1.0,0.0,0.0,0.0,0.0,0.0,carpet,low,new,gls avenue 51,gurgaon,0.546
247.12,3.0,4.0,3.0,1.0,sector 81,9.0,0.0,0.0,0.0,1.0,0.0,0.0,0.0,1.0,0.0,0.0,0.0,1.0,0.0,0.0,0.0,0.0,0.0,0.0,0.0,super built up,mid,new,bestech park view grand spa,gurgaon,3.055
126.26,3.0,2.0,2.0,0.0,sector 104,7.0,1.0,0.0,0.0,0.0,1.0,0.0,0.0,1.0,1.0,1.0,1.0,1.0,0.0,0.0,0.0,0.0,0.0,0.0,0.0,super built up,high,new,hero homes,gurgaon,1.755
292.64,4.0,4.0,3.0,1.0,sector 104,13.0,1.0,0.0,0.0,1.0,0.0,1.0,0.0,1.0,1.0,0.0,1.0,1.0,0.0,1.0,0.0,1.0,0.0,0.0,0.0,super built up,high,new,ats triumph,gurgaon,3.3800000000000003
239.23,4.0,4.0,3.0,1.0,sector 90,10.0,1.0,0.0,0.0,1.0,0.0,1.0,0.0,1.0,1.0,0.0,0.0,1.0,0.0,1.0,0.0,0.0,0.0,0.0,0.0,carpet,high,new,shree vardhman flora,gurgaon,1.625
267.1,4.0,6.0,3.0,1.0,sector 103,15.0,1.0,0.0,0.0,1.0,1.0,1.0,0.0,1.0,1.0,1.0,1.0,1.0,0.0,1.0,0.0,0.0,0.0,0.0,0.0,super built up,high,new,indiabulls centrum park,gurgaon,3.068
53.51,2.0,2.0,2.0,0.0,sector 33,6.0,0.0,0.0,0.0,0.0,0.0,0.0,0.0,0.0,1.0,0.0,0.0,1.0,0.0,0.0,0.0,1.0,0.0,0.0,0.0,super built up,high,new,gls arawali homes,sohna,0.4549999999999999
100.43,3.0,2.0,3.0,0.0,sector 36,12.0,1.0,0.0,0.0,1.0,0.0,1.0,0.0,1.0,1.0,0.0,1.0,0.0,0.0,0.0,0.0,0.0,0.0,0.0,0.0,carpet,low,new,signature global park 4,sohna,1.066
269.88,4.0,4.0,3.0,1.0,sector 72,10.0,1.0,0.0,0.0,0.0,0.0,1.0,0.0,1.0,0.0,0.0,1.0,0.0,0.0,1.0,0.0,0.0,0.0,0.0,0.0,super built up,high,new,tata primanti,gurgaon,5.07
112.41,2.0,2.0,3.0,0.0,sector 33,6.0,1.0,0.0,0.0,0.0,0.0,0.0,0.0,1.0,1.0,0.0,0.0,0.0,0.0,0.0,0.0,0.0,0.0,0.0,0.0,carpet,high,new,ashiana mulberry,sohna,0.962
216.0,3.0,4.0,3.0,1.0,sector 111,25.0,1.0,0.0,0.0,0.0,1.0,0.0,0.0,1.0,0.0,0.0,1.0,0.0,0.0,0.0,1.0,0.0,0.0,0.0,0.0,super built up,high,under construction,kashish manor one,gurgaon,2.145
88.72,2.0,2.0,3.0,0.0,sector 81,12.0,0.0,0.0,0.0,0.0,0.0,0.0,0.0,0.0,0.0,0.0,0.0,0.0,1.0,0.0,0.0,0.0,0.0,0.0,1.0,built up,low,under construction,signature global city 81,gurgaon,1.066
212.75,3.0,4.0,3.0,1.0,sector 104,13.0,1.0,0.0,0.0,1.0,0.0,1.0,0.0,1.0,1.0,0.0,1.0,1.0,0.0,1.0,0.0,1.0,0.0,0.0,0.0,super built up,mid,new,ats triumph,gurgaon,2.6
171.87,3.0,3.0,3.0,1.0,sector 83,10.0,0.0,0.0,0.0,1.0,0.0,0.0,0.0,0.0,0.0,0.0,0.0,0.0,0.0,0.0,0.0,0.0,0.0,0.0,0.0,super built up,mid,new,emaar palm gardens,gurgaon,2.08
180.51,3.0,3.0,3.0,0.0,sector 107,6.0,0.0,0.0,0.0,0.0,0.0,0.0,0.0,1.0,1.0,0.0,0.0,0.0,0.0,0.0,0.0,0.0,0.0,0.0,0.0,super built up,mid,new,m3m woodshire,gurgaon,1.56
145.67,3.0,3.0,1.0,1.0,sector 69,10.0,1.0,0.0,0.0,1.0,0.0,1.0,0.0,1.0,1.0,0.0,0.0,0.0,0.0,1.0,0.0,0.0,0.0,0.0,0.0,super built up,high,new,tulip violet,gurgaon,1.7160000000000002
83.61204013377927,2.0,2.0,0.0,0.0,sector 33,8.0,1.0,0.0,0.0,1.0,0.0,0.0,0.0,1.0,1.0,0.0,0.0,0.0,0.0,0.0,0.0,0.0,0.0,0.0,0.0,carpet,high,mid aged,godrej nature plus,sohna,1.56
189.52,3.0,3.0,3.0,1.0,sector 65,11.0,1.0,0.0,0.0,1.0,0.0,1.0,0.0,1.0,1.0,0.0,1.0,1.0,0.0,1.0,0.0,0.0,0.0,0.0,0.0,carpet,high,mid aged,m3m heights,gurgaon,3.718
227.61,3.0,4.0,3.0,1.0,sector 104,13.0,1.0,0.0,0.0,1.0,0.0,1.0,0.0,1.0,1.0,1.0,1.0,1.0,0.0,1.0,0.0,0.0,0.0,0.0,0.0,super built up,high,new,puri emerald bay,gurgaon,3.445
146.6,3.0,3.0,2.0,1.0,sector 69,10.0,1.0,0.0,0.0,1.0,0.0,1.0,0.0,1.0,1.0,0.0,0.0,0.0,0.0,1.0,0.0,0.0,0.0,0.0,0.0,super built up,high,new,tulip violet,gurgaon,2.015
315.87,4.0,4.0,3.0,1.0,sector 110,15.0,1.0,0.0,0.0,1.0,1.0,0.0,0.0,1.0,1.0,1.0,1.0,1.0,0.0,0.0,0.0,0.0,0.0,0.0,0.0,super built up,high,new,indiabulls enigma,gurgaon,4.2250000000000005
134.71,2.0,2.0,3.0,0.0,sector 79,11.0,1.0,0.0,0.0,1.0,0.0,1.0,0.0,1.0,1.0,0.0,0.0,1.0,0.0,0.0,0.0,0.0,0.0,1.0,0.0,carpet,mid,new,godrej aria,gurgaon,1.235
199.74,3.0,3.0,3.0,1.0,sector 70,11.0,1.0,0.0,0.0,1.0,0.0,1.0,0.0,1.0,1.0,0.0,0.0,0.0,0.0,0.0,0.0,0.0,0.0,0.0,0.0,super built up,low,new,aipl the peaceful homes,gurgaon,2.99
176.52,3.0,3.0,3.0,1.0,sector 83,10.0,0.0,0.0,0.0,1.0,0.0,0.0,0.0,0.0,0.0,0.0,0.0,0.0,0.0,0.0,0.0,0.0,0.0,0.0,0.0,super built up,mid,new,emaar palm gardens,gurgaon,2.236
127.74,2.0,2.0,2.0,1.0,sector 85,5.0,0.0,0.0,0.0,0.0,0.0,0.0,0.0,0.0,1.0,0.0,1.0,1.0,0.0,0.0,0.0,0.0,0.0,0.0,0.0,super built up,mid,new,orris aster court,gurgaon,0.8710000000000001
57.88,2.0,2.0,1.0,0.0,sector 33,10.0,1.0,0.0,0.0,1.0,0.0,1.0,0.0,1.0,1.0,0.0,0.0,0.0,0.0,1.0,0.0,0.0,1.0,0.0,0.0,super built up,mid,new,breez global heights,sohna,0.52
306.58,3.0,3.0,3.0,1.0,sector 66,14.0,1.0,0.0,0.0,0.0,0.0,1.0,0.0,1.0,1.0,0.0,1.0,0.0,0.0,0.0,0.0,0.0,1.0,0.0,0.0,super built up,high,new,emaar mgf the palm drive,gurgaon,5.98
117.06,2.0,2.0,2.0,1.0,sector 68,10.0,1.0,0.0,0.0,1.0,0.0,1.0,0.0,1.0,1.0,0.0,0.0,0.0,0.0,1.0,0.0,0.0,0.0,0.0,0.0,super built up,high,new,m3m the marina,gurgaon,1.326
88.26,2.0,2.0,2.0,0.0,sector 3,48.0,1.0,0.0,0.0,0.0,0.0,0.0,1.0,1.0,0.0,1.0,0.0,0.0,0.0,0.0,1.0,0.0,0.0,0.0,1.0,super built up,low,old,apna enclave,gurgaon,0.7150000000000001
253.35,4.0,4.0,3.0,0.0,sector 90,6.0,1.0,0.0,0.0,0.0,0.0,0.0,0.0,1.0,1.0,0.0,0.0,0.0,0.0,1.0,0.0,0.0,0.0,0.0,0.0,super built up,high,old,dlf new town heights 1,gurgaon,2.3400000000000003
100.43,3.0,2.0,3.0,0.0,sector 33,8.0,1.0,0.0,0.0,0.0,0.0,0.0,0.0,1.0,1.0,1.0,1.0,0.0,0.0,0.0,0.0,0.0,0.0,0.0,0.0,carpet,mid,new,signature global park,sohna,0.975
146.6,3.0,3.0,2.0,1.0,sector 69,10.0,1.0,0.0,0.0,1.0,0.0,1.0,0.0,1.0,1.0,0.0,0.0,0.0,0.0,1.0,0.0,0.0,0.0,0.0,0.0,super built up,high,new,tulip violet,gurgaon,1.95
188.87,3.0,3.0,3.0,1.0,sector 49,13.0,1.0,0.0,0.0,1.0,0.0,0.0,1.0,1.0,0.0,0.0,0.0,0.0,0.0,1.0,1.0,0.0,0.0,0.0,0.0,super built up,high,new,orchid petals,gurgaon,3.055
180.7,3.0,3.0,3.0,0.0,sector 79,3.0,0.0,0.0,0.0,0.0,0.0,0.0,0.0,0.0,0.0,0.0,0.0,0.0,1.0,0.0,0.0,0.0,0.0,0.0,1.0,carpet,mid,new,supertech araville,gurgaon,1.755
151.43,3.0,3.0,2.0,1.0,sector 61,9.0,1.0,0.0,0.0,1.0,0.0,0.0,0.0,1.0,1.0,1.0,1.0,0.0,0.0,0.0,0.0,0.0,0.0,0.0,0.0,super built up,low,mid aged,smart world orchard,gurgaon,2.99
186.74,4.0,4.0,2.0,1.0,sector 69,10.0,1.0,0.0,0.0,1.0,0.0,1.0,0.0,1.0,1.0,0.0,0.0,0.0,0.0,1.0,0.0,0.0,0.0,0.0,0.0,super built up,high,new,tulip violet,gurgaon,2.314
55.74,2.0,2.0,1.0,1.0,sector 71,15.0,1.0,0.0,0.0,0.0,0.0,1.0,1.0,1.0,1.0,0.0,0.0,0.0,1.0,0.0,0.0,0.0,0.0,0.0,0.0,super built up,mid,new,signature andour heights,gurgaon,0.78
130.06,2.0,2.0,3.0,1.0,sector 74,7.0,1.0,0.0,0.0,1.0,0.0,1.0,0.0,1.0,1.0,0.0,0.0,1.0,0.0,0.0,0.0,0.0,0.0,0.0,0.0,super built up,high,new,m3m skywalk,gurgaon,1.924
83.61204013377927,2.0,2.0,3.0,0.0,sector 85,8.0,1.0,0.0,0.0,1.0,0.0,0.0,0.0,1.0,1.0,0.0,0.0,1.0,0.0,0.0,0.0,0.0,0.0,0.0,0.0,carpet,high,mid aged,godrej air,gurgaon,1.755
185.81,4.0,3.0,2.0,0.0,sector 92,8.0,1.0,0.0,0.0,0.0,0.0,0.0,0.0,0.0,0.0,0.0,0.0,0.0,1.0,0.0,0.0,0.0,0.0,0.0,0.0,super built up,high,new,sare homes,gurgaon,1.235
106.84,2.0,2.0,2.0,1.0,sector 61,9.0,1.0,0.0,0.0,1.0,0.0,0.0,0.0,1.0,1.0,1.0,1.0,0.0,0.0,0.0,0.0,0.0,0.0,0.0,0.0,carpet,low,mid aged,smart world orchard,gurgaon,2.08
179.3,3.0,3.0,3.0,1.0,sector 86,15.0,1.0,0.0,0.0,0.0,0.0,0.0,1.0,1.0,1.0,0.0,0.0,0.0,0.0,0.0,0.0,0.0,0.0,0.0,0.0,super built up,high,new,dlf new town heights 2,gurgaon,1.6900000000000002
234.12,3.0,3.0,3.0,0.0,sector 113,12.0,1.0,0.0,0.0,1.0,0.0,1.0,0.0,1.0,1.0,0.0,1.0,1.0,0.0,0.0,0.0,0.0,0.0,0.0,0.0,super built up,high,new,tata gurgaon gateway,gurgaon,4.173
76.37,2.0,2.0,3.0,0.0,sector 33,8.0,1.0,0.0,0.0,0.0,0.0,0.0,0.0,1.0,1.0,1.0,1.0,0.0,0.0,0.0,0.0,0.0,0.0,0.0,0.0,carpet,low,under construction,signature global park,sohna,0.7150000000000001
146.6,3.0,3.0,1.0,1.0,sector 69,10.0,1.0,0.0,0.0,1.0,0.0,1.0,0.0,1.0,1.0,0.0,0.0,0.0,0.0,1.0,0.0,0.0,0.0,0.0,0.0,super built up,high,new,tulip violet,gurgaon,1.7680000000000002
131.46,2.0,2.0,3.0,0.0,sector 2,10.0,1.0,0.0,0.0,1.0,1.0,0.0,0.0,1.0,1.0,1.0,1.0,0.0,0.0,0.0,0.0,0.0,0.0,0.0,0.0,super built up,high,old,bestech park view residency,gurgaon,1.326
69.12,2.0,2.0,1.0,0.0,sector 33,5.0,0.0,0.0,0.0,0.0,0.0,0.0,0.0,0.0,0.0,0.0,0.0,0.0,0.0,0.0,0.0,0.0,0.0,0.0,1.0,built up,low,new,hcbs sports ville,sohna,0.416
211.17,4.0,4.0,3.0,1.0,sector 82,7.0,1.0,0.0,0.0,0.0,0.0,0.0,0.0,0.0,1.0,0.0,0.0,0.0,0.0,0.0,0.0,0.0,0.0,0.0,0.0,super built up,low,new,dlf the primus,gurgaon,3.3800000000000003
126.26,2.0,2.0,3.0,0.0,sector 102,13.0,1.0,0.0,0.0,1.0,1.0,0.0,0.0,1.0,1.0,0.0,0.0,1.0,0.0,1.0,0.0,0.0,1.0,0.0,0.0,super built up,high,new,shapoorji pallonji joyville gurugram,gurgaon,1.56
366.97,4.0,4.0,3.0,0.0,sector 63,10.0,1.0,0.0,0.0,0.0,0.0,1.0,1.0,0.0,0.0,0.0,0.0,0.0,0.0,0.0,1.0,0.0,0.0,0.0,1.0,built up,high,under construction,dlf the arbour,gurgaon,10.27
179.21,3.0,3.0,1.0,0.0,sector 86,10.0,0.0,0.0,0.0,1.0,0.0,0.0,0.0,1.0,1.0,0.0,0.0,0.0,0.0,1.0,0.0,0.0,0.0,0.0,0.0,super built up,high,new,dlf the skycourt,gurgaon,1.755
281.03,3.0,3.0,1.0,1.0,sector 59,15.0,1.0,0.0,0.0,1.0,0.0,1.0,1.0,1.0,1.0,0.0,1.0,0.0,0.0,0.0,0.0,0.0,1.0,0.0,0.0,super built up,high,mid aged,mahindra luminare,gurgaon,7.15
146.6,2.0,3.0,3.0,1.0,sector 37,8.0,1.0,0.0,0.0,1.0,1.0,0.0,0.0,1.0,0.0,0.0,0.0,1.0,0.0,0.0,0.0,0.0,0.0,0.0,0.0,super built up,high,new,imperia the esfera,gurgaon,1.131
222.97,3.0,4.0,3.0,1.0,sector 56,47.0,1.0,0.0,0.0,0.0,1.0,0.0,1.0,0.0,0.0,0.0,1.0,0.0,1.0,0.0,1.0,1.0,0.0,0.0,1.0,super built up,high,old,the lions cghs,gurgaon,2.7300000000000004
146.6,2.0,3.0,3.0,1.0,sector 37,8.0,1.0,0.0,0.0,1.0,1.0,0.0,0.0,1.0,0.0,0.0,0.0,1.0,0.0,0.0,0.0,0.0,0.0,0.0,0.0,super built up,mid,new,imperia the esfera,gurgaon,1.131
60.39,1.0,1.0,2.0,0.0,sector 2,10.0,1.0,0.0,0.0,1.0,1.0,0.0,0.0,1.0,1.0,1.0,1.0,0.0,0.0,0.0,0.0,0.0,0.0,0.0,0.0,super built up,mid,old,bestech park view residency,gurgaon,0.7150000000000001
195.1,3.0,4.0,3.0,1.0,sector 81,9.0,1.0,0.0,0.0,0.0,0.0,0.0,0.0,1.0,1.0,0.0,1.0,0.0,0.0,0.0,0.0,0.0,0.0,0.0,0.0,super built up,high,new,dlf the ultima,gurgaon,2.8600000000000003
163.51,3.0,4.0,3.0,1.0,sector 106,11.0,1.0,0.0,0.0,1.0,0.0,1.0,0.0,1.0,1.0,0.0,1.0,1.0,0.0,1.0,0.0,0.0,0.0,0.0,0.0,super built up,high,new,paras dews,gurgaon,1.4300000000000002
125.42,3.0,3.0,3.0,1.0,sector 33,8.0,1.0,0.0,0.0,1.0,0.0,0.0,0.0,1.0,1.0,0.0,0.0,0.0,0.0,0.0,0.0,0.0,0.0,0.0,0.0,carpet,mid,new,godrej nature plus,sohna,2.21
186.08,3.0,4.0,2.0,0.0,sector 108,13.0,1.0,0.0,0.0,0.0,0.0,1.0,0.0,1.0,1.0,0.0,0.0,1.0,0.0,0.0,0.0,0.0,0.0,1.0,0.0,super built up,high,new,sobha city,gurgaon,3.77
152.36,3.0,3.0,2.0,0.0,sector 41,48.0,1.0,0.0,0.0,0.0,1.0,0.0,1.0,1.0,0.0,0.0,1.0,0.0,1.0,0.0,0.0,0.0,0.0,0.0,1.0,super built up,high,old,unitech the palms,gurgaon,3.575
59.37,2.0,2.0,1.0,0.0,sector 71,15.0,1.0,0.0,0.0,0.0,0.0,1.0,1.0,1.0,1.0,0.0,0.0,0.0,1.0,0.0,0.0,0.0,0.0,0.0,0.0,super built up,mid,new,signature andour heights,gurgaon,0.7150000000000001
253.35,4.0,4.0,3.0,1.0,sector 90,6.0,1.0,0.0,0.0,0.0,0.0,0.0,0.0,1.0,1.0,0.0,0.0,0.0,0.0,1.0,0.0,0.0,0.0,0.0,0.0,super built up,high,new,dlf new town heights 1,gurgaon,2.275
195.38,3.0,3.0,3.0,1.0,sector 81,9.0,1.0,0.0,0.0,0.0,0.0,0.0,0.0,1.0,1.0,0.0,1.0,0.0,0.0,0.0,0.0,0.0,0.0,0.0,0.0,super built up,mid,new,dlf the ultima,gurgaon,2.8600000000000003
68.4832,2.0,2.0,2.0,0.0,sector 33,5.0,0.0,0.0,0.0,0.0,0.0,0.0,0.0,0.0,0.0,0.0,0.0,0.0,0.0,0.0,0.0,0.0,0.0,0.0,1.0,built up,high,new,hcbs sports ville,sohna,0.4549999999999999
138.43,3.0,3.0,3.0,0.0,sector 79,9.0,0.0,0.0,0.0,1.0,0.0,0.0,0.0,1.0,1.0,0.0,1.0,1.0,0.0,0.0,0.0,0.0,0.0,0.0,0.0,carpet,low,new,mapsko mount ville,gurgaon,1.82
241.55,4.0,5.0,3.0,1.0,sector 37,8.0,1.0,0.0,0.0,1.0,1.0,0.0,0.0,1.0,0.0,0.0,0.0,1.0,0.0,0.0,0.0,0.0,0.0,0.0,0.0,super built up,high,new,imperia the esfera,gurgaon,1.82
60.39,3.0,3.0,3.0,0.0,sector 33,11.0,1.0,0.0,0.0,1.0,0.0,0.0,0.0,1.0,1.0,1.0,0.0,0.0,0.0,1.0,0.0,0.0,0.0,1.0,0.0,super built up,low,mid aged,central park flower valley,sohna,1.82
185.53,3.0,3.0,3.0,1.0,sector 99,15.0,1.0,0.0,0.0,1.0,1.0,1.0,1.0,1.0,1.0,0.0,0.0,0.0,0.0,1.0,0.0,0.0,0.0,0.0,0.0,super built up,low,new,pareena coban residences,gurgaon,1.508
186.74,4.0,4.0,2.0,0.0,sector 69,10.0,1.0,0.0,0.0,1.0,0.0,1.0,0.0,1.0,1.0,0.0,0.0,0.0,0.0,1.0,0.0,0.0,0.0,0.0,0.0,super built up,low,new,tulip violet,gurgaon,2.21
174.19,3.0,3.0,3.0,0.0,sector 37,9.0,1.0,0.0,0.0,1.0,0.0,1.0,0.0,1.0,1.0,1.0,0.0,1.0,0.0,0.0,0.0,0.0,0.0,0.0,0.0,super built up,high,new,ild greens,gurgaon,1.235
238.48,4.0,4.0,3.0,1.0,sector 48,15.0,1.0,1.0,0.0,1.0,0.0,1.0,1.0,1.0,1.0,0.0,1.0,0.0,1.0,0.0,1.0,0.0,0.0,0.0,0.0,super built up,high,old,bestech park view city,gurgaon,3.445
132.85,2.0,2.0,2.0,1.0,sector 82,10.0,1.0,0.0,0.0,1.0,0.0,1.0,0.0,1.0,1.0,0.0,0.0,0.0,0.0,0.0,0.0,0.0,0.0,1.0,0.0,super built up,high,new,vatika the seven lamps,gurgaon,1.118
167.69,3.0,4.0,2.0,0.0,sector 93,9.0,1.0,0.0,0.0,1.0,0.0,0.0,0.0,1.0,1.0,0.0,0.0,1.0,0.0,1.0,0.0,0.0,0.0,0.0,0.0,super built up,high,new,spaze privvy the address,gurgaon,1.885
157.94,3.0,3.0,2.0,0.0,sector 111,10.0,1.0,0.0,0.0,1.0,0.0,0.0,0.0,1.0,1.0,0.0,1.0,1.0,0.0,0.0,0.0,0.0,0.0,0.0,0.0,super built up,high,new,puri diplomatic greens,gurgaon,2.9250000000000003
179.3,3.0,3.0,3.0,1.0,sector 90,6.0,1.0,0.0,0.0,0.0,0.0,0.0,0.0,1.0,1.0,0.0,0.0,0.0,0.0,1.0,0.0,0.0,0.0,0.0,0.0,super built up,mid,new,dlf new town heights 1,gurgaon,1.625
151.43,3.0,3.0,2.0,0.0,sector 61,13.0,1.0,0.0,0.0,1.0,0.0,1.0,0.0,1.0,1.0,1.0,1.0,0.0,0.0,0.0,0.0,0.0,0.0,0.0,0.0,carpet,low,mid aged,smart world orchard,gurgaon,2.8600000000000003
64.1,2.0,2.0,1.0,0.0,sector 82,47.0,1.0,0.0,0.0,0.0,0.0,0.0,1.0,0.0,0.0,0.0,0.0,0.0,0.0,0.0,0.0,0.0,0.0,0.0,1.0,carpet,mid,under construction,green court,gurgaon,0.494
219.62,4.0,4.0,3.0,1.0,sector 90,6.0,1.0,0.0,0.0,0.0,0.0,0.0,0.0,1.0,1.0,0.0,0.0,0.0,0.0,1.0,0.0,0.0,0.0,0.0,0.0,super built up,high,old,dlf new town heights 1,gurgaon,1.846
134.43,3.0,4.0,3.0,1.0,sector 90,6.0,1.0,0.0,0.0,0.0,0.0,0.0,0.0,1.0,1.0,0.0,0.0,0.0,0.0,1.0,0.0,0.0,0.0,0.0,0.0,carpet,high,old,dlf new town heights 1,gurgaon,1.625
126.91,2.0,2.0,3.0,0.0,sector 107,6.0,0.0,0.0,0.0,0.0,0.0,0.0,0.0,1.0,1.0,0.0,0.0,0.0,0.0,0.0,0.0,0.0,0.0,0.0,0.0,super built up,mid,new,m3m woodshire,gurgaon,1.066
164.44,3.0,3.0,3.0,1.0,sector 37,15.0,1.0,1.0,0.0,0.0,0.0,1.0,1.0,1.0,0.0,0.0,0.0,0.0,0.0,0.0,1.0,0.0,1.0,0.0,0.0,super built up,mid,new,ramprastha the edge towers,gurgaon,1.274
152.36,2.0,2.0,3.0,1.0,sector 85,13.0,1.0,0.0,0.0,1.0,0.0,1.0,0.0,1.0,1.0,0.0,0.0,1.0,0.0,1.0,0.0,0.0,0.0,1.0,0.0,super built up,high,new,ss the leaf,gurgaon,1.352
226.78,2.0,3.0,2.0,1.0,sector 112,8.0,1.0,0.0,0.0,0.0,0.0,1.0,0.0,1.0,1.0,1.0,0.0,1.0,0.0,0.0,0.0,0.0,0.0,0.0,0.0,super built up,high,new,experion windchants,gurgaon,3.64
161.93,3.0,3.0,3.0,1.0,sector 71,15.0,1.0,1.0,0.0,0.0,0.0,1.0,1.0,0.0,1.0,0.0,0.0,0.0,0.0,1.0,0.0,1.0,0.0,0.0,0.0,super built up,mid,old,chd avenue 71,gurgaon,1.508
33.45,1.0,1.0,1.0,0.0,sector 103,11.0,0.0,0.0,0.0,0.0,0.0,0.0,0.0,1.0,0.0,0.0,0.0,1.0,0.0,0.0,0.0,0.0,0.0,0.0,0.0,carpet,mid,new,signature global grand iva,gurgaon,0.312
142.88,3.0,3.0,1.0,1.0,sector 69,10.0,1.0,0.0,0.0,1.0,0.0,1.0,0.0,1.0,1.0,0.0,0.0,0.0,0.0,1.0,0.0,0.0,0.0,0.0,0.0,super built up,high,new,tulip violet,gurgaon,1.7939999999999998
269.42,4.0,4.0,3.0,1.0,sector 84,10.0,1.0,0.0,0.0,1.0,1.0,1.0,1.0,1.0,0.0,0.0,0.0,0.0,0.0,0.0,0.0,0.0,0.0,0.0,0.0,carpet,high,new,alpha corp gurgaonone 84,gurgaon,2.8600000000000003
179.77,3.0,4.0,3.0,1.0,sector 67,11.0,0.0,0.0,0.0,1.0,0.0,0.0,0.0,1.0,0.0,0.0,0.0,0.0,0.0,0.0,0.0,0.0,0.0,0.0,0.0,super built up,high,old,bestech park view spa next,gurgaon,3.055
65.03,4.0,5.0,3.0,0.0,sector 24,41.0,1.0,0.0,0.0,0.0,1.0,0.0,1.0,0.0,0.0,0.0,1.0,0.0,0.0,0.0,1.0,0.0,0.0,0.0,1.0,built up,low,under construction,ambience caitriona,gurgaon,18.2
274.06,4.0,5.0,3.0,1.0,sector 111,10.0,1.0,0.0,0.0,1.0,0.0,0.0,0.0,1.0,1.0,0.0,1.0,1.0,0.0,0.0,0.0,0.0,0.0,0.0,0.0,super built up,high,new,puri diplomatic greens,gurgaon,4.42
287.07,3.0,4.0,3.0,1.0,sector 22,14.0,1.0,0.0,0.0,1.0,0.0,1.0,0.0,1.0,1.0,1.0,0.0,1.0,0.0,0.0,0.0,0.0,0.0,0.0,0.0,super built up,mid,new,ambience creacions,gurgaon,5.59
59.46,3.0,3.0,1.0,0.0,sector 92,4.0,1.0,0.0,0.0,0.0,0.0,0.0,0.0,1.0,0.0,0.0,0.0,0.0,0.0,1.0,0.0,0.0,0.0,0.0,0.0,carpet,high,new,gls avenue 51,gurgaon,0.65
186.74,4.0,4.0,2.0,0.0,sector 69,10.0,1.0,0.0,0.0,1.0,0.0,1.0,0.0,1.0,1.0,0.0,0.0,0.0,0.0,1.0,0.0,0.0,0.0,0.0,0.0,super built up,high,new,tulip violet,gurgaon,2.275
334.45,2.0,2.0,1.0,1.0,sector 105,50.0,1.0,0.0,0.0,0.0,0.0,0.0,1.0,1.0,0.0,0.0,0.0,0.0,1.0,0.0,1.0,0.0,0.0,0.0,0.0,carpet,low,new,saroop garden,gurgaon,1.235
132.2,3.0,3.0,3.0,1.0,sector 89,9.0,1.0,0.0,0.0,0.0,0.0,0.0,0.0,1.0,1.0,0.0,0.0,1.0,0.0,0.0,0.0,0.0,0.0,0.0,0.0,super built up,low,new,m3m soulitude,gurgaon,1.625
239.23,4.0,4.0,3.0,1.0,sector 54,7.0,1.0,0.0,0.0,1.0,0.0,0.0,0.0,1.0,1.0,0.0,1.0,0.0,0.0,0.0,0.0,0.0,0.0,0.0,0.0,super built up,high,old,dlf the icon,gurgaon,6.825
139.35,3.0,3.0,3.0,1.0,sector 90,10.0,1.0,0.0,0.0,1.0,0.0,1.0,0.0,1.0,1.0,0.0,0.0,1.0,0.0,1.0,0.0,0.0,0.0,0.0,0.0,carpet,high,new,shree vardhman flora,gurgaon,1.235
83.61204013377927,3.0,3.0,3.0,1.0,sector 63,12.0,1.0,0.0,0.0,0.0,0.0,0.0,0.0,1.0,1.0,1.0,1.0,1.0,0.0,1.0,0.0,1.0,0.0,0.0,0.0,carpet,mid,mid aged,birla navya,gurgaon,4.095
239.6,3.0,4.0,3.0,1.0,sector 102,11.0,1.0,0.0,0.0,1.0,0.0,1.0,0.0,1.0,1.0,0.0,0.0,1.0,0.0,1.0,0.0,0.0,0.0,0.0,0.0,super built up,low,new,adani m2k oyster grande,gurgaon,3.12
186.08,3.0,4.0,3.0,1.0,sector 108,9.0,1.0,0.0,0.0,1.0,0.0,1.0,0.0,1.0,1.0,0.0,0.0,1.0,0.0,0.0,0.0,0.0,0.0,0.0,0.0,super built up,high,new,experion the heartsong,gurgaon,2.21
167.41,3.0,4.0,3.0,1.0,sector 71,15.0,1.0,1.0,0.0,0.0,0.0,1.0,1.0,0.0,1.0,0.0,0.0,0.0,0.0,1.0,0.0,1.0,0.0,0.0,0.0,super built up,low,old,chd avenue 71,gurgaon,1.4300000000000002
185.81,3.0,3.0,3.0,0.0,sector 99,15.0,1.0,0.0,0.0,1.0,1.0,1.0,1.0,1.0,1.0,0.0,0.0,0.0,0.0,1.0,0.0,0.0,0.0,0.0,0.0,super built up,mid,mid aged,pareena coban residences,gurgaon,2.08
125.42,2.0,2.0,3.0,1.0,sector 90,10.0,1.0,0.0,0.0,1.0,0.0,1.0,0.0,1.0,1.0,0.0,0.0,1.0,0.0,1.0,0.0,0.0,0.0,0.0,0.0,super built up,high,old,shree vardhman flora,gurgaon,0.8450000000000001
128.21,2.0,2.0,3.0,0.0,sector 37,15.0,1.0,1.0,0.0,0.0,0.0,1.0,1.0,1.0,0.0,0.0,0.0,0.0,0.0,0.0,1.0,0.0,1.0,0.0,0.0,super built up,low,new,ramprastha the edge towers,gurgaon,1.04
64.1,2.0,2.0,1.0,0.0,sector 90,15.0,1.0,0.0,0.0,0.0,0.0,0.0,1.0,1.0,0.0,0.0,0.0,0.0,1.0,0.0,0.0,1.0,1.0,0.0,0.0,carpet,high,new,green court,gurgaon,0.611
171.41,3.0,4.0,2.0,1.0,sector 1,10.0,1.0,0.0,0.0,0.0,0.0,0.0,0.0,0.0,0.0,0.0,0.0,0.0,1.0,0.0,0.0,0.0,0.0,0.0,1.0,super built up,mid,new,dlf express greens,manesar,1.56
195.1,3.0,4.0,3.0,1.0,sector 81,9.0,1.0,0.0,0.0,0.0,0.0,0.0,0.0,1.0,1.0,0.0,1.0,0.0,0.0,0.0,0.0,0.0,0.0,0.0,0.0,super built up,high,new,dlf the ultima,gurgaon,2.938
297.29,3.0,4.0,3.0,1.0,sector 24,42.0,1.0,0.0,0.0,0.0,0.0,0.0,1.0,0.0,0.0,0.0,1.0,0.0,0.0,0.0,1.0,0.0,0.0,0.0,1.0,super built up,low,old,ambience lagoon,gurgaon,5.525
185.53,3.0,3.0,0.0,0.0,sector 99,15.0,1.0,0.0,0.0,1.0,1.0,1.0,1.0,1.0,1.0,0.0,0.0,0.0,0.0,1.0,0.0,0.0,0.0,0.0,0.0,built up,high,under construction,pareena coban residences,gurgaon,1.6900000000000002
102.19,2.0,2.0,2.0,0.0,sector 28,45.0,1.0,0.0,0.0,0.0,1.0,0.0,1.0,1.0,0.0,0.0,1.0,0.0,1.0,0.0,1.0,0.0,0.0,0.0,1.0,carpet,low,new,dlf regency park 1,gurgaon,2.08
180.51,3.0,3.0,3.0,0.0,sector 107,6.0,0.0,0.0,0.0,0.0,0.0,0.0,0.0,1.0,1.0,0.0,0.0,0.0,0.0,0.0,0.0,0.0,0.0,0.0,0.0,super built up,high,new,m3m woodshire,gurgaon,1.7160000000000002
227.61,3.0,4.0,3.0,1.0,sector 104,13.0,1.0,0.0,0.0,1.0,0.0,1.0,0.0,1.0,1.0,1.0,1.0,1.0,0.0,1.0,0.0,0.0,0.0,0.0,0.0,super built up,mid,new,puri emerald bay,gurgaon,2.9250000000000003
41.62,2.0,2.0,1.0,0.0,sector 99,8.0,1.0,0.0,0.0,1.0,0.0,0.0,0.0,1.0,1.0,0.0,0.0,1.0,0.0,0.0,0.0,0.0,0.0,0.0,0.0,carpet,high,new,prime habitat,gurgaon,0.351
161.19,3.0,3.0,3.0,1.0,sector 37,13.0,0.0,0.0,0.0,1.0,0.0,1.0,0.0,1.0,1.0,1.0,0.0,1.0,0.0,1.0,0.0,0.0,0.0,0.0,0.0,super built up,low,new,corona optus,gurgaon,1.625
186.74,4.0,4.0,2.0,1.0,sector 69,10.0,1.0,0.0,0.0,1.0,0.0,1.0,0.0,1.0,1.0,0.0,0.0,0.0,0.0,1.0,0.0,0.0,0.0,0.0,0.0,super built up,low,new,tulip violet,gurgaon,2.184
124.95,2.0,2.0,3.0,1.0,sector 92,11.0,1.0,0.0,0.0,0.0,0.0,0.0,0.0,0.0,0.0,0.0,0.0,0.0,1.0,0.0,0.0,0.0,0.0,0.0,1.0,super built up,mid,under construction,parkwood westend,gurgaon,0.91
209.03,3.0,5.0,3.0,1.0,sector 56,45.0,1.0,0.0,0.0,0.0,1.0,1.0,1.0,1.0,0.0,0.0,1.0,0.0,1.0,0.0,1.0,1.0,0.0,0.0,1.0,built up,mid,old,kiran residency,gurgaon,1.95
102.84,2.0,2.0,2.0,1.0,sector 89,14.0,1.0,0.0,0.0,1.0,0.0,1.0,0.0,1.0,0.0,1.0,1.0,1.0,0.0,1.0,0.0,0.0,0.0,0.0,0.0,carpet,low,new,smart world gems,gurgaon,1.3
118.45,2.0,2.0,2.0,0.0,sector 33,13.0,1.0,0.0,0.0,1.0,0.0,1.0,0.0,1.0,0.0,0.0,0.0,0.0,1.0,1.0,0.0,0.0,1.0,0.0,0.0,super built up,high,new,ashiana anmol,sohna,1.144
250.09,4.0,5.0,3.0,1.0,sector 104,15.0,1.0,0.0,0.0,1.0,0.0,0.0,0.0,1.0,1.0,1.0,1.0,1.0,0.0,1.0,0.0,0.0,0.0,1.0,0.0,carpet,high,new,godrej summit,gurgaon,1.755
240.43,3.0,3.0,3.0,1.0,sector 1,10.0,1.0,0.0,0.0,0.0,0.0,0.0,0.0,0.0,0.0,0.0,0.0,0.0,1.0,0.0,0.0,0.0,0.0,0.0,1.0,super built up,high,old,hsiidc sidco aravali,manesar,1.1700000000000002
402.92,4.0,4.0,3.0,1.0,sector 62,12.0,1.0,0.0,0.0,1.0,0.0,1.0,0.0,1.0,1.0,0.0,0.0,0.0,0.0,1.0,0.0,0.0,1.0,0.0,0.0,super built up,low,old,pioneer urban presidia,gurgaon,8.450000000000001
162.3,3.0,3.0,3.0,1.0,sector 90,14.0,0.0,0.0,0.0,0.0,1.0,0.0,0.0,0.0,0.0,0.0,0.0,0.0,0.0,0.0,0.0,0.0,0.0,0.0,0.0,super built up,high,new,dlf regal gardens,gurgaon,1.573
69.68,3.0,2.0,2.0,0.0,sector 86,9.0,0.0,0.0,0.0,1.0,0.0,0.0,0.0,1.0,0.0,0.0,0.0,0.0,0.0,0.0,0.0,0.0,0.0,0.0,0.0,carpet,low,new,pyramid urban homes 2,gurgaon,0.78
146.6,2.0,2.0,0.0,1.0,sector 37,8.0,1.0,0.0,0.0,1.0,1.0,0.0,0.0,1.0,0.0,0.0,0.0,1.0,0.0,0.0,0.0,0.0,0.0,0.0,0.0,built up,high,under construction,imperia the esfera,gurgaon,1.235
244.33,4.0,4.0,2.0,1.0,sector 109,8.0,1.0,0.0,0.0,0.0,0.0,1.0,0.0,1.0,1.0,0.0,0.0,0.0,0.0,1.0,0.0,0.0,0.0,0.0,0.0,super built up,high,new,chintels paradiso,gurgaon,2.561
256.78,4.0,4.0,3.0,1.0,sector 66,15.0,1.0,0.0,0.0,0.0,1.0,0.0,1.0,1.0,0.0,0.0,0.0,0.0,0.0,0.0,0.0,0.0,0.0,0.0,0.0,super built up,mid,new,bptp mansions park prime,gurgaon,3.51
538.84,4.0,5.0,3.0,1.0,sector 2,14.0,0.0,0.0,0.0,0.0,0.0,0.0,0.0,1.0,0.0,0.0,0.0,0.0,0.0,0.0,0.0,0.0,0.0,0.0,1.0,super built up,low,new,krrish provence estate,gurgaon,6.825
246.29,4.0,4.0,3.0,0.0,sector 1,10.0,1.0,0.0,0.0,0.0,0.0,0.0,0.0,0.0,0.0,0.0,0.0,0.0,1.0,0.0,0.0,0.0,0.0,0.0,1.0,carpet,mid,old,deepak minda,manesar,1.625
144.0,2.0,3.0,2.0,1.0,sector 60,7.0,1.0,0.0,0.0,0.0,0.0,1.0,0.0,1.0,1.0,0.0,1.0,0.0,0.0,0.0,0.0,0.0,0.0,0.0,0.0,super built up,mid,new,ireo skyon,gurgaon,3.25
91.79,2.0,2.0,2.0,0.0,sector 50,45.0,1.0,0.0,0.0,0.0,1.0,1.0,1.0,1.0,0.0,0.0,0.0,0.0,0.0,0.0,1.0,0.0,1.0,0.0,0.0,carpet,low,old,woodstock floors,gurgaon,1.3650000000000002
181.16,3.0,4.0,3.0,1.0,sector 90,10.0,1.0,0.0,0.0,1.0,0.0,1.0,0.0,1.0,1.0,0.0,0.0,1.0,0.0,1.0,0.0,0.0,0.0,0.0,0.0,super built up,mid,new,shree vardhman flora,gurgaon,1.1700000000000002
218.32,4.0,4.0,3.0,1.0,sector 71,15.0,1.0,1.0,0.0,0.0,0.0,1.0,1.0,0.0,1.0,0.0,0.0,0.0,0.0,1.0,0.0,1.0,0.0,0.0,0.0,super built up,high,old,chd avenue 71,gurgaon,1.755
183.02,4.0,4.0,1.0,0.0,sector 69,10.0,1.0,0.0,0.0,1.0,0.0,1.0,0.0,1.0,1.0,0.0,0.0,0.0,0.0,1.0,0.0,0.0,0.0,0.0,0.0,super built up,high,new,tulip violet,gurgaon,2.236
153.75,3.0,3.0,3.0,0.0,sector 70,11.0,1.0,0.0,0.0,1.0,0.0,1.0,0.0,1.0,1.0,0.0,0.0,0.0,0.0,1.0,0.0,0.0,0.0,0.0,0.0,super built up,high,new,aipl zen residences,gurgaon,2.366
111.48,2.0,2.0,3.0,1.0,sector 10,49.0,1.0,0.0,0.0,0.0,0.0,0.0,0.0,0.0,0.0,0.0,0.0,0.0,0.0,0.0,0.0,1.0,0.0,0.0,0.0,super built up,high,new,maxworth city residences,gurgaon,1.1700000000000002
217.49,3.0,3.0,3.0,1.0,sector 54,47.0,1.0,0.0,0.0,0.0,1.0,1.0,1.0,0.0,0.0,0.0,1.0,0.0,1.0,0.0,1.0,1.0,0.0,0.0,1.0,super built up,high,old,suncity heights,gurgaon,5.005
140.28,3.0,3.0,3.0,1.0,sector 79,9.0,0.0,0.0,0.0,1.0,0.0,0.0,0.0,1.0,1.0,0.0,1.0,1.0,0.0,0.0,0.0,0.0,0.0,0.0,0.0,super built up,high,new,mapsko mount ville,gurgaon,1.56
241.55,4.0,4.0,3.0,1.0,sector 56,47.0,1.0,0.0,0.0,0.0,1.0,0.0,1.0,0.0,0.0,0.0,1.0,0.0,1.0,0.0,1.0,1.0,0.0,0.0,1.0,built up,mid,old,the lions cghs,gurgaon,2.665
62.43,2.0,2.0,1.0,0.0,sector 89,6.0,1.0,0.0,0.0,1.0,0.0,0.0,0.0,1.0,1.0,0.0,0.0,0.0,0.0,0.0,0.0,0.0,0.0,0.0,0.0,built up,mid,new,adani aangan arcade,gurgaon,0.65
102.47,2.0,3.0,3.0,0.0,sector 89,14.0,1.0,0.0,0.0,1.0,0.0,1.0,0.0,1.0,0.0,1.0,1.0,1.0,0.0,1.0,0.0,0.0,0.0,0.0,0.0,super built up,mid,mid aged,smart world gems,gurgaon,1.118
205.97,3.0,3.0,3.0,1.0,sector 113,8.0,1.0,0.0,0.0,1.0,0.0,0.0,0.0,1.0,0.0,0.0,0.0,1.0,0.0,0.0,0.0,0.0,0.0,0.0,0.0,super built up,high,new,la vida by tata housing,gurgaon,3.224
122.63,3.0,3.0,2.0,1.0,sector 43,45.0,1.0,0.0,0.0,0.0,1.0,0.0,1.0,1.0,0.0,0.0,1.0,0.0,1.0,0.0,1.0,0.0,0.0,0.0,1.0,carpet,low,old,ansal sushant lok ci,gurgaon,2.6
83.61,2.0,2.0,1.0,0.0,sector 4,48.0,1.0,0.0,0.0,0.0,0.0,0.0,1.0,0.0,0.0,0.0,0.0,0.0,0.0,0.0,1.0,0.0,0.0,0.0,0.0,built up,low,under construction,apna enclave,gurgaon,0.78
261.24,4.0,4.0,3.0,1.0,sector 85,13.0,1.0,0.0,0.0,1.0,0.0,1.0,0.0,1.0,1.0,0.0,0.0,1.0,0.0,1.0,0.0,0.0,0.0,1.0,0.0,super built up,low,new,ss the leaf,gurgaon,2.639
190.82,3.0,3.0,3.0,1.0,sector 65,9.0,1.0,0.0,0.0,0.0,0.0,1.0,0.0,1.0,1.0,0.0,1.0,0.0,0.0,1.0,0.0,0.0,0.0,0.0,0.0,carpet,high,new,m3m skycity,gurgaon,4.55
212.75,3.0,4.0,3.0,1.0,sector 104,13.0,1.0,0.0,0.0,1.0,0.0,1.0,0.0,1.0,1.0,0.0,1.0,1.0,0.0,1.0,0.0,1.0,0.0,0.0,0.0,super built up,high,new,ats triumph,gurgaon,2.379
261.24,4.0,5.0,3.0,0.0,sector 85,13.0,1.0,0.0,0.0,1.0,0.0,1.0,0.0,1.0,1.0,0.0,0.0,1.0,0.0,1.0,0.0,0.0,0.0,1.0,0.0,super built up,low,new,ss the leaf,gurgaon,2.405
63.45,1.0,1.0,0.0,0.0,sector 71,8.0,1.0,0.0,0.0,1.0,0.0,1.0,0.0,1.0,1.0,0.0,1.0,0.0,0.0,0.0,0.0,0.0,0.0,0.0,0.0,built up,mid,new,m3m sky lofts,gurgaon,1.1700000000000002
168.15,3.0,3.0,3.0,0.0,sector 81,9.0,0.0,0.0,0.0,1.0,0.0,0.0,0.0,1.0,0.0,0.0,1.0,1.0,0.0,0.0,0.0,0.0,0.0,0.0,0.0,super built up,mid,new,bestech park view ananda,gurgaon,1.82
171.87,3.0,4.0,2.0,0.0,sector 69,10.0,1.0,0.0,0.0,1.0,0.0,1.0,0.0,1.0,1.0,0.0,0.0,0.0,0.0,1.0,0.0,0.0,0.0,0.0,0.0,super built up,high,new,tulip violet,gurgaon,2.2880000000000003
185.53,3.0,5.0,3.0,1.0,sector 99,15.0,1.0,0.0,0.0,1.0,1.0,1.0,1.0,1.0,1.0,0.0,0.0,0.0,0.0,1.0,0.0,0.0,0.0,0.0,0.0,super built up,mid,new,pareena coban residences,gurgaon,1.755
124.49,3.0,3.0,3.0,0.0,sector 83,15.0,0.0,0.0,0.0,0.0,0.0,0.0,1.0,1.0,1.0,0.0,0.0,0.0,0.0,0.0,0.0,0.0,0.0,0.0,0.0,carpet,low,old,mapsko paradise,gurgaon,1.235
162.67,3.0,3.0,3.0,0.0,sector 33,7.0,1.0,0.0,0.0,0.0,0.0,0.0,0.0,1.0,0.0,0.0,0.0,1.0,0.0,0.0,0.0,0.0,0.0,0.0,0.0,super built up,mid,new,eldeco accolade,sohna,1.482
135.36,2.0,2.0,3.0,1.0,sector 33,7.0,1.0,0.0,0.0,0.0,0.0,0.0,0.0,1.0,0.0,0.0,0.0,1.0,0.0,0.0,0.0,0.0,0.0,0.0,0.0,super built up,high,new,eldeco accolade,sohna,0.936
83.61,3.0,2.0,1.0,0.0,sector 3,48.0,1.0,0.0,0.0,0.0,0.0,0.0,0.0,0.0,0.0,0.0,0.0,0.0,0.0,0.0,1.0,0.0,0.0,0.0,0.0,carpet,low,new,om appartments,gurgaon,0.52
118.45,2.0,2.0,2.0,0.0,sector 33,13.0,1.0,0.0,0.0,1.0,0.0,1.0,0.0,1.0,0.0,0.0,0.0,0.0,1.0,1.0,0.0,0.0,1.0,0.0,0.0,super built up,high,new,ashiana anmol,sohna,1.1700000000000002
171.87,3.0,4.0,2.0,0.0,sector 69,10.0,1.0,0.0,0.0,1.0,0.0,1.0,0.0,1.0,1.0,0.0,0.0,0.0,0.0,1.0,0.0,0.0,0.0,0.0,0.0,carpet,high,new,tulip violet,gurgaon,2.275
212.47,3.0,3.0,3.0,1.0,sector 1,10.0,1.0,0.0,0.0,0.0,0.0,0.0,0.0,0.0,0.0,0.0,0.0,0.0,1.0,0.0,0.0,0.0,0.0,0.0,1.0,super built up,high,old,green campus chs,manesar,1.1960000000000002
123.19,3.0,3.0,2.0,1.0,sector 89,14.0,1.0,0.0,0.0,1.0,0.0,1.0,0.0,1.0,0.0,1.0,1.0,1.0,0.0,1.0,0.0,0.0,0.0,0.0,0.0,carpet,mid,mid aged,smart world gems,gurgaon,1.469
183.48,4.0,4.0,3.0,1.0,sector 65,6.0,1.0,0.0,0.0,0.0,0.0,0.0,0.0,0.0,1.0,0.0,0.0,0.0,0.0,1.0,0.0,0.0,0.0,0.0,0.0,carpet,low,new,emaar mgf emerald floors premier,gurgaon,3.627
249.91,3.0,4.0,3.0,1.0,sector 113,8.0,1.0,0.0,0.0,1.0,0.0,0.0,0.0,1.0,0.0,0.0,0.0,1.0,0.0,0.0,0.0,0.0,0.0,0.0,0.0,super built up,mid,new,la vida by tata housing,gurgaon,3.614
150.5,3.0,3.0,3.0,0.0,sector 79,9.0,0.0,0.0,0.0,1.0,0.0,0.0,0.0,1.0,1.0,0.0,1.0,1.0,0.0,0.0,0.0,0.0,0.0,0.0,0.0,super built up,low,new,mapsko mount ville,gurgaon,1.6900000000000002
55.93,2.0,2.0,1.0,0.0,sector 107,10.0,0.0,0.0,0.0,1.0,0.0,0.0,0.0,1.0,0.0,0.0,0.0,1.0,0.0,0.0,0.0,0.0,0.0,0.0,0.0,super built up,mid,new,signature global solera,gurgaon,0.39
199.74,3.0,3.0,3.0,1.0,sector 63,12.0,1.0,0.0,0.0,0.0,0.0,0.0,0.0,1.0,1.0,1.0,1.0,1.0,0.0,1.0,0.0,1.0,0.0,0.0,0.0,super built up,mid,mid aged,birla navya,gurgaon,4.29
49.33,2.0,2.0,1.0,0.0,sector 33,7.0,1.0,0.0,0.0,1.0,0.0,0.0,0.0,1.0,1.0,0.0,0.0,0.0,0.0,1.0,0.0,0.0,0.0,0.0,0.0,carpet,high,new,signature the serenas,sohna,0.546
115.57,4.0,2.0,3.0,0.0,sector 28,48.0,1.0,0.0,0.0,0.0,0.0,0.0,1.0,0.0,0.0,0.0,1.0,0.0,0.0,0.0,0.0,1.0,0.0,0.0,1.0,carpet,low,old,chanderlok society,gurgaon,1.1700000000000002
64.38,1.0,1.0,0.0,0.0,sector 63,10.0,1.0,0.0,0.0,1.0,0.0,1.0,0.0,1.0,1.0,0.0,1.0,0.0,0.0,0.0,0.0,0.0,1.0,0.0,0.0,built up,mid,under construction,aipl joy square,gurgaon,0.91
247.12,3.0,4.0,3.0,1.0,sector 81,9.0,0.0,0.0,0.0,1.0,0.0,0.0,0.0,1.0,0.0,0.0,0.0,1.0,0.0,0.0,0.0,0.0,0.0,0.0,0.0,super built up,high,new,bestech park view grand spa,gurgaon,2.9250000000000003
157.94,2.0,3.0,3.0,1.0,sector 104,13.0,1.0,0.0,0.0,1.0,0.0,1.0,0.0,1.0,1.0,1.0,1.0,1.0,0.0,1.0,0.0,0.0,0.0,0.0,0.0,super built up,high,new,puri emerald bay,gurgaon,2.3400000000000003
88.26,2.0,2.0,1.0,0.0,sector 4,48.0,1.0,0.0,0.0,0.0,0.0,0.0,1.0,0.0,0.0,0.0,0.0,0.0,0.0,0.0,1.0,0.0,0.0,0.0,0.0,built up,mid,under construction,housing apna enclave,gurgaon,0.507
45.43,2.0,2.0,2.0,0.0,sector 107,10.0,0.0,0.0,0.0,1.0,0.0,0.0,0.0,1.0,0.0,0.0,0.0,1.0,0.0,0.0,0.0,0.0,0.0,0.0,0.0,carpet,high,new,signature global solera,gurgaon,0.364
142.51,2.0,2.0,3.0,1.0,sector 107,6.0,0.0,0.0,0.0,0.0,0.0,0.0,0.0,1.0,1.0,0.0,0.0,0.0,0.0,0.0,0.0,0.0,0.0,0.0,0.0,super built up,mid,new,m3m woodshire,gurgaon,1.326
128.3,2.0,2.0,2.0,0.0,sector 108,13.0,1.0,0.0,0.0,0.0,0.0,1.0,0.0,1.0,1.0,0.0,0.0,1.0,0.0,0.0,0.0,0.0,0.0,1.0,0.0,super built up,high,new,sobha city,gurgaon,2.47
126.44,2.0,2.0,3.0,1.0,sector 103,18.0,1.0,0.0,0.0,0.0,0.0,0.0,1.0,0.0,0.0,1.0,0.0,0.0,0.0,0.0,0.0,0.0,0.0,0.0,1.0,super built up,low,new,ansal housing highland park,gurgaon,1.04
142.51,3.0,3.0,3.0,1.0,sector 79,12.0,1.0,0.0,0.0,1.0,0.0,1.0,0.0,1.0,1.0,0.0,0.0,1.0,0.0,0.0,0.0,0.0,0.0,1.0,0.0,super built up,low,new,m3m antalya hills,gurgaon,1.495
195.1,4.0,4.0,3.0,1.0,sector 25,43.0,1.0,0.0,0.0,0.0,0.0,1.0,1.0,0.0,0.0,0.0,1.0,0.0,0.0,0.0,1.0,0.0,0.0,0.0,1.0,carpet,high,old,dlf belvedere towers,gurgaon,4.8100000000000005
165.37,3.0,3.0,0.0,0.0,sector 81,15.0,1.0,0.0,0.0,0.0,0.0,0.0,0.0,0.0,0.0,0.0,0.0,0.0,1.0,0.0,0.0,0.0,0.0,0.0,1.0,built up,mid,under construction,lavanya apartments,gurgaon,1.1700000000000002
287.07,3.0,5.0,3.0,1.0,sector 22,14.0,1.0,0.0,0.0,1.0,0.0,1.0,0.0,1.0,1.0,1.0,0.0,1.0,0.0,0.0,0.0,0.0,0.0,0.0,0.0,super built up,low,new,ambience creacions,gurgaon,5.187
166.67,3.0,3.0,3.0,1.0,sector 50,7.0,1.0,0.0,0.0,0.0,0.0,1.0,0.0,1.0,1.0,0.0,1.0,0.0,0.0,0.0,0.0,0.0,0.0,0.0,0.0,super built up,high,old,unitech fresco,gurgaon,2.444
188.13,3.0,3.0,3.0,1.0,sector 77,5.0,0.0,0.0,0.0,0.0,0.0,0.0,0.0,1.0,0.0,0.0,0.0,0.0,0.0,0.0,0.0,0.0,0.0,0.0,0.0,super built up,high,new,emaar palm heights,gurgaon,2.7300000000000004
51.02,2.0,2.0,1.0,0.0,sector 95,14.0,0.0,0.0,0.0,0.0,0.0,0.0,0.0,0.0,1.0,1.0,1.0,1.0,0.0,0.0,0.0,1.0,0.0,0.0,1.0,carpet,mid,new,rof ananda,gurgaon,0.494
119.19,2.0,3.0,3.0,1.0,sector 108,9.0,1.0,0.0,0.0,1.0,0.0,1.0,0.0,1.0,1.0,0.0,0.0,1.0,0.0,0.0,0.0,0.0,0.0,0.0,0.0,built up,mid,new,experion the heartsong,gurgaon,1.326
179.3,3.0,3.0,1.0,1.0,sector 86,10.0,0.0,0.0,0.0,1.0,0.0,0.0,0.0,1.0,1.0,0.0,0.0,0.0,0.0,1.0,0.0,0.0,0.0,0.0,0.0,super built up,high,new,dlf the skycourt,gurgaon,2.015
144.0,3.0,2.0,3.0,1.0,sector 89,11.0,1.0,0.0,0.0,1.0,0.0,1.0,0.0,1.0,1.0,0.0,0.0,1.0,0.0,1.0,0.0,0.0,0.0,0.0,0.0,super built up,mid,old,tulip petals,gurgaon,2.015
102.47,2.0,2.0,2.0,1.0,sector 89,9.0,1.0,0.0,0.0,0.0,0.0,0.0,0.0,1.0,1.0,0.0,0.0,1.0,0.0,0.0,0.0,0.0,0.0,0.0,0.0,carpet,low,new,m3m soulitude,gurgaon,1.3
54.16,2.0,2.0,1.0,1.0,sector 84,15.0,1.0,0.0,0.0,0.0,0.0,0.0,1.0,1.0,1.0,0.0,0.0,1.0,1.0,1.0,0.0,0.0,0.0,0.0,0.0,super built up,high,new,pivotal devaan,gurgaon,0.4549999999999999
195.1,3.0,3.0,3.0,1.0,sector 33,11.0,1.0,0.0,0.0,1.0,0.0,0.0,0.0,1.0,1.0,1.0,0.0,0.0,0.0,1.0,0.0,0.0,0.0,1.0,0.0,super built up,high,new,central park flower valley,sohna,2.8600000000000003
102.19,3.0,3.0,2.0,0.0,sector 12,50.0,1.0,0.0,0.0,0.0,0.0,0.0,1.0,1.0,0.0,0.0,0.0,0.0,1.0,0.0,1.0,0.0,0.0,0.0,0.0,super built up,low,new,ss residency,gurgaon,0.6890000000000001
153.66,3.0,2.0,2.0,1.0,sector 78,7.0,1.0,0.0,0.0,0.0,0.0,0.0,1.0,0.0,0.0,0.0,1.0,0.0,0.0,0.0,0.0,0.0,0.0,0.0,0.0,super built up,mid,old,umang monsoon breeze,gurgaon,1.04
288.0,4.0,5.0,3.0,1.0,sector 54,13.0,0.0,0.0,0.0,1.0,0.0,0.0,0.0,1.0,0.0,0.0,1.0,0.0,0.0,0.0,0.0,0.0,0.0,0.0,0.0,carpet,mid,new,dlf the crest,gurgaon,14.3
167.23,4.0,3.0,3.0,1.0,sector 55,42.0,1.0,0.0,0.0,0.0,1.0,1.0,1.0,1.0,0.0,0.0,1.0,0.0,1.0,0.0,1.0,1.0,0.0,0.0,1.0,carpet,high,old,sidhivinayak apartments,gurgaon,2.47
185.53,3.0,3.0,0.0,0.0,sector 99,15.0,1.0,0.0,0.0,1.0,1.0,1.0,1.0,1.0,1.0,0.0,0.0,0.0,0.0,1.0,0.0,0.0,0.0,0.0,0.0,built up,high,under construction,pareena coban residences,gurgaon,1.6900000000000002
261.24,4.0,4.0,3.0,0.0,sector 85,8.0,0.0,0.0,0.0,0.0,0.0,0.0,0.0,0.0,0.0,0.0,0.0,0.0,1.0,0.0,0.0,0.0,0.0,0.0,1.0,super built up,low,new,ss,gurgaon,2.7300000000000004
249.91,3.0,4.0,3.0,1.0,sector 113,8.0,1.0,0.0,0.0,1.0,0.0,0.0,0.0,1.0,0.0,0.0,0.0,1.0,0.0,0.0,0.0,0.0,0.0,0.0,0.0,super built up,high,new,la vida by tata housing,gurgaon,3.965
128.48,2.0,2.0,3.0,0.0,sector 79,5.0,0.0,0.0,0.0,0.0,0.0,0.0,0.0,0.0,0.0,0.0,0.0,0.0,1.0,0.0,0.0,0.0,0.0,0.0,1.0,built up,low,under construction,"godrej 101, sector 79",gurgaon,1.625
204.39,3.0,4.0,2.0,1.0,sector 111,10.0,1.0,0.0,0.0,1.0,0.0,0.0,0.0,1.0,1.0,0.0,1.0,1.0,0.0,0.0,0.0,0.0,0.0,0.0,0.0,super built up,high,new,puri diplomatic greens,gurgaon,3.354
188.13,3.0,4.0,3.0,1.0,sector 102,10.0,1.0,0.0,0.0,1.0,0.0,0.0,0.0,1.0,1.0,1.0,0.0,1.0,0.0,1.0,0.0,0.0,0.0,1.0,0.0,carpet,high,new,emaar imperial gardens,gurgaon,2.665
156.91,3.0,3.0,3.0,1.0,sector 104,7.0,1.0,0.0,0.0,0.0,1.0,0.0,0.0,1.0,1.0,1.0,1.0,1.0,0.0,0.0,0.0,0.0,0.0,0.0,0.0,super built up,high,new,hero homes,gurgaon,2.47
151.62,2.0,2.0,1.0,1.0,sector 58,13.0,1.0,0.0,0.0,1.0,0.0,1.0,0.0,1.0,1.0,0.0,1.0,0.0,0.0,0.0,0.0,0.0,0.0,0.0,0.0,super built up,mid,new,ireo the grand arch,gurgaon,2.8600000000000003
242.11,5.0,5.0,3.0,1.0,sector 82,7.0,1.0,0.0,0.0,0.0,0.0,0.0,0.0,0.0,1.0,0.0,0.0,0.0,0.0,0.0,0.0,0.0,0.0,0.0,0.0,carpet,high,new,dlf the primus,gurgaon,4.55
133.78,3.0,2.0,3.0,1.0,sector 104,15.0,1.0,0.0,0.0,1.0,0.0,0.0,0.0,1.0,1.0,1.0,1.0,1.0,0.0,1.0,0.0,0.0,0.0,1.0,0.0,super built up,high,new,godrej summit,gurgaon,1.6900000000000002
132.2,3.0,3.0,2.0,1.0,sector 89,14.0,1.0,0.0,0.0,1.0,0.0,1.0,0.0,1.0,0.0,1.0,1.0,1.0,0.0,1.0,0.0,0.0,0.0,0.0,0.0,built up,low,new,smart world gems,gurgaon,1.56
181.16,3.0,4.0,2.0,1.0,sector 70,15.0,1.0,0.0,0.0,1.0,0.0,1.0,1.0,0.0,0.0,0.0,0.0,0.0,1.0,0.0,0.0,0.0,0.0,0.0,0.0,built up,high,new,shree vardhman victoria,gurgaon,2.275
54.16,2.0,2.0,1.0,0.0,sector 84,15.0,1.0,0.0,0.0,0.0,0.0,0.0,1.0,1.0,1.0,0.0,0.0,1.0,1.0,1.0,0.0,0.0,0.0,0.0,0.0,super built up,mid,new,pivotal devaan,gurgaon,0.481
129.6,3.0,3.0,3.0,1.0,sector 65,8.0,1.0,0.0,0.0,1.0,0.0,0.0,0.0,1.0,1.0,0.0,1.0,0.0,0.0,0.0,0.0,0.0,1.0,0.0,0.0,super built up,high,new,emaar mgf emerald estate,gurgaon,2.249
130.62,2.0,2.0,3.0,1.0,sector 74,7.0,1.0,0.0,0.0,1.0,0.0,1.0,0.0,1.0,1.0,0.0,0.0,1.0,0.0,0.0,0.0,0.0,0.0,0.0,0.0,super built up,high,new,m3m skywalk,gurgaon,2.015
218.79,4.0,5.0,3.0,1.0,sector 106,11.0,1.0,0.0,0.0,1.0,0.0,1.0,0.0,1.0,1.0,0.0,1.0,1.0,0.0,1.0,0.0,0.0,0.0,0.0,0.0,super built up,high,new,paras dews,gurgaon,1.7160000000000002
160.72,3.0,3.0,3.0,0.0,sector 103,17.0,1.0,0.0,0.0,0.0,0.0,0.0,1.0,0.0,0.0,1.0,0.0,0.0,0.0,0.0,0.0,0.0,0.0,0.0,1.0,super built up,mid,under construction,ansal estella,gurgaon,1.95
278.71,4.0,5.0,3.0,1.0,sector 22,14.0,1.0,0.0,0.0,1.0,0.0,1.0,0.0,1.0,1.0,1.0,0.0,1.0,0.0,0.0,0.0,0.0,0.0,0.0,0.0,carpet,high,new,ambience creacions,gurgaon,8.008000000000001
244.33,4.0,4.0,2.0,1.0,sector 109,8.0,1.0,0.0,0.0,0.0,0.0,1.0,0.0,1.0,1.0,0.0,0.0,0.0,0.0,1.0,0.0,0.0,0.0,0.0,0.0,super built up,high,new,chintels paradiso,gurgaon,2.6
198.07,3.0,3.0,3.0,1.0,sector 81,9.0,1.0,0.0,0.0,0.0,0.0,0.0,0.0,1.0,1.0,0.0,1.0,0.0,0.0,0.0,0.0,0.0,0.0,0.0,0.0,super built up,high,new,dlf the ultima,gurgaon,2.9250000000000003
227.15,3.0,4.0,3.0,1.0,sector 1,10.0,1.0,0.0,0.0,0.0,0.0,0.0,0.0,0.0,0.0,0.0,0.0,0.0,1.0,0.0,0.0,0.0,0.0,0.0,1.0,carpet,low,new,professional society,manesar,0.975
76.37,2.0,2.0,2.0,1.0,sector 33,8.0,1.0,0.0,0.0,0.0,0.0,0.0,0.0,1.0,1.0,1.0,1.0,0.0,0.0,0.0,0.0,0.0,0.0,0.0,0.0,carpet,low,new,signature global park,sohna,0.676
132.2,2.0,2.0,3.0,0.0,sector 103,15.0,1.0,0.0,0.0,1.0,1.0,1.0,0.0,1.0,1.0,1.0,1.0,1.0,0.0,1.0,0.0,0.0,0.0,0.0,0.0,super built up,low,old,indiabulls centrum park,gurgaon,1.56
229.94,4.0,5.0,3.0,1.0,sector 92,11.0,1.0,0.0,0.0,1.0,0.0,1.0,0.0,1.0,1.0,0.0,0.0,1.0,0.0,1.0,0.0,0.0,0.0,0.0,0.0,super built up,high,new,bestech park view sanskruti,gurgaon,2.6
104.98,2.0,2.0,2.0,0.0,sector 21,16.0,1.0,0.0,0.0,0.0,1.0,0.0,1.0,0.0,0.0,0.0,0.0,0.0,0.0,0.0,0.0,0.0,0.0,0.0,0.0,carpet,mid,old,mittal surya vihar,gurgaon,1.04
261.24,4.0,4.0,3.0,1.0,sector 85,13.0,1.0,0.0,0.0,1.0,0.0,1.0,0.0,1.0,1.0,0.0,0.0,1.0,0.0,1.0,0.0,0.0,0.0,1.0,0.0,super built up,mid,new,ss the leaf,gurgaon,2.665
51.38,2.0,2.0,2.0,0.0,sector 99,15.0,1.0,0.0,0.0,0.0,0.0,0.0,1.0,1.0,0.0,1.0,0.0,1.0,1.0,0.0,1.0,0.0,1.0,1.0,0.0,super built up,high,new,pareena laxmi apartments,gurgaon,0.416
193.8,3.0,4.0,3.0,1.0,sector 47,42.0,1.0,0.0,0.0,0.0,0.0,1.0,1.0,0.0,0.0,0.0,0.0,0.0,0.0,0.0,0.0,0.0,0.0,0.0,0.0,super built up,high,old,unitech uniworld gardens,gurgaon,2.795
121.98,3.0,3.0,3.0,0.0,sector 17,49.0,1.0,0.0,0.0,0.0,0.0,0.0,0.0,1.0,0.0,0.0,0.0,0.0,1.0,0.0,1.0,0.0,0.0,0.0,1.0,super built up,mid,old,essel tower,gurgaon,2.08
146.6,3.0,3.0,2.0,1.0,sector 69,10.0,1.0,0.0,0.0,1.0,0.0,1.0,0.0,1.0,1.0,0.0,0.0,0.0,0.0,1.0,0.0,0.0,0.0,0.0,0.0,super built up,high,new,tulip violet,gurgaon,2.08
218.51,4.0,5.0,3.0,1.0,sector 99,15.0,1.0,0.0,0.0,1.0,1.0,1.0,1.0,1.0,1.0,0.0,0.0,0.0,0.0,1.0,0.0,0.0,0.0,0.0,0.0,super built up,low,new,pareena coban residences,gurgaon,1.7939999999999998
120.77,3.0,3.0,1.0,0.0,sector 3,48.0,1.0,0.0,0.0,0.0,0.0,0.0,1.0,0.0,0.0,0.0,0.0,0.0,0.0,0.0,1.0,0.0,0.0,0.0,0.0,super built up,mid,old,apna enclave,gurgaon,1.04
292.64,4.0,4.0,3.0,1.0,sector 104,13.0,1.0,0.0,0.0,1.0,0.0,1.0,0.0,1.0,1.0,0.0,1.0,1.0,0.0,1.0,0.0,1.0,0.0,0.0,0.0,super built up,high,new,ats triumph,gurgaon,3.315
100.43,3.0,2.0,2.0,0.0,sector 33,8.0,1.0,0.0,0.0,0.0,0.0,0.0,0.0,1.0,1.0,1.0,1.0,0.0,0.0,0.0,0.0,0.0,0.0,0.0,0.0,super built up,mid,new,signature global park,sohna,1.105
54.81,2.0,3.0,2.0,0.0,sector 37,12.0,1.0,0.0,0.0,1.0,0.0,1.0,0.0,1.0,1.0,1.0,0.0,1.0,0.0,1.0,0.0,0.0,1.0,0.0,0.0,carpet,high,mid aged,signature global the millennia 3,gurgaon,0.5850000000000001
128.21,2.0,2.0,2.0,1.0,sector 61,14.0,1.0,0.0,0.0,0.0,0.0,1.0,0.0,1.0,1.0,0.0,1.0,0.0,0.0,1.0,0.0,0.0,1.0,0.0,0.0,carpet,high,new,pioneer park,gurgaon,2.08
185.81,3.0,4.0,3.0,1.0,sector 77,6.0,1.0,0.0,0.0,1.0,0.0,0.0,0.0,1.0,1.0,0.0,0.0,0.0,0.0,0.0,0.0,0.0,0.0,0.0,0.0,super built up,high,new,emaar palm premier,gurgaon,2.7300000000000004
225.75,4.0,4.0,3.0,0.0,sector 52,43.0,1.0,0.0,0.0,0.0,0.0,0.0,1.0,0.0,0.0,0.0,0.0,0.0,1.0,0.0,1.0,0.0,0.0,0.0,1.0,super built up,high,new,ramshanti cooperative society,gurgaon,2.2880000000000003
181.16,3.0,3.0,3.0,1.0,sector 70,15.0,1.0,0.0,0.0,1.0,0.0,1.0,1.0,0.0,0.0,0.0,0.0,0.0,1.0,0.0,0.0,0.0,0.0,0.0,0.0,super built up,high,new,shree vardhman victoria,gurgaon,2.47
125.51,2.0,2.0,3.0,0.0,sector 79,11.0,1.0,0.0,0.0,1.0,0.0,1.0,0.0,1.0,1.0,0.0,0.0,1.0,0.0,0.0,0.0,0.0,0.0,1.0,0.0,super built up,mid,new,godrej aria,gurgaon,1.4300000000000002
48.68,2.0,2.0,2.0,0.0,sector 99,15.0,1.0,0.0,0.0,0.0,0.0,0.0,1.0,1.0,0.0,1.0,0.0,1.0,1.0,0.0,1.0,0.0,1.0,1.0,0.0,super built up,low,new,pareena laxmi apartments,gurgaon,0.416
194.63,3.0,4.0,3.0,1.0,sector 109,15.0,0.0,0.0,0.0,0.0,1.0,0.0,1.0,1.0,1.0,0.0,0.0,0.0,1.0,0.0,1.0,0.0,1.0,1.0,0.0,super built up,high,new,ats kocoon,gurgaon,2.8600000000000003
315.87,4.0,5.0,3.0,1.0,sector 110,15.0,1.0,0.0,0.0,1.0,1.0,0.0,0.0,1.0,1.0,1.0,1.0,1.0,0.0,0.0,0.0,0.0,0.0,0.0,0.0,super built up,mid,new,indiabulls enigma,gurgaon,4.680000000000001
186.08,3.0,3.0,3.0,1.0,sector 108,9.0,1.0,0.0,0.0,1.0,0.0,1.0,0.0,1.0,1.0,0.0,0.0,1.0,0.0,0.0,0.0,0.0,0.0,0.0,0.0,super built up,mid,new,experion the heartsong,gurgaon,2.184
226.78,2.0,2.0,3.0,1.0,sector 112,8.0,1.0,0.0,0.0,0.0,0.0,1.0,0.0,1.0,1.0,1.0,0.0,1.0,0.0,0.0,0.0,0.0,0.0,0.0,0.0,super built up,high,new,experion windchants,gurgaon,3.25
227.61,3.0,4.0,3.0,1.0,sector 104,13.0,1.0,0.0,0.0,1.0,0.0,1.0,0.0,1.0,1.0,1.0,1.0,1.0,0.0,1.0,0.0,0.0,0.0,0.0,0.0,super built up,high,old,puri emerald bay,gurgaon,2.99
149.39,3.0,3.0,2.0,1.0,sector 69,10.0,1.0,0.0,0.0,1.0,0.0,1.0,0.0,1.0,1.0,0.0,0.0,0.0,0.0,1.0,0.0,0.0,0.0,0.0,0.0,super built up,low,new,tulip violet,gurgaon,1.859
132.85,3.0,3.0,3.0,0.0,sector 2,11.0,0.0,0.0,0.0,1.0,1.0,0.0,0.0,1.0,0.0,0.0,1.0,0.0,0.0,0.0,0.0,0.0,0.0,0.0,0.0,carpet,low,new,suncity vatsal valley,gurgaon,1.989
130.99,2.0,2.0,3.0,0.0,sector 37,15.0,1.0,1.0,0.0,0.0,0.0,1.0,1.0,1.0,0.0,0.0,0.0,0.0,0.0,0.0,1.0,0.0,1.0,0.0,0.0,built up,high,old,ramprastha the edge towers,gurgaon,0.975
260.31,3.0,3.0,2.0,1.0,sector 112,8.0,1.0,0.0,0.0,0.0,0.0,1.0,0.0,1.0,1.0,1.0,0.0,1.0,0.0,0.0,0.0,0.0,0.0,0.0,0.0,super built up,high,new,experion windchants,gurgaon,4.875
44.78,2.0,2.0,1.0,0.0,sector 69,33.0,1.0,0.0,0.0,0.0,1.0,1.0,1.0,0.0,0.0,0.0,0.0,0.0,0.0,0.0,1.0,0.0,0.0,0.0,0.0,carpet,mid,new,tulip lemon,gurgaon,0.806
185.34,4.0,5.0,3.0,1.0,sector 92,8.0,1.0,0.0,0.0,0.0,0.0,0.0,0.0,0.0,0.0,0.0,0.0,0.0,1.0,0.0,0.0,0.0,0.0,0.0,0.0,super built up,low,new,sare crescent parc,gurgaon,1.1700000000000002
193.89,4.0,4.0,2.0,0.0,sector 69,10.0,1.0,0.0,0.0,1.0,0.0,1.0,0.0,1.0,1.0,0.0,0.0,0.0,0.0,1.0,0.0,0.0,0.0,0.0,0.0,super built up,high,new,tulip violet,gurgaon,2.665
27.96,1.0,1.0,1.0,0.0,sector 104,9.0,1.0,0.0,0.0,1.0,0.0,1.0,0.0,1.0,1.0,0.0,0.0,0.0,0.0,1.0,0.0,0.0,0.0,0.0,0.0,built up,low,under construction,zara aavaas,gurgaon,0.26
92.9,2.0,2.0,1.0,0.0,sector 33,14.0,1.0,0.0,0.0,0.0,0.0,1.0,1.0,1.0,0.0,1.0,0.0,0.0,0.0,1.0,0.0,0.0,1.0,0.0,0.0,built up,high,new,breez global hill view,sohna,0.416
189.99,3.0,4.0,3.0,1.0,sector 60,7.0,1.0,0.0,0.0,0.0,0.0,1.0,0.0,1.0,1.0,0.0,1.0,0.0,0.0,0.0,0.0,0.0,0.0,0.0,0.0,super built up,mid,old,ireo skyon,gurgaon,3.445
199.74,3.0,3.0,3.0,1.0,sector 63,12.0,1.0,0.0,0.0,0.0,0.0,0.0,0.0,1.0,1.0,1.0,1.0,1.0,0.0,1.0,0.0,1.0,0.0,0.0,0.0,super built up,mid,new,birla navya,gurgaon,4.199
153.29,3.0,4.0,3.0,1.0,sector 102,10.0,1.0,0.0,0.0,1.0,0.0,1.0,0.0,1.0,1.0,0.0,0.0,1.0,0.0,0.0,0.0,0.0,0.0,0.0,0.0,super built up,high,new,emaar gurgaon greens,gurgaon,1.755
102.19,2.0,3.0,0.0,0.0,sector 69,10.0,1.0,0.0,0.0,1.0,0.0,1.0,0.0,1.0,1.0,0.0,0.0,0.0,0.0,1.0,0.0,0.0,0.0,0.0,0.0,built up,high,under construction,tulip violet,gurgaon,1.56
292.64,4.0,4.0,3.0,1.0,sector 104,13.0,1.0,0.0,0.0,1.0,0.0,1.0,0.0,1.0,1.0,0.0,1.0,1.0,0.0,1.0,0.0,1.0,0.0,0.0,0.0,super built up,high,new,ats triumph,gurgaon,3.3800000000000003
144.0,3.0,3.0,3.0,1.0,sector 33,8.0,1.0,0.0,0.0,1.0,0.0,0.0,0.0,1.0,1.0,0.0,0.0,0.0,0.0,0.0,0.0,0.0,0.0,0.0,0.0,super built up,mid,under construction,godrej nature plus,sohna,1.95
188.13,3.0,3.0,3.0,1.0,sector 77,5.0,0.0,0.0,0.0,0.0,0.0,0.0,0.0,1.0,0.0,0.0,0.0,0.0,0.0,0.0,0.0,0.0,0.0,0.0,0.0,super built up,high,new,emaar palm heights,gurgaon,2.275
190.45,3.0,3.0,3.0,1.0,sector 92,8.0,1.0,0.0,0.0,0.0,0.0,0.0,0.0,0.0,0.0,0.0,0.0,0.0,1.0,0.0,0.0,0.0,0.0,0.0,0.0,carpet,high,mid aged,sare petioles,gurgaon,1.625
48.77,1.0,1.0,1.0,0.0,sector 56,47.0,1.0,0.0,0.0,0.0,1.0,1.0,1.0,0.0,0.0,0.0,1.0,0.0,1.0,0.0,1.0,1.0,0.0,0.0,1.0,super built up,low,old,smriti apartment,gurgaon,0.676
178.37,3.0,3.0,3.0,1.0,sector 92,11.0,1.0,0.0,0.0,1.0,0.0,1.0,0.0,1.0,1.0,0.0,0.0,1.0,0.0,1.0,0.0,0.0,0.0,0.0,0.0,super built up,low,new,bestech park view sanskruti,gurgaon,1.95
121.7,2.0,2.0,3.0,0.0,sector 37,6.0,1.0,0.0,0.0,1.0,0.0,0.0,0.0,1.0,1.0,0.0,0.0,1.0,0.0,0.0,0.0,0.0,0.0,0.0,0.0,built up,high,under construction,ild grand,gurgaon,0.8580000000000001
179.3,3.0,4.0,3.0,1.0,sector 86,15.0,1.0,0.0,0.0,0.0,0.0,0.0,1.0,1.0,1.0,0.0,0.0,0.0,0.0,0.0,0.0,0.0,0.0,0.0,0.0,super built up,high,old,dlf new town heights 2,gurgaon,1.664
170.66,3.0,2.0,3.0,1.0,sector 66,15.0,1.0,0.0,0.0,0.0,1.0,0.0,1.0,1.0,0.0,0.0,0.0,0.0,0.0,0.0,0.0,0.0,0.0,0.0,0.0,super built up,mid,new,ireo uptown,gurgaon,3.12
169.08,3.0,3.0,0.0,0.0,sector 37,6.0,1.0,0.0,0.0,1.0,0.0,0.0,0.0,1.0,1.0,0.0,0.0,1.0,0.0,0.0,0.0,0.0,0.0,0.0,0.0,built up,low,new,ild grand,gurgaon,1.755
188.96,3.0,3.0,3.0,0.0,sector 63,13.0,1.0,0.0,0.0,1.0,0.0,1.0,0.0,1.0,1.0,0.0,1.0,0.0,0.0,1.0,0.0,0.0,1.0,0.0,0.0,super built up,low,new,adani brahma samsara vilasa,gurgaon,4.355
76.55,2.0,2.0,2.0,0.0,sector 33,8.0,1.0,0.0,0.0,0.0,0.0,0.0,0.0,1.0,1.0,1.0,1.0,0.0,0.0,0.0,0.0,0.0,0.0,0.0,0.0,carpet,low,new,signature global park,sohna,0.8840000000000001
125.42,2.0,2.0,2.0,1.0,sector 88,7.0,1.0,0.0,0.0,0.0,0.0,0.0,0.0,1.0,0.0,0.0,0.0,1.0,0.0,0.0,0.0,0.0,0.0,0.0,0.0,super built up,low,new,vatika xpressions,gurgaon,1.1960000000000002
264.77,3.0,3.0,3.0,1.0,sector 65,9.0,1.0,0.0,0.0,1.0,0.0,1.0,0.0,1.0,1.0,0.0,1.0,0.0,0.0,1.0,0.0,1.0,0.0,0.0,0.0,super built up,high,old,m3m golfestate,gurgaon,6.89
126.35,2.0,2.0,1.0,0.0,sector 86,4.0,1.0,0.0,0.0,1.0,0.0,0.0,0.0,1.0,0.0,0.0,0.0,1.0,0.0,0.0,0.0,0.0,0.0,0.0,0.0,super built up,high,new,ansal heights 86,gurgaon,1.066
44.75,2.0,2.0,1.0,0.0,sector 33,10.0,0.0,0.0,0.0,0.0,0.0,0.0,1.0,0.0,0.0,0.0,0.0,0.0,0.0,0.0,0.0,0.0,0.0,0.0,1.0,carpet,mid,new,mvn athens,sohna,0.338
241.55,3.0,3.0,3.0,0.0,sector 37,10.0,1.0,0.0,0.0,1.0,0.0,1.0,0.0,1.0,1.0,1.0,0.0,1.0,0.0,0.0,0.0,0.0,1.0,0.0,1.0,super built up,mid,old,bptp amstoria,gurgaon,2.9250000000000003
53.51,2.0,2.0,2.0,0.0,sector 33,6.0,0.0,0.0,0.0,0.0,0.0,0.0,0.0,0.0,1.0,0.0,0.0,1.0,0.0,0.0,0.0,1.0,0.0,0.0,0.0,carpet,mid,new,gls arawali homes,sohna,0.338
360.46,5.0,5.0,2.0,1.0,sector 110,15.0,1.0,0.0,0.0,1.0,1.0,0.0,0.0,1.0,1.0,1.0,1.0,1.0,0.0,0.0,0.0,0.0,0.0,0.0,0.0,super built up,high,new,indiabulls enigma,gurgaon,5.33
110.37,2.0,2.0,3.0,0.0,sector 66,46.0,1.0,0.0,0.0,0.0,1.0,1.0,1.0,0.0,0.0,0.0,0.0,0.0,0.0,0.0,1.0,0.0,1.0,0.0,0.0,super built up,low,new,emaar mgf palm studios,gurgaon,1.885
181.16,3.0,5.0,3.0,1.0,sector 70,15.0,1.0,0.0,0.0,1.0,0.0,1.0,1.0,0.0,0.0,0.0,0.0,0.0,1.0,0.0,0.0,0.0,0.0,0.0,0.0,carpet,mid,new,shree vardhman victoria,gurgaon,2.08
203.55,4.0,3.0,3.0,0.0,sector 37,11.0,1.0,0.0,0.0,1.0,0.0,1.0,0.0,1.0,1.0,0.0,0.0,1.0,0.0,1.0,0.0,0.0,0.0,0.0,0.0,super built up,mid,mid aged,bptp terra,gurgaon,2.535
164.62,2.0,2.0,3.0,1.0,sector 85,13.0,1.0,0.0,0.0,1.0,0.0,1.0,0.0,1.0,1.0,0.0,0.0,1.0,0.0,1.0,0.0,0.0,0.0,1.0,0.0,super built up,high,new,ss the leaf,gurgaon,1.56
29.84,1.0,1.0,1.0,0.0,sector 95,5.0,1.0,0.0,0.0,0.0,0.0,0.0,0.0,0.0,0.0,0.0,0.0,0.0,1.0,0.0,0.0,0.0,0.0,0.0,0.0,carpet,high,new,ramsons kshitij,gurgaon,0.247
46.54,2.0,2.0,1.0,1.0,sector 86,9.0,0.0,0.0,0.0,1.0,0.0,0.0,0.0,1.0,0.0,0.0,0.0,0.0,0.0,0.0,0.0,0.0,0.0,0.0,0.0,carpet,mid,new,pyramid urban homes 2,gurgaon,0.559
222.97,3.0,3.0,3.0,0.0,sector 39,46.0,1.0,0.0,0.0,0.0,0.0,0.0,1.0,0.0,0.0,0.0,0.0,0.0,0.0,0.0,0.0,1.0,0.0,0.0,0.0,built up,low,under construction,milan cghs 9,gurgaon,2.6
131.36,3.0,3.0,3.0,0.0,sector 92,8.0,1.0,0.0,0.0,0.0,0.0,0.0,0.0,0.0,0.0,0.0,0.0,0.0,1.0,0.0,0.0,0.0,0.0,0.0,0.0,carpet,low,old,sare crescent parc,gurgaon,0.8450000000000001
158.12,3.0,3.0,3.0,1.0,sector 90,14.0,0.0,0.0,0.0,0.0,1.0,0.0,0.0,0.0,0.0,0.0,0.0,0.0,0.0,0.0,0.0,0.0,0.0,0.0,0.0,super built up,mid,new,dlf regal gardens,gurgaon,1.638
390.19,4.0,4.0,3.0,1.0,sector 81,9.0,0.0,0.0,0.0,1.0,0.0,0.0,0.0,1.0,0.0,0.0,0.0,1.0,0.0,0.0,0.0,0.0,0.0,0.0,0.0,super built up,high,new,bestech park view grand spa,gurgaon,5.460000000000001
112.41,2.0,2.0,2.0,1.0,sector 33,15.0,1.0,0.0,0.0,1.0,0.0,1.0,0.0,1.0,0.0,0.0,0.0,0.0,1.0,0.0,0.0,0.0,0.0,0.0,0.0,super built up,low,new,central park flower valley cerise floors,sohna,1.6900000000000002
133.13,2.0,2.0,3.0,0.0,sector 65,11.0,1.0,0.0,0.0,1.0,0.0,1.0,0.0,1.0,1.0,0.0,1.0,1.0,0.0,1.0,0.0,0.0,0.0,0.0,0.0,built up,high,under construction,m3m heights,gurgaon,2.795
153.29,3.0,3.0,3.0,1.0,sector 65,6.0,1.0,0.0,0.0,0.0,0.0,0.0,0.0,0.0,1.0,0.0,0.0,0.0,0.0,1.0,0.0,0.0,0.0,0.0,0.0,carpet,low,new,emaar mgf emerald floors premier,gurgaon,2.6
199.65,3.0,4.0,3.0,1.0,sector 102,15.0,0.0,0.0,0.0,1.0,0.0,1.0,0.0,1.0,1.0,1.0,1.0,1.0,0.0,1.0,0.0,0.0,0.0,1.0,0.0,super built up,high,new,conscient heritage max,gurgaon,2.886000000000001
130.62,2.0,2.0,2.0,0.0,sector 74,7.0,1.0,0.0,0.0,1.0,0.0,1.0,0.0,1.0,1.0,0.0,0.0,1.0,0.0,0.0,0.0,0.0,0.0,0.0,0.0,super built up,high,new,m3m skywalk,gurgaon,2.08
155.33,3.0,3.0,2.0,0.0,sector 76,11.0,1.0,0.0,0.0,0.0,0.0,1.0,0.0,1.0,1.0,0.0,1.0,0.0,0.0,0.0,0.0,0.0,0.0,0.0,0.0,super built up,mid,mid aged,whiteland blissville,gurgaon,2.47
133.13,2.0,2.0,3.0,1.0,sector 65,11.0,1.0,0.0,0.0,1.0,0.0,1.0,0.0,1.0,1.0,0.0,1.0,1.0,0.0,1.0,0.0,0.0,0.0,0.0,0.0,super built up,mid,new,m3m heights,gurgaon,3.445
152.83,3.0,4.0,3.0,1.0,sector 85,8.0,1.0,0.0,0.0,1.0,0.0,1.0,0.0,1.0,0.0,0.0,0.0,0.0,0.0,0.0,0.0,0.0,0.0,0.0,0.0,super built up,mid,old,orris carnation residency,gurgaon,1.4300000000000002
116.1,3.0,4.0,3.0,1.0,sector 61,8.0,1.0,0.0,0.0,0.0,0.0,0.0,0.0,1.0,1.0,0.0,1.0,0.0,0.0,0.0,0.0,0.0,0.0,0.0,0.0,carpet,high,new,puri the aravallis,gurgaon,5.07
130.06,3.0,3.0,3.0,1.0,sector 65,10.0,1.0,0.0,0.0,1.0,0.0,1.0,0.0,1.0,1.0,0.0,0.0,0.0,0.0,1.0,0.0,0.0,0.0,0.0,0.0,carpet,low,new,emaar emerald hills,gurgaon,2.535
276.76,3.0,3.0,3.0,1.0,sector 65,9.0,1.0,0.0,0.0,1.0,0.0,1.0,0.0,1.0,1.0,0.0,1.0,0.0,0.0,1.0,0.0,1.0,0.0,0.0,0.0,super built up,high,new,m3m golfestate,gurgaon,6.760000000000001
116.96,2.0,2.0,0.0,0.0,sector 104,46.0,1.0,0.0,0.0,0.0,0.0,0.0,1.0,0.0,0.0,0.0,0.0,0.0,0.0,0.0,1.0,0.0,0.0,0.0,0.0,built up,high,under construction,godrej summit premia towers,gurgaon,1.1700000000000002
78.97,2.0,2.0,1.0,0.0,sector 4,48.0,1.0,0.0,0.0,0.0,0.0,0.0,1.0,0.0,0.0,0.0,0.0,0.0,0.0,0.0,1.0,0.0,0.0,0.0,0.0,carpet,mid,new,"ganpati apartment  2, laxman vihar phase 1",gurgaon,0.5850000000000001
179.21,3.0,3.0,3.0,1.0,sector 86,10.0,0.0,0.0,0.0,1.0,0.0,0.0,0.0,1.0,1.0,0.0,0.0,0.0,0.0,1.0,0.0,0.0,0.0,0.0,0.0,super built up,high,new,dlf the skycourt,gurgaon,2.08
114.27,2.0,2.0,3.0,0.0,sector 33,6.0,1.0,0.0,0.0,0.0,0.0,0.0,0.0,1.0,1.0,0.0,0.0,0.0,0.0,0.0,0.0,0.0,0.0,0.0,0.0,carpet,high,new,ashiana mulberry,sohna,0.962
130.06,2.0,2.0,3.0,1.0,sector 74,7.0,1.0,0.0,0.0,1.0,0.0,1.0,0.0,1.0,1.0,0.0,0.0,1.0,0.0,0.0,0.0,0.0,0.0,0.0,0.0,super built up,mid,new,m3m skywalk,gurgaon,1.976
168.34,3.0,3.0,3.0,0.0,sector 69,12.0,1.0,0.0,0.0,0.0,0.0,1.0,0.0,1.0,1.0,0.0,0.0,0.0,0.0,1.0,0.0,1.0,0.0,0.0,0.0,super built up,high,new,tulip leaf,gurgaon,2.691
188.13,3.0,3.0,3.0,1.0,sector 84,3.0,0.0,0.0,0.0,0.0,1.0,1.0,0.0,1.0,0.0,0.0,0.0,0.0,0.0,0.0,0.0,0.0,0.0,0.0,0.0,super built up,high,new,antriksh heights,gurgaon,1.1700000000000002
169.55,3.0,3.0,3.0,1.0,sector 84,3.0,0.0,0.0,0.0,0.0,1.0,1.0,0.0,1.0,0.0,0.0,0.0,0.0,0.0,0.0,0.0,0.0,0.0,0.0,0.0,super built up,low,new,antriksh heights,gurgaon,1.1960000000000002
160.72,3.0,3.0,2.0,0.0,sector 78,7.0,1.0,0.0,0.0,0.0,0.0,0.0,1.0,0.0,0.0,0.0,1.0,0.0,0.0,0.0,0.0,0.0,0.0,0.0,0.0,built up,high,new,umang monsoon breeze,gurgaon,1.235
229.94,4.0,5.0,2.0,1.0,sector 90,10.0,1.0,0.0,0.0,1.0,0.0,1.0,0.0,1.0,1.0,0.0,0.0,1.0,0.0,1.0,0.0,0.0,0.0,0.0,0.0,super built up,high,new,shree vardhman flora,gurgaon,1.6900000000000002
161.93,3.0,4.0,2.0,1.0,sector 71,15.0,1.0,1.0,0.0,0.0,0.0,1.0,1.0,0.0,1.0,0.0,0.0,0.0,0.0,1.0,0.0,1.0,0.0,0.0,0.0,super built up,mid,new,chd avenue 71,gurgaon,1.625
55.46,2.0,2.0,0.0,0.0,sector 93,8.0,0.0,0.0,0.0,1.0,0.0,0.0,0.0,1.0,1.0,0.0,0.0,0.0,0.0,0.0,0.0,0.0,0.0,0.0,0.0,built up,high,under construction,signature global orchard avenue,gurgaon,1.105
111.48,2.0,2.0,3.0,1.0,sector 84,3.0,0.0,0.0,0.0,0.0,1.0,1.0,0.0,1.0,0.0,0.0,0.0,0.0,0.0,0.0,0.0,0.0,0.0,0.0,0.0,super built up,mid,new,antriksh heights,gurgaon,0.949
157.94,3.0,3.0,3.0,0.0,sector 61,14.0,1.0,0.0,0.0,0.0,0.0,1.0,0.0,1.0,1.0,0.0,1.0,0.0,0.0,1.0,0.0,0.0,1.0,0.0,0.0,super built up,high,old,pioneer park,gurgaon,2.6
268.95,3.0,4.0,3.0,1.0,sector 53,15.0,0.0,0.0,0.0,1.0,0.0,1.0,0.0,1.0,1.0,0.0,1.0,0.0,0.0,0.0,0.0,0.0,1.0,0.0,0.0,super built up,high,new,parsvnath exotica,gurgaon,6.5
128.67,2.0,2.0,3.0,0.0,sector 33,8.0,1.0,0.0,0.0,1.0,0.0,0.0,0.0,1.0,1.0,0.0,0.0,0.0,0.0,0.0,0.0,0.0,0.0,0.0,0.0,carpet,low,new,godrej nature plus,sohna,1.95
124.68,2.0,2.0,2.0,1.0,sector 77,10.0,1.0,0.0,0.0,1.0,0.0,1.0,0.0,1.0,1.0,0.0,0.0,1.0,0.0,0.0,0.0,0.0,0.0,0.0,0.0,super built up,high,new,umang winter hills,gurgaon,0.975
60.39,2.0,2.0,1.0,0.0,sector 3,48.0,1.0,0.0,0.0,0.0,0.0,0.0,1.0,0.0,0.0,0.0,0.0,0.0,0.0,0.0,1.0,0.0,0.0,0.0,0.0,carpet,low,old,apna enclave,gurgaon,0.65
117.15,3.0,2.0,2.0,1.0,sector 92,7.0,1.0,0.0,0.0,0.0,0.0,0.0,0.0,0.0,0.0,0.0,0.0,0.0,1.0,0.0,0.0,0.0,0.0,0.0,0.0,super built up,mid,under construction,sare green parc 2,gurgaon,0.793
258.18,4.0,5.0,3.0,0.0,sector 108,9.0,1.0,0.0,0.0,1.0,0.0,1.0,0.0,1.0,1.0,0.0,0.0,1.0,0.0,0.0,0.0,0.0,0.0,0.0,0.0,super built up,high,new,experion the heartsong,gurgaon,2.964
219.62,4.0,4.0,3.0,1.0,sector 91,8.0,1.0,0.0,0.0,0.0,0.0,1.0,0.0,1.0,1.0,0.0,1.0,0.0,0.0,0.0,0.0,0.0,0.0,0.0,0.0,super built up,high,new,dlf new town heights,gurgaon,2.275
292.64,4.0,4.0,3.0,1.0,sector 104,13.0,1.0,0.0,0.0,1.0,0.0,1.0,0.0,1.0,1.0,0.0,1.0,1.0,0.0,1.0,0.0,1.0,0.0,0.0,0.0,super built up,high,new,ats triumph,gurgaon,3.25
120.77,2.0,3.0,2.0,1.0,sector 2,25.0,1.0,0.0,0.0,0.0,1.0,0.0,0.0,1.0,0.0,0.0,1.0,0.0,0.0,0.0,1.0,0.0,0.0,0.0,0.0,carpet,low,old,ansals duplex flat,gurgaon,1.235
52.68,2.0,2.0,2.0,0.0,sector 33,6.0,0.0,0.0,0.0,0.0,0.0,0.0,0.0,0.0,1.0,0.0,0.0,1.0,0.0,0.0,0.0,1.0,0.0,0.0,0.0,super built up,mid,new,gls arawali homes,sohna,0.4549999999999999
50.5,2.0,2.0,2.0,0.0,sector 93,8.0,0.0,0.0,0.0,1.0,0.0,0.0,0.0,1.0,1.0,0.0,0.0,0.0,0.0,0.0,0.0,0.0,0.0,0.0,0.0,carpet,mid,new,signature global orchard avenue,gurgaon,0.4679999999999999
172.06,3.0,3.0,3.0,1.0,sector 102,13.0,1.0,0.0,0.0,1.0,1.0,0.0,0.0,1.0,1.0,0.0,0.0,1.0,0.0,1.0,0.0,0.0,1.0,0.0,0.0,super built up,low,new,shapoorji pallonji joyville gurugram,gurgaon,2.6
167.23,3.0,3.0,3.0,0.0,sector 61,14.0,1.0,0.0,0.0,0.0,0.0,1.0,0.0,1.0,1.0,0.0,1.0,0.0,0.0,1.0,0.0,0.0,1.0,0.0,0.0,super built up,high,new,pioneer park,gurgaon,2.7300000000000004
275.46,3.0,4.0,3.0,1.0,sector 53,10.0,1.0,0.0,0.0,1.0,0.0,1.0,0.0,1.0,1.0,0.0,1.0,0.0,0.0,1.0,0.0,0.0,0.0,0.0,0.0,super built up,high,old,vipul belmonte,gurgaon,8.450000000000001
192.31,3.0,4.0,3.0,1.0,sector 49,13.0,1.0,0.0,0.0,1.0,0.0,0.0,1.0,1.0,0.0,0.0,0.0,0.0,0.0,1.0,1.0,0.0,0.0,0.0,0.0,super built up,low,new,orchid petals,gurgaon,3.094
131.92,2.0,2.0,3.0,0.0,sector 70,15.0,1.0,0.0,0.0,1.0,0.0,1.0,0.0,1.0,1.0,0.0,0.0,0.0,0.0,1.0,0.0,0.0,1.0,0.0,0.0,super built up,high,old,paras irene,gurgaon,1.6900000000000002
179.21,3.0,3.0,3.0,1.0,sector 86,10.0,0.0,0.0,0.0,1.0,0.0,0.0,0.0,1.0,1.0,0.0,0.0,0.0,0.0,1.0,0.0,0.0,0.0,0.0,0.0,super built up,high,new,dlf the skycourt,gurgaon,2.067
176.52,3.0,4.0,3.0,1.0,sector 106,11.0,1.0,0.0,0.0,1.0,0.0,1.0,0.0,1.0,1.0,0.0,1.0,1.0,0.0,1.0,0.0,0.0,0.0,0.0,0.0,super built up,mid,new,paras dews,gurgaon,1.495
86.4,2.0,2.0,2.0,0.0,sector 70,11.0,1.0,0.0,0.0,1.0,0.0,1.0,0.0,1.0,1.0,0.0,0.0,0.0,0.0,0.0,0.0,0.0,0.0,0.0,0.0,super built up,mid,new,aipl club residences,gurgaon,1.105
213.68,5.0,5.0,2.0,1.0,sector 14,50.0,1.0,0.0,0.0,0.0,1.0,0.0,1.0,1.0,0.0,0.0,0.0,0.0,1.0,0.0,1.0,0.0,0.0,0.0,1.0,carpet,low,old,vasant appartments,gurgaon,2.21
142.51,2.0,2.0,3.0,1.0,sector 84,10.0,1.0,0.0,0.0,1.0,1.0,1.0,1.0,1.0,0.0,0.0,0.0,0.0,0.0,0.0,0.0,0.0,0.0,0.0,0.0,super built up,high,new,alpha corp gurgaonone 84,gurgaon,1.495
190.17,3.0,3.0,3.0,1.0,sector 67,10.0,1.0,0.0,0.0,1.0,0.0,1.0,0.0,1.0,1.0,0.0,0.0,0.0,0.0,1.0,0.0,0.0,1.0,0.0,0.0,super built up,mid,new,m3m merlin,gurgaon,3.9
165.0,3.0,4.0,2.0,1.0,sector 48,15.0,1.0,1.0,0.0,1.0,0.0,1.0,1.0,1.0,1.0,0.0,1.0,0.0,1.0,0.0,1.0,0.0,0.0,0.0,0.0,super built up,mid,new,bestech park view city,gurgaon,2.314
126.91,2.0,2.0,3.0,0.0,sector 107,6.0,0.0,0.0,0.0,0.0,0.0,0.0,0.0,1.0,1.0,0.0,0.0,0.0,0.0,0.0,0.0,0.0,0.0,0.0,0.0,super built up,mid,new,m3m woodshire,gurgaon,1.04
29.84,1.0,1.0,1.0,0.0,sector 95,3.0,1.0,0.0,0.0,0.0,0.0,0.0,0.0,0.0,0.0,0.0,0.0,0.0,0.0,0.0,0.0,0.0,0.0,0.0,0.0,carpet,high,new,ramsons kshitij,gurgaon,0.2339999999999999
158.96,3.0,3.0,2.0,0.0,sector 108,13.0,1.0,0.0,0.0,0.0,0.0,1.0,0.0,1.0,1.0,0.0,0.0,1.0,0.0,0.0,0.0,0.0,0.0,1.0,0.0,super built up,high,new,sobha city,gurgaon,3.3800000000000003
159.79,3.0,3.0,3.0,1.0,sector 83,10.0,0.0,0.0,0.0,1.0,0.0,0.0,0.0,0.0,0.0,0.0,0.0,0.0,0.0,0.0,0.0,0.0,0.0,0.0,0.0,super built up,low,new,emaar palm gardens,gurgaon,1.82
44.75,2.0,2.0,1.0,1.0,sector 33,10.0,0.0,0.0,0.0,0.0,0.0,0.0,1.0,0.0,0.0,0.0,0.0,0.0,0.0,0.0,0.0,0.0,0.0,0.0,1.0,carpet,high,new,mvn athens,sohna,0.325
197.42,3.0,3.0,0.0,1.0,sector 48,45.0,1.0,0.0,0.0,0.0,1.0,1.0,1.0,0.0,0.0,0.0,0.0,0.0,1.0,0.0,1.0,0.0,1.0,0.0,0.0,super built up,high,new,parsvnath green ville,gurgaon,2.6
51.02,2.0,2.0,1.0,1.0,sector 95,14.0,0.0,0.0,0.0,0.0,0.0,0.0,0.0,0.0,1.0,1.0,1.0,1.0,0.0,0.0,0.0,1.0,0.0,0.0,1.0,carpet,high,new,rof ananda,gurgaon,0.416
168.25,3.0,3.0,3.0,0.0,sector 37,11.0,1.0,0.0,0.0,1.0,0.0,1.0,0.0,1.0,1.0,0.0,0.0,1.0,0.0,1.0,0.0,0.0,0.0,0.0,0.0,super built up,mid,new,bptp terra,gurgaon,1.82
117.43,2.0,2.0,3.0,1.0,sector 33,7.0,1.0,0.0,0.0,0.0,0.0,0.0,0.0,1.0,0.0,0.0,0.0,1.0,0.0,0.0,0.0,0.0,0.0,0.0,0.0,super built up,mid,new,eldeco accolade,sohna,0.949
132.2,3.0,3.0,2.0,1.0,sector 89,14.0,1.0,0.0,0.0,1.0,0.0,1.0,0.0,1.0,0.0,1.0,1.0,1.0,0.0,1.0,0.0,0.0,0.0,0.0,0.0,carpet,low,mid aged,smart world gems,gurgaon,1.508
261.24,4.0,4.0,3.0,1.0,sector 85,13.0,1.0,0.0,0.0,1.0,0.0,1.0,0.0,1.0,1.0,0.0,0.0,1.0,0.0,1.0,0.0,0.0,0.0,1.0,0.0,super built up,mid,new,ss the leaf,gurgaon,2.7300000000000004
157.94,3.0,3.0,3.0,0.0,sector 70,12.0,0.0,0.0,0.0,1.0,0.0,1.0,0.0,1.0,1.0,1.0,1.0,0.0,0.0,0.0,0.0,1.0,0.0,0.0,0.0,super built up,low,new,bptp astaire gardens,gurgaon,1.56
261.24,4.0,5.0,3.0,0.0,sector 85,13.0,1.0,0.0,0.0,1.0,0.0,1.0,0.0,1.0,1.0,0.0,0.0,1.0,0.0,1.0,0.0,0.0,0.0,1.0,0.0,super built up,high,new,ss the leaf,gurgaon,2.7300000000000004
418.06,4.0,6.0,3.0,1.0,sector 111,10.0,1.0,0.0,0.0,1.0,0.0,0.0,0.0,1.0,1.0,0.0,1.0,1.0,0.0,0.0,0.0,0.0,0.0,0.0,0.0,super built up,mid,new,puri diplomatic greens,gurgaon,6.825
158.96,3.0,3.0,3.0,1.0,sector 108,13.0,1.0,0.0,0.0,0.0,0.0,1.0,0.0,1.0,1.0,0.0,0.0,1.0,0.0,0.0,0.0,0.0,0.0,1.0,0.0,built up,high,new,sobha city,gurgaon,3.0290000000000004
44.75,2.0,2.0,1.0,0.0,sector 33,10.0,0.0,0.0,0.0,0.0,0.0,0.0,1.0,0.0,0.0,0.0,0.0,0.0,0.0,0.0,0.0,0.0,0.0,0.0,1.0,carpet,low,new,mvn athens,sohna,0.325
191.29,3.0,3.0,3.0,1.0,sector 68,15.0,1.0,0.0,0.0,1.0,0.0,1.0,0.0,1.0,1.0,0.0,1.0,1.0,0.0,1.0,0.0,0.0,1.0,0.0,0.0,carpet,low,under construction,pareena mi casa,gurgaon,2.47
185.81,3.0,3.0,3.0,1.0,sector 102,10.0,1.0,0.0,0.0,1.0,0.0,0.0,0.0,1.0,1.0,1.0,0.0,1.0,0.0,1.0,0.0,0.0,0.0,1.0,0.0,carpet,high,new,emaar imperial gardens,gurgaon,2.496
153.29,3.0,3.0,3.0,1.0,sector 65,6.0,1.0,0.0,0.0,0.0,0.0,0.0,0.0,0.0,1.0,0.0,0.0,0.0,0.0,1.0,0.0,0.0,0.0,0.0,0.0,super built up,low,new,emaar mgf emerald floors premier,gurgaon,3.055
112.88,2.0,2.0,2.0,0.0,sector 102,13.0,1.0,0.0,0.0,1.0,1.0,0.0,0.0,1.0,1.0,0.0,0.0,1.0,0.0,1.0,0.0,0.0,1.0,0.0,0.0,super built up,high,new,shapoorji pallonji joyville gurugram,gurgaon,1.638
109.63,2.0,2.0,2.0,0.0,sector 68,24.0,1.0,0.0,0.0,0.0,0.0,1.0,1.0,0.0,0.0,0.0,0.0,0.0,0.0,0.0,1.0,0.0,0.0,0.0,0.0,carpet,high,new,supertech hues,gurgaon,1.3
178.47,3.0,3.0,3.0,1.0,sector 67,12.0,0.0,0.0,0.0,1.0,0.0,1.0,0.0,1.0,1.0,0.0,1.0,0.0,0.0,1.0,0.0,0.0,0.0,0.0,0.0,super built up,mid,new,ireo the corridors,gurgaon,2.3400000000000003
99.13,2.0,2.0,2.0,1.0,sector 89,14.0,1.0,0.0,0.0,1.0,0.0,1.0,0.0,1.0,0.0,1.0,1.0,1.0,0.0,1.0,0.0,0.0,0.0,0.0,0.0,super built up,low,mid aged,smart world gems,gurgaon,1.235
85.01,2.0,2.0,2.0,0.0,sector 102,13.0,1.0,0.0,0.0,1.0,1.0,0.0,0.0,1.0,1.0,0.0,0.0,1.0,0.0,1.0,0.0,0.0,1.0,0.0,0.0,super built up,high,mid aged,shapoorji pallonji joyville gurugram,gurgaon,1.755
213.49,4.0,4.0,3.0,1.0,sector 113,8.0,1.0,0.0,0.0,1.0,0.0,0.0,0.0,1.0,1.0,1.0,1.0,1.0,0.0,0.0,0.0,0.0,0.0,0.0,0.0,carpet,high,new,m3m capital,gurgaon,4.2250000000000005
160.44,3.0,3.0,2.0,1.0,sector 67,12.0,0.0,0.0,0.0,1.0,0.0,1.0,0.0,1.0,1.0,0.0,1.0,0.0,0.0,1.0,0.0,0.0,0.0,0.0,0.0,super built up,high,new,ireo the corridors,gurgaon,2.21
168.9,3.0,3.0,3.0,1.0,sector 90,14.0,0.0,0.0,0.0,0.0,1.0,0.0,0.0,0.0,0.0,0.0,0.0,0.0,0.0,0.0,0.0,0.0,0.0,0.0,0.0,super built up,high,new,dlf regal gardens,gurgaon,1.677
190.45,3.0,3.0,3.0,1.0,sector 1,11.0,1.0,0.0,0.0,0.0,0.0,0.0,0.0,0.0,0.0,0.0,0.0,0.0,1.0,0.0,0.0,0.0,0.0,0.0,1.0,super built up,low,old,hsiidc sidco shivalik apartments,manesar,0.949
232.26,4.0,3.0,1.0,0.0,sector 104,33.0,1.0,0.0,0.0,0.0,0.0,0.0,1.0,0.0,0.0,0.0,0.0,0.0,0.0,0.0,1.0,0.0,0.0,0.0,0.0,super built up,low,new,dlf city,gurgaon,2.6260000000000003
161.19,3.0,3.0,3.0,1.0,sector 83,10.0,0.0,0.0,0.0,1.0,0.0,0.0,0.0,1.0,1.0,0.0,1.0,1.0,0.0,0.0,0.0,0.0,0.0,0.0,0.0,super built up,low,new,vatika gurgaon 21,gurgaon,1.3650000000000002
244.8,4.0,5.0,3.0,1.0,sector 67,11.0,0.0,0.0,0.0,1.0,0.0,0.0,0.0,1.0,0.0,0.0,0.0,0.0,0.0,0.0,0.0,0.0,0.0,0.0,0.0,super built up,high,old,bestech park view spa next,gurgaon,4.316
172.06,3.0,3.0,3.0,1.0,sector 102,13.0,1.0,0.0,0.0,1.0,1.0,0.0,0.0,1.0,1.0,0.0,0.0,1.0,0.0,1.0,0.0,0.0,1.0,0.0,0.0,super built up,high,new,shapoorji pallonji joyville gurugram,gurgaon,2.275
125.42,2.0,2.0,2.0,0.0,sector 33,45.0,1.0,0.0,0.0,0.0,0.0,0.0,1.0,0.0,0.0,0.0,0.0,0.0,0.0,0.0,0.0,1.0,0.0,0.0,0.0,built up,low,under construction,bhemerlei,sohna,0.8969999999999999
83.61204013377927,3.0,3.0,3.0,0.0,sector 88,7.0,1.0,0.0,0.0,0.0,1.0,0.0,0.0,1.0,0.0,0.0,0.0,1.0,0.0,0.0,0.0,0.0,0.0,0.0,0.0,carpet,high,new,godrej oasis,gurgaon,3.445
160.26,3.0,3.0,3.0,0.0,sector 84,3.0,0.0,0.0,0.0,0.0,1.0,1.0,0.0,1.0,0.0,0.0,0.0,0.0,0.0,0.0,0.0,0.0,0.0,0.0,0.0,super built up,high,new,antriksh heights,gurgaon,1.1700000000000002
179.3,3.0,3.0,3.0,1.0,sector 86,15.0,1.0,0.0,0.0,0.0,0.0,0.0,1.0,1.0,1.0,0.0,0.0,0.0,0.0,0.0,0.0,0.0,0.0,0.0,0.0,super built up,high,old,dlf new town heights 2,gurgaon,1.6900000000000002
181.16,3.0,3.0,3.0,0.0,sector 79,3.0,0.0,0.0,0.0,0.0,0.0,0.0,0.0,0.0,0.0,0.0,0.0,0.0,1.0,0.0,0.0,0.0,0.0,0.0,1.0,carpet,low,new,supertech araville,gurgaon,1.4300000000000002
203.55,4.0,4.0,3.0,1.0,sector 37,11.0,1.0,0.0,0.0,1.0,0.0,1.0,0.0,1.0,1.0,0.0,0.0,1.0,0.0,1.0,0.0,0.0,0.0,0.0,0.0,super built up,mid,new,bptp terra,gurgaon,2.275
181.16,4.0,4.0,3.0,1.0,sector 77,10.0,1.0,0.0,0.0,1.0,0.0,1.0,0.0,1.0,1.0,0.0,0.0,1.0,0.0,0.0,0.0,0.0,0.0,0.0,0.0,super built up,low,new,emaar mgf palm hills,gurgaon,2.015
131.46,2.0,2.0,3.0,0.0,sector 2,10.0,1.0,0.0,0.0,1.0,1.0,0.0,0.0,1.0,1.0,1.0,1.0,0.0,0.0,0.0,0.0,0.0,0.0,0.0,0.0,super built up,high,old,bestech park view residency,gurgaon,1.274
185.81,3.0,3.0,2.0,1.0,sector 56,46.0,1.0,0.0,0.0,0.0,1.0,1.0,1.0,0.0,0.0,0.0,1.0,0.0,1.0,0.0,1.0,1.0,0.0,0.0,1.0,super built up,mid,old,professors enclave cghs,gurgaon,2.002
77.11,2.0,2.0,1.0,0.0,sector 33,8.0,1.0,0.0,0.0,0.0,0.0,0.0,0.0,1.0,1.0,1.0,1.0,0.0,0.0,0.0,0.0,0.0,0.0,0.0,0.0,carpet,low,new,signature global park,sohna,0.7020000000000001
181.16,3.0,3.0,2.0,1.0,sector 90,10.0,1.0,0.0,0.0,1.0,0.0,1.0,0.0,1.0,1.0,0.0,0.0,1.0,0.0,1.0,0.0,0.0,0.0,0.0,0.0,carpet,mid,new,shree vardhman flora,gurgaon,1.1960000000000002
189.52,3.0,3.0,2.0,1.0,sector 65,11.0,1.0,0.0,0.0,1.0,0.0,1.0,0.0,1.0,1.0,0.0,1.0,1.0,0.0,1.0,0.0,0.0,0.0,0.0,0.0,super built up,high,mid aged,m3m heights,gurgaon,4.771
310.67,3.0,4.0,3.0,1.0,sector 103,15.0,1.0,0.0,0.0,1.0,1.0,1.0,0.0,1.0,1.0,1.0,1.0,1.0,0.0,1.0,0.0,0.0,0.0,0.0,0.0,carpet,high,new,indiabulls centrum park,gurgaon,2.47
213.68,3.0,3.0,3.0,0.0,sector 52,43.0,1.0,0.0,0.0,0.0,0.0,0.0,1.0,0.0,0.0,0.0,0.0,0.0,1.0,0.0,1.0,0.0,0.0,0.0,1.0,carpet,high,new,pgr shree kripaluji apartment,gurgaon,1.82
203.55,3.0,3.0,3.0,1.0,sector 37,11.0,1.0,0.0,0.0,1.0,0.0,1.0,0.0,1.0,1.0,0.0,0.0,1.0,0.0,1.0,0.0,0.0,0.0,0.0,0.0,built up,mid,new,bptp terra,gurgaon,2.223
52.68,2.0,2.0,2.0,0.0,sector 33,6.0,0.0,0.0,0.0,0.0,0.0,0.0,0.0,0.0,1.0,0.0,0.0,1.0,0.0,0.0,0.0,1.0,0.0,0.0,0.0,super built up,low,new,gls arawali homes,sohna,0.364
163.14,3.0,4.0,3.0,1.0,sector 48,15.0,1.0,1.0,0.0,1.0,0.0,1.0,1.0,1.0,1.0,0.0,1.0,0.0,1.0,0.0,1.0,0.0,0.0,0.0,0.0,carpet,low,old,bestech park view city,gurgaon,2.3400000000000003
69.68,2.0,2.0,2.0,0.0,sector 33,8.0,1.0,0.0,0.0,0.0,0.0,0.0,0.0,1.0,1.0,1.0,1.0,0.0,0.0,0.0,0.0,0.0,0.0,0.0,0.0,carpet,mid,under construction,signature global park,sohna,0.7020000000000001
171.87,3.0,2.0,3.0,1.0,sector 56,44.0,1.0,0.0,0.0,0.0,1.0,1.0,1.0,0.0,0.0,0.0,1.0,0.0,1.0,0.0,1.0,1.0,0.0,0.0,1.0,super built up,mid,old,guru gram haryana cghs,gurgaon,1.807
212.75,3.0,3.0,3.0,1.0,sector 104,13.0,1.0,0.0,0.0,1.0,0.0,1.0,0.0,1.0,1.0,0.0,1.0,1.0,0.0,1.0,0.0,1.0,0.0,0.0,0.0,carpet,low,new,ats triumph,gurgaon,2.535
169.78,3.0,2.0,1.0,1.0,sector 83,10.0,1.0,0.0,0.0,1.0,0.0,1.0,0.0,1.0,1.0,0.0,0.0,0.0,0.0,0.0,0.0,0.0,0.0,0.0,0.0,super built up,mid,new,vatika lifestyle homes,gurgaon,1.625
119.19,2.0,3.0,3.0,1.0,sector 108,9.0,1.0,0.0,0.0,1.0,0.0,1.0,0.0,1.0,1.0,0.0,0.0,1.0,0.0,0.0,0.0,0.0,0.0,0.0,0.0,super built up,low,new,experion the heartsong,gurgaon,1.1700000000000002
126.35,2.0,2.0,1.0,0.0,sector 86,4.0,1.0,0.0,0.0,1.0,0.0,0.0,0.0,1.0,0.0,0.0,0.0,1.0,0.0,0.0,0.0,0.0,0.0,0.0,0.0,super built up,high,new,ansal heights 86,gurgaon,1.014
184.97,3.0,4.0,3.0,1.0,sector 103,15.0,1.0,0.0,0.0,1.0,1.0,1.0,0.0,1.0,1.0,1.0,1.0,1.0,0.0,0.0,0.0,1.0,0.0,0.0,0.0,super built up,high,new,satya the hermitage,gurgaon,1.4560000000000002
139.35,3.0,2.0,3.0,1.0,sector 82,6.0,0.0,0.0,0.0,0.0,0.0,0.0,0.0,1.0,1.0,0.0,0.0,0.0,0.0,0.0,0.0,0.0,0.0,0.0,0.0,carpet,low,new,vatika inxt floors,gurgaon,1.625
292.64,4.0,3.0,2.0,1.0,sector 65,14.0,0.0,0.0,0.0,0.0,0.0,0.0,0.0,1.0,0.0,0.0,0.0,0.0,0.0,0.0,0.0,0.0,0.0,0.0,0.0,built up,low,new,emaar mgf emerald floors,gurgaon,4.16
162.58,3.0,3.0,3.0,0.0,sector 109,11.0,1.0,0.0,0.0,1.0,0.0,0.0,0.0,1.0,1.0,0.0,1.0,1.0,0.0,0.0,0.0,0.0,0.0,1.0,0.0,super built up,high,new,ats tourmaline,gurgaon,1.82
145.67,3.0,3.0,1.0,1.0,sector 69,10.0,1.0,0.0,0.0,1.0,0.0,1.0,0.0,1.0,1.0,0.0,0.0,0.0,0.0,1.0,0.0,0.0,0.0,0.0,0.0,super built up,high,new,tulip violet,gurgaon,1.82
57.88,2.0,2.0,2.0,0.0,sector 33,47.0,1.0,0.0,0.0,0.0,0.0,0.0,1.0,0.0,0.0,0.0,0.0,0.0,0.0,0.0,0.0,1.0,0.0,0.0,0.0,built up,mid,under construction,breeze global heights,gurgaon,0.52
162.58,3.0,3.0,2.0,0.0,sector 84,13.0,1.0,0.0,0.0,1.0,0.0,1.0,0.0,1.0,1.0,0.0,0.0,1.0,0.0,0.0,0.0,0.0,0.0,1.0,0.0,super built up,high,new,ss the coralwood,gurgaon,1.4300000000000002
315.87,4.0,4.0,3.0,1.0,sector 110,15.0,1.0,0.0,0.0,1.0,1.0,0.0,0.0,1.0,1.0,1.0,1.0,1.0,0.0,0.0,0.0,0.0,0.0,0.0,0.0,super built up,high,old,indiabulls enigma,gurgaon,4.485
118.54,2.0,2.0,3.0,0.0,sector 113,8.0,1.0,0.0,0.0,1.0,0.0,0.0,0.0,1.0,0.0,0.0,0.0,1.0,0.0,0.0,0.0,0.0,0.0,0.0,0.0,super built up,high,new,la vida by tata housing,gurgaon,1.755
72.46,3.0,3.0,3.0,0.0,sector 89,9.0,1.0,0.0,0.0,0.0,0.0,0.0,0.0,1.0,1.0,0.0,0.0,1.0,0.0,0.0,0.0,0.0,0.0,0.0,0.0,carpet,low,mid aged,m3m soulitude,gurgaon,1.7160000000000002
109.63,2.0,2.0,3.0,0.0,sector 68,21.0,1.0,0.0,0.0,0.0,0.0,1.0,1.0,0.0,0.0,0.0,0.0,0.0,0.0,0.0,1.0,0.0,0.0,0.0,0.0,carpet,high,new,supertech hues,gurgaon,1.3
330.36,6.0,4.0,2.0,0.0,sector 10,49.0,1.0,0.0,0.0,0.0,0.0,0.0,0.0,1.0,0.0,0.0,0.0,0.0,1.0,0.0,0.0,1.0,0.0,0.0,0.0,carpet,mid,old,karmyogi apartment,gurgaon,2.99
111.48,3.0,2.0,3.0,0.0,sector 33,6.0,0.0,0.0,0.0,0.0,0.0,1.0,0.0,1.0,0.0,0.0,0.0,0.0,0.0,1.0,0.0,0.0,0.0,0.0,0.0,carpet,high,new,godrej nature plus serenity,sohna,1.807
223.71,3.0,4.0,3.0,1.0,sector 85,13.0,1.0,0.0,0.0,1.0,0.0,1.0,0.0,1.0,1.0,0.0,0.0,1.0,0.0,1.0,0.0,0.0,0.0,1.0,0.0,super built up,high,new,ss the leaf,gurgaon,2.0540000000000003
179.21,3.0,4.0,3.0,1.0,sector 86,10.0,0.0,0.0,0.0,1.0,0.0,0.0,0.0,1.0,1.0,0.0,0.0,0.0,0.0,1.0,0.0,0.0,0.0,0.0,0.0,super built up,high,new,dlf the skycourt,gurgaon,2.028
146.04,2.0,2.0,3.0,1.0,sector 79,10.0,0.0,0.0,0.0,0.0,0.0,0.0,0.0,1.0,1.0,0.0,0.0,0.0,0.0,0.0,0.0,0.0,0.0,1.0,0.0,carpet,low,new,godrej 101,gurgaon,1.833
153.29,3.0,3.0,3.0,1.0,sector 102,10.0,1.0,0.0,0.0,1.0,0.0,1.0,0.0,1.0,1.0,0.0,0.0,1.0,0.0,0.0,0.0,0.0,0.0,0.0,0.0,super built up,high,new,emaar gurgaon greens,gurgaon,1.82
193.89,4.0,4.0,2.0,0.0,sector 69,10.0,1.0,0.0,0.0,1.0,0.0,1.0,0.0,1.0,1.0,0.0,0.0,0.0,0.0,1.0,0.0,0.0,0.0,0.0,0.0,super built up,high,new,tulip violet,gurgaon,2.6
153.29,3.0,3.0,3.0,1.0,sector 65,6.0,1.0,0.0,0.0,0.0,0.0,0.0,0.0,0.0,1.0,0.0,0.0,0.0,0.0,1.0,0.0,0.0,0.0,0.0,0.0,built up,low,new,emaar mgf emerald floors premier,gurgaon,3.055
140.28,4.0,3.0,3.0,1.0,sector 106,11.0,1.0,0.0,0.0,1.0,0.0,1.0,0.0,1.0,1.0,0.0,1.0,1.0,0.0,1.0,0.0,0.0,0.0,0.0,0.0,carpet,high,old,paras dews,gurgaon,1.755
126.35,2.0,2.0,2.0,0.0,sector 81,9.0,0.0,0.0,0.0,1.0,0.0,0.0,0.0,1.0,0.0,0.0,1.0,1.0,0.0,0.0,0.0,0.0,0.0,0.0,0.0,super built up,low,new,bestech park view ananda,gurgaon,1.235
157.19,3.0,3.0,3.0,0.0,sector 102,13.0,1.0,0.0,0.0,1.0,1.0,0.0,0.0,1.0,1.0,0.0,0.0,1.0,0.0,1.0,0.0,0.0,1.0,0.0,0.0,super built up,high,new,shapoorji pallonji joyville gurugram,gurgaon,2.795
223.71,3.0,4.0,3.0,1.0,sector 85,13.0,1.0,0.0,0.0,1.0,0.0,1.0,0.0,1.0,1.0,0.0,0.0,1.0,0.0,1.0,0.0,0.0,0.0,1.0,0.0,super built up,mid,new,ss the leaf,gurgaon,2.6
41.81,1.0,1.0,1.0,0.0,sector 33,10.0,0.0,0.0,0.0,0.0,0.0,0.0,1.0,0.0,0.0,0.0,0.0,0.0,0.0,0.0,0.0,0.0,0.0,0.0,1.0,carpet,high,new,mvn athens,sohna,0.273
162.58,3.0,3.0,3.0,1.0,sector 89,6.0,1.0,0.0,0.0,1.0,0.0,0.0,0.0,1.0,1.0,0.0,0.0,1.0,0.0,0.0,0.0,0.0,0.0,0.0,0.0,carpet,high,under construction,ats marigold,gurgaon,2.21
174.19,3.0,4.0,3.0,1.0,sector 90,10.0,1.0,0.0,0.0,1.0,0.0,1.0,0.0,1.0,1.0,0.0,0.0,1.0,0.0,1.0,0.0,0.0,0.0,0.0,0.0,super built up,mid,new,shree vardhman flora,gurgaon,1.1960000000000002
241.36,3.0,3.0,3.0,1.0,sector 102,11.0,1.0,0.0,0.0,1.0,0.0,1.0,0.0,1.0,1.0,0.0,0.0,1.0,0.0,1.0,0.0,0.0,0.0,0.0,0.0,super built up,high,new,adani m2k oyster grande,gurgaon,3.055
151.43,3.0,3.0,3.0,0.0,sector 61,13.0,1.0,0.0,0.0,1.0,0.0,1.0,0.0,1.0,1.0,1.0,1.0,0.0,0.0,0.0,0.0,0.0,0.0,0.0,0.0,built up,low,new,smart world orchard,gurgaon,3.1330000000000005
52.03,2.0,2.0,2.0,0.0,sector 95,3.0,1.0,0.0,0.0,0.0,0.0,0.0,0.0,0.0,0.0,0.0,0.0,0.0,0.0,0.0,0.0,0.0,0.0,0.0,0.0,super built up,high,new,ramsons kshitij,gurgaon,0.377
117.43,2.0,2.0,2.0,0.0,sector 33,7.0,1.0,0.0,0.0,0.0,0.0,0.0,0.0,1.0,0.0,0.0,0.0,1.0,0.0,0.0,0.0,0.0,0.0,0.0,0.0,super built up,low,new,eldeco accolade,sohna,1.014
512.27,5.0,7.0,3.0,1.0,sector 62,11.0,1.0,0.0,0.0,1.0,0.0,1.0,0.0,1.0,1.0,0.0,0.0,0.0,0.0,1.0,0.0,0.0,1.0,0.0,0.0,super built up,high,new,pioneer araya,gurgaon,13.975
154.22,3.0,3.0,3.0,1.0,sector 82,7.0,1.0,0.0,0.0,1.0,0.0,0.0,0.0,1.0,0.0,0.0,0.0,1.0,0.0,0.0,0.0,0.0,0.0,0.0,0.0,carpet,low,new,vatika independent floors,gurgaon,1.508
153.29,3.0,3.0,3.0,1.0,sector 102,10.0,1.0,0.0,0.0,1.0,0.0,1.0,0.0,1.0,1.0,0.0,0.0,1.0,0.0,0.0,0.0,0.0,0.0,0.0,0.0,super built up,high,new,emaar gurgaon greens,gurgaon,1.755
92.9,3.0,2.0,2.0,1.0,sector 95,14.0,0.0,0.0,0.0,0.0,0.0,0.0,0.0,0.0,1.0,1.0,1.0,1.0,0.0,0.0,0.0,1.0,0.0,0.0,1.0,super built up,high,new,rof ananda,gurgaon,0.7150000000000001
222.04,4.0,4.0,3.0,1.0,sector 83,10.0,0.0,0.0,0.0,1.0,0.0,0.0,0.0,1.0,1.0,0.0,1.0,1.0,0.0,0.0,0.0,0.0,0.0,0.0,0.0,super built up,mid,new,vatika gurgaon 21,gurgaon,1.846
91.97,2.0,2.0,3.0,0.0,sector 95,4.0,1.0,0.0,0.0,0.0,0.0,0.0,0.0,0.0,0.0,0.0,0.0,0.0,1.0,0.0,0.0,0.0,0.0,0.0,0.0,super built up,high,new,sidhartha ncr greens,gurgaon,0.7280000000000001
146.79,2.0,2.0,2.0,1.0,sector 113,12.0,1.0,0.0,0.0,1.0,0.0,1.0,0.0,1.0,1.0,0.0,1.0,1.0,0.0,0.0,0.0,0.0,0.0,0.0,0.0,super built up,high,new,tata gurgaon gateway,gurgaon,2.275
250.84,4.0,5.0,3.0,1.0,sector 104,15.0,1.0,0.0,0.0,1.0,0.0,0.0,0.0,1.0,1.0,1.0,1.0,1.0,0.0,1.0,0.0,0.0,0.0,1.0,0.0,carpet,high,new,godrej summit,gurgaon,1.755
137.59,2.0,2.0,3.0,1.0,sector 103,15.0,1.0,0.0,0.0,1.0,1.0,1.0,0.0,1.0,1.0,1.0,1.0,1.0,0.0,1.0,0.0,0.0,0.0,0.0,0.0,super built up,high,new,indiabulls centrum park,gurgaon,1.495
128.67,2.0,2.0,2.0,0.0,sector 33,8.0,1.0,0.0,0.0,1.0,0.0,0.0,0.0,1.0,1.0,0.0,0.0,0.0,0.0,0.0,0.0,0.0,0.0,0.0,0.0,super built up,high,mid aged,godrej nature plus,sohna,1.3910000000000002
182.09,3.0,3.0,3.0,1.0,sector 76,4.0,0.0,0.0,0.0,1.0,0.0,0.0,0.0,1.0,0.0,0.0,0.0,1.0,0.0,0.0,0.0,0.0,0.0,0.0,0.0,super built up,low,new,corona gracieux,gurgaon,1.404
222.97,5.0,4.0,2.0,0.0,sector 21,16.0,1.0,0.0,0.0,0.0,1.0,0.0,1.0,0.0,0.0,0.0,0.0,0.0,0.0,0.0,0.0,0.0,0.0,0.0,0.0,super built up,low,old,mittal surya vihar,gurgaon,1.82
163.79,3.0,3.0,3.0,1.0,sector 37,13.0,0.0,0.0,0.0,1.0,0.0,1.0,0.0,1.0,1.0,1.0,0.0,1.0,0.0,1.0,0.0,0.0,0.0,0.0,0.0,super built up,mid,new,corona optus,gurgaon,1.625
378.3,4.0,5.0,3.0,1.0,sector 54,9.0,1.0,0.0,0.0,1.0,0.0,0.0,0.0,0.0,1.0,0.0,1.0,0.0,0.0,1.0,0.0,0.0,1.0,0.0,0.0,super built up,high,old,dlf the belaire,gurgaon,13.0
145.39,2.0,2.0,3.0,1.0,sector 2,10.0,1.0,0.0,0.0,1.0,1.0,0.0,0.0,1.0,1.0,1.0,1.0,0.0,0.0,0.0,0.0,0.0,0.0,0.0,0.0,super built up,mid,old,bestech park view residency,gurgaon,1.638
236.44,3.0,3.0,3.0,0.0,sector 109,11.0,1.0,0.0,0.0,0.0,0.0,0.0,0.0,0.0,0.0,1.0,0.0,0.0,0.0,0.0,0.0,0.0,0.0,0.0,0.0,super built up,high,new,sbtl caladium,gurgaon,2.3400000000000003
61.13,2.0,2.0,2.0,0.0,sector 33,14.0,1.0,0.0,0.0,0.0,0.0,1.0,1.0,1.0,0.0,1.0,0.0,0.0,0.0,1.0,0.0,0.0,1.0,0.0,0.0,built up,high,new,breez global hill view,sohna,0.4549999999999999
204.39,3.0,4.0,2.0,1.0,sector 111,10.0,1.0,0.0,0.0,1.0,0.0,0.0,0.0,1.0,1.0,0.0,1.0,1.0,0.0,0.0,0.0,0.0,0.0,0.0,0.0,super built up,high,old,puri diplomatic greens,gurgaon,3.354
135.36,3.0,2.0,3.0,0.0,sector 33,7.0,1.0,0.0,0.0,0.0,0.0,0.0,0.0,1.0,0.0,0.0,0.0,1.0,0.0,0.0,0.0,0.0,0.0,0.0,0.0,super built up,high,new,eldeco accolade,sohna,1.4300000000000002
116.33,2.0,2.0,3.0,1.0,sector 99,13.0,1.0,0.0,0.0,1.0,0.0,0.0,0.0,1.0,1.0,1.0,0.0,1.0,0.0,1.0,0.0,0.0,0.0,1.0,0.0,super built up,low,mid aged,raheja vanya,gurgaon,0.767
116.31,2.0,2.0,2.0,0.0,sector 99,13.0,1.0,0.0,0.0,1.0,0.0,0.0,0.0,1.0,1.0,1.0,0.0,1.0,0.0,1.0,0.0,0.0,0.0,1.0,0.0,super built up,low,new,raheja vanya,gurgaon,1.105
37.16,1.0,1.0,2.0,0.0,sector 81,10.0,1.0,0.0,0.0,1.0,0.0,0.0,0.0,1.0,0.0,0.0,0.0,1.0,0.0,1.0,0.0,0.0,0.0,0.0,0.0,carpet,low,new,signature global synera,gurgaon,0.494
53.28,2.0,2.0,1.0,0.0,sector 86,8.0,1.0,0.0,0.0,1.0,0.0,0.0,0.0,1.0,1.0,0.0,0.0,1.0,0.0,0.0,0.0,0.0,0.0,0.0,0.0,carpet,high,under construction,pyramid elite,gurgaon,0.5850000000000001
163.51,3.0,4.0,3.0,1.0,sector 28,48.0,1.0,0.0,0.0,0.0,1.0,1.0,1.0,0.0,0.0,0.0,1.0,0.0,0.0,0.0,1.0,0.0,0.0,0.0,1.0,carpet,low,old,essel tower,gurgaon,2.8600000000000003
603.87,4.0,5.0,3.0,0.0,sector 104,13.0,1.0,0.0,0.0,1.0,0.0,1.0,0.0,1.0,1.0,0.0,1.0,1.0,0.0,1.0,0.0,1.0,0.0,0.0,0.0,carpet,high,new,ats triumph,gurgaon,5.785
155.24,2.0,2.0,3.0,0.0,sector 85,13.0,1.0,0.0,0.0,1.0,0.0,1.0,0.0,1.0,1.0,0.0,0.0,1.0,0.0,1.0,0.0,0.0,0.0,1.0,0.0,super built up,high,new,ss the leaf,gurgaon,1.521
59.92,3.0,2.0,2.0,1.0,sector 107,10.0,0.0,0.0,0.0,1.0,0.0,0.0,0.0,1.0,0.0,0.0,0.0,1.0,0.0,0.0,0.0,0.0,0.0,0.0,0.0,carpet,mid,new,signature global solera,gurgaon,0.65
163.51,3.0,4.0,3.0,0.0,sector 28,48.0,1.0,0.0,0.0,0.0,0.0,0.0,1.0,0.0,0.0,0.0,1.0,0.0,0.0,0.0,1.0,1.0,0.0,0.0,1.0,carpet,low,under construction,essel towers,gurgaon,2.8600000000000003
203.55,4.0,3.0,3.0,1.0,sector 37,11.0,1.0,0.0,0.0,1.0,0.0,1.0,0.0,1.0,1.0,0.0,0.0,1.0,0.0,1.0,0.0,0.0,0.0,0.0,0.0,super built up,high,new,bptp terra,gurgaon,2.015
167.69,3.0,3.0,3.0,1.0,sector 49,13.0,1.0,0.0,0.0,1.0,0.0,0.0,1.0,1.0,0.0,0.0,0.0,0.0,0.0,1.0,1.0,0.0,0.0,0.0,0.0,carpet,high,old,orchid petals,gurgaon,2.47
176.52,4.0,3.0,3.0,0.0,sector 70,12.0,0.0,0.0,0.0,1.0,0.0,1.0,0.0,1.0,1.0,1.0,1.0,0.0,0.0,0.0,0.0,1.0,0.0,0.0,0.0,carpet,low,new,bptp astaire gardens,gurgaon,2.21
169.83,3.0,3.0,3.0,0.0,sector 65,11.0,1.0,0.0,0.0,1.0,0.0,1.0,0.0,1.0,1.0,0.0,1.0,1.0,0.0,1.0,0.0,0.0,0.0,0.0,0.0,super built up,high,under construction,m3m heights,gurgaon,3.614
126.81,2.0,2.0,3.0,0.0,sector 37,9.0,1.0,0.0,0.0,1.0,0.0,1.0,0.0,1.0,1.0,1.0,0.0,1.0,0.0,0.0,0.0,0.0,0.0,0.0,0.0,super built up,low,old,ild greens,gurgaon,1.014
179.3,3.0,4.0,3.0,1.0,sector 86,15.0,1.0,0.0,0.0,0.0,0.0,0.0,1.0,1.0,1.0,0.0,0.0,0.0,0.0,0.0,0.0,0.0,0.0,0.0,0.0,super built up,low,new,dlf new town heights 2,gurgaon,1.625
288.0,4.0,5.0,3.0,1.0,sector 48,43.0,1.0,0.0,0.0,0.0,0.0,1.0,1.0,0.0,0.0,0.0,0.0,0.0,0.0,0.0,1.0,0.0,0.0,0.0,0.0,carpet,mid,new,vipul world floors,gurgaon,5.59
365.2,4.0,4.0,3.0,1.0,sector 48,9.0,1.0,0.0,0.0,1.0,0.0,1.0,0.0,1.0,1.0,0.0,1.0,0.0,0.0,0.0,0.0,1.0,0.0,0.0,0.0,super built up,high,old,central park resorts,gurgaon,12.090000000000002
450.39,4.0,6.0,3.0,1.0,sector 112,8.0,1.0,0.0,0.0,0.0,0.0,1.0,0.0,1.0,1.0,1.0,0.0,1.0,0.0,0.0,0.0,0.0,0.0,0.0,0.0,super built up,high,new,experion windchants,gurgaon,7.279999999999999
269.42,3.0,4.0,3.0,1.0,sector 53,15.0,0.0,0.0,0.0,1.0,0.0,1.0,0.0,1.0,1.0,0.0,1.0,0.0,0.0,0.0,0.0,0.0,1.0,0.0,0.0,carpet,mid,old,parsvnath exotica,gurgaon,6.5
115.66,2.0,2.0,2.0,1.0,sector 83,10.0,0.0,0.0,0.0,1.0,0.0,0.0,0.0,1.0,1.0,0.0,1.0,1.0,0.0,0.0,0.0,0.0,0.0,0.0,0.0,super built up,high,new,vatika gurgaon 21,gurgaon,1.079
263.38,4.0,4.0,3.0,0.0,sector 99,11.0,1.0,0.0,0.0,0.0,0.0,1.0,0.0,1.0,1.0,0.0,1.0,1.0,0.0,1.0,0.0,0.0,0.0,0.0,0.0,built up,low,under construction,assotech blith,gurgaon,2.47
124.21,3.0,3.0,1.0,1.0,sector 69,42.0,1.0,0.0,0.0,0.0,1.0,1.0,1.0,0.0,0.0,0.0,0.0,0.0,0.0,0.0,1.0,0.0,1.0,0.0,0.0,super built up,high,under construction,unitech sunbreeze,gurgaon,0.962
115.66,2.0,2.0,3.0,0.0,sector 68,15.0,1.0,0.0,0.0,1.0,0.0,1.0,0.0,1.0,1.0,0.0,1.0,1.0,0.0,1.0,0.0,0.0,1.0,0.0,0.0,super built up,high,new,pareena mi casa,gurgaon,1.495
117.06,2.0,2.0,2.0,0.0,sector 65,11.0,1.0,0.0,0.0,1.0,0.0,1.0,0.0,1.0,1.0,0.0,1.0,1.0,0.0,1.0,0.0,0.0,0.0,0.0,0.0,super built up,high,mid aged,m3m heights,gurgaon,2.587
112.41,3.0,2.0,3.0,0.0,sector 33,8.0,1.0,0.0,0.0,0.0,0.0,0.0,0.0,1.0,1.0,1.0,1.0,0.0,0.0,0.0,0.0,0.0,0.0,0.0,0.0,built up,mid,under construction,signature global park,sohna,1.131
106.84,2.0,2.0,1.0,1.0,sector 61,9.0,1.0,0.0,0.0,1.0,0.0,0.0,0.0,1.0,1.0,1.0,1.0,0.0,0.0,0.0,0.0,0.0,0.0,0.0,0.0,super built up,low,mid aged,smart world orchard,gurgaon,2.015
316.8,4.0,4.0,3.0,1.0,sector 67,11.0,1.0,0.0,0.0,1.0,0.0,1.0,0.0,1.0,1.0,0.0,0.0,0.0,0.0,1.0,0.0,0.0,0.0,0.0,0.0,super built up,high,new,ireo victory valley,gurgaon,6.175
125.42,3.0,3.0,1.0,1.0,sector 37,12.0,1.0,0.0,0.0,0.0,0.0,1.0,0.0,1.0,0.0,0.0,0.0,1.0,0.0,0.0,1.0,0.0,0.0,0.0,0.0,carpet,low,mid aged,signature global city 37d ph 2,gurgaon,1.4300000000000002
281.03,3.0,4.0,3.0,1.0,sector 59,15.0,1.0,0.0,0.0,1.0,0.0,1.0,1.0,1.0,1.0,0.0,1.0,0.0,0.0,0.0,0.0,0.0,1.0,0.0,0.0,carpet,high,new,mahindra luminare,gurgaon,7.54
117.43,2.0,2.0,3.0,0.0,sector 33,7.0,1.0,0.0,0.0,0.0,0.0,0.0,0.0,1.0,0.0,0.0,0.0,1.0,0.0,0.0,0.0,0.0,0.0,0.0,0.0,super built up,high,new,eldeco accolade,sohna,1.105
120.59,3.0,2.0,2.0,0.0,sector 92,11.0,0.0,0.0,0.0,0.0,0.0,0.0,0.0,1.0,1.0,0.0,1.0,1.0,0.0,0.0,0.0,0.0,0.0,0.0,0.0,super built up,high,new,sare green parc phase 3,gurgaon,1.027
297.29,5.0,4.0,3.0,1.0,sector 39,47.0,1.0,0.0,0.0,0.0,0.0,0.0,1.0,0.0,0.0,0.0,0.0,0.0,0.0,0.0,0.0,1.0,0.0,0.0,0.0,carpet,high,old,kw royal court,gurgaon,2.6
195.1,3.0,4.0,3.0,1.0,sector 81,9.0,1.0,0.0,0.0,0.0,0.0,0.0,0.0,1.0,1.0,0.0,1.0,0.0,0.0,0.0,0.0,0.0,0.0,0.0,0.0,super built up,high,new,dlf the ultima,gurgaon,2.99
159.79,3.0,3.0,3.0,1.0,sector 83,10.0,0.0,0.0,0.0,1.0,0.0,0.0,0.0,0.0,0.0,0.0,0.0,0.0,0.0,0.0,0.0,0.0,0.0,0.0,0.0,super built up,mid,new,emaar palm gardens,gurgaon,2.015
135.36,2.0,2.0,3.0,1.0,sector 33,7.0,1.0,0.0,0.0,0.0,0.0,0.0,0.0,1.0,0.0,0.0,0.0,1.0,0.0,0.0,0.0,0.0,0.0,0.0,0.0,super built up,high,new,eldeco accolade,sohna,1.131
188.13,3.0,3.0,3.0,1.0,sector 77,5.0,0.0,0.0,0.0,0.0,0.0,0.0,0.0,1.0,0.0,0.0,0.0,0.0,0.0,0.0,0.0,0.0,0.0,0.0,0.0,super built up,low,new,emaar palm heights,gurgaon,2.327
323.49,4.0,4.0,3.0,0.0,sector 85,13.0,1.0,0.0,0.0,1.0,0.0,1.0,0.0,1.0,1.0,0.0,0.0,1.0,0.0,1.0,0.0,0.0,0.0,1.0,0.0,super built up,high,new,ss the leaf,gurgaon,3.51
111.48,2.0,2.0,3.0,0.0,sector 54,45.0,1.0,0.0,0.0,0.0,1.0,1.0,1.0,1.0,0.0,0.0,0.0,0.0,0.0,0.0,1.0,0.0,1.0,0.0,1.0,built up,mid,under construction,jmd empire,gurgaon,1.95
182.09,3.0,3.0,3.0,1.0,sector 49,14.0,1.0,0.0,0.0,0.0,0.0,1.0,1.0,0.0,0.0,0.0,0.0,0.0,0.0,0.0,0.0,0.0,0.0,0.0,0.0,carpet,low,old,vatika city,gurgaon,2.197
178.65,3.0,4.0,3.0,1.0,sector 84,10.0,1.0,0.0,0.0,1.0,1.0,1.0,1.0,1.0,0.0,0.0,0.0,0.0,0.0,0.0,0.0,0.0,0.0,0.0,0.0,super built up,high,new,alpha corp gurgaonone 84,gurgaon,1.976
32.7,1.0,1.0,1.0,0.0,sector 36,6.0,1.0,0.0,0.0,0.0,0.0,0.0,0.0,0.0,0.0,0.0,0.0,0.0,1.0,0.0,0.0,0.0,0.0,0.0,0.0,super built up,low,new,avl 36 gurgaon,gurgaon,0.481
315.87,3.0,3.0,3.0,0.0,sector 63,13.0,1.0,0.0,0.0,1.0,0.0,1.0,0.0,1.0,1.0,0.0,1.0,0.0,0.0,1.0,0.0,0.0,1.0,0.0,0.0,super built up,low,new,adani brahma samsara vilasa,gurgaon,4.42
163.51,3.0,4.0,3.0,1.0,sector 28,48.0,1.0,0.0,0.0,0.0,1.0,1.0,1.0,0.0,0.0,0.0,1.0,0.0,0.0,0.0,1.0,0.0,0.0,0.0,1.0,carpet,low,old,essel tower,gurgaon,2.8600000000000003
260.96,4.0,5.0,3.0,1.0,sector 60,7.0,1.0,0.0,0.0,0.0,0.0,1.0,0.0,1.0,1.0,0.0,1.0,0.0,0.0,0.0,0.0,0.0,0.0,0.0,0.0,super built up,high,new,ireo skyon,gurgaon,4.680000000000001
152.36,2.0,2.0,3.0,0.0,sector 85,13.0,1.0,0.0,0.0,1.0,0.0,1.0,0.0,1.0,1.0,0.0,0.0,1.0,0.0,1.0,0.0,0.0,0.0,1.0,0.0,super built up,mid,new,ss the leaf,gurgaon,1.4170000000000005
189.34,3.0,3.0,2.0,1.0,sector 74,7.0,1.0,0.0,0.0,1.0,0.0,1.0,0.0,1.0,1.0,0.0,0.0,1.0,0.0,0.0,0.0,0.0,0.0,0.0,0.0,super built up,high,new,m3m skywalk,gurgaon,2.9250000000000003
86.4,2.0,2.0,0.0,0.0,sector 56,22.0,1.0,0.0,0.0,0.0,1.0,1.0,1.0,1.0,0.0,0.0,0.0,0.0,0.0,0.0,1.0,0.0,0.0,0.0,1.0,built up,high,under construction,ansal valley view estate,gurgaon,0.78
205.97,3.0,3.0,3.0,1.0,sector 113,8.0,1.0,0.0,0.0,1.0,0.0,0.0,0.0,1.0,0.0,0.0,0.0,1.0,0.0,0.0,0.0,0.0,0.0,0.0,0.0,super built up,high,new,la vida by tata housing,gurgaon,3.705
185.53,3.0,5.0,3.0,1.0,sector 99,15.0,1.0,0.0,0.0,1.0,1.0,1.0,1.0,1.0,1.0,0.0,0.0,0.0,0.0,1.0,0.0,0.0,0.0,0.0,0.0,super built up,high,new,pareena coban residences,gurgaon,1.885
241.55,3.0,4.0,3.0,1.0,sector 1,11.0,1.0,0.0,0.0,0.0,0.0,0.0,0.0,0.0,0.0,0.0,0.0,0.0,1.0,0.0,0.0,0.0,0.0,0.0,1.0,super built up,mid,old,imt view society,manesar,1.235
213.68,5.0,5.0,2.0,1.0,sector 14,50.0,1.0,0.0,0.0,0.0,1.0,0.0,1.0,1.0,0.0,0.0,0.0,0.0,1.0,0.0,1.0,0.0,0.0,0.0,1.0,carpet,low,old,vasant apartment,gurgaon,2.275
163.51,3.0,4.0,3.0,1.0,sector 106,11.0,1.0,0.0,0.0,1.0,0.0,1.0,0.0,1.0,1.0,0.0,1.0,1.0,0.0,1.0,0.0,0.0,0.0,0.0,0.0,super built up,high,new,paras dews,gurgaon,1.469
274.06,4.0,5.0,3.0,1.0,sector 111,10.0,1.0,0.0,0.0,1.0,0.0,0.0,0.0,1.0,1.0,0.0,1.0,1.0,0.0,0.0,0.0,0.0,0.0,0.0,0.0,super built up,high,new,puri diplomatic greens,gurgaon,4.485
151.25,3.0,3.0,2.0,0.0,sector 76,11.0,1.0,0.0,0.0,0.0,0.0,1.0,0.0,1.0,1.0,0.0,1.0,0.0,0.0,0.0,0.0,0.0,0.0,0.0,0.0,built up,low,under construction,whiteland blissville,gurgaon,2.496
31.59,1.0,1.0,1.0,0.0,sector 95,3.0,1.0,0.0,0.0,0.0,0.0,0.0,0.0,0.0,0.0,0.0,0.0,0.0,0.0,0.0,0.0,0.0,0.0,0.0,0.0,super built up,low,new,ramsons kshitij,gurgaon,0.286
382.3,5.0,5.0,3.0,1.0,sector 49,13.0,1.0,0.0,0.0,1.0,0.0,0.0,1.0,1.0,0.0,0.0,0.0,0.0,0.0,1.0,1.0,0.0,0.0,0.0,0.0,super built up,high,old,orchid petals,gurgaon,5.876
152.36,2.0,2.0,2.0,0.0,sector 85,13.0,1.0,0.0,0.0,1.0,0.0,1.0,0.0,1.0,1.0,0.0,0.0,1.0,0.0,1.0,0.0,0.0,0.0,1.0,0.0,super built up,high,new,ss the leaf,gurgaon,1.6900000000000002
297.1,4.0,5.0,3.0,1.0,sector 102,11.0,1.0,0.0,0.0,1.0,0.0,1.0,0.0,1.0,1.0,0.0,0.0,1.0,0.0,1.0,0.0,0.0,0.0,0.0,0.0,super built up,high,new,adani m2k oyster grande,gurgaon,3.25
142.88,3.0,3.0,1.0,0.0,sector 69,10.0,1.0,0.0,0.0,1.0,0.0,1.0,0.0,1.0,1.0,0.0,0.0,0.0,0.0,1.0,0.0,0.0,0.0,0.0,0.0,super built up,high,new,tulip violet,gurgaon,1.82
54.91,2.0,2.0,1.0,1.0,sector 92,4.0,1.0,0.0,0.0,0.0,0.0,0.0,0.0,1.0,0.0,0.0,0.0,0.0,0.0,1.0,0.0,0.0,0.0,0.0,0.0,carpet,mid,new,gls avenue 51,gurgaon,0.546
66.89,2.0,2.0,1.0,1.0,sector 8,50.0,1.0,0.0,0.0,0.0,0.0,0.0,1.0,1.0,0.0,0.0,0.0,0.0,0.0,0.0,1.0,0.0,0.0,0.0,0.0,carpet,mid,new,511 sarahah tower,gurgaon,0.78
185.81,4.0,3.0,3.0,1.0,sector 56,46.0,1.0,0.0,0.0,0.0,1.0,1.0,1.0,0.0,0.0,0.0,1.0,0.0,1.0,0.0,1.0,1.0,0.0,0.0,1.0,super built up,low,old,madhur jeevan apartments,gurgaon,2.067
116.13,3.0,3.0,3.0,0.0,sector 37,10.0,1.0,0.0,0.0,1.0,0.0,1.0,0.0,1.0,1.0,0.0,0.0,1.0,0.0,1.0,0.0,0.0,0.0,0.0,0.0,built up,mid,mid aged,signature global city,gurgaon,1.3
155.24,2.0,2.0,2.0,0.0,sector 85,13.0,1.0,0.0,0.0,1.0,0.0,1.0,0.0,1.0,1.0,0.0,0.0,1.0,0.0,1.0,0.0,0.0,0.0,1.0,0.0,super built up,high,new,ss the leaf,gurgaon,1.378
219.07,3.0,4.0,3.0,1.0,sector 67,10.0,1.0,0.0,0.0,1.0,0.0,1.0,0.0,1.0,1.0,0.0,0.0,0.0,0.0,1.0,0.0,0.0,1.0,0.0,0.0,super built up,high,new,m3m merlin,gurgaon,4.42
88.26,2.0,2.0,2.0,0.0,sector 33,10.0,1.0,0.0,0.0,1.0,0.0,1.0,0.0,1.0,1.0,0.0,0.0,0.0,0.0,1.0,0.0,0.0,1.0,0.0,0.0,super built up,mid,new,breez global heights,sohna,0.5980000000000001
194.63,3.0,4.0,3.0,1.0,sector 109,15.0,0.0,0.0,0.0,0.0,1.0,0.0,1.0,1.0,1.0,0.0,0.0,0.0,1.0,0.0,1.0,0.0,1.0,1.0,0.0,super built up,high,new,ats kocoon,gurgaon,2.886000000000001
152.83,3.0,4.0,3.0,1.0,sector 85,8.0,1.0,0.0,0.0,1.0,0.0,1.0,0.0,1.0,0.0,0.0,0.0,0.0,0.0,0.0,0.0,0.0,0.0,0.0,0.0,super built up,mid,new,orris carnation residency,gurgaon,1.04
55.93,2.0,2.0,1.0,1.0,sector 107,10.0,0.0,0.0,0.0,1.0,0.0,0.0,0.0,1.0,0.0,0.0,0.0,1.0,0.0,0.0,0.0,0.0,0.0,0.0,0.0,super built up,mid,new,signature global solera,gurgaon,0.4679999999999999
319.03,4.0,4.0,3.0,1.0,sector 84,10.0,1.0,0.0,0.0,1.0,1.0,1.0,1.0,1.0,0.0,0.0,0.0,0.0,0.0,0.0,0.0,0.0,0.0,0.0,0.0,super built up,high,new,alpha corp gurgaonone 84,gurgaon,2.8600000000000003
132.85,3.0,3.0,2.0,0.0,sector 54,14.0,1.0,0.0,0.0,1.0,0.0,0.0,1.0,1.0,1.0,0.0,0.0,0.0,0.0,0.0,0.0,0.0,0.0,0.0,0.0,super built up,high,old,dlf wellington estate,gurgaon,2.717
