area_sqm,bedroom,bathroom,balcony,addl_room,sector,landmark_count,has_hospital_or_clinic,has_police_stn,has_fire_stn,has_mall,has_market,has_park,has_bank_or_atm,has_institute,has_airport,has_rly_stn,has_metro_stn,has_expy,has_petrol_pump,has_hotel,has_temple_or_church,has_famous_chowk,has_club,has_stadium,has_restro_cafe,fan,light,wardrobe,ac,bed,chimney,curtains,dining table,exhaust fan,geyser,modular kitchen,microwave,fridge,sofa,stove,tv,washing machine,water purifier,area_type,floor_rise,age,society,city,price_cr
83.61,2.0,2.0,1.0,0.0,sector 7,50.0,1.0,0.0,0.0,0.0,0.0,0.0,1.0,1.0,0.0,0.0,0.0,0.0,0.0,0.0,1.0,0.0,0.0,0.0,1.0,6.0,10.0,4.0,6.0,0.0,1.0,0.0,0.0,1.0,5.0,1.0,1.0,1.0,0.0,1.0,0.0,1.0,0.0,carpet,mid,new,maa bhagwati residency,gurgaon,0.45
60.39,2.0,2.0,1.0,0.0,sector 3,48.0,1.0,0.0,0.0,0.0,0.0,0.0,1.0,0.0,0.0,0.0,0.0,0.0,0.0,0.0,1.0,0.0,0.0,0.0,0.0,6.0,10.0,4.0,6.0,0.0,1.0,0.0,0.0,1.0,5.0,1.0,1.0,1.0,0.0,1.0,0.0,1.0,0.0,carpet,low,old,apna enclave,gurgaon,0.5
55.28,2.0,2.0,3.0,0.0,sector 33,6.0,0.0,0.0,0.0,0.0,0.0,0.0,0.0,0.0,1.0,0.0,1.0,0.0,0.0,0.0,0.0,1.0,0.0,0.0,0.0,6.0,10.0,4.0,6.0,0.0,1.0,0.0,0.0,1.0,5.0,1.0,1.0,1.0,0.0,1.0,0.0,1.0,0.0,carpet,high,new,tulsiani easy in homes,sohna,0.4
111.48,2.0,2.0,2.0,1.0,sector 61,9.0,1.0,0.0,0.0,1.0,0.0,0.0,0.0,1.0,1.0,1.0,1.0,0.0,0.0,0.0,0.0,0.0,0.0,0.0,0.0,6.0,10.0,4.0,6.0,0.0,1.0,0.0,0.0,1.0,5.0,1.0,1.0,1.0,0.0,1.0,0.0,1.0,0.0,carpet,low,mid aged,smart world orchard,gurgaon,1.47
124.95,2.0,2.0,3.0,1.0,sector 92,11.0,1.0,0.0,0.0,0.0,0.0,0.0,0.0,0.0,0.0,0.0,0.0,0.0,1.0,0.0,0.0,0.0,0.0,0.0,1.0,6.0,10.0,4.0,6.0,0.0,1.0,0.0,0.0,1.0,5.0,1.0,1.0,1.0,0.0,1.0,0.0,1.0,0.0,super built up,mid,under construction,parkwood westend,gurgaon,0.7
139.35,3.0,3.0,3.0,0.0,sector 102,7.0,1.0,0.0,0.0,0.0,0.0,0.0,0.0,0.0,0.0,1.0,0.0,0.0,0.0,0.0,0.0,0.0,0.0,0.0,0.0,6.0,10.0,4.0,6.0,0.0,1.0,0.0,0.0,1.0,5.0,1.0,1.0,1.0,0.0,1.0,0.0,1.0,0.0,super built up,mid,new,the cocoon,gurgaon,2.0
212.75,3.0,4.0,3.0,0.0,sector 104,13.0,1.0,0.0,0.0,1.0,0.0,1.0,0.0,1.0,1.0,0.0,1.0,1.0,0.0,1.0,0.0,1.0,0.0,0.0,0.0,6.0,10.0,4.0,6.0,0.0,1.0,0.0,0.0,1.0,5.0,1.0,1.0,1.0,0.0,1.0,0.0,1.0,0.0,carpet,high,new,ats triumph,gurgaon,1.8
125.42,2.0,4.0,3.0,1.0,sector 88,7.0,1.0,0.0,0.0,0.0,0.0,0.0,0.0,1.0,0.0,0.0,0.0,1.0,0.0,0.0,0.0,0.0,0.0,0.0,0.0,6.0,10.0,4.0,6.0,0.0,1.0,0.0,0.0,1.0,5.0,1.0,1.0,1.0,0.0,1.0,0.0,1.0,0.0,built up,low,under construction,vatika xpressions,gurgaon,1.1
261.34,3.0,3.0,2.0,1.0,sector 78,10.0,0.0,0.0,0.0,1.0,0.0,1.0,0.0,1.0,1.0,0.0,0.0,0.0,0.0,0.0,0.0,0.0,0.0,0.0,0.0,6.0,10.0,4.0,6.0,0.0,1.0,0.0,0.0,1.0,5.0,1.0,1.0,1.0,0.0,1.0,0.0,1.0,0.0,built up,high,mid aged,raheja revanta,gurgaon,4.75
99.87,2.0,2.0,2.0,0.0,sector 81,6.0,0.0,0.0,0.0,1.0,0.0,0.0,0.0,1.0,0.0,0.0,0.0,1.0,0.0,0.0,0.0,0.0,0.0,0.0,0.0,6.0,10.0,4.0,6.0,0.0,1.0,0.0,0.0,1.0,5.0,1.0,1.0,1.0,0.0,1.0,0.0,1.0,0.0,carpet,low,mid aged,signature global city 81,gurgaon,0.96
48.22,2.0,2.0,1.0,0.0,sector 33,5.0,0.0,0.0,0.0,0.0,0.0,0.0,0.0,0.0,0.0,0.0,0.0,0.0,0.0,0.0,0.0,0.0,0.0,0.0,1.0,6.0,10.0,4.0,6.0,0.0,1.0,0.0,0.0,1.0,5.0,1.0,1.0,1.0,0.0,1.0,0.0,1.0,0.0,carpet,mid,new,hcbs sports ville,sohna,0.29
180.7,3.0,3.0,3.0,0.0,sector 79,3.0,0.0,0.0,0.0,0.0,0.0,0.0,0.0,0.0,0.0,0.0,0.0,0.0,1.0,0.0,0.0,0.0,0.0,0.0,1.0,6.0,10.0,4.0,6.0,0.0,1.0,0.0,0.0,1.0,5.0,1.0,1.0,1.0,0.0,1.0,0.0,1.0,0.0,carpet,mid,new,supertech araville,gurgaon,1.35
120.77,2.0,2.0,3.0,1.0,sector 90,10.0,1.0,0.0,0.0,1.0,0.0,1.0,0.0,1.0,1.0,0.0,0.0,1.0,0.0,1.0,0.0,0.0,0.0,0.0,0.0,6.0,10.0,4.0,6.0,0.0,1.0,0.0,0.0,1.0,5.0,1.0,1.0,1.0,0.0,1.0,0.0,1.0,0.0,super built up,high,new,shree vardhman flora,gurgaon,0.7
217.67,4.0,5.0,3.0,0.0,sector 108,13.0,1.0,0.0,0.0,0.0,0.0,1.0,0.0,1.0,1.0,0.0,0.0,1.0,0.0,0.0,0.0,0.0,0.0,1.0,0.0,6.0,10.0,4.0,6.0,0.0,1.0,0.0,0.0,1.0,5.0,1.0,1.0,1.0,0.0,1.0,0.0,1.0,0.0,built up,high,under construction,sobha city,gurgaon,3.95
59.37,1.0,1.0,0.0,0.0,sector 62,43.0,1.0,0.0,0.0,0.0,1.0,1.0,1.0,1.0,0.0,0.0,0.0,0.0,0.0,0.0,1.0,0.0,1.0,0.0,1.0,6.0,10.0,4.0,6.0,0.0,1.0,0.0,0.0,1.0,5.0,1.0,1.0,1.0,0.0,1.0,0.0,1.0,0.0,built up,low,under construction,senate court,gurgaon,0.9
85.01,2.0,2.0,2.0,0.0,sector 102,13.0,1.0,0.0,0.0,1.0,1.0,0.0,0.0,1.0,1.0,0.0,0.0,1.0,0.0,1.0,0.0,0.0,1.0,0.0,0.0,6.0,10.0,4.0,6.0,0.0,1.0,0.0,0.0,1.0,5.0,1.0,1.0,1.0,0.0,1.0,0.0,1.0,0.0,carpet,high,mid aged,shapoorji pallonji joyville gurugram,gurgaon,1.05
195.1,3.0,3.0,3.0,1.0,sector 33,11.0,1.0,0.0,0.0,1.0,0.0,0.0,0.0,1.0,1.0,1.0,0.0,0.0,0.0,1.0,0.0,0.0,0.0,1.0,0.0,6.0,10.0,4.0,6.0,0.0,1.0,0.0,0.0,1.0,5.0,1.0,1.0,1.0,0.0,1.0,0.0,1.0,0.0,super built up,high,new,central park flower valley,sohna,2.2
102.47,2.0,2.0,2.0,1.0,sector 89,14.0,1.0,0.0,0.0,1.0,0.0,1.0,0.0,1.0,0.0,1.0,1.0,1.0,0.0,1.0,0.0,0.0,0.0,0.0,0.0,6.0,10.0,4.0,6.0,0.0,1.0,0.0,0.0,1.0,5.0,1.0,1.0,1.0,0.0,1.0,0.0,1.0,0.0,carpet,mid,new,smart world gems,gurgaon,1.01
199.74,3.0,4.0,3.0,1.0,sector 79,10.0,1.0,0.0,0.0,1.0,0.0,0.0,0.0,1.0,1.0,0.0,0.0,0.0,0.0,0.0,0.0,0.0,0.0,0.0,0.0,6.0,10.0,4.0,6.0,0.0,1.0,0.0,0.0,1.0,5.0,1.0,1.0,1.0,0.0,1.0,0.0,1.0,0.0,super built up,high,new,bestech altura,gurgaon,1.85
102.47,2.0,3.0,3.0,0.0,sector 89,14.0,1.0,0.0,0.0,1.0,0.0,1.0,0.0,1.0,0.0,1.0,1.0,1.0,0.0,1.0,0.0,0.0,0.0,0.0,0.0,6.0,10.0,4.0,6.0,0.0,1.0,0.0,0.0,1.0,5.0,1.0,1.0,1.0,0.0,1.0,0.0,1.0,0.0,super built up,mid,mid aged,smart world gems,gurgaon,0.86
188.13,3.0,3.0,3.0,1.0,sector 102,10.0,1.0,0.0,0.0,1.0,0.0,0.0,0.0,1.0,1.0,1.0,0.0,1.0,0.0,1.0,0.0,0.0,0.0,1.0,0.0,6.0,10.0,4.0,6.0,0.0,1.0,0.0,0.0,1.0,5.0,1.0,1.0,1.0,0.0,1.0,0.0,1.0,0.0,carpet,high,new,emaar imperial gardens,gurgaon,1.85
205.97,3.0,3.0,3.0,1.0,sector 113,8.0,1.0,0.0,0.0,1.0,0.0,0.0,0.0,1.0,0.0,0.0,0.0,1.0,0.0,0.0,0.0,0.0,0.0,0.0,0.0,6.0,10.0,4.0,6.0,0.0,1.0,0.0,0.0,1.0,5.0,1.0,1.0,1.0,0.0,1.0,0.0,1.0,0.0,super built up,high,new,la vida by tata housing,gurgaon,2.85
311.69,3.0,4.0,2.0,0.0,sector 65,9.0,1.0,0.0,0.0,1.0,0.0,1.0,0.0,1.0,1.0,0.0,1.0,0.0,0.0,1.0,0.0,1.0,0.0,0.0,0.0,6.0,10.0,4.0,6.0,0.0,1.0,0.0,0.0,1.0,5.0,1.0,1.0,1.0,0.0,1.0,0.0,1.0,0.0,built up,high,under construction,m3m golfestate,gurgaon,6.15
267.56,3.0,5.0,3.0,1.0,sector 48,15.0,1.0,0.0,0.0,1.0,0.0,1.0,0.0,1.0,0.0,0.0,0.0,0.0,0.0,0.0,0.0,0.0,0.0,0.0,0.0,6.0,10.0,4.0,6.0,0.0,1.0,0.0,0.0,1.0,5.0,1.0,1.0,1.0,0.0,1.0,0.0,1.0,0.0,carpet,mid,old,central park resort belgravia residences,gurgaon,6.25
69.68,2.0,2.0,2.0,0.0,sector 37,32.0,1.0,0.0,0.0,0.0,0.0,0.0,0.0,0.0,0.0,1.0,0.0,0.0,0.0,0.0,0.0,0.0,0.0,0.0,0.0,6.0,10.0,4.0,6.0,0.0,1.0,0.0,0.0,1.0,5.0,1.0,1.0,1.0,0.0,1.0,0.0,1.0,0.0,carpet,mid,new,apex builders,gurgaon,0.42
98.11,2.0,2.0,0.0,0.0,sector 3,48.0,1.0,0.0,0.0,0.0,0.0,0.0,1.0,0.0,0.0,0.0,0.0,0.0,0.0,0.0,1.0,0.0,0.0,0.0,0.0,6.0,10.0,4.0,6.0,0.0,1.0,0.0,0.0,1.0,5.0,1.0,1.0,1.0,0.0,1.0,0.0,1.0,0.0,built up,mid,under construction,godrej habitat,gurgaon,1.35
55.18,2.0,2.0,2.0,0.0,sector 110,16.0,1.0,0.0,0.0,0.0,0.0,0.0,0.0,1.0,0.0,0.0,1.0,0.0,0.0,0.0,1.0,0.0,0.0,0.0,0.0,6.0,10.0,4.0,6.0,0.0,1.0,0.0,0.0,1.0,5.0,1.0,1.0,1.0,0.0,1.0,0.0,1.0,0.0,carpet,low,new,ompee k s residency,gurgaon,1.6
297.29,4.0,4.0,3.0,1.0,sector 43,44.0,1.0,0.0,0.0,0.0,1.0,0.0,1.0,1.0,0.0,0.0,1.0,0.0,1.0,0.0,1.0,0.0,0.0,0.0,1.0,6.0,10.0,4.0,6.0,0.0,1.0,0.0,0.0,1.0,5.0,1.0,1.0,1.0,0.0,1.0,0.0,1.0,0.0,super built up,high,old,bhawna cghs,gurgaon,3.25
58.11,2.0,2.0,1.0,0.0,sector 88,6.0,1.0,0.0,0.0,1.0,0.0,0.0,0.0,1.0,1.0,0.0,0.0,0.0,0.0,0.0,0.0,0.0,0.0,0.0,0.0,6.0,10.0,4.0,6.0,0.0,1.0,0.0,0.0,1.0,5.0,1.0,1.0,1.0,0.0,1.0,0.0,1.0,0.0,carpet,high,new,adani aangan arcade,gurgaon,0.45
120.77,3.0,2.0,2.0,0.0,sector 92,49.0,1.0,0.0,0.0,0.0,1.0,1.0,1.0,1.0,0.0,0.0,1.0,0.0,0.0,0.0,0.0,1.0,0.0,0.0,1.0,6.0,10.0,4.0,6.0,0.0,1.0,0.0,0.0,1.0,5.0,1.0,1.0,1.0,0.0,1.0,0.0,1.0,0.0,built up,high,under construction,sare green parc,gurgaon,0.85
120.77,2.0,2.0,3.0,0.0,sector 90,10.0,1.0,0.0,0.0,1.0,0.0,1.0,0.0,1.0,1.0,0.0,0.0,1.0,0.0,1.0,0.0,0.0,0.0,0.0,0.0,6.0,10.0,4.0,6.0,0.0,1.0,0.0,0.0,1.0,5.0,1.0,1.0,1.0,0.0,1.0,0.0,1.0,0.0,carpet,high,under construction,shree vardhman flora,gurgaon,0.75
109.63,2.0,2.0,3.0,1.0,sector 68,24.0,1.0,0.0,0.0,0.0,0.0,1.0,1.0,0.0,0.0,0.0,0.0,0.0,0.0,0.0,1.0,0.0,0.0,0.0,0.0,6.0,10.0,4.0,6.0,0.0,1.0,0.0,0.0,1.0,5.0,1.0,1.0,1.0,0.0,1.0,0.0,1.0,0.0,super built up,high,under construction,supertech hues,gurgaon,0.82
188.59,3.0,3.0,2.0,1.0,sector 109,8.0,1.0,0.0,0.0,0.0,0.0,1.0,0.0,1.0,1.0,0.0,0.0,0.0,0.0,1.0,0.0,0.0,0.0,0.0,0.0,6.0,10.0,4.0,6.0,0.0,1.0,0.0,0.0,1.0,5.0,1.0,1.0,1.0,0.0,1.0,0.0,1.0,0.0,super built up,high,old,chintels paradiso,gurgaon,1.8
60.85,2.0,2.0,2.0,0.0,sector 33,14.0,1.0,0.0,0.0,0.0,0.0,1.0,1.0,1.0,0.0,1.0,0.0,0.0,0.0,1.0,0.0,0.0,1.0,0.0,0.0,6.0,10.0,4.0,6.0,0.0,1.0,0.0,0.0,1.0,5.0,1.0,1.0,1.0,0.0,1.0,0.0,1.0,0.0,super built up,mid,new,breez global hill view,sohna,0.3
126.81,2.0,2.0,3.0,0.0,sector 37,9.0,1.0,0.0,0.0,1.0,0.0,1.0,0.0,1.0,1.0,1.0,0.0,1.0,0.0,0.0,0.0,0.0,0.0,0.0,0.0,6.0,10.0,4.0,6.0,0.0,1.0,0.0,0.0,1.0,5.0,1.0,1.0,1.0,0.0,1.0,0.0,1.0,0.0,super built up,low,old,ild greens,gurgaon,0.78
122.63,3.0,3.0,2.0,1.0,sector 43,45.0,1.0,0.0,0.0,0.0,1.0,0.0,1.0,1.0,0.0,0.0,1.0,0.0,1.0,0.0,1.0,0.0,0.0,0.0,1.0,6.0,10.0,4.0,6.0,0.0,1.0,0.0,0.0,1.0,5.0,1.0,1.0,1.0,0.0,1.0,0.0,1.0,0.0,carpet,low,old,ansal sushant lok ci,gurgaon,2.0
112.41,2.0,2.0,3.0,0.0,sector 33,6.0,1.0,0.0,0.0,0.0,0.0,0.0,0.0,1.0,1.0,0.0,0.0,0.0,0.0,0.0,0.0,0.0,0.0,0.0,0.0,6.0,10.0,4.0,6.0,0.0,1.0,0.0,0.0,1.0,5.0,1.0,1.0,1.0,0.0,1.0,0.0,1.0,0.0,carpet,high,new,ashiana mulberry,sohna,0.74
185.99,3.0,3.0,3.0,1.0,sector 106,9.0,1.0,0.0,0.0,1.0,0.0,1.0,0.0,1.0,0.0,1.0,1.0,1.0,0.0,0.0,0.0,0.0,0.0,0.0,0.0,6.0,10.0,4.0,6.0,0.0,1.0,0.0,0.0,1.0,5.0,1.0,1.0,1.0,0.0,1.0,0.0,1.0,0.0,carpet,mid,new,godrej meridien,gurgaon,3.2
182.09,4.0,4.0,3.0,1.0,sector 82,11.0,0.0,0.0,0.0,1.0,0.0,1.0,0.0,1.0,1.0,0.0,0.0,0.0,0.0,1.0,0.0,0.0,0.0,0.0,0.0,6.0,10.0,4.0,6.0,0.0,1.0,0.0,0.0,1.0,5.0,1.0,1.0,1.0,0.0,1.0,0.0,1.0,0.0,super built up,low,new,mapsko casa bella,gurgaon,1.3
65.03,2.0,2.0,2.0,0.0,sector 3,46.0,1.0,0.0,0.0,0.0,0.0,0.0,1.0,1.0,0.0,1.0,0.0,0.0,0.0,0.0,1.0,0.0,0.0,0.0,1.0,6.0,10.0,4.0,6.0,0.0,1.0,0.0,0.0,1.0,5.0,1.0,1.0,1.0,0.0,1.0,0.0,1.0,0.0,carpet,low,new,pooja apartment,gurgaon,0.25
112.48,3.0,2.0,3.0,0.0,sector 33,8.0,1.0,0.0,0.0,0.0,0.0,0.0,0.0,1.0,1.0,1.0,1.0,0.0,0.0,0.0,0.0,0.0,0.0,0.0,0.0,6.0,10.0,4.0,6.0,0.0,1.0,0.0,0.0,1.0,5.0,1.0,1.0,1.0,0.0,1.0,0.0,1.0,0.0,built up,low,new,signature global park,sohna,0.95
253.35,4.0,4.0,3.0,1.0,sector 90,6.0,1.0,0.0,0.0,0.0,0.0,0.0,0.0,1.0,1.0,0.0,0.0,0.0,0.0,1.0,0.0,0.0,0.0,0.0,0.0,6.0,10.0,4.0,6.0,0.0,1.0,0.0,0.0,1.0,5.0,1.0,1.0,1.0,0.0,1.0,0.0,1.0,0.0,carpet,high,new,dlf new town heights 1,gurgaon,1.99
128.67,2.0,2.0,2.0,0.0,sector 106,11.0,1.0,0.0,0.0,1.0,0.0,1.0,0.0,1.0,1.0,0.0,1.0,1.0,0.0,1.0,0.0,0.0,0.0,0.0,0.0,6.0,10.0,4.0,6.0,0.0,1.0,0.0,0.0,1.0,5.0,1.0,1.0,1.0,0.0,1.0,0.0,1.0,0.0,carpet,mid,new,paras dews,gurgaon,1.05
169.92,3.0,3.0,3.0,0.0,sector 85,8.0,1.0,0.0,0.0,1.0,0.0,0.0,0.0,1.0,1.0,0.0,0.0,1.0,0.0,0.0,0.0,0.0,0.0,0.0,0.0,6.0,10.0,4.0,6.0,0.0,1.0,0.0,0.0,1.0,5.0,1.0,1.0,1.0,0.0,1.0,0.0,1.0,0.0,carpet,high,mid aged,godrej air,gurgaon,1.83
195.1,3.0,3.0,3.0,1.0,sector 82,7.0,1.0,0.0,0.0,0.0,0.0,0.0,0.0,0.0,1.0,0.0,0.0,0.0,0.0,0.0,0.0,0.0,0.0,0.0,0.0,6.0,10.0,4.0,6.0,0.0,1.0,0.0,0.0,1.0,5.0,1.0,1.0,1.0,0.0,1.0,0.0,1.0,0.0,carpet,high,new,dlf the primus,gurgaon,2.25
153.29,3.0,3.0,3.0,1.0,sector 65,6.0,1.0,0.0,0.0,0.0,0.0,0.0,0.0,0.0,1.0,0.0,0.0,0.0,0.0,1.0,0.0,0.0,0.0,0.0,0.0,6.0,10.0,4.0,6.0,0.0,1.0,0.0,0.0,1.0,5.0,1.0,1.0,1.0,0.0,1.0,0.0,1.0,0.0,carpet,low,new,emaar mgf emerald floors premier,gurgaon,2.8
102.19,2.0,2.0,2.0,0.0,sector 28,45.0,1.0,0.0,0.0,0.0,1.0,0.0,1.0,1.0,0.0,0.0,1.0,0.0,1.0,0.0,1.0,0.0,0.0,0.0,1.0,6.0,10.0,4.0,6.0,0.0,1.0,0.0,0.0,1.0,5.0,1.0,1.0,1.0,0.0,1.0,0.0,1.0,0.0,carpet,low,new,dlf regency park 1,gurgaon,1.6
142.14,2.0,2.0,3.0,1.0,sector 79,3.0,0.0,0.0,0.0,0.0,0.0,0.0,0.0,0.0,0.0,0.0,0.0,0.0,1.0,0.0,0.0,0.0,0.0,0.0,1.0,6.0,10.0,4.0,6.0,0.0,1.0,0.0,0.0,1.0,5.0,1.0,1.0,1.0,0.0,1.0,0.0,1.0,0.0,carpet,mid,new,supertech araville,gurgaon,0.83
104.05,3.0,2.0,2.0,0.0,sector 33,8.0,1.0,0.0,0.0,0.0,0.0,0.0,0.0,1.0,1.0,1.0,1.0,0.0,0.0,0.0,0.0,0.0,0.0,0.0,0.0,6.0,10.0,4.0,6.0,0.0,1.0,0.0,0.0,1.0,5.0,1.0,1.0,1.0,0.0,1.0,0.0,1.0,0.0,carpet,low,new,signature global park,sohna,0.83
116.13,2.0,3.0,2.0,0.0,sector 10,49.0,1.0,0.0,0.0,0.0,0.0,0.0,0.0,1.0,0.0,0.0,0.0,0.0,1.0,0.0,0.0,1.0,0.0,0.0,0.0,6.0,10.0,4.0,6.0,0.0,1.0,0.0,0.0,1.0,5.0,1.0,1.0,1.0,0.0,1.0,0.0,1.0,0.0,carpet,high,new,maxworth city residences,gurgaon,0.8
246.29,4.0,4.0,3.0,0.0,sector 1,10.0,1.0,0.0,0.0,0.0,0.0,0.0,0.0,0.0,0.0,0.0,0.0,0.0,1.0,0.0,0.0,0.0,0.0,0.0,1.0,6.0,10.0,4.0,6.0,0.0,1.0,0.0,0.0,1.0,5.0,1.0,1.0,1.0,0.0,1.0,0.0,1.0,0.0,carpet,mid,old,deepak minda,manesar,1.25
42.74,1.0,1.0,1.0,0.0,sector 21,48.0,1.0,0.0,0.0,0.0,0.0,0.0,1.0,0.0,0.0,0.0,0.0,0.0,0.0,0.0,1.0,0.0,0.0,0.0,0.0,6.0,10.0,4.0,6.0,0.0,1.0,0.0,0.0,1.0,5.0,1.0,1.0,1.0,0.0,1.0,0.0,1.0,0.0,carpet,low,new,shree shyam residency,gurgaon,0.23
41.81,1.0,1.0,1.0,0.0,sector 84,15.0,1.0,0.0,0.0,0.0,0.0,0.0,1.0,1.0,1.0,0.0,0.0,1.0,1.0,1.0,0.0,0.0,0.0,0.0,0.0,6.0,10.0,4.0,6.0,0.0,1.0,0.0,0.0,1.0,5.0,1.0,1.0,1.0,0.0,1.0,0.0,1.0,0.0,carpet,high,new,pivotal devaan,gurgaon,0.3
145.86,3.0,4.0,1.0,1.0,sector 33,13.0,0.0,0.0,0.0,1.0,0.0,1.0,0.0,1.0,1.0,0.0,1.0,1.0,0.0,0.0,0.0,0.0,0.0,0.0,0.0,6.0,10.0,4.0,6.0,0.0,1.0,0.0,0.0,1.0,5.0,1.0,1.0,1.0,0.0,1.0,0.0,1.0,0.0,super built up,low,new,unitech the residences,gurgaon,1.55
111.3,2.0,2.0,2.0,1.0,sector 71,15.0,1.0,1.0,0.0,0.0,0.0,1.0,1.0,0.0,1.0,0.0,0.0,0.0,0.0,1.0,0.0,1.0,0.0,0.0,0.0,6.0,10.0,4.0,6.0,0.0,1.0,0.0,0.0,1.0,5.0,1.0,1.0,1.0,0.0,1.0,0.0,1.0,0.0,super built up,high,new,chd avenue 71,gurgaon,0.79
83.61,2.0,2.0,2.0,1.0,sector 7,50.0,1.0,0.0,0.0,0.0,0.0,0.0,1.0,1.0,0.0,0.0,0.0,0.0,1.0,0.0,1.0,0.0,0.0,0.0,0.0,6.0,10.0,4.0,6.0,0.0,1.0,0.0,0.0,1.0,5.0,1.0,1.0,1.0,0.0,1.0,0.0,1.0,0.0,super built up,low,old,"gokuldham society, bahadurgarh",gurgaon,0.5
134.71,2.0,2.0,3.0,1.0,sector 33,8.0,1.0,0.0,0.0,1.0,0.0,0.0,0.0,1.0,0.0,0.0,0.0,1.0,0.0,0.0,0.0,0.0,0.0,0.0,0.0,6.0,10.0,4.0,6.0,0.0,1.0,0.0,0.0,1.0,5.0,1.0,1.0,1.0,0.0,1.0,0.0,1.0,0.0,super built up,high,mid aged,silverglades the melia,sohna,1.01
176.24,4.0,5.0,3.0,1.0,sector 92,8.0,1.0,0.0,0.0,0.0,0.0,0.0,0.0,0.0,0.0,0.0,0.0,0.0,1.0,0.0,0.0,0.0,0.0,0.0,0.0,6.0,10.0,4.0,6.0,0.0,1.0,0.0,0.0,1.0,5.0,1.0,1.0,1.0,0.0,1.0,0.0,1.0,0.0,super built up,mid,old,sare crescent parc royal greens phase 1,gurgaon,0.95
117.06,2.0,2.0,2.0,0.0,sector 77,10.0,1.0,0.0,0.0,1.0,0.0,1.0,0.0,1.0,1.0,0.0,0.0,1.0,0.0,0.0,0.0,0.0,0.0,0.0,0.0,6.0,10.0,4.0,6.0,0.0,1.0,0.0,0.0,1.0,5.0,1.0,1.0,1.0,0.0,1.0,0.0,1.0,0.0,super built up,low,new,umang winter hills,gurgaon,0.99
160.26,3.0,3.0,3.0,0.0,sector 37,5.0,1.0,0.0,0.0,0.0,0.0,0.0,0.0,0.0,0.0,1.0,0.0,0.0,0.0,0.0,0.0,0.0,0.0,0.0,0.0,6.0,10.0,4.0,6.0,0.0,1.0,0.0,0.0,1.0,5.0,1.0,1.0,1.0,0.0,1.0,0.0,1.0,0.0,super built up,mid,mid aged,ramprastha skyz,gurgaon,1.1
204.39,4.0,4.0,3.0,0.0,sector 67,11.0,1.0,0.0,0.0,1.0,0.0,1.0,0.0,1.0,1.0,0.0,0.0,0.0,0.0,1.0,0.0,0.0,0.0,0.0,0.0,6.0,10.0,4.0,6.0,0.0,1.0,0.0,0.0,1.0,5.0,1.0,1.0,1.0,0.0,1.0,0.0,1.0,0.0,super built up,low,new,4s aradhya homes,gurgaon,1.9
174.19,3.0,3.0,3.0,0.0,sector 37,9.0,1.0,0.0,0.0,1.0,0.0,1.0,0.0,1.0,1.0,1.0,0.0,1.0,0.0,0.0,0.0,0.0,0.0,0.0,0.0,6.0,10.0,4.0,6.0,0.0,1.0,0.0,0.0,1.0,5.0,1.0,1.0,1.0,0.0,1.0,0.0,1.0,0.0,super built up,mid,under construction,ild greens,gurgaon,1.0
209.03,3.0,3.0,3.0,0.0,sector 57,5.0,0.0,0.0,0.0,0.0,0.0,0.0,0.0,1.0,0.0,0.0,0.0,0.0,0.0,0.0,0.0,0.0,0.0,0.0,1.0,6.0,10.0,4.0,6.0,0.0,1.0,0.0,0.0,1.0,5.0,1.0,1.0,1.0,0.0,1.0,0.0,1.0,0.0,super built up,high,old,bptp freedom park life,gurgaon,2.5
98.16,2.0,2.0,2.0,0.0,sector 3,11.0,1.0,0.0,0.0,1.0,0.0,1.0,0.0,1.0,1.0,0.0,1.0,1.0,0.0,1.0,0.0,0.0,0.0,0.0,0.0,6.0,10.0,4.0,6.0,0.0,1.0,0.0,0.0,1.0,5.0,1.0,1.0,1.0,0.0,1.0,0.0,1.0,0.0,super built up,high,mid aged,godrej habitat,gurgaon,1.1
52.03,2.0,2.0,2.0,0.0,sector 95,3.0,1.0,0.0,0.0,0.0,0.0,0.0,0.0,0.0,0.0,0.0,0.0,0.0,0.0,0.0,0.0,0.0,0.0,0.0,0.0,6.0,10.0,4.0,6.0,0.0,1.0,0.0,0.0,1.0,5.0,1.0,1.0,1.0,0.0,1.0,0.0,1.0,0.0,super built up,high,new,ramsons kshitij,gurgaon,0.29
127.28,3.0,2.0,3.0,0.0,sector 92,14.0,1.0,0.0,0.0,0.0,0.0,0.0,1.0,1.0,0.0,0.0,0.0,1.0,0.0,0.0,1.0,0.0,0.0,0.0,0.0,6.0,10.0,4.0,6.0,0.0,1.0,0.0,0.0,1.0,5.0,1.0,1.0,1.0,0.0,1.0,0.0,1.0,0.0,super built up,mid,new,raheja sampada,gurgaon,0.65
49.38,2.0,2.0,2.0,0.0,sector 33,7.0,1.0,0.0,0.0,1.0,0.0,0.0,0.0,1.0,1.0,0.0,0.0,0.0,0.0,1.0,0.0,0.0,0.0,0.0,0.0,6.0,10.0,4.0,6.0,0.0,1.0,0.0,0.0,1.0,5.0,1.0,1.0,1.0,0.0,1.0,0.0,1.0,0.0,carpet,mid,new,signature the serenas,sohna,0.5
53.42,2.0,2.0,1.0,0.0,sector 99,15.0,1.0,0.0,0.0,0.0,0.0,0.0,1.0,1.0,0.0,1.0,0.0,1.0,1.0,0.0,1.0,0.0,1.0,1.0,0.0,6.0,10.0,4.0,6.0,0.0,1.0,0.0,0.0,1.0,5.0,1.0,1.0,1.0,0.0,1.0,0.0,1.0,0.0,super built up,low,new,pareena laxmi apartments,gurgaon,0.32
134.9,2.0,3.0,3.0,1.0,sector 103,15.0,1.0,0.0,0.0,1.0,1.0,1.0,0.0,1.0,1.0,1.0,1.0,1.0,0.0,0.0,0.0,1.0,0.0,0.0,0.0,6.0,10.0,4.0,6.0,0.0,1.0,0.0,0.0,1.0,5.0,1.0,1.0,1.0,0.0,1.0,0.0,1.0,0.0,carpet,low,new,satya the hermitage,gurgaon,0.93
132.2,3.0,3.0,2.0,0.0,sector 89,14.0,1.0,0.0,0.0,1.0,0.0,1.0,0.0,1.0,0.0,1.0,1.0,1.0,0.0,1.0,0.0,0.0,0.0,0.0,0.0,6.0,10.0,4.0,6.0,0.0,1.0,0.0,0.0,1.0,5.0,1.0,1.0,1.0,0.0,1.0,0.0,1.0,0.0,carpet,low,new,smart world gems,gurgaon,1.2
59.46,2.0,2.0,2.0,0.0,sector 33,6.0,0.0,0.0,0.0,0.0,0.0,0.0,0.0,0.0,1.0,0.0,0.0,1.0,0.0,0.0,0.0,1.0,0.0,0.0,0.0,6.0,10.0,4.0,6.0,0.0,1.0,0.0,0.0,1.0,5.0,1.0,1.0,1.0,0.0,1.0,0.0,1.0,0.0,carpet,mid,new,gls arawali homes,sohna,0.3
76.37,2.0,2.0,3.0,0.0,sector 33,8.0,1.0,0.0,0.0,0.0,0.0,0.0,0.0,1.0,1.0,1.0,1.0,0.0,0.0,0.0,0.0,0.0,0.0,0.0,0.0,6.0,10.0,4.0,6.0,0.0,1.0,0.0,0.0,1.0,5.0,1.0,1.0,1.0,0.0,1.0,0.0,1.0,0.0,carpet,low,new,signature global park,sohna,0.56
200.58,3.0,4.0,3.0,0.0,sector 49,15.0,1.0,0.0,0.0,1.0,0.0,1.0,0.0,1.0,1.0,0.0,1.0,1.0,0.0,1.0,0.0,0.0,1.0,0.0,0.0,6.0,10.0,4.0,6.0,0.0,1.0,0.0,0.0,1.0,5.0,1.0,1.0,1.0,0.0,1.0,0.0,1.0,0.0,super built up,mid,old,bestech park view city 2,gurgaon,2.7
181.16,3.0,4.0,3.0,1.0,sector 90,10.0,1.0,0.0,0.0,1.0,0.0,1.0,0.0,1.0,1.0,0.0,0.0,1.0,0.0,1.0,0.0,0.0,0.0,0.0,0.0,6.0,10.0,4.0,6.0,0.0,1.0,0.0,0.0,1.0,5.0,1.0,1.0,1.0,0.0,1.0,0.0,1.0,0.0,super built up,high,new,shree vardhman flora,gurgaon,1.0
120.77,3.0,2.0,2.0,0.0,sector 30,49.0,1.0,0.0,0.0,0.0,1.0,0.0,1.0,1.0,0.0,0.0,0.0,0.0,1.0,0.0,0.0,0.0,0.0,0.0,1.0,6.0,10.0,4.0,6.0,0.0,1.0,0.0,0.0,1.0,5.0,1.0,1.0,1.0,0.0,1.0,0.0,1.0,0.0,built up,low,old,afnhb jalvayu vihar,gurgaon,1.45
132.2,3.0,3.0,0.0,0.0,sector 89,9.0,1.0,0.0,0.0,0.0,0.0,0.0,0.0,1.0,1.0,0.0,0.0,1.0,0.0,0.0,0.0,0.0,0.0,0.0,0.0,6.0,10.0,4.0,6.0,0.0,1.0,0.0,0.0,1.0,5.0,1.0,1.0,1.0,0.0,1.0,0.0,1.0,0.0,built up,mid,under construction,m3m soulitude,gurgaon,1.25
5401.48,2.0,2.0,1.0,0.0,sector 86,8.0,1.0,0.0,0.0,1.0,0.0,0.0,0.0,1.0,1.0,0.0,0.0,1.0,0.0,0.0,0.0,0.0,0.0,0.0,0.0,6.0,10.0,4.0,6.0,0.0,1.0,0.0,0.0,1.0,5.0,1.0,1.0,1.0,0.0,1.0,0.0,1.0,0.0,carpet,high,under construction,pyramid elite,gurgaon,0.46
340.95,5.0,5.0,3.0,1.0,sector 66,5.0,1.0,0.0,0.0,0.0,0.0,0.0,0.0,1.0,1.0,0.0,1.0,0.0,0.0,0.0,0.0,0.0,0.0,0.0,0.0,6.0,10.0,4.0,6.0,0.0,1.0,0.0,0.0,1.0,5.0,1.0,1.0,1.0,0.0,1.0,0.0,1.0,0.0,super built up,high,new,emaar mgf palm terraces,gurgaon,4.5
92.9,2.0,2.0,1.0,0.0,sector 15,48.0,1.0,0.0,0.0,0.0,0.0,0.0,1.0,1.0,0.0,0.0,0.0,0.0,0.0,0.0,1.0,1.0,0.0,0.0,0.0,6.0,10.0,4.0,6.0,0.0,1.0,0.0,0.0,1.0,5.0,1.0,1.0,1.0,0.0,1.0,0.0,1.0,0.0,super built up,low,new,anamika enclave,gurgaon,0.64
69.03,2.0,2.0,1.0,0.0,sector 33,5.0,0.0,0.0,0.0,0.0,0.0,0.0,0.0,0.0,0.0,0.0,0.0,0.0,0.0,0.0,0.0,0.0,0.0,0.0,1.0,6.0,10.0,4.0,6.0,0.0,1.0,0.0,0.0,1.0,5.0,1.0,1.0,1.0,0.0,1.0,0.0,1.0,0.0,built up,high,new,hcbs sports ville,sohna,0.28
209.03,3.0,4.0,3.0,1.0,sector 61,8.0,1.0,0.0,0.0,0.0,0.0,0.0,0.0,1.0,1.0,0.0,1.0,0.0,0.0,0.0,0.0,0.0,0.0,0.0,0.0,6.0,10.0,4.0,6.0,0.0,1.0,0.0,0.0,1.0,5.0,1.0,1.0,1.0,0.0,1.0,0.0,1.0,0.0,super built up,high,under construction,puri the aravallis,gurgaon,3.87
202.25,3.0,3.0,1.0,0.0,sector 109,10.0,1.0,0.0,0.0,0.0,0.0,0.0,0.0,0.0,0.0,1.0,0.0,0.0,0.0,0.0,1.0,0.0,0.0,0.0,0.0,6.0,10.0,4.0,6.0,0.0,1.0,0.0,0.0,1.0,5.0,1.0,1.0,1.0,0.0,1.0,0.0,1.0,0.0,carpet,mid,old,brisk lumbini terrace homes,gurgaon,1.38
60.39,2.0,2.0,1.0,0.0,sector 4,48.0,1.0,0.0,0.0,0.0,0.0,0.0,1.0,0.0,0.0,0.0,0.0,0.0,0.0,0.0,1.0,0.0,0.0,0.0,0.0,6.0,10.0,4.0,6.0,0.0,1.0,0.0,0.0,1.0,5.0,1.0,1.0,1.0,0.0,1.0,0.0,1.0,0.0,carpet,low,new,huda ashok vihar phase 1,gurgaon,0.43
83.61,2.0,1.0,1.0,1.0,sector 110,30.0,1.0,0.0,0.0,0.0,1.0,0.0,1.0,1.0,0.0,1.0,1.0,0.0,0.0,0.0,1.0,0.0,0.0,0.0,0.0,6.0,10.0,4.0,6.0,0.0,1.0,0.0,0.0,1.0,5.0,1.0,1.0,1.0,0.0,1.0,0.0,1.0,0.0,carpet,low,new,my home,gurgaon,0.28
103.87,2.0,2.0,2.0,0.0,sector 37,10.0,1.0,0.0,0.0,1.0,0.0,1.0,0.0,1.0,1.0,0.0,0.0,1.0,0.0,1.0,0.0,0.0,0.0,0.0,0.0,6.0,10.0,4.0,6.0,0.0,1.0,0.0,0.0,1.0,5.0,1.0,1.0,1.0,0.0,1.0,0.0,1.0,0.0,carpet,mid,under construction,signature global city,gurgaon,1.1
133.13,2.0,2.0,2.0,0.0,sector 65,11.0,1.0,0.0,0.0,1.0,0.0,1.0,0.0,1.0,1.0,0.0,1.0,1.0,0.0,1.0,0.0,0.0,0.0,0.0,0.0,6.0,10.0,4.0,6.0,0.0,1.0,0.0,0.0,1.0,5.0,1.0,1.0,1.0,0.0,1.0,0.0,1.0,0.0,built up,high,under construction,m3m heights,gurgaon,2.0
104.05,3.0,2.0,2.0,0.0,sector 33,8.0,1.0,0.0,0.0,0.0,0.0,0.0,0.0,1.0,1.0,1.0,1.0,0.0,0.0,0.0,0.0,0.0,0.0,0.0,0.0,6.0,10.0,4.0,6.0,0.0,1.0,0.0,0.0,1.0,5.0,1.0,1.0,1.0,0.0,1.0,0.0,1.0,0.0,super built up,low,mid aged,signature global park,sohna,0.9
104.05,3.0,2.0,0.0,0.0,sector 33,8.0,1.0,0.0,0.0,0.0,0.0,0.0,0.0,1.0,1.0,1.0,1.0,0.0,0.0,0.0,0.0,0.0,0.0,0.0,0.0,6.0,10.0,4.0,6.0,0.0,1.0,0.0,0.0,1.0,5.0,1.0,1.0,1.0,0.0,1.0,0.0,1.0,0.0,built up,low,mid aged,signature global park,sohna,0.9
185.43,3.0,3.0,0.0,0.0,sector 33,8.0,1.0,0.0,0.0,1.0,0.0,0.0,0.0,1.0,1.0,0.0,0.0,0.0,0.0,0.0,0.0,0.0,0.0,0.0,0.0,6.0,10.0,4.0,6.0,0.0,1.0,0.0,0.0,1.0,5.0,1.0,1.0,1.0,0.0,1.0,0.0,1.0,0.0,built up,low,under construction,godrej nature plus,sohna,1.75
253.35,4.0,4.0,3.0,0.0,sector 90,6.0,1.0,0.0,0.0,0.0,0.0,0.0,0.0,1.0,1.0,0.0,0.0,0.0,0.0,1.0,0.0,0.0,0.0,0.0,0.0,6.0,10.0,4.0,6.0,0.0,1.0,0.0,0.0,1.0,5.0,1.0,1.0,1.0,0.0,1.0,0.0,1.0,0.0,super built up,high,old,dlf new town heights 1,gurgaon,1.8
166.2,3.0,3.0,2.0,0.0,sector 33,15.0,0.0,0.0,0.0,0.0,0.0,1.0,1.0,1.0,0.0,0.0,0.0,0.0,1.0,1.0,0.0,0.0,0.0,0.0,1.0,6.0,10.0,4.0,6.0,0.0,1.0,0.0,0.0,1.0,5.0,1.0,1.0,1.0,0.0,1.0,0.0,1.0,0.0,super built up,mid,under construction,central park flower valley aqua front towers,sohna,2.1
128.21,2.0,2.0,2.0,0.0,sector 22,14.0,1.0,0.0,0.0,1.0,0.0,1.0,0.0,1.0,1.0,1.0,0.0,1.0,0.0,0.0,0.0,0.0,0.0,0.0,0.0,6.0,10.0,4.0,6.0,0.0,1.0,0.0,0.0,1.0,5.0,1.0,1.0,1.0,0.0,1.0,0.0,1.0,0.0,carpet,high,new,ambience creacions,gurgaon,2.0
143.07,3.0,3.0,2.0,0.0,sector 63,13.0,1.0,0.0,0.0,0.0,0.0,1.0,0.0,1.0,1.0,0.0,1.0,0.0,0.0,1.0,0.0,1.0,1.0,0.0,0.0,6.0,10.0,4.0,6.0,0.0,1.0,0.0,0.0,1.0,5.0,1.0,1.0,1.0,0.0,1.0,0.0,1.0,0.0,built up,low,mid aged,signature global city 63a,gurgaon,2.0
151.34,3.0,3.0,3.0,1.0,sector 88,7.0,1.0,0.0,0.0,0.0,1.0,0.0,0.0,1.0,0.0,0.0,0.0,1.0,0.0,0.0,0.0,0.0,0.0,0.0,0.0,6.0,10.0,4.0,6.0,0.0,1.0,0.0,0.0,1.0,5.0,1.0,1.0,1.0,0.0,1.0,0.0,1.0,0.0,super built up,mid,new,godrej oasis,gurgaon,1.29
169.83,3.0,3.0,3.0,0.0,sector 65,9.0,1.0,0.0,0.0,0.0,0.0,1.0,0.0,1.0,1.0,0.0,1.0,0.0,0.0,1.0,0.0,0.0,0.0,0.0,0.0,6.0,10.0,4.0,6.0,0.0,1.0,0.0,0.0,1.0,5.0,1.0,1.0,1.0,0.0,1.0,0.0,1.0,0.0,super built up,high,mid aged,m3m skycity,gurgaon,2.85
181.16,3.0,3.0,3.0,0.0,sector 79,3.0,0.0,0.0,0.0,0.0,0.0,0.0,0.0,0.0,0.0,0.0,0.0,0.0,1.0,0.0,0.0,0.0,0.0,0.0,1.0,6.0,10.0,4.0,6.0,0.0,1.0,0.0,0.0,1.0,5.0,1.0,1.0,1.0,0.0,1.0,0.0,1.0,0.0,carpet,low,new,supertech araville,gurgaon,1.1
111.48,2.0,2.0,2.0,1.0,sector 61,9.0,1.0,0.0,0.0,1.0,0.0,0.0,0.0,1.0,1.0,1.0,1.0,0.0,0.0,0.0,0.0,0.0,0.0,0.0,0.0,6.0,10.0,4.0,6.0,0.0,1.0,0.0,0.0,1.0,5.0,1.0,1.0,1.0,0.0,1.0,0.0,1.0,0.0,carpet,low,mid aged,smart world orchard,gurgaon,1.65
30.1,1.0,1.0,2.0,0.0,sector 33,5.0,0.0,0.0,0.0,0.0,0.0,0.0,0.0,0.0,0.0,0.0,0.0,0.0,0.0,0.0,0.0,0.0,0.0,0.0,1.0,6.0,10.0,4.0,6.0,0.0,1.0,0.0,0.0,1.0,5.0,1.0,1.0,1.0,0.0,1.0,0.0,1.0,0.0,carpet,low,new,hcbs sports ville,sohna,0.24
185.81,3.0,4.0,3.0,1.0,sector 77,6.0,1.0,0.0,0.0,1.0,0.0,0.0,0.0,1.0,1.0,0.0,0.0,0.0,0.0,0.0,0.0,0.0,0.0,0.0,0.0,6.0,10.0,4.0,6.0,0.0,1.0,0.0,0.0,1.0,5.0,1.0,1.0,1.0,0.0,1.0,0.0,1.0,0.0,super built up,high,new,emaar palm premier,gurgaon,2.1
179.21,3.0,3.0,3.0,1.0,sector 33,8.0,1.0,0.0,0.0,1.0,0.0,0.0,0.0,1.0,1.0,0.0,0.0,0.0,0.0,0.0,0.0,0.0,0.0,0.0,0.0,6.0,10.0,4.0,6.0,0.0,1.0,0.0,0.0,1.0,5.0,1.0,1.0,1.0,0.0,1.0,0.0,1.0,0.0,carpet,high,new,godrej nature plus,sohna,1.9
83.61204013377927,2.0,2.0,3.0,0.0,sector 79,11.0,1.0,0.0,0.0,1.0,0.0,1.0,0.0,1.0,1.0,0.0,0.0,1.0,0.0,0.0,0.0,0.0,0.0,1.0,0.0,6.0,10.0,4.0,6.0,0.0,1.0,0.0,0.0,1.0,5.0,1.0,1.0,1.0,0.0,1.0,0.0,1.0,0.0,super built up,high,new,godrej aria,gurgaon,1.1
65.03,2.0,2.0,1.0,1.0,sector 95,3.0,1.0,0.0,0.0,0.0,0.0,0.0,0.0,0.0,0.0,0.0,0.0,0.0,0.0,0.0,0.0,0.0,0.0,0.0,0.0,6.0,10.0,4.0,6.0,0.0,1.0,0.0,0.0,1.0,5.0,1.0,1.0,1.0,0.0,1.0,0.0,1.0,0.0,super built up,high,new,ramsons kshitij,gurgaon,0.32
89.65,1.0,1.0,2.0,0.0,sector 109,22.0,1.0,0.0,0.0,0.0,0.0,0.0,0.0,0.0,0.0,1.0,0.0,0.0,0.0,0.0,1.0,0.0,0.0,0.0,1.0,6.0,10.0,4.0,6.0,0.0,1.0,0.0,0.0,1.0,5.0,1.0,1.0,1.0,0.0,1.0,0.0,1.0,0.0,built up,high,under construction,conscient one,gurgaon,1.7
48.68,2.0,2.0,2.0,0.0,sector 99,15.0,1.0,0.0,0.0,0.0,0.0,0.0,1.0,1.0,0.0,1.0,0.0,1.0,1.0,0.0,1.0,0.0,1.0,1.0,0.0,6.0,10.0,4.0,6.0,0.0,1.0,0.0,0.0,1.0,5.0,1.0,1.0,1.0,0.0,1.0,0.0,1.0,0.0,super built up,low,new,pareena laxmi apartments,gurgaon,0.32
54.01,2.0,2.0,1.0,0.0,sector 86,8.0,1.0,0.0,0.0,1.0,0.0,0.0,0.0,1.0,1.0,0.0,0.0,1.0,0.0,0.0,0.0,0.0,0.0,0.0,0.0,6.0,10.0,4.0,6.0,0.0,1.0,0.0,0.0,1.0,5.0,1.0,1.0,1.0,0.0,1.0,0.0,1.0,0.0,carpet,mid,mid aged,pyramid elite,gurgaon,0.45
111.28,1.0,2.0,2.0,0.0,sector 78,10.0,0.0,0.0,0.0,1.0,0.0,1.0,0.0,1.0,1.0,0.0,0.0,0.0,0.0,0.0,0.0,0.0,0.0,0.0,0.0,6.0,10.0,4.0,6.0,0.0,1.0,0.0,0.0,1.0,5.0,1.0,1.0,1.0,0.0,1.0,0.0,1.0,0.0,super built up,high,under construction,raheja revanta,gurgaon,1.2
121.7,2.0,2.0,2.0,0.0,sector 65,9.0,1.0,0.0,0.0,0.0,0.0,1.0,0.0,1.0,1.0,0.0,1.0,0.0,0.0,1.0,0.0,0.0,0.0,0.0,0.0,6.0,10.0,4.0,6.0,0.0,1.0,0.0,0.0,1.0,5.0,1.0,1.0,1.0,0.0,1.0,0.0,1.0,0.0,super built up,high,new,m3m skycity,gurgaon,2.1
52884.41,2.0,2.0,2.0,0.0,sector 95,12.0,0.0,0.0,0.0,1.0,0.0,0.0,0.0,1.0,1.0,0.0,0.0,1.0,1.0,1.0,0.0,0.0,0.0,0.0,0.0,6.0,10.0,4.0,6.0,0.0,1.0,0.0,0.0,1.0,5.0,1.0,1.0,1.0,0.0,1.0,0.0,1.0,0.0,carpet,low,new,signature the roselia,gurgaon,0.45
69.68,2.0,2.0,1.0,0.0,sector 4,48.0,1.0,0.0,0.0,0.0,0.0,0.0,1.0,0.0,0.0,0.0,0.0,0.0,0.0,0.0,1.0,0.0,0.0,0.0,0.0,6.0,10.0,4.0,6.0,0.0,1.0,0.0,0.0,1.0,5.0,1.0,1.0,1.0,0.0,1.0,0.0,1.0,0.0,carpet,low,new,not applicable,gurgaon,0.42
144.65,3.0,2.0,3.0,0.0,sector 33,8.0,1.0,0.0,0.0,1.0,0.0,0.0,0.0,1.0,1.0,0.0,0.0,0.0,0.0,0.0,0.0,0.0,0.0,0.0,0.0,6.0,10.0,4.0,6.0,0.0,1.0,0.0,0.0,1.0,5.0,1.0,1.0,1.0,0.0,1.0,0.0,1.0,0.0,carpet,high,new,godrej nature plus,sohna,1.55
133.78,3.0,3.0,2.0,0.0,sector 102,12.0,1.0,0.0,0.0,1.0,1.0,1.0,0.0,1.0,1.0,0.0,0.0,1.0,0.0,1.0,0.0,0.0,0.0,0.0,0.0,6.0,10.0,4.0,6.0,0.0,1.0,0.0,0.0,1.0,5.0,1.0,1.0,1.0,0.0,1.0,0.0,1.0,0.0,super built up,low,mid aged,ramprastha city,gurgaon,1.3
241.27,4.0,4.0,3.0,1.0,sector 113,17.0,1.0,0.0,0.0,0.0,0.0,0.0,0.0,1.0,0.0,1.0,1.0,0.0,0.0,0.0,1.0,0.0,0.0,0.0,0.0,6.0,10.0,4.0,6.0,0.0,1.0,0.0,0.0,1.0,5.0,1.0,1.0,1.0,0.0,1.0,0.0,1.0,0.0,carpet,high,new,smartworld 1dxp,gurgaon,2.75
180.23,3.0,3.0,3.0,1.0,sector 103,18.0,1.0,0.0,0.0,0.0,0.0,0.0,1.0,0.0,0.0,1.0,0.0,0.0,0.0,0.0,0.0,0.0,0.0,0.0,1.0,6.0,10.0,4.0,6.0,0.0,1.0,0.0,0.0,1.0,5.0,1.0,1.0,1.0,0.0,1.0,0.0,1.0,0.0,super built up,low,new,ansal housing highland park,gurgaon,1.25
52.68,3.0,2.0,2.0,0.0,sector 63,8.0,1.0,0.0,0.0,1.0,0.0,0.0,0.0,1.0,0.0,0.0,1.0,0.0,0.0,0.0,0.0,0.0,0.0,0.0,0.0,6.0,10.0,4.0,6.0,0.0,1.0,0.0,0.0,1.0,5.0,1.0,1.0,1.0,0.0,1.0,0.0,1.0,0.0,carpet,high,under construction,czar mahira homes 63a,gurgaon,0.42
57.88,2.0,2.0,1.0,0.0,sector 33,10.0,1.0,0.0,0.0,1.0,0.0,1.0,0.0,1.0,1.0,0.0,0.0,0.0,0.0,1.0,0.0,0.0,1.0,0.0,0.0,6.0,10.0,4.0,6.0,0.0,1.0,0.0,0.0,1.0,5.0,1.0,1.0,1.0,0.0,1.0,0.0,1.0,0.0,super built up,mid,new,breez global heights,sohna,0.4
58.44,2.0,2.0,1.0,0.0,sector 33,13.0,1.0,0.0,0.0,0.0,1.0,1.0,1.0,1.0,0.0,0.0,1.0,1.0,0.0,0.0,1.0,1.0,0.0,0.0,0.0,6.0,10.0,4.0,6.0,0.0,1.0,0.0,0.0,1.0,5.0,1.0,1.0,1.0,0.0,1.0,0.0,1.0,0.0,carpet,mid,new,trisara our homes 3,sohna,0.34
132.2,3.0,3.0,3.0,1.0,sector 89,9.0,1.0,0.0,0.0,0.0,0.0,0.0,0.0,1.0,1.0,0.0,0.0,1.0,0.0,0.0,0.0,0.0,0.0,0.0,0.0,6.0,10.0,4.0,6.0,0.0,1.0,0.0,0.0,1.0,5.0,1.0,1.0,1.0,0.0,1.0,0.0,1.0,0.0,super built up,low,new,m3m soulitude,gurgaon,1.25
134.71,3.0,3.0,3.0,0.0,sector 77,10.0,1.0,0.0,0.0,1.0,0.0,1.0,0.0,1.0,1.0,0.0,0.0,1.0,0.0,0.0,0.0,0.0,0.0,0.0,0.0,6.0,10.0,4.0,6.0,0.0,1.0,0.0,0.0,1.0,5.0,1.0,1.0,1.0,0.0,1.0,0.0,1.0,0.0,super built up,mid,new,emaar mgf palm hills,gurgaon,1.5
130.06,3.0,3.0,2.0,0.0,sector 102,12.0,1.0,0.0,0.0,1.0,1.0,1.0,0.0,1.0,1.0,0.0,0.0,1.0,0.0,1.0,0.0,0.0,0.0,0.0,0.0,6.0,10.0,4.0,6.0,0.0,1.0,0.0,0.0,1.0,5.0,1.0,1.0,1.0,0.0,1.0,0.0,1.0,0.0,super built up,low,mid aged,ramprastha city,gurgaon,1.3
185.81,3.0,3.0,3.0,0.0,sector 99,15.0,1.0,0.0,0.0,1.0,1.0,1.0,1.0,1.0,1.0,0.0,0.0,0.0,0.0,1.0,0.0,0.0,0.0,0.0,0.0,6.0,10.0,4.0,6.0,0.0,1.0,0.0,0.0,1.0,5.0,1.0,1.0,1.0,0.0,1.0,0.0,1.0,0.0,super built up,mid,mid aged,pareena coban residences,gurgaon,1.6
118.54,2.0,2.0,2.0,0.0,sector 113,8.0,1.0,0.0,0.0,1.0,0.0,0.0,0.0,1.0,0.0,0.0,0.0,1.0,0.0,0.0,0.0,0.0,0.0,0.0,0.0,6.0,10.0,4.0,6.0,0.0,1.0,0.0,0.0,1.0,5.0,1.0,1.0,1.0,0.0,1.0,0.0,1.0,0.0,carpet,high,new,la vida by tata housing,gurgaon,1.5
118.54,2.0,2.0,2.0,0.0,sector 113,8.0,1.0,0.0,0.0,1.0,0.0,0.0,0.0,1.0,0.0,0.0,0.0,1.0,0.0,0.0,0.0,0.0,0.0,0.0,0.0,6.0,10.0,4.0,6.0,0.0,1.0,0.0,0.0,1.0,5.0,1.0,1.0,1.0,0.0,1.0,0.0,1.0,0.0,super built up,high,new,la vida by tata housing,gurgaon,1.5
116.96,2.0,2.0,0.0,0.0,sector 104,46.0,1.0,0.0,0.0,0.0,0.0,0.0,1.0,0.0,0.0,0.0,0.0,0.0,0.0,0.0,1.0,0.0,0.0,0.0,0.0,6.0,10.0,4.0,6.0,0.0,1.0,0.0,0.0,1.0,5.0,1.0,1.0,1.0,0.0,1.0,0.0,1.0,0.0,built up,high,under construction,godrej summit premia towers,gurgaon,0.9
152.36,4.0,4.0,3.0,0.0,sector 52,44.0,1.0,0.0,0.0,0.0,1.0,0.0,1.0,1.0,0.0,0.0,0.0,0.0,1.0,0.0,1.0,0.0,0.0,0.0,1.0,6.0,10.0,4.0,6.0,0.0,1.0,0.0,0.0,1.0,5.0,1.0,1.0,1.0,0.0,1.0,0.0,1.0,0.0,super built up,low,old,ardee city,gurgaon,1.5
56.67,1.0,1.0,0.0,0.0,sector 67,7.0,1.0,0.0,0.0,1.0,0.0,0.0,0.0,1.0,1.0,0.0,0.0,1.0,0.0,0.0,0.0,0.0,0.0,0.0,0.0,6.0,10.0,4.0,6.0,0.0,1.0,0.0,0.0,1.0,5.0,1.0,1.0,1.0,0.0,1.0,0.0,1.0,0.0,built up,low,under construction,m3m one key resiments,gurgaon,0.8
157.01,3.0,2.0,1.0,0.0,sector 86,4.0,1.0,0.0,0.0,1.0,0.0,0.0,0.0,1.0,0.0,0.0,0.0,1.0,0.0,0.0,0.0,0.0,0.0,0.0,0.0,6.0,10.0,4.0,6.0,0.0,1.0,0.0,0.0,1.0,5.0,1.0,1.0,1.0,0.0,1.0,0.0,1.0,0.0,super built up,high,new,ansal heights 86,gurgaon,1.25
44.76,2.0,2.0,1.0,0.0,sector 33,10.0,0.0,0.0,0.0,0.0,0.0,0.0,1.0,0.0,0.0,0.0,0.0,0.0,0.0,0.0,0.0,0.0,0.0,0.0,1.0,6.0,10.0,4.0,6.0,0.0,1.0,0.0,0.0,1.0,5.0,1.0,1.0,1.0,0.0,1.0,0.0,1.0,0.0,carpet,low,new,mvn athens,sohna,0.26
49.33,2.0,2.0,1.0,0.0,sector 33,7.0,1.0,0.0,0.0,1.0,0.0,0.0,0.0,1.0,1.0,0.0,0.0,0.0,0.0,1.0,0.0,0.0,0.0,0.0,0.0,6.0,10.0,4.0,6.0,0.0,1.0,0.0,0.0,1.0,5.0,1.0,1.0,1.0,0.0,1.0,0.0,1.0,0.0,carpet,high,new,signature the serenas,sohna,0.42
179.77,3.0,3.0,2.0,0.0,sector 43,45.0,1.0,0.0,0.0,0.0,1.0,0.0,1.0,1.0,0.0,0.0,1.0,0.0,1.0,0.0,1.0,0.0,0.0,0.0,1.0,6.0,10.0,4.0,6.0,0.0,1.0,0.0,0.0,1.0,5.0,1.0,1.0,1.0,0.0,1.0,0.0,1.0,0.0,super built up,low,new,sushant lok 1 builder floors,gurgaon,2.5
181.16,3.0,3.0,2.0,1.0,sector 78,7.0,1.0,0.0,0.0,0.0,0.0,0.0,1.0,0.0,0.0,0.0,1.0,0.0,0.0,0.0,0.0,0.0,0.0,0.0,0.0,6.0,10.0,4.0,6.0,0.0,1.0,0.0,0.0,1.0,5.0,1.0,1.0,1.0,0.0,1.0,0.0,1.0,0.0,super built up,low,old,umang monsoon breeze,gurgaon,0.9
54.91,2.0,2.0,1.0,1.0,sector 92,4.0,1.0,0.0,0.0,0.0,0.0,0.0,0.0,1.0,0.0,0.0,0.0,0.0,0.0,1.0,0.0,0.0,0.0,0.0,0.0,6.0,10.0,4.0,6.0,0.0,1.0,0.0,0.0,1.0,5.0,1.0,1.0,1.0,0.0,1.0,0.0,1.0,0.0,carpet,mid,new,gls avenue 51,gurgaon,0.42
50.73,2.0,2.0,1.0,0.0,sector 107,10.0,0.0,0.0,0.0,1.0,0.0,0.0,0.0,1.0,0.0,0.0,0.0,1.0,0.0,0.0,0.0,0.0,0.0,0.0,0.0,6.0,10.0,4.0,6.0,0.0,1.0,0.0,0.0,1.0,5.0,1.0,1.0,1.0,0.0,1.0,0.0,1.0,0.0,super built up,high,new,signature global solera,gurgaon,0.5
142.14,2.0,2.0,3.0,1.0,sector 79,3.0,0.0,0.0,0.0,0.0,0.0,0.0,0.0,0.0,0.0,0.0,0.0,0.0,1.0,0.0,0.0,0.0,0.0,0.0,1.0,6.0,10.0,4.0,6.0,0.0,1.0,0.0,0.0,1.0,5.0,1.0,1.0,1.0,0.0,1.0,0.0,1.0,0.0,super built up,mid,new,supertech araville,gurgaon,0.9
177.44,3.0,3.0,3.0,1.0,sector 89,7.0,0.0,0.0,0.0,0.0,0.0,0.0,0.0,0.0,0.0,1.0,0.0,0.0,1.0,0.0,0.0,0.0,0.0,0.0,1.0,6.0,10.0,4.0,6.0,0.0,1.0,0.0,0.0,1.0,5.0,1.0,1.0,1.0,0.0,1.0,0.0,1.0,0.0,carpet,low,new,greenopolis,gurgaon,1.3
166.2,3.0,3.0,3.0,0.0,sector 33,15.0,0.0,0.0,0.0,0.0,0.0,1.0,1.0,1.0,0.0,0.0,0.0,0.0,1.0,1.0,0.0,0.0,0.0,0.0,1.0,6.0,10.0,4.0,6.0,0.0,1.0,0.0,0.0,1.0,5.0,1.0,1.0,1.0,0.0,1.0,0.0,1.0,0.0,super built up,high,under construction,central park flower valley aqua front towers,sohna,1.7
189.52,4.0,3.0,0.0,0.0,sector 92,8.0,1.0,0.0,0.0,0.0,0.0,0.0,0.0,0.0,0.0,0.0,0.0,0.0,1.0,0.0,0.0,0.0,0.0,0.0,0.0,6.0,10.0,4.0,6.0,0.0,1.0,0.0,0.0,1.0,5.0,1.0,1.0,1.0,0.0,1.0,0.0,1.0,0.0,built up,high,mid aged,sare homes,gurgaon,1.25
404.13,4.0,4.0,3.0,1.0,sector 82,9.0,1.0,0.0,0.0,0.0,0.0,0.0,0.0,0.0,0.0,0.0,0.0,0.0,1.0,0.0,0.0,0.0,0.0,0.0,1.0,6.0,10.0,4.0,6.0,0.0,1.0,0.0,0.0,1.0,5.0,1.0,1.0,1.0,0.0,1.0,0.0,1.0,0.0,super built up,mid,under construction,vatika sovereign next sector-82 a gurgaon,gurgaon,2.91
232.26,3.0,4.0,2.0,1.0,sector 12,50.0,1.0,0.0,0.0,0.0,0.0,0.0,1.0,1.0,0.0,0.0,0.0,0.0,1.0,0.0,1.0,0.0,0.0,0.0,0.0,6.0,10.0,4.0,6.0,0.0,1.0,0.0,0.0,1.0,5.0,1.0,1.0,1.0,0.0,1.0,0.0,1.0,0.0,super built up,low,old,bhagwati sadan,gurgaon,1.15
89.0,3.0,3.0,3.0,1.0,sector 89,14.0,1.0,0.0,0.0,1.0,0.0,1.0,0.0,1.0,0.0,1.0,1.0,1.0,0.0,1.0,0.0,0.0,0.0,0.0,0.0,6.0,10.0,4.0,6.0,0.0,1.0,0.0,0.0,1.0,5.0,1.0,1.0,1.0,0.0,1.0,0.0,1.0,0.0,carpet,low,mid aged,smart world gems,gurgaon,1.2
113.81,2.0,2.0,3.0,0.0,sector 33,45.0,1.0,0.0,0.0,0.0,0.0,0.0,1.0,0.0,0.0,0.0,0.0,0.0,0.0,0.0,0.0,1.0,0.0,0.0,0.0,6.0,10.0,4.0,6.0,0.0,1.0,0.0,0.0,1.0,5.0,1.0,1.0,1.0,0.0,1.0,0.0,1.0,0.0,carpet,high,new,micasa sec 68,sohna,1.5
162.67,3.0,3.0,3.0,0.0,sector 33,7.0,1.0,0.0,0.0,0.0,0.0,0.0,0.0,1.0,0.0,0.0,0.0,1.0,0.0,0.0,0.0,0.0,0.0,0.0,0.0,6.0,10.0,4.0,6.0,0.0,1.0,0.0,0.0,1.0,5.0,1.0,1.0,1.0,0.0,1.0,0.0,1.0,0.0,super built up,high,new,eldeco accolade,sohna,1.3
156.91,3.0,3.0,3.0,0.0,sector 104,7.0,1.0,0.0,0.0,0.0,1.0,0.0,0.0,1.0,1.0,1.0,1.0,1.0,0.0,0.0,0.0,0.0,0.0,0.0,0.0,6.0,10.0,4.0,6.0,0.0,1.0,0.0,0.0,1.0,5.0,1.0,1.0,1.0,0.0,1.0,0.0,1.0,0.0,super built up,low,mid aged,hero homes,gurgaon,1.75
65.03,2.0,2.0,1.0,1.0,sector 3,48.0,1.0,0.0,0.0,0.0,0.0,0.0,0.0,0.0,0.0,0.0,0.0,0.0,0.0,0.0,1.0,0.0,0.0,0.0,0.0,6.0,10.0,4.0,6.0,0.0,1.0,0.0,0.0,1.0,5.0,1.0,1.0,1.0,0.0,1.0,0.0,1.0,0.0,carpet,mid,new,shyam sadan,gurgaon,0.55
169.83,3.0,3.0,3.0,0.0,sector 65,11.0,1.0,0.0,0.0,1.0,0.0,1.0,0.0,1.0,1.0,0.0,1.0,1.0,0.0,1.0,0.0,0.0,0.0,0.0,0.0,6.0,10.0,4.0,6.0,0.0,1.0,0.0,0.0,1.0,5.0,1.0,1.0,1.0,0.0,1.0,0.0,1.0,0.0,super built up,high,mid aged,m3m heights,gurgaon,2.5
75.25,2.0,2.0,1.0,0.0,sector 33,48.0,1.0,0.0,0.0,0.0,0.0,0.0,0.0,1.0,0.0,0.0,0.0,0.0,1.0,0.0,0.0,1.0,0.0,0.0,0.0,6.0,10.0,4.0,6.0,0.0,1.0,0.0,0.0,1.0,5.0,1.0,1.0,1.0,0.0,1.0,0.0,1.0,0.0,super built up,low,old,hanumanta apartment,gurgaon,0.43
92.9,3.0,3.0,2.0,0.0,sector 37,15.0,1.0,0.0,0.0,0.0,0.0,0.0,0.0,0.0,0.0,1.0,0.0,0.0,0.0,0.0,0.0,0.0,0.0,0.0,0.0,6.0,10.0,4.0,6.0,0.0,1.0,0.0,0.0,1.0,5.0,1.0,1.0,1.0,0.0,1.0,0.0,1.0,0.0,super built up,high,new,ashiyara 2,gurgaon,0.45
203.55,4.0,3.0,3.0,0.0,sector 37,11.0,1.0,0.0,0.0,1.0,0.0,1.0,0.0,1.0,1.0,0.0,0.0,1.0,0.0,1.0,0.0,0.0,0.0,0.0,0.0,6.0,10.0,4.0,6.0,0.0,1.0,0.0,0.0,1.0,5.0,1.0,1.0,1.0,0.0,1.0,0.0,1.0,0.0,super built up,mid,mid aged,bptp terra,gurgaon,1.95
58.16,2.0,2.0,1.0,0.0,sector 90,15.0,1.0,0.0,0.0,0.0,0.0,0.0,1.0,1.0,0.0,0.0,0.0,0.0,1.0,0.0,0.0,1.0,1.0,0.0,0.0,6.0,10.0,4.0,6.0,0.0,1.0,0.0,0.0,1.0,5.0,1.0,1.0,1.0,0.0,1.0,0.0,1.0,0.0,carpet,low,new,green court,gurgaon,0.45
145.86,3.0,2.0,3.0,0.0,sector 79,3.0,0.0,0.0,0.0,0.0,0.0,0.0,0.0,0.0,0.0,0.0,0.0,0.0,1.0,0.0,0.0,0.0,0.0,0.0,1.0,6.0,10.0,4.0,6.0,0.0,1.0,0.0,0.0,1.0,5.0,1.0,1.0,1.0,0.0,1.0,0.0,1.0,0.0,built up,high,under construction,m3m golf hills phase 1,gurgaon,1.7
167.23,3.0,2.0,3.0,0.0,sector 9,50.0,1.0,0.0,0.0,0.0,0.0,0.0,1.0,1.0,0.0,1.0,0.0,0.0,0.0,0.0,0.0,0.0,0.0,0.0,1.0,6.0,10.0,4.0,6.0,0.0,1.0,0.0,0.0,1.0,5.0,1.0,1.0,1.0,0.0,1.0,0.0,1.0,0.0,carpet,mid,old,abhinav group housing society,gurgaon,1.1
48.31,2.0,2.0,1.0,0.0,sector 86,9.0,0.0,0.0,0.0,1.0,0.0,0.0,0.0,1.0,0.0,0.0,0.0,0.0,0.0,0.0,0.0,0.0,0.0,0.0,0.0,6.0,10.0,4.0,6.0,0.0,1.0,0.0,0.0,1.0,5.0,1.0,1.0,1.0,0.0,1.0,0.0,1.0,0.0,carpet,high,new,pyramid urban homes 2,gurgaon,0.5
169.83,3.0,3.0,3.0,0.0,sector 65,11.0,1.0,0.0,0.0,1.0,0.0,1.0,0.0,1.0,1.0,0.0,1.0,1.0,0.0,1.0,0.0,0.0,0.0,0.0,0.0,6.0,10.0,4.0,6.0,0.0,1.0,0.0,0.0,1.0,5.0,1.0,1.0,1.0,0.0,1.0,0.0,1.0,0.0,super built up,high,mid aged,m3m heights,gurgaon,2.8
83.61204013377927,3.0,2.0,3.0,1.0,sector 33,8.0,1.0,0.0,0.0,1.0,0.0,0.0,0.0,1.0,1.0,0.0,0.0,0.0,0.0,0.0,0.0,0.0,0.0,0.0,0.0,6.0,10.0,4.0,6.0,0.0,1.0,0.0,0.0,1.0,5.0,1.0,1.0,1.0,0.0,1.0,0.0,1.0,0.0,built up,high,under construction,godrej nature plus,sohna,1.45
151.43,3.0,3.0,2.0,0.0,sector 61,13.0,1.0,0.0,0.0,1.0,0.0,1.0,0.0,1.0,1.0,1.0,1.0,0.0,0.0,0.0,0.0,0.0,0.0,0.0,0.0,6.0,10.0,4.0,6.0,0.0,1.0,0.0,0.0,1.0,5.0,1.0,1.0,1.0,0.0,1.0,0.0,1.0,0.0,carpet,low,mid aged,smart world orchard,gurgaon,2.2
118.45,2.0,2.0,2.0,0.0,sector 33,13.0,1.0,0.0,0.0,1.0,0.0,1.0,0.0,1.0,0.0,0.0,0.0,0.0,1.0,1.0,0.0,0.0,1.0,0.0,0.0,6.0,10.0,4.0,6.0,0.0,1.0,0.0,0.0,1.0,5.0,1.0,1.0,1.0,0.0,1.0,0.0,1.0,0.0,super built up,high,new,ashiana anmol,sohna,0.9
161.19,3.0,3.0,3.0,1.0,sector 77,10.0,1.0,0.0,0.0,1.0,0.0,1.0,0.0,1.0,1.0,0.0,0.0,1.0,0.0,0.0,0.0,0.0,0.0,0.0,0.0,6.0,10.0,4.0,6.0,0.0,1.0,0.0,0.0,1.0,5.0,1.0,1.0,1.0,0.0,1.0,0.0,1.0,0.0,super built up,mid,new,umang winter hills,gurgaon,1.35
213.68,4.0,4.0,0.0,0.0,sector 67,23.0,1.0,0.0,0.0,0.0,0.0,1.0,1.0,0.0,0.0,0.0,0.0,0.0,0.0,0.0,1.0,0.0,0.0,0.0,0.0,6.0,10.0,4.0,6.0,0.0,1.0,0.0,0.0,1.0,5.0,1.0,1.0,1.0,0.0,1.0,0.0,1.0,0.0,carpet,mid,under construction,aardhya homesh,gurgaon,1.85
35.3,1.0,1.0,1.0,0.0,sector 95,14.0,0.0,0.0,0.0,0.0,0.0,0.0,0.0,0.0,1.0,1.0,1.0,1.0,0.0,0.0,0.0,1.0,0.0,0.0,1.0,6.0,10.0,4.0,6.0,0.0,1.0,0.0,0.0,1.0,5.0,1.0,1.0,1.0,0.0,1.0,0.0,1.0,0.0,super built up,mid,new,rof ananda,gurgaon,0.25
102.66,2.0,2.0,3.0,1.0,sector 89,14.0,1.0,0.0,0.0,1.0,0.0,1.0,0.0,1.0,0.0,1.0,1.0,1.0,0.0,1.0,0.0,0.0,0.0,0.0,0.0,6.0,10.0,4.0,6.0,0.0,1.0,0.0,0.0,1.0,5.0,1.0,1.0,1.0,0.0,1.0,0.0,1.0,0.0,carpet,low,new,smart world gems,gurgaon,0.88
126.81,2.0,2.0,2.0,1.0,sector 99,11.0,1.0,0.0,0.0,0.0,0.0,1.0,0.0,1.0,1.0,0.0,1.0,1.0,0.0,1.0,0.0,0.0,0.0,0.0,0.0,6.0,10.0,4.0,6.0,0.0,1.0,0.0,0.0,1.0,5.0,1.0,1.0,1.0,0.0,1.0,0.0,1.0,0.0,super built up,low,new,assotech blith,gurgaon,1.15
121.98,3.0,3.0,3.0,0.0,sector 17,49.0,1.0,0.0,0.0,0.0,0.0,0.0,0.0,1.0,0.0,0.0,0.0,0.0,1.0,0.0,1.0,0.0,0.0,0.0,1.0,6.0,10.0,4.0,6.0,0.0,1.0,0.0,0.0,1.0,5.0,1.0,1.0,1.0,0.0,1.0,0.0,1.0,0.0,super built up,mid,old,essel tower,gurgaon,1.6
116.31,2.0,2.0,2.0,0.0,sector 99,13.0,1.0,0.0,0.0,1.0,0.0,0.0,0.0,1.0,1.0,1.0,0.0,1.0,0.0,1.0,0.0,0.0,0.0,1.0,0.0,6.0,10.0,4.0,6.0,0.0,1.0,0.0,0.0,1.0,5.0,1.0,1.0,1.0,0.0,1.0,0.0,1.0,0.0,super built up,low,new,raheja vanya,gurgaon,0.85
92.9,2.0,2.0,2.0,0.0,sector 82,6.0,0.0,0.0,0.0,0.0,0.0,0.0,0.0,1.0,1.0,0.0,0.0,0.0,0.0,0.0,0.0,0.0,0.0,0.0,0.0,6.0,10.0,4.0,6.0,0.0,1.0,0.0,0.0,1.0,5.0,1.0,1.0,1.0,0.0,1.0,0.0,1.0,0.0,built up,low,under construction,vatika inxt floors,gurgaon,0.75
418.06,4.0,4.0,3.0,1.0,sector 2,28.0,1.0,0.0,0.0,0.0,1.0,1.0,1.0,1.0,0.0,1.0,1.0,0.0,0.0,0.0,1.0,0.0,0.0,0.0,0.0,6.0,10.0,4.0,6.0,0.0,1.0,0.0,0.0,1.0,5.0,1.0,1.0,1.0,0.0,1.0,0.0,1.0,0.0,carpet,low,new,palam vihar society,gurgaon,3.35
171.87,3.0,3.0,3.0,0.0,sector 88,7.0,1.0,0.0,0.0,0.0,1.0,0.0,0.0,1.0,0.0,0.0,0.0,1.0,0.0,0.0,0.0,0.0,0.0,0.0,0.0,6.0,10.0,4.0,6.0,0.0,1.0,0.0,0.0,1.0,5.0,1.0,1.0,1.0,0.0,1.0,0.0,1.0,0.0,super built up,high,new,godrej oasis,gurgaon,1.5
219.62,4.0,4.0,3.0,1.0,sector 91,8.0,1.0,0.0,0.0,0.0,0.0,1.0,0.0,1.0,1.0,0.0,1.0,0.0,0.0,0.0,0.0,0.0,0.0,0.0,0.0,6.0,10.0,4.0,6.0,0.0,1.0,0.0,0.0,1.0,5.0,1.0,1.0,1.0,0.0,1.0,0.0,1.0,0.0,super built up,high,old,dlf new town heights,gurgaon,1.65
253.35,4.0,4.0,3.0,1.0,sector 91,8.0,1.0,0.0,0.0,0.0,0.0,1.0,0.0,1.0,1.0,0.0,1.0,0.0,0.0,0.0,0.0,0.0,0.0,0.0,0.0,6.0,10.0,4.0,6.0,0.0,1.0,0.0,0.0,1.0,5.0,1.0,1.0,1.0,0.0,1.0,0.0,1.0,0.0,super built up,high,old,dlf new town heights,gurgaon,2.0
260.13,4.0,4.0,3.0,1.0,sector 1,50.0,1.0,0.0,0.0,0.0,0.0,0.0,1.0,1.0,0.0,0.0,0.0,0.0,1.0,0.0,1.0,0.0,0.0,0.0,0.0,6.0,10.0,4.0,6.0,0.0,1.0,0.0,0.0,1.0,5.0,1.0,1.0,1.0,0.0,1.0,0.0,1.0,0.0,carpet,high,new,sonata group housing society sector 1 manesar,gurgaon,1.75
109.63,2.0,2.0,2.0,0.0,sector 68,24.0,1.0,0.0,0.0,0.0,0.0,1.0,1.0,0.0,0.0,0.0,0.0,0.0,0.0,0.0,1.0,0.0,0.0,0.0,0.0,6.0,10.0,4.0,6.0,0.0,1.0,0.0,0.0,1.0,5.0,1.0,1.0,1.0,0.0,1.0,0.0,1.0,0.0,carpet,low,new,supertech hues,gurgaon,0.9
173.26,3.0,3.0,3.0,0.0,sector 70,7.0,1.0,0.0,0.0,1.0,0.0,1.0,0.0,1.0,1.0,0.0,0.0,0.0,0.0,0.0,0.0,0.0,0.0,0.0,0.0,6.0,10.0,4.0,6.0,0.0,1.0,0.0,0.0,1.0,5.0,1.0,1.0,1.0,0.0,1.0,0.0,1.0,0.0,super built up,high,under construction,krrish florence estate,gurgaon,1.25
142.79,3.0,3.0,3.0,0.0,sector 37,32.0,1.0,0.0,0.0,0.0,0.0,0.0,0.0,0.0,0.0,1.0,0.0,0.0,0.0,0.0,0.0,0.0,0.0,0.0,0.0,6.0,10.0,4.0,6.0,0.0,1.0,0.0,0.0,1.0,5.0,1.0,1.0,1.0,0.0,1.0,0.0,1.0,0.0,carpet,high,new,piedmont taksila heights,gurgaon,1.0
223.71,3.0,5.0,3.0,0.0,sector 85,13.0,1.0,0.0,0.0,1.0,0.0,1.0,0.0,1.0,1.0,0.0,0.0,1.0,0.0,1.0,0.0,0.0,0.0,1.0,0.0,6.0,10.0,4.0,6.0,0.0,1.0,0.0,0.0,1.0,5.0,1.0,1.0,1.0,0.0,1.0,0.0,1.0,0.0,super built up,low,new,ss the leaf,gurgaon,2.15
76.74,1.0,1.0,1.0,0.0,sector 67,23.0,1.0,0.0,0.0,0.0,0.0,1.0,1.0,0.0,0.0,0.0,0.0,0.0,0.0,0.0,1.0,0.0,1.0,0.0,0.0,6.0,10.0,4.0,6.0,0.0,1.0,0.0,0.0,1.0,5.0,1.0,1.0,1.0,0.0,1.0,0.0,1.0,0.0,built up,high,new,m3m urbana,gurgaon,1.0
117.24,2.0,2.0,3.0,0.0,sector 70,11.0,1.0,0.0,0.0,1.0,0.0,1.0,0.0,1.0,1.0,0.0,0.0,0.0,0.0,1.0,0.0,0.0,0.0,0.0,0.0,6.0,10.0,4.0,6.0,0.0,1.0,0.0,0.0,1.0,5.0,1.0,1.0,1.0,0.0,1.0,0.0,1.0,0.0,super built up,high,new,aipl zen residences,gurgaon,1.65
205.78,4.0,3.0,3.0,0.0,sector 90,14.0,0.0,0.0,0.0,0.0,1.0,0.0,0.0,0.0,0.0,0.0,0.0,0.0,0.0,0.0,0.0,0.0,0.0,0.0,0.0,6.0,10.0,4.0,6.0,0.0,1.0,0.0,0.0,1.0,5.0,1.0,1.0,1.0,0.0,1.0,0.0,1.0,0.0,carpet,high,old,dlf regal gardens,gurgaon,1.79
83.61204013377927,3.0,3.0,3.0,0.0,sector 85,8.0,1.0,0.0,0.0,1.0,0.0,0.0,0.0,1.0,1.0,0.0,0.0,1.0,0.0,0.0,0.0,0.0,0.0,0.0,0.0,6.0,10.0,4.0,6.0,0.0,1.0,0.0,0.0,1.0,5.0,1.0,1.0,1.0,0.0,1.0,0.0,1.0,0.0,carpet,high,under construction,godrej air,gurgaon,1.8
132.85,3.0,3.0,3.0,0.0,sector 2,11.0,0.0,0.0,0.0,1.0,1.0,0.0,0.0,1.0,0.0,0.0,1.0,0.0,0.0,0.0,0.0,0.0,0.0,0.0,0.0,6.0,10.0,4.0,6.0,0.0,1.0,0.0,0.0,1.0,5.0,1.0,1.0,1.0,0.0,1.0,0.0,1.0,0.0,built up,mid,under construction,suncity vatsal valley,gurgaon,1.45
54.35,1.0,1.0,1.0,0.0,sector 21,48.0,1.0,0.0,0.0,0.0,0.0,0.0,1.0,0.0,0.0,0.0,0.0,0.0,0.0,0.0,1.0,0.0,0.0,0.0,0.0,6.0,10.0,4.0,6.0,0.0,1.0,0.0,0.0,1.0,5.0,1.0,1.0,1.0,0.0,1.0,0.0,1.0,0.0,super built up,low,new,shree shyam residency,gurgaon,0.22
65.03,2.0,2.0,1.0,0.0,sector 7,50.0,1.0,0.0,0.0,0.0,0.0,0.0,1.0,1.0,0.0,0.0,0.0,0.0,0.0,0.0,0.0,0.0,0.0,0.0,1.0,6.0,10.0,4.0,6.0,0.0,1.0,0.0,0.0,1.0,5.0,1.0,1.0,1.0,0.0,1.0,0.0,1.0,0.0,built up,low,new,project krishna colony,gurgaon,0.36
54.53,2.0,2.0,1.0,0.0,sector 33,10.0,0.0,0.0,0.0,0.0,0.0,0.0,1.0,0.0,0.0,0.0,0.0,0.0,0.0,0.0,0.0,0.0,0.0,0.0,1.0,6.0,10.0,4.0,6.0,0.0,1.0,0.0,0.0,1.0,5.0,1.0,1.0,1.0,0.0,1.0,0.0,1.0,0.0,built up,high,new,mvn athens,sohna,0.25
142.51,3.0,3.0,3.0,1.0,sector 79,12.0,1.0,0.0,0.0,1.0,0.0,1.0,0.0,1.0,1.0,0.0,0.0,1.0,0.0,0.0,0.0,0.0,0.0,1.0,0.0,6.0,10.0,4.0,6.0,0.0,1.0,0.0,0.0,1.0,5.0,1.0,1.0,1.0,0.0,1.0,0.0,1.0,0.0,super built up,low,new,m3m antalya hills,gurgaon,1.15
87.89,3.0,3.0,0.0,0.0,sector 33,50.0,1.0,0.0,0.0,0.0,0.0,0.0,1.0,1.0,0.0,0.0,0.0,0.0,1.0,0.0,1.0,0.0,0.0,0.0,0.0,6.0,10.0,4.0,6.0,0.0,1.0,0.0,0.0,1.0,5.0,1.0,1.0,1.0,0.0,1.0,0.0,1.0,0.0,carpet,low,under construction,central park flower valley,sohna,1.65
213.49,4.0,4.0,3.0,1.0,sector 113,8.0,1.0,0.0,0.0,1.0,0.0,0.0,0.0,1.0,1.0,1.0,1.0,1.0,0.0,0.0,0.0,0.0,0.0,0.0,0.0,6.0,10.0,4.0,6.0,0.0,1.0,0.0,0.0,1.0,5.0,1.0,1.0,1.0,0.0,1.0,0.0,1.0,0.0,carpet,high,new,m3m capital,gurgaon,2.9
122.63,2.0,2.0,3.0,1.0,sector 92,5.0,0.0,0.0,0.0,0.0,0.0,0.0,0.0,0.0,0.0,0.0,0.0,1.0,0.0,0.0,0.0,0.0,0.0,0.0,0.0,6.0,10.0,4.0,6.0,0.0,1.0,0.0,0.0,1.0,5.0,1.0,1.0,1.0,0.0,1.0,0.0,1.0,0.0,super built up,high,under construction,ansal heights,gurgaon,0.6
222.97,3.0,3.0,0.0,0.0,sector 47,43.0,1.0,0.0,0.0,0.0,0.0,1.0,1.0,0.0,0.0,0.0,0.0,0.0,0.0,0.0,0.0,0.0,0.0,0.0,0.0,6.0,10.0,4.0,6.0,0.0,1.0,0.0,0.0,1.0,5.0,1.0,1.0,1.0,0.0,1.0,0.0,1.0,0.0,carpet,low,old,malibu towne,gurgaon,2.4
117.24,2.0,2.0,3.0,0.0,sector 70,14.0,1.0,0.0,0.0,0.0,0.0,1.0,1.0,0.0,0.0,0.0,0.0,0.0,0.0,0.0,1.0,0.0,0.0,0.0,0.0,6.0,10.0,4.0,6.0,0.0,1.0,0.0,0.0,1.0,5.0,1.0,1.0,1.0,0.0,1.0,0.0,1.0,0.0,carpet,high,under construction,aipl zen residences,gurgaon,1.25
133.13,2.0,2.0,3.0,0.0,sector 65,11.0,1.0,0.0,0.0,1.0,0.0,1.0,0.0,1.0,1.0,0.0,1.0,1.0,0.0,1.0,0.0,0.0,0.0,0.0,0.0,6.0,10.0,4.0,6.0,0.0,1.0,0.0,0.0,1.0,5.0,1.0,1.0,1.0,0.0,1.0,0.0,1.0,0.0,built up,high,under construction,m3m heights,gurgaon,2.15
69.03,2.0,2.0,1.0,0.0,sector 33,5.0,0.0,0.0,0.0,0.0,0.0,0.0,0.0,0.0,0.0,0.0,0.0,0.0,0.0,0.0,0.0,0.0,0.0,0.0,1.0,6.0,10.0,4.0,6.0,0.0,1.0,0.0,0.0,1.0,5.0,1.0,1.0,1.0,0.0,1.0,0.0,1.0,0.0,built up,mid,under construction,hcbs sports ville,sohna,0.3
69.68,2.0,2.0,2.0,0.0,sector 33,5.0,0.0,0.0,0.0,0.0,0.0,0.0,0.0,0.0,0.0,0.0,0.0,0.0,0.0,0.0,0.0,0.0,0.0,0.0,1.0,6.0,10.0,4.0,6.0,0.0,1.0,0.0,0.0,1.0,5.0,1.0,1.0,1.0,0.0,1.0,0.0,1.0,0.0,built up,high,under construction,hcbs sports ville,sohna,0.38
111.48,2.0,2.0,3.0,0.0,sector 54,45.0,1.0,0.0,0.0,0.0,1.0,1.0,1.0,1.0,0.0,0.0,0.0,0.0,0.0,0.0,1.0,0.0,1.0,0.0,1.0,6.0,10.0,4.0,6.0,0.0,1.0,0.0,0.0,1.0,5.0,1.0,1.0,1.0,0.0,1.0,0.0,1.0,0.0,built up,mid,under construction,jmd empire,gurgaon,1.5
88.26,2.0,2.0,1.0,0.0,sector 4,48.0,1.0,0.0,0.0,0.0,0.0,0.0,1.0,0.0,0.0,0.0,0.0,0.0,0.0,0.0,1.0,0.0,0.0,0.0,0.0,6.0,10.0,4.0,6.0,0.0,1.0,0.0,0.0,1.0,5.0,1.0,1.0,1.0,0.0,1.0,0.0,1.0,0.0,built up,mid,under construction,housing apna enclave,gurgaon,0.39
222.97,3.0,4.0,0.0,0.0,sector 99,11.0,1.0,0.0,0.0,0.0,0.0,1.0,0.0,1.0,1.0,0.0,1.0,1.0,0.0,1.0,0.0,0.0,0.0,0.0,0.0,6.0,10.0,4.0,6.0,0.0,1.0,0.0,0.0,1.0,5.0,1.0,1.0,1.0,0.0,1.0,0.0,1.0,0.0,built up,high,under construction,assotech blith,gurgaon,1.6
185.71,4.0,4.0,3.0,0.0,sector 68,15.0,1.0,0.0,0.0,1.0,0.0,1.0,0.0,1.0,1.0,0.0,1.0,1.0,0.0,1.0,0.0,0.0,1.0,0.0,0.0,6.0,10.0,4.0,6.0,0.0,1.0,0.0,0.0,1.0,5.0,1.0,1.0,1.0,0.0,1.0,0.0,1.0,0.0,super built up,low,new,pareena mi casa,gurgaon,1.7
213.86,3.0,3.0,3.0,1.0,sector 54,47.0,1.0,0.0,0.0,0.0,1.0,1.0,1.0,0.0,0.0,0.0,1.0,0.0,1.0,0.0,1.0,1.0,0.0,0.0,1.0,6.0,10.0,4.0,6.0,0.0,1.0,0.0,0.0,1.0,5.0,1.0,1.0,1.0,0.0,1.0,0.0,1.0,0.0,carpet,high,old,suncity heights,gurgaon,3.25
65.96,2.0,2.0,3.0,0.0,sector 111,15.0,1.0,1.0,0.0,0.0,1.0,1.0,1.0,1.0,0.0,0.0,1.0,0.0,0.0,0.0,0.0,0.0,0.0,0.0,0.0,6.0,10.0,4.0,6.0,0.0,1.0,0.0,0.0,1.0,5.0,1.0,1.0,1.0,0.0,1.0,0.0,1.0,0.0,carpet,high,new,lotus homz,gurgaon,0.6
92.9,2.0,2.0,0.0,0.0,sector 95,4.0,1.0,0.0,0.0,0.0,0.0,0.0,0.0,0.0,0.0,0.0,0.0,0.0,1.0,0.0,0.0,0.0,0.0,0.0,0.0,6.0,10.0,4.0,6.0,0.0,1.0,0.0,0.0,1.0,5.0,1.0,1.0,1.0,0.0,1.0,0.0,1.0,0.0,super built up,low,under construction,ramson kshitij sec-95 gurugram,gurgaon,0.27
99.31,2.0,1.0,1.0,0.0,sector 28,49.0,1.0,0.0,0.0,0.0,1.0,1.0,1.0,0.0,0.0,0.0,1.0,0.0,0.0,0.0,1.0,0.0,0.0,0.0,1.0,6.0,10.0,4.0,6.0,0.0,1.0,0.0,0.0,1.0,5.0,1.0,1.0,1.0,0.0,1.0,0.0,1.0,0.0,carpet,low,old,maruti vihar colony,gurgaon,0.95
133.13,2.0,2.0,3.0,1.0,sector 65,11.0,1.0,0.0,0.0,1.0,0.0,1.0,0.0,1.0,1.0,0.0,1.0,1.0,0.0,1.0,0.0,0.0,0.0,0.0,0.0,6.0,10.0,4.0,6.0,0.0,1.0,0.0,0.0,1.0,5.0,1.0,1.0,1.0,0.0,1.0,0.0,1.0,0.0,super built up,mid,new,m3m heights,gurgaon,2.65
50.73,2.0,2.0,1.0,0.0,sector 79,3.0,0.0,0.0,0.0,0.0,0.0,0.0,0.0,0.0,0.0,0.0,0.0,0.0,1.0,0.0,0.0,0.0,0.0,0.0,1.0,6.0,10.0,4.0,6.0,0.0,1.0,0.0,0.0,1.0,5.0,1.0,1.0,1.0,0.0,1.0,0.0,1.0,0.0,built up,mid,new,supertech basera,gurgaon,0.36
55.74,2.0,2.0,3.0,0.0,sector 37,15.0,1.0,0.0,0.0,0.0,0.0,0.0,0.0,1.0,0.0,1.0,0.0,1.0,0.0,0.0,0.0,1.0,0.0,0.0,0.0,6.0,10.0,4.0,6.0,0.0,1.0,0.0,0.0,1.0,5.0,1.0,1.0,1.0,0.0,1.0,0.0,1.0,0.0,super built up,low,new,signature global the millennia,gurgaon,0.55
72.46,3.0,3.0,3.0,0.0,sector 89,9.0,1.0,0.0,0.0,0.0,0.0,0.0,0.0,1.0,1.0,0.0,0.0,1.0,0.0,0.0,0.0,0.0,0.0,0.0,0.0,6.0,10.0,4.0,6.0,0.0,1.0,0.0,0.0,1.0,5.0,1.0,1.0,1.0,0.0,1.0,0.0,1.0,0.0,carpet,low,mid aged,m3m soulitude,gurgaon,1.32
116.33,2.0,2.0,3.0,1.0,sector 99,13.0,1.0,0.0,0.0,1.0,0.0,0.0,0.0,1.0,1.0,1.0,0.0,1.0,0.0,1.0,0.0,0.0,0.0,1.0,0.0,6.0,10.0,4.0,6.0,0.0,1.0,0.0,0.0,1.0,5.0,1.0,1.0,1.0,0.0,1.0,0.0,1.0,0.0,super built up,low,mid aged,raheja vanya,gurgaon,0.59
78.97,2.0,2.0,1.0,0.0,sector 4,48.0,1.0,0.0,0.0,0.0,0.0,0.0,1.0,0.0,0.0,0.0,0.0,0.0,0.0,0.0,1.0,0.0,0.0,0.0,0.0,6.0,10.0,4.0,6.0,0.0,1.0,0.0,0.0,1.0,5.0,1.0,1.0,1.0,0.0,1.0,0.0,1.0,0.0,carpet,mid,new,"ganpati apartment  2, laxman vihar phase 1",gurgaon,0.45
119.38,3.0,3.0,2.0,0.0,sector 37,4.0,0.0,0.0,0.0,0.0,0.0,0.0,0.0,1.0,0.0,0.0,0.0,1.0,0.0,0.0,0.0,0.0,0.0,0.0,0.0,6.0,10.0,4.0,6.0,0.0,1.0,0.0,0.0,1.0,5.0,1.0,1.0,1.0,0.0,1.0,0.0,1.0,0.0,super built up,high,new,ramprastha the atrium,gurgaon,0.9
134.9,2.0,2.0,3.0,1.0,sector 33,7.0,1.0,0.0,0.0,0.0,0.0,0.0,0.0,1.0,0.0,0.0,0.0,1.0,0.0,0.0,0.0,0.0,0.0,0.0,0.0,6.0,10.0,4.0,6.0,0.0,1.0,0.0,0.0,1.0,5.0,1.0,1.0,1.0,0.0,1.0,0.0,1.0,0.0,super built up,mid,new,eldeco accolade,sohna,0.95
169.83,3.0,3.0,3.0,0.0,sector 65,11.0,1.0,0.0,0.0,1.0,0.0,1.0,0.0,1.0,1.0,0.0,1.0,1.0,0.0,1.0,0.0,0.0,0.0,0.0,0.0,6.0,10.0,4.0,6.0,0.0,1.0,0.0,0.0,1.0,5.0,1.0,1.0,1.0,0.0,1.0,0.0,1.0,0.0,super built up,high,mid aged,m3m heights,gurgaon,3.0
189.52,3.0,3.0,2.0,1.0,sector 65,11.0,1.0,0.0,0.0,1.0,0.0,1.0,0.0,1.0,1.0,0.0,1.0,1.0,0.0,1.0,0.0,0.0,0.0,0.0,0.0,6.0,10.0,4.0,6.0,0.0,1.0,0.0,0.0,1.0,5.0,1.0,1.0,1.0,0.0,1.0,0.0,1.0,0.0,super built up,high,mid aged,m3m heights,gurgaon,3.67
477.52,5.0,6.0,3.0,1.0,sector 82,12.0,1.0,0.0,0.0,1.0,0.0,1.0,0.0,1.0,1.0,0.0,0.0,0.0,0.0,0.0,0.0,0.0,0.0,0.0,0.0,6.0,10.0,4.0,6.0,0.0,1.0,0.0,0.0,1.0,5.0,1.0,1.0,1.0,0.0,1.0,0.0,1.0,0.0,carpet,mid,new,vatika sovereign next,gurgaon,3.85
169.83,3.0,3.0,3.0,0.0,sector 65,11.0,1.0,0.0,0.0,1.0,0.0,1.0,0.0,1.0,1.0,0.0,1.0,1.0,0.0,1.0,0.0,0.0,0.0,0.0,0.0,6.0,10.0,4.0,6.0,0.0,1.0,0.0,0.0,1.0,5.0,1.0,1.0,1.0,0.0,1.0,0.0,1.0,0.0,super built up,high,new,m3m heights,gurgaon,3.29
117.15,2.0,2.0,3.0,0.0,sector 65,11.0,1.0,0.0,0.0,1.0,0.0,1.0,0.0,1.0,1.0,0.0,1.0,1.0,0.0,1.0,0.0,0.0,0.0,0.0,0.0,6.0,10.0,4.0,6.0,0.0,1.0,0.0,0.0,1.0,5.0,1.0,1.0,1.0,0.0,1.0,0.0,1.0,0.0,super built up,high,under construction,m3m heights,gurgaon,2.33
169.83,3.0,3.0,3.0,0.0,sector 65,11.0,1.0,0.0,0.0,1.0,0.0,1.0,0.0,1.0,1.0,0.0,1.0,1.0,0.0,1.0,0.0,0.0,0.0,0.0,0.0,6.0,10.0,4.0,6.0,0.0,1.0,0.0,0.0,1.0,5.0,1.0,1.0,1.0,0.0,1.0,0.0,1.0,0.0,super built up,high,new,m3m heights,gurgaon,2.79
269.42,4.0,4.0,3.0,0.0,sector 41,49.0,1.0,0.0,0.0,0.0,1.0,1.0,1.0,1.0,0.0,0.0,1.0,0.0,1.0,0.0,0.0,0.0,0.0,0.0,1.0,6.0,10.0,4.0,6.0,0.0,1.0,0.0,0.0,1.0,5.0,1.0,1.0,1.0,0.0,1.0,0.0,1.0,0.0,built up,low,under construction,south city 1 floors,gurgaon,3.4
91.97,2.0,2.0,1.0,1.0,sector 12,14.0,1.0,0.0,0.0,0.0,0.0,0.0,0.0,0.0,0.0,0.0,0.0,0.0,0.0,0.0,0.0,0.0,0.0,0.0,0.0,6.0,10.0,4.0,6.0,0.0,1.0,0.0,0.0,1.0,5.0,1.0,1.0,1.0,0.0,1.0,0.0,1.0,0.0,carpet,low,new,allure homes,gurgaon,0.72
52.81,2.0,2.0,1.0,0.0,sector 104,9.0,1.0,0.0,0.0,1.0,0.0,1.0,0.0,1.0,1.0,0.0,0.0,0.0,0.0,1.0,0.0,0.0,0.0,0.0,0.0,6.0,10.0,4.0,6.0,0.0,1.0,0.0,0.0,1.0,5.0,1.0,1.0,1.0,0.0,1.0,0.0,1.0,0.0,super built up,mid,new,zara aavaas,gurgaon,0.4
126.72,2.0,2.0,2.0,0.0,sector 95,4.0,1.0,0.0,0.0,0.0,0.0,0.0,0.0,0.0,0.0,0.0,0.0,0.0,1.0,0.0,0.0,0.0,0.0,0.0,0.0,6.0,10.0,4.0,6.0,0.0,1.0,0.0,0.0,1.0,5.0,1.0,1.0,1.0,0.0,1.0,0.0,1.0,0.0,super built up,high,new,sidhartha ncr one phase 1,gurgaon,0.56
150.5,3.0,3.0,3.0,1.0,sector 71,15.0,1.0,1.0,0.0,0.0,0.0,1.0,1.0,0.0,1.0,0.0,0.0,0.0,0.0,1.0,0.0,1.0,0.0,0.0,0.0,6.0,10.0,4.0,6.0,0.0,1.0,0.0,0.0,1.0,5.0,1.0,1.0,1.0,0.0,1.0,0.0,1.0,0.0,super built up,high,new,chd avenue 71,gurgaon,1.1
121.7,2.0,2.0,3.0,1.0,sector 37,15.0,1.0,1.0,0.0,0.0,0.0,1.0,1.0,1.0,0.0,0.0,0.0,0.0,0.0,0.0,1.0,0.0,1.0,0.0,0.0,6.0,10.0,4.0,6.0,0.0,1.0,0.0,0.0,1.0,5.0,1.0,1.0,1.0,0.0,1.0,0.0,1.0,0.0,super built up,high,new,ramprastha the edge towers,gurgaon,0.71
120.31,2.0,2.0,3.0,1.0,sector 79,3.0,0.0,0.0,0.0,0.0,0.0,0.0,0.0,0.0,0.0,0.0,0.0,0.0,1.0,0.0,0.0,0.0,0.0,0.0,1.0,6.0,10.0,4.0,6.0,0.0,1.0,0.0,0.0,1.0,5.0,1.0,1.0,1.0,0.0,1.0,0.0,1.0,0.0,super built up,high,new,supertech araville,gurgaon,0.78
63.17,2.0,2.0,3.0,0.0,sector 37,12.0,1.0,0.0,0.0,1.0,0.0,1.0,0.0,1.0,1.0,0.0,0.0,1.0,0.0,0.0,0.0,1.0,0.0,0.0,0.0,6.0,10.0,4.0,6.0,0.0,1.0,0.0,0.0,1.0,5.0,1.0,1.0,1.0,0.0,1.0,0.0,1.0,0.0,carpet,low,under construction,imperia aashiyara,gurgaon,0.4
146.69,3.0,2.0,2.0,0.0,sector 113,8.0,1.0,0.0,0.0,1.0,0.0,0.0,0.0,1.0,0.0,0.0,0.0,1.0,0.0,0.0,0.0,0.0,0.0,0.0,0.0,6.0,10.0,4.0,6.0,0.0,1.0,0.0,0.0,1.0,5.0,1.0,1.0,1.0,0.0,1.0,0.0,1.0,0.0,super built up,mid,new,la vida by tata housing,gurgaon,1.85
83.89,2.0,2.0,1.0,0.0,sector 102,13.0,1.0,0.0,0.0,1.0,1.0,0.0,0.0,1.0,1.0,0.0,0.0,1.0,0.0,1.0,0.0,0.0,1.0,0.0,0.0,6.0,10.0,4.0,6.0,0.0,1.0,0.0,0.0,1.0,5.0,1.0,1.0,1.0,0.0,1.0,0.0,1.0,0.0,super built up,high,mid aged,shapoorji pallonji joyville gurugram,gurgaon,1.1
106.84,2.0,2.0,2.0,1.0,sector 61,9.0,1.0,0.0,0.0,1.0,0.0,0.0,0.0,1.0,1.0,1.0,1.0,0.0,0.0,0.0,0.0,0.0,0.0,0.0,0.0,6.0,10.0,4.0,6.0,0.0,1.0,0.0,0.0,1.0,5.0,1.0,1.0,1.0,0.0,1.0,0.0,1.0,0.0,built up,low,mid aged,smart world orchard,gurgaon,1.41
180.7,3.0,3.0,3.0,0.0,sector 79,3.0,0.0,0.0,0.0,0.0,0.0,0.0,0.0,0.0,0.0,0.0,0.0,0.0,1.0,0.0,0.0,0.0,0.0,0.0,1.0,6.0,10.0,4.0,6.0,0.0,1.0,0.0,0.0,1.0,5.0,1.0,1.0,1.0,0.0,1.0,0.0,1.0,0.0,carpet,low,new,supertech araville,gurgaon,1.45
148.64,3.0,3.0,2.0,0.0,sector 61,9.0,1.0,0.0,0.0,1.0,0.0,0.0,0.0,1.0,1.0,1.0,1.0,0.0,0.0,0.0,0.0,0.0,0.0,0.0,0.0,6.0,10.0,4.0,6.0,0.0,1.0,0.0,0.0,1.0,5.0,1.0,1.0,1.0,0.0,1.0,0.0,1.0,0.0,carpet,low,mid aged,smart world orchard,gurgaon,2.2
103.12,2.0,2.0,3.0,0.0,sector 33,13.0,0.0,0.0,0.0,1.0,0.0,1.0,0.0,1.0,1.0,0.0,1.0,1.0,0.0,0.0,0.0,0.0,0.0,0.0,0.0,6.0,10.0,4.0,6.0,0.0,1.0,0.0,0.0,1.0,5.0,1.0,1.0,1.0,0.0,1.0,0.0,1.0,0.0,super built up,high,old,unitech the residences,gurgaon,1.1
188.13,3.0,4.0,3.0,1.0,sector 102,10.0,1.0,0.0,0.0,1.0,0.0,0.0,0.0,1.0,1.0,1.0,0.0,1.0,0.0,1.0,0.0,0.0,0.0,1.0,0.0,6.0,10.0,4.0,6.0,0.0,1.0,0.0,0.0,1.0,5.0,1.0,1.0,1.0,0.0,1.0,0.0,1.0,0.0,carpet,high,new,emaar imperial gardens,gurgaon,2.05
111.48,3.0,2.0,3.0,0.0,sector 92,8.0,1.0,0.0,0.0,0.0,0.0,0.0,0.0,0.0,0.0,0.0,0.0,0.0,1.0,0.0,0.0,0.0,0.0,0.0,0.0,6.0,10.0,4.0,6.0,0.0,1.0,0.0,0.0,1.0,5.0,1.0,1.0,1.0,0.0,1.0,0.0,1.0,0.0,carpet,mid,old,sare homes,gurgaon,0.6
154.22,2.0,3.0,3.0,1.0,sector 89,7.0,0.0,0.0,0.0,0.0,0.0,0.0,0.0,0.0,0.0,1.0,0.0,0.0,1.0,0.0,0.0,0.0,0.0,0.0,1.0,6.0,10.0,4.0,6.0,0.0,1.0,0.0,0.0,1.0,5.0,1.0,1.0,1.0,0.0,1.0,0.0,1.0,0.0,super built up,high,under construction,greenopolis,gurgaon,0.8
54.16,2.0,2.0,2.0,0.0,sector 84,15.0,1.0,0.0,0.0,0.0,0.0,0.0,1.0,1.0,1.0,0.0,0.0,1.0,1.0,1.0,0.0,0.0,0.0,0.0,0.0,6.0,10.0,4.0,6.0,0.0,1.0,0.0,0.0,1.0,5.0,1.0,1.0,1.0,0.0,1.0,0.0,1.0,0.0,super built up,high,new,pivotal devaan,gurgaon,0.41
150.69,3.0,3.0,3.0,1.0,sector 73,42.0,1.0,0.0,0.0,0.0,0.0,1.0,1.0,0.0,0.0,0.0,0.0,0.0,0.0,0.0,0.0,0.0,0.0,0.0,0.0,6.0,10.0,4.0,6.0,0.0,1.0,0.0,0.0,1.0,5.0,1.0,1.0,1.0,0.0,1.0,0.0,1.0,0.0,built up,low,under construction,today callidora,gurgaon,0.9
83.61,2.0,2.0,1.0,0.0,sector 7,50.0,1.0,0.0,0.0,0.0,0.0,0.0,1.0,1.0,0.0,0.0,0.0,0.0,0.0,0.0,1.0,0.0,0.0,0.0,1.0,6.0,10.0,4.0,6.0,0.0,1.0,0.0,0.0,1.0,5.0,1.0,1.0,1.0,0.0,1.0,0.0,1.0,0.0,carpet,low,new,"m m residency, krishna colony, gurgaon",gurgaon,0.54
100.43,3.0,2.0,2.0,0.0,sector 36,12.0,1.0,0.0,0.0,1.0,0.0,1.0,0.0,1.0,1.0,0.0,1.0,0.0,0.0,0.0,0.0,0.0,0.0,0.0,0.0,6.0,10.0,4.0,6.0,0.0,1.0,0.0,0.0,1.0,5.0,1.0,1.0,1.0,0.0,1.0,0.0,1.0,0.0,super built up,low,new,signature global park 4,sohna,0.82
137.96,3.0,3.0,3.0,0.0,sector 71,15.0,1.0,1.0,0.0,0.0,0.0,1.0,1.0,0.0,1.0,0.0,0.0,0.0,0.0,1.0,0.0,1.0,0.0,0.0,0.0,6.0,10.0,4.0,6.0,0.0,1.0,0.0,0.0,1.0,5.0,1.0,1.0,1.0,0.0,1.0,0.0,1.0,0.0,super built up,low,new,chd avenue 71,gurgaon,1.0
190.45,3.0,4.0,3.0,1.0,sector 56,45.0,1.0,0.0,0.0,0.0,1.0,1.0,1.0,0.0,0.0,0.0,1.0,0.0,1.0,0.0,1.0,1.0,0.0,0.0,1.0,6.0,10.0,4.0,6.0,0.0,1.0,0.0,0.0,1.0,5.0,1.0,1.0,1.0,0.0,1.0,0.0,1.0,0.0,carpet,mid,old,park royal apartment,gurgaon,1.85
164.9,3.0,3.0,2.0,0.0,sector 83,9.0,0.0,0.0,0.0,1.0,0.0,0.0,0.0,1.0,0.0,0.0,0.0,0.0,0.0,0.0,0.0,0.0,0.0,1.0,0.0,6.0,10.0,4.0,6.0,0.0,1.0,0.0,0.0,1.0,5.0,1.0,1.0,1.0,0.0,1.0,0.0,1.0,0.0,carpet,low,new,vatika boulevard residences and heights,gurgaon,1.42
78.97,2.0,2.0,3.0,0.0,sector 37,15.0,1.0,0.0,0.0,0.0,0.0,0.0,0.0,1.0,0.0,1.0,0.0,1.0,0.0,0.0,0.0,1.0,0.0,0.0,0.0,6.0,10.0,4.0,6.0,0.0,1.0,0.0,0.0,1.0,5.0,1.0,1.0,1.0,0.0,1.0,0.0,1.0,0.0,super built up,low,new,signature global the millennia,gurgaon,0.55
133.13,2.0,2.0,3.0,1.0,sector 65,11.0,1.0,0.0,0.0,1.0,0.0,1.0,0.0,1.0,1.0,0.0,1.0,1.0,0.0,1.0,0.0,0.0,0.0,0.0,0.0,6.0,10.0,4.0,6.0,0.0,1.0,0.0,0.0,1.0,5.0,1.0,1.0,1.0,0.0,1.0,0.0,1.0,0.0,carpet,high,under construction,m3m heights,gurgaon,2.29
85.01,2.0,2.0,2.0,0.0,sector 102,13.0,1.0,0.0,0.0,1.0,1.0,0.0,0.0,1.0,1.0,0.0,0.0,1.0,0.0,1.0,0.0,0.0,1.0,0.0,0.0,6.0,10.0,4.0,6.0,0.0,1.0,0.0,0.0,1.0,5.0,1.0,1.0,1.0,0.0,1.0,0.0,1.0,0.0,super built up,high,new,shapoorji pallonji joyville gurugram,gurgaon,0.97
273.13,3.0,4.0,3.0,1.0,sector 53,9.0,1.0,0.0,0.0,1.0,0.0,0.0,0.0,1.0,0.0,0.0,1.0,0.0,0.0,1.0,0.0,0.0,1.0,0.0,1.0,6.0,10.0,4.0,6.0,0.0,1.0,0.0,0.0,1.0,5.0,1.0,1.0,1.0,0.0,1.0,0.0,1.0,0.0,super built up,high,new,tulip monsella,gurgaon,8.25
62.71,2.0,2.0,1.0,0.0,sector 3,48.0,1.0,0.0,0.0,0.0,0.0,0.0,0.0,0.0,0.0,0.0,0.0,0.0,0.0,0.0,1.0,0.0,0.0,0.0,0.0,6.0,10.0,4.0,6.0,0.0,1.0,0.0,0.0,1.0,5.0,1.0,1.0,1.0,0.0,1.0,0.0,1.0,0.0,carpet,low,new,shyamkunj ashok vihar pahse 2,gurgaon,0.3
106.93,2.0,2.0,3.0,0.0,sector 33,8.0,1.0,0.0,0.0,1.0,0.0,0.0,0.0,1.0,1.0,0.0,0.0,0.0,0.0,0.0,0.0,0.0,0.0,0.0,0.0,6.0,10.0,4.0,6.0,0.0,1.0,0.0,0.0,1.0,5.0,1.0,1.0,1.0,0.0,1.0,0.0,1.0,0.0,carpet,low,under construction,godrej nature plus,sohna,1.65
117.06,2.0,2.0,2.0,0.0,sector 65,11.0,1.0,0.0,0.0,1.0,0.0,1.0,0.0,1.0,1.0,0.0,1.0,1.0,0.0,1.0,0.0,0.0,0.0,0.0,0.0,6.0,10.0,4.0,6.0,0.0,1.0,0.0,0.0,1.0,5.0,1.0,1.0,1.0,0.0,1.0,0.0,1.0,0.0,super built up,high,mid aged,m3m heights,gurgaon,1.99
74.32,2.0,2.0,3.0,0.0,sector 68,10.0,1.0,0.0,0.0,1.0,0.0,1.0,0.0,1.0,1.0,0.0,0.0,0.0,0.0,1.0,0.0,0.0,0.0,0.0,0.0,6.0,10.0,4.0,6.0,0.0,1.0,0.0,0.0,1.0,5.0,1.0,1.0,1.0,0.0,1.0,0.0,1.0,0.0,carpet,high,new,m3m the marina,gurgaon,1.0
148.64,3.0,3.0,3.0,1.0,sector 62,11.0,1.0,0.0,0.0,1.0,0.0,1.0,0.0,1.0,1.0,0.0,1.0,0.0,0.0,0.0,0.0,0.0,0.0,0.0,0.0,6.0,10.0,4.0,6.0,0.0,1.0,0.0,0.0,1.0,5.0,1.0,1.0,1.0,0.0,1.0,0.0,1.0,0.0,carpet,high,mid aged,emaar digihomes,gurgaon,4.25
218.32,4.0,4.0,3.0,1.0,sector 78,7.0,1.0,0.0,0.0,0.0,0.0,0.0,1.0,0.0,0.0,0.0,1.0,0.0,0.0,0.0,0.0,0.0,0.0,0.0,0.0,6.0,10.0,4.0,6.0,0.0,1.0,0.0,0.0,1.0,5.0,1.0,1.0,1.0,0.0,1.0,0.0,1.0,0.0,super built up,low,new,umang monsoon breeze,gurgaon,1.25
124.49,3.0,3.0,3.0,0.0,sector 83,15.0,0.0,0.0,0.0,0.0,0.0,0.0,1.0,1.0,1.0,0.0,0.0,0.0,0.0,0.0,0.0,0.0,0.0,0.0,0.0,6.0,10.0,4.0,6.0,0.0,1.0,0.0,0.0,1.0,5.0,1.0,1.0,1.0,0.0,1.0,0.0,1.0,0.0,carpet,low,old,mapsko paradise,gurgaon,0.95
125.42,3.0,2.0,2.0,0.0,sector 4,48.0,1.0,0.0,0.0,0.0,0.0,0.0,1.0,0.0,0.0,0.0,0.0,0.0,0.0,0.0,1.0,0.0,0.0,0.0,0.0,6.0,10.0,4.0,6.0,0.0,1.0,0.0,0.0,1.0,5.0,1.0,1.0,1.0,0.0,1.0,0.0,1.0,0.0,carpet,low,new,cancon enclave,gurgaon,1.05
269.88,4.0,5.0,3.0,1.0,sector 72,10.0,1.0,0.0,0.0,0.0,0.0,1.0,0.0,1.0,0.0,0.0,1.0,0.0,0.0,1.0,0.0,0.0,0.0,0.0,0.0,6.0,10.0,4.0,6.0,0.0,1.0,0.0,0.0,1.0,5.0,1.0,1.0,1.0,0.0,1.0,0.0,1.0,0.0,super built up,high,new,tata primanti,gurgaon,4.1
66.52,2.0,2.0,2.0,0.0,sector 90,9.0,1.0,0.0,0.0,1.0,0.0,0.0,0.0,1.0,1.0,1.0,1.0,0.0,0.0,0.0,0.0,0.0,0.0,0.0,0.0,6.0,10.0,4.0,6.0,0.0,1.0,0.0,0.0,1.0,5.0,1.0,1.0,1.0,0.0,1.0,0.0,1.0,0.0,carpet,low,mid aged,mrg world ultimus,gurgaon,0.5
260.13,4.0,3.0,3.0,1.0,sector 1,11.0,1.0,0.0,0.0,0.0,0.0,0.0,0.0,0.0,0.0,0.0,0.0,0.0,1.0,0.0,0.0,0.0,0.0,0.0,1.0,6.0,10.0,4.0,6.0,0.0,1.0,0.0,0.0,1.0,5.0,1.0,1.0,1.0,0.0,1.0,0.0,1.0,0.0,carpet,high,new,sonata group housing gh 24,manesar,1.65
146.32,3.0,3.0,3.0,1.0,sector 70,14.0,0.0,0.0,0.0,1.0,1.0,0.0,0.0,0.0,0.0,0.0,0.0,0.0,0.0,0.0,0.0,1.0,0.0,0.0,0.0,6.0,10.0,4.0,6.0,0.0,1.0,0.0,0.0,1.0,5.0,1.0,1.0,1.0,0.0,1.0,0.0,1.0,0.0,carpet,low,new,bptp pedestal,gurgaon,1.6
143.91,3.0,2.0,3.0,0.0,sector 61,13.0,1.0,0.0,0.0,1.0,0.0,1.0,0.0,1.0,1.0,1.0,1.0,0.0,0.0,0.0,0.0,0.0,0.0,0.0,0.0,6.0,10.0,4.0,6.0,0.0,1.0,0.0,0.0,1.0,5.0,1.0,1.0,1.0,0.0,1.0,0.0,1.0,0.0,super built up,low,mid aged,smart world orchard,gurgaon,2.1
229.19,4.0,4.0,3.0,0.0,sector 1,11.0,1.0,0.0,0.0,0.0,0.0,0.0,0.0,0.0,0.0,0.0,0.0,0.0,1.0,0.0,0.0,0.0,0.0,0.0,1.0,6.0,10.0,4.0,6.0,0.0,1.0,0.0,0.0,1.0,5.0,1.0,1.0,1.0,0.0,1.0,0.0,1.0,0.0,super built up,mid,old,hsiidc sidco aravali,manesar,0.9
125.51,2.0,2.0,3.0,0.0,sector 79,11.0,1.0,0.0,0.0,1.0,0.0,1.0,0.0,1.0,1.0,0.0,0.0,1.0,0.0,0.0,0.0,0.0,0.0,1.0,0.0,6.0,10.0,4.0,6.0,0.0,1.0,0.0,0.0,1.0,5.0,1.0,1.0,1.0,0.0,1.0,0.0,1.0,0.0,super built up,mid,new,godrej aria,gurgaon,1.1
126.81,2.0,2.0,3.0,0.0,sector 99,11.0,1.0,0.0,0.0,0.0,0.0,1.0,0.0,1.0,1.0,0.0,1.0,1.0,0.0,1.0,0.0,0.0,0.0,0.0,0.0,6.0,10.0,4.0,6.0,0.0,1.0,0.0,0.0,1.0,5.0,1.0,1.0,1.0,0.0,1.0,0.0,1.0,0.0,super built up,high,mid aged,assotech blith,gurgaon,0.92
117.06,3.0,3.0,2.0,0.0,sector 92,8.0,1.0,0.0,0.0,0.0,0.0,0.0,0.0,0.0,0.0,0.0,0.0,0.0,1.0,0.0,0.0,0.0,0.0,0.0,0.0,6.0,10.0,4.0,6.0,0.0,1.0,0.0,0.0,1.0,5.0,1.0,1.0,1.0,0.0,1.0,0.0,1.0,0.0,built up,high,under construction,sare crescent parc,gurgaon,0.7
145.39,3.0,4.0,2.0,0.0,sector 70,4.0,0.0,0.0,0.0,1.0,0.0,0.0,0.0,1.0,0.0,0.0,0.0,0.0,0.0,0.0,0.0,0.0,0.0,0.0,0.0,6.0,10.0,4.0,6.0,0.0,1.0,0.0,0.0,1.0,5.0,1.0,1.0,1.0,0.0,1.0,0.0,1.0,0.0,super built up,high,mid aged,unitech vistas,gurgaon,0.99
120.31,2.0,2.0,3.0,1.0,sector 79,3.0,0.0,0.0,0.0,0.0,0.0,0.0,0.0,0.0,0.0,0.0,0.0,0.0,1.0,0.0,0.0,0.0,0.0,0.0,1.0,6.0,10.0,4.0,6.0,0.0,1.0,0.0,0.0,1.0,5.0,1.0,1.0,1.0,0.0,1.0,0.0,1.0,0.0,super built up,high,new,supertech araville,gurgaon,0.72
126.44,2.0,2.0,3.0,0.0,sector 103,18.0,1.0,0.0,0.0,0.0,0.0,0.0,1.0,0.0,0.0,1.0,0.0,0.0,0.0,0.0,0.0,0.0,0.0,0.0,1.0,6.0,10.0,4.0,6.0,0.0,1.0,0.0,0.0,1.0,5.0,1.0,1.0,1.0,0.0,1.0,0.0,1.0,0.0,super built up,low,new,ansal housing highland park,gurgaon,0.88
123.19,3.0,2.0,2.0,0.0,sector 69,42.0,1.0,0.0,0.0,0.0,1.0,1.0,1.0,0.0,0.0,0.0,0.0,0.0,0.0,0.0,1.0,0.0,1.0,0.0,0.0,6.0,10.0,4.0,6.0,0.0,1.0,0.0,0.0,1.0,5.0,1.0,1.0,1.0,0.0,1.0,0.0,1.0,0.0,carpet,high,old,tulip white,gurgaon,0.91
182.09,3.0,4.0,3.0,0.0,sector 82,11.0,0.0,0.0,0.0,1.0,0.0,1.0,0.0,1.0,1.0,0.0,0.0,0.0,0.0,1.0,0.0,0.0,0.0,0.0,0.0,6.0,10.0,4.0,6.0,0.0,1.0,0.0,0.0,1.0,5.0,1.0,1.0,1.0,0.0,1.0,0.0,1.0,0.0,super built up,high,mid aged,mapsko casa bella,gurgaon,1.25
92.62,2.0,2.0,2.0,0.0,sector 47,45.0,1.0,0.0,0.0,0.0,0.0,1.0,1.0,0.0,0.0,0.0,0.0,0.0,0.0,0.0,0.0,0.0,0.0,0.0,1.0,6.0,10.0,4.0,6.0,0.0,1.0,0.0,0.0,1.0,5.0,1.0,1.0,1.0,0.0,1.0,0.0,1.0,0.0,carpet,low,new,unitech uniworld gardens 2,gurgaon,1.05
121.7,2.0,2.0,3.0,0.0,sector 37,6.0,1.0,0.0,0.0,1.0,0.0,0.0,0.0,1.0,1.0,0.0,0.0,1.0,0.0,0.0,0.0,0.0,0.0,0.0,0.0,6.0,10.0,4.0,6.0,0.0,1.0,0.0,0.0,1.0,5.0,1.0,1.0,1.0,0.0,1.0,0.0,1.0,0.0,built up,high,under construction,ild grand,gurgaon,0.66
121.7,2.0,2.0,0.0,0.0,sector 113,8.0,1.0,0.0,0.0,1.0,0.0,0.0,0.0,1.0,1.0,1.0,1.0,1.0,0.0,0.0,0.0,0.0,0.0,0.0,0.0,6.0,10.0,4.0,6.0,0.0,1.0,0.0,0.0,1.0,5.0,1.0,1.0,1.0,0.0,1.0,0.0,1.0,0.0,built up,mid,under construction,m3m capital,gurgaon,1.83
101.73,2.0,2.0,2.0,1.0,sector 70,4.0,0.0,0.0,0.0,1.0,0.0,0.0,0.0,1.0,0.0,0.0,0.0,0.0,0.0,0.0,0.0,0.0,0.0,0.0,0.0,6.0,10.0,4.0,6.0,0.0,1.0,0.0,0.0,1.0,5.0,1.0,1.0,1.0,0.0,1.0,0.0,1.0,0.0,super built up,high,mid aged,unitech vistas,gurgaon,0.53
128.21,2.0,2.0,3.0,0.0,sector 37,15.0,1.0,1.0,0.0,0.0,0.0,1.0,1.0,1.0,0.0,0.0,0.0,0.0,0.0,0.0,1.0,0.0,1.0,0.0,0.0,6.0,10.0,4.0,6.0,0.0,1.0,0.0,0.0,1.0,5.0,1.0,1.0,1.0,0.0,1.0,0.0,1.0,0.0,super built up,low,new,ramprastha the edge towers,gurgaon,0.8
132.2,3.0,2.0,0.0,0.0,sector 89,14.0,1.0,0.0,0.0,1.0,0.0,1.0,0.0,1.0,0.0,1.0,1.0,1.0,0.0,1.0,0.0,0.0,0.0,0.0,0.0,6.0,10.0,4.0,6.0,0.0,1.0,0.0,0.0,1.0,5.0,1.0,1.0,1.0,0.0,1.0,0.0,1.0,0.0,built up,low,under construction,smart world gems,gurgaon,1.71
65.03,1.0,1.0,0.0,0.0,sector 83,10.0,1.0,0.0,0.0,0.0,0.0,0.0,0.0,0.0,0.0,0.0,0.0,0.0,1.0,0.0,0.0,0.0,0.0,0.0,1.0,6.0,10.0,4.0,6.0,0.0,1.0,0.0,0.0,1.0,5.0,1.0,1.0,1.0,0.0,1.0,0.0,1.0,0.0,built up,mid,under construction,sapphire eighty three,gurgaon,0.65
185.53,3.0,3.0,0.0,0.0,sector 99,15.0,1.0,0.0,0.0,1.0,1.0,1.0,1.0,1.0,1.0,0.0,0.0,0.0,0.0,1.0,0.0,0.0,0.0,0.0,0.0,6.0,10.0,4.0,6.0,0.0,1.0,0.0,0.0,1.0,5.0,1.0,1.0,1.0,0.0,1.0,0.0,1.0,0.0,built up,high,under construction,pareena coban residences,gurgaon,1.3
128.39,3.0,3.0,3.0,0.0,sector 54,47.0,1.0,0.0,0.0,0.0,1.0,0.0,1.0,0.0,0.0,0.0,1.0,0.0,1.0,0.0,1.0,1.0,0.0,0.0,1.0,6.0,10.0,4.0,6.0,0.0,1.0,0.0,0.0,1.0,5.0,1.0,1.0,1.0,0.0,1.0,0.0,1.0,0.0,built up,low,under construction,dlf the grove,gurgaon,5.7
74.69,1.0,1.0,2.0,0.0,sector 63,10.0,1.0,0.0,0.0,0.0,0.0,1.0,1.0,0.0,0.0,0.0,0.0,0.0,0.0,0.0,1.0,0.0,0.0,0.0,1.0,6.0,10.0,4.0,6.0,0.0,1.0,0.0,0.0,1.0,5.0,1.0,1.0,1.0,0.0,1.0,0.0,1.0,0.0,built up,mid,under construction,baani city center,gurgaon,0.88
311.23,4.0,4.0,3.0,0.0,sector 110,15.0,1.0,0.0,0.0,1.0,1.0,0.0,0.0,1.0,1.0,1.0,1.0,1.0,0.0,0.0,0.0,0.0,0.0,0.0,0.0,6.0,10.0,4.0,6.0,0.0,1.0,0.0,0.0,1.0,5.0,1.0,1.0,1.0,0.0,1.0,0.0,1.0,0.0,built up,high,new,indiabulls enigma,gurgaon,4.0
223.71,3.0,4.0,3.0,1.0,sector 85,13.0,1.0,0.0,0.0,1.0,0.0,1.0,0.0,1.0,1.0,0.0,0.0,1.0,0.0,1.0,0.0,0.0,0.0,1.0,0.0,6.0,10.0,4.0,6.0,0.0,1.0,0.0,0.0,1.0,5.0,1.0,1.0,1.0,0.0,1.0,0.0,1.0,0.0,super built up,mid,new,ss the leaf,gurgaon,1.93
241.55,4.0,4.0,3.0,1.0,sector 113,17.0,1.0,0.0,0.0,0.0,0.0,0.0,0.0,1.0,0.0,1.0,1.0,0.0,0.0,0.0,1.0,0.0,0.0,0.0,0.0,6.0,10.0,4.0,6.0,0.0,1.0,0.0,0.0,1.0,5.0,1.0,1.0,1.0,0.0,1.0,0.0,1.0,0.0,super built up,high,new,smart world one dxp,gurgaon,3.45
204.39,3.0,3.0,3.0,1.0,sector 56,43.0,1.0,0.0,0.0,0.0,1.0,1.0,1.0,1.0,0.0,0.0,1.0,0.0,1.0,0.0,1.0,1.0,0.0,0.0,1.0,6.0,10.0,4.0,6.0,0.0,1.0,0.0,0.0,1.0,5.0,1.0,1.0,1.0,0.0,1.0,0.0,1.0,0.0,built up,mid,old,sukhshanti apartment,gurgaon,1.7
357.12,3.0,5.0,3.0,1.0,sector 65,9.0,1.0,0.0,0.0,1.0,0.0,1.0,0.0,1.0,1.0,0.0,1.0,0.0,0.0,1.0,0.0,1.0,0.0,0.0,0.0,6.0,10.0,4.0,6.0,0.0,1.0,0.0,0.0,1.0,5.0,1.0,1.0,1.0,0.0,1.0,0.0,1.0,0.0,carpet,low,new,m3m golfestate,gurgaon,6.15
165.37,3.0,3.0,3.0,0.0,sector 2,10.0,1.0,0.0,0.0,1.0,1.0,0.0,0.0,1.0,1.0,1.0,1.0,0.0,0.0,0.0,0.0,0.0,0.0,0.0,0.0,6.0,10.0,4.0,6.0,0.0,1.0,0.0,0.0,1.0,5.0,1.0,1.0,1.0,0.0,1.0,0.0,1.0,0.0,super built up,mid,old,bestech park view residency,gurgaon,1.4
185.81,3.0,3.0,2.0,1.0,sector 84,12.0,1.0,0.0,0.0,1.0,0.0,0.0,0.0,1.0,1.0,0.0,0.0,1.0,0.0,1.0,0.0,0.0,0.0,0.0,0.0,6.0,10.0,4.0,6.0,0.0,1.0,0.0,0.0,1.0,5.0,1.0,1.0,1.0,0.0,1.0,0.0,1.0,0.0,super built up,low,new,ss almeria,gurgaon,1.48
402.08,4.0,4.0,3.0,1.0,sector 33,44.0,1.0,0.0,0.0,0.0,0.0,0.0,1.0,0.0,0.0,0.0,0.0,0.0,0.0,0.0,0.0,1.0,0.0,0.0,0.0,6.0,10.0,4.0,6.0,0.0,1.0,0.0,0.0,1.0,5.0,1.0,1.0,1.0,0.0,1.0,0.0,1.0,0.0,carpet,high,old,jmd gardens,gurgaon,3.25
162.58,3.0,2.0,3.0,0.0,sector 45,45.0,1.0,0.0,0.0,0.0,1.0,1.0,1.0,0.0,0.0,0.0,0.0,0.0,1.0,0.0,1.0,0.0,1.0,0.0,0.0,6.0,10.0,4.0,6.0,0.0,1.0,0.0,0.0,1.0,5.0,1.0,1.0,1.0,0.0,1.0,0.0,1.0,0.0,carpet,low,old,cghs agrim apartment,gurgaon,1.49
227.8,3.0,3.0,3.0,1.0,sector 67,11.0,1.0,0.0,0.0,1.0,0.0,1.0,0.0,1.0,1.0,0.0,0.0,0.0,0.0,1.0,0.0,0.0,0.0,0.0,0.0,6.0,10.0,4.0,6.0,0.0,1.0,0.0,0.0,1.0,5.0,1.0,1.0,1.0,0.0,1.0,0.0,1.0,0.0,carpet,high,new,ireo victory valley,gurgaon,3.49
140.1,2.0,2.0,3.0,0.0,sector 62,11.0,1.0,0.0,0.0,1.0,0.0,1.0,0.0,1.0,1.0,0.0,1.0,0.0,0.0,0.0,0.0,0.0,0.0,0.0,0.0,6.0,10.0,4.0,6.0,0.0,1.0,0.0,0.0,1.0,5.0,1.0,1.0,1.0,0.0,1.0,0.0,1.0,0.0,carpet,high,under construction,emaar digihomes,gurgaon,2.15
139.35,2.0,2.0,3.0,0.0,sector 33,8.0,1.0,0.0,0.0,1.0,0.0,0.0,0.0,1.0,1.0,0.0,0.0,0.0,0.0,0.0,0.0,0.0,0.0,0.0,0.0,6.0,10.0,4.0,6.0,0.0,1.0,0.0,0.0,1.0,5.0,1.0,1.0,1.0,0.0,1.0,0.0,1.0,0.0,super built up,high,under construction,godrej nature plus,sohna,1.4
130.71,3.0,3.0,2.0,0.0,sector 54,15.0,1.0,1.0,0.0,1.0,0.0,1.0,1.0,0.0,0.0,0.0,0.0,0.0,0.0,0.0,1.0,0.0,1.0,0.0,0.0,6.0,10.0,4.0,6.0,0.0,1.0,0.0,0.0,1.0,5.0,1.0,1.0,1.0,0.0,1.0,0.0,1.0,0.0,super built up,mid,old,dlf carlton estate,gurgaon,2.0
151.43,3.0,3.0,2.0,1.0,sector 61,9.0,1.0,0.0,0.0,1.0,0.0,0.0,0.0,1.0,1.0,1.0,1.0,0.0,0.0,0.0,0.0,0.0,0.0,0.0,0.0,6.0,10.0,4.0,6.0,0.0,1.0,0.0,0.0,1.0,5.0,1.0,1.0,1.0,0.0,1.0,0.0,1.0,0.0,super built up,low,mid aged,smart world orchard,gurgaon,2.3
69.21,2.0,1.0,3.0,0.0,sector 33,8.0,1.0,0.0,0.0,0.0,0.0,0.0,0.0,1.0,1.0,1.0,1.0,0.0,0.0,0.0,0.0,0.0,0.0,0.0,0.0,6.0,10.0,4.0,6.0,0.0,1.0,0.0,0.0,1.0,5.0,1.0,1.0,1.0,0.0,1.0,0.0,1.0,0.0,carpet,low,new,signature global park,sohna,0.54
167.78,4.0,3.0,3.0,1.0,sector 9,50.0,1.0,0.0,0.0,0.0,0.0,0.0,1.0,1.0,0.0,0.0,0.0,0.0,0.0,0.0,1.0,0.0,0.0,0.0,1.0,6.0,10.0,4.0,6.0,0.0,1.0,0.0,0.0,1.0,5.0,1.0,1.0,1.0,0.0,1.0,0.0,1.0,0.0,carpet,low,old,railway officers rpf society,gurgaon,1.25
83.61204013377927,2.0,2.0,1.0,0.0,sector 85,8.0,1.0,0.0,0.0,1.0,0.0,0.0,0.0,1.0,1.0,0.0,0.0,1.0,0.0,0.0,0.0,0.0,0.0,0.0,0.0,6.0,10.0,4.0,6.0,0.0,1.0,0.0,0.0,1.0,5.0,1.0,1.0,1.0,0.0,1.0,0.0,1.0,0.0,built up,high,mid aged,godrej air,gurgaon,1.05
134.71,3.0,4.0,3.0,1.0,sector 77,10.0,1.0,0.0,0.0,1.0,0.0,1.0,0.0,1.0,1.0,0.0,0.0,1.0,0.0,0.0,0.0,0.0,0.0,0.0,0.0,6.0,10.0,4.0,6.0,0.0,1.0,0.0,0.0,1.0,5.0,1.0,1.0,1.0,0.0,1.0,0.0,1.0,0.0,carpet,low,new,emaar mgf palm hills,gurgaon,1.25
102.19,1.0,1.0,1.0,1.0,sector 28,48.0,1.0,0.0,0.0,0.0,0.0,0.0,1.0,0.0,0.0,0.0,1.0,0.0,0.0,0.0,1.0,1.0,0.0,0.0,1.0,6.0,10.0,4.0,6.0,0.0,1.0,0.0,0.0,1.0,5.0,1.0,1.0,1.0,0.0,1.0,0.0,1.0,0.0,super built up,low,old,maruti vihar,gurgaon,1.0
213.68,5.0,5.0,2.0,1.0,sector 14,50.0,1.0,0.0,0.0,0.0,1.0,0.0,1.0,1.0,0.0,0.0,0.0,0.0,1.0,0.0,1.0,0.0,0.0,0.0,1.0,6.0,10.0,4.0,6.0,0.0,1.0,0.0,0.0,1.0,5.0,1.0,1.0,1.0,0.0,1.0,0.0,1.0,0.0,carpet,low,old,vasant appartments,gurgaon,1.7
258.83,4.0,6.0,2.0,1.0,sector 86,4.0,1.0,0.0,0.0,1.0,0.0,0.0,0.0,1.0,0.0,0.0,0.0,1.0,0.0,0.0,0.0,0.0,0.0,0.0,0.0,6.0,10.0,4.0,6.0,0.0,1.0,0.0,0.0,1.0,5.0,1.0,1.0,1.0,0.0,1.0,0.0,1.0,0.0,super built up,high,new,ansal heights 86,gurgaon,1.3
172.06,3.0,3.0,3.0,0.0,sector 102,13.0,1.0,0.0,0.0,1.0,1.0,0.0,0.0,1.0,1.0,0.0,0.0,1.0,0.0,1.0,0.0,0.0,1.0,0.0,0.0,6.0,10.0,4.0,6.0,0.0,1.0,0.0,0.0,1.0,5.0,1.0,1.0,1.0,0.0,1.0,0.0,1.0,0.0,built up,high,new,shapoorji pallonji joyville gurugram,gurgaon,2.12
116.1,3.0,4.0,3.0,1.0,sector 61,8.0,1.0,0.0,0.0,0.0,0.0,0.0,0.0,1.0,1.0,0.0,1.0,0.0,0.0,0.0,0.0,0.0,0.0,0.0,0.0,6.0,10.0,4.0,6.0,0.0,1.0,0.0,0.0,1.0,5.0,1.0,1.0,1.0,0.0,1.0,0.0,1.0,0.0,carpet,high,new,puri the aravallis,gurgaon,3.9
242.01,3.0,3.0,3.0,1.0,sector 50,9.0,1.0,0.0,0.0,0.0,0.0,1.0,0.0,1.0,1.0,1.0,1.0,0.0,0.0,0.0,0.0,0.0,0.0,0.0,0.0,6.0,10.0,4.0,6.0,0.0,1.0,0.0,0.0,1.0,5.0,1.0,1.0,1.0,0.0,1.0,0.0,1.0,0.0,super built up,high,old,the close north,gurgaon,3.0
143.91,3.0,3.0,2.0,0.0,sector 61,9.0,1.0,0.0,0.0,1.0,0.0,0.0,0.0,1.0,1.0,1.0,1.0,0.0,0.0,0.0,0.0,0.0,0.0,0.0,0.0,6.0,10.0,4.0,6.0,0.0,1.0,0.0,0.0,1.0,5.0,1.0,1.0,1.0,0.0,1.0,0.0,1.0,0.0,carpet,mid,new,smart world orchard,gurgaon,2.2
153.29,3.0,3.0,3.0,1.0,sector 102,10.0,1.0,0.0,0.0,1.0,0.0,1.0,0.0,1.0,1.0,0.0,0.0,1.0,0.0,0.0,0.0,0.0,0.0,0.0,0.0,6.0,10.0,4.0,6.0,0.0,1.0,0.0,0.0,1.0,5.0,1.0,1.0,1.0,0.0,1.0,0.0,1.0,0.0,super built up,mid,new,emaar gurgaon greens,gurgaon,1.35
155.24,3.0,2.0,2.0,0.0,sector 33,8.0,1.0,0.0,0.0,1.0,0.0,0.0,0.0,1.0,1.0,0.0,0.0,0.0,0.0,0.0,0.0,0.0,0.0,0.0,0.0,6.0,10.0,4.0,6.0,0.0,1.0,0.0,0.0,1.0,5.0,1.0,1.0,1.0,0.0,1.0,0.0,1.0,0.0,carpet,high,new,godrej nature plus,sohna,1.67
125.42,2.0,2.0,2.0,0.0,sector 103,17.0,1.0,0.0,0.0,0.0,0.0,0.0,1.0,0.0,0.0,1.0,0.0,0.0,0.0,0.0,0.0,0.0,0.0,0.0,1.0,6.0,10.0,4.0,6.0,0.0,1.0,0.0,0.0,1.0,5.0,1.0,1.0,1.0,0.0,1.0,0.0,1.0,0.0,super built up,low,new,landmark the residency,gurgaon,0.9
191.38,4.0,4.0,3.0,1.0,sector 113,8.0,1.0,0.0,0.0,1.0,0.0,0.0,0.0,1.0,1.0,1.0,1.0,1.0,0.0,0.0,0.0,0.0,0.0,0.0,0.0,6.0,10.0,4.0,6.0,0.0,1.0,0.0,0.0,1.0,5.0,1.0,1.0,1.0,0.0,1.0,0.0,1.0,0.0,built up,high,new,m3m capital,gurgaon,2.37
185.81,3.0,3.0,3.0,1.0,sector 102,10.0,1.0,0.0,0.0,1.0,0.0,0.0,0.0,1.0,1.0,1.0,0.0,1.0,0.0,1.0,0.0,0.0,0.0,1.0,0.0,6.0,10.0,4.0,6.0,0.0,1.0,0.0,0.0,1.0,5.0,1.0,1.0,1.0,0.0,1.0,0.0,1.0,0.0,carpet,high,new,emaar imperial gardens,gurgaon,1.98
195.1,4.0,4.0,3.0,1.0,sector 25,43.0,1.0,0.0,0.0,0.0,0.0,1.0,1.0,0.0,0.0,0.0,1.0,0.0,0.0,0.0,1.0,0.0,0.0,0.0,1.0,6.0,10.0,4.0,6.0,0.0,1.0,0.0,0.0,1.0,5.0,1.0,1.0,1.0,0.0,1.0,0.0,1.0,0.0,carpet,high,old,dlf belvedere towers,gurgaon,3.7
255.48,4.0,4.0,3.0,0.0,sector 111,24.0,1.0,0.0,0.0,0.0,1.0,0.0,0.0,1.0,0.0,0.0,1.0,0.0,0.0,0.0,1.0,0.0,0.0,0.0,0.0,6.0,10.0,4.0,6.0,0.0,1.0,0.0,0.0,1.0,5.0,1.0,1.0,1.0,0.0,1.0,0.0,1.0,0.0,carpet,high,new,m3m crown,gurgaon,4.67
146.04,2.0,2.0,3.0,0.0,sector 79,10.0,0.0,0.0,0.0,0.0,0.0,0.0,0.0,1.0,1.0,0.0,0.0,0.0,0.0,0.0,0.0,0.0,0.0,1.0,0.0,6.0,10.0,4.0,6.0,0.0,1.0,0.0,0.0,1.0,5.0,1.0,1.0,1.0,0.0,1.0,0.0,1.0,0.0,super built up,mid,new,godrej 101,gurgaon,1.29
173.73,3.0,3.0,3.0,1.0,sector 48,9.0,1.0,0.0,0.0,1.0,0.0,1.0,0.0,1.0,1.0,0.0,1.0,0.0,0.0,0.0,0.0,1.0,0.0,0.0,0.0,6.0,10.0,4.0,6.0,0.0,1.0,0.0,0.0,1.0,5.0,1.0,1.0,1.0,0.0,1.0,0.0,1.0,0.0,super built up,high,new,central park resorts,gurgaon,3.65
204.39,3.0,3.0,3.0,1.0,sector 56,43.0,1.0,0.0,0.0,0.0,1.0,1.0,1.0,1.0,0.0,0.0,1.0,0.0,1.0,0.0,1.0,1.0,0.0,0.0,1.0,6.0,10.0,4.0,6.0,0.0,1.0,0.0,0.0,1.0,5.0,1.0,1.0,1.0,0.0,1.0,0.0,1.0,0.0,built up,mid,old,sukhshanti apartment,gurgaon,1.7
357.12,3.0,5.0,3.0,1.0,sector 65,9.0,1.0,0.0,0.0,1.0,0.0,1.0,0.0,1.0,1.0,0.0,1.0,0.0,0.0,1.0,0.0,1.0,0.0,0.0,0.0,6.0,10.0,4.0,6.0,0.0,1.0,0.0,0.0,1.0,5.0,1.0,1.0,1.0,0.0,1.0,0.0,1.0,0.0,carpet,low,new,m3m golfestate,gurgaon,6.15
165.37,3.0,3.0,3.0,0.0,sector 2,10.0,1.0,0.0,0.0,1.0,1.0,0.0,0.0,1.0,1.0,1.0,1.0,0.0,0.0,0.0,0.0,0.0,0.0,0.0,0.0,6.0,10.0,4.0,6.0,0.0,1.0,0.0,0.0,1.0,5.0,1.0,1.0,1.0,0.0,1.0,0.0,1.0,0.0,super built up,mid,old,bestech park view residency,gurgaon,1.4
185.81,3.0,3.0,2.0,1.0,sector 84,12.0,1.0,0.0,0.0,1.0,0.0,0.0,0.0,1.0,1.0,0.0,0.0,1.0,0.0,1.0,0.0,0.0,0.0,0.0,0.0,6.0,10.0,4.0,6.0,0.0,1.0,0.0,0.0,1.0,5.0,1.0,1.0,1.0,0.0,1.0,0.0,1.0,0.0,super built up,low,new,ss almeria,gurgaon,1.48
227.8,3.0,3.0,3.0,1.0,sector 67,11.0,1.0,0.0,0.0,1.0,0.0,1.0,0.0,1.0,1.0,0.0,0.0,0.0,0.0,1.0,0.0,0.0,0.0,0.0,0.0,6.0,10.0,4.0,6.0,0.0,1.0,0.0,0.0,1.0,5.0,1.0,1.0,1.0,0.0,1.0,0.0,1.0,0.0,carpet,high,new,ireo victory valley,gurgaon,3.49
140.1,2.0,2.0,3.0,0.0,sector 62,11.0,1.0,0.0,0.0,1.0,0.0,1.0,0.0,1.0,1.0,0.0,1.0,0.0,0.0,0.0,0.0,0.0,0.0,0.0,0.0,6.0,10.0,4.0,6.0,0.0,1.0,0.0,0.0,1.0,5.0,1.0,1.0,1.0,0.0,1.0,0.0,1.0,0.0,carpet,high,under construction,emaar digihomes,gurgaon,2.15
130.71,3.0,3.0,2.0,0.0,sector 54,15.0,1.0,1.0,0.0,1.0,0.0,1.0,1.0,0.0,0.0,0.0,0.0,0.0,0.0,0.0,1.0,0.0,1.0,0.0,0.0,6.0,10.0,4.0,6.0,0.0,1.0,0.0,0.0,1.0,5.0,1.0,1.0,1.0,0.0,1.0,0.0,1.0,0.0,super built up,mid,old,dlf carlton estate,gurgaon,2.0
69.21,2.0,1.0,3.0,0.0,sector 33,8.0,1.0,0.0,0.0,0.0,0.0,0.0,0.0,1.0,1.0,1.0,1.0,0.0,0.0,0.0,0.0,0.0,0.0,0.0,0.0,6.0,10.0,4.0,6.0,0.0,1.0,0.0,0.0,1.0,5.0,1.0,1.0,1.0,0.0,1.0,0.0,1.0,0.0,carpet,low,new,signature global park,sohna,0.54
167.78,4.0,3.0,3.0,1.0,sector 9,50.0,1.0,0.0,0.0,0.0,0.0,0.0,1.0,1.0,0.0,0.0,0.0,0.0,0.0,0.0,1.0,0.0,0.0,0.0,1.0,6.0,10.0,4.0,6.0,0.0,1.0,0.0,0.0,1.0,5.0,1.0,1.0,1.0,0.0,1.0,0.0,1.0,0.0,carpet,low,old,railway officers rpf society,gurgaon,1.25
83.61204013377927,2.0,2.0,1.0,0.0,sector 85,8.0,1.0,0.0,0.0,1.0,0.0,0.0,0.0,1.0,1.0,0.0,0.0,1.0,0.0,0.0,0.0,0.0,0.0,0.0,0.0,6.0,10.0,4.0,6.0,0.0,1.0,0.0,0.0,1.0,5.0,1.0,1.0,1.0,0.0,1.0,0.0,1.0,0.0,built up,high,mid aged,godrej air,gurgaon,1.05
134.71,3.0,4.0,3.0,1.0,sector 77,10.0,1.0,0.0,0.0,1.0,0.0,1.0,0.0,1.0,1.0,0.0,0.0,1.0,0.0,0.0,0.0,0.0,0.0,0.0,0.0,6.0,10.0,4.0,6.0,0.0,1.0,0.0,0.0,1.0,5.0,1.0,1.0,1.0,0.0,1.0,0.0,1.0,0.0,carpet,low,new,emaar mgf palm hills,gurgaon,1.25
102.19,1.0,1.0,1.0,1.0,sector 28,48.0,1.0,0.0,0.0,0.0,0.0,0.0,1.0,0.0,0.0,0.0,1.0,0.0,0.0,0.0,1.0,1.0,0.0,0.0,1.0,6.0,10.0,4.0,6.0,0.0,1.0,0.0,0.0,1.0,5.0,1.0,1.0,1.0,0.0,1.0,0.0,1.0,0.0,super built up,low,old,maruti vihar,gurgaon,1.0
213.68,5.0,5.0,2.0,1.0,sector 14,50.0,1.0,0.0,0.0,0.0,1.0,0.0,1.0,1.0,0.0,0.0,0.0,0.0,1.0,0.0,1.0,0.0,0.0,0.0,1.0,6.0,10.0,4.0,6.0,0.0,1.0,0.0,0.0,1.0,5.0,1.0,1.0,1.0,0.0,1.0,0.0,1.0,0.0,carpet,low,old,vasant appartments,gurgaon,1.7
258.83,4.0,6.0,2.0,1.0,sector 86,4.0,1.0,0.0,0.0,1.0,0.0,0.0,0.0,1.0,0.0,0.0,0.0,1.0,0.0,0.0,0.0,0.0,0.0,0.0,0.0,6.0,10.0,4.0,6.0,0.0,1.0,0.0,0.0,1.0,5.0,1.0,1.0,1.0,0.0,1.0,0.0,1.0,0.0,super built up,high,new,ansal heights 86,gurgaon,1.3
172.06,3.0,3.0,3.0,0.0,sector 102,13.0,1.0,0.0,0.0,1.0,1.0,0.0,0.0,1.0,1.0,0.0,0.0,1.0,0.0,1.0,0.0,0.0,1.0,0.0,0.0,6.0,10.0,4.0,6.0,0.0,1.0,0.0,0.0,1.0,5.0,1.0,1.0,1.0,0.0,1.0,0.0,1.0,0.0,built up,high,new,shapoorji pallonji joyville gurugram,gurgaon,2.12
242.01,3.0,3.0,3.0,1.0,sector 50,9.0,1.0,0.0,0.0,0.0,0.0,1.0,0.0,1.0,1.0,1.0,1.0,0.0,0.0,0.0,0.0,0.0,0.0,0.0,0.0,6.0,10.0,4.0,6.0,0.0,1.0,0.0,0.0,1.0,5.0,1.0,1.0,1.0,0.0,1.0,0.0,1.0,0.0,super built up,high,old,the close north,gurgaon,3.0
153.29,3.0,3.0,3.0,1.0,sector 102,10.0,1.0,0.0,0.0,1.0,0.0,1.0,0.0,1.0,1.0,0.0,0.0,1.0,0.0,0.0,0.0,0.0,0.0,0.0,0.0,6.0,10.0,4.0,6.0,0.0,1.0,0.0,0.0,1.0,5.0,1.0,1.0,1.0,0.0,1.0,0.0,1.0,0.0,super built up,mid,new,emaar gurgaon greens,gurgaon,1.35
125.42,2.0,2.0,2.0,0.0,sector 103,17.0,1.0,0.0,0.0,0.0,0.0,0.0,1.0,0.0,0.0,1.0,0.0,0.0,0.0,0.0,0.0,0.0,0.0,0.0,1.0,6.0,10.0,4.0,6.0,0.0,1.0,0.0,0.0,1.0,5.0,1.0,1.0,1.0,0.0,1.0,0.0,1.0,0.0,super built up,low,new,landmark the residency,gurgaon,0.9
185.81,3.0,3.0,3.0,1.0,sector 102,10.0,1.0,0.0,0.0,1.0,0.0,0.0,0.0,1.0,1.0,1.0,0.0,1.0,0.0,1.0,0.0,0.0,0.0,1.0,0.0,6.0,10.0,4.0,6.0,0.0,1.0,0.0,0.0,1.0,5.0,1.0,1.0,1.0,0.0,1.0,0.0,1.0,0.0,carpet,high,new,emaar imperial gardens,gurgaon,1.98
195.1,4.0,4.0,3.0,1.0,sector 25,43.0,1.0,0.0,0.0,0.0,0.0,1.0,1.0,0.0,0.0,0.0,1.0,0.0,0.0,0.0,1.0,0.0,0.0,0.0,1.0,6.0,10.0,4.0,6.0,0.0,1.0,0.0,0.0,1.0,5.0,1.0,1.0,1.0,0.0,1.0,0.0,1.0,0.0,carpet,high,old,dlf belvedere towers,gurgaon,3.7
146.04,2.0,2.0,3.0,0.0,sector 79,10.0,0.0,0.0,0.0,0.0,0.0,0.0,0.0,1.0,1.0,0.0,0.0,0.0,0.0,0.0,0.0,0.0,0.0,1.0,0.0,6.0,10.0,4.0,6.0,0.0,1.0,0.0,0.0,1.0,5.0,1.0,1.0,1.0,0.0,1.0,0.0,1.0,0.0,super built up,mid,new,godrej 101,gurgaon,1.29
268.68,3.0,3.0,3.0,0.0,sector 53,9.0,1.0,0.0,0.0,1.0,0.0,0.0,0.0,1.0,0.0,0.0,1.0,0.0,0.0,1.0,0.0,0.0,1.0,0.0,1.0,6.0,10.0,4.0,6.0,0.0,1.0,0.0,0.0,1.0,5.0,1.0,1.0,1.0,0.0,1.0,0.0,1.0,0.0,super built up,low,under construction,tulip monsella,gurgaon,5.6
199.09,4.0,4.0,3.0,1.0,sector 92,45.0,1.0,0.0,0.0,0.0,1.0,1.0,1.0,1.0,0.0,0.0,0.0,0.0,0.0,0.0,1.0,0.0,1.0,0.0,0.0,6.0,10.0,4.0,6.0,0.0,1.0,0.0,0.0,1.0,5.0,1.0,1.0,1.0,0.0,1.0,0.0,1.0,0.0,super built up,high,new,sare crescent parc royal greens phase 1,gurgaon,1.25
121.15,2.0,2.0,3.0,1.0,sector 70,11.0,1.0,0.0,0.0,1.0,0.0,1.0,0.0,1.0,1.0,0.0,0.0,0.0,0.0,0.0,0.0,0.0,0.0,0.0,0.0,6.0,10.0,4.0,6.0,0.0,1.0,0.0,0.0,1.0,5.0,1.0,1.0,1.0,0.0,1.0,0.0,1.0,0.0,carpet,high,new,aipl club residences,gurgaon,1.27
163.32,3.0,2.0,3.0,1.0,sector 108,9.0,1.0,0.0,0.0,1.0,0.0,1.0,0.0,1.0,1.0,0.0,0.0,1.0,0.0,0.0,0.0,0.0,0.0,0.0,0.0,6.0,10.0,4.0,6.0,0.0,1.0,0.0,0.0,1.0,5.0,1.0,1.0,1.0,0.0,1.0,0.0,1.0,0.0,super built up,low,new,experion the heartsong,gurgaon,1.36
116.13,3.0,3.0,3.0,0.0,sector 37,10.0,1.0,0.0,0.0,1.0,0.0,1.0,0.0,1.0,1.0,0.0,0.0,1.0,0.0,1.0,0.0,0.0,0.0,0.0,0.0,6.0,10.0,4.0,6.0,0.0,1.0,0.0,0.0,1.0,5.0,1.0,1.0,1.0,0.0,1.0,0.0,1.0,0.0,built up,mid,mid aged,signature global city,gurgaon,1.0
422.99,4.0,5.0,3.0,1.0,sector 48,15.0,1.0,1.0,0.0,1.0,0.0,1.0,1.0,1.0,1.0,0.0,1.0,0.0,1.0,0.0,1.0,0.0,0.0,0.0,0.0,6.0,10.0,4.0,6.0,0.0,1.0,0.0,0.0,1.0,5.0,1.0,1.0,1.0,0.0,1.0,0.0,1.0,0.0,super built up,high,old,bestech park view city,gurgaon,4.25
176.52,3.0,3.0,3.0,0.0,sector 83,10.0,0.0,0.0,0.0,1.0,0.0,0.0,0.0,0.0,0.0,0.0,0.0,0.0,0.0,0.0,0.0,0.0,0.0,0.0,0.0,6.0,10.0,4.0,6.0,0.0,1.0,0.0,0.0,1.0,5.0,1.0,1.0,1.0,0.0,1.0,0.0,1.0,0.0,super built up,high,new,emaar palm gardens,gurgaon,1.8
161.93,3.0,4.0,2.0,1.0,sector 71,15.0,1.0,1.0,0.0,0.0,0.0,1.0,1.0,0.0,1.0,0.0,0.0,0.0,0.0,1.0,0.0,1.0,0.0,0.0,0.0,6.0,10.0,4.0,6.0,0.0,1.0,0.0,0.0,1.0,5.0,1.0,1.0,1.0,0.0,1.0,0.0,1.0,0.0,super built up,high,new,chd avenue 71,gurgaon,1.25
42.53,2.0,2.0,1.0,1.0,sector 33,10.0,0.0,0.0,0.0,0.0,0.0,0.0,1.0,0.0,0.0,0.0,0.0,0.0,0.0,0.0,0.0,0.0,0.0,0.0,1.0,6.0,10.0,4.0,6.0,0.0,1.0,0.0,0.0,1.0,5.0,1.0,1.0,1.0,0.0,1.0,0.0,1.0,0.0,carpet,mid,new,mvn athens,sohna,0.27
281.03,3.0,3.0,1.0,1.0,sector 59,15.0,1.0,0.0,0.0,1.0,0.0,1.0,1.0,1.0,1.0,0.0,1.0,0.0,0.0,0.0,0.0,0.0,1.0,0.0,0.0,6.0,10.0,4.0,6.0,0.0,1.0,0.0,0.0,1.0,5.0,1.0,1.0,1.0,0.0,1.0,0.0,1.0,0.0,super built up,high,mid aged,mahindra luminare,gurgaon,5.5
184.88,3.0,3.0,3.0,0.0,sector 92,11.0,1.0,0.0,0.0,0.0,0.0,0.0,1.0,1.0,0.0,0.0,0.0,1.0,0.0,0.0,1.0,0.0,0.0,0.0,0.0,6.0,10.0,4.0,6.0,0.0,1.0,0.0,0.0,1.0,5.0,1.0,1.0,1.0,0.0,1.0,0.0,1.0,0.0,super built up,low,new,raheja navodaya,gurgaon,0.85
128.67,2.0,2.0,2.0,0.0,sector 33,8.0,1.0,0.0,0.0,1.0,0.0,0.0,0.0,1.0,1.0,0.0,0.0,0.0,0.0,0.0,0.0,0.0,0.0,0.0,0.0,6.0,10.0,4.0,6.0,0.0,1.0,0.0,0.0,1.0,5.0,1.0,1.0,1.0,0.0,1.0,0.0,1.0,0.0,super built up,high,mid aged,godrej nature plus,sohna,1.07
76.74,1.0,1.0,1.0,0.0,sector 67,23.0,1.0,0.0,0.0,0.0,0.0,1.0,1.0,0.0,0.0,0.0,0.0,0.0,0.0,0.0,1.0,0.0,1.0,0.0,0.0,6.0,10.0,4.0,6.0,0.0,1.0,0.0,0.0,1.0,5.0,1.0,1.0,1.0,0.0,1.0,0.0,1.0,0.0,built up,high,new,m3m urbana,gurgaon,0.95
119.19,2.0,3.0,3.0,1.0,sector 108,9.0,1.0,0.0,0.0,1.0,0.0,1.0,0.0,1.0,1.0,0.0,0.0,1.0,0.0,0.0,0.0,0.0,0.0,0.0,0.0,6.0,10.0,4.0,6.0,0.0,1.0,0.0,0.0,1.0,5.0,1.0,1.0,1.0,0.0,1.0,0.0,1.0,0.0,super built up,low,new,experion the heartsong,gurgaon,0.87
217.76,4.0,5.0,3.0,1.0,sector 108,13.0,1.0,0.0,0.0,0.0,0.0,1.0,0.0,1.0,1.0,0.0,0.0,1.0,0.0,0.0,0.0,0.0,0.0,1.0,0.0,6.0,10.0,4.0,6.0,0.0,1.0,0.0,0.0,1.0,5.0,1.0,1.0,1.0,0.0,1.0,0.0,1.0,0.0,super built up,high,new,sobha city,gurgaon,4.1
106.84,2.0,2.0,2.0,1.0,sector 61,9.0,1.0,0.0,0.0,1.0,0.0,0.0,0.0,1.0,1.0,1.0,1.0,0.0,0.0,0.0,0.0,0.0,0.0,0.0,0.0,6.0,10.0,4.0,6.0,0.0,1.0,0.0,0.0,1.0,5.0,1.0,1.0,1.0,0.0,1.0,0.0,1.0,0.0,carpet,mid,mid aged,smart world orchard,gurgaon,1.47
204.39,3.0,4.0,3.0,1.0,sector 66,14.0,1.0,0.0,0.0,0.0,0.0,1.0,0.0,1.0,1.0,0.0,1.0,0.0,0.0,0.0,0.0,0.0,1.0,0.0,0.0,6.0,10.0,4.0,6.0,0.0,1.0,0.0,0.0,1.0,5.0,1.0,1.0,1.0,0.0,1.0,0.0,1.0,0.0,super built up,mid,new,emaar mgf the palm drive,gurgaon,3.45
145.39,2.0,2.0,3.0,1.0,sector 2,10.0,1.0,0.0,0.0,1.0,1.0,0.0,0.0,1.0,1.0,1.0,1.0,0.0,0.0,0.0,0.0,0.0,0.0,0.0,0.0,6.0,10.0,4.0,6.0,0.0,1.0,0.0,0.0,1.0,5.0,1.0,1.0,1.0,0.0,1.0,0.0,1.0,0.0,super built up,mid,old,bestech park view residency,gurgaon,1.18
178.37,3.0,4.0,3.0,1.0,sector 2,10.0,1.0,0.0,0.0,1.0,1.0,0.0,0.0,1.0,1.0,1.0,1.0,0.0,0.0,0.0,0.0,0.0,0.0,0.0,0.0,6.0,10.0,4.0,6.0,0.0,1.0,0.0,0.0,1.0,5.0,1.0,1.0,1.0,0.0,1.0,0.0,1.0,0.0,super built up,mid,old,bestech park view residency,gurgaon,1.55
219.07,3.0,4.0,3.0,1.0,sector 67,10.0,1.0,0.0,0.0,1.0,0.0,1.0,0.0,1.0,1.0,0.0,0.0,0.0,0.0,1.0,0.0,0.0,1.0,0.0,0.0,6.0,10.0,4.0,6.0,0.0,1.0,0.0,0.0,1.0,5.0,1.0,1.0,1.0,0.0,1.0,0.0,1.0,0.0,super built up,high,new,m3m merlin,gurgaon,3.39
179.21,3.0,3.0,3.0,1.0,sector 86,10.0,0.0,0.0,0.0,1.0,0.0,0.0,0.0,1.0,1.0,0.0,0.0,0.0,0.0,1.0,0.0,0.0,0.0,0.0,0.0,6.0,10.0,4.0,6.0,0.0,1.0,0.0,0.0,1.0,5.0,1.0,1.0,1.0,0.0,1.0,0.0,1.0,0.0,super built up,high,new,dlf the skycourt,gurgaon,1.54
153.29,3.0,3.0,3.0,1.0,sector 102,10.0,1.0,0.0,0.0,1.0,0.0,1.0,0.0,1.0,1.0,0.0,0.0,1.0,0.0,0.0,0.0,0.0,0.0,0.0,0.0,6.0,10.0,4.0,6.0,0.0,1.0,0.0,0.0,1.0,5.0,1.0,1.0,1.0,0.0,1.0,0.0,1.0,0.0,super built up,mid,new,emaar gurgaon greens,gurgaon,1.42
139.35,3.0,3.0,2.0,0.0,sector 30,49.0,1.0,0.0,0.0,0.0,1.0,1.0,1.0,1.0,0.0,0.0,1.0,0.0,1.0,0.0,0.0,0.0,0.0,0.0,1.0,6.0,10.0,4.0,6.0,0.0,1.0,0.0,0.0,1.0,5.0,1.0,1.0,1.0,0.0,1.0,0.0,1.0,0.0,super built up,low,old,afnhb jalvayu vihar,gurgaon,1.3
165.09,3.0,3.0,2.0,1.0,sector 28,47.0,1.0,0.0,0.0,0.0,1.0,0.0,1.0,0.0,0.0,0.0,1.0,0.0,0.0,0.0,1.0,0.0,0.0,0.0,1.0,6.0,10.0,4.0,6.0,0.0,1.0,0.0,0.0,1.0,5.0,1.0,1.0,1.0,0.0,1.0,0.0,1.0,0.0,super built up,high,old,dlf regency park 2,gurgaon,2.25
250.65,3.0,4.0,3.0,1.0,sector 67,11.0,1.0,0.0,0.0,1.0,0.0,1.0,0.0,1.0,1.0,0.0,0.0,0.0,0.0,1.0,0.0,0.0,0.0,0.0,0.0,6.0,10.0,4.0,6.0,0.0,1.0,0.0,0.0,1.0,5.0,1.0,1.0,1.0,0.0,1.0,0.0,1.0,0.0,super built up,high,new,ireo victory valley,gurgaon,3.5
232.26,4.0,6.0,3.0,1.0,sector 22,14.0,1.0,0.0,0.0,1.0,0.0,1.0,0.0,1.0,1.0,1.0,0.0,1.0,0.0,0.0,0.0,0.0,0.0,0.0,0.0,6.0,10.0,4.0,6.0,0.0,1.0,0.0,0.0,1.0,5.0,1.0,1.0,1.0,0.0,1.0,0.0,1.0,0.0,carpet,high,new,ambience creacions,gurgaon,4.8
111.2,2.0,2.0,2.0,0.0,sector 92,10.0,1.0,0.0,0.0,1.0,0.0,0.0,0.0,1.0,1.0,0.0,0.0,1.0,0.0,1.0,0.0,0.0,0.0,0.0,0.0,6.0,10.0,4.0,6.0,0.0,1.0,0.0,0.0,1.0,5.0,1.0,1.0,1.0,0.0,1.0,0.0,1.0,0.0,super built up,low,new,signature global city 92,gurgaon,0.78
167.23,3.0,3.0,2.0,0.0,sector 9,45.0,1.0,0.0,0.0,0.0,1.0,0.0,1.0,1.0,0.0,0.0,1.0,0.0,1.0,0.0,1.0,0.0,0.0,0.0,1.0,6.0,10.0,4.0,6.0,0.0,1.0,0.0,0.0,1.0,5.0,1.0,1.0,1.0,0.0,1.0,0.0,1.0,0.0,super built up,low,old,the khushboo cooperative housing society ltd,gurgaon,0.88
241.36,3.0,3.0,3.0,1.0,sector 102,11.0,1.0,0.0,0.0,1.0,0.0,1.0,0.0,1.0,1.0,0.0,0.0,1.0,0.0,1.0,0.0,0.0,0.0,0.0,0.0,6.0,10.0,4.0,6.0,0.0,1.0,0.0,0.0,1.0,5.0,1.0,1.0,1.0,0.0,1.0,0.0,1.0,0.0,super built up,low,new,adani m2k oyster grande,gurgaon,2.6
229.47,4.0,4.0,3.0,1.0,sector 25,43.0,1.0,0.0,0.0,0.0,0.0,1.0,1.0,0.0,0.0,0.0,1.0,0.0,0.0,0.0,1.0,0.0,0.0,0.0,1.0,6.0,10.0,4.0,6.0,0.0,1.0,0.0,0.0,1.0,5.0,1.0,1.0,1.0,0.0,1.0,0.0,1.0,0.0,carpet,low,old,dlf belvedere towers,gurgaon,3.4
186.08,3.0,4.0,2.0,0.0,sector 108,13.0,1.0,0.0,0.0,0.0,0.0,1.0,0.0,1.0,1.0,0.0,0.0,1.0,0.0,0.0,0.0,0.0,0.0,1.0,0.0,6.0,10.0,4.0,6.0,0.0,1.0,0.0,0.0,1.0,5.0,1.0,1.0,1.0,0.0,1.0,0.0,1.0,0.0,super built up,high,new,sobha city,gurgaon,2.9
179.21,3.0,3.0,3.0,1.0,sector 86,10.0,0.0,0.0,0.0,1.0,0.0,0.0,0.0,1.0,1.0,0.0,0.0,0.0,0.0,1.0,0.0,0.0,0.0,0.0,0.0,6.0,10.0,4.0,6.0,0.0,1.0,0.0,0.0,1.0,5.0,1.0,1.0,1.0,0.0,1.0,0.0,1.0,0.0,super built up,high,new,dlf the skycourt,gurgaon,1.5
124.49,3.0,3.0,3.0,0.0,sector 2,11.0,0.0,0.0,0.0,1.0,1.0,0.0,0.0,1.0,0.0,0.0,1.0,0.0,0.0,0.0,0.0,0.0,0.0,0.0,0.0,6.0,10.0,4.0,6.0,0.0,1.0,0.0,0.0,1.0,5.0,1.0,1.0,1.0,0.0,1.0,0.0,1.0,0.0,carpet,low,new,suncity vatsal valley,gurgaon,1.28
157.47,3.0,3.0,3.0,1.0,sector 113,8.0,1.0,0.0,0.0,1.0,0.0,0.0,0.0,1.0,1.0,1.0,1.0,1.0,0.0,0.0,0.0,0.0,0.0,0.0,0.0,6.0,10.0,4.0,6.0,0.0,1.0,0.0,0.0,1.0,5.0,1.0,1.0,1.0,0.0,1.0,0.0,1.0,0.0,super built up,low,new,m3m capital,gurgaon,2.51
325.16,4.0,5.0,3.0,1.0,sector 24,42.0,1.0,0.0,0.0,0.0,1.0,0.0,1.0,0.0,0.0,0.0,1.0,0.0,0.0,0.0,1.0,0.0,0.0,0.0,1.0,6.0,10.0,4.0,6.0,0.0,1.0,0.0,0.0,1.0,5.0,1.0,1.0,1.0,0.0,1.0,0.0,1.0,0.0,carpet,low,new,dlf city plots phase 3,gurgaon,6.5
232.26,3.0,3.0,1.0,1.0,sector 25,47.0,1.0,0.0,0.0,0.0,0.0,1.0,1.0,0.0,0.0,0.0,1.0,0.0,0.0,0.0,1.0,1.0,0.0,0.0,1.0,6.0,10.0,4.0,6.0,0.0,1.0,0.0,0.0,1.0,5.0,1.0,1.0,1.0,0.0,1.0,0.0,1.0,0.0,carpet,high,old,unitech heritage city,gurgaon,3.63
199.74,3.0,3.0,3.0,1.0,sector 79,10.0,1.0,0.0,0.0,1.0,0.0,0.0,0.0,1.0,1.0,0.0,0.0,0.0,0.0,0.0,0.0,0.0,0.0,0.0,0.0,6.0,10.0,4.0,6.0,0.0,1.0,0.0,0.0,1.0,5.0,1.0,1.0,1.0,0.0,1.0,0.0,1.0,0.0,super built up,mid,new,bestech altura,gurgaon,1.85
267.1,4.0,6.0,3.0,1.0,sector 103,15.0,1.0,0.0,0.0,1.0,1.0,1.0,0.0,1.0,1.0,1.0,1.0,1.0,0.0,1.0,0.0,0.0,0.0,0.0,0.0,6.0,10.0,4.0,6.0,0.0,1.0,0.0,0.0,1.0,5.0,1.0,1.0,1.0,0.0,1.0,0.0,1.0,0.0,super built up,mid,new,indiabulls centrum park,gurgaon,2.45
196.95,3.0,4.0,2.0,1.0,sector 85,15.0,1.0,0.0,0.0,1.0,0.0,0.0,0.0,1.0,1.0,0.0,1.0,0.0,0.0,0.0,0.0,1.0,0.0,0.0,0.0,6.0,10.0,4.0,6.0,0.0,1.0,0.0,0.0,1.0,5.0,1.0,1.0,1.0,0.0,1.0,0.0,1.0,0.0,super built up,mid,new,orris aster court premier,gurgaon,1.38
497.03,4.0,4.0,3.0,1.0,sector 2,11.0,1.0,0.0,0.0,1.0,0.0,1.0,0.0,1.0,1.0,0.0,1.0,0.0,0.0,0.0,0.0,0.0,0.0,0.0,0.0,6.0,10.0,4.0,6.0,0.0,1.0,0.0,0.0,1.0,5.0,1.0,1.0,1.0,0.0,1.0,0.0,1.0,0.0,super built up,high,new,paras quartier,gurgaon,5.9
454.3,4.0,6.0,3.0,1.0,sector 82,11.0,0.0,0.0,0.0,1.0,0.0,1.0,0.0,1.0,1.0,0.0,0.0,0.0,0.0,1.0,0.0,0.0,0.0,0.0,0.0,6.0,10.0,4.0,6.0,0.0,1.0,0.0,0.0,1.0,5.0,1.0,1.0,1.0,0.0,1.0,0.0,1.0,0.0,super built up,high,new,mapsko casa bella,gurgaon,3.0
163.51,4.0,4.0,3.0,0.0,sector 1,25.0,1.0,0.0,0.0,0.0,1.0,0.0,0.0,1.0,0.0,0.0,1.0,0.0,0.0,0.0,1.0,0.0,0.0,0.0,0.0,6.0,10.0,4.0,6.0,0.0,1.0,0.0,0.0,1.0,5.0,1.0,1.0,1.0,0.0,1.0,0.0,1.0,0.0,carpet,high,old,samadhan shri kamal cghs,gurgaon,2.01
163.42,4.0,4.0,3.0,0.0,sector 38,46.0,1.0,0.0,0.0,0.0,0.0,0.0,1.0,0.0,0.0,0.0,0.0,0.0,0.0,0.0,0.0,1.0,0.0,0.0,0.0,6.0,10.0,4.0,6.0,0.0,1.0,0.0,0.0,1.0,5.0,1.0,1.0,1.0,0.0,1.0,0.0,1.0,0.0,carpet,high,old,navjyoti apartment,gurgaon,2.1
297.29,3.0,4.0,3.0,1.0,sector 24,42.0,1.0,0.0,0.0,0.0,0.0,0.0,1.0,0.0,0.0,0.0,1.0,0.0,0.0,0.0,1.0,0.0,0.0,0.0,1.0,6.0,10.0,4.0,6.0,0.0,1.0,0.0,0.0,1.0,5.0,1.0,1.0,1.0,0.0,1.0,0.0,1.0,0.0,super built up,low,old,ambience lagoon,gurgaon,4.25
192.31,3.0,4.0,3.0,1.0,sector 49,13.0,1.0,0.0,0.0,1.0,0.0,0.0,1.0,1.0,0.0,0.0,0.0,0.0,0.0,1.0,1.0,0.0,0.0,0.0,0.0,6.0,10.0,4.0,6.0,0.0,1.0,0.0,0.0,1.0,5.0,1.0,1.0,1.0,0.0,1.0,0.0,1.0,0.0,super built up,high,new,orchid petals,gurgaon,2.55
218.32,4.0,3.0,3.0,1.0,sector 52,43.0,1.0,0.0,0.0,0.0,0.0,0.0,1.0,0.0,0.0,0.0,0.0,0.0,1.0,0.0,1.0,0.0,0.0,0.0,1.0,6.0,10.0,4.0,6.0,0.0,1.0,0.0,0.0,1.0,5.0,1.0,1.0,1.0,0.0,1.0,0.0,1.0,0.0,super built up,mid,old,friends apartment,gurgaon,2.0
235.7,3.0,4.0,3.0,1.0,sector 50,15.0,0.0,0.0,1.0,0.0,1.0,0.0,1.0,1.0,0.0,0.0,0.0,0.0,1.0,0.0,1.0,0.0,0.0,0.0,0.0,6.0,10.0,4.0,6.0,0.0,1.0,0.0,0.0,1.0,5.0,1.0,1.0,1.0,0.0,1.0,0.0,1.0,0.0,carpet,mid,old,the close south,gurgaon,3.25
156.91,3.0,3.0,3.0,0.0,sector 102,49.0,1.0,0.0,0.0,0.0,1.0,0.0,1.0,1.0,0.0,0.0,0.0,0.0,0.0,0.0,1.0,0.0,0.0,0.0,0.0,6.0,10.0,4.0,6.0,0.0,1.0,0.0,0.0,1.0,5.0,1.0,1.0,1.0,0.0,1.0,0.0,1.0,0.0,super built up,low,new,hero homes,gurgaon,1.6
178.37,3.0,4.0,3.0,1.0,sector 2,10.0,1.0,0.0,0.0,1.0,1.0,0.0,0.0,1.0,1.0,1.0,1.0,0.0,0.0,0.0,0.0,0.0,0.0,0.0,0.0,6.0,10.0,4.0,6.0,0.0,1.0,0.0,0.0,1.0,5.0,1.0,1.0,1.0,0.0,1.0,0.0,1.0,0.0,super built up,high,old,bestech park view residency,gurgaon,1.5
217.67,3.0,3.0,2.0,1.0,sector 108,13.0,1.0,0.0,0.0,0.0,0.0,1.0,0.0,1.0,1.0,0.0,0.0,1.0,0.0,0.0,0.0,0.0,0.0,1.0,0.0,6.0,10.0,4.0,6.0,0.0,1.0,0.0,0.0,1.0,5.0,1.0,1.0,1.0,0.0,1.0,0.0,1.0,0.0,super built up,high,new,sobha city,gurgaon,3.75
131.55,2.0,2.0,3.0,0.0,sector 2,10.0,1.0,0.0,0.0,1.0,1.0,0.0,0.0,1.0,1.0,1.0,1.0,0.0,0.0,0.0,0.0,0.0,0.0,0.0,0.0,6.0,10.0,4.0,6.0,0.0,1.0,0.0,0.0,1.0,5.0,1.0,1.0,1.0,0.0,1.0,0.0,1.0,0.0,carpet,high,old,bestech park view residency,gurgaon,0.95
120.77,4.0,3.0,3.0,0.0,sector 15,49.0,1.0,0.0,0.0,0.0,1.0,0.0,1.0,1.0,0.0,0.0,0.0,0.0,1.0,0.0,1.0,1.0,0.0,0.0,1.0,6.0,10.0,4.0,6.0,0.0,1.0,0.0,0.0,1.0,5.0,1.0,1.0,1.0,0.0,1.0,0.0,1.0,0.0,carpet,low,old,cghs rail vihar,gurgaon,1.4
179.21,3.0,4.0,3.0,1.0,sector 86,10.0,0.0,0.0,0.0,1.0,0.0,0.0,0.0,1.0,1.0,0.0,0.0,0.0,0.0,1.0,0.0,0.0,0.0,0.0,0.0,6.0,10.0,4.0,6.0,0.0,1.0,0.0,0.0,1.0,5.0,1.0,1.0,1.0,0.0,1.0,0.0,1.0,0.0,super built up,high,new,dlf the skycourt,gurgaon,1.56
153.29,3.0,3.0,3.0,1.0,sector 102,10.0,1.0,0.0,0.0,1.0,0.0,1.0,0.0,1.0,1.0,0.0,0.0,1.0,0.0,0.0,0.0,0.0,0.0,0.0,0.0,6.0,10.0,4.0,6.0,0.0,1.0,0.0,0.0,1.0,5.0,1.0,1.0,1.0,0.0,1.0,0.0,1.0,0.0,super built up,high,new,emaar gurgaon greens,gurgaon,1.35
125.33,2.0,2.0,2.0,0.0,sector 102,13.0,1.0,0.0,0.0,1.0,1.0,0.0,0.0,1.0,1.0,0.0,0.0,1.0,0.0,1.0,0.0,0.0,1.0,0.0,0.0,6.0,10.0,4.0,6.0,0.0,1.0,0.0,0.0,1.0,5.0,1.0,1.0,1.0,0.0,1.0,0.0,1.0,0.0,super built up,high,new,shapoorji pallonji joyville gurugram,gurgaon,1.4
165.09,3.0,3.0,2.0,1.0,sector 28,45.0,1.0,0.0,0.0,0.0,1.0,0.0,1.0,1.0,0.0,0.0,1.0,0.0,1.0,0.0,1.0,0.0,0.0,0.0,1.0,6.0,10.0,4.0,6.0,0.0,1.0,0.0,0.0,1.0,5.0,1.0,1.0,1.0,0.0,1.0,0.0,1.0,0.0,super built up,high,old,dlf regency park 2,gurgaon,2.26
138.61,2.0,2.0,2.0,1.0,sector 33,7.0,1.0,0.0,0.0,0.0,0.0,0.0,0.0,1.0,0.0,0.0,0.0,1.0,0.0,0.0,0.0,0.0,0.0,0.0,0.0,6.0,10.0,4.0,6.0,0.0,1.0,0.0,0.0,1.0,5.0,1.0,1.0,1.0,0.0,1.0,0.0,1.0,0.0,built up,high,new,eldeco accolade,sohna,1.2
226.96,4.0,4.0,3.0,1.0,sector 37,11.0,1.0,0.0,0.0,1.0,0.0,1.0,0.0,1.0,1.0,0.0,0.0,1.0,0.0,1.0,0.0,0.0,0.0,0.0,0.0,6.0,10.0,4.0,6.0,0.0,1.0,0.0,0.0,1.0,5.0,1.0,1.0,1.0,0.0,1.0,0.0,1.0,0.0,super built up,high,new,bptp terra,gurgaon,2.08
223.71,3.0,4.0,3.0,1.0,sector 85,13.0,1.0,0.0,0.0,1.0,0.0,1.0,0.0,1.0,1.0,0.0,0.0,1.0,0.0,1.0,0.0,0.0,0.0,1.0,0.0,6.0,10.0,4.0,6.0,0.0,1.0,0.0,0.0,1.0,5.0,1.0,1.0,1.0,0.0,1.0,0.0,1.0,0.0,super built up,high,new,ss the leaf,gurgaon,1.75
234.77,3.0,3.0,3.0,1.0,sector 67,11.0,1.0,0.0,0.0,1.0,0.0,1.0,0.0,1.0,1.0,0.0,0.0,0.0,0.0,1.0,0.0,0.0,0.0,0.0,0.0,6.0,10.0,4.0,6.0,0.0,1.0,0.0,0.0,1.0,5.0,1.0,1.0,1.0,0.0,1.0,0.0,1.0,0.0,super built up,mid,new,ireo victory valley,gurgaon,2.99
140.12,2.0,2.0,2.0,1.0,sector 62,11.0,1.0,0.0,0.0,1.0,0.0,1.0,0.0,1.0,1.0,0.0,1.0,0.0,0.0,0.0,0.0,0.0,0.0,0.0,0.0,6.0,10.0,4.0,6.0,0.0,1.0,0.0,0.0,1.0,5.0,1.0,1.0,1.0,0.0,1.0,0.0,1.0,0.0,super built up,high,new,emaar digihomes,gurgaon,2.1
223.99,3.0,3.0,3.0,1.0,sector 67,11.0,1.0,0.0,0.0,1.0,0.0,1.0,0.0,1.0,1.0,0.0,0.0,0.0,0.0,1.0,0.0,0.0,0.0,0.0,0.0,6.0,10.0,4.0,6.0,0.0,1.0,0.0,0.0,1.0,5.0,1.0,1.0,1.0,0.0,1.0,0.0,1.0,0.0,super built up,high,new,ireo victory valley,gurgaon,2.87
165.09,3.0,3.0,2.0,1.0,sector 28,47.0,1.0,0.0,0.0,0.0,1.0,0.0,1.0,0.0,0.0,0.0,1.0,0.0,0.0,0.0,1.0,0.0,0.0,0.0,1.0,6.0,10.0,4.0,6.0,0.0,1.0,0.0,0.0,1.0,5.0,1.0,1.0,1.0,0.0,1.0,0.0,1.0,0.0,super built up,high,old,dlf regency park 2,gurgaon,2.35
232.26,3.0,4.0,3.0,0.0,sector 24,42.0,1.0,0.0,0.0,0.0,0.0,0.0,1.0,0.0,0.0,0.0,1.0,0.0,0.0,0.0,1.0,0.0,0.0,0.0,1.0,6.0,10.0,4.0,6.0,0.0,1.0,0.0,0.0,1.0,5.0,1.0,1.0,1.0,0.0,1.0,0.0,1.0,0.0,carpet,low,old,lagoon apartment,gurgaon,3.0
408.77,4.0,6.0,3.0,0.0,sector 24,42.0,1.0,0.0,0.0,0.0,0.0,0.0,1.0,0.0,0.0,0.0,1.0,0.0,0.0,0.0,1.0,0.0,0.0,0.0,1.0,6.0,10.0,4.0,6.0,0.0,1.0,0.0,0.0,1.0,5.0,1.0,1.0,1.0,0.0,1.0,0.0,1.0,0.0,carpet,mid,old,lagoon apartment,gurgaon,6.0
153.29,3.0,3.0,3.0,1.0,sector 65,6.0,1.0,0.0,0.0,0.0,0.0,0.0,0.0,0.0,1.0,0.0,0.0,0.0,0.0,1.0,0.0,0.0,0.0,0.0,0.0,6.0,10.0,4.0,6.0,0.0,1.0,0.0,0.0,1.0,5.0,1.0,1.0,1.0,0.0,1.0,0.0,1.0,0.0,built up,low,new,emaar mgf emerald floors premier,gurgaon,2.35
310.67,3.0,4.0,3.0,1.0,sector 103,15.0,1.0,0.0,0.0,1.0,1.0,1.0,0.0,1.0,1.0,1.0,1.0,1.0,0.0,1.0,0.0,0.0,0.0,0.0,0.0,6.0,10.0,4.0,6.0,0.0,1.0,0.0,0.0,1.0,5.0,1.0,1.0,1.0,0.0,1.0,0.0,1.0,0.0,carpet,high,new,indiabulls centrum park,gurgaon,1.9
137.03,3.0,3.0,2.0,1.0,sector 85,8.0,1.0,0.0,0.0,1.0,0.0,1.0,0.0,1.0,0.0,0.0,0.0,0.0,0.0,0.0,0.0,0.0,0.0,0.0,0.0,6.0,10.0,4.0,6.0,0.0,1.0,0.0,0.0,1.0,5.0,1.0,1.0,1.0,0.0,1.0,0.0,1.0,0.0,super built up,high,old,orris carnation residency,gurgaon,0.72
141.77,3.0,2.0,3.0,0.0,sector 1,10.0,1.0,0.0,0.0,0.0,0.0,0.0,0.0,0.0,0.0,0.0,0.0,0.0,1.0,0.0,0.0,0.0,0.0,0.0,1.0,6.0,10.0,4.0,6.0,0.0,1.0,0.0,0.0,1.0,5.0,1.0,1.0,1.0,0.0,1.0,0.0,1.0,0.0,carpet,mid,old,sbr minda sec 1 imt manesar,manesar,0.65
194.35,3.0,4.0,3.0,1.0,sector 81,9.0,1.0,0.0,0.0,0.0,0.0,0.0,0.0,1.0,1.0,0.0,1.0,0.0,0.0,0.0,0.0,0.0,0.0,0.0,0.0,6.0,10.0,4.0,6.0,0.0,1.0,0.0,0.0,1.0,5.0,1.0,1.0,1.0,0.0,1.0,0.0,1.0,0.0,super built up,high,new,dlf the ultima,gurgaon,2.34
191.38,4.0,5.0,3.0,1.0,sector 113,8.0,1.0,0.0,0.0,1.0,0.0,0.0,0.0,1.0,1.0,1.0,1.0,1.0,0.0,0.0,0.0,0.0,0.0,0.0,0.0,6.0,10.0,4.0,6.0,0.0,1.0,0.0,0.0,1.0,5.0,1.0,1.0,1.0,0.0,1.0,0.0,1.0,0.0,built up,high,new,m3m capital,gurgaon,2.57
203.55,3.0,3.0,3.0,1.0,sector 37,11.0,1.0,0.0,0.0,1.0,0.0,1.0,0.0,1.0,1.0,0.0,0.0,1.0,0.0,1.0,0.0,0.0,0.0,0.0,0.0,6.0,10.0,4.0,6.0,0.0,1.0,0.0,0.0,1.0,5.0,1.0,1.0,1.0,0.0,1.0,0.0,1.0,0.0,built up,mid,new,bptp terra,gurgaon,1.71
355.82,5.0,5.0,3.0,1.0,sector 110,15.0,1.0,0.0,0.0,1.0,1.0,0.0,0.0,1.0,1.0,1.0,1.0,1.0,0.0,0.0,0.0,0.0,0.0,0.0,0.0,6.0,10.0,4.0,6.0,0.0,1.0,0.0,0.0,1.0,5.0,1.0,1.0,1.0,0.0,1.0,0.0,1.0,0.0,super built up,mid,new,indiabulls enigma,gurgaon,3.79
241.55,4.0,4.0,3.0,1.0,sector 56,47.0,1.0,0.0,0.0,0.0,1.0,0.0,1.0,0.0,0.0,0.0,1.0,0.0,1.0,0.0,1.0,1.0,0.0,0.0,1.0,6.0,10.0,4.0,6.0,0.0,1.0,0.0,0.0,1.0,5.0,1.0,1.0,1.0,0.0,1.0,0.0,1.0,0.0,built up,mid,old,the lions cghs,gurgaon,2.05
276.76,3.0,3.0,3.0,1.0,sector 65,9.0,1.0,0.0,0.0,1.0,0.0,1.0,0.0,1.0,1.0,0.0,1.0,0.0,0.0,1.0,0.0,1.0,0.0,0.0,0.0,6.0,10.0,4.0,6.0,0.0,1.0,0.0,0.0,1.0,5.0,1.0,1.0,1.0,0.0,1.0,0.0,1.0,0.0,super built up,high,new,m3m golfestate,gurgaon,5.2
204.39,3.0,3.0,3.0,1.0,sector 66,14.0,1.0,0.0,0.0,0.0,0.0,1.0,0.0,1.0,1.0,0.0,1.0,0.0,0.0,0.0,0.0,0.0,1.0,0.0,0.0,6.0,10.0,4.0,6.0,0.0,1.0,0.0,0.0,1.0,5.0,1.0,1.0,1.0,0.0,1.0,0.0,1.0,0.0,super built up,high,new,emaar mgf the palm drive,gurgaon,3.2
91.97,2.0,2.0,1.0,0.0,sector 30,49.0,1.0,0.0,0.0,0.0,1.0,0.0,1.0,1.0,0.0,0.0,0.0,0.0,1.0,0.0,0.0,0.0,0.0,0.0,1.0,6.0,10.0,4.0,6.0,0.0,1.0,0.0,0.0,1.0,5.0,1.0,1.0,1.0,0.0,1.0,0.0,1.0,0.0,super built up,low,old,afnhb jalvayu vihar,gurgaon,0.69
260.31,3.0,3.0,2.0,1.0,sector 112,8.0,1.0,0.0,0.0,0.0,0.0,1.0,0.0,1.0,1.0,1.0,0.0,1.0,0.0,0.0,0.0,0.0,0.0,0.0,0.0,6.0,10.0,4.0,6.0,0.0,1.0,0.0,0.0,1.0,5.0,1.0,1.0,1.0,0.0,1.0,0.0,1.0,0.0,super built up,high,new,experion windchants,gurgaon,3.75
260.31,3.0,4.0,3.0,1.0,sector 112,8.0,1.0,0.0,0.0,0.0,0.0,1.0,0.0,1.0,1.0,1.0,0.0,1.0,0.0,0.0,0.0,0.0,0.0,0.0,0.0,6.0,10.0,4.0,6.0,0.0,1.0,0.0,0.0,1.0,5.0,1.0,1.0,1.0,0.0,1.0,0.0,1.0,0.0,super built up,high,new,experion windchants,gurgaon,3.65
440.27,4.0,5.0,3.0,1.0,sector 112,8.0,1.0,0.0,0.0,0.0,0.0,1.0,0.0,1.0,1.0,1.0,0.0,1.0,0.0,0.0,0.0,0.0,0.0,0.0,0.0,6.0,10.0,4.0,6.0,0.0,1.0,0.0,0.0,1.0,5.0,1.0,1.0,1.0,0.0,1.0,0.0,1.0,0.0,super built up,mid,new,experion windchants,gurgaon,5.49
194.63,4.0,4.0,3.0,1.0,sector 84,3.0,0.0,0.0,0.0,0.0,1.0,1.0,0.0,1.0,0.0,0.0,0.0,0.0,0.0,0.0,0.0,0.0,0.0,0.0,0.0,6.0,10.0,4.0,6.0,0.0,1.0,0.0,0.0,1.0,5.0,1.0,1.0,1.0,0.0,1.0,0.0,1.0,0.0,super built up,low,new,antriksh heights,gurgaon,1.05
192.58,3.0,4.0,2.0,0.0,sector 108,13.0,1.0,0.0,0.0,0.0,0.0,1.0,0.0,1.0,1.0,0.0,0.0,1.0,0.0,0.0,0.0,0.0,0.0,1.0,0.0,6.0,10.0,4.0,6.0,0.0,1.0,0.0,0.0,1.0,5.0,1.0,1.0,1.0,0.0,1.0,0.0,1.0,0.0,super built up,high,new,sobha city,gurgaon,3.35
193.8,3.0,3.0,3.0,1.0,sector 47,42.0,1.0,0.0,0.0,0.0,0.0,0.0,1.0,0.0,0.0,0.0,0.0,0.0,0.0,0.0,0.0,1.0,0.0,0.0,0.0,6.0,10.0,4.0,6.0,0.0,1.0,0.0,0.0,1.0,5.0,1.0,1.0,1.0,0.0,1.0,0.0,1.0,0.0,super built up,high,old,unitech uniworld gardens,gurgaon,2.4
209.12,3.0,3.0,3.0,1.0,sector 56,45.0,1.0,0.0,0.0,0.0,1.0,1.0,1.0,1.0,0.0,0.0,1.0,0.0,1.0,0.0,1.0,1.0,0.0,0.0,1.0,6.0,10.0,4.0,6.0,0.0,1.0,0.0,0.0,1.0,5.0,1.0,1.0,1.0,0.0,1.0,0.0,1.0,0.0,built up,mid,old,park royal apartment,gurgaon,1.71
380.44,5.0,6.0,3.0,0.0,sector 106,11.0,1.0,0.0,0.0,0.0,0.0,0.0,0.0,0.0,0.0,1.0,0.0,0.0,0.0,0.0,0.0,0.0,0.0,0.0,0.0,6.0,10.0,4.0,6.0,0.0,1.0,0.0,0.0,1.0,5.0,1.0,1.0,1.0,0.0,1.0,0.0,1.0,0.0,super built up,high,under construction,elan the presidential,gurgaon,6.3
215.35,3.0,3.0,2.0,1.0,sector 109,15.0,1.0,0.0,0.0,0.0,0.0,0.0,0.0,1.0,0.0,0.0,0.0,1.0,0.0,0.0,0.0,0.0,0.0,0.0,0.0,6.0,10.0,4.0,6.0,0.0,1.0,0.0,0.0,1.0,5.0,1.0,1.0,1.0,0.0,1.0,0.0,1.0,0.0,carpet,mid,old,raheja atharva,gurgaon,2.2
315.87,4.0,4.0,3.0,1.0,sector 110,15.0,1.0,0.0,0.0,1.0,1.0,0.0,0.0,1.0,1.0,1.0,1.0,1.0,0.0,0.0,0.0,0.0,0.0,0.0,0.0,6.0,10.0,4.0,6.0,0.0,1.0,0.0,0.0,1.0,5.0,1.0,1.0,1.0,0.0,1.0,0.0,1.0,0.0,super built up,high,new,indiabulls enigma,gurgaon,3.25
369.75,4.0,5.0,3.0,1.0,sector 48,9.0,1.0,0.0,0.0,1.0,0.0,1.0,0.0,1.0,1.0,0.0,1.0,0.0,0.0,0.0,0.0,1.0,0.0,0.0,0.0,6.0,10.0,4.0,6.0,0.0,1.0,0.0,0.0,1.0,5.0,1.0,1.0,1.0,0.0,1.0,0.0,1.0,0.0,carpet,low,new,central park resorts,gurgaon,11.25
222.97,3.0,3.0,3.0,1.0,sector 33,15.0,1.0,0.0,0.0,0.0,0.0,1.0,0.0,1.0,1.0,0.0,0.0,0.0,0.0,1.0,0.0,1.0,0.0,0.0,0.0,6.0,10.0,4.0,6.0,0.0,1.0,0.0,0.0,1.0,5.0,1.0,1.0,1.0,0.0,1.0,0.0,1.0,0.0,carpet,low,new,central park flower valley,sohna,3.3
178.37,3.0,4.0,3.0,1.0,sector 2,10.0,1.0,0.0,0.0,1.0,1.0,0.0,0.0,1.0,1.0,1.0,1.0,0.0,0.0,0.0,0.0,0.0,0.0,0.0,0.0,6.0,10.0,4.0,6.0,0.0,1.0,0.0,0.0,1.0,5.0,1.0,1.0,1.0,0.0,1.0,0.0,1.0,0.0,super built up,mid,old,bestech park view residency,gurgaon,1.51
153.29,3.0,3.0,3.0,1.0,sector 102,10.0,1.0,0.0,0.0,1.0,0.0,1.0,0.0,1.0,1.0,0.0,0.0,1.0,0.0,0.0,0.0,0.0,0.0,0.0,0.0,6.0,10.0,4.0,6.0,0.0,1.0,0.0,0.0,1.0,5.0,1.0,1.0,1.0,0.0,1.0,0.0,1.0,0.0,super built up,mid,new,emaar gurgaon greens,gurgaon,1.38
306.58,3.0,3.0,3.0,1.0,sector 66,14.0,1.0,0.0,0.0,0.0,0.0,1.0,0.0,1.0,1.0,0.0,1.0,0.0,0.0,0.0,0.0,0.0,1.0,0.0,0.0,6.0,10.0,4.0,6.0,0.0,1.0,0.0,0.0,1.0,5.0,1.0,1.0,1.0,0.0,1.0,0.0,1.0,0.0,super built up,high,new,emaar mgf the palm drive,gurgaon,4.6
153.29,3.0,3.0,3.0,1.0,sector 102,10.0,1.0,0.0,0.0,1.0,0.0,1.0,0.0,1.0,1.0,0.0,0.0,1.0,0.0,0.0,0.0,0.0,0.0,0.0,0.0,6.0,10.0,4.0,6.0,0.0,1.0,0.0,0.0,1.0,5.0,1.0,1.0,1.0,0.0,1.0,0.0,1.0,0.0,super built up,high,new,emaar gurgaon greens,gurgaon,1.4
183.48,4.0,4.0,3.0,1.0,sector 65,6.0,1.0,0.0,0.0,0.0,0.0,0.0,0.0,0.0,1.0,0.0,0.0,0.0,0.0,1.0,0.0,0.0,0.0,0.0,0.0,6.0,10.0,4.0,6.0,0.0,1.0,0.0,0.0,1.0,5.0,1.0,1.0,1.0,0.0,1.0,0.0,1.0,0.0,super built up,mid,new,emaar mgf emerald floors premier,gurgaon,3.5
166.3,3.0,4.0,2.0,1.0,sector 82,10.0,0.0,0.0,0.0,1.0,0.0,0.0,0.0,1.0,0.0,0.0,0.0,0.0,0.0,0.0,0.0,0.0,0.0,0.0,0.0,6.0,10.0,4.0,6.0,0.0,1.0,0.0,0.0,1.0,5.0,1.0,1.0,1.0,0.0,1.0,0.0,1.0,0.0,super built up,high,new,mapsko royale ville,gurgaon,0.99
153.29,3.0,3.0,3.0,1.0,sector 65,6.0,1.0,0.0,0.0,0.0,0.0,0.0,0.0,0.0,1.0,0.0,0.0,0.0,0.0,1.0,0.0,0.0,0.0,0.0,0.0,6.0,10.0,4.0,6.0,0.0,1.0,0.0,0.0,1.0,5.0,1.0,1.0,1.0,0.0,1.0,0.0,1.0,0.0,carpet,mid,new,emaar mgf emerald floors premier,gurgaon,2.65
180.6,3.0,3.0,2.0,1.0,sector 45,47.0,1.0,0.0,0.0,0.0,0.0,0.0,1.0,0.0,0.0,0.0,0.0,0.0,0.0,0.0,0.0,0.0,0.0,0.0,0.0,6.0,10.0,4.0,6.0,0.0,1.0,0.0,0.0,1.0,5.0,1.0,1.0,1.0,0.0,1.0,0.0,1.0,0.0,super built up,low,new,unitech greenwood city,gurgaon,2.4
199.74,3.0,3.0,3.0,1.0,sector 109,11.0,1.0,0.0,0.0,1.0,0.0,0.0,0.0,1.0,1.0,0.0,1.0,1.0,0.0,0.0,0.0,0.0,0.0,1.0,0.0,6.0,10.0,4.0,6.0,0.0,1.0,0.0,0.0,1.0,5.0,1.0,1.0,1.0,0.0,1.0,0.0,1.0,0.0,super built up,high,new,ats tourmaline,gurgaon,1.65
167.78,4.0,3.0,3.0,1.0,sector 9,44.0,1.0,0.0,0.0,0.0,0.0,0.0,1.0,1.0,0.0,1.0,0.0,0.0,0.0,0.0,1.0,0.0,0.0,0.0,1.0,6.0,10.0,4.0,6.0,0.0,1.0,0.0,0.0,1.0,5.0,1.0,1.0,1.0,0.0,1.0,0.0,1.0,0.0,carpet,low,old,railway officers rpf society,gurgaon,1.25
240.51,3.0,3.0,3.0,1.0,sector 62,11.0,1.0,0.0,0.0,1.0,0.0,1.0,0.0,1.0,1.0,0.0,1.0,0.0,0.0,0.0,0.0,0.0,0.0,0.0,0.0,6.0,10.0,4.0,6.0,0.0,1.0,0.0,0.0,1.0,5.0,1.0,1.0,1.0,0.0,1.0,0.0,1.0,0.0,super built up,high,new,emaar digihomes,gurgaon,4.0
176.52,3.0,3.0,3.0,1.0,sector 83,10.0,0.0,0.0,0.0,1.0,0.0,0.0,0.0,0.0,0.0,0.0,0.0,0.0,0.0,0.0,0.0,0.0,0.0,0.0,0.0,6.0,10.0,4.0,6.0,0.0,1.0,0.0,0.0,1.0,5.0,1.0,1.0,1.0,0.0,1.0,0.0,1.0,0.0,super built up,mid,new,emaar palm gardens,gurgaon,1.8
253.07,4.0,3.0,3.0,1.0,sector 91,10.0,1.0,0.0,0.0,0.0,0.0,0.0,0.0,1.0,1.0,0.0,0.0,1.0,0.0,1.0,0.0,0.0,0.0,0.0,0.0,6.0,10.0,4.0,6.0,0.0,1.0,0.0,0.0,1.0,5.0,1.0,1.0,1.0,0.0,1.0,0.0,1.0,0.0,super built up,high,new,tarc maceo,gurgaon,1.75
153.29,3.0,3.0,2.0,1.0,sector 65,6.0,1.0,0.0,0.0,0.0,0.0,0.0,0.0,0.0,1.0,0.0,0.0,0.0,0.0,1.0,0.0,0.0,0.0,0.0,0.0,6.0,10.0,4.0,6.0,0.0,1.0,0.0,0.0,1.0,5.0,1.0,1.0,1.0,0.0,1.0,0.0,1.0,0.0,built up,mid,new,emaar mgf emerald floors premier,gurgaon,2.35
402.92,4.0,5.0,3.0,1.0,sector 62,12.0,1.0,0.0,0.0,1.0,0.0,1.0,0.0,1.0,1.0,0.0,0.0,0.0,0.0,1.0,0.0,0.0,1.0,0.0,0.0,6.0,10.0,4.0,6.0,0.0,1.0,0.0,0.0,1.0,5.0,1.0,1.0,1.0,0.0,1.0,0.0,1.0,0.0,super built up,mid,new,pioneer urban presidia,gurgaon,7.15
181.16,4.0,3.0,3.0,1.0,sector 77,10.0,1.0,0.0,0.0,1.0,0.0,1.0,0.0,1.0,1.0,0.0,0.0,1.0,0.0,0.0,0.0,0.0,0.0,0.0,0.0,6.0,10.0,4.0,6.0,0.0,1.0,0.0,0.0,1.0,5.0,1.0,1.0,1.0,0.0,1.0,0.0,1.0,0.0,super built up,high,new,emaar mgf palm hills,gurgaon,1.64
153.29,3.0,3.0,2.0,1.0,sector 65,6.0,1.0,0.0,0.0,0.0,0.0,0.0,0.0,0.0,1.0,0.0,0.0,0.0,0.0,1.0,0.0,0.0,0.0,0.0,0.0,6.0,10.0,4.0,6.0,0.0,1.0,0.0,0.0,1.0,5.0,1.0,1.0,1.0,0.0,1.0,0.0,1.0,0.0,super built up,low,new,emaar mgf emerald floors premier,gurgaon,2.8
293.57,4.0,6.0,3.0,1.0,sector 54,11.0,1.0,0.0,0.0,1.0,0.0,1.0,0.0,1.0,1.0,1.0,1.0,0.0,0.0,0.0,0.0,1.0,1.0,0.0,0.0,6.0,10.0,4.0,6.0,0.0,1.0,0.0,0.0,1.0,5.0,1.0,1.0,1.0,0.0,1.0,0.0,1.0,0.0,super built up,high,old,la lagune,gurgaon,6.75
222.97,3.0,4.0,3.0,1.0,sector 67,10.0,1.0,0.0,0.0,1.0,0.0,1.0,0.0,1.0,1.0,0.0,0.0,0.0,0.0,1.0,0.0,0.0,1.0,0.0,0.0,6.0,10.0,4.0,6.0,0.0,1.0,0.0,0.0,1.0,5.0,1.0,1.0,1.0,0.0,1.0,0.0,1.0,0.0,super built up,high,new,m3m merlin,gurgaon,3.5
159.51,3.0,3.0,3.0,1.0,sector 65,8.0,0.0,0.0,0.0,0.0,0.0,0.0,0.0,1.0,0.0,0.0,1.0,0.0,0.0,0.0,0.0,0.0,0.0,0.0,0.0,6.0,10.0,4.0,6.0,0.0,1.0,0.0,0.0,1.0,5.0,1.0,1.0,1.0,0.0,1.0,0.0,1.0,0.0,carpet,mid,new,m3m latitude,gurgaon,4.6
185.81,3.0,3.0,3.0,1.0,sector 74,7.0,1.0,0.0,0.0,1.0,0.0,1.0,0.0,1.0,1.0,0.0,0.0,1.0,0.0,0.0,0.0,0.0,0.0,0.0,0.0,6.0,10.0,4.0,6.0,0.0,1.0,0.0,0.0,1.0,5.0,1.0,1.0,1.0,0.0,1.0,0.0,1.0,0.0,super built up,mid,new,m3m skywalk,gurgaon,2.25
194.35,3.0,3.0,3.0,1.0,sector 82,7.0,1.0,0.0,0.0,0.0,0.0,0.0,0.0,0.0,1.0,0.0,0.0,0.0,0.0,0.0,0.0,0.0,0.0,0.0,0.0,6.0,10.0,4.0,6.0,0.0,1.0,0.0,0.0,1.0,5.0,1.0,1.0,1.0,0.0,1.0,0.0,1.0,0.0,super built up,high,new,dlf the primus,gurgaon,2.2
242.11,4.0,4.0,3.0,1.0,sector 82,7.0,1.0,0.0,0.0,0.0,0.0,0.0,0.0,0.0,1.0,0.0,0.0,0.0,0.0,0.0,0.0,0.0,0.0,0.0,0.0,6.0,10.0,4.0,6.0,0.0,1.0,0.0,0.0,1.0,5.0,1.0,1.0,1.0,0.0,1.0,0.0,1.0,0.0,super built up,low,new,dlf the primus,gurgaon,2.85
205.78,4.0,4.0,3.0,0.0,sector 90,14.0,0.0,0.0,0.0,0.0,1.0,0.0,0.0,0.0,0.0,0.0,0.0,0.0,0.0,0.0,0.0,0.0,0.0,0.0,0.0,6.0,10.0,4.0,6.0,0.0,1.0,0.0,0.0,1.0,5.0,1.0,1.0,1.0,0.0,1.0,0.0,1.0,0.0,super built up,high,new,dlf regal gardens,gurgaon,1.76
128.67,2.0,2.0,3.0,0.0,sector 106,11.0,1.0,0.0,0.0,1.0,0.0,1.0,0.0,1.0,1.0,0.0,1.0,1.0,0.0,1.0,0.0,0.0,0.0,0.0,0.0,6.0,10.0,4.0,6.0,0.0,1.0,0.0,0.0,1.0,5.0,1.0,1.0,1.0,0.0,1.0,0.0,1.0,0.0,super built up,low,new,paras dews,gurgaon,1.0
264.87,4.0,4.0,3.0,1.0,sector 61,14.0,1.0,0.0,0.0,0.0,0.0,1.0,0.0,1.0,1.0,0.0,1.0,0.0,0.0,1.0,0.0,0.0,1.0,0.0,0.0,6.0,10.0,4.0,6.0,0.0,1.0,0.0,0.0,1.0,5.0,1.0,1.0,1.0,0.0,1.0,0.0,1.0,0.0,super built up,low,old,pioneer park,gurgaon,3.6
223.71,3.0,4.0,3.0,1.0,sector 85,13.0,1.0,0.0,0.0,1.0,0.0,1.0,0.0,1.0,1.0,0.0,0.0,1.0,0.0,1.0,0.0,0.0,0.0,1.0,0.0,6.0,10.0,4.0,6.0,0.0,1.0,0.0,0.0,1.0,5.0,1.0,1.0,1.0,0.0,1.0,0.0,1.0,0.0,super built up,mid,new,ss the leaf,gurgaon,1.78
150.5,3.0,3.0,3.0,1.0,sector 71,15.0,1.0,1.0,0.0,0.0,0.0,1.0,1.0,0.0,1.0,0.0,0.0,0.0,0.0,1.0,0.0,1.0,0.0,0.0,0.0,6.0,10.0,4.0,6.0,0.0,1.0,0.0,0.0,1.0,5.0,1.0,1.0,1.0,0.0,1.0,0.0,1.0,0.0,super built up,high,old,chd avenue 71,gurgaon,0.98
223.25,3.0,3.0,3.0,1.0,sector 60,7.0,1.0,0.0,0.0,0.0,0.0,1.0,0.0,1.0,1.0,0.0,1.0,0.0,0.0,0.0,0.0,0.0,0.0,0.0,0.0,6.0,10.0,4.0,6.0,0.0,1.0,0.0,0.0,1.0,5.0,1.0,1.0,1.0,0.0,1.0,0.0,1.0,0.0,super built up,low,new,ireo skyon,gurgaon,2.82
202.99,3.0,4.0,3.0,1.0,sector 72,10.0,1.0,0.0,0.0,0.0,0.0,1.0,0.0,1.0,0.0,0.0,1.0,0.0,0.0,1.0,0.0,0.0,0.0,0.0,0.0,6.0,10.0,4.0,6.0,0.0,1.0,0.0,0.0,1.0,5.0,1.0,1.0,1.0,0.0,1.0,0.0,1.0,0.0,super built up,high,new,tata primanti,gurgaon,3.21
146.69,3.0,2.0,2.0,1.0,sector 113,8.0,1.0,0.0,0.0,1.0,0.0,0.0,0.0,1.0,0.0,0.0,0.0,1.0,0.0,0.0,0.0,0.0,0.0,0.0,0.0,6.0,10.0,4.0,6.0,0.0,1.0,0.0,0.0,1.0,5.0,1.0,1.0,1.0,0.0,1.0,0.0,1.0,0.0,super built up,high,new,la vida by tata housing,gurgaon,1.9
160.35,3.0,3.0,2.0,1.0,sector 90,14.0,0.0,0.0,0.0,0.0,1.0,0.0,0.0,0.0,0.0,0.0,0.0,0.0,0.0,0.0,0.0,0.0,0.0,0.0,0.0,6.0,10.0,4.0,6.0,0.0,1.0,0.0,0.0,1.0,5.0,1.0,1.0,1.0,0.0,1.0,0.0,1.0,0.0,super built up,high,new,dlf regal gardens,gurgaon,1.19
166.3,3.0,3.0,3.0,1.0,sector 81,9.0,0.0,0.0,0.0,1.0,0.0,0.0,0.0,1.0,0.0,0.0,1.0,1.0,0.0,0.0,0.0,0.0,0.0,0.0,0.0,6.0,10.0,4.0,6.0,0.0,1.0,0.0,0.0,1.0,5.0,1.0,1.0,1.0,0.0,1.0,0.0,1.0,0.0,super built up,high,old,bestech park view ananda,gurgaon,1.35
222.97,4.0,5.0,3.0,1.0,sector 69,11.0,1.0,0.0,0.0,1.0,0.0,1.0,0.0,1.0,1.0,1.0,1.0,0.0,0.0,1.0,0.0,0.0,0.0,0.0,0.0,6.0,10.0,4.0,6.0,0.0,1.0,0.0,0.0,1.0,5.0,1.0,1.0,1.0,0.0,1.0,0.0,1.0,0.0,super built up,mid,new,tulip purple,gurgaon,1.8
166.3,3.0,3.0,3.0,1.0,sector 103,15.0,1.0,0.0,0.0,1.0,1.0,1.0,0.0,1.0,1.0,1.0,1.0,1.0,0.0,1.0,0.0,0.0,0.0,0.0,0.0,6.0,10.0,4.0,6.0,0.0,1.0,0.0,0.0,1.0,5.0,1.0,1.0,1.0,0.0,1.0,0.0,1.0,0.0,super built up,low,new,indiabulls centrum park,gurgaon,1.35
236.44,3.0,3.0,3.0,1.0,sector 109,11.0,1.0,0.0,0.0,0.0,0.0,0.0,0.0,0.0,0.0,1.0,0.0,0.0,0.0,0.0,0.0,0.0,0.0,0.0,0.0,6.0,10.0,4.0,6.0,0.0,1.0,0.0,0.0,1.0,5.0,1.0,1.0,1.0,0.0,1.0,0.0,1.0,0.0,super built up,high,new,sbtl caladium,gurgaon,1.7
225.29,4.0,5.0,3.0,1.0,sector 82,10.0,1.0,0.0,0.0,1.0,0.0,1.0,0.0,1.0,1.0,0.0,0.0,0.0,0.0,0.0,0.0,0.0,0.0,1.0,0.0,6.0,10.0,4.0,6.0,0.0,1.0,0.0,0.0,1.0,5.0,1.0,1.0,1.0,0.0,1.0,0.0,1.0,0.0,super built up,high,new,vatika the seven lamps,gurgaon,1.6
189.99,3.0,4.0,3.0,1.0,sector 60,7.0,1.0,0.0,0.0,0.0,0.0,1.0,0.0,1.0,1.0,0.0,1.0,0.0,0.0,0.0,0.0,0.0,0.0,0.0,0.0,6.0,10.0,4.0,6.0,0.0,1.0,0.0,0.0,1.0,5.0,1.0,1.0,1.0,0.0,1.0,0.0,1.0,0.0,super built up,mid,old,ireo skyon,gurgaon,2.65
103.59,2.0,2.0,2.0,1.0,sector 85,8.0,1.0,0.0,0.0,1.0,0.0,1.0,0.0,1.0,0.0,0.0,0.0,0.0,0.0,0.0,0.0,0.0,0.0,0.0,0.0,6.0,10.0,4.0,6.0,0.0,1.0,0.0,0.0,1.0,5.0,1.0,1.0,1.0,0.0,1.0,0.0,1.0,0.0,super built up,mid,new,orris carnation residency,gurgaon,0.55
153.29,3.0,3.0,3.0,1.0,sector 102,10.0,1.0,0.0,0.0,1.0,0.0,1.0,0.0,1.0,1.0,0.0,0.0,1.0,0.0,0.0,0.0,0.0,0.0,0.0,0.0,6.0,10.0,4.0,6.0,0.0,1.0,0.0,0.0,1.0,5.0,1.0,1.0,1.0,0.0,1.0,0.0,1.0,0.0,super built up,mid,new,emaar gurgaon greens,gurgaon,1.4
145.39,2.0,2.0,3.0,1.0,sector 2,10.0,1.0,0.0,0.0,1.0,1.0,0.0,0.0,1.0,1.0,1.0,1.0,0.0,0.0,0.0,0.0,0.0,0.0,0.0,0.0,6.0,10.0,4.0,6.0,0.0,1.0,0.0,0.0,1.0,5.0,1.0,1.0,1.0,0.0,1.0,0.0,1.0,0.0,super built up,mid,old,bestech park view residency,gurgaon,1.26
257.16,4.0,5.0,3.0,1.0,sector 107,6.0,0.0,0.0,0.0,0.0,0.0,0.0,0.0,1.0,1.0,0.0,0.0,0.0,0.0,0.0,0.0,0.0,0.0,0.0,0.0,6.0,10.0,4.0,6.0,0.0,1.0,0.0,0.0,1.0,5.0,1.0,1.0,1.0,0.0,1.0,0.0,1.0,0.0,super built up,high,new,m3m woodshire,gurgaon,1.7
258.36,3.0,3.0,3.0,0.0,sector 22,14.0,1.0,0.0,0.0,1.0,0.0,1.0,0.0,1.0,1.0,1.0,0.0,1.0,0.0,0.0,0.0,0.0,0.0,0.0,0.0,6.0,10.0,4.0,6.0,0.0,1.0,0.0,0.0,1.0,5.0,1.0,1.0,1.0,0.0,1.0,0.0,1.0,0.0,super built up,low,new,ambience creacions,gurgaon,4.1
132.2,2.0,2.0,3.0,1.0,sector 103,15.0,1.0,0.0,0.0,1.0,1.0,1.0,0.0,1.0,1.0,1.0,1.0,1.0,0.0,1.0,0.0,0.0,0.0,0.0,0.0,6.0,10.0,4.0,6.0,0.0,1.0,0.0,0.0,1.0,5.0,1.0,1.0,1.0,0.0,1.0,0.0,1.0,0.0,super built up,mid,new,indiabulls centrum park,gurgaon,1.01
185.53,3.0,5.0,3.0,1.0,sector 99,15.0,1.0,0.0,0.0,1.0,1.0,1.0,1.0,1.0,1.0,0.0,0.0,0.0,0.0,1.0,0.0,0.0,0.0,0.0,0.0,6.0,10.0,4.0,6.0,0.0,1.0,0.0,0.0,1.0,5.0,1.0,1.0,1.0,0.0,1.0,0.0,1.0,0.0,super built up,high,new,pareena coban residences,gurgaon,1.45
177.44,3.0,3.0,3.0,1.0,sector 48,45.0,1.0,0.0,0.0,0.0,1.0,1.0,1.0,0.0,0.0,0.0,0.0,0.0,1.0,0.0,1.0,0.0,1.0,0.0,0.0,6.0,10.0,4.0,6.0,0.0,1.0,0.0,0.0,1.0,5.0,1.0,1.0,1.0,0.0,1.0,0.0,1.0,0.0,super built up,high,old,parsvnath green ville,gurgaon,1.6
185.81,3.0,3.0,3.0,1.0,sector 66,14.0,1.0,0.0,0.0,0.0,0.0,1.0,0.0,1.0,1.0,0.0,1.0,0.0,0.0,0.0,0.0,0.0,1.0,0.0,0.0,6.0,10.0,4.0,6.0,0.0,1.0,0.0,0.0,1.0,5.0,1.0,1.0,1.0,0.0,1.0,0.0,1.0,0.0,super built up,mid,new,emaar mgf the palm drive,gurgaon,2.99
180.42,3.0,4.0,3.0,1.0,sector 102,15.0,0.0,0.0,0.0,1.0,0.0,1.0,0.0,1.0,1.0,1.0,1.0,1.0,0.0,1.0,0.0,0.0,0.0,1.0,0.0,6.0,10.0,4.0,6.0,0.0,1.0,0.0,0.0,1.0,5.0,1.0,1.0,1.0,0.0,1.0,0.0,1.0,0.0,super built up,high,new,conscient heritage max,gurgaon,1.9
129.6,3.0,3.0,3.0,1.0,sector 65,8.0,1.0,0.0,0.0,1.0,0.0,0.0,0.0,1.0,1.0,0.0,1.0,0.0,0.0,0.0,0.0,0.0,1.0,0.0,0.0,6.0,10.0,4.0,6.0,0.0,1.0,0.0,0.0,1.0,5.0,1.0,1.0,1.0,0.0,1.0,0.0,1.0,0.0,super built up,high,new,emaar mgf emerald estate,gurgaon,1.75
168.9,3.0,3.0,3.0,0.0,sector 90,14.0,0.0,0.0,0.0,0.0,1.0,0.0,0.0,0.0,0.0,0.0,0.0,0.0,0.0,0.0,0.0,0.0,0.0,0.0,0.0,6.0,10.0,4.0,6.0,0.0,1.0,0.0,0.0,1.0,5.0,1.0,1.0,1.0,0.0,1.0,0.0,1.0,0.0,super built up,mid,new,dlf regal gardens,gurgaon,1.3
223.99,3.0,3.0,3.0,1.0,sector 67,11.0,1.0,0.0,0.0,1.0,0.0,1.0,0.0,1.0,1.0,0.0,0.0,0.0,0.0,1.0,0.0,0.0,0.0,0.0,0.0,6.0,10.0,4.0,6.0,0.0,1.0,0.0,0.0,1.0,5.0,1.0,1.0,1.0,0.0,1.0,0.0,1.0,0.0,super built up,high,new,ireo victory valley,gurgaon,2.95
219.07,3.0,4.0,3.0,1.0,sector 67,10.0,1.0,0.0,0.0,1.0,0.0,1.0,0.0,1.0,1.0,0.0,0.0,0.0,0.0,1.0,0.0,0.0,1.0,0.0,0.0,6.0,10.0,4.0,6.0,0.0,1.0,0.0,0.0,1.0,5.0,1.0,1.0,1.0,0.0,1.0,0.0,1.0,0.0,super built up,high,new,m3m merlin,gurgaon,3.4
219.07,3.0,4.0,3.0,1.0,sector 67,10.0,1.0,0.0,0.0,1.0,0.0,1.0,0.0,1.0,1.0,0.0,0.0,0.0,0.0,1.0,0.0,0.0,1.0,0.0,0.0,6.0,10.0,4.0,6.0,0.0,1.0,0.0,0.0,1.0,5.0,1.0,1.0,1.0,0.0,1.0,0.0,1.0,0.0,super built up,high,new,m3m merlin,gurgaon,3.32
131.46,2.0,2.0,3.0,0.0,sector 2,10.0,1.0,0.0,0.0,1.0,1.0,0.0,0.0,1.0,1.0,1.0,1.0,0.0,0.0,0.0,0.0,0.0,0.0,0.0,0.0,6.0,10.0,4.0,6.0,0.0,1.0,0.0,0.0,1.0,5.0,1.0,1.0,1.0,0.0,1.0,0.0,1.0,0.0,super built up,low,old,bestech park view residency,gurgaon,0.95
130.62,2.0,2.0,3.0,1.0,sector 74,7.0,1.0,0.0,0.0,1.0,0.0,1.0,0.0,1.0,1.0,0.0,0.0,1.0,0.0,0.0,0.0,0.0,0.0,0.0,0.0,6.0,10.0,4.0,6.0,0.0,1.0,0.0,0.0,1.0,5.0,1.0,1.0,1.0,0.0,1.0,0.0,1.0,0.0,super built up,high,new,m3m skywalk,gurgaon,1.55
132.29,2.0,2.0,3.0,1.0,sector 74,7.0,1.0,0.0,0.0,1.0,0.0,1.0,0.0,1.0,1.0,0.0,0.0,1.0,0.0,0.0,0.0,0.0,0.0,0.0,0.0,6.0,10.0,4.0,6.0,0.0,1.0,0.0,0.0,1.0,5.0,1.0,1.0,1.0,0.0,1.0,0.0,1.0,0.0,super built up,high,new,m3m skywalk,gurgaon,1.54
187.48,3.0,3.0,3.0,1.0,sector 74,7.0,1.0,0.0,0.0,1.0,0.0,1.0,0.0,1.0,1.0,0.0,0.0,1.0,0.0,0.0,0.0,0.0,0.0,0.0,0.0,6.0,10.0,4.0,6.0,0.0,1.0,0.0,0.0,1.0,5.0,1.0,1.0,1.0,0.0,1.0,0.0,1.0,0.0,super built up,high,new,m3m skywalk,gurgaon,2.45
227.61,3.0,4.0,3.0,1.0,sector 104,13.0,1.0,0.0,0.0,1.0,0.0,1.0,0.0,1.0,1.0,1.0,1.0,1.0,0.0,1.0,0.0,0.0,0.0,0.0,0.0,6.0,10.0,4.0,6.0,0.0,1.0,0.0,0.0,1.0,5.0,1.0,1.0,1.0,0.0,1.0,0.0,1.0,0.0,super built up,mid,new,puri emerald bay,gurgaon,2.6
223.71,3.0,4.0,3.0,0.0,sector 85,13.0,1.0,0.0,0.0,1.0,0.0,1.0,0.0,1.0,1.0,0.0,0.0,1.0,0.0,1.0,0.0,0.0,0.0,1.0,0.0,6.0,10.0,4.0,6.0,0.0,1.0,0.0,0.0,1.0,5.0,1.0,1.0,1.0,0.0,1.0,0.0,1.0,0.0,super built up,high,new,ss the leaf,gurgaon,1.83
152.36,2.0,2.0,3.0,0.0,sector 85,13.0,1.0,0.0,0.0,1.0,0.0,1.0,0.0,1.0,1.0,0.0,0.0,1.0,0.0,1.0,0.0,0.0,0.0,1.0,0.0,6.0,10.0,4.0,6.0,0.0,1.0,0.0,0.0,1.0,5.0,1.0,1.0,1.0,0.0,1.0,0.0,1.0,0.0,super built up,mid,new,ss the leaf,gurgaon,1.09
223.71,3.0,4.0,3.0,0.0,sector 85,13.0,1.0,0.0,0.0,1.0,0.0,1.0,0.0,1.0,1.0,0.0,0.0,1.0,0.0,1.0,0.0,0.0,0.0,1.0,0.0,6.0,10.0,4.0,6.0,0.0,1.0,0.0,0.0,1.0,5.0,1.0,1.0,1.0,0.0,1.0,0.0,1.0,0.0,super built up,mid,new,ss the leaf,gurgaon,1.87
155.24,2.0,2.0,3.0,1.0,sector 85,13.0,1.0,0.0,0.0,1.0,0.0,1.0,0.0,1.0,1.0,0.0,0.0,1.0,0.0,1.0,0.0,0.0,0.0,1.0,0.0,6.0,10.0,4.0,6.0,0.0,1.0,0.0,0.0,1.0,5.0,1.0,1.0,1.0,0.0,1.0,0.0,1.0,0.0,super built up,mid,new,ss the leaf,gurgaon,1.05
223.71,3.0,4.0,3.0,1.0,sector 85,13.0,1.0,0.0,0.0,1.0,0.0,1.0,0.0,1.0,1.0,0.0,0.0,1.0,0.0,1.0,0.0,0.0,0.0,1.0,0.0,6.0,10.0,4.0,6.0,0.0,1.0,0.0,0.0,1.0,5.0,1.0,1.0,1.0,0.0,1.0,0.0,1.0,0.0,super built up,mid,new,ss the leaf,gurgaon,1.77
187.48,3.0,3.0,3.0,1.0,sector 74,7.0,1.0,0.0,0.0,1.0,0.0,1.0,0.0,1.0,1.0,0.0,0.0,1.0,0.0,0.0,0.0,0.0,0.0,0.0,0.0,6.0,10.0,4.0,6.0,0.0,1.0,0.0,0.0,1.0,5.0,1.0,1.0,1.0,0.0,1.0,0.0,1.0,0.0,super built up,high,new,m3m skywalk,gurgaon,2.2
68.28,1.0,1.0,1.0,0.0,sector 2,24.0,1.0,0.0,0.0,0.0,1.0,0.0,0.0,1.0,0.0,0.0,1.0,0.0,0.0,0.0,1.0,0.0,0.0,0.0,0.0,6.0,10.0,4.0,6.0,0.0,1.0,0.0,0.0,1.0,5.0,1.0,1.0,1.0,0.0,1.0,0.0,1.0,0.0,super built up,mid,old,ansal api celebrity suites,gurgaon,0.6
278.71,4.0,4.0,3.0,1.0,sector 47,44.0,1.0,0.0,0.0,0.0,0.0,0.0,1.0,0.0,0.0,0.0,0.0,0.0,0.0,0.0,0.0,1.0,0.0,0.0,0.0,6.0,10.0,4.0,6.0,0.0,1.0,0.0,0.0,1.0,5.0,1.0,1.0,1.0,0.0,1.0,0.0,1.0,0.0,super built up,mid,old,cghs airport apartment,gurgaon,1.8
141.77,3.0,2.0,3.0,0.0,sector 1,7.0,0.0,0.0,0.0,0.0,0.0,0.0,0.0,0.0,0.0,1.0,0.0,0.0,1.0,0.0,0.0,0.0,0.0,0.0,1.0,6.0,10.0,4.0,6.0,0.0,1.0,0.0,0.0,1.0,5.0,1.0,1.0,1.0,0.0,1.0,0.0,1.0,0.0,carpet,mid,old,sbr minda sec-1 imt manesar,manesar,0.64
196.49,3.0,3.0,3.0,1.0,sector 1,11.0,1.0,0.0,0.0,0.0,0.0,0.0,0.0,0.0,0.0,0.0,0.0,0.0,1.0,0.0,0.0,0.0,0.0,0.0,1.0,6.0,10.0,4.0,6.0,0.0,1.0,0.0,0.0,1.0,5.0,1.0,1.0,1.0,0.0,1.0,0.0,1.0,0.0,super built up,low,old,prasha apartments,manesar,0.75
289.11,3.0,3.0,3.0,1.0,sector 65,9.0,1.0,0.0,0.0,1.0,0.0,1.0,0.0,1.0,1.0,0.0,1.0,0.0,0.0,1.0,0.0,1.0,0.0,0.0,0.0,6.0,10.0,4.0,6.0,0.0,1.0,0.0,0.0,1.0,5.0,1.0,1.0,1.0,0.0,1.0,0.0,1.0,0.0,super built up,high,new,m3m golfestate,gurgaon,4.95
349.59,3.0,5.0,2.0,1.0,sector 112,8.0,1.0,0.0,0.0,0.0,0.0,1.0,0.0,1.0,1.0,1.0,0.0,1.0,0.0,0.0,0.0,0.0,0.0,0.0,0.0,6.0,10.0,4.0,6.0,0.0,1.0,0.0,0.0,1.0,5.0,1.0,1.0,1.0,0.0,1.0,0.0,1.0,0.0,super built up,high,new,experion windchants,gurgaon,4.25
440.27,4.0,6.0,3.0,1.0,sector 112,8.0,1.0,0.0,0.0,0.0,0.0,1.0,0.0,1.0,1.0,1.0,0.0,1.0,0.0,0.0,0.0,0.0,0.0,0.0,0.0,6.0,10.0,4.0,6.0,0.0,1.0,0.0,0.0,1.0,5.0,1.0,1.0,1.0,0.0,1.0,0.0,1.0,0.0,super built up,high,new,experion windchants,gurgaon,5.31
153.29,3.0,3.0,3.0,1.0,sector 102,10.0,1.0,0.0,0.0,1.0,0.0,1.0,0.0,1.0,1.0,0.0,0.0,1.0,0.0,0.0,0.0,0.0,0.0,0.0,0.0,6.0,10.0,4.0,6.0,0.0,1.0,0.0,0.0,1.0,5.0,1.0,1.0,1.0,0.0,1.0,0.0,1.0,0.0,super built up,high,new,emaar gurgaon greens,gurgaon,1.4
226.78,2.0,3.0,2.0,1.0,sector 112,8.0,1.0,0.0,0.0,0.0,0.0,1.0,0.0,1.0,1.0,1.0,0.0,1.0,0.0,0.0,0.0,0.0,0.0,0.0,0.0,6.0,10.0,4.0,6.0,0.0,1.0,0.0,0.0,1.0,5.0,1.0,1.0,1.0,0.0,1.0,0.0,1.0,0.0,super built up,high,new,experion windchants,gurgaon,2.8
360.46,5.0,5.0,2.0,1.0,sector 110,15.0,1.0,0.0,0.0,1.0,1.0,0.0,0.0,1.0,1.0,1.0,1.0,1.0,0.0,0.0,0.0,0.0,0.0,0.0,0.0,6.0,10.0,4.0,6.0,0.0,1.0,0.0,0.0,1.0,5.0,1.0,1.0,1.0,0.0,1.0,0.0,1.0,0.0,super built up,high,new,indiabulls enigma,gurgaon,4.1
315.87,4.0,5.0,3.0,1.0,sector 110,15.0,1.0,0.0,0.0,1.0,1.0,0.0,0.0,1.0,1.0,1.0,1.0,1.0,0.0,0.0,0.0,0.0,0.0,0.0,0.0,6.0,10.0,4.0,6.0,0.0,1.0,0.0,0.0,1.0,5.0,1.0,1.0,1.0,0.0,1.0,0.0,1.0,0.0,super built up,high,new,indiabulls enigma,gurgaon,3.4
221.57,3.0,3.0,3.0,1.0,sector 60,7.0,1.0,0.0,0.0,0.0,0.0,1.0,0.0,1.0,1.0,0.0,1.0,0.0,0.0,0.0,0.0,0.0,0.0,0.0,0.0,6.0,10.0,4.0,6.0,0.0,1.0,0.0,0.0,1.0,5.0,1.0,1.0,1.0,0.0,1.0,0.0,1.0,0.0,super built up,high,new,ireo skyon,gurgaon,3.05
301.93,4.0,4.0,3.0,1.0,sector 72,10.0,1.0,0.0,0.0,0.0,0.0,1.0,0.0,1.0,0.0,0.0,1.0,0.0,0.0,1.0,0.0,0.0,0.0,0.0,0.0,6.0,10.0,4.0,6.0,0.0,1.0,0.0,0.0,1.0,5.0,1.0,1.0,1.0,0.0,1.0,0.0,1.0,0.0,super built up,mid,new,tata primanti,gurgaon,4.25
154.22,3.0,3.0,3.0,1.0,sector 82,7.0,1.0,0.0,0.0,1.0,0.0,0.0,0.0,1.0,0.0,0.0,0.0,1.0,0.0,0.0,0.0,0.0,0.0,0.0,0.0,6.0,10.0,4.0,6.0,0.0,1.0,0.0,0.0,1.0,5.0,1.0,1.0,1.0,0.0,1.0,0.0,1.0,0.0,carpet,low,new,vatika independent floors,gurgaon,1.16
483.1,5.0,6.0,3.0,1.0,sector 51,47.0,1.0,0.0,0.0,0.0,0.0,1.0,1.0,1.0,0.0,0.0,0.0,0.0,1.0,0.0,1.0,0.0,1.0,0.0,1.0,6.0,10.0,4.0,6.0,0.0,1.0,0.0,0.0,1.0,5.0,1.0,1.0,1.0,0.0,1.0,0.0,1.0,0.0,built up,high,old,citizen apartment,gurgaon,3.55
175.49,3.0,4.0,3.0,1.0,sector 102,11.0,1.0,0.0,0.0,1.0,0.0,1.0,0.0,1.0,1.0,0.0,0.0,1.0,0.0,1.0,0.0,0.0,0.0,0.0,0.0,6.0,10.0,4.0,6.0,0.0,1.0,0.0,0.0,1.0,5.0,1.0,1.0,1.0,0.0,1.0,0.0,1.0,0.0,super built up,high,new,adani m2k oyster grande,gurgaon,1.8
172.06,3.0,3.0,3.0,0.0,sector 102,13.0,1.0,0.0,0.0,1.0,1.0,0.0,0.0,1.0,1.0,0.0,0.0,1.0,0.0,1.0,0.0,0.0,1.0,0.0,0.0,6.0,10.0,4.0,6.0,0.0,1.0,0.0,0.0,1.0,5.0,1.0,1.0,1.0,0.0,1.0,0.0,1.0,0.0,super built up,low,new,shapoorji pallonji joyville gurugram,gurgaon,1.75
126.26,2.0,2.0,3.0,0.0,sector 102,13.0,1.0,0.0,0.0,1.0,1.0,0.0,0.0,1.0,1.0,0.0,0.0,1.0,0.0,1.0,0.0,0.0,1.0,0.0,0.0,6.0,10.0,4.0,6.0,0.0,1.0,0.0,0.0,1.0,5.0,1.0,1.0,1.0,0.0,1.0,0.0,1.0,0.0,super built up,high,new,shapoorji pallonji joyville gurugram,gurgaon,1.2
153.29,3.0,3.0,3.0,1.0,sector 102,10.0,1.0,0.0,0.0,1.0,0.0,1.0,0.0,1.0,1.0,0.0,0.0,1.0,0.0,0.0,0.0,0.0,0.0,0.0,0.0,6.0,10.0,4.0,6.0,0.0,1.0,0.0,0.0,1.0,5.0,1.0,1.0,1.0,0.0,1.0,0.0,1.0,0.0,super built up,mid,new,emaar gurgaon greens,gurgaon,1.52
209.03,3.0,3.0,3.0,1.0,sector 56,47.0,1.0,0.0,0.0,0.0,1.0,1.0,1.0,0.0,0.0,0.0,1.0,0.0,1.0,0.0,1.0,1.0,0.0,0.0,1.0,6.0,10.0,4.0,6.0,0.0,1.0,0.0,0.0,1.0,5.0,1.0,1.0,1.0,0.0,1.0,0.0,1.0,0.0,super built up,mid,old,kiran residency,gurgaon,1.55
195.38,3.0,3.0,3.0,1.0,sector 81,9.0,1.0,0.0,0.0,0.0,0.0,0.0,0.0,1.0,1.0,0.0,1.0,0.0,0.0,0.0,0.0,0.0,0.0,0.0,0.0,6.0,10.0,4.0,6.0,0.0,1.0,0.0,0.0,1.0,5.0,1.0,1.0,1.0,0.0,1.0,0.0,1.0,0.0,super built up,high,new,dlf the ultima,gurgaon,2.4
195.38,3.0,3.0,3.0,1.0,sector 81,9.0,1.0,0.0,0.0,0.0,0.0,0.0,0.0,1.0,1.0,0.0,1.0,0.0,0.0,0.0,0.0,0.0,0.0,0.0,0.0,6.0,10.0,4.0,6.0,0.0,1.0,0.0,0.0,1.0,5.0,1.0,1.0,1.0,0.0,1.0,0.0,1.0,0.0,super built up,high,new,dlf the ultima,gurgaon,2.35
195.38,3.0,3.0,3.0,1.0,sector 81,9.0,1.0,0.0,0.0,0.0,0.0,0.0,0.0,1.0,1.0,0.0,1.0,0.0,0.0,0.0,0.0,0.0,0.0,0.0,0.0,6.0,10.0,4.0,6.0,0.0,1.0,0.0,0.0,1.0,5.0,1.0,1.0,1.0,0.0,1.0,0.0,1.0,0.0,super built up,high,new,dlf the ultima,gurgaon,2.28
162.58,3.0,3.0,2.0,0.0,sector 84,13.0,1.0,0.0,0.0,1.0,0.0,1.0,0.0,1.0,1.0,0.0,0.0,1.0,0.0,0.0,0.0,0.0,0.0,1.0,0.0,6.0,10.0,4.0,6.0,0.0,1.0,0.0,0.0,1.0,5.0,1.0,1.0,1.0,0.0,1.0,0.0,1.0,0.0,super built up,high,new,ss the coralwood,gurgaon,1.1
195.38,3.0,3.0,3.0,1.0,sector 81,9.0,1.0,0.0,0.0,0.0,0.0,0.0,0.0,1.0,1.0,0.0,1.0,0.0,0.0,0.0,0.0,0.0,0.0,0.0,0.0,6.0,10.0,4.0,6.0,0.0,1.0,0.0,0.0,1.0,5.0,1.0,1.0,1.0,0.0,1.0,0.0,1.0,0.0,super built up,high,new,dlf the ultima,gurgaon,2.3
219.34,3.0,4.0,3.0,1.0,sector 107,6.0,0.0,0.0,0.0,0.0,0.0,0.0,0.0,1.0,1.0,0.0,0.0,0.0,0.0,0.0,0.0,0.0,0.0,0.0,0.0,6.0,10.0,4.0,6.0,0.0,1.0,0.0,0.0,1.0,5.0,1.0,1.0,1.0,0.0,1.0,0.0,1.0,0.0,super built up,high,new,m3m woodshire,gurgaon,1.35
227.61,3.0,4.0,3.0,1.0,sector 104,13.0,1.0,0.0,0.0,1.0,0.0,1.0,0.0,1.0,1.0,1.0,1.0,1.0,0.0,1.0,0.0,0.0,0.0,0.0,0.0,6.0,10.0,4.0,6.0,0.0,1.0,0.0,0.0,1.0,5.0,1.0,1.0,1.0,0.0,1.0,0.0,1.0,0.0,super built up,high,new,puri emerald bay,gurgaon,2.45
142.51,2.0,2.0,3.0,1.0,sector 107,6.0,0.0,0.0,0.0,0.0,0.0,0.0,0.0,1.0,1.0,0.0,0.0,0.0,0.0,0.0,0.0,0.0,0.0,0.0,0.0,6.0,10.0,4.0,6.0,0.0,1.0,0.0,0.0,1.0,5.0,1.0,1.0,1.0,0.0,1.0,0.0,1.0,0.0,super built up,high,new,m3m woodshire,gurgaon,0.9
183.48,4.0,4.0,3.0,1.0,sector 65,6.0,1.0,0.0,0.0,0.0,0.0,0.0,0.0,0.0,1.0,0.0,0.0,0.0,0.0,1.0,0.0,0.0,0.0,0.0,0.0,6.0,10.0,4.0,6.0,0.0,1.0,0.0,0.0,1.0,5.0,1.0,1.0,1.0,0.0,1.0,0.0,1.0,0.0,carpet,low,new,emaar mgf emerald floors premier,gurgaon,2.8
127.83,3.0,3.0,2.0,1.0,sector 50,44.0,1.0,0.0,0.0,0.0,1.0,1.0,1.0,1.0,0.0,0.0,0.0,0.0,0.0,0.0,1.0,0.0,1.0,0.0,1.0,6.0,10.0,4.0,6.0,0.0,1.0,0.0,0.0,1.0,5.0,1.0,1.0,1.0,0.0,1.0,0.0,1.0,0.0,super built up,high,new,eros wembley estate,gurgaon,1.4
165.37,3.0,3.0,3.0,0.0,sector 2,10.0,1.0,0.0,0.0,1.0,1.0,0.0,0.0,1.0,1.0,1.0,1.0,0.0,0.0,0.0,0.0,0.0,0.0,0.0,0.0,6.0,10.0,4.0,6.0,0.0,1.0,0.0,0.0,1.0,5.0,1.0,1.0,1.0,0.0,1.0,0.0,1.0,0.0,super built up,mid,old,bestech park view residency,gurgaon,1.36
131.46,2.0,2.0,3.0,0.0,sector 2,10.0,1.0,0.0,0.0,1.0,1.0,0.0,0.0,1.0,1.0,1.0,1.0,0.0,0.0,0.0,0.0,0.0,0.0,0.0,0.0,6.0,10.0,4.0,6.0,0.0,1.0,0.0,0.0,1.0,5.0,1.0,1.0,1.0,0.0,1.0,0.0,1.0,0.0,super built up,high,old,bestech park view residency,gurgaon,0.98
60.48,1.0,1.0,2.0,0.0,sector 2,10.0,1.0,0.0,0.0,1.0,1.0,0.0,0.0,1.0,1.0,1.0,1.0,0.0,0.0,0.0,0.0,0.0,0.0,0.0,0.0,6.0,10.0,4.0,6.0,0.0,1.0,0.0,0.0,1.0,5.0,1.0,1.0,1.0,0.0,1.0,0.0,1.0,0.0,carpet,mid,old,bestech park view residency,gurgaon,0.56
269.42,4.0,4.0,3.0,1.0,sector 84,10.0,1.0,0.0,0.0,1.0,1.0,1.0,1.0,1.0,0.0,0.0,0.0,0.0,0.0,0.0,0.0,0.0,0.0,0.0,0.0,6.0,10.0,4.0,6.0,0.0,1.0,0.0,0.0,1.0,5.0,1.0,1.0,1.0,0.0,1.0,0.0,1.0,0.0,carpet,high,new,alpha corp gurgaonone 84,gurgaon,2.2
246.19,3.0,3.0,3.0,1.0,sector 1,10.0,1.0,0.0,0.0,0.0,0.0,0.0,0.0,0.0,0.0,0.0,0.0,0.0,1.0,0.0,0.0,0.0,0.0,0.0,1.0,6.0,10.0,4.0,6.0,0.0,1.0,0.0,0.0,1.0,5.0,1.0,1.0,1.0,0.0,1.0,0.0,1.0,0.0,carpet,mid,old,deepak minda,manesar,1.2
166.3,3.0,3.0,3.0,1.0,sector 103,15.0,1.0,0.0,0.0,1.0,1.0,1.0,0.0,1.0,1.0,1.0,1.0,1.0,0.0,1.0,0.0,0.0,0.0,0.0,0.0,6.0,10.0,4.0,6.0,0.0,1.0,0.0,0.0,1.0,5.0,1.0,1.0,1.0,0.0,1.0,0.0,1.0,0.0,super built up,high,new,indiabulls centrum park,gurgaon,1.33
146.6,2.0,3.0,3.0,1.0,sector 37,8.0,1.0,0.0,0.0,1.0,1.0,0.0,0.0,1.0,0.0,0.0,0.0,1.0,0.0,0.0,0.0,0.0,0.0,0.0,0.0,6.0,10.0,4.0,6.0,0.0,1.0,0.0,0.0,1.0,5.0,1.0,1.0,1.0,0.0,1.0,0.0,1.0,0.0,super built up,high,new,imperia the esfera,gurgaon,0.87
152.36,2.0,2.0,3.0,1.0,sector 85,13.0,1.0,0.0,0.0,1.0,0.0,1.0,0.0,1.0,1.0,0.0,0.0,1.0,0.0,1.0,0.0,0.0,0.0,1.0,0.0,6.0,10.0,4.0,6.0,0.0,1.0,0.0,0.0,1.0,5.0,1.0,1.0,1.0,0.0,1.0,0.0,1.0,0.0,super built up,high,new,ss the leaf,gurgaon,1.09
181.16,3.0,3.0,2.0,1.0,sector 66,14.0,1.0,0.0,0.0,0.0,0.0,1.0,0.0,1.0,1.0,0.0,1.0,0.0,0.0,0.0,0.0,0.0,1.0,0.0,0.0,6.0,10.0,4.0,6.0,0.0,1.0,0.0,0.0,1.0,5.0,1.0,1.0,1.0,0.0,1.0,0.0,1.0,0.0,super built up,high,new,emaar mgf the palm drive,gurgaon,3.0
176.52,3.0,3.0,3.0,1.0,sector 83,10.0,0.0,0.0,0.0,1.0,0.0,0.0,0.0,0.0,0.0,0.0,0.0,0.0,0.0,0.0,0.0,0.0,0.0,0.0,0.0,6.0,10.0,4.0,6.0,0.0,1.0,0.0,0.0,1.0,5.0,1.0,1.0,1.0,0.0,1.0,0.0,1.0,0.0,super built up,high,new,emaar palm gardens,gurgaon,1.75
176.52,3.0,3.0,3.0,1.0,sector 83,10.0,0.0,0.0,0.0,1.0,0.0,0.0,0.0,0.0,0.0,0.0,0.0,0.0,0.0,0.0,0.0,0.0,0.0,0.0,0.0,6.0,10.0,4.0,6.0,0.0,1.0,0.0,0.0,1.0,5.0,1.0,1.0,1.0,0.0,1.0,0.0,1.0,0.0,super built up,mid,new,emaar palm gardens,gurgaon,1.75
260.13,4.0,5.0,3.0,1.0,sector 60,7.0,1.0,0.0,0.0,0.0,0.0,1.0,0.0,1.0,1.0,0.0,1.0,0.0,0.0,0.0,0.0,0.0,0.0,0.0,0.0,6.0,10.0,4.0,6.0,0.0,1.0,0.0,0.0,1.0,5.0,1.0,1.0,1.0,0.0,1.0,0.0,1.0,0.0,super built up,high,old,ireo skyon,gurgaon,3.8
278.24,4.0,5.0,3.0,1.0,sector 81,9.0,1.0,0.0,0.0,0.0,0.0,0.0,0.0,1.0,1.0,0.0,1.0,0.0,0.0,0.0,0.0,0.0,0.0,0.0,0.0,6.0,10.0,4.0,6.0,0.0,1.0,0.0,0.0,1.0,5.0,1.0,1.0,1.0,0.0,1.0,0.0,1.0,0.0,super built up,mid,new,dlf the ultima,gurgaon,3.5
205.78,4.0,4.0,3.0,0.0,sector 90,14.0,0.0,0.0,0.0,0.0,1.0,0.0,0.0,0.0,0.0,0.0,0.0,0.0,0.0,0.0,0.0,0.0,0.0,0.0,0.0,6.0,10.0,4.0,6.0,0.0,1.0,0.0,0.0,1.0,5.0,1.0,1.0,1.0,0.0,1.0,0.0,1.0,0.0,super built up,high,new,dlf regal gardens,gurgaon,1.78
152.36,2.0,2.0,3.0,1.0,sector 85,13.0,1.0,0.0,0.0,1.0,0.0,1.0,0.0,1.0,1.0,0.0,0.0,1.0,0.0,1.0,0.0,0.0,0.0,1.0,0.0,6.0,10.0,4.0,6.0,0.0,1.0,0.0,0.0,1.0,5.0,1.0,1.0,1.0,0.0,1.0,0.0,1.0,0.0,super built up,high,new,ss the leaf,gurgaon,1.08
261.24,4.0,4.0,3.0,1.0,sector 85,13.0,1.0,0.0,0.0,1.0,0.0,1.0,0.0,1.0,1.0,0.0,0.0,1.0,0.0,1.0,0.0,0.0,0.0,1.0,0.0,6.0,10.0,4.0,6.0,0.0,1.0,0.0,0.0,1.0,5.0,1.0,1.0,1.0,0.0,1.0,0.0,1.0,0.0,super built up,low,new,ss the leaf,gurgaon,2.03
161.74,2.0,2.0,3.0,1.0,sector 85,13.0,1.0,0.0,0.0,1.0,0.0,1.0,0.0,1.0,1.0,0.0,0.0,1.0,0.0,1.0,0.0,0.0,0.0,1.0,0.0,6.0,10.0,4.0,6.0,0.0,1.0,0.0,0.0,1.0,5.0,1.0,1.0,1.0,0.0,1.0,0.0,1.0,0.0,super built up,high,new,ss the leaf,gurgaon,1.12
261.24,4.0,5.0,3.0,1.0,sector 85,13.0,1.0,0.0,0.0,1.0,0.0,1.0,0.0,1.0,1.0,0.0,0.0,1.0,0.0,1.0,0.0,0.0,0.0,1.0,0.0,6.0,10.0,4.0,6.0,0.0,1.0,0.0,0.0,1.0,5.0,1.0,1.0,1.0,0.0,1.0,0.0,1.0,0.0,super built up,low,new,ss the leaf,gurgaon,2.0
161.74,2.0,3.0,3.0,1.0,sector 85,13.0,1.0,0.0,0.0,1.0,0.0,1.0,0.0,1.0,1.0,0.0,0.0,1.0,0.0,1.0,0.0,0.0,0.0,1.0,0.0,6.0,10.0,4.0,6.0,0.0,1.0,0.0,0.0,1.0,5.0,1.0,1.0,1.0,0.0,1.0,0.0,1.0,0.0,super built up,mid,new,ss the leaf,gurgaon,1.04
196.95,3.0,4.0,2.0,1.0,sector 85,15.0,1.0,0.0,0.0,1.0,0.0,0.0,0.0,1.0,1.0,0.0,1.0,0.0,0.0,0.0,0.0,1.0,0.0,0.0,0.0,6.0,10.0,4.0,6.0,0.0,1.0,0.0,0.0,1.0,5.0,1.0,1.0,1.0,0.0,1.0,0.0,1.0,0.0,super built up,mid,new,orris aster court premier,gurgaon,1.25
141.58,2.0,3.0,2.0,1.0,sector 60,7.0,1.0,0.0,0.0,0.0,0.0,1.0,0.0,1.0,1.0,0.0,1.0,0.0,0.0,0.0,0.0,0.0,0.0,0.0,0.0,6.0,10.0,4.0,6.0,0.0,1.0,0.0,0.0,1.0,5.0,1.0,1.0,1.0,0.0,1.0,0.0,1.0,0.0,super built up,low,new,ireo skyon,gurgaon,2.05
243.87,4.0,5.0,3.0,1.0,sector 72,10.0,1.0,0.0,0.0,0.0,0.0,1.0,0.0,1.0,0.0,0.0,1.0,0.0,0.0,1.0,0.0,0.0,0.0,0.0,0.0,6.0,10.0,4.0,6.0,0.0,1.0,0.0,0.0,1.0,5.0,1.0,1.0,1.0,0.0,1.0,0.0,1.0,0.0,super built up,high,new,tata primanti,gurgaon,3.19
269.88,4.0,5.0,3.0,1.0,sector 72,10.0,1.0,0.0,0.0,0.0,0.0,1.0,0.0,1.0,0.0,0.0,1.0,0.0,0.0,1.0,0.0,0.0,0.0,0.0,0.0,6.0,10.0,4.0,6.0,0.0,1.0,0.0,0.0,1.0,5.0,1.0,1.0,1.0,0.0,1.0,0.0,1.0,0.0,super built up,high,new,tata primanti,gurgaon,3.85
243.87,4.0,4.0,3.0,1.0,sector 72,10.0,1.0,0.0,0.0,0.0,0.0,1.0,0.0,1.0,0.0,0.0,1.0,0.0,0.0,1.0,0.0,0.0,0.0,0.0,0.0,6.0,10.0,4.0,6.0,0.0,1.0,0.0,0.0,1.0,5.0,1.0,1.0,1.0,0.0,1.0,0.0,1.0,0.0,super built up,high,old,tata primanti,gurgaon,3.2
188.13,3.0,3.0,3.0,1.0,sector 84,3.0,0.0,0.0,0.0,0.0,1.0,1.0,0.0,1.0,0.0,0.0,0.0,0.0,0.0,0.0,0.0,0.0,0.0,0.0,0.0,6.0,10.0,4.0,6.0,0.0,1.0,0.0,0.0,1.0,5.0,1.0,1.0,1.0,0.0,1.0,0.0,1.0,0.0,super built up,high,new,antriksh heights,gurgaon,0.88
104.52,2.0,2.0,2.0,0.0,sector 84,3.0,0.0,0.0,0.0,0.0,1.0,1.0,0.0,1.0,0.0,0.0,0.0,0.0,0.0,0.0,0.0,0.0,0.0,0.0,0.0,6.0,10.0,4.0,6.0,0.0,1.0,0.0,0.0,1.0,5.0,1.0,1.0,1.0,0.0,1.0,0.0,1.0,0.0,super built up,high,new,antriksh heights,gurgaon,0.49
181.16,3.0,4.0,3.0,1.0,sector 70,15.0,1.0,0.0,0.0,1.0,0.0,1.0,1.0,0.0,0.0,0.0,0.0,0.0,1.0,0.0,0.0,0.0,0.0,0.0,0.0,6.0,10.0,4.0,6.0,0.0,1.0,0.0,0.0,1.0,5.0,1.0,1.0,1.0,0.0,1.0,0.0,1.0,0.0,super built up,high,new,shree vardhman victoria,gurgaon,1.65
247.12,3.0,4.0,3.0,1.0,sector 81,9.0,0.0,0.0,0.0,1.0,0.0,0.0,0.0,1.0,0.0,0.0,0.0,1.0,0.0,0.0,0.0,0.0,0.0,0.0,0.0,6.0,10.0,4.0,6.0,0.0,1.0,0.0,0.0,1.0,5.0,1.0,1.0,1.0,0.0,1.0,0.0,1.0,0.0,super built up,high,new,bestech park view grand spa,gurgaon,2.35
168.15,3.0,3.0,3.0,0.0,sector 81,9.0,0.0,0.0,0.0,1.0,0.0,0.0,0.0,1.0,0.0,0.0,1.0,1.0,0.0,0.0,0.0,0.0,0.0,0.0,0.0,6.0,10.0,4.0,6.0,0.0,1.0,0.0,0.0,1.0,5.0,1.0,1.0,1.0,0.0,1.0,0.0,1.0,0.0,super built up,mid,new,bestech park view ananda,gurgaon,1.4
166.3,3.0,4.0,2.0,1.0,sector 82,10.0,0.0,0.0,0.0,1.0,0.0,0.0,0.0,1.0,0.0,0.0,0.0,0.0,0.0,0.0,0.0,0.0,0.0,0.0,0.0,6.0,10.0,4.0,6.0,0.0,1.0,0.0,0.0,1.0,5.0,1.0,1.0,1.0,0.0,1.0,0.0,1.0,0.0,super built up,high,new,mapsko royale ville,gurgaon,0.97
192.22,3.0,3.0,3.0,0.0,sector 50,9.0,1.0,0.0,0.0,0.0,0.0,1.0,0.0,1.0,1.0,1.0,1.0,0.0,0.0,0.0,0.0,0.0,0.0,0.0,0.0,6.0,10.0,4.0,6.0,0.0,1.0,0.0,0.0,1.0,5.0,1.0,1.0,1.0,0.0,1.0,0.0,1.0,0.0,super built up,high,old,the close north,gurgaon,2.35
244.8,4.0,5.0,3.0,1.0,sector 67,11.0,0.0,0.0,0.0,1.0,0.0,0.0,0.0,1.0,0.0,0.0,0.0,0.0,0.0,0.0,0.0,0.0,0.0,0.0,0.0,6.0,10.0,4.0,6.0,0.0,1.0,0.0,0.0,1.0,5.0,1.0,1.0,1.0,0.0,1.0,0.0,1.0,0.0,super built up,high,old,bestech park view spa next,gurgaon,3.32
183.95,3.0,3.0,2.0,1.0,sector 83,10.0,0.0,0.0,0.0,1.0,0.0,0.0,0.0,1.0,1.0,0.0,1.0,1.0,0.0,0.0,0.0,0.0,0.0,0.0,0.0,6.0,10.0,4.0,6.0,0.0,1.0,0.0,0.0,1.0,5.0,1.0,1.0,1.0,0.0,1.0,0.0,1.0,0.0,super built up,high,old,vatika gurgaon 21,gurgaon,1.25
190.17,3.0,3.0,3.0,1.0,sector 67,10.0,1.0,0.0,0.0,1.0,0.0,1.0,0.0,1.0,1.0,0.0,0.0,0.0,0.0,1.0,0.0,0.0,1.0,0.0,0.0,6.0,10.0,4.0,6.0,0.0,1.0,0.0,0.0,1.0,5.0,1.0,1.0,1.0,0.0,1.0,0.0,1.0,0.0,super built up,mid,old,m3m merlin,gurgaon,2.8
221.11,3.0,3.0,3.0,1.0,sector 65,8.0,0.0,0.0,0.0,0.0,0.0,0.0,0.0,1.0,0.0,0.0,1.0,0.0,0.0,0.0,0.0,0.0,0.0,0.0,0.0,6.0,10.0,4.0,6.0,0.0,1.0,0.0,0.0,1.0,5.0,1.0,1.0,1.0,0.0,1.0,0.0,1.0,0.0,super built up,high,new,m3m latitude,gurgaon,4.7
153.29,3.0,3.0,3.0,1.0,sector 102,10.0,1.0,0.0,0.0,1.0,0.0,1.0,0.0,1.0,1.0,0.0,0.0,1.0,0.0,0.0,0.0,0.0,0.0,0.0,0.0,6.0,10.0,4.0,6.0,0.0,1.0,0.0,0.0,1.0,5.0,1.0,1.0,1.0,0.0,1.0,0.0,1.0,0.0,super built up,mid,new,emaar gurgaon greens,gurgaon,1.3
115.11,2.0,2.0,1.0,1.0,sector 78,7.0,1.0,0.0,0.0,0.0,0.0,0.0,1.0,0.0,0.0,0.0,1.0,0.0,0.0,0.0,0.0,0.0,0.0,0.0,0.0,6.0,10.0,4.0,6.0,0.0,1.0,0.0,0.0,1.0,5.0,1.0,1.0,1.0,0.0,1.0,0.0,1.0,0.0,super built up,mid,old,umang monsoon breeze,gurgaon,0.62
153.66,3.0,2.0,2.0,1.0,sector 78,7.0,1.0,0.0,0.0,0.0,0.0,0.0,1.0,0.0,0.0,0.0,1.0,0.0,0.0,0.0,0.0,0.0,0.0,0.0,0.0,6.0,10.0,4.0,6.0,0.0,1.0,0.0,0.0,1.0,5.0,1.0,1.0,1.0,0.0,1.0,0.0,1.0,0.0,super built up,mid,old,umang monsoon breeze,gurgaon,0.8
176.52,3.0,3.0,3.0,1.0,sector 83,10.0,0.0,0.0,0.0,1.0,0.0,0.0,0.0,0.0,0.0,0.0,0.0,0.0,0.0,0.0,0.0,0.0,0.0,0.0,0.0,6.0,10.0,4.0,6.0,0.0,1.0,0.0,0.0,1.0,5.0,1.0,1.0,1.0,0.0,1.0,0.0,1.0,0.0,super built up,mid,new,emaar palm gardens,gurgaon,1.73
390.19,4.0,4.0,3.0,1.0,sector 81,7.0,1.0,0.0,0.0,1.0,0.0,0.0,0.0,1.0,0.0,0.0,1.0,0.0,0.0,0.0,0.0,0.0,0.0,0.0,0.0,6.0,10.0,4.0,6.0,0.0,1.0,0.0,0.0,1.0,5.0,1.0,1.0,1.0,0.0,1.0,0.0,1.0,0.0,super built up,high,new,bestech spa signature,gurgaon,4.45
247.12,3.0,4.0,3.0,1.0,sector 81,9.0,0.0,0.0,0.0,1.0,0.0,0.0,0.0,1.0,0.0,0.0,0.0,1.0,0.0,0.0,0.0,0.0,0.0,0.0,0.0,6.0,10.0,4.0,6.0,0.0,1.0,0.0,0.0,1.0,5.0,1.0,1.0,1.0,0.0,1.0,0.0,1.0,0.0,super built up,mid,new,bestech park view grand spa,gurgaon,2.3
195.38,3.0,3.0,3.0,1.0,sector 81,9.0,1.0,0.0,0.0,0.0,0.0,0.0,0.0,1.0,1.0,0.0,1.0,0.0,0.0,0.0,0.0,0.0,0.0,0.0,0.0,6.0,10.0,4.0,6.0,0.0,1.0,0.0,0.0,1.0,5.0,1.0,1.0,1.0,0.0,1.0,0.0,1.0,0.0,super built up,mid,new,dlf the ultima,gurgaon,2.2
195.38,3.0,3.0,3.0,1.0,sector 81,9.0,1.0,0.0,0.0,0.0,0.0,0.0,0.0,1.0,1.0,0.0,1.0,0.0,0.0,0.0,0.0,0.0,0.0,0.0,0.0,6.0,10.0,4.0,6.0,0.0,1.0,0.0,0.0,1.0,5.0,1.0,1.0,1.0,0.0,1.0,0.0,1.0,0.0,super built up,high,new,dlf the ultima,gurgaon,2.12
195.38,3.0,3.0,3.0,1.0,sector 81,9.0,1.0,0.0,0.0,0.0,0.0,0.0,0.0,1.0,1.0,0.0,1.0,0.0,0.0,0.0,0.0,0.0,0.0,0.0,0.0,6.0,10.0,4.0,6.0,0.0,1.0,0.0,0.0,1.0,5.0,1.0,1.0,1.0,0.0,1.0,0.0,1.0,0.0,super built up,high,new,dlf the ultima,gurgaon,2.25
216.0,4.0,4.0,3.0,1.0,sector 92,11.0,1.0,0.0,0.0,1.0,0.0,1.0,0.0,1.0,1.0,0.0,0.0,1.0,0.0,1.0,0.0,0.0,0.0,0.0,0.0,6.0,10.0,4.0,6.0,0.0,1.0,0.0,0.0,1.0,5.0,1.0,1.0,1.0,0.0,1.0,0.0,1.0,0.0,super built up,high,new,bestech park view sanskruti,gurgaon,1.9
390.19,4.0,4.0,3.0,1.0,sector 81,7.0,1.0,0.0,0.0,1.0,0.0,0.0,0.0,1.0,0.0,0.0,1.0,0.0,0.0,0.0,0.0,0.0,0.0,0.0,0.0,6.0,10.0,4.0,6.0,0.0,1.0,0.0,0.0,1.0,5.0,1.0,1.0,1.0,0.0,1.0,0.0,1.0,0.0,super built up,mid,new,bestech spa signature,gurgaon,4.4
213.68,4.0,3.0,3.0,1.0,sector 54,47.0,1.0,0.0,0.0,0.0,1.0,1.0,1.0,0.0,0.0,0.0,1.0,0.0,1.0,0.0,1.0,1.0,0.0,0.0,1.0,6.0,10.0,4.0,6.0,0.0,1.0,0.0,0.0,1.0,5.0,1.0,1.0,1.0,0.0,1.0,0.0,1.0,0.0,super built up,low,old,swarn jayanti cghs,gurgaon,1.75
218.32,3.0,4.0,3.0,1.0,sector 70,11.0,1.0,0.0,0.0,1.0,0.0,1.0,0.0,1.0,1.0,0.0,0.0,0.0,0.0,0.0,0.0,0.0,0.0,0.0,0.0,6.0,10.0,4.0,6.0,0.0,1.0,0.0,0.0,1.0,5.0,1.0,1.0,1.0,0.0,1.0,0.0,1.0,0.0,super built up,high,new,aipl the peaceful homes,gurgaon,2.8
287.07,3.0,5.0,3.0,1.0,sector 22,14.0,1.0,0.0,0.0,1.0,0.0,1.0,0.0,1.0,1.0,1.0,0.0,1.0,0.0,0.0,0.0,0.0,0.0,0.0,0.0,6.0,10.0,4.0,6.0,0.0,1.0,0.0,0.0,1.0,5.0,1.0,1.0,1.0,0.0,1.0,0.0,1.0,0.0,super built up,mid,new,ambience creacions,gurgaon,4.63
140.0,2.0,2.0,3.0,1.0,sector 68,10.0,1.0,0.0,0.0,1.0,0.0,1.0,0.0,1.0,1.0,0.0,0.0,0.0,0.0,1.0,0.0,0.0,0.0,0.0,0.0,6.0,10.0,4.0,6.0,0.0,1.0,0.0,0.0,1.0,5.0,1.0,1.0,1.0,0.0,1.0,0.0,1.0,0.0,super built up,high,new,m3m the marina,gurgaon,1.32
161.93,3.0,3.0,3.0,1.0,sector 71,15.0,1.0,1.0,0.0,0.0,0.0,1.0,1.0,0.0,1.0,0.0,0.0,0.0,0.0,1.0,0.0,1.0,0.0,0.0,0.0,6.0,10.0,4.0,6.0,0.0,1.0,0.0,0.0,1.0,5.0,1.0,1.0,1.0,0.0,1.0,0.0,1.0,0.0,super built up,mid,old,chd avenue 71,gurgaon,1.16
45.43,2.0,2.0,2.0,0.0,sector 107,10.0,0.0,0.0,0.0,1.0,0.0,0.0,0.0,1.0,0.0,0.0,0.0,1.0,0.0,0.0,0.0,0.0,0.0,0.0,0.0,6.0,10.0,4.0,6.0,0.0,1.0,0.0,0.0,1.0,5.0,1.0,1.0,1.0,0.0,1.0,0.0,1.0,0.0,carpet,high,new,signature global solera,gurgaon,0.27
45.43,2.0,2.0,2.0,0.0,sector 107,10.0,0.0,0.0,0.0,1.0,0.0,0.0,0.0,1.0,0.0,0.0,0.0,1.0,0.0,0.0,0.0,0.0,0.0,0.0,0.0,6.0,10.0,4.0,6.0,0.0,1.0,0.0,0.0,1.0,5.0,1.0,1.0,1.0,0.0,1.0,0.0,1.0,0.0,carpet,mid,new,signature global solera,gurgaon,0.28
188.13,3.0,3.0,3.0,1.0,sector 77,5.0,0.0,0.0,0.0,0.0,0.0,0.0,0.0,1.0,0.0,0.0,0.0,0.0,0.0,0.0,0.0,0.0,0.0,0.0,0.0,6.0,10.0,4.0,6.0,0.0,1.0,0.0,0.0,1.0,5.0,1.0,1.0,1.0,0.0,1.0,0.0,1.0,0.0,super built up,low,new,emaar palm heights,gurgaon,1.79
181.16,4.0,4.0,3.0,1.0,sector 77,10.0,1.0,0.0,0.0,1.0,0.0,1.0,0.0,1.0,1.0,0.0,0.0,1.0,0.0,0.0,0.0,0.0,0.0,0.0,0.0,6.0,10.0,4.0,6.0,0.0,1.0,0.0,0.0,1.0,5.0,1.0,1.0,1.0,0.0,1.0,0.0,1.0,0.0,super built up,low,new,emaar mgf palm hills,gurgaon,1.55
179.21,3.0,3.0,3.0,1.0,sector 86,10.0,0.0,0.0,0.0,1.0,0.0,0.0,0.0,1.0,1.0,0.0,0.0,0.0,0.0,1.0,0.0,0.0,0.0,0.0,0.0,6.0,10.0,4.0,6.0,0.0,1.0,0.0,0.0,1.0,5.0,1.0,1.0,1.0,0.0,1.0,0.0,1.0,0.0,super built up,high,new,dlf the skycourt,gurgaon,1.55
250.0,3.0,4.0,3.0,1.0,sector 113,8.0,1.0,0.0,0.0,1.0,0.0,0.0,0.0,1.0,0.0,0.0,0.0,1.0,0.0,0.0,0.0,0.0,0.0,0.0,0.0,6.0,10.0,4.0,6.0,0.0,1.0,0.0,0.0,1.0,5.0,1.0,1.0,1.0,0.0,1.0,0.0,1.0,0.0,super built up,high,new,la vida by tata housing,gurgaon,3.35
204.39,3.0,4.0,3.0,1.0,sector 66,14.0,1.0,0.0,0.0,0.0,0.0,1.0,0.0,1.0,1.0,0.0,1.0,0.0,0.0,0.0,0.0,0.0,1.0,0.0,0.0,6.0,10.0,4.0,6.0,0.0,1.0,0.0,0.0,1.0,5.0,1.0,1.0,1.0,0.0,1.0,0.0,1.0,0.0,super built up,mid,new,emaar mgf the palm drive,gurgaon,3.5
268.95,3.0,4.0,3.0,1.0,sector 53,15.0,0.0,0.0,0.0,1.0,0.0,1.0,0.0,1.0,1.0,0.0,1.0,0.0,0.0,0.0,0.0,0.0,1.0,0.0,0.0,6.0,10.0,4.0,6.0,0.0,1.0,0.0,0.0,1.0,5.0,1.0,1.0,1.0,0.0,1.0,0.0,1.0,0.0,super built up,high,new,parsvnath exotica,gurgaon,4.8
171.87,3.0,3.0,3.0,1.0,sector 54,47.0,1.0,0.0,0.0,0.0,1.0,1.0,1.0,0.0,0.0,0.0,1.0,0.0,1.0,0.0,1.0,1.0,0.0,0.0,1.0,6.0,10.0,4.0,6.0,0.0,1.0,0.0,0.0,1.0,5.0,1.0,1.0,1.0,0.0,1.0,0.0,1.0,0.0,super built up,mid,old,shree arihant apartment,gurgaon,1.5
249.91,3.0,4.0,3.0,1.0,sector 113,8.0,1.0,0.0,0.0,1.0,0.0,0.0,0.0,1.0,0.0,0.0,0.0,1.0,0.0,0.0,0.0,0.0,0.0,0.0,0.0,6.0,10.0,4.0,6.0,0.0,1.0,0.0,0.0,1.0,5.0,1.0,1.0,1.0,0.0,1.0,0.0,1.0,0.0,super built up,mid,new,la vida by tata housing,gurgaon,2.78
225.57,4.0,4.0,3.0,1.0,sector 110,6.0,1.0,0.0,0.0,1.0,0.0,1.0,0.0,1.0,1.0,0.0,0.0,1.0,0.0,0.0,0.0,0.0,0.0,0.0,0.0,6.0,10.0,4.0,6.0,0.0,1.0,0.0,0.0,1.0,5.0,1.0,1.0,1.0,0.0,1.0,0.0,1.0,0.0,super built up,low,new,mahindra aura,gurgaon,2.25
199.74,3.0,3.0,3.0,1.0,sector 70,11.0,1.0,0.0,0.0,1.0,0.0,1.0,0.0,1.0,1.0,0.0,0.0,0.0,0.0,0.0,0.0,0.0,0.0,0.0,0.0,6.0,10.0,4.0,6.0,0.0,1.0,0.0,0.0,1.0,5.0,1.0,1.0,1.0,0.0,1.0,0.0,1.0,0.0,super built up,high,new,aipl the peaceful homes,gurgaon,2.55
222.04,4.0,4.0,3.0,1.0,sector 83,10.0,0.0,0.0,0.0,1.0,0.0,0.0,0.0,1.0,1.0,0.0,1.0,1.0,0.0,0.0,0.0,0.0,0.0,0.0,0.0,6.0,10.0,4.0,6.0,0.0,1.0,0.0,0.0,1.0,5.0,1.0,1.0,1.0,0.0,1.0,0.0,1.0,0.0,super built up,high,old,vatika gurgaon 21,gurgaon,1.25
115.66,2.0,2.0,2.0,1.0,sector 83,10.0,0.0,0.0,0.0,1.0,0.0,0.0,0.0,1.0,1.0,0.0,1.0,1.0,0.0,0.0,0.0,0.0,0.0,0.0,0.0,6.0,10.0,4.0,6.0,0.0,1.0,0.0,0.0,1.0,5.0,1.0,1.0,1.0,0.0,1.0,0.0,1.0,0.0,super built up,high,old,vatika gurgaon 21,gurgaon,0.85
538.84,4.0,5.0,3.0,1.0,sector 2,14.0,0.0,0.0,0.0,0.0,0.0,0.0,0.0,1.0,0.0,0.0,0.0,0.0,0.0,0.0,0.0,0.0,0.0,0.0,1.0,6.0,10.0,4.0,6.0,0.0,1.0,0.0,0.0,1.0,5.0,1.0,1.0,1.0,0.0,1.0,0.0,1.0,0.0,super built up,low,new,krrish provence estate,gurgaon,5.25
125.51,2.0,4.0,2.0,0.0,sector 79,11.0,1.0,0.0,0.0,1.0,0.0,1.0,0.0,1.0,1.0,0.0,0.0,1.0,0.0,0.0,0.0,0.0,0.0,1.0,0.0,6.0,10.0,4.0,6.0,0.0,1.0,0.0,0.0,1.0,5.0,1.0,1.0,1.0,0.0,1.0,0.0,1.0,0.0,super built up,low,new,godrej aria,gurgaon,1.3
123.19,3.0,2.0,2.0,0.0,sector 92,11.0,0.0,0.0,0.0,0.0,0.0,0.0,0.0,1.0,1.0,0.0,1.0,1.0,0.0,0.0,0.0,0.0,0.0,0.0,0.0,6.0,10.0,4.0,6.0,0.0,1.0,0.0,0.0,1.0,5.0,1.0,1.0,1.0,0.0,1.0,0.0,1.0,0.0,super built up,low,new,sare green parc phase 3,gurgaon,0.75
250.65,3.0,4.0,3.0,1.0,sector 67,11.0,1.0,0.0,0.0,1.0,0.0,1.0,0.0,1.0,1.0,0.0,0.0,0.0,0.0,1.0,0.0,0.0,0.0,0.0,0.0,6.0,10.0,4.0,6.0,0.0,1.0,0.0,0.0,1.0,5.0,1.0,1.0,1.0,0.0,1.0,0.0,1.0,0.0,super built up,high,new,ireo victory valley,gurgaon,3.65
253.35,4.0,4.0,3.0,0.0,sector 90,6.0,1.0,0.0,0.0,0.0,0.0,0.0,0.0,1.0,1.0,0.0,0.0,0.0,0.0,1.0,0.0,0.0,0.0,0.0,0.0,6.0,10.0,4.0,6.0,0.0,1.0,0.0,0.0,1.0,5.0,1.0,1.0,1.0,0.0,1.0,0.0,1.0,0.0,super built up,mid,old,dlf new town heights 1,gurgaon,1.65
179.3,3.0,3.0,3.0,1.0,sector 90,6.0,1.0,0.0,0.0,0.0,0.0,0.0,0.0,1.0,1.0,0.0,0.0,0.0,0.0,1.0,0.0,0.0,0.0,0.0,0.0,6.0,10.0,4.0,6.0,0.0,1.0,0.0,0.0,1.0,5.0,1.0,1.0,1.0,0.0,1.0,0.0,1.0,0.0,super built up,high,new,dlf new town heights 1,gurgaon,1.25
219.62,4.0,4.0,3.0,1.0,sector 90,6.0,1.0,0.0,0.0,0.0,0.0,0.0,0.0,1.0,1.0,0.0,0.0,0.0,0.0,1.0,0.0,0.0,0.0,0.0,0.0,6.0,10.0,4.0,6.0,0.0,1.0,0.0,0.0,1.0,5.0,1.0,1.0,1.0,0.0,1.0,0.0,1.0,0.0,super built up,high,old,dlf new town heights 1,gurgaon,1.42
163.04,3.0,3.0,3.0,1.0,sector 90,14.0,0.0,0.0,0.0,0.0,1.0,0.0,0.0,0.0,0.0,0.0,0.0,0.0,0.0,0.0,0.0,0.0,0.0,0.0,0.0,6.0,10.0,4.0,6.0,0.0,1.0,0.0,0.0,1.0,5.0,1.0,1.0,1.0,0.0,1.0,0.0,1.0,0.0,super built up,low,new,dlf regal gardens,gurgaon,1.27
205.78,4.0,4.0,3.0,1.0,sector 90,14.0,0.0,0.0,0.0,0.0,1.0,0.0,0.0,0.0,0.0,0.0,0.0,0.0,0.0,0.0,0.0,0.0,0.0,0.0,0.0,6.0,10.0,4.0,6.0,0.0,1.0,0.0,0.0,1.0,5.0,1.0,1.0,1.0,0.0,1.0,0.0,1.0,0.0,super built up,high,new,dlf regal gardens,gurgaon,1.65
163.04,3.0,3.0,3.0,1.0,sector 90,14.0,0.0,0.0,0.0,0.0,1.0,0.0,0.0,0.0,0.0,0.0,0.0,0.0,0.0,0.0,0.0,0.0,0.0,0.0,0.0,6.0,10.0,4.0,6.0,0.0,1.0,0.0,0.0,1.0,5.0,1.0,1.0,1.0,0.0,1.0,0.0,1.0,0.0,super built up,high,new,dlf regal gardens,gurgaon,1.24
242.01,3.0,3.0,3.0,1.0,sector 50,9.0,1.0,0.0,0.0,0.0,0.0,1.0,0.0,1.0,1.0,1.0,1.0,0.0,0.0,0.0,0.0,0.0,0.0,0.0,0.0,6.0,10.0,4.0,6.0,0.0,1.0,0.0,0.0,1.0,5.0,1.0,1.0,1.0,0.0,1.0,0.0,1.0,0.0,super built up,low,old,the close north,gurgaon,2.7
203.55,3.0,3.0,3.0,1.0,sector 37,11.0,1.0,0.0,0.0,1.0,0.0,1.0,0.0,1.0,1.0,0.0,0.0,1.0,0.0,1.0,0.0,0.0,0.0,0.0,0.0,6.0,10.0,4.0,6.0,0.0,1.0,0.0,0.0,1.0,5.0,1.0,1.0,1.0,0.0,1.0,0.0,1.0,0.0,super built up,high,new,bptp terra,gurgaon,1.98
226.78,2.0,2.0,3.0,1.0,sector 112,8.0,1.0,0.0,0.0,0.0,0.0,1.0,0.0,1.0,1.0,1.0,0.0,1.0,0.0,0.0,0.0,0.0,0.0,0.0,0.0,6.0,10.0,4.0,6.0,0.0,1.0,0.0,0.0,1.0,5.0,1.0,1.0,1.0,0.0,1.0,0.0,1.0,0.0,super built up,high,new,experion windchants,gurgaon,2.5
153.29,3.0,4.0,3.0,1.0,sector 65,6.0,1.0,0.0,0.0,0.0,0.0,0.0,0.0,0.0,1.0,0.0,0.0,0.0,0.0,1.0,0.0,0.0,0.0,0.0,0.0,6.0,10.0,4.0,6.0,0.0,1.0,0.0,0.0,1.0,5.0,1.0,1.0,1.0,0.0,1.0,0.0,1.0,0.0,carpet,low,new,emaar mgf emerald floors premier,gurgaon,2.29
190.17,3.0,3.0,3.0,1.0,sector 67,10.0,1.0,0.0,0.0,1.0,0.0,1.0,0.0,1.0,1.0,0.0,0.0,0.0,0.0,1.0,0.0,0.0,1.0,0.0,0.0,6.0,10.0,4.0,6.0,0.0,1.0,0.0,0.0,1.0,5.0,1.0,1.0,1.0,0.0,1.0,0.0,1.0,0.0,super built up,high,new,m3m merlin,gurgaon,2.98
159.79,3.0,3.0,3.0,1.0,sector 83,10.0,0.0,0.0,0.0,1.0,0.0,0.0,0.0,0.0,0.0,0.0,0.0,0.0,0.0,0.0,0.0,0.0,0.0,0.0,0.0,6.0,10.0,4.0,6.0,0.0,1.0,0.0,0.0,1.0,5.0,1.0,1.0,1.0,0.0,1.0,0.0,1.0,0.0,super built up,mid,new,emaar palm gardens,gurgaon,1.35
139.35,3.0,3.0,3.0,1.0,sector 56,46.0,1.0,0.0,0.0,0.0,1.0,1.0,1.0,0.0,0.0,0.0,1.0,0.0,1.0,0.0,1.0,1.0,0.0,0.0,1.0,6.0,10.0,4.0,6.0,0.0,1.0,0.0,0.0,1.0,5.0,1.0,1.0,1.0,0.0,1.0,0.0,1.0,0.0,super built up,low,old,shri banke bihari society,gurgaon,1.37
185.81,3.0,3.0,3.0,1.0,sector 56,44.0,1.0,0.0,0.0,0.0,1.0,1.0,1.0,1.0,0.0,0.0,1.0,0.0,1.0,0.0,1.0,0.0,0.0,0.0,1.0,6.0,10.0,4.0,6.0,0.0,1.0,0.0,0.0,1.0,5.0,1.0,1.0,1.0,0.0,1.0,0.0,1.0,0.0,super built up,mid,old,kiran residency,gurgaon,1.55
297.29,3.0,4.0,3.0,1.0,sector 24,42.0,1.0,0.0,0.0,0.0,0.0,0.0,1.0,0.0,0.0,0.0,1.0,0.0,0.0,0.0,1.0,0.0,0.0,0.0,1.0,6.0,10.0,4.0,6.0,0.0,1.0,0.0,0.0,1.0,5.0,1.0,1.0,1.0,0.0,1.0,0.0,1.0,0.0,super built up,low,old,ambience lagoon,gurgaon,4.25
174.38,3.0,3.0,3.0,1.0,sector 82,10.0,1.0,0.0,0.0,1.0,0.0,1.0,0.0,1.0,1.0,0.0,0.0,0.0,0.0,0.0,0.0,0.0,0.0,1.0,0.0,6.0,10.0,4.0,6.0,0.0,1.0,0.0,0.0,1.0,5.0,1.0,1.0,1.0,0.0,1.0,0.0,1.0,0.0,super built up,low,new,vatika the seven lamps,gurgaon,1.28
172.06,3.0,3.0,3.0,1.0,sector 102,13.0,1.0,0.0,0.0,1.0,1.0,0.0,0.0,1.0,1.0,0.0,0.0,1.0,0.0,1.0,0.0,0.0,1.0,0.0,0.0,6.0,10.0,4.0,6.0,0.0,1.0,0.0,0.0,1.0,5.0,1.0,1.0,1.0,0.0,1.0,0.0,1.0,0.0,super built up,high,new,shapoorji pallonji joyville gurugram,gurgaon,1.95
247.12,3.0,4.0,3.0,1.0,sector 81,9.0,0.0,0.0,0.0,1.0,0.0,0.0,0.0,1.0,0.0,0.0,0.0,1.0,0.0,0.0,0.0,0.0,0.0,0.0,0.0,6.0,10.0,4.0,6.0,0.0,1.0,0.0,0.0,1.0,5.0,1.0,1.0,1.0,0.0,1.0,0.0,1.0,0.0,super built up,mid,new,bestech park view grand spa,gurgaon,2.35
276.76,3.0,3.0,3.0,1.0,sector 65,9.0,1.0,0.0,0.0,1.0,0.0,1.0,0.0,1.0,1.0,0.0,1.0,0.0,0.0,1.0,0.0,1.0,0.0,0.0,0.0,6.0,10.0,4.0,6.0,0.0,1.0,0.0,0.0,1.0,5.0,1.0,1.0,1.0,0.0,1.0,0.0,1.0,0.0,super built up,high,new,m3m golfestate,gurgaon,5.0
168.62,3.0,3.0,1.0,1.0,sector 37,8.0,1.0,0.0,0.0,1.0,1.0,0.0,0.0,1.0,0.0,0.0,0.0,1.0,0.0,0.0,0.0,0.0,0.0,0.0,0.0,6.0,10.0,4.0,6.0,0.0,1.0,0.0,0.0,1.0,5.0,1.0,1.0,1.0,0.0,1.0,0.0,1.0,0.0,super built up,high,new,imperia the esfera,gurgaon,0.99
253.35,4.0,4.0,3.0,1.0,sector 90,6.0,1.0,0.0,0.0,0.0,0.0,0.0,0.0,1.0,1.0,0.0,0.0,0.0,0.0,1.0,0.0,0.0,0.0,0.0,0.0,6.0,10.0,4.0,6.0,0.0,1.0,0.0,0.0,1.0,5.0,1.0,1.0,1.0,0.0,1.0,0.0,1.0,0.0,super built up,high,new,dlf new town heights 1,gurgaon,1.95
322.37,4.0,5.0,3.0,1.0,sector 81,9.0,0.0,0.0,0.0,1.0,0.0,0.0,0.0,1.0,0.0,0.0,0.0,1.0,0.0,0.0,0.0,0.0,0.0,0.0,0.0,6.0,10.0,4.0,6.0,0.0,1.0,0.0,0.0,1.0,5.0,1.0,1.0,1.0,0.0,1.0,0.0,1.0,0.0,super built up,mid,new,bestech park view grand spa,gurgaon,3.3
316.8,4.0,4.0,3.0,1.0,sector 67,11.0,1.0,0.0,0.0,1.0,0.0,1.0,0.0,1.0,1.0,0.0,0.0,0.0,0.0,1.0,0.0,0.0,0.0,0.0,0.0,6.0,10.0,4.0,6.0,0.0,1.0,0.0,0.0,1.0,5.0,1.0,1.0,1.0,0.0,1.0,0.0,1.0,0.0,super built up,high,new,ireo victory valley,gurgaon,4.75
130.06,2.0,2.0,3.0,1.0,sector 74,7.0,1.0,0.0,0.0,1.0,0.0,1.0,0.0,1.0,1.0,0.0,0.0,1.0,0.0,0.0,0.0,0.0,0.0,0.0,0.0,6.0,10.0,4.0,6.0,0.0,1.0,0.0,0.0,1.0,5.0,1.0,1.0,1.0,0.0,1.0,0.0,1.0,0.0,super built up,high,new,m3m skywalk,gurgaon,1.5
219.62,4.0,4.0,3.0,1.0,sector 90,6.0,1.0,0.0,0.0,0.0,0.0,0.0,0.0,1.0,1.0,0.0,0.0,0.0,0.0,1.0,0.0,0.0,0.0,0.0,0.0,6.0,10.0,4.0,6.0,0.0,1.0,0.0,0.0,1.0,5.0,1.0,1.0,1.0,0.0,1.0,0.0,1.0,0.0,super built up,high,old,dlf new town heights 1,gurgaon,1.54
179.3,3.0,4.0,3.0,1.0,sector 86,15.0,1.0,0.0,0.0,0.0,0.0,0.0,1.0,1.0,1.0,0.0,0.0,0.0,0.0,0.0,0.0,0.0,0.0,0.0,0.0,6.0,10.0,4.0,6.0,0.0,1.0,0.0,0.0,1.0,5.0,1.0,1.0,1.0,0.0,1.0,0.0,1.0,0.0,super built up,high,new,dlf new town heights 2,gurgaon,1.27
162.02,3.0,3.0,3.0,0.0,sector 90,14.0,0.0,0.0,0.0,0.0,1.0,0.0,0.0,0.0,0.0,0.0,0.0,0.0,0.0,0.0,0.0,0.0,0.0,0.0,0.0,6.0,10.0,4.0,6.0,0.0,1.0,0.0,0.0,1.0,5.0,1.0,1.0,1.0,0.0,1.0,0.0,1.0,0.0,super built up,high,new,dlf regal gardens,gurgaon,1.17
168.9,3.0,3.0,3.0,1.0,sector 82,7.0,1.0,0.0,0.0,0.0,0.0,0.0,0.0,0.0,1.0,0.0,0.0,0.0,0.0,0.0,0.0,0.0,0.0,0.0,0.0,6.0,10.0,4.0,6.0,0.0,1.0,0.0,0.0,1.0,5.0,1.0,1.0,1.0,0.0,1.0,0.0,1.0,0.0,super built up,high,new,dlf the primus,gurgaon,1.8
126.44,2.0,2.0,3.0,1.0,sector 103,18.0,1.0,0.0,0.0,0.0,0.0,0.0,1.0,0.0,0.0,1.0,0.0,0.0,0.0,0.0,0.0,0.0,0.0,0.0,1.0,6.0,10.0,4.0,6.0,0.0,1.0,0.0,0.0,1.0,5.0,1.0,1.0,1.0,0.0,1.0,0.0,1.0,0.0,super built up,low,new,ansal housing highland park,gurgaon,0.8
165.0,3.0,3.0,3.0,1.0,sector 48,15.0,1.0,1.0,0.0,1.0,0.0,1.0,1.0,1.0,1.0,0.0,1.0,0.0,1.0,0.0,1.0,0.0,0.0,0.0,0.0,6.0,10.0,4.0,6.0,0.0,1.0,0.0,0.0,1.0,5.0,1.0,1.0,1.0,0.0,1.0,0.0,1.0,0.0,super built up,high,old,bestech park view city,gurgaon,1.76
199.65,3.0,4.0,3.0,1.0,sector 102,15.0,0.0,0.0,0.0,1.0,0.0,1.0,0.0,1.0,1.0,1.0,1.0,1.0,0.0,1.0,0.0,0.0,0.0,1.0,0.0,6.0,10.0,4.0,6.0,0.0,1.0,0.0,0.0,1.0,5.0,1.0,1.0,1.0,0.0,1.0,0.0,1.0,0.0,super built up,high,new,conscient heritage max,gurgaon,2.22
106.84,2.0,2.0,3.0,1.0,sector 28,45.0,1.0,0.0,0.0,0.0,1.0,0.0,1.0,1.0,0.0,0.0,1.0,0.0,1.0,0.0,1.0,0.0,0.0,0.0,1.0,6.0,10.0,4.0,6.0,0.0,1.0,0.0,0.0,1.0,5.0,1.0,1.0,1.0,0.0,1.0,0.0,1.0,0.0,super built up,high,old,dlf regency park 1,gurgaon,1.24
146.04,2.0,2.0,3.0,1.0,sector 79,10.0,0.0,0.0,0.0,0.0,0.0,0.0,0.0,1.0,1.0,0.0,0.0,0.0,0.0,0.0,0.0,0.0,0.0,1.0,0.0,6.0,10.0,4.0,6.0,0.0,1.0,0.0,0.0,1.0,5.0,1.0,1.0,1.0,0.0,1.0,0.0,1.0,0.0,super built up,mid,new,godrej 101,gurgaon,1.12
175.49,3.0,4.0,3.0,1.0,sector 102,11.0,1.0,0.0,0.0,1.0,0.0,1.0,0.0,1.0,1.0,0.0,0.0,1.0,0.0,1.0,0.0,0.0,0.0,0.0,0.0,6.0,10.0,4.0,6.0,0.0,1.0,0.0,0.0,1.0,5.0,1.0,1.0,1.0,0.0,1.0,0.0,1.0,0.0,super built up,high,new,adani m2k oyster grande,gurgaon,1.9
106.84,2.0,2.0,2.0,1.0,sector 28,45.0,1.0,0.0,0.0,0.0,1.0,0.0,1.0,1.0,0.0,0.0,1.0,0.0,1.0,0.0,1.0,0.0,0.0,0.0,1.0,6.0,10.0,4.0,6.0,0.0,1.0,0.0,0.0,1.0,5.0,1.0,1.0,1.0,0.0,1.0,0.0,1.0,0.0,super built up,high,old,dlf regency park 1,gurgaon,1.35
194.63,3.0,3.0,3.0,1.0,sector 109,15.0,0.0,0.0,0.0,0.0,1.0,0.0,1.0,1.0,1.0,0.0,0.0,0.0,1.0,0.0,1.0,0.0,1.0,1.0,0.0,6.0,10.0,4.0,6.0,0.0,1.0,0.0,0.0,1.0,5.0,1.0,1.0,1.0,0.0,1.0,0.0,1.0,0.0,super built up,high,new,ats kocoon,gurgaon,2.22
119.19,2.0,3.0,3.0,1.0,sector 108,9.0,1.0,0.0,0.0,1.0,0.0,1.0,0.0,1.0,1.0,0.0,0.0,1.0,0.0,0.0,0.0,0.0,0.0,0.0,0.0,6.0,10.0,4.0,6.0,0.0,1.0,0.0,0.0,1.0,5.0,1.0,1.0,1.0,0.0,1.0,0.0,1.0,0.0,super built up,mid,new,experion the heartsong,gurgaon,0.9
199.74,3.0,4.0,3.0,1.0,sector 109,11.0,1.0,0.0,0.0,1.0,0.0,0.0,0.0,1.0,1.0,0.0,1.0,1.0,0.0,0.0,0.0,0.0,0.0,1.0,0.0,6.0,10.0,4.0,6.0,0.0,1.0,0.0,0.0,1.0,5.0,1.0,1.0,1.0,0.0,1.0,0.0,1.0,0.0,super built up,low,new,ats tourmaline,gurgaon,1.75
127.74,2.0,2.0,2.0,1.0,sector 85,5.0,0.0,0.0,0.0,0.0,0.0,0.0,0.0,0.0,1.0,0.0,1.0,1.0,0.0,0.0,0.0,0.0,0.0,0.0,0.0,6.0,10.0,4.0,6.0,0.0,1.0,0.0,0.0,1.0,5.0,1.0,1.0,1.0,0.0,1.0,0.0,1.0,0.0,super built up,mid,new,orris aster court,gurgaon,0.67
226.31,3.0,3.0,3.0,1.0,sector 67,11.0,1.0,0.0,0.0,1.0,0.0,1.0,0.0,1.0,1.0,0.0,0.0,0.0,0.0,1.0,0.0,0.0,0.0,0.0,0.0,6.0,10.0,4.0,6.0,0.0,1.0,0.0,0.0,1.0,5.0,1.0,1.0,1.0,0.0,1.0,0.0,1.0,0.0,super built up,high,old,ireo victory valley,gurgaon,2.95
166.76,3.0,3.0,3.0,1.0,sector 61,14.0,1.0,0.0,0.0,0.0,0.0,1.0,0.0,1.0,1.0,0.0,1.0,0.0,0.0,1.0,0.0,0.0,1.0,0.0,0.0,6.0,10.0,4.0,6.0,0.0,1.0,0.0,0.0,1.0,5.0,1.0,1.0,1.0,0.0,1.0,0.0,1.0,0.0,super built up,high,old,pioneer park,gurgaon,2.04
319.03,4.0,4.0,3.0,1.0,sector 84,10.0,1.0,0.0,0.0,1.0,1.0,1.0,1.0,1.0,0.0,0.0,0.0,0.0,0.0,0.0,0.0,0.0,0.0,0.0,0.0,6.0,10.0,4.0,6.0,0.0,1.0,0.0,0.0,1.0,5.0,1.0,1.0,1.0,0.0,1.0,0.0,1.0,0.0,super built up,high,new,alpha corp gurgaonone 84,gurgaon,2.24
150.22,2.0,2.0,3.0,1.0,sector 88,14.0,0.0,0.0,0.0,0.0,0.0,0.0,0.0,1.0,0.0,0.0,0.0,0.0,0.0,0.0,0.0,0.0,0.0,0.0,0.0,6.0,10.0,4.0,6.0,0.0,1.0,0.0,0.0,1.0,5.0,1.0,1.0,1.0,0.0,1.0,0.0,1.0,0.0,super built up,low,new,godrej icon,gurgaon,1.31
129.6,3.0,3.0,3.0,1.0,sector 65,8.0,1.0,0.0,0.0,1.0,0.0,0.0,0.0,1.0,1.0,0.0,1.0,0.0,0.0,0.0,0.0,0.0,1.0,0.0,0.0,6.0,10.0,4.0,6.0,0.0,1.0,0.0,0.0,1.0,5.0,1.0,1.0,1.0,0.0,1.0,0.0,1.0,0.0,super built up,mid,new,emaar mgf emerald estate,gurgaon,1.7
148.64,3.0,3.0,2.0,1.0,sector 83,10.0,0.0,0.0,0.0,1.0,0.0,0.0,0.0,1.0,1.0,0.0,1.0,1.0,0.0,0.0,0.0,0.0,0.0,0.0,0.0,6.0,10.0,4.0,6.0,0.0,1.0,0.0,0.0,1.0,5.0,1.0,1.0,1.0,0.0,1.0,0.0,1.0,0.0,carpet,high,new,vatika gurgaon 21,gurgaon,1.19
188.13,3.0,3.0,3.0,1.0,sector 77,5.0,0.0,0.0,0.0,0.0,0.0,0.0,0.0,1.0,0.0,0.0,0.0,0.0,0.0,0.0,0.0,0.0,0.0,0.0,0.0,6.0,10.0,4.0,6.0,0.0,1.0,0.0,0.0,1.0,5.0,1.0,1.0,1.0,0.0,1.0,0.0,1.0,0.0,super built up,high,new,emaar palm heights,gurgaon,1.75
161.19,3.0,3.0,2.0,0.0,sector 83,10.0,0.0,0.0,0.0,1.0,0.0,0.0,0.0,1.0,1.0,0.0,1.0,1.0,0.0,0.0,0.0,0.0,0.0,0.0,0.0,6.0,10.0,4.0,6.0,0.0,1.0,0.0,0.0,1.0,5.0,1.0,1.0,1.0,0.0,1.0,0.0,1.0,0.0,super built up,high,old,vatika gurgaon 21,gurgaon,1.12
212.47,3.0,3.0,3.0,1.0,sector 1,10.0,1.0,0.0,0.0,0.0,0.0,0.0,0.0,0.0,0.0,0.0,0.0,0.0,1.0,0.0,0.0,0.0,0.0,0.0,1.0,6.0,10.0,4.0,6.0,0.0,1.0,0.0,0.0,1.0,5.0,1.0,1.0,1.0,0.0,1.0,0.0,1.0,0.0,super built up,high,old,green campus chs,manesar,0.92
212.47,3.0,3.0,3.0,1.0,sector 1,10.0,1.0,0.0,0.0,0.0,0.0,0.0,0.0,0.0,0.0,0.0,0.0,0.0,1.0,0.0,0.0,0.0,0.0,0.0,1.0,6.0,10.0,4.0,6.0,0.0,1.0,0.0,0.0,1.0,5.0,1.0,1.0,1.0,0.0,1.0,0.0,1.0,0.0,super built up,mid,old,green campus chs,manesar,0.9
227.61,3.0,4.0,3.0,1.0,sector 104,13.0,1.0,0.0,0.0,1.0,0.0,1.0,0.0,1.0,1.0,1.0,1.0,1.0,0.0,1.0,0.0,0.0,0.0,0.0,0.0,6.0,10.0,4.0,6.0,0.0,1.0,0.0,0.0,1.0,5.0,1.0,1.0,1.0,0.0,1.0,0.0,1.0,0.0,super built up,high,old,puri emerald bay,gurgaon,2.3
157.94,2.0,3.0,3.0,1.0,sector 104,13.0,1.0,0.0,0.0,1.0,0.0,1.0,0.0,1.0,1.0,1.0,1.0,1.0,0.0,1.0,0.0,0.0,0.0,0.0,0.0,6.0,10.0,4.0,6.0,0.0,1.0,0.0,0.0,1.0,5.0,1.0,1.0,1.0,0.0,1.0,0.0,1.0,0.0,super built up,high,new,puri emerald bay,gurgaon,1.58
360.46,5.0,5.0,3.0,1.0,sector 110,15.0,1.0,0.0,0.0,1.0,1.0,0.0,0.0,1.0,1.0,1.0,1.0,1.0,0.0,0.0,0.0,0.0,0.0,0.0,0.0,6.0,10.0,4.0,6.0,0.0,1.0,0.0,0.0,1.0,5.0,1.0,1.0,1.0,0.0,1.0,0.0,1.0,0.0,super built up,mid,new,indiabulls enigma,gurgaon,4.25
196.95,3.0,4.0,3.0,1.0,sector 92,11.0,1.0,0.0,0.0,1.0,0.0,1.0,0.0,1.0,1.0,0.0,0.0,1.0,0.0,1.0,0.0,0.0,0.0,0.0,0.0,6.0,10.0,4.0,6.0,0.0,1.0,0.0,0.0,1.0,5.0,1.0,1.0,1.0,0.0,1.0,0.0,1.0,0.0,super built up,high,new,bestech park view sanskruti,gurgaon,1.68
290.79,4.0,4.0,3.0,1.0,sector 67,11.0,1.0,0.0,0.0,1.0,0.0,1.0,0.0,1.0,1.0,0.0,0.0,0.0,0.0,1.0,0.0,0.0,0.0,0.0,0.0,6.0,10.0,4.0,6.0,0.0,1.0,0.0,0.0,1.0,5.0,1.0,1.0,1.0,0.0,1.0,0.0,1.0,0.0,super built up,high,new,ireo victory valley,gurgaon,4.55
218.32,4.0,4.0,3.0,1.0,sector 67,11.0,0.0,0.0,0.0,1.0,0.0,0.0,0.0,1.0,0.0,0.0,0.0,0.0,0.0,0.0,0.0,0.0,0.0,0.0,0.0,6.0,10.0,4.0,6.0,0.0,1.0,0.0,0.0,1.0,5.0,1.0,1.0,1.0,0.0,1.0,0.0,1.0,0.0,super built up,mid,old,bestech park view spa next,gurgaon,2.85
179.77,3.0,4.0,3.0,1.0,sector 67,11.0,0.0,0.0,0.0,1.0,0.0,0.0,0.0,1.0,0.0,0.0,0.0,0.0,0.0,0.0,0.0,0.0,0.0,0.0,0.0,6.0,10.0,4.0,6.0,0.0,1.0,0.0,0.0,1.0,5.0,1.0,1.0,1.0,0.0,1.0,0.0,1.0,0.0,super built up,high,old,bestech park view spa next,gurgaon,2.35
194.35,3.0,4.0,3.0,1.0,sector 81,9.0,1.0,0.0,0.0,0.0,0.0,0.0,0.0,1.0,1.0,0.0,1.0,0.0,0.0,0.0,0.0,0.0,0.0,0.0,0.0,6.0,10.0,4.0,6.0,0.0,1.0,0.0,0.0,1.0,5.0,1.0,1.0,1.0,0.0,1.0,0.0,1.0,0.0,super built up,mid,new,dlf the ultima,gurgaon,2.3
195.1,3.0,4.0,3.0,1.0,sector 81,9.0,1.0,0.0,0.0,0.0,0.0,0.0,0.0,1.0,1.0,0.0,1.0,0.0,0.0,0.0,0.0,0.0,0.0,0.0,0.0,6.0,10.0,4.0,6.0,0.0,1.0,0.0,0.0,1.0,5.0,1.0,1.0,1.0,0.0,1.0,0.0,1.0,0.0,super built up,high,new,dlf the ultima,gurgaon,2.26
287.07,3.0,4.0,3.0,1.0,sector 22,14.0,1.0,0.0,0.0,1.0,0.0,1.0,0.0,1.0,1.0,1.0,0.0,1.0,0.0,0.0,0.0,0.0,0.0,0.0,0.0,6.0,10.0,4.0,6.0,0.0,1.0,0.0,0.0,1.0,5.0,1.0,1.0,1.0,0.0,1.0,0.0,1.0,0.0,super built up,mid,new,ambience creacions,gurgaon,4.78
222.97,4.0,5.0,3.0,1.0,sector 70,10.0,1.0,0.0,0.0,1.0,0.0,1.0,0.0,1.0,1.0,0.0,0.0,0.0,0.0,1.0,0.0,0.0,0.0,0.0,0.0,6.0,10.0,4.0,6.0,0.0,1.0,0.0,0.0,1.0,5.0,1.0,1.0,1.0,0.0,1.0,0.0,1.0,0.0,super built up,mid,old,tulip ivory,gurgaon,2.0
260.13,4.0,4.0,3.0,1.0,sector 60,7.0,1.0,0.0,0.0,0.0,0.0,1.0,0.0,1.0,1.0,0.0,1.0,0.0,0.0,0.0,0.0,0.0,0.0,0.0,0.0,6.0,10.0,4.0,6.0,0.0,1.0,0.0,0.0,1.0,5.0,1.0,1.0,1.0,0.0,1.0,0.0,1.0,0.0,super built up,high,new,ireo skyon,gurgaon,3.75
278.71,4.0,5.0,3.0,1.0,sector 22,14.0,1.0,0.0,0.0,1.0,0.0,1.0,0.0,1.0,1.0,1.0,0.0,1.0,0.0,0.0,0.0,0.0,0.0,0.0,0.0,6.0,10.0,4.0,6.0,0.0,1.0,0.0,0.0,1.0,5.0,1.0,1.0,1.0,0.0,1.0,0.0,1.0,0.0,carpet,high,new,ambience creacions,gurgaon,6.16
264.77,3.0,3.0,3.0,1.0,sector 65,9.0,1.0,0.0,0.0,1.0,0.0,1.0,0.0,1.0,1.0,0.0,1.0,0.0,0.0,1.0,0.0,1.0,0.0,0.0,0.0,6.0,10.0,4.0,6.0,0.0,1.0,0.0,0.0,1.0,5.0,1.0,1.0,1.0,0.0,1.0,0.0,1.0,0.0,super built up,high,old,m3m golfestate,gurgaon,5.3
124.68,2.0,2.0,2.0,1.0,sector 77,10.0,1.0,0.0,0.0,1.0,0.0,1.0,0.0,1.0,1.0,0.0,0.0,1.0,0.0,0.0,0.0,0.0,0.0,0.0,0.0,6.0,10.0,4.0,6.0,0.0,1.0,0.0,0.0,1.0,5.0,1.0,1.0,1.0,0.0,1.0,0.0,1.0,0.0,super built up,high,new,umang winter hills,gurgaon,0.75
138.43,3.0,3.0,3.0,1.0,sector 79,9.0,0.0,0.0,0.0,1.0,0.0,0.0,0.0,1.0,1.0,0.0,1.0,1.0,0.0,0.0,0.0,0.0,0.0,0.0,0.0,6.0,10.0,4.0,6.0,0.0,1.0,0.0,0.0,1.0,5.0,1.0,1.0,1.0,0.0,1.0,0.0,1.0,0.0,super built up,high,new,mapsko mount ville,gurgaon,1.25
219.81,3.0,4.0,3.0,1.0,sector 79,10.0,0.0,0.0,0.0,0.0,0.0,0.0,0.0,1.0,1.0,0.0,0.0,0.0,0.0,0.0,0.0,0.0,0.0,1.0,0.0,6.0,10.0,4.0,6.0,0.0,1.0,0.0,0.0,1.0,5.0,1.0,1.0,1.0,0.0,1.0,0.0,1.0,0.0,super built up,high,new,godrej 101,gurgaon,2.0
138.43,3.0,3.0,3.0,1.0,sector 79,9.0,0.0,0.0,0.0,1.0,0.0,0.0,0.0,1.0,1.0,0.0,1.0,1.0,0.0,0.0,0.0,0.0,0.0,0.0,0.0,6.0,10.0,4.0,6.0,0.0,1.0,0.0,0.0,1.0,5.0,1.0,1.0,1.0,0.0,1.0,0.0,1.0,0.0,super built up,high,new,mapsko mount ville,gurgaon,1.3
185.81,3.0,4.0,3.0,1.0,sector 39,47.0,1.0,0.0,0.0,0.0,0.0,0.0,1.0,0.0,0.0,0.0,0.0,0.0,0.0,0.0,0.0,1.0,0.0,0.0,0.0,6.0,10.0,4.0,6.0,0.0,1.0,0.0,0.0,1.0,5.0,1.0,1.0,1.0,0.0,1.0,0.0,1.0,0.0,carpet,low,old,city heights,gurgaon,1.75
297.29,5.0,4.0,3.0,1.0,sector 39,47.0,1.0,0.0,0.0,0.0,0.0,0.0,1.0,0.0,0.0,0.0,0.0,0.0,0.0,0.0,0.0,1.0,0.0,0.0,0.0,6.0,10.0,4.0,6.0,0.0,1.0,0.0,0.0,1.0,5.0,1.0,1.0,1.0,0.0,1.0,0.0,1.0,0.0,carpet,high,old,kw royal court,gurgaon,2.0
181.16,3.0,3.0,3.0,1.0,sector 70,15.0,1.0,0.0,0.0,1.0,0.0,1.0,1.0,0.0,0.0,0.0,0.0,0.0,1.0,0.0,0.0,0.0,0.0,0.0,0.0,6.0,10.0,4.0,6.0,0.0,1.0,0.0,0.0,1.0,5.0,1.0,1.0,1.0,0.0,1.0,0.0,1.0,0.0,super built up,mid,new,shree vardhman victoria,gurgaon,1.78
142.51,2.0,2.0,3.0,1.0,sector 84,10.0,1.0,0.0,0.0,1.0,1.0,1.0,1.0,1.0,0.0,0.0,0.0,0.0,0.0,0.0,0.0,0.0,0.0,0.0,0.0,6.0,10.0,4.0,6.0,0.0,1.0,0.0,0.0,1.0,5.0,1.0,1.0,1.0,0.0,1.0,0.0,1.0,0.0,super built up,high,new,alpha corp gurgaonone 84,gurgaon,1.15
195.1,3.0,3.0,3.0,1.0,sector 47,43.0,1.0,0.0,0.0,0.0,0.0,0.0,1.0,0.0,0.0,0.0,0.0,0.0,0.0,0.0,0.0,1.0,0.0,0.0,0.0,6.0,10.0,4.0,6.0,0.0,1.0,0.0,0.0,1.0,5.0,1.0,1.0,1.0,0.0,1.0,0.0,1.0,0.0,super built up,low,old,cghs airport apartment,gurgaon,1.65
28.06,1.0,1.0,1.0,0.0,sector 92,4.0,1.0,0.0,0.0,0.0,0.0,0.0,0.0,1.0,0.0,0.0,0.0,0.0,0.0,1.0,0.0,0.0,0.0,0.0,0.0,6.0,10.0,4.0,6.0,0.0,1.0,0.0,0.0,1.0,5.0,1.0,1.0,1.0,0.0,1.0,0.0,1.0,0.0,carpet,high,new,gls avenue 51,gurgaon,0.21
185.81,3.0,4.0,3.0,1.0,sector 43,45.0,1.0,0.0,0.0,0.0,1.0,0.0,1.0,1.0,0.0,0.0,1.0,0.0,1.0,0.0,1.0,0.0,0.0,0.0,1.0,6.0,10.0,4.0,6.0,0.0,1.0,0.0,0.0,1.0,5.0,1.0,1.0,1.0,0.0,1.0,0.0,1.0,0.0,carpet,mid,old,kamroon court,gurgaon,2.75
218.32,4.0,4.0,3.0,1.0,sector 67,11.0,0.0,0.0,0.0,1.0,0.0,0.0,0.0,1.0,0.0,0.0,0.0,0.0,0.0,0.0,0.0,0.0,0.0,0.0,0.0,6.0,10.0,4.0,6.0,0.0,1.0,0.0,0.0,1.0,5.0,1.0,1.0,1.0,0.0,1.0,0.0,1.0,0.0,super built up,high,new,bestech park view spa next,gurgaon,2.72
193.8,3.0,4.0,3.0,1.0,sector 47,42.0,1.0,0.0,0.0,0.0,0.0,1.0,1.0,0.0,0.0,0.0,0.0,0.0,0.0,0.0,0.0,0.0,0.0,0.0,0.0,6.0,10.0,4.0,6.0,0.0,1.0,0.0,0.0,1.0,5.0,1.0,1.0,1.0,0.0,1.0,0.0,1.0,0.0,super built up,high,old,unitech uniworld gardens,gurgaon,2.4
236.9,3.0,3.0,3.0,1.0,sector 72,10.0,1.0,0.0,0.0,0.0,0.0,1.0,0.0,1.0,0.0,0.0,1.0,0.0,0.0,1.0,0.0,0.0,0.0,0.0,0.0,6.0,10.0,4.0,6.0,0.0,1.0,0.0,0.0,1.0,5.0,1.0,1.0,1.0,0.0,1.0,0.0,1.0,0.0,super built up,high,old,tata primanti,gurgaon,4.1
167.41,3.0,4.0,3.0,1.0,sector 71,15.0,1.0,1.0,0.0,0.0,0.0,1.0,1.0,0.0,1.0,0.0,0.0,0.0,0.0,1.0,0.0,1.0,0.0,0.0,0.0,6.0,10.0,4.0,6.0,0.0,1.0,0.0,0.0,1.0,5.0,1.0,1.0,1.0,0.0,1.0,0.0,1.0,0.0,super built up,high,old,chd avenue 71,gurgaon,1.12
125.42,2.0,2.0,3.0,1.0,sector 90,10.0,1.0,0.0,0.0,1.0,0.0,1.0,0.0,1.0,1.0,0.0,0.0,1.0,0.0,1.0,0.0,0.0,0.0,0.0,0.0,6.0,10.0,4.0,6.0,0.0,1.0,0.0,0.0,1.0,5.0,1.0,1.0,1.0,0.0,1.0,0.0,1.0,0.0,super built up,high,old,shree vardhman flora,gurgaon,0.65
929.03,5.0,6.0,3.0,1.0,sector 2,14.0,0.0,0.0,0.0,0.0,0.0,0.0,0.0,1.0,0.0,0.0,0.0,0.0,0.0,0.0,0.0,0.0,0.0,0.0,1.0,6.0,10.0,4.0,6.0,0.0,1.0,0.0,0.0,1.0,5.0,1.0,1.0,1.0,0.0,1.0,0.0,1.0,0.0,super built up,high,new,krrish provence estate,gurgaon,7.5
288.0,4.0,5.0,3.0,1.0,sector 54,13.0,0.0,0.0,0.0,1.0,0.0,0.0,0.0,1.0,0.0,0.0,1.0,0.0,0.0,0.0,0.0,0.0,0.0,0.0,0.0,6.0,10.0,4.0,6.0,0.0,1.0,0.0,0.0,1.0,5.0,1.0,1.0,1.0,0.0,1.0,0.0,1.0,0.0,carpet,mid,new,dlf the crest,gurgaon,11.0
158.12,3.0,3.0,3.0,1.0,sector 90,14.0,0.0,0.0,0.0,0.0,1.0,0.0,0.0,0.0,0.0,0.0,0.0,0.0,0.0,0.0,0.0,0.0,0.0,0.0,0.0,6.0,10.0,4.0,6.0,0.0,1.0,0.0,0.0,1.0,5.0,1.0,1.0,1.0,0.0,1.0,0.0,1.0,0.0,super built up,mid,new,dlf regal gardens,gurgaon,1.26
205.78,4.0,4.0,3.0,0.0,sector 90,14.0,0.0,0.0,0.0,0.0,1.0,0.0,0.0,0.0,0.0,0.0,0.0,0.0,0.0,0.0,0.0,0.0,0.0,0.0,0.0,6.0,10.0,4.0,6.0,0.0,1.0,0.0,0.0,1.0,5.0,1.0,1.0,1.0,0.0,1.0,0.0,1.0,0.0,super built up,mid,old,dlf regal gardens,gurgaon,1.8
312.43,3.0,3.0,3.0,1.0,sector 65,9.0,1.0,0.0,0.0,1.0,0.0,1.0,0.0,1.0,1.0,0.0,1.0,0.0,0.0,1.0,0.0,1.0,0.0,0.0,0.0,6.0,10.0,4.0,6.0,0.0,1.0,0.0,0.0,1.0,5.0,1.0,1.0,1.0,0.0,1.0,0.0,1.0,0.0,super built up,high,new,m3m golfestate,gurgaon,5.9
221.39,4.0,4.0,3.0,1.0,sector 49,15.0,1.0,0.0,0.0,1.0,0.0,1.0,0.0,1.0,1.0,0.0,1.0,1.0,0.0,1.0,0.0,0.0,1.0,0.0,0.0,6.0,10.0,4.0,6.0,0.0,1.0,0.0,0.0,1.0,5.0,1.0,1.0,1.0,0.0,1.0,0.0,1.0,0.0,super built up,mid,old,bestech park view city 2,gurgaon,2.9
179.21,3.0,3.0,3.0,1.0,sector 86,10.0,0.0,0.0,0.0,1.0,0.0,0.0,0.0,1.0,1.0,0.0,0.0,0.0,0.0,1.0,0.0,0.0,0.0,0.0,0.0,6.0,10.0,4.0,6.0,0.0,1.0,0.0,0.0,1.0,5.0,1.0,1.0,1.0,0.0,1.0,0.0,1.0,0.0,super built up,high,new,dlf the skycourt,gurgaon,1.59
198.07,3.0,3.0,3.0,1.0,sector 81,9.0,1.0,0.0,0.0,0.0,0.0,0.0,0.0,1.0,1.0,0.0,1.0,0.0,0.0,0.0,0.0,0.0,0.0,0.0,0.0,6.0,10.0,4.0,6.0,0.0,1.0,0.0,0.0,1.0,5.0,1.0,1.0,1.0,0.0,1.0,0.0,1.0,0.0,super built up,low,new,dlf the ultima,gurgaon,2.21
176.52,3.0,3.0,3.0,1.0,sector 83,10.0,0.0,0.0,0.0,1.0,0.0,0.0,0.0,0.0,0.0,0.0,0.0,0.0,0.0,0.0,0.0,0.0,0.0,0.0,0.0,6.0,10.0,4.0,6.0,0.0,1.0,0.0,0.0,1.0,5.0,1.0,1.0,1.0,0.0,1.0,0.0,1.0,0.0,super built up,mid,new,emaar palm gardens,gurgaon,1.48
119.19,2.0,3.0,3.0,1.0,sector 108,9.0,1.0,0.0,0.0,1.0,0.0,1.0,0.0,1.0,1.0,0.0,0.0,1.0,0.0,0.0,0.0,0.0,0.0,0.0,0.0,6.0,10.0,4.0,6.0,0.0,1.0,0.0,0.0,1.0,5.0,1.0,1.0,1.0,0.0,1.0,0.0,1.0,0.0,super built up,mid,new,experion the heartsong,gurgaon,0.98
172.06,3.0,3.0,3.0,0.0,sector 102,13.0,1.0,0.0,0.0,1.0,1.0,0.0,0.0,1.0,1.0,0.0,0.0,1.0,0.0,1.0,0.0,0.0,1.0,0.0,0.0,6.0,10.0,4.0,6.0,0.0,1.0,0.0,0.0,1.0,5.0,1.0,1.0,1.0,0.0,1.0,0.0,1.0,0.0,super built up,low,new,shapoorji pallonji joyville gurugram,gurgaon,2.04
237.83,4.0,5.0,3.0,1.0,sector 85,15.0,1.0,0.0,0.0,1.0,0.0,0.0,0.0,1.0,1.0,0.0,1.0,0.0,0.0,0.0,0.0,1.0,0.0,0.0,0.0,6.0,10.0,4.0,6.0,0.0,1.0,0.0,0.0,1.0,5.0,1.0,1.0,1.0,0.0,1.0,0.0,1.0,0.0,super built up,mid,new,orris aster court premier,gurgaon,1.5
237.83,4.0,5.0,3.0,1.0,sector 85,15.0,1.0,0.0,0.0,1.0,0.0,0.0,0.0,1.0,1.0,0.0,1.0,0.0,0.0,0.0,0.0,1.0,0.0,0.0,0.0,6.0,10.0,4.0,6.0,0.0,1.0,0.0,0.0,1.0,5.0,1.0,1.0,1.0,0.0,1.0,0.0,1.0,0.0,super built up,high,new,orris aster court premier,gurgaon,1.49
196.95,3.0,4.0,2.0,1.0,sector 85,15.0,1.0,0.0,0.0,1.0,0.0,0.0,0.0,1.0,1.0,0.0,1.0,0.0,0.0,0.0,0.0,1.0,0.0,0.0,0.0,6.0,10.0,4.0,6.0,0.0,1.0,0.0,0.0,1.0,5.0,1.0,1.0,1.0,0.0,1.0,0.0,1.0,0.0,super built up,mid,new,orris aster court premier,gurgaon,1.2
181.16,3.0,4.0,3.0,1.0,sector 90,10.0,1.0,0.0,0.0,1.0,0.0,1.0,0.0,1.0,1.0,0.0,0.0,1.0,0.0,1.0,0.0,0.0,0.0,0.0,0.0,6.0,10.0,4.0,6.0,0.0,1.0,0.0,0.0,1.0,5.0,1.0,1.0,1.0,0.0,1.0,0.0,1.0,0.0,super built up,high,new,shree vardhman flora,gurgaon,0.86
183.48,4.0,4.0,3.0,0.0,sector 85,8.0,1.0,0.0,0.0,1.0,0.0,1.0,0.0,1.0,0.0,0.0,0.0,0.0,0.0,0.0,0.0,0.0,0.0,0.0,0.0,6.0,10.0,4.0,6.0,0.0,1.0,0.0,0.0,1.0,5.0,1.0,1.0,1.0,0.0,1.0,0.0,1.0,0.0,super built up,high,old,orris carnation residency,gurgaon,0.9
182.55,3.0,4.0,3.0,1.0,sector 95,5.0,0.0,0.0,0.0,0.0,0.0,0.0,0.0,0.0,1.0,0.0,1.0,1.0,0.0,0.0,0.0,0.0,0.0,0.0,0.0,6.0,10.0,4.0,6.0,0.0,1.0,0.0,0.0,1.0,5.0,1.0,1.0,1.0,0.0,1.0,0.0,1.0,0.0,super built up,mid,new,saan verdante,gurgaon,2.0
186.74,4.0,4.0,2.0,0.0,sector 69,10.0,1.0,0.0,0.0,1.0,0.0,1.0,0.0,1.0,1.0,0.0,0.0,0.0,0.0,1.0,0.0,0.0,0.0,0.0,0.0,6.0,10.0,4.0,6.0,0.0,1.0,0.0,0.0,1.0,5.0,1.0,1.0,1.0,0.0,1.0,0.0,1.0,0.0,super built up,high,new,tulip violet,gurgaon,1.85
227.61,3.0,4.0,3.0,1.0,sector 104,13.0,1.0,0.0,0.0,1.0,0.0,1.0,0.0,1.0,1.0,1.0,1.0,1.0,0.0,1.0,0.0,0.0,0.0,0.0,0.0,6.0,10.0,4.0,6.0,0.0,1.0,0.0,0.0,1.0,5.0,1.0,1.0,1.0,0.0,1.0,0.0,1.0,0.0,super built up,high,new,puri emerald bay,gurgaon,2.65
153.29,3.0,3.0,3.0,1.0,sector 102,10.0,1.0,0.0,0.0,1.0,0.0,1.0,0.0,1.0,1.0,0.0,0.0,1.0,0.0,0.0,0.0,0.0,0.0,0.0,0.0,6.0,10.0,4.0,6.0,0.0,1.0,0.0,0.0,1.0,5.0,1.0,1.0,1.0,0.0,1.0,0.0,1.0,0.0,super built up,mid,new,emaar gurgaon greens,gurgaon,1.5
162.12,3.0,3.0,3.0,1.0,sector 109,15.0,0.0,0.0,0.0,0.0,1.0,0.0,1.0,1.0,1.0,0.0,0.0,0.0,1.0,0.0,1.0,0.0,1.0,1.0,0.0,6.0,10.0,4.0,6.0,0.0,1.0,0.0,0.0,1.0,5.0,1.0,1.0,1.0,0.0,1.0,0.0,1.0,0.0,super built up,high,new,ats kocoon,gurgaon,1.75
144.0,2.0,2.0,2.0,0.0,sector 104,13.0,1.0,0.0,0.0,1.0,0.0,1.0,0.0,1.0,1.0,1.0,1.0,1.0,0.0,1.0,0.0,0.0,0.0,0.0,0.0,6.0,10.0,4.0,6.0,0.0,1.0,0.0,0.0,1.0,5.0,1.0,1.0,1.0,0.0,1.0,0.0,1.0,0.0,super built up,high,new,puri emerald bay,gurgaon,1.32
122.63,2.0,2.0,2.0,1.0,sector 83,15.0,1.0,0.0,0.0,0.0,0.0,0.0,0.0,1.0,0.0,0.0,0.0,0.0,1.0,0.0,0.0,0.0,0.0,0.0,0.0,6.0,10.0,4.0,6.0,0.0,1.0,0.0,0.0,1.0,5.0,1.0,1.0,1.0,0.0,1.0,0.0,1.0,0.0,super built up,high,old,vatika city homes,gurgaon,0.8
163.32,3.0,2.0,3.0,1.0,sector 108,9.0,1.0,0.0,0.0,1.0,0.0,1.0,0.0,1.0,1.0,0.0,0.0,1.0,0.0,0.0,0.0,0.0,0.0,0.0,0.0,6.0,10.0,4.0,6.0,0.0,1.0,0.0,0.0,1.0,5.0,1.0,1.0,1.0,0.0,1.0,0.0,1.0,0.0,super built up,high,new,experion the heartsong,gurgaon,1.2
402.92,4.0,4.0,3.0,1.0,sector 62,12.0,1.0,0.0,0.0,1.0,0.0,1.0,0.0,1.0,1.0,0.0,0.0,0.0,0.0,1.0,0.0,0.0,1.0,0.0,0.0,6.0,10.0,4.0,6.0,0.0,1.0,0.0,0.0,1.0,5.0,1.0,1.0,1.0,0.0,1.0,0.0,1.0,0.0,super built up,low,old,pioneer urban presidia,gurgaon,6.5
163.51,3.0,4.0,3.0,1.0,sector 106,11.0,1.0,0.0,0.0,1.0,0.0,1.0,0.0,1.0,1.0,0.0,1.0,1.0,0.0,1.0,0.0,0.0,0.0,0.0,0.0,6.0,10.0,4.0,6.0,0.0,1.0,0.0,0.0,1.0,5.0,1.0,1.0,1.0,0.0,1.0,0.0,1.0,0.0,super built up,high,new,paras dews,gurgaon,1.17
176.52,3.0,4.0,3.0,1.0,sector 106,11.0,1.0,0.0,0.0,1.0,0.0,1.0,0.0,1.0,1.0,0.0,1.0,1.0,0.0,1.0,0.0,0.0,0.0,0.0,0.0,6.0,10.0,4.0,6.0,0.0,1.0,0.0,0.0,1.0,5.0,1.0,1.0,1.0,0.0,1.0,0.0,1.0,0.0,super built up,mid,new,paras dews,gurgaon,1.15
205.97,3.0,3.0,3.0,1.0,sector 113,8.0,1.0,0.0,0.0,1.0,0.0,0.0,0.0,1.0,0.0,0.0,0.0,1.0,0.0,0.0,0.0,0.0,0.0,0.0,0.0,6.0,10.0,4.0,6.0,0.0,1.0,0.0,0.0,1.0,5.0,1.0,1.0,1.0,0.0,1.0,0.0,1.0,0.0,super built up,high,new,la vida by tata housing,gurgaon,2.48
139.35,3.0,3.0,3.0,1.0,sector 56,46.0,1.0,0.0,0.0,0.0,1.0,1.0,1.0,0.0,0.0,0.0,1.0,0.0,1.0,0.0,1.0,1.0,0.0,0.0,1.0,6.0,10.0,4.0,6.0,0.0,1.0,0.0,0.0,1.0,5.0,1.0,1.0,1.0,0.0,1.0,0.0,1.0,0.0,super built up,mid,old,shri banke bihari society,gurgaon,1.35
123.1,2.0,2.0,3.0,1.0,sector 103,15.0,1.0,0.0,0.0,1.0,1.0,1.0,0.0,1.0,1.0,1.0,1.0,1.0,0.0,1.0,0.0,0.0,0.0,0.0,0.0,6.0,10.0,4.0,6.0,0.0,1.0,0.0,0.0,1.0,5.0,1.0,1.0,1.0,0.0,1.0,0.0,1.0,0.0,super built up,high,new,indiabulls centrum park,gurgaon,1.15
186.08,3.0,4.0,2.0,0.0,sector 108,13.0,1.0,0.0,0.0,0.0,0.0,1.0,0.0,1.0,1.0,0.0,0.0,1.0,0.0,0.0,0.0,0.0,0.0,1.0,0.0,6.0,10.0,4.0,6.0,0.0,1.0,0.0,0.0,1.0,5.0,1.0,1.0,1.0,0.0,1.0,0.0,1.0,0.0,super built up,high,new,sobha city,gurgaon,2.95
219.07,3.0,4.0,3.0,1.0,sector 67,10.0,1.0,0.0,0.0,1.0,0.0,1.0,0.0,1.0,1.0,0.0,0.0,0.0,0.0,1.0,0.0,0.0,1.0,0.0,0.0,6.0,10.0,4.0,6.0,0.0,1.0,0.0,0.0,1.0,5.0,1.0,1.0,1.0,0.0,1.0,0.0,1.0,0.0,super built up,high,new,m3m merlin,gurgaon,3.4
190.27,3.0,3.0,3.0,1.0,sector 67,10.0,1.0,0.0,0.0,1.0,0.0,1.0,0.0,1.0,1.0,0.0,0.0,0.0,0.0,1.0,0.0,0.0,1.0,0.0,0.0,6.0,10.0,4.0,6.0,0.0,1.0,0.0,0.0,1.0,5.0,1.0,1.0,1.0,0.0,1.0,0.0,1.0,0.0,super built up,low,new,m3m merlin,gurgaon,2.8
194.63,3.0,4.0,3.0,1.0,sector 109,15.0,0.0,0.0,0.0,0.0,1.0,0.0,1.0,1.0,1.0,0.0,0.0,0.0,1.0,0.0,1.0,0.0,1.0,1.0,0.0,6.0,10.0,4.0,6.0,0.0,1.0,0.0,0.0,1.0,5.0,1.0,1.0,1.0,0.0,1.0,0.0,1.0,0.0,super built up,high,new,ats kocoon,gurgaon,2.15
157.19,3.0,3.0,3.0,0.0,sector 102,13.0,1.0,0.0,0.0,1.0,1.0,0.0,0.0,1.0,1.0,0.0,0.0,1.0,0.0,1.0,0.0,0.0,1.0,0.0,0.0,6.0,10.0,4.0,6.0,0.0,1.0,0.0,0.0,1.0,5.0,1.0,1.0,1.0,0.0,1.0,0.0,1.0,0.0,super built up,low,new,shapoorji pallonji joyville gurugram,gurgaon,1.76
274.06,4.0,5.0,3.0,1.0,sector 111,10.0,1.0,0.0,0.0,1.0,0.0,0.0,0.0,1.0,1.0,0.0,1.0,1.0,0.0,0.0,0.0,0.0,0.0,0.0,0.0,6.0,10.0,4.0,6.0,0.0,1.0,0.0,0.0,1.0,5.0,1.0,1.0,1.0,0.0,1.0,0.0,1.0,0.0,super built up,high,new,puri diplomatic greens,gurgaon,3.45
311.23,4.0,5.0,3.0,1.0,sector 110,15.0,1.0,0.0,0.0,1.0,1.0,0.0,0.0,1.0,1.0,1.0,1.0,1.0,0.0,0.0,0.0,0.0,0.0,0.0,0.0,6.0,10.0,4.0,6.0,0.0,1.0,0.0,0.0,1.0,5.0,1.0,1.0,1.0,0.0,1.0,0.0,1.0,0.0,super built up,mid,new,indiabulls enigma,gurgaon,3.3
212.75,3.0,4.0,3.0,1.0,sector 104,13.0,1.0,0.0,0.0,1.0,0.0,1.0,0.0,1.0,1.0,0.0,1.0,1.0,0.0,1.0,0.0,1.0,0.0,0.0,0.0,6.0,10.0,4.0,6.0,0.0,1.0,0.0,0.0,1.0,5.0,1.0,1.0,1.0,0.0,1.0,0.0,1.0,0.0,super built up,high,new,ats triumph,gurgaon,1.75
292.64,4.0,4.0,3.0,1.0,sector 104,13.0,1.0,0.0,0.0,1.0,0.0,1.0,0.0,1.0,1.0,0.0,1.0,1.0,0.0,1.0,0.0,1.0,0.0,0.0,0.0,6.0,10.0,4.0,6.0,0.0,1.0,0.0,0.0,1.0,5.0,1.0,1.0,1.0,0.0,1.0,0.0,1.0,0.0,super built up,high,new,ats triumph,gurgaon,2.78
218.79,4.0,6.0,3.0,1.0,sector 106,11.0,1.0,0.0,0.0,1.0,0.0,1.0,0.0,1.0,1.0,0.0,1.0,1.0,0.0,1.0,0.0,0.0,0.0,0.0,0.0,6.0,10.0,4.0,6.0,0.0,1.0,0.0,0.0,1.0,5.0,1.0,1.0,1.0,0.0,1.0,0.0,1.0,0.0,super built up,high,new,paras dews,gurgaon,1.42
200.86,4.0,4.0,3.0,0.0,sector 102,13.0,1.0,0.0,0.0,1.0,1.0,0.0,0.0,1.0,1.0,0.0,0.0,1.0,0.0,1.0,0.0,0.0,1.0,0.0,0.0,6.0,10.0,4.0,6.0,0.0,1.0,0.0,0.0,1.0,5.0,1.0,1.0,1.0,0.0,1.0,0.0,1.0,0.0,super built up,high,new,shapoorji pallonji joyville gurugram,gurgaon,2.4
258.18,4.0,5.0,3.0,0.0,sector 108,9.0,1.0,0.0,0.0,1.0,0.0,1.0,0.0,1.0,1.0,0.0,0.0,1.0,0.0,0.0,0.0,0.0,0.0,0.0,0.0,6.0,10.0,4.0,6.0,0.0,1.0,0.0,0.0,1.0,5.0,1.0,1.0,1.0,0.0,1.0,0.0,1.0,0.0,super built up,high,new,experion the heartsong,gurgaon,2.28
128.3,2.0,2.0,2.0,0.0,sector 108,13.0,1.0,0.0,0.0,0.0,0.0,1.0,0.0,1.0,1.0,0.0,0.0,1.0,0.0,0.0,0.0,0.0,0.0,1.0,0.0,6.0,10.0,4.0,6.0,0.0,1.0,0.0,0.0,1.0,5.0,1.0,1.0,1.0,0.0,1.0,0.0,1.0,0.0,super built up,high,new,sobha city,gurgaon,1.9
192.5,3.0,3.0,3.0,0.0,sector 108,13.0,1.0,0.0,0.0,0.0,0.0,1.0,0.0,1.0,1.0,0.0,0.0,1.0,0.0,0.0,0.0,0.0,0.0,1.0,0.0,6.0,10.0,4.0,6.0,0.0,1.0,0.0,0.0,1.0,5.0,1.0,1.0,1.0,0.0,1.0,0.0,1.0,0.0,super built up,high,new,sobha city,gurgaon,3.25
236.44,3.0,3.0,3.0,1.0,sector 109,12.0,1.0,0.0,0.0,0.0,0.0,0.0,0.0,0.0,0.0,1.0,0.0,0.0,0.0,0.0,0.0,0.0,0.0,0.0,0.0,6.0,10.0,4.0,6.0,0.0,1.0,0.0,0.0,1.0,5.0,1.0,1.0,1.0,0.0,1.0,0.0,1.0,0.0,super built up,high,new,sbtl caladium,gurgaon,1.6
603.87,4.0,5.0,3.0,0.0,sector 104,13.0,1.0,0.0,0.0,1.0,0.0,1.0,0.0,1.0,1.0,0.0,1.0,1.0,0.0,1.0,0.0,1.0,0.0,0.0,0.0,6.0,10.0,4.0,6.0,0.0,1.0,0.0,0.0,1.0,5.0,1.0,1.0,1.0,0.0,1.0,0.0,1.0,0.0,carpet,high,new,ats triumph,gurgaon,4.45
126.91,2.0,2.0,3.0,0.0,sector 107,6.0,0.0,0.0,0.0,0.0,0.0,0.0,0.0,1.0,1.0,0.0,0.0,0.0,0.0,0.0,0.0,0.0,0.0,0.0,0.0,6.0,10.0,4.0,6.0,0.0,1.0,0.0,0.0,1.0,5.0,1.0,1.0,1.0,0.0,1.0,0.0,1.0,0.0,super built up,mid,new,m3m woodshire,gurgaon,0.82
59.92,3.0,2.0,2.0,1.0,sector 107,10.0,0.0,0.0,0.0,1.0,0.0,0.0,0.0,1.0,0.0,0.0,0.0,1.0,0.0,0.0,0.0,0.0,0.0,0.0,0.0,6.0,10.0,4.0,6.0,0.0,1.0,0.0,0.0,1.0,5.0,1.0,1.0,1.0,0.0,1.0,0.0,1.0,0.0,carpet,mid,new,signature global solera,gurgaon,0.5
59.92,3.0,2.0,2.0,1.0,sector 107,10.0,0.0,0.0,0.0,1.0,0.0,0.0,0.0,1.0,0.0,0.0,0.0,1.0,0.0,0.0,0.0,0.0,0.0,0.0,0.0,6.0,10.0,4.0,6.0,0.0,1.0,0.0,0.0,1.0,5.0,1.0,1.0,1.0,0.0,1.0,0.0,1.0,0.0,carpet,mid,new,signature global solera,gurgaon,0.52
45.43,2.0,2.0,2.0,0.0,sector 107,10.0,0.0,0.0,0.0,1.0,0.0,0.0,0.0,1.0,0.0,0.0,0.0,1.0,0.0,0.0,0.0,0.0,0.0,0.0,0.0,6.0,10.0,4.0,6.0,0.0,1.0,0.0,0.0,1.0,5.0,1.0,1.0,1.0,0.0,1.0,0.0,1.0,0.0,carpet,mid,new,signature global solera,gurgaon,0.28
45.43,2.0,2.0,2.0,0.0,sector 107,10.0,0.0,0.0,0.0,1.0,0.0,0.0,0.0,1.0,0.0,0.0,0.0,1.0,0.0,0.0,0.0,0.0,0.0,0.0,0.0,6.0,10.0,4.0,6.0,0.0,1.0,0.0,0.0,1.0,5.0,1.0,1.0,1.0,0.0,1.0,0.0,1.0,0.0,carpet,low,new,signature global solera,gurgaon,0.29
97.55,2.0,2.0,3.0,1.0,sector 108,9.0,1.0,0.0,0.0,1.0,0.0,1.0,0.0,1.0,1.0,0.0,0.0,1.0,0.0,0.0,0.0,0.0,0.0,0.0,0.0,6.0,10.0,4.0,6.0,0.0,1.0,0.0,0.0,1.0,5.0,1.0,1.0,1.0,0.0,1.0,0.0,1.0,0.0,carpet,high,new,experion the heartsong,gurgaon,0.97
126.91,2.0,2.0,3.0,0.0,sector 107,6.0,0.0,0.0,0.0,0.0,0.0,0.0,0.0,1.0,1.0,0.0,0.0,0.0,0.0,0.0,0.0,0.0,0.0,0.0,0.0,6.0,10.0,4.0,6.0,0.0,1.0,0.0,0.0,1.0,5.0,1.0,1.0,1.0,0.0,1.0,0.0,1.0,0.0,super built up,mid,new,m3m woodshire,gurgaon,0.8
153.29,3.0,3.0,3.0,1.0,sector 102,10.0,1.0,0.0,0.0,1.0,0.0,1.0,0.0,1.0,1.0,0.0,0.0,1.0,0.0,0.0,0.0,0.0,0.0,0.0,0.0,6.0,10.0,4.0,6.0,0.0,1.0,0.0,0.0,1.0,5.0,1.0,1.0,1.0,0.0,1.0,0.0,1.0,0.0,super built up,high,new,emaar gurgaon greens,gurgaon,1.45
78.97,3.0,2.0,1.0,0.0,sector 110,24.0,1.0,0.0,0.0,0.0,1.0,0.0,0.0,1.0,0.0,0.0,1.0,0.0,0.0,0.0,1.0,0.0,0.0,0.0,1.0,6.0,10.0,4.0,6.0,0.0,1.0,0.0,0.0,1.0,5.0,1.0,1.0,1.0,0.0,1.0,0.0,1.0,0.0,carpet,low,new,laxmi apartment,gurgaon,0.55
144.0,2.0,2.0,3.0,1.0,sector 99,15.0,1.0,0.0,0.0,1.0,1.0,1.0,1.0,1.0,1.0,0.0,0.0,0.0,0.0,1.0,0.0,0.0,0.0,0.0,0.0,6.0,10.0,4.0,6.0,0.0,1.0,0.0,0.0,1.0,5.0,1.0,1.0,1.0,0.0,1.0,0.0,1.0,0.0,super built up,high,new,pareena coban residences,gurgaon,1.1
137.87,2.0,2.0,2.0,1.0,sector 67,12.0,0.0,0.0,0.0,1.0,0.0,1.0,0.0,1.0,1.0,0.0,1.0,0.0,0.0,1.0,0.0,0.0,0.0,0.0,0.0,6.0,10.0,4.0,6.0,0.0,1.0,0.0,0.0,1.0,5.0,1.0,1.0,1.0,0.0,1.0,0.0,1.0,0.0,super built up,high,new,ireo the corridors,gurgaon,1.4
146.6,3.0,3.0,2.0,1.0,sector 69,10.0,1.0,0.0,0.0,1.0,0.0,1.0,0.0,1.0,1.0,0.0,0.0,0.0,0.0,1.0,0.0,0.0,0.0,0.0,0.0,6.0,10.0,4.0,6.0,0.0,1.0,0.0,0.0,1.0,5.0,1.0,1.0,1.0,0.0,1.0,0.0,1.0,0.0,super built up,high,new,tulip violet,gurgaon,1.42
239.32,4.0,5.0,3.0,1.0,sector 82,7.0,1.0,0.0,0.0,0.0,0.0,0.0,0.0,0.0,1.0,0.0,0.0,0.0,0.0,0.0,0.0,0.0,0.0,0.0,0.0,6.0,10.0,4.0,6.0,0.0,1.0,0.0,0.0,1.0,5.0,1.0,1.0,1.0,0.0,1.0,0.0,1.0,0.0,super built up,high,new,dlf the primus,gurgaon,2.95
226.78,2.0,2.0,3.0,0.0,sector 112,8.0,1.0,0.0,0.0,0.0,0.0,1.0,0.0,1.0,1.0,1.0,0.0,1.0,0.0,0.0,0.0,0.0,0.0,0.0,0.0,6.0,10.0,4.0,6.0,0.0,1.0,0.0,0.0,1.0,5.0,1.0,1.0,1.0,0.0,1.0,0.0,1.0,0.0,super built up,high,new,experion windchants,gurgaon,2.6
163.7,3.0,3.0,3.0,0.0,sector 103,12.0,1.0,0.0,0.0,0.0,0.0,0.0,0.0,0.0,0.0,1.0,0.0,0.0,0.0,0.0,0.0,0.0,0.0,0.0,0.0,6.0,10.0,4.0,6.0,0.0,1.0,0.0,0.0,1.0,5.0,1.0,1.0,1.0,0.0,1.0,0.0,1.0,0.0,super built up,mid,new,ansal housing highland park,gurgaon,1.1
126.91,2.0,2.0,3.0,1.0,sector 107,6.0,0.0,0.0,0.0,0.0,0.0,0.0,0.0,1.0,1.0,0.0,0.0,0.0,0.0,0.0,0.0,0.0,0.0,0.0,0.0,6.0,10.0,4.0,6.0,0.0,1.0,0.0,0.0,1.0,5.0,1.0,1.0,1.0,0.0,1.0,0.0,1.0,0.0,super built up,high,new,m3m woodshire,gurgaon,0.75
180.51,3.0,3.0,3.0,1.0,sector 107,6.0,0.0,0.0,0.0,0.0,0.0,0.0,0.0,1.0,1.0,0.0,0.0,0.0,0.0,0.0,0.0,0.0,0.0,0.0,0.0,6.0,10.0,4.0,6.0,0.0,1.0,0.0,0.0,1.0,5.0,1.0,1.0,1.0,0.0,1.0,0.0,1.0,0.0,super built up,mid,new,m3m woodshire,gurgaon,1.3
219.34,3.0,4.0,3.0,1.0,sector 107,6.0,0.0,0.0,0.0,0.0,0.0,0.0,0.0,1.0,1.0,0.0,0.0,0.0,0.0,0.0,0.0,0.0,0.0,0.0,0.0,6.0,10.0,4.0,6.0,0.0,1.0,0.0,0.0,1.0,5.0,1.0,1.0,1.0,0.0,1.0,0.0,1.0,0.0,super built up,mid,new,m3m woodshire,gurgaon,1.49
151.25,2.0,2.0,3.0,1.0,sector 88,7.0,1.0,0.0,0.0,0.0,1.0,0.0,0.0,1.0,0.0,0.0,0.0,1.0,0.0,0.0,0.0,0.0,0.0,0.0,0.0,6.0,10.0,4.0,6.0,0.0,1.0,0.0,0.0,1.0,5.0,1.0,1.0,1.0,0.0,1.0,0.0,1.0,0.0,super built up,high,new,godrej oasis,gurgaon,1.19
150.13,2.0,2.0,3.0,1.0,sector 88,7.0,1.0,0.0,0.0,0.0,1.0,0.0,0.0,1.0,0.0,0.0,0.0,1.0,0.0,0.0,0.0,0.0,0.0,0.0,0.0,6.0,10.0,4.0,6.0,0.0,1.0,0.0,0.0,1.0,5.0,1.0,1.0,1.0,0.0,1.0,0.0,1.0,0.0,super built up,high,new,godrej oasis,gurgaon,1.15
184.97,3.0,4.0,3.0,1.0,sector 103,15.0,1.0,0.0,0.0,1.0,1.0,1.0,0.0,1.0,1.0,1.0,1.0,1.0,0.0,0.0,0.0,1.0,0.0,0.0,0.0,6.0,10.0,4.0,6.0,0.0,1.0,0.0,0.0,1.0,5.0,1.0,1.0,1.0,0.0,1.0,0.0,1.0,0.0,super built up,low,new,satya the hermitage,gurgaon,1.0
115.66,2.0,2.0,2.0,1.0,sector 83,10.0,0.0,0.0,0.0,1.0,0.0,0.0,0.0,1.0,1.0,0.0,1.0,1.0,0.0,0.0,0.0,0.0,0.0,0.0,0.0,6.0,10.0,4.0,6.0,0.0,1.0,0.0,0.0,1.0,5.0,1.0,1.0,1.0,0.0,1.0,0.0,1.0,0.0,super built up,low,new,vatika gurgaon 21,gurgaon,0.78
183.95,3.0,3.0,2.0,1.0,sector 83,10.0,0.0,0.0,0.0,1.0,0.0,0.0,0.0,1.0,1.0,0.0,1.0,1.0,0.0,0.0,0.0,0.0,0.0,0.0,0.0,6.0,10.0,4.0,6.0,0.0,1.0,0.0,0.0,1.0,5.0,1.0,1.0,1.0,0.0,1.0,0.0,1.0,0.0,super built up,low,new,vatika gurgaon 21,gurgaon,1.15
199.65,3.0,4.0,3.0,1.0,sector 102,15.0,0.0,0.0,0.0,1.0,0.0,1.0,0.0,1.0,1.0,1.0,1.0,1.0,0.0,1.0,0.0,0.0,0.0,1.0,0.0,6.0,10.0,4.0,6.0,0.0,1.0,0.0,0.0,1.0,5.0,1.0,1.0,1.0,0.0,1.0,0.0,1.0,0.0,super built up,high,new,conscient heritage max,gurgaon,2.2
185.81,3.0,3.0,3.0,1.0,sector 54,47.0,1.0,0.0,0.0,0.0,1.0,1.0,1.0,0.0,0.0,0.0,1.0,0.0,1.0,0.0,1.0,1.0,0.0,0.0,1.0,6.0,10.0,4.0,6.0,0.0,1.0,0.0,0.0,1.0,5.0,1.0,1.0,1.0,0.0,1.0,0.0,1.0,0.0,super built up,low,old,shree arihant apartment,gurgaon,1.55
146.6,3.0,3.0,2.0,1.0,sector 69,10.0,1.0,0.0,0.0,1.0,0.0,1.0,0.0,1.0,1.0,0.0,0.0,0.0,0.0,1.0,0.0,0.0,0.0,0.0,0.0,6.0,10.0,4.0,6.0,0.0,1.0,0.0,0.0,1.0,5.0,1.0,1.0,1.0,0.0,1.0,0.0,1.0,0.0,super built up,high,new,tulip violet,gurgaon,1.55
139.35,3.0,2.0,3.0,0.0,sector 69,42.0,1.0,0.0,0.0,0.0,1.0,1.0,1.0,0.0,0.0,0.0,0.0,0.0,0.0,0.0,1.0,0.0,1.0,0.0,0.0,6.0,10.0,4.0,6.0,0.0,1.0,0.0,0.0,1.0,5.0,1.0,1.0,1.0,0.0,1.0,0.0,1.0,0.0,super built up,low,new,tulip white,gurgaon,0.9
194.07,3.0,3.0,3.0,1.0,sector 1,10.0,1.0,0.0,0.0,0.0,0.0,0.0,0.0,0.0,0.0,0.0,0.0,0.0,1.0,0.0,0.0,0.0,0.0,0.0,1.0,6.0,10.0,4.0,6.0,0.0,1.0,0.0,0.0,1.0,5.0,1.0,1.0,1.0,0.0,1.0,0.0,1.0,0.0,carpet,mid,old,denso haryana housing society,manesar,0.9
199.74,3.0,3.0,3.0,1.0,sector 1,26.0,1.0,0.0,0.0,0.0,1.0,0.0,0.0,1.0,0.0,0.0,1.0,0.0,0.0,0.0,1.0,0.0,0.0,0.0,1.0,6.0,10.0,4.0,6.0,0.0,1.0,0.0,0.0,1.0,5.0,1.0,1.0,1.0,0.0,1.0,0.0,1.0,0.0,super built up,mid,old,the nav manesar apartment,gurgaon,0.85
223.25,3.0,3.0,3.0,1.0,sector 60,7.0,1.0,0.0,0.0,0.0,0.0,1.0,0.0,1.0,1.0,0.0,1.0,0.0,0.0,0.0,0.0,0.0,0.0,0.0,0.0,6.0,10.0,4.0,6.0,0.0,1.0,0.0,0.0,1.0,5.0,1.0,1.0,1.0,0.0,1.0,0.0,1.0,0.0,super built up,mid,new,ireo skyon,gurgaon,3.0
126.81,2.0,2.0,2.0,1.0,sector 60,7.0,1.0,0.0,0.0,0.0,0.0,1.0,0.0,1.0,1.0,0.0,1.0,0.0,0.0,0.0,0.0,0.0,0.0,0.0,0.0,6.0,10.0,4.0,6.0,0.0,1.0,0.0,0.0,1.0,5.0,1.0,1.0,1.0,0.0,1.0,0.0,1.0,0.0,super built up,low,new,ireo skyon,gurgaon,2.12
169.27,3.0,3.0,3.0,0.0,sector 77,10.0,1.0,0.0,0.0,1.0,0.0,1.0,0.0,1.0,1.0,0.0,0.0,1.0,0.0,0.0,0.0,0.0,0.0,0.0,0.0,6.0,10.0,4.0,6.0,0.0,1.0,0.0,0.0,1.0,5.0,1.0,1.0,1.0,0.0,1.0,0.0,1.0,0.0,super built up,mid,new,umang winter hills,gurgaon,1.05
223.71,3.0,4.0,3.0,1.0,sector 85,13.0,1.0,0.0,0.0,1.0,0.0,1.0,0.0,1.0,1.0,0.0,0.0,1.0,0.0,1.0,0.0,0.0,0.0,1.0,0.0,6.0,10.0,4.0,6.0,0.0,1.0,0.0,0.0,1.0,5.0,1.0,1.0,1.0,0.0,1.0,0.0,1.0,0.0,super built up,high,new,ss the leaf,gurgaon,1.65
182.37,3.0,3.0,3.0,1.0,sector 84,10.0,1.0,0.0,0.0,1.0,1.0,1.0,1.0,1.0,0.0,0.0,0.0,0.0,0.0,0.0,0.0,0.0,0.0,0.0,0.0,6.0,10.0,4.0,6.0,0.0,1.0,0.0,0.0,1.0,5.0,1.0,1.0,1.0,0.0,1.0,0.0,1.0,0.0,super built up,high,new,alpha corp gurgaonone 84,gurgaon,1.5
219.07,3.0,4.0,3.0,1.0,sector 67,10.0,1.0,0.0,0.0,1.0,0.0,1.0,0.0,1.0,1.0,0.0,0.0,0.0,0.0,1.0,0.0,0.0,1.0,0.0,0.0,6.0,10.0,4.0,6.0,0.0,1.0,0.0,0.0,1.0,5.0,1.0,1.0,1.0,0.0,1.0,0.0,1.0,0.0,super built up,high,new,m3m merlin,gurgaon,3.4
219.07,3.0,4.0,3.0,1.0,sector 67,10.0,1.0,0.0,0.0,1.0,0.0,1.0,0.0,1.0,1.0,0.0,0.0,0.0,0.0,1.0,0.0,0.0,1.0,0.0,0.0,6.0,10.0,4.0,6.0,0.0,1.0,0.0,0.0,1.0,5.0,1.0,1.0,1.0,0.0,1.0,0.0,1.0,0.0,super built up,high,new,m3m merlin,gurgaon,3.5
227.8,3.0,4.0,3.0,1.0,sector 67,11.0,1.0,0.0,0.0,1.0,0.0,1.0,0.0,1.0,1.0,0.0,0.0,0.0,0.0,1.0,0.0,0.0,0.0,0.0,0.0,6.0,10.0,4.0,6.0,0.0,1.0,0.0,0.0,1.0,5.0,1.0,1.0,1.0,0.0,1.0,0.0,1.0,0.0,super built up,high,new,ireo victory valley,gurgaon,3.15
239.23,4.0,4.0,3.0,1.0,sector 54,7.0,1.0,0.0,0.0,1.0,0.0,0.0,0.0,1.0,1.0,0.0,1.0,0.0,0.0,0.0,0.0,0.0,0.0,0.0,0.0,6.0,10.0,4.0,6.0,0.0,1.0,0.0,0.0,1.0,5.0,1.0,1.0,1.0,0.0,1.0,0.0,1.0,0.0,super built up,high,old,dlf the icon,gurgaon,5.25
190.17,3.0,3.0,3.0,1.0,sector 67,10.0,1.0,0.0,0.0,1.0,0.0,1.0,0.0,1.0,1.0,0.0,0.0,0.0,0.0,1.0,0.0,0.0,1.0,0.0,0.0,6.0,10.0,4.0,6.0,0.0,1.0,0.0,0.0,1.0,5.0,1.0,1.0,1.0,0.0,1.0,0.0,1.0,0.0,super built up,mid,new,m3m merlin,gurgaon,2.78
179.77,3.0,3.0,3.0,1.0,sector 92,5.0,0.0,0.0,0.0,0.0,0.0,0.0,0.0,0.0,0.0,0.0,0.0,1.0,0.0,0.0,0.0,0.0,0.0,0.0,0.0,6.0,10.0,4.0,6.0,0.0,1.0,0.0,0.0,1.0,5.0,1.0,1.0,1.0,0.0,1.0,0.0,1.0,0.0,super built up,high,new,ansal heights,gurgaon,0.72
185.81,3.0,3.0,3.0,1.0,sector 56,46.0,1.0,0.0,0.0,0.0,1.0,1.0,1.0,0.0,0.0,0.0,1.0,0.0,1.0,0.0,1.0,1.0,0.0,0.0,1.0,6.0,10.0,4.0,6.0,0.0,1.0,0.0,0.0,1.0,5.0,1.0,1.0,1.0,0.0,1.0,0.0,1.0,0.0,super built up,mid,old,professors enclave cghs,gurgaon,1.55
130.06,3.0,3.0,3.0,1.0,sector 43,48.0,1.0,0.0,0.0,0.0,1.0,1.0,1.0,1.0,0.0,0.0,1.0,0.0,1.0,0.0,0.0,1.0,0.0,0.0,1.0,6.0,10.0,4.0,6.0,0.0,1.0,0.0,0.0,1.0,5.0,1.0,1.0,1.0,0.0,1.0,0.0,1.0,0.0,super built up,mid,old,ansal maple heights,gurgaon,1.5
221.57,3.0,4.0,2.0,1.0,sector 67,11.0,1.0,0.0,0.0,1.0,0.0,1.0,0.0,1.0,1.0,0.0,0.0,0.0,0.0,1.0,0.0,0.0,0.0,0.0,0.0,6.0,10.0,4.0,6.0,0.0,1.0,0.0,0.0,1.0,5.0,1.0,1.0,1.0,0.0,1.0,0.0,1.0,0.0,super built up,high,new,ireo victory valley,gurgaon,3.05
201.04,3.0,4.0,2.0,1.0,sector 58,13.0,1.0,0.0,0.0,1.0,0.0,1.0,0.0,1.0,1.0,0.0,1.0,0.0,0.0,0.0,0.0,0.0,0.0,0.0,0.0,6.0,10.0,4.0,6.0,0.0,1.0,0.0,0.0,1.0,5.0,1.0,1.0,1.0,0.0,1.0,0.0,1.0,0.0,super built up,high,new,ireo the grand arch,gurgaon,3.83
189.34,3.0,3.0,2.0,1.0,sector 74,7.0,1.0,0.0,0.0,1.0,0.0,1.0,0.0,1.0,1.0,0.0,0.0,1.0,0.0,0.0,0.0,0.0,0.0,0.0,0.0,6.0,10.0,4.0,6.0,0.0,1.0,0.0,0.0,1.0,5.0,1.0,1.0,1.0,0.0,1.0,0.0,1.0,0.0,super built up,high,new,m3m skywalk,gurgaon,2.25
181.16,4.0,4.0,3.0,1.0,sector 83,10.0,0.0,0.0,0.0,1.0,0.0,0.0,0.0,1.0,1.0,0.0,1.0,1.0,0.0,0.0,0.0,0.0,0.0,0.0,0.0,6.0,10.0,4.0,6.0,0.0,1.0,0.0,0.0,1.0,5.0,1.0,1.0,1.0,0.0,1.0,0.0,1.0,0.0,carpet,high,new,vatika gurgaon 21,gurgaon,1.4
260.31,3.0,5.0,3.0,1.0,sector 112,8.0,1.0,0.0,0.0,0.0,0.0,1.0,0.0,1.0,1.0,1.0,0.0,1.0,0.0,0.0,0.0,0.0,0.0,0.0,0.0,6.0,10.0,4.0,6.0,0.0,1.0,0.0,0.0,1.0,5.0,1.0,1.0,1.0,0.0,1.0,0.0,1.0,0.0,super built up,high,new,experion windchants,gurgaon,3.75
183.58,3.0,3.0,3.0,1.0,sector 70,14.0,1.0,0.0,0.0,0.0,0.0,1.0,1.0,0.0,0.0,0.0,0.0,0.0,0.0,0.0,1.0,0.0,0.0,0.0,0.0,6.0,10.0,4.0,6.0,0.0,1.0,0.0,0.0,1.0,5.0,1.0,1.0,1.0,0.0,1.0,0.0,1.0,0.0,super built up,mid,new,capital residences 360,gurgaon,1.51
214.14,3.0,3.0,3.0,1.0,sector 48,15.0,1.0,1.0,0.0,1.0,0.0,1.0,1.0,1.0,1.0,0.0,1.0,0.0,1.0,0.0,1.0,0.0,0.0,0.0,0.0,6.0,10.0,4.0,6.0,0.0,1.0,0.0,0.0,1.0,5.0,1.0,1.0,1.0,0.0,1.0,0.0,1.0,0.0,super built up,mid,new,bestech park view city,gurgaon,2.7
250.09,4.0,4.0,3.0,1.0,sector 113,8.0,1.0,0.0,0.0,1.0,0.0,0.0,0.0,1.0,0.0,0.0,0.0,1.0,0.0,0.0,0.0,0.0,0.0,0.0,0.0,6.0,10.0,4.0,6.0,0.0,1.0,0.0,0.0,1.0,5.0,1.0,1.0,1.0,0.0,1.0,0.0,1.0,0.0,carpet,high,new,la vida by tata housing,gurgaon,3.35
146.6,3.0,3.0,2.0,1.0,sector 69,10.0,1.0,0.0,0.0,1.0,0.0,1.0,0.0,1.0,1.0,0.0,0.0,0.0,0.0,1.0,0.0,0.0,0.0,0.0,0.0,6.0,10.0,4.0,6.0,0.0,1.0,0.0,0.0,1.0,5.0,1.0,1.0,1.0,0.0,1.0,0.0,1.0,0.0,super built up,high,new,tulip violet,gurgaon,1.5
247.12,3.0,4.0,3.0,1.0,sector 81,9.0,0.0,0.0,0.0,1.0,0.0,0.0,0.0,1.0,0.0,0.0,0.0,1.0,0.0,0.0,0.0,0.0,0.0,0.0,0.0,6.0,10.0,4.0,6.0,0.0,1.0,0.0,0.0,1.0,5.0,1.0,1.0,1.0,0.0,1.0,0.0,1.0,0.0,super built up,high,new,bestech park view grand spa,gurgaon,2.2
211.17,4.0,4.0,3.0,0.0,sector 82,7.0,1.0,0.0,0.0,0.0,0.0,0.0,0.0,0.0,1.0,0.0,0.0,0.0,0.0,0.0,0.0,0.0,0.0,0.0,0.0,6.0,10.0,4.0,6.0,0.0,1.0,0.0,0.0,1.0,5.0,1.0,1.0,1.0,0.0,1.0,0.0,1.0,0.0,super built up,high,new,dlf the primus,gurgaon,2.55
55.56,2.0,2.0,2.0,1.0,sector 81,10.0,1.0,0.0,0.0,1.0,0.0,0.0,0.0,1.0,0.0,0.0,0.0,1.0,0.0,1.0,0.0,0.0,0.0,0.0,0.0,6.0,10.0,4.0,6.0,0.0,1.0,0.0,0.0,1.0,5.0,1.0,1.0,1.0,0.0,1.0,0.0,1.0,0.0,carpet,mid,new,signature global synera,gurgaon,0.45
161.19,3.0,3.0,2.0,0.0,sector 83,10.0,0.0,0.0,0.0,1.0,0.0,0.0,0.0,1.0,1.0,0.0,1.0,1.0,0.0,0.0,0.0,0.0,0.0,0.0,0.0,6.0,10.0,4.0,6.0,0.0,1.0,0.0,0.0,1.0,5.0,1.0,1.0,1.0,0.0,1.0,0.0,1.0,0.0,super built up,high,new,vatika gurgaon 21,gurgaon,1.18
117.99,2.0,2.0,3.0,0.0,sector 84,10.0,1.0,0.0,0.0,1.0,1.0,1.0,1.0,1.0,0.0,0.0,0.0,0.0,0.0,0.0,0.0,0.0,0.0,0.0,0.0,6.0,10.0,4.0,6.0,0.0,1.0,0.0,0.0,1.0,5.0,1.0,1.0,1.0,0.0,1.0,0.0,1.0,0.0,super built up,mid,new,alpha corp gurgaonone 84,gurgaon,0.85
182.37,3.0,3.0,3.0,1.0,sector 84,10.0,1.0,0.0,0.0,1.0,1.0,1.0,1.0,1.0,0.0,0.0,0.0,0.0,0.0,0.0,0.0,0.0,0.0,0.0,0.0,6.0,10.0,4.0,6.0,0.0,1.0,0.0,0.0,1.0,5.0,1.0,1.0,1.0,0.0,1.0,0.0,1.0,0.0,super built up,mid,new,alpha corp gurgaonone 84,gurgaon,1.49
314.94,4.0,5.0,3.0,1.0,sector 53,15.0,0.0,0.0,0.0,1.0,0.0,1.0,0.0,1.0,1.0,0.0,1.0,0.0,0.0,0.0,0.0,0.0,1.0,0.0,0.0,6.0,10.0,4.0,6.0,0.0,1.0,0.0,0.0,1.0,5.0,1.0,1.0,1.0,0.0,1.0,0.0,1.0,0.0,super built up,high,new,parsvnath exotica,gurgaon,6.5
210.52,4.0,4.0,3.0,1.0,sector 92,8.0,1.0,0.0,0.0,0.0,0.0,0.0,0.0,0.0,0.0,0.0,0.0,0.0,1.0,0.0,0.0,0.0,0.0,0.0,0.0,6.0,10.0,4.0,6.0,0.0,1.0,0.0,0.0,1.0,5.0,1.0,1.0,1.0,0.0,1.0,0.0,1.0,0.0,carpet,high,new,sare homes,gurgaon,1.18
141.49,3.0,3.0,3.0,1.0,sector 92,8.0,1.0,0.0,0.0,0.0,0.0,0.0,0.0,0.0,0.0,0.0,0.0,0.0,1.0,0.0,0.0,0.0,0.0,0.0,0.0,6.0,10.0,4.0,6.0,0.0,1.0,0.0,0.0,1.0,5.0,1.0,1.0,1.0,0.0,1.0,0.0,1.0,0.0,carpet,mid,new,sare homes,gurgaon,0.8
222.04,4.0,4.0,3.0,1.0,sector 83,10.0,0.0,0.0,0.0,1.0,0.0,0.0,0.0,1.0,1.0,0.0,1.0,1.0,0.0,0.0,0.0,0.0,0.0,0.0,0.0,6.0,10.0,4.0,6.0,0.0,1.0,0.0,0.0,1.0,5.0,1.0,1.0,1.0,0.0,1.0,0.0,1.0,0.0,super built up,mid,new,vatika gurgaon 21,gurgaon,1.42
301.56,3.0,3.0,3.0,1.0,sector 65,9.0,1.0,0.0,0.0,1.0,0.0,1.0,0.0,1.0,1.0,0.0,1.0,0.0,0.0,1.0,0.0,1.0,0.0,0.0,0.0,6.0,10.0,4.0,6.0,0.0,1.0,0.0,0.0,1.0,5.0,1.0,1.0,1.0,0.0,1.0,0.0,1.0,0.0,super built up,low,new,m3m golfestate,gurgaon,5.0
179.21,3.0,3.0,1.0,1.0,sector 86,10.0,0.0,0.0,0.0,1.0,0.0,0.0,0.0,1.0,1.0,0.0,0.0,0.0,0.0,1.0,0.0,0.0,0.0,0.0,0.0,6.0,10.0,4.0,6.0,0.0,1.0,0.0,0.0,1.0,5.0,1.0,1.0,1.0,0.0,1.0,0.0,1.0,0.0,super built up,high,new,dlf the skycourt,gurgaon,1.72
130.06,3.0,3.0,3.0,1.0,sector 65,10.0,1.0,0.0,0.0,1.0,0.0,1.0,0.0,1.0,1.0,0.0,0.0,0.0,0.0,1.0,0.0,0.0,0.0,0.0,0.0,6.0,10.0,4.0,6.0,0.0,1.0,0.0,0.0,1.0,5.0,1.0,1.0,1.0,0.0,1.0,0.0,1.0,0.0,carpet,low,new,emaar emerald hills,gurgaon,1.95
124.49,3.0,3.0,3.0,1.0,sector 83,15.0,0.0,0.0,0.0,0.0,0.0,0.0,1.0,1.0,1.0,0.0,0.0,0.0,0.0,0.0,0.0,0.0,0.0,0.0,0.0,6.0,10.0,4.0,6.0,0.0,1.0,0.0,0.0,1.0,5.0,1.0,1.0,1.0,0.0,1.0,0.0,1.0,0.0,super built up,high,new,mapsko paradise,gurgaon,0.75
203.55,3.0,3.0,3.0,1.0,sector 37,11.0,1.0,0.0,0.0,1.0,0.0,1.0,0.0,1.0,1.0,0.0,0.0,1.0,0.0,1.0,0.0,0.0,0.0,0.0,0.0,6.0,10.0,4.0,6.0,0.0,1.0,0.0,0.0,1.0,5.0,1.0,1.0,1.0,0.0,1.0,0.0,1.0,0.0,super built up,high,new,bptp terra,gurgaon,1.72
297.1,4.0,5.0,3.0,1.0,sector 102,11.0,1.0,0.0,0.0,1.0,0.0,1.0,0.0,1.0,1.0,0.0,0.0,1.0,0.0,1.0,0.0,0.0,0.0,0.0,0.0,6.0,10.0,4.0,6.0,0.0,1.0,0.0,0.0,1.0,5.0,1.0,1.0,1.0,0.0,1.0,0.0,1.0,0.0,super built up,high,new,adani m2k oyster grande,gurgaon,2.5
188.13,3.0,4.0,3.0,1.0,sector 102,10.0,1.0,0.0,0.0,1.0,0.0,0.0,0.0,1.0,1.0,1.0,0.0,1.0,0.0,1.0,0.0,0.0,0.0,1.0,0.0,6.0,10.0,4.0,6.0,0.0,1.0,0.0,0.0,1.0,5.0,1.0,1.0,1.0,0.0,1.0,0.0,1.0,0.0,super built up,high,new,emaar imperial gardens,gurgaon,1.7
124.12,2.0,2.0,2.0,1.0,sector 50,7.0,1.0,0.0,0.0,0.0,0.0,1.0,0.0,1.0,1.0,0.0,1.0,0.0,0.0,0.0,0.0,0.0,0.0,0.0,0.0,6.0,10.0,4.0,6.0,0.0,1.0,0.0,0.0,1.0,5.0,1.0,1.0,1.0,0.0,1.0,0.0,1.0,0.0,super built up,high,old,unitech fresco,gurgaon,1.14
124.95,3.0,3.0,3.0,1.0,sector 43,45.0,1.0,0.0,0.0,0.0,1.0,0.0,1.0,1.0,0.0,0.0,1.0,0.0,1.0,0.0,1.0,0.0,0.0,0.0,1.0,6.0,10.0,4.0,6.0,0.0,1.0,0.0,0.0,1.0,5.0,1.0,1.0,1.0,0.0,1.0,0.0,1.0,0.0,super built up,low,old,ansal maple crescent,gurgaon,1.35
41.62,2.0,2.0,1.0,0.0,sector 99,8.0,1.0,0.0,0.0,1.0,0.0,0.0,0.0,1.0,1.0,0.0,0.0,1.0,0.0,0.0,0.0,0.0,0.0,0.0,0.0,6.0,10.0,4.0,6.0,0.0,1.0,0.0,0.0,1.0,5.0,1.0,1.0,1.0,0.0,1.0,0.0,1.0,0.0,carpet,high,new,prime habitat,gurgaon,0.27
218.88,4.0,4.0,3.0,1.0,sector 86,15.0,1.0,0.0,0.0,0.0,0.0,0.0,1.0,1.0,1.0,0.0,0.0,0.0,0.0,0.0,0.0,0.0,0.0,0.0,0.0,6.0,10.0,4.0,6.0,0.0,1.0,0.0,0.0,1.0,5.0,1.0,1.0,1.0,0.0,1.0,0.0,1.0,0.0,super built up,high,new,dlf new town heights 2,gurgaon,1.4
179.3,3.0,4.0,3.0,1.0,sector 86,15.0,1.0,0.0,0.0,0.0,0.0,0.0,1.0,1.0,1.0,0.0,0.0,0.0,0.0,0.0,0.0,0.0,0.0,0.0,0.0,6.0,10.0,4.0,6.0,0.0,1.0,0.0,0.0,1.0,5.0,1.0,1.0,1.0,0.0,1.0,0.0,1.0,0.0,super built up,low,new,dlf new town heights 2,gurgaon,1.25
161.74,2.0,2.0,3.0,1.0,sector 85,13.0,1.0,0.0,0.0,1.0,0.0,1.0,0.0,1.0,1.0,0.0,0.0,1.0,0.0,1.0,0.0,0.0,0.0,1.0,0.0,6.0,10.0,4.0,6.0,0.0,1.0,0.0,0.0,1.0,5.0,1.0,1.0,1.0,0.0,1.0,0.0,1.0,0.0,super built up,high,new,ss the leaf,gurgaon,1.18
152.36,2.0,2.0,3.0,1.0,sector 85,13.0,1.0,0.0,0.0,1.0,0.0,1.0,0.0,1.0,1.0,0.0,0.0,1.0,0.0,1.0,0.0,0.0,0.0,1.0,0.0,6.0,10.0,4.0,6.0,0.0,1.0,0.0,0.0,1.0,5.0,1.0,1.0,1.0,0.0,1.0,0.0,1.0,0.0,super built up,high,new,ss the leaf,gurgaon,1.1
180.51,3.0,3.0,3.0,0.0,sector 107,6.0,0.0,0.0,0.0,0.0,0.0,0.0,0.0,1.0,1.0,0.0,0.0,0.0,0.0,0.0,0.0,0.0,0.0,0.0,0.0,6.0,10.0,4.0,6.0,0.0,1.0,0.0,0.0,1.0,5.0,1.0,1.0,1.0,0.0,1.0,0.0,1.0,0.0,super built up,mid,old,m3m woodshire,gurgaon,1.21
315.87,4.0,4.0,3.0,1.0,sector 110,15.0,1.0,0.0,0.0,1.0,1.0,0.0,0.0,1.0,1.0,1.0,1.0,1.0,0.0,0.0,0.0,0.0,0.0,0.0,0.0,6.0,10.0,4.0,6.0,0.0,1.0,0.0,0.0,1.0,5.0,1.0,1.0,1.0,0.0,1.0,0.0,1.0,0.0,super built up,high,old,indiabulls enigma,gurgaon,3.45
172.06,3.0,3.0,3.0,0.0,sector 102,13.0,1.0,0.0,0.0,1.0,1.0,0.0,0.0,1.0,1.0,0.0,0.0,1.0,0.0,1.0,0.0,0.0,1.0,0.0,0.0,6.0,10.0,4.0,6.0,0.0,1.0,0.0,0.0,1.0,5.0,1.0,1.0,1.0,0.0,1.0,0.0,1.0,0.0,super built up,high,new,shapoorji pallonji joyville gurugram,gurgaon,1.95
274.06,4.0,5.0,3.0,1.0,sector 111,10.0,1.0,0.0,0.0,1.0,0.0,0.0,0.0,1.0,1.0,0.0,1.0,1.0,0.0,0.0,0.0,0.0,0.0,0.0,0.0,6.0,10.0,4.0,6.0,0.0,1.0,0.0,0.0,1.0,5.0,1.0,1.0,1.0,0.0,1.0,0.0,1.0,0.0,super built up,high,old,puri diplomatic greens,gurgaon,3.65
165.09,3.0,3.0,3.0,1.0,sector 28,47.0,1.0,0.0,0.0,0.0,1.0,0.0,1.0,0.0,0.0,0.0,1.0,0.0,0.0,0.0,1.0,0.0,0.0,0.0,1.0,6.0,10.0,4.0,6.0,0.0,1.0,0.0,0.0,1.0,5.0,1.0,1.0,1.0,0.0,1.0,0.0,1.0,0.0,built up,mid,old,dlf regency park 2,gurgaon,2.3
204.39,3.0,4.0,3.0,1.0,sector 66,14.0,1.0,0.0,0.0,0.0,0.0,1.0,0.0,1.0,1.0,0.0,1.0,0.0,0.0,0.0,0.0,0.0,1.0,0.0,0.0,6.0,10.0,4.0,6.0,0.0,1.0,0.0,0.0,1.0,5.0,1.0,1.0,1.0,0.0,1.0,0.0,1.0,0.0,super built up,high,new,emaar mgf the palm drive,gurgaon,3.4
162.67,3.0,3.0,3.0,0.0,sector 33,7.0,1.0,0.0,0.0,0.0,0.0,0.0,0.0,1.0,0.0,0.0,0.0,1.0,0.0,0.0,0.0,0.0,0.0,0.0,0.0,6.0,10.0,4.0,6.0,0.0,1.0,0.0,0.0,1.0,5.0,1.0,1.0,1.0,0.0,1.0,0.0,1.0,0.0,super built up,mid,new,eldeco accolade,sohna,1.14
135.36,2.0,2.0,3.0,1.0,sector 33,7.0,1.0,0.0,0.0,0.0,0.0,0.0,0.0,1.0,0.0,0.0,0.0,1.0,0.0,0.0,0.0,0.0,0.0,0.0,0.0,6.0,10.0,4.0,6.0,0.0,1.0,0.0,0.0,1.0,5.0,1.0,1.0,1.0,0.0,1.0,0.0,1.0,0.0,super built up,high,new,eldeco accolade,sohna,0.96
249.91,3.0,4.0,3.0,1.0,sector 113,8.0,1.0,0.0,0.0,1.0,0.0,0.0,0.0,1.0,0.0,0.0,0.0,1.0,0.0,0.0,0.0,0.0,0.0,0.0,0.0,6.0,10.0,4.0,6.0,0.0,1.0,0.0,0.0,1.0,5.0,1.0,1.0,1.0,0.0,1.0,0.0,1.0,0.0,super built up,low,new,la vida by tata housing,gurgaon,3.05
205.97,3.0,4.0,3.0,1.0,sector 113,8.0,1.0,0.0,0.0,1.0,0.0,0.0,0.0,1.0,0.0,0.0,0.0,1.0,0.0,0.0,0.0,0.0,0.0,0.0,0.0,6.0,10.0,4.0,6.0,0.0,1.0,0.0,0.0,1.0,5.0,1.0,1.0,1.0,0.0,1.0,0.0,1.0,0.0,super built up,low,new,la vida by tata housing,gurgaon,2.35
144.0,2.0,2.0,3.0,1.0,sector 99,15.0,1.0,0.0,0.0,1.0,1.0,1.0,1.0,1.0,1.0,0.0,0.0,0.0,0.0,1.0,0.0,0.0,0.0,0.0,0.0,6.0,10.0,4.0,6.0,0.0,1.0,0.0,0.0,1.0,5.0,1.0,1.0,1.0,0.0,1.0,0.0,1.0,0.0,super built up,low,new,pareena coban residences,gurgaon,1.05
144.0,2.0,2.0,3.0,1.0,sector 99,15.0,1.0,0.0,0.0,1.0,1.0,1.0,1.0,1.0,1.0,0.0,0.0,0.0,0.0,1.0,0.0,0.0,0.0,0.0,0.0,6.0,10.0,4.0,6.0,0.0,1.0,0.0,0.0,1.0,5.0,1.0,1.0,1.0,0.0,1.0,0.0,1.0,0.0,super built up,low,new,pareena coban residences,gurgaon,1.02
185.53,3.0,5.0,3.0,1.0,sector 99,15.0,1.0,0.0,0.0,1.0,1.0,1.0,1.0,1.0,1.0,0.0,0.0,0.0,0.0,1.0,0.0,0.0,0.0,0.0,0.0,6.0,10.0,4.0,6.0,0.0,1.0,0.0,0.0,1.0,5.0,1.0,1.0,1.0,0.0,1.0,0.0,1.0,0.0,super built up,low,new,pareena coban residences,gurgaon,1.08
146.79,2.0,2.0,2.0,1.0,sector 113,12.0,1.0,0.0,0.0,1.0,0.0,1.0,0.0,1.0,1.0,0.0,1.0,1.0,0.0,0.0,0.0,0.0,0.0,0.0,0.0,6.0,10.0,4.0,6.0,0.0,1.0,0.0,0.0,1.0,5.0,1.0,1.0,1.0,0.0,1.0,0.0,1.0,0.0,super built up,high,new,tata gurgaon gateway,gurgaon,1.75
206.71,3.0,3.0,3.0,0.0,sector 113,12.0,1.0,0.0,0.0,1.0,0.0,1.0,0.0,1.0,1.0,0.0,1.0,1.0,0.0,0.0,0.0,0.0,0.0,0.0,0.0,6.0,10.0,4.0,6.0,0.0,1.0,0.0,0.0,1.0,5.0,1.0,1.0,1.0,0.0,1.0,0.0,1.0,0.0,super built up,high,new,tata gurgaon gateway,gurgaon,2.45
609.91,5.0,6.0,3.0,0.0,sector 113,12.0,1.0,0.0,0.0,1.0,0.0,1.0,0.0,1.0,1.0,0.0,1.0,1.0,0.0,0.0,0.0,0.0,0.0,0.0,0.0,6.0,10.0,4.0,6.0,0.0,1.0,0.0,0.0,1.0,5.0,1.0,1.0,1.0,0.0,1.0,0.0,1.0,0.0,carpet,high,old,tata gurgaon gateway,gurgaon,6.0
162.12,3.0,3.0,3.0,0.0,sector 109,15.0,0.0,0.0,0.0,0.0,1.0,0.0,1.0,1.0,1.0,0.0,0.0,0.0,1.0,0.0,1.0,0.0,1.0,1.0,0.0,6.0,10.0,4.0,6.0,0.0,1.0,0.0,0.0,1.0,5.0,1.0,1.0,1.0,0.0,1.0,0.0,1.0,0.0,super built up,high,new,ats kocoon,gurgaon,1.68
112.88,2.0,2.0,2.0,0.0,sector 102,13.0,1.0,0.0,0.0,1.0,1.0,0.0,0.0,1.0,1.0,0.0,0.0,1.0,0.0,1.0,0.0,0.0,1.0,0.0,0.0,6.0,10.0,4.0,6.0,0.0,1.0,0.0,0.0,1.0,5.0,1.0,1.0,1.0,0.0,1.0,0.0,1.0,0.0,super built up,high,new,shapoorji pallonji joyville gurugram,gurgaon,1.26
180.42,3.0,4.0,3.0,1.0,sector 102,15.0,0.0,0.0,0.0,1.0,0.0,1.0,0.0,1.0,1.0,1.0,1.0,1.0,0.0,1.0,0.0,0.0,0.0,1.0,0.0,6.0,10.0,4.0,6.0,0.0,1.0,0.0,0.0,1.0,5.0,1.0,1.0,1.0,0.0,1.0,0.0,1.0,0.0,super built up,high,new,conscient heritage max,gurgaon,1.82
204.39,3.0,4.0,2.0,1.0,sector 111,10.0,1.0,0.0,0.0,1.0,0.0,0.0,0.0,1.0,1.0,0.0,1.0,1.0,0.0,0.0,0.0,0.0,0.0,0.0,0.0,6.0,10.0,4.0,6.0,0.0,1.0,0.0,0.0,1.0,5.0,1.0,1.0,1.0,0.0,1.0,0.0,1.0,0.0,super built up,high,new,puri diplomatic greens,gurgaon,2.58
146.14,2.0,2.0,3.0,1.0,sector 113,8.0,1.0,0.0,0.0,1.0,0.0,0.0,0.0,1.0,0.0,0.0,0.0,1.0,0.0,0.0,0.0,0.0,0.0,0.0,0.0,6.0,10.0,4.0,6.0,0.0,1.0,0.0,0.0,1.0,5.0,1.0,1.0,1.0,0.0,1.0,0.0,1.0,0.0,super built up,high,new,la vida by tata housing,gurgaon,1.75
158.96,3.0,3.0,2.0,0.0,sector 108,13.0,1.0,0.0,0.0,0.0,0.0,1.0,0.0,1.0,1.0,0.0,0.0,1.0,0.0,0.0,0.0,0.0,0.0,1.0,0.0,6.0,10.0,4.0,6.0,0.0,1.0,0.0,0.0,1.0,5.0,1.0,1.0,1.0,0.0,1.0,0.0,1.0,0.0,super built up,high,new,sobha city,gurgaon,2.6
186.08,3.0,4.0,2.0,0.0,sector 108,13.0,1.0,0.0,0.0,0.0,0.0,1.0,0.0,1.0,1.0,0.0,0.0,1.0,0.0,0.0,0.0,0.0,0.0,1.0,0.0,6.0,10.0,4.0,6.0,0.0,1.0,0.0,0.0,1.0,5.0,1.0,1.0,1.0,0.0,1.0,0.0,1.0,0.0,super built up,high,new,sobha city,gurgaon,2.9
219.34,3.0,4.0,3.0,1.0,sector 107,6.0,0.0,0.0,0.0,0.0,0.0,0.0,0.0,1.0,1.0,0.0,0.0,0.0,0.0,0.0,0.0,0.0,0.0,0.0,0.0,6.0,10.0,4.0,6.0,0.0,1.0,0.0,0.0,1.0,5.0,1.0,1.0,1.0,0.0,1.0,0.0,1.0,0.0,super built up,mid,new,m3m woodshire,gurgaon,1.4
292.64,4.0,5.0,3.0,1.0,sector 109,11.0,1.0,0.0,0.0,1.0,0.0,0.0,0.0,1.0,1.0,0.0,1.0,1.0,0.0,0.0,0.0,0.0,0.0,1.0,0.0,6.0,10.0,4.0,6.0,0.0,1.0,0.0,0.0,1.0,5.0,1.0,1.0,1.0,0.0,1.0,0.0,1.0,0.0,super built up,high,new,ats tourmaline,gurgaon,2.95
240.15,3.0,4.0,3.0,1.0,sector 109,11.0,1.0,0.0,0.0,1.0,0.0,0.0,0.0,1.0,1.0,0.0,1.0,1.0,0.0,0.0,0.0,0.0,0.0,1.0,0.0,6.0,10.0,4.0,6.0,0.0,1.0,0.0,0.0,1.0,5.0,1.0,1.0,1.0,0.0,1.0,0.0,1.0,0.0,super built up,high,new,ats tourmaline,gurgaon,2.25
162.58,3.0,3.0,3.0,0.0,sector 109,11.0,1.0,0.0,0.0,1.0,0.0,0.0,0.0,1.0,1.0,0.0,1.0,1.0,0.0,0.0,0.0,0.0,0.0,1.0,0.0,6.0,10.0,4.0,6.0,0.0,1.0,0.0,0.0,1.0,5.0,1.0,1.0,1.0,0.0,1.0,0.0,1.0,0.0,super built up,high,new,ats tourmaline,gurgaon,1.4
174.66,3.0,2.0,3.0,0.0,sector 109,11.0,1.0,0.0,0.0,0.0,0.0,0.0,0.0,0.0,0.0,1.0,0.0,0.0,0.0,0.0,0.0,0.0,0.0,0.0,0.0,6.0,10.0,4.0,6.0,0.0,1.0,0.0,0.0,1.0,5.0,1.0,1.0,1.0,0.0,1.0,0.0,1.0,0.0,super built up,high,new,sbtl caladium,gurgaon,1.26
183.02,4.0,4.0,1.0,0.0,sector 69,10.0,1.0,0.0,0.0,1.0,0.0,1.0,0.0,1.0,1.0,0.0,0.0,0.0,0.0,1.0,0.0,0.0,0.0,0.0,0.0,6.0,10.0,4.0,6.0,0.0,1.0,0.0,0.0,1.0,5.0,1.0,1.0,1.0,0.0,1.0,0.0,1.0,0.0,super built up,high,new,tulip violet,gurgaon,1.7
146.6,3.0,3.0,2.0,1.0,sector 69,10.0,1.0,0.0,0.0,1.0,0.0,1.0,0.0,1.0,1.0,0.0,0.0,0.0,0.0,1.0,0.0,0.0,0.0,0.0,0.0,6.0,10.0,4.0,6.0,0.0,1.0,0.0,0.0,1.0,5.0,1.0,1.0,1.0,0.0,1.0,0.0,1.0,0.0,super built up,low,new,tulip violet,gurgaon,1.43
145.67,3.0,3.0,1.0,1.0,sector 69,10.0,1.0,0.0,0.0,1.0,0.0,1.0,0.0,1.0,1.0,0.0,0.0,0.0,0.0,1.0,0.0,0.0,0.0,0.0,0.0,6.0,10.0,4.0,6.0,0.0,1.0,0.0,0.0,1.0,5.0,1.0,1.0,1.0,0.0,1.0,0.0,1.0,0.0,super built up,high,new,tulip violet,gurgaon,1.3
145.67,3.0,3.0,1.0,1.0,sector 69,10.0,1.0,0.0,0.0,1.0,0.0,1.0,0.0,1.0,1.0,0.0,0.0,0.0,0.0,1.0,0.0,0.0,0.0,0.0,0.0,6.0,10.0,4.0,6.0,0.0,1.0,0.0,0.0,1.0,5.0,1.0,1.0,1.0,0.0,1.0,0.0,1.0,0.0,super built up,high,new,tulip violet,gurgaon,1.32
186.74,4.0,4.0,2.0,0.0,sector 69,10.0,1.0,0.0,0.0,1.0,0.0,1.0,0.0,1.0,1.0,0.0,0.0,0.0,0.0,1.0,0.0,0.0,0.0,0.0,0.0,6.0,10.0,4.0,6.0,0.0,1.0,0.0,0.0,1.0,5.0,1.0,1.0,1.0,0.0,1.0,0.0,1.0,0.0,super built up,high,new,tulip violet,gurgaon,2.0
149.39,3.0,3.0,2.0,1.0,sector 69,10.0,1.0,0.0,0.0,1.0,0.0,1.0,0.0,1.0,1.0,0.0,0.0,0.0,0.0,1.0,0.0,0.0,0.0,0.0,0.0,6.0,10.0,4.0,6.0,0.0,1.0,0.0,0.0,1.0,5.0,1.0,1.0,1.0,0.0,1.0,0.0,1.0,0.0,super built up,low,new,tulip violet,gurgaon,1.43
266.82,4.0,4.0,3.0,1.0,sector 81,9.0,1.0,0.0,0.0,0.0,0.0,0.0,0.0,1.0,1.0,0.0,1.0,0.0,0.0,0.0,0.0,0.0,0.0,0.0,0.0,6.0,10.0,4.0,6.0,0.0,1.0,0.0,0.0,1.0,5.0,1.0,1.0,1.0,0.0,1.0,0.0,1.0,0.0,super built up,high,new,dlf the ultima,gurgaon,3.46
198.07,3.0,3.0,3.0,1.0,sector 81,9.0,1.0,0.0,0.0,0.0,0.0,0.0,0.0,1.0,1.0,0.0,1.0,0.0,0.0,0.0,0.0,0.0,0.0,0.0,0.0,6.0,10.0,4.0,6.0,0.0,1.0,0.0,0.0,1.0,5.0,1.0,1.0,1.0,0.0,1.0,0.0,1.0,0.0,super built up,mid,new,dlf the ultima,gurgaon,2.25
162.12,3.0,3.0,3.0,0.0,sector 109,15.0,0.0,0.0,0.0,0.0,1.0,0.0,1.0,1.0,1.0,0.0,0.0,0.0,1.0,0.0,1.0,0.0,1.0,1.0,0.0,6.0,10.0,4.0,6.0,0.0,1.0,0.0,0.0,1.0,5.0,1.0,1.0,1.0,0.0,1.0,0.0,1.0,0.0,super built up,high,old,ats kocoon,gurgaon,1.7
236.44,3.0,3.0,3.0,0.0,sector 109,11.0,1.0,0.0,0.0,0.0,0.0,0.0,0.0,0.0,0.0,1.0,0.0,0.0,0.0,0.0,0.0,0.0,0.0,0.0,0.0,6.0,10.0,4.0,6.0,0.0,1.0,0.0,0.0,1.0,5.0,1.0,1.0,1.0,0.0,1.0,0.0,1.0,0.0,super built up,high,new,sbtl caladium,gurgaon,1.8
174.66,3.0,2.0,3.0,0.0,sector 109,11.0,1.0,0.0,0.0,0.0,0.0,0.0,0.0,0.0,0.0,1.0,0.0,0.0,0.0,0.0,0.0,0.0,0.0,0.0,0.0,6.0,10.0,4.0,6.0,0.0,1.0,0.0,0.0,1.0,5.0,1.0,1.0,1.0,0.0,1.0,0.0,1.0,0.0,super built up,high,new,sbtl caladium,gurgaon,1.35
276.76,3.0,4.0,3.0,1.0,sector 65,9.0,1.0,0.0,0.0,1.0,0.0,1.0,0.0,1.0,1.0,0.0,1.0,0.0,0.0,1.0,0.0,1.0,0.0,0.0,0.0,6.0,10.0,4.0,6.0,0.0,1.0,0.0,0.0,1.0,5.0,1.0,1.0,1.0,0.0,1.0,0.0,1.0,0.0,super built up,high,old,m3m golfestate,gurgaon,5.4
195.1,3.0,3.0,3.0,1.0,sector 54,43.0,1.0,0.0,0.0,0.0,1.0,0.0,1.0,0.0,0.0,0.0,1.0,0.0,1.0,0.0,1.0,1.0,0.0,0.0,1.0,6.0,10.0,4.0,6.0,0.0,1.0,0.0,0.0,1.0,5.0,1.0,1.0,1.0,0.0,1.0,0.0,1.0,0.0,super built up,low,old,shree arihant apartment,gurgaon,1.55
156.26,2.0,2.0,2.0,0.0,sector 74,7.0,1.0,0.0,0.0,1.0,0.0,1.0,0.0,1.0,1.0,0.0,0.0,1.0,0.0,0.0,0.0,0.0,0.0,0.0,0.0,6.0,10.0,4.0,6.0,0.0,1.0,0.0,0.0,1.0,5.0,1.0,1.0,1.0,0.0,1.0,0.0,1.0,0.0,super built up,high,new,m3m skywalk,gurgaon,1.6
222.97,4.0,4.0,3.0,1.0,sector 56,46.0,1.0,0.0,0.0,0.0,1.0,1.0,1.0,0.0,0.0,0.0,1.0,0.0,1.0,0.0,1.0,1.0,0.0,0.0,1.0,6.0,10.0,4.0,6.0,0.0,1.0,0.0,0.0,1.0,5.0,1.0,1.0,1.0,0.0,1.0,0.0,1.0,0.0,super built up,mid,new,the lions cghs,gurgaon,2.09
204.39,3.0,3.0,3.0,1.0,sector 54,43.0,1.0,0.0,0.0,0.0,1.0,1.0,1.0,1.0,0.0,0.0,1.0,0.0,1.0,0.0,1.0,1.0,0.0,0.0,1.0,6.0,10.0,4.0,6.0,0.0,1.0,0.0,0.0,1.0,5.0,1.0,1.0,1.0,0.0,1.0,0.0,1.0,0.0,super built up,mid,old,sunischit apartments,gurgaon,1.75
159.79,3.0,3.0,3.0,1.0,sector 83,10.0,0.0,0.0,0.0,1.0,0.0,0.0,0.0,0.0,0.0,0.0,0.0,0.0,0.0,0.0,0.0,0.0,0.0,0.0,0.0,6.0,10.0,4.0,6.0,0.0,1.0,0.0,0.0,1.0,5.0,1.0,1.0,1.0,0.0,1.0,0.0,1.0,0.0,super built up,mid,new,emaar palm gardens,gurgaon,1.38
153.29,3.0,3.0,3.0,1.0,sector 65,6.0,1.0,0.0,0.0,0.0,0.0,0.0,0.0,0.0,1.0,0.0,0.0,0.0,0.0,1.0,0.0,0.0,0.0,0.0,0.0,6.0,10.0,4.0,6.0,0.0,1.0,0.0,0.0,1.0,5.0,1.0,1.0,1.0,0.0,1.0,0.0,1.0,0.0,super built up,low,new,emaar mgf emerald floors premier,gurgaon,2.25
195.38,3.0,4.0,3.0,1.0,sector 81,9.0,1.0,0.0,0.0,0.0,0.0,0.0,0.0,1.0,1.0,0.0,1.0,0.0,0.0,0.0,0.0,0.0,0.0,0.0,0.0,6.0,10.0,4.0,6.0,0.0,1.0,0.0,0.0,1.0,5.0,1.0,1.0,1.0,0.0,1.0,0.0,1.0,0.0,super built up,high,new,dlf the ultima,gurgaon,2.4
176.52,3.0,3.0,3.0,1.0,sector 83,10.0,0.0,0.0,0.0,1.0,0.0,0.0,0.0,0.0,0.0,0.0,0.0,0.0,0.0,0.0,0.0,0.0,0.0,0.0,0.0,6.0,10.0,4.0,6.0,0.0,1.0,0.0,0.0,1.0,5.0,1.0,1.0,1.0,0.0,1.0,0.0,1.0,0.0,super built up,mid,new,emaar palm gardens,gurgaon,1.72
172.24,3.0,4.0,3.0,1.0,sector 78,7.0,1.0,0.0,0.0,0.0,0.0,0.0,1.0,0.0,0.0,0.0,1.0,0.0,0.0,0.0,0.0,0.0,0.0,0.0,0.0,6.0,10.0,4.0,6.0,0.0,1.0,0.0,0.0,1.0,5.0,1.0,1.0,1.0,0.0,1.0,0.0,1.0,0.0,super built up,high,old,umang monsoon breeze,gurgaon,0.88
348.39,5.0,7.0,3.0,1.0,sector 83,10.0,0.0,0.0,0.0,1.0,0.0,0.0,0.0,0.0,0.0,0.0,0.0,0.0,0.0,0.0,0.0,0.0,0.0,0.0,0.0,6.0,10.0,4.0,6.0,0.0,1.0,0.0,0.0,1.0,5.0,1.0,1.0,1.0,0.0,1.0,0.0,1.0,0.0,super built up,high,new,emaar palm gardens,gurgaon,3.15
168.25,3.0,3.0,3.0,1.0,sector 37,11.0,1.0,0.0,0.0,1.0,0.0,1.0,0.0,1.0,1.0,0.0,0.0,1.0,0.0,1.0,0.0,0.0,0.0,0.0,0.0,6.0,10.0,4.0,6.0,0.0,1.0,0.0,0.0,1.0,5.0,1.0,1.0,1.0,0.0,1.0,0.0,1.0,0.0,super built up,high,new,bptp terra,gurgaon,1.72
131.46,2.0,2.0,3.0,0.0,sector 74,7.0,1.0,0.0,0.0,1.0,0.0,1.0,0.0,1.0,1.0,0.0,0.0,1.0,0.0,0.0,0.0,0.0,0.0,0.0,0.0,6.0,10.0,4.0,6.0,0.0,1.0,0.0,0.0,1.0,5.0,1.0,1.0,1.0,0.0,1.0,0.0,1.0,0.0,super built up,high,new,m3m skywalk,gurgaon,1.47
167.41,3.0,4.0,3.0,1.0,sector 71,15.0,1.0,1.0,0.0,0.0,0.0,1.0,1.0,0.0,1.0,0.0,0.0,0.0,0.0,1.0,0.0,1.0,0.0,0.0,0.0,6.0,10.0,4.0,6.0,0.0,1.0,0.0,0.0,1.0,5.0,1.0,1.0,1.0,0.0,1.0,0.0,1.0,0.0,super built up,low,old,chd avenue 71,gurgaon,1.1
203.74,4.0,4.0,3.0,1.0,sector 71,15.0,1.0,1.0,0.0,0.0,0.0,1.0,1.0,0.0,1.0,0.0,0.0,0.0,0.0,1.0,0.0,1.0,0.0,0.0,0.0,6.0,10.0,4.0,6.0,0.0,1.0,0.0,0.0,1.0,5.0,1.0,1.0,1.0,0.0,1.0,0.0,1.0,0.0,super built up,high,old,chd avenue 71,gurgaon,1.32
218.32,4.0,4.0,3.0,1.0,sector 71,15.0,1.0,1.0,0.0,0.0,0.0,1.0,1.0,0.0,1.0,0.0,0.0,0.0,0.0,1.0,0.0,1.0,0.0,0.0,0.0,6.0,10.0,4.0,6.0,0.0,1.0,0.0,0.0,1.0,5.0,1.0,1.0,1.0,0.0,1.0,0.0,1.0,0.0,super built up,mid,old,chd avenue 71,gurgaon,1.3
218.32,4.0,4.0,3.0,1.0,sector 71,15.0,1.0,1.0,0.0,0.0,0.0,1.0,1.0,0.0,1.0,0.0,0.0,0.0,0.0,1.0,0.0,1.0,0.0,0.0,0.0,6.0,10.0,4.0,6.0,0.0,1.0,0.0,0.0,1.0,5.0,1.0,1.0,1.0,0.0,1.0,0.0,1.0,0.0,super built up,high,old,chd avenue 71,gurgaon,1.35
256.78,4.0,4.0,3.0,1.0,sector 66,15.0,1.0,0.0,0.0,0.0,1.0,0.0,1.0,1.0,0.0,0.0,0.0,0.0,0.0,0.0,0.0,0.0,0.0,0.0,0.0,6.0,10.0,4.0,6.0,0.0,1.0,0.0,0.0,1.0,5.0,1.0,1.0,1.0,0.0,1.0,0.0,1.0,0.0,super built up,low,new,bptp mansions park prime,gurgaon,3.0
179.21,3.0,3.0,3.0,1.0,sector 86,10.0,0.0,0.0,0.0,1.0,0.0,0.0,0.0,1.0,1.0,0.0,0.0,0.0,0.0,1.0,0.0,0.0,0.0,0.0,0.0,6.0,10.0,4.0,6.0,0.0,1.0,0.0,0.0,1.0,5.0,1.0,1.0,1.0,0.0,1.0,0.0,1.0,0.0,super built up,high,new,dlf the skycourt,gurgaon,1.6
221.39,4.0,4.0,3.0,1.0,sector 49,15.0,1.0,0.0,0.0,1.0,0.0,1.0,0.0,1.0,1.0,0.0,1.0,1.0,0.0,1.0,0.0,0.0,1.0,0.0,0.0,6.0,10.0,4.0,6.0,0.0,1.0,0.0,0.0,1.0,5.0,1.0,1.0,1.0,0.0,1.0,0.0,1.0,0.0,super built up,mid,old,bestech park view city 2,gurgaon,3.0
240.43,3.0,3.0,3.0,1.0,sector 1,10.0,1.0,0.0,0.0,0.0,0.0,0.0,0.0,0.0,0.0,0.0,0.0,0.0,1.0,0.0,0.0,0.0,0.0,0.0,1.0,6.0,10.0,4.0,6.0,0.0,1.0,0.0,0.0,1.0,5.0,1.0,1.0,1.0,0.0,1.0,0.0,1.0,0.0,super built up,high,old,hsiidc sidco aravali,manesar,0.9
204.39,3.0,4.0,3.0,1.0,sector 54,47.0,1.0,0.0,0.0,0.0,1.0,1.0,1.0,0.0,0.0,0.0,1.0,0.0,1.0,0.0,1.0,1.0,0.0,0.0,1.0,6.0,10.0,4.0,6.0,0.0,1.0,0.0,0.0,1.0,5.0,1.0,1.0,1.0,0.0,1.0,0.0,1.0,0.0,super built up,mid,old,sunischit apartments,gurgaon,1.75
172.06,3.0,3.0,3.0,0.0,sector 102,13.0,1.0,0.0,0.0,1.0,1.0,0.0,0.0,1.0,1.0,0.0,0.0,1.0,0.0,1.0,0.0,0.0,1.0,0.0,0.0,6.0,10.0,4.0,6.0,0.0,1.0,0.0,0.0,1.0,5.0,1.0,1.0,1.0,0.0,1.0,0.0,1.0,0.0,super built up,high,new,shapoorji pallonji joyville gurugram,gurgaon,2.0
157.19,3.0,3.0,3.0,0.0,sector 102,13.0,1.0,0.0,0.0,1.0,1.0,0.0,0.0,1.0,1.0,0.0,0.0,1.0,0.0,1.0,0.0,0.0,1.0,0.0,0.0,6.0,10.0,4.0,6.0,0.0,1.0,0.0,0.0,1.0,5.0,1.0,1.0,1.0,0.0,1.0,0.0,1.0,0.0,super built up,mid,new,shapoorji pallonji joyville gurugram,gurgaon,1.8
162.12,3.0,3.0,3.0,0.0,sector 109,15.0,0.0,0.0,0.0,0.0,1.0,0.0,1.0,1.0,1.0,0.0,0.0,0.0,1.0,0.0,1.0,0.0,1.0,1.0,0.0,6.0,10.0,4.0,6.0,0.0,1.0,0.0,0.0,1.0,5.0,1.0,1.0,1.0,0.0,1.0,0.0,1.0,0.0,super built up,high,new,ats kocoon,gurgaon,1.6
150.04,3.0,3.0,3.0,0.0,sector 110,6.0,1.0,0.0,0.0,1.0,0.0,1.0,0.0,1.0,1.0,0.0,0.0,1.0,0.0,0.0,0.0,0.0,0.0,0.0,0.0,6.0,10.0,4.0,6.0,0.0,1.0,0.0,0.0,1.0,5.0,1.0,1.0,1.0,0.0,1.0,0.0,1.0,0.0,super built up,high,new,mahindra aura,gurgaon,1.4
189.71,3.0,3.0,3.0,1.0,sector 110,6.0,1.0,0.0,0.0,1.0,0.0,1.0,0.0,1.0,1.0,0.0,0.0,1.0,0.0,0.0,0.0,0.0,0.0,0.0,0.0,6.0,10.0,4.0,6.0,0.0,1.0,0.0,0.0,1.0,5.0,1.0,1.0,1.0,0.0,1.0,0.0,1.0,0.0,super built up,mid,new,mahindra aura,gurgaon,1.8
218.32,4.0,4.0,3.0,1.0,sector 67,11.0,0.0,0.0,0.0,1.0,0.0,0.0,0.0,1.0,0.0,0.0,0.0,0.0,0.0,0.0,0.0,0.0,0.0,0.0,0.0,6.0,10.0,4.0,6.0,0.0,1.0,0.0,0.0,1.0,5.0,1.0,1.0,1.0,0.0,1.0,0.0,1.0,0.0,super built up,high,old,bestech park view spa next,gurgaon,2.7
179.3,3.0,3.0,3.0,0.0,sector 86,10.0,0.0,0.0,0.0,1.0,0.0,0.0,0.0,1.0,1.0,0.0,0.0,0.0,0.0,1.0,0.0,0.0,0.0,0.0,0.0,6.0,10.0,4.0,6.0,0.0,1.0,0.0,0.0,1.0,5.0,1.0,1.0,1.0,0.0,1.0,0.0,1.0,0.0,super built up,mid,new,dlf the skycourt,gurgaon,1.55
166.3,3.0,4.0,2.0,1.0,sector 82,10.0,0.0,0.0,0.0,1.0,0.0,0.0,0.0,1.0,0.0,0.0,0.0,0.0,0.0,0.0,0.0,0.0,0.0,0.0,0.0,6.0,10.0,4.0,6.0,0.0,1.0,0.0,0.0,1.0,5.0,1.0,1.0,1.0,0.0,1.0,0.0,1.0,0.0,super built up,high,new,mapsko royale ville,gurgaon,1.15
153.29,3.0,3.0,3.0,0.0,sector 102,10.0,1.0,0.0,0.0,1.0,0.0,1.0,0.0,1.0,1.0,0.0,0.0,1.0,0.0,0.0,0.0,0.0,0.0,0.0,0.0,6.0,10.0,4.0,6.0,0.0,1.0,0.0,0.0,1.0,5.0,1.0,1.0,1.0,0.0,1.0,0.0,1.0,0.0,super built up,high,new,emaar gurgaon greens,gurgaon,1.49
185.81,3.0,4.0,2.0,1.0,sector 102,10.0,1.0,0.0,0.0,1.0,0.0,0.0,0.0,1.0,1.0,1.0,0.0,1.0,0.0,1.0,0.0,0.0,0.0,1.0,0.0,6.0,10.0,4.0,6.0,0.0,1.0,0.0,0.0,1.0,5.0,1.0,1.0,1.0,0.0,1.0,0.0,1.0,0.0,super built up,high,new,emaar imperial gardens,gurgaon,1.91
161.65,3.0,3.0,3.0,1.0,sector 83,15.0,1.0,0.0,0.0,0.0,0.0,0.0,0.0,1.0,0.0,0.0,0.0,0.0,1.0,0.0,0.0,0.0,0.0,0.0,0.0,6.0,10.0,4.0,6.0,0.0,1.0,0.0,0.0,1.0,5.0,1.0,1.0,1.0,0.0,1.0,0.0,1.0,0.0,super built up,high,old,vatika city homes,gurgaon,1.05
267.1,4.0,6.0,3.0,1.0,sector 103,15.0,1.0,0.0,0.0,1.0,1.0,1.0,0.0,1.0,1.0,1.0,1.0,1.0,0.0,1.0,0.0,0.0,0.0,0.0,0.0,6.0,10.0,4.0,6.0,0.0,1.0,0.0,0.0,1.0,5.0,1.0,1.0,1.0,0.0,1.0,0.0,1.0,0.0,super built up,mid,new,indiabulls centrum park,gurgaon,2.14
131.46,2.0,2.0,3.0,0.0,sector 2,10.0,1.0,0.0,0.0,1.0,1.0,0.0,0.0,1.0,1.0,1.0,1.0,0.0,0.0,0.0,0.0,0.0,0.0,0.0,0.0,6.0,10.0,4.0,6.0,0.0,1.0,0.0,0.0,1.0,5.0,1.0,1.0,1.0,0.0,1.0,0.0,1.0,0.0,super built up,high,old,bestech park view residency,gurgaon,1.02
60.39,1.0,1.0,2.0,0.0,sector 2,10.0,1.0,0.0,0.0,1.0,1.0,0.0,0.0,1.0,1.0,1.0,1.0,0.0,0.0,0.0,0.0,0.0,0.0,0.0,0.0,6.0,10.0,4.0,6.0,0.0,1.0,0.0,0.0,1.0,5.0,1.0,1.0,1.0,0.0,1.0,0.0,1.0,0.0,carpet,mid,old,bestech park view residency,gurgaon,0.56
144.0,2.0,3.0,2.0,1.0,sector 60,7.0,1.0,0.0,0.0,0.0,0.0,1.0,0.0,1.0,1.0,0.0,1.0,0.0,0.0,0.0,0.0,0.0,0.0,0.0,0.0,6.0,10.0,4.0,6.0,0.0,1.0,0.0,0.0,1.0,5.0,1.0,1.0,1.0,0.0,1.0,0.0,1.0,0.0,super built up,mid,new,ireo skyon,gurgaon,2.5
157.94,3.0,3.0,3.0,0.0,sector 61,14.0,1.0,0.0,0.0,0.0,0.0,1.0,0.0,1.0,1.0,0.0,1.0,0.0,0.0,1.0,0.0,0.0,1.0,0.0,0.0,6.0,10.0,4.0,6.0,0.0,1.0,0.0,0.0,1.0,5.0,1.0,1.0,1.0,0.0,1.0,0.0,1.0,0.0,super built up,high,old,pioneer park,gurgaon,2.0
159.51,3.0,4.0,3.0,1.0,sector 63,6.0,0.0,0.0,0.0,0.0,0.0,0.0,0.0,0.0,1.0,0.0,1.0,0.0,0.0,0.0,0.0,1.0,0.0,0.0,0.0,6.0,10.0,4.0,6.0,0.0,1.0,0.0,0.0,1.0,5.0,1.0,1.0,1.0,0.0,1.0,0.0,1.0,0.0,super built up,high,old,dhoot time residency,gurgaon,2.2
186.08,3.0,4.0,3.0,1.0,sector 108,9.0,1.0,0.0,0.0,1.0,0.0,1.0,0.0,1.0,1.0,0.0,0.0,1.0,0.0,0.0,0.0,0.0,0.0,0.0,0.0,6.0,10.0,4.0,6.0,0.0,1.0,0.0,0.0,1.0,5.0,1.0,1.0,1.0,0.0,1.0,0.0,1.0,0.0,super built up,low,old,experion the heartsong,gurgaon,1.65
145.39,2.0,2.0,2.0,0.0,sector 70,11.0,1.0,0.0,0.0,1.0,0.0,1.0,0.0,1.0,1.0,0.0,0.0,0.0,0.0,0.0,0.0,0.0,0.0,0.0,0.0,6.0,10.0,4.0,6.0,0.0,1.0,0.0,0.0,1.0,5.0,1.0,1.0,1.0,0.0,1.0,0.0,1.0,0.0,super built up,high,old,aipl the peaceful homes,gurgaon,1.6
120.77,2.0,2.0,2.0,0.0,sector 82,10.0,1.0,0.0,0.0,1.0,0.0,1.0,0.0,1.0,1.0,0.0,0.0,0.0,0.0,0.0,0.0,0.0,0.0,1.0,0.0,6.0,10.0,4.0,6.0,0.0,1.0,0.0,0.0,1.0,5.0,1.0,1.0,1.0,0.0,1.0,0.0,1.0,0.0,super built up,high,new,vatika the seven lamps,gurgaon,0.85
153.29,3.0,3.0,3.0,1.0,sector 102,10.0,1.0,0.0,0.0,1.0,0.0,1.0,0.0,1.0,1.0,0.0,0.0,1.0,0.0,0.0,0.0,0.0,0.0,0.0,0.0,6.0,10.0,4.0,6.0,0.0,1.0,0.0,0.0,1.0,5.0,1.0,1.0,1.0,0.0,1.0,0.0,1.0,0.0,super built up,low,new,emaar gurgaon greens,gurgaon,1.4
132.85,3.0,3.0,2.0,0.0,sector 54,14.0,1.0,0.0,0.0,1.0,0.0,0.0,1.0,1.0,1.0,0.0,0.0,0.0,0.0,0.0,0.0,0.0,0.0,0.0,0.0,6.0,10.0,4.0,6.0,0.0,1.0,0.0,0.0,1.0,5.0,1.0,1.0,1.0,0.0,1.0,0.0,1.0,0.0,super built up,high,old,dlf wellington estate,gurgaon,2.09
191.47,3.0,3.0,3.0,1.0,sector 49,13.0,1.0,0.0,0.0,1.0,0.0,0.0,1.0,1.0,0.0,0.0,0.0,0.0,0.0,1.0,1.0,0.0,0.0,0.0,0.0,6.0,10.0,4.0,6.0,0.0,1.0,0.0,0.0,1.0,5.0,1.0,1.0,1.0,0.0,1.0,0.0,1.0,0.0,super built up,mid,old,orchid petals,gurgaon,2.51
204.39,3.0,3.0,3.0,1.0,sector 54,47.0,1.0,0.0,0.0,0.0,1.0,1.0,1.0,0.0,0.0,0.0,1.0,0.0,1.0,0.0,1.0,1.0,0.0,0.0,1.0,6.0,10.0,4.0,6.0,0.0,1.0,0.0,0.0,1.0,5.0,1.0,1.0,1.0,0.0,1.0,0.0,1.0,0.0,super built up,mid,old,sunischit apartments,gurgaon,1.69
131.46,2.0,2.0,3.0,0.0,sector 2,10.0,1.0,0.0,0.0,1.0,1.0,0.0,0.0,1.0,1.0,1.0,1.0,0.0,0.0,0.0,0.0,0.0,0.0,0.0,0.0,6.0,10.0,4.0,6.0,0.0,1.0,0.0,0.0,1.0,5.0,1.0,1.0,1.0,0.0,1.0,0.0,1.0,0.0,super built up,high,old,bestech park view residency,gurgaon,0.98
258.18,4.0,4.0,3.0,1.0,sector 108,9.0,1.0,0.0,0.0,1.0,0.0,1.0,0.0,1.0,1.0,0.0,0.0,1.0,0.0,0.0,0.0,0.0,0.0,0.0,0.0,6.0,10.0,4.0,6.0,0.0,1.0,0.0,0.0,1.0,5.0,1.0,1.0,1.0,0.0,1.0,0.0,1.0,0.0,super built up,high,new,experion the heartsong,gurgaon,2.0
167.69,3.0,3.0,3.0,0.0,sector 49,13.0,1.0,0.0,0.0,1.0,0.0,0.0,1.0,1.0,0.0,0.0,0.0,0.0,0.0,1.0,1.0,0.0,0.0,0.0,0.0,6.0,10.0,4.0,6.0,0.0,1.0,0.0,0.0,1.0,5.0,1.0,1.0,1.0,0.0,1.0,0.0,1.0,0.0,super built up,low,old,orchid petals,gurgaon,1.95
126.53,3.0,3.0,1.0,1.0,sector 54,15.0,1.0,1.0,0.0,1.0,0.0,1.0,1.0,0.0,0.0,0.0,0.0,0.0,0.0,0.0,1.0,0.0,1.0,0.0,0.0,6.0,10.0,4.0,6.0,0.0,1.0,0.0,0.0,1.0,5.0,1.0,1.0,1.0,0.0,1.0,0.0,1.0,0.0,super built up,low,old,dlf carlton estate,gurgaon,2.1
185.81,3.0,3.0,3.0,1.0,sector 56,44.0,1.0,0.0,0.0,0.0,1.0,1.0,1.0,1.0,0.0,0.0,1.0,0.0,1.0,0.0,1.0,0.0,0.0,0.0,1.0,6.0,10.0,4.0,6.0,0.0,1.0,0.0,0.0,1.0,5.0,1.0,1.0,1.0,0.0,1.0,0.0,1.0,0.0,super built up,mid,old,kiran residency,gurgaon,1.55
202.71,3.0,4.0,3.0,1.0,sector 49,14.0,1.0,0.0,0.0,0.0,0.0,1.0,1.0,0.0,0.0,0.0,0.0,0.0,0.0,0.0,0.0,0.0,0.0,0.0,0.0,6.0,10.0,4.0,6.0,0.0,1.0,0.0,0.0,1.0,5.0,1.0,1.0,1.0,0.0,1.0,0.0,1.0,0.0,super built up,high,old,vatika city,gurgaon,1.98
222.97,4.0,4.0,3.0,0.0,sector 56,46.0,1.0,0.0,0.0,0.0,1.0,1.0,1.0,0.0,0.0,0.0,1.0,0.0,1.0,0.0,1.0,1.0,0.0,0.0,1.0,6.0,10.0,4.0,6.0,0.0,1.0,0.0,0.0,1.0,5.0,1.0,1.0,1.0,0.0,1.0,0.0,1.0,0.0,carpet,high,old,the lions cghs,gurgaon,2.05
213.68,3.0,3.0,3.0,0.0,sector 52,43.0,1.0,0.0,0.0,0.0,0.0,0.0,1.0,0.0,0.0,0.0,0.0,0.0,1.0,0.0,1.0,0.0,0.0,0.0,1.0,6.0,10.0,4.0,6.0,0.0,1.0,0.0,0.0,1.0,5.0,1.0,1.0,1.0,0.0,1.0,0.0,1.0,0.0,carpet,high,new,pgr shree kripaluji apartment,gurgaon,1.4
162.58,3.0,3.0,3.0,1.0,sector 109,11.0,1.0,0.0,0.0,1.0,0.0,0.0,0.0,1.0,1.0,0.0,1.0,1.0,0.0,0.0,0.0,0.0,0.0,1.0,0.0,6.0,10.0,4.0,6.0,0.0,1.0,0.0,0.0,1.0,5.0,1.0,1.0,1.0,0.0,1.0,0.0,1.0,0.0,super built up,high,new,ats tourmaline,gurgaon,1.4
267.1,4.0,6.0,3.0,1.0,sector 103,15.0,1.0,0.0,0.0,1.0,1.0,1.0,0.0,1.0,1.0,1.0,1.0,1.0,0.0,1.0,0.0,0.0,0.0,0.0,0.0,6.0,10.0,4.0,6.0,0.0,1.0,0.0,0.0,1.0,5.0,1.0,1.0,1.0,0.0,1.0,0.0,1.0,0.0,super built up,high,new,indiabulls centrum park,gurgaon,2.36
162.12,3.0,3.0,3.0,1.0,sector 109,15.0,0.0,0.0,0.0,0.0,1.0,0.0,1.0,1.0,1.0,0.0,0.0,0.0,1.0,0.0,1.0,0.0,1.0,1.0,0.0,6.0,10.0,4.0,6.0,0.0,1.0,0.0,0.0,1.0,5.0,1.0,1.0,1.0,0.0,1.0,0.0,1.0,0.0,super built up,high,new,ats kocoon,gurgaon,1.65
205.78,3.0,4.0,2.0,1.0,sector 111,10.0,1.0,0.0,0.0,1.0,0.0,0.0,0.0,1.0,1.0,0.0,1.0,1.0,0.0,0.0,0.0,0.0,0.0,0.0,0.0,6.0,10.0,4.0,6.0,0.0,1.0,0.0,0.0,1.0,5.0,1.0,1.0,1.0,0.0,1.0,0.0,1.0,0.0,super built up,mid,new,puri diplomatic greens,gurgaon,2.65
292.64,4.0,4.0,3.0,1.0,sector 104,13.0,1.0,0.0,0.0,1.0,0.0,1.0,0.0,1.0,1.0,0.0,1.0,1.0,0.0,1.0,0.0,1.0,0.0,0.0,0.0,6.0,10.0,4.0,6.0,0.0,1.0,0.0,0.0,1.0,5.0,1.0,1.0,1.0,0.0,1.0,0.0,1.0,0.0,super built up,high,new,ats triumph,gurgaon,2.63
227.61,3.0,4.0,3.0,1.0,sector 104,13.0,1.0,0.0,0.0,1.0,0.0,1.0,0.0,1.0,1.0,1.0,1.0,1.0,0.0,1.0,0.0,0.0,0.0,0.0,0.0,6.0,10.0,4.0,6.0,0.0,1.0,0.0,0.0,1.0,5.0,1.0,1.0,1.0,0.0,1.0,0.0,1.0,0.0,super built up,mid,new,puri emerald bay,gurgaon,2.25
292.64,4.0,4.0,3.0,1.0,sector 104,13.0,1.0,0.0,0.0,1.0,0.0,1.0,0.0,1.0,1.0,0.0,1.0,1.0,0.0,1.0,0.0,1.0,0.0,0.0,0.0,6.0,10.0,4.0,6.0,0.0,1.0,0.0,0.0,1.0,5.0,1.0,1.0,1.0,0.0,1.0,0.0,1.0,0.0,super built up,high,new,ats triumph,gurgaon,2.55
137.59,2.0,2.0,3.0,1.0,sector 103,15.0,1.0,0.0,0.0,1.0,1.0,1.0,0.0,1.0,1.0,1.0,1.0,1.0,0.0,1.0,0.0,0.0,0.0,0.0,0.0,6.0,10.0,4.0,6.0,0.0,1.0,0.0,0.0,1.0,5.0,1.0,1.0,1.0,0.0,1.0,0.0,1.0,0.0,super built up,high,new,indiabulls centrum park,gurgaon,1.15
185.81,3.0,3.0,3.0,1.0,sector 56,46.0,1.0,0.0,0.0,0.0,1.0,1.0,1.0,0.0,0.0,0.0,1.0,0.0,1.0,0.0,1.0,1.0,0.0,0.0,1.0,6.0,10.0,4.0,6.0,0.0,1.0,0.0,0.0,1.0,5.0,1.0,1.0,1.0,0.0,1.0,0.0,1.0,0.0,super built up,mid,old,sagar apartment,gurgaon,1.45
292.64,4.0,4.0,3.0,1.0,sector 104,13.0,1.0,0.0,0.0,1.0,0.0,1.0,0.0,1.0,1.0,0.0,1.0,1.0,0.0,1.0,0.0,1.0,0.0,0.0,0.0,6.0,10.0,4.0,6.0,0.0,1.0,0.0,0.0,1.0,5.0,1.0,1.0,1.0,0.0,1.0,0.0,1.0,0.0,super built up,high,new,ats triumph,gurgaon,2.6
153.29,3.0,4.0,3.0,1.0,sector 102,10.0,1.0,0.0,0.0,1.0,0.0,1.0,0.0,1.0,1.0,0.0,0.0,1.0,0.0,0.0,0.0,0.0,0.0,0.0,0.0,6.0,10.0,4.0,6.0,0.0,1.0,0.0,0.0,1.0,5.0,1.0,1.0,1.0,0.0,1.0,0.0,1.0,0.0,super built up,mid,new,emaar gurgaon greens,gurgaon,1.55
131.92,2.0,2.0,3.0,0.0,sector 70,15.0,1.0,0.0,0.0,1.0,0.0,1.0,0.0,1.0,1.0,0.0,0.0,0.0,0.0,1.0,0.0,0.0,1.0,0.0,0.0,6.0,10.0,4.0,6.0,0.0,1.0,0.0,0.0,1.0,5.0,1.0,1.0,1.0,0.0,1.0,0.0,1.0,0.0,super built up,mid,old,paras irene,gurgaon,1.2
181.16,3.0,3.0,3.0,1.0,sector 70,15.0,1.0,0.0,0.0,1.0,0.0,1.0,1.0,0.0,0.0,0.0,0.0,0.0,1.0,0.0,0.0,0.0,0.0,0.0,0.0,6.0,10.0,4.0,6.0,0.0,1.0,0.0,0.0,1.0,5.0,1.0,1.0,1.0,0.0,1.0,0.0,1.0,0.0,super built up,mid,new,shree vardhman victoria,gurgaon,1.55
181.16,3.0,4.0,3.0,1.0,sector 70,15.0,1.0,0.0,0.0,1.0,0.0,1.0,1.0,0.0,0.0,0.0,0.0,0.0,1.0,0.0,0.0,0.0,0.0,0.0,0.0,6.0,10.0,4.0,6.0,0.0,1.0,0.0,0.0,1.0,5.0,1.0,1.0,1.0,0.0,1.0,0.0,1.0,0.0,super built up,mid,new,shree vardhman victoria,gurgaon,1.65
152.36,2.0,2.0,3.0,1.0,sector 85,13.0,1.0,0.0,0.0,1.0,0.0,1.0,0.0,1.0,1.0,0.0,0.0,1.0,0.0,1.0,0.0,0.0,0.0,1.0,0.0,6.0,10.0,4.0,6.0,0.0,1.0,0.0,0.0,1.0,5.0,1.0,1.0,1.0,0.0,1.0,0.0,1.0,0.0,super built up,mid,new,ss the leaf,gurgaon,1.05
158.12,3.0,3.0,3.0,1.0,sector 90,14.0,0.0,0.0,0.0,0.0,1.0,0.0,0.0,0.0,0.0,0.0,0.0,0.0,0.0,0.0,0.0,0.0,0.0,0.0,0.0,6.0,10.0,4.0,6.0,0.0,1.0,0.0,0.0,1.0,5.0,1.0,1.0,1.0,0.0,1.0,0.0,1.0,0.0,super built up,mid,new,dlf regal gardens,gurgaon,1.29
65.03,2.0,2.0,2.0,1.0,sector 67,11.0,0.0,0.0,0.0,1.0,0.0,1.0,0.0,1.0,0.0,0.0,0.0,0.0,1.0,0.0,0.0,0.0,0.0,0.0,0.0,6.0,10.0,4.0,6.0,0.0,1.0,0.0,0.0,1.0,5.0,1.0,1.0,1.0,0.0,1.0,0.0,1.0,0.0,carpet,high,new,pyramid urban,gurgaon,0.56
162.02,3.0,3.0,2.0,1.0,sector 90,14.0,0.0,0.0,0.0,0.0,1.0,0.0,0.0,0.0,0.0,0.0,0.0,0.0,0.0,0.0,0.0,0.0,0.0,0.0,0.0,6.0,10.0,4.0,6.0,0.0,1.0,0.0,0.0,1.0,5.0,1.0,1.0,1.0,0.0,1.0,0.0,1.0,0.0,super built up,high,new,dlf regal gardens,gurgaon,1.26
366.97,4.0,6.0,3.0,1.0,sector 85,13.0,1.0,0.0,0.0,1.0,0.0,1.0,0.0,1.0,1.0,0.0,0.0,1.0,0.0,1.0,0.0,0.0,0.0,1.0,0.0,6.0,10.0,4.0,6.0,0.0,1.0,0.0,0.0,1.0,5.0,1.0,1.0,1.0,0.0,1.0,0.0,1.0,0.0,super built up,mid,new,ss the leaf,gurgaon,1.91
366.97,4.0,6.0,3.0,1.0,sector 85,13.0,1.0,0.0,0.0,1.0,0.0,1.0,0.0,1.0,1.0,0.0,0.0,1.0,0.0,1.0,0.0,0.0,0.0,1.0,0.0,6.0,10.0,4.0,6.0,0.0,1.0,0.0,0.0,1.0,5.0,1.0,1.0,1.0,0.0,1.0,0.0,1.0,0.0,super built up,high,new,ss the leaf,gurgaon,2.2
223.71,3.0,4.0,3.0,1.0,sector 85,13.0,1.0,0.0,0.0,1.0,0.0,1.0,0.0,1.0,1.0,0.0,0.0,1.0,0.0,1.0,0.0,0.0,0.0,1.0,0.0,6.0,10.0,4.0,6.0,0.0,1.0,0.0,0.0,1.0,5.0,1.0,1.0,1.0,0.0,1.0,0.0,1.0,0.0,super built up,high,new,ss the leaf,gurgaon,1.98
152.36,2.0,2.0,3.0,1.0,sector 85,13.0,1.0,0.0,0.0,1.0,0.0,1.0,0.0,1.0,1.0,0.0,0.0,1.0,0.0,1.0,0.0,0.0,0.0,1.0,0.0,6.0,10.0,4.0,6.0,0.0,1.0,0.0,0.0,1.0,5.0,1.0,1.0,1.0,0.0,1.0,0.0,1.0,0.0,super built up,high,new,ss the leaf,gurgaon,1.11
194.35,3.0,4.0,3.0,1.0,sector 81,9.0,1.0,0.0,0.0,0.0,0.0,0.0,0.0,1.0,1.0,0.0,1.0,0.0,0.0,0.0,0.0,0.0,0.0,0.0,0.0,6.0,10.0,4.0,6.0,0.0,1.0,0.0,0.0,1.0,5.0,1.0,1.0,1.0,0.0,1.0,0.0,1.0,0.0,super built up,high,new,dlf the ultima,gurgaon,2.25
162.58,3.0,3.0,3.0,1.0,sector 84,13.0,1.0,0.0,0.0,1.0,0.0,1.0,0.0,1.0,1.0,0.0,0.0,1.0,0.0,0.0,0.0,0.0,0.0,1.0,0.0,6.0,10.0,4.0,6.0,0.0,1.0,0.0,0.0,1.0,5.0,1.0,1.0,1.0,0.0,1.0,0.0,1.0,0.0,super built up,mid,new,ss the coralwood,gurgaon,1.05
211.17,4.0,4.0,3.0,1.0,sector 82,7.0,1.0,0.0,0.0,0.0,0.0,0.0,0.0,0.0,1.0,0.0,0.0,0.0,0.0,0.0,0.0,0.0,0.0,0.0,0.0,6.0,10.0,4.0,6.0,0.0,1.0,0.0,0.0,1.0,5.0,1.0,1.0,1.0,0.0,1.0,0.0,1.0,0.0,super built up,low,new,dlf the primus,gurgaon,2.6
152.36,2.0,2.0,3.0,1.0,sector 85,13.0,1.0,0.0,0.0,1.0,0.0,1.0,0.0,1.0,1.0,0.0,0.0,1.0,0.0,1.0,0.0,0.0,0.0,1.0,0.0,6.0,10.0,4.0,6.0,0.0,1.0,0.0,0.0,1.0,5.0,1.0,1.0,1.0,0.0,1.0,0.0,1.0,0.0,super built up,high,new,ss the leaf,gurgaon,1.04
162.02,3.0,3.0,2.0,1.0,sector 90,14.0,0.0,0.0,0.0,0.0,1.0,0.0,0.0,0.0,0.0,0.0,0.0,0.0,0.0,0.0,0.0,0.0,0.0,0.0,0.0,6.0,10.0,4.0,6.0,0.0,1.0,0.0,0.0,1.0,5.0,1.0,1.0,1.0,0.0,1.0,0.0,1.0,0.0,super built up,high,new,dlf regal gardens,gurgaon,1.25
260.31,3.0,3.0,2.0,0.0,sector 112,8.0,1.0,0.0,0.0,0.0,0.0,1.0,0.0,1.0,1.0,1.0,0.0,1.0,0.0,0.0,0.0,0.0,0.0,0.0,0.0,6.0,10.0,4.0,6.0,0.0,1.0,0.0,0.0,1.0,5.0,1.0,1.0,1.0,0.0,1.0,0.0,1.0,0.0,super built up,high,new,experion windchants,gurgaon,3.4
158.21,3.0,3.0,3.0,1.0,sector 90,14.0,0.0,0.0,0.0,0.0,1.0,0.0,0.0,0.0,0.0,0.0,0.0,0.0,0.0,0.0,0.0,0.0,0.0,0.0,0.0,6.0,10.0,4.0,6.0,0.0,1.0,0.0,0.0,1.0,5.0,1.0,1.0,1.0,0.0,1.0,0.0,1.0,0.0,super built up,high,old,dlf regal gardens,gurgaon,1.25
46.54,2.0,2.0,1.0,1.0,sector 86,9.0,0.0,0.0,0.0,1.0,0.0,0.0,0.0,1.0,0.0,0.0,0.0,0.0,0.0,0.0,0.0,0.0,0.0,0.0,0.0,6.0,10.0,4.0,6.0,0.0,1.0,0.0,0.0,1.0,5.0,1.0,1.0,1.0,0.0,1.0,0.0,1.0,0.0,carpet,mid,new,pyramid urban homes 2,gurgaon,0.42
115.66,2.0,2.0,2.0,1.0,sector 83,10.0,0.0,0.0,0.0,1.0,0.0,0.0,0.0,1.0,1.0,0.0,1.0,1.0,0.0,0.0,0.0,0.0,0.0,0.0,0.0,6.0,10.0,4.0,6.0,0.0,1.0,0.0,0.0,1.0,5.0,1.0,1.0,1.0,0.0,1.0,0.0,1.0,0.0,super built up,high,new,vatika gurgaon 21,gurgaon,0.75
205.78,4.0,4.0,3.0,1.0,sector 90,14.0,0.0,0.0,0.0,0.0,1.0,0.0,0.0,0.0,0.0,0.0,0.0,0.0,0.0,0.0,0.0,0.0,0.0,0.0,0.0,6.0,10.0,4.0,6.0,0.0,1.0,0.0,0.0,1.0,5.0,1.0,1.0,1.0,0.0,1.0,0.0,1.0,0.0,super built up,high,old,dlf regal gardens,gurgaon,1.7
121.7,2.0,2.0,2.0,1.0,sector 91,10.0,1.0,0.0,0.0,0.0,0.0,0.0,0.0,1.0,1.0,0.0,0.0,1.0,0.0,1.0,0.0,0.0,0.0,0.0,0.0,6.0,10.0,4.0,6.0,0.0,1.0,0.0,0.0,1.0,5.0,1.0,1.0,1.0,0.0,1.0,0.0,1.0,0.0,super built up,high,new,tarc maceo,gurgaon,0.87
158.12,3.0,3.0,3.0,1.0,sector 90,14.0,0.0,0.0,0.0,0.0,1.0,0.0,0.0,0.0,0.0,0.0,0.0,0.0,0.0,0.0,0.0,0.0,0.0,0.0,0.0,6.0,10.0,4.0,6.0,0.0,1.0,0.0,0.0,1.0,5.0,1.0,1.0,1.0,0.0,1.0,0.0,1.0,0.0,super built up,high,old,dlf regal gardens,gurgaon,1.25
194.35,3.0,4.0,3.0,1.0,sector 81,9.0,1.0,0.0,0.0,0.0,0.0,0.0,0.0,1.0,1.0,0.0,1.0,0.0,0.0,0.0,0.0,0.0,0.0,0.0,0.0,6.0,10.0,4.0,6.0,0.0,1.0,0.0,0.0,1.0,5.0,1.0,1.0,1.0,0.0,1.0,0.0,1.0,0.0,super built up,high,new,dlf the ultima,gurgaon,2.35
212.75,3.0,4.0,3.0,1.0,sector 104,13.0,1.0,0.0,0.0,1.0,0.0,1.0,0.0,1.0,1.0,0.0,1.0,1.0,0.0,1.0,0.0,1.0,0.0,0.0,0.0,6.0,10.0,4.0,6.0,0.0,1.0,0.0,0.0,1.0,5.0,1.0,1.0,1.0,0.0,1.0,0.0,1.0,0.0,super built up,high,new,ats triumph,gurgaon,1.73
128.67,2.0,2.0,3.0,1.0,sector 106,11.0,1.0,0.0,0.0,1.0,0.0,1.0,0.0,1.0,1.0,0.0,1.0,1.0,0.0,1.0,0.0,0.0,0.0,0.0,0.0,6.0,10.0,4.0,6.0,0.0,1.0,0.0,0.0,1.0,5.0,1.0,1.0,1.0,0.0,1.0,0.0,1.0,0.0,super built up,mid,new,paras dews,gurgaon,0.97
218.79,4.0,4.0,3.0,1.0,sector 106,11.0,1.0,0.0,0.0,1.0,0.0,1.0,0.0,1.0,1.0,0.0,1.0,1.0,0.0,1.0,0.0,0.0,0.0,0.0,0.0,6.0,10.0,4.0,6.0,0.0,1.0,0.0,0.0,1.0,5.0,1.0,1.0,1.0,0.0,1.0,0.0,1.0,0.0,super built up,high,new,paras dews,gurgaon,1.35
185.53,3.0,5.0,3.0,1.0,sector 99,15.0,1.0,0.0,0.0,1.0,1.0,1.0,1.0,1.0,1.0,0.0,0.0,0.0,0.0,1.0,0.0,0.0,0.0,0.0,0.0,6.0,10.0,4.0,6.0,0.0,1.0,0.0,0.0,1.0,5.0,1.0,1.0,1.0,0.0,1.0,0.0,1.0,0.0,super built up,high,new,pareena coban residences,gurgaon,1.32
118.45,2.0,2.0,3.0,0.0,sector 33,7.0,1.0,0.0,0.0,0.0,0.0,0.0,0.0,1.0,0.0,0.0,0.0,1.0,0.0,0.0,0.0,0.0,0.0,0.0,0.0,6.0,10.0,4.0,6.0,0.0,1.0,0.0,0.0,1.0,5.0,1.0,1.0,1.0,0.0,1.0,0.0,1.0,0.0,super built up,high,new,eldeco accolade,sohna,0.72
135.36,2.0,2.0,2.0,1.0,sector 33,7.0,1.0,0.0,0.0,0.0,0.0,0.0,0.0,1.0,0.0,0.0,0.0,1.0,0.0,0.0,0.0,0.0,0.0,0.0,0.0,6.0,10.0,4.0,6.0,0.0,1.0,0.0,0.0,1.0,5.0,1.0,1.0,1.0,0.0,1.0,0.0,1.0,0.0,super built up,mid,new,eldeco accolade,sohna,0.78
301.28,3.0,4.0,3.0,1.0,sector 65,9.0,1.0,0.0,0.0,1.0,0.0,1.0,0.0,1.0,1.0,0.0,1.0,0.0,0.0,1.0,0.0,1.0,0.0,0.0,0.0,6.0,10.0,4.0,6.0,0.0,1.0,0.0,0.0,1.0,5.0,1.0,1.0,1.0,0.0,1.0,0.0,1.0,0.0,super built up,low,new,m3m golfestate,gurgaon,5.5
198.07,3.0,4.0,3.0,1.0,sector 81,9.0,1.0,0.0,0.0,0.0,0.0,0.0,0.0,1.0,1.0,0.0,1.0,0.0,0.0,0.0,0.0,0.0,0.0,0.0,0.0,6.0,10.0,4.0,6.0,0.0,1.0,0.0,0.0,1.0,5.0,1.0,1.0,1.0,0.0,1.0,0.0,1.0,0.0,super built up,high,new,dlf the ultima,gurgaon,2.3
126.72,2.0,2.0,2.0,0.0,sector 95,4.0,1.0,0.0,0.0,0.0,0.0,0.0,0.0,0.0,0.0,0.0,0.0,0.0,1.0,0.0,0.0,0.0,0.0,0.0,0.0,6.0,10.0,4.0,6.0,0.0,1.0,0.0,0.0,1.0,5.0,1.0,1.0,1.0,0.0,1.0,0.0,1.0,0.0,super built up,mid,new,sidhartha ncr one phase 1,gurgaon,0.43
142.51,2.0,2.0,3.0,1.0,sector 107,6.0,0.0,0.0,0.0,0.0,0.0,0.0,0.0,1.0,1.0,0.0,0.0,0.0,0.0,0.0,0.0,0.0,0.0,0.0,0.0,6.0,10.0,4.0,6.0,0.0,1.0,0.0,0.0,1.0,5.0,1.0,1.0,1.0,0.0,1.0,0.0,1.0,0.0,super built up,mid,new,m3m woodshire,gurgaon,0.98
126.91,2.0,2.0,3.0,1.0,sector 107,6.0,0.0,0.0,0.0,0.0,0.0,0.0,0.0,1.0,1.0,0.0,0.0,0.0,0.0,0.0,0.0,0.0,0.0,0.0,0.0,6.0,10.0,4.0,6.0,0.0,1.0,0.0,0.0,1.0,5.0,1.0,1.0,1.0,0.0,1.0,0.0,1.0,0.0,super built up,mid,new,m3m woodshire,gurgaon,0.8
292.64,4.0,4.0,3.0,1.0,sector 104,13.0,1.0,0.0,0.0,1.0,0.0,1.0,0.0,1.0,1.0,0.0,1.0,1.0,0.0,1.0,0.0,1.0,0.0,0.0,0.0,6.0,10.0,4.0,6.0,0.0,1.0,0.0,0.0,1.0,5.0,1.0,1.0,1.0,0.0,1.0,0.0,1.0,0.0,super built up,high,new,ats triumph,gurgaon,2.65
153.29,3.0,3.0,2.0,1.0,sector 54,15.0,1.0,1.0,0.0,1.0,1.0,0.0,1.0,1.0,1.0,0.0,1.0,0.0,1.0,1.0,0.0,1.0,0.0,0.0,0.0,6.0,10.0,4.0,6.0,0.0,1.0,0.0,0.0,1.0,5.0,1.0,1.0,1.0,0.0,1.0,0.0,1.0,0.0,super built up,low,old,dlf exclusive floors,gurgaon,2.35
180.51,3.0,3.0,3.0,1.0,sector 107,6.0,0.0,0.0,0.0,0.0,0.0,0.0,0.0,1.0,1.0,0.0,0.0,0.0,0.0,0.0,0.0,0.0,0.0,0.0,0.0,6.0,10.0,4.0,6.0,0.0,1.0,0.0,0.0,1.0,5.0,1.0,1.0,1.0,0.0,1.0,0.0,1.0,0.0,super built up,low,new,m3m woodshire,gurgaon,1.29
212.75,3.0,4.0,3.0,1.0,sector 104,13.0,1.0,0.0,0.0,1.0,0.0,1.0,0.0,1.0,1.0,0.0,1.0,1.0,0.0,1.0,0.0,1.0,0.0,0.0,0.0,6.0,10.0,4.0,6.0,0.0,1.0,0.0,0.0,1.0,5.0,1.0,1.0,1.0,0.0,1.0,0.0,1.0,0.0,super built up,high,new,ats triumph,gurgaon,1.83
219.34,3.0,4.0,3.0,1.0,sector 107,6.0,0.0,0.0,0.0,0.0,0.0,0.0,0.0,1.0,1.0,0.0,0.0,0.0,0.0,0.0,0.0,0.0,0.0,0.0,0.0,6.0,10.0,4.0,6.0,0.0,1.0,0.0,0.0,1.0,5.0,1.0,1.0,1.0,0.0,1.0,0.0,1.0,0.0,super built up,mid,new,m3m woodshire,gurgaon,1.39
161.19,3.0,3.0,2.0,1.0,sector 83,10.0,0.0,0.0,0.0,1.0,0.0,0.0,0.0,1.0,1.0,0.0,1.0,1.0,0.0,0.0,0.0,0.0,0.0,0.0,0.0,6.0,10.0,4.0,6.0,0.0,1.0,0.0,0.0,1.0,5.0,1.0,1.0,1.0,0.0,1.0,0.0,1.0,0.0,super built up,mid,new,vatika gurgaon 21,gurgaon,1.12
215.54,3.0,4.0,3.0,1.0,sector 91,10.0,1.0,0.0,0.0,0.0,0.0,0.0,0.0,1.0,1.0,0.0,0.0,1.0,0.0,1.0,0.0,0.0,0.0,0.0,0.0,6.0,10.0,4.0,6.0,0.0,1.0,0.0,0.0,1.0,5.0,1.0,1.0,1.0,0.0,1.0,0.0,1.0,0.0,super built up,low,new,tarc maceo,gurgaon,1.5
253.07,4.0,4.0,3.0,1.0,sector 91,10.0,1.0,0.0,0.0,0.0,0.0,0.0,0.0,1.0,1.0,0.0,0.0,1.0,0.0,1.0,0.0,0.0,0.0,0.0,0.0,6.0,10.0,4.0,6.0,0.0,1.0,0.0,0.0,1.0,5.0,1.0,1.0,1.0,0.0,1.0,0.0,1.0,0.0,super built up,high,new,tarc maceo,gurgaon,1.9
194.45,3.0,3.0,3.0,1.0,sector 50,9.0,1.0,0.0,0.0,0.0,0.0,1.0,0.0,1.0,1.0,1.0,1.0,0.0,0.0,0.0,0.0,0.0,0.0,0.0,0.0,6.0,10.0,4.0,6.0,0.0,1.0,0.0,0.0,1.0,5.0,1.0,1.0,1.0,0.0,1.0,0.0,1.0,0.0,super built up,high,old,the close north,gurgaon,2.35
68.28,1.0,1.0,1.0,0.0,sector 2,24.0,1.0,0.0,0.0,0.0,1.0,0.0,0.0,1.0,0.0,0.0,1.0,0.0,0.0,0.0,1.0,0.0,0.0,0.0,0.0,6.0,10.0,4.0,6.0,0.0,1.0,0.0,0.0,1.0,5.0,1.0,1.0,1.0,0.0,1.0,0.0,1.0,0.0,super built up,mid,old,ansal api celebrity suites,gurgaon,0.6
127.28,3.0,3.0,1.0,0.0,sector 28,3.0,0.0,0.0,0.0,1.0,0.0,1.0,0.0,0.0,0.0,0.0,1.0,0.0,0.0,0.0,0.0,0.0,0.0,0.0,0.0,6.0,10.0,4.0,6.0,0.0,1.0,0.0,0.0,1.0,5.0,1.0,1.0,1.0,0.0,1.0,0.0,1.0,0.0,super built up,high,old,dlf ridgewood estate,gurgaon,2.0
132.29,2.0,2.0,3.0,1.0,sector 74,7.0,1.0,0.0,0.0,1.0,0.0,1.0,0.0,1.0,1.0,0.0,0.0,1.0,0.0,0.0,0.0,0.0,0.0,0.0,0.0,6.0,10.0,4.0,6.0,0.0,1.0,0.0,0.0,1.0,5.0,1.0,1.0,1.0,0.0,1.0,0.0,1.0,0.0,super built up,high,new,m3m skywalk,gurgaon,1.57
184.88,3.0,3.0,3.0,1.0,sector 37,13.0,0.0,0.0,0.0,1.0,0.0,1.0,0.0,1.0,1.0,1.0,0.0,1.0,0.0,1.0,0.0,0.0,0.0,0.0,0.0,6.0,10.0,4.0,6.0,0.0,1.0,0.0,0.0,1.0,5.0,1.0,1.0,1.0,0.0,1.0,0.0,1.0,0.0,carpet,high,new,corona optus,gurgaon,1.44
161.19,3.0,3.0,3.0,0.0,sector 37,13.0,0.0,0.0,0.0,1.0,0.0,1.0,0.0,1.0,1.0,1.0,0.0,1.0,0.0,1.0,0.0,0.0,0.0,0.0,0.0,6.0,10.0,4.0,6.0,0.0,1.0,0.0,0.0,1.0,5.0,1.0,1.0,1.0,0.0,1.0,0.0,1.0,0.0,super built up,mid,new,corona optus,gurgaon,1.26
114.27,2.0,2.0,2.0,0.0,sector 68,10.0,1.0,0.0,0.0,1.0,0.0,1.0,0.0,1.0,1.0,0.0,0.0,0.0,0.0,1.0,0.0,0.0,1.0,0.0,0.0,6.0,10.0,4.0,6.0,0.0,1.0,0.0,0.0,1.0,5.0,1.0,1.0,1.0,0.0,1.0,0.0,1.0,0.0,super built up,high,new,m3m sierra 68,gurgaon,1.05
314.94,4.0,4.0,3.0,1.0,sector 53,15.0,0.0,0.0,0.0,1.0,0.0,1.0,0.0,1.0,1.0,0.0,1.0,0.0,0.0,0.0,0.0,0.0,1.0,0.0,0.0,6.0,10.0,4.0,6.0,0.0,1.0,0.0,0.0,1.0,5.0,1.0,1.0,1.0,0.0,1.0,0.0,1.0,0.0,super built up,mid,old,parsvnath exotica,gurgaon,6.44
390.19,4.0,4.0,3.0,1.0,sector 62,11.0,1.0,0.0,0.0,1.0,0.0,1.0,0.0,1.0,1.0,0.0,0.0,0.0,0.0,1.0,0.0,0.0,1.0,0.0,0.0,6.0,10.0,4.0,6.0,0.0,1.0,0.0,0.0,1.0,5.0,1.0,1.0,1.0,0.0,1.0,0.0,1.0,0.0,built up,high,new,pioneer araya,gurgaon,7.56
227.61,3.0,3.0,3.0,1.0,sector 54,15.0,0.0,0.0,0.0,1.0,0.0,1.0,1.0,1.0,0.0,1.0,0.0,1.0,1.0,0.0,0.0,1.0,1.0,0.0,0.0,6.0,10.0,4.0,6.0,0.0,1.0,0.0,0.0,1.0,5.0,1.0,1.0,1.0,0.0,1.0,0.0,1.0,0.0,built up,low,old,dlf trinity towers,gurgaon,3.8
251.21,4.0,4.0,2.0,1.0,sector 54,15.0,1.0,0.0,0.0,0.0,1.0,0.0,1.0,1.0,0.0,0.0,1.0,0.0,0.0,0.0,0.0,1.0,0.0,0.0,0.0,6.0,10.0,4.0,6.0,0.0,1.0,0.0,0.0,1.0,5.0,1.0,1.0,1.0,0.0,1.0,0.0,1.0,0.0,super built up,high,old,dlf park place,gurgaon,6.75
120.77,2.0,2.0,3.0,1.0,sector 90,10.0,1.0,0.0,0.0,1.0,0.0,1.0,0.0,1.0,1.0,0.0,0.0,1.0,0.0,1.0,0.0,0.0,0.0,0.0,0.0,6.0,10.0,4.0,6.0,0.0,1.0,0.0,0.0,1.0,5.0,1.0,1.0,1.0,0.0,1.0,0.0,1.0,0.0,super built up,high,new,shree vardhman flora,gurgaon,0.64
199.74,3.0,4.0,3.0,1.0,sector 109,11.0,1.0,0.0,0.0,1.0,0.0,0.0,0.0,1.0,1.0,0.0,1.0,1.0,0.0,0.0,0.0,0.0,0.0,1.0,0.0,6.0,10.0,4.0,6.0,0.0,1.0,0.0,0.0,1.0,5.0,1.0,1.0,1.0,0.0,1.0,0.0,1.0,0.0,super built up,mid,new,ats tourmaline,gurgaon,1.75
185.81,3.0,4.0,3.0,1.0,sector 56,45.0,1.0,0.0,0.0,0.0,1.0,1.0,1.0,1.0,0.0,0.0,1.0,0.0,1.0,0.0,1.0,1.0,0.0,0.0,1.0,6.0,10.0,4.0,6.0,0.0,1.0,0.0,0.0,1.0,5.0,1.0,1.0,1.0,0.0,1.0,0.0,1.0,0.0,super built up,mid,old,kiran residency,gurgaon,1.54
153.29,3.0,3.0,3.0,1.0,sector 102,10.0,1.0,0.0,0.0,1.0,0.0,1.0,0.0,1.0,1.0,0.0,0.0,1.0,0.0,0.0,0.0,0.0,0.0,0.0,0.0,6.0,10.0,4.0,6.0,0.0,1.0,0.0,0.0,1.0,5.0,1.0,1.0,1.0,0.0,1.0,0.0,1.0,0.0,super built up,mid,new,emaar gurgaon greens,gurgaon,1.4
85.01,2.0,2.0,2.0,0.0,sector 102,13.0,1.0,0.0,0.0,1.0,1.0,0.0,0.0,1.0,1.0,0.0,0.0,1.0,0.0,1.0,0.0,0.0,1.0,0.0,0.0,6.0,10.0,4.0,6.0,0.0,1.0,0.0,0.0,1.0,5.0,1.0,1.0,1.0,0.0,1.0,0.0,1.0,0.0,super built up,high,new,shapoorji pallonji joyville gurugram,gurgaon,0.97
126.26,2.0,2.0,2.0,0.0,sector 102,13.0,1.0,0.0,0.0,1.0,1.0,0.0,0.0,1.0,1.0,0.0,0.0,1.0,0.0,1.0,0.0,0.0,1.0,0.0,0.0,6.0,10.0,4.0,6.0,0.0,1.0,0.0,0.0,1.0,5.0,1.0,1.0,1.0,0.0,1.0,0.0,1.0,0.0,super built up,high,new,shapoorji pallonji joyville gurugram,gurgaon,1.35
180.42,3.0,4.0,3.0,1.0,sector 102,15.0,0.0,0.0,0.0,1.0,0.0,1.0,0.0,1.0,1.0,1.0,1.0,1.0,0.0,1.0,0.0,0.0,0.0,1.0,0.0,6.0,10.0,4.0,6.0,0.0,1.0,0.0,0.0,1.0,5.0,1.0,1.0,1.0,0.0,1.0,0.0,1.0,0.0,super built up,high,new,conscient heritage max,gurgaon,1.75
267.1,4.0,6.0,3.0,1.0,sector 103,15.0,1.0,0.0,0.0,1.0,1.0,1.0,0.0,1.0,1.0,1.0,1.0,1.0,0.0,1.0,0.0,0.0,0.0,0.0,0.0,6.0,10.0,4.0,6.0,0.0,1.0,0.0,0.0,1.0,5.0,1.0,1.0,1.0,0.0,1.0,0.0,1.0,0.0,super built up,mid,new,indiabulls centrum park,gurgaon,2.2
162.12,3.0,3.0,3.0,0.0,sector 108,13.0,1.0,0.0,0.0,0.0,0.0,1.0,0.0,1.0,1.0,0.0,0.0,1.0,0.0,0.0,0.0,0.0,0.0,1.0,0.0,6.0,10.0,4.0,6.0,0.0,1.0,0.0,0.0,1.0,5.0,1.0,1.0,1.0,0.0,1.0,0.0,1.0,0.0,super built up,high,new,sobha city,gurgaon,2.45
218.79,4.0,6.0,3.0,1.0,sector 106,11.0,1.0,0.0,0.0,1.0,0.0,1.0,0.0,1.0,1.0,0.0,1.0,1.0,0.0,1.0,0.0,0.0,0.0,0.0,0.0,6.0,10.0,4.0,6.0,0.0,1.0,0.0,0.0,1.0,5.0,1.0,1.0,1.0,0.0,1.0,0.0,1.0,0.0,super built up,high,new,paras dews,gurgaon,1.5
205.97,3.0,4.0,3.0,1.0,sector 113,8.0,1.0,0.0,0.0,1.0,0.0,0.0,0.0,1.0,0.0,0.0,0.0,1.0,0.0,0.0,0.0,0.0,0.0,0.0,0.0,6.0,10.0,4.0,6.0,0.0,1.0,0.0,0.0,1.0,5.0,1.0,1.0,1.0,0.0,1.0,0.0,1.0,0.0,super built up,mid,new,la vida by tata housing,gurgaon,2.4
205.97,3.0,3.0,3.0,1.0,sector 113,8.0,1.0,0.0,0.0,1.0,0.0,0.0,0.0,1.0,0.0,0.0,0.0,1.0,0.0,0.0,0.0,0.0,0.0,0.0,0.0,6.0,10.0,4.0,6.0,0.0,1.0,0.0,0.0,1.0,5.0,1.0,1.0,1.0,0.0,1.0,0.0,1.0,0.0,super built up,low,new,la vida by tata housing,gurgaon,2.45
250.0,3.0,3.0,3.0,1.0,sector 113,8.0,1.0,0.0,0.0,1.0,0.0,0.0,0.0,1.0,0.0,0.0,0.0,1.0,0.0,0.0,0.0,0.0,0.0,0.0,0.0,6.0,10.0,4.0,6.0,0.0,1.0,0.0,0.0,1.0,5.0,1.0,1.0,1.0,0.0,1.0,0.0,1.0,0.0,super built up,low,new,la vida by tata housing,gurgaon,3.0
146.69,3.0,2.0,2.0,0.0,sector 113,8.0,1.0,0.0,0.0,1.0,0.0,0.0,0.0,1.0,0.0,0.0,0.0,1.0,0.0,0.0,0.0,0.0,0.0,0.0,0.0,6.0,10.0,4.0,6.0,0.0,1.0,0.0,0.0,1.0,5.0,1.0,1.0,1.0,0.0,1.0,0.0,1.0,0.0,super built up,low,new,la vida by tata housing,gurgaon,1.65
128.67,2.0,2.0,3.0,0.0,sector 106,11.0,1.0,0.0,0.0,1.0,0.0,1.0,0.0,1.0,1.0,0.0,1.0,1.0,0.0,1.0,0.0,0.0,0.0,0.0,0.0,6.0,10.0,4.0,6.0,0.0,1.0,0.0,0.0,1.0,5.0,1.0,1.0,1.0,0.0,1.0,0.0,1.0,0.0,super built up,low,new,paras dews,gurgaon,0.88
128.67,2.0,2.0,3.0,0.0,sector 106,11.0,1.0,0.0,0.0,1.0,0.0,1.0,0.0,1.0,1.0,0.0,1.0,1.0,0.0,1.0,0.0,0.0,0.0,0.0,0.0,6.0,10.0,4.0,6.0,0.0,1.0,0.0,0.0,1.0,5.0,1.0,1.0,1.0,0.0,1.0,0.0,1.0,0.0,super built up,low,new,paras dews,gurgaon,0.88
163.51,3.0,4.0,3.0,1.0,sector 106,11.0,1.0,0.0,0.0,1.0,0.0,1.0,0.0,1.0,1.0,0.0,1.0,1.0,0.0,1.0,0.0,0.0,0.0,0.0,0.0,6.0,10.0,4.0,6.0,0.0,1.0,0.0,0.0,1.0,5.0,1.0,1.0,1.0,0.0,1.0,0.0,1.0,0.0,super built up,high,new,paras dews,gurgaon,1.28
218.79,4.0,5.0,3.0,1.0,sector 106,11.0,1.0,0.0,0.0,1.0,0.0,1.0,0.0,1.0,1.0,0.0,1.0,1.0,0.0,1.0,0.0,0.0,0.0,0.0,0.0,6.0,10.0,4.0,6.0,0.0,1.0,0.0,0.0,1.0,5.0,1.0,1.0,1.0,0.0,1.0,0.0,1.0,0.0,super built up,mid,new,paras dews,gurgaon,1.34
218.79,4.0,5.0,3.0,1.0,sector 106,11.0,1.0,0.0,0.0,1.0,0.0,1.0,0.0,1.0,1.0,0.0,1.0,1.0,0.0,1.0,0.0,0.0,0.0,0.0,0.0,6.0,10.0,4.0,6.0,0.0,1.0,0.0,0.0,1.0,5.0,1.0,1.0,1.0,0.0,1.0,0.0,1.0,0.0,super built up,high,new,paras dews,gurgaon,1.32
163.51,3.0,4.0,3.0,1.0,sector 106,11.0,1.0,0.0,0.0,1.0,0.0,1.0,0.0,1.0,1.0,0.0,1.0,1.0,0.0,1.0,0.0,0.0,0.0,0.0,0.0,6.0,10.0,4.0,6.0,0.0,1.0,0.0,0.0,1.0,5.0,1.0,1.0,1.0,0.0,1.0,0.0,1.0,0.0,super built up,high,new,paras dews,gurgaon,1.13
218.51,4.0,5.0,3.0,1.0,sector 99,15.0,1.0,0.0,0.0,1.0,1.0,1.0,1.0,1.0,1.0,0.0,0.0,0.0,0.0,1.0,0.0,0.0,0.0,0.0,0.0,6.0,10.0,4.0,6.0,0.0,1.0,0.0,0.0,1.0,5.0,1.0,1.0,1.0,0.0,1.0,0.0,1.0,0.0,super built up,low,new,pareena coban residences,gurgaon,1.38
185.53,3.0,3.0,3.0,1.0,sector 99,15.0,1.0,0.0,0.0,1.0,1.0,1.0,1.0,1.0,1.0,0.0,0.0,0.0,0.0,1.0,0.0,0.0,0.0,0.0,0.0,6.0,10.0,4.0,6.0,0.0,1.0,0.0,0.0,1.0,5.0,1.0,1.0,1.0,0.0,1.0,0.0,1.0,0.0,super built up,low,new,pareena coban residences,gurgaon,1.16
205.97,3.0,3.0,3.0,1.0,sector 113,8.0,1.0,0.0,0.0,1.0,0.0,0.0,0.0,1.0,0.0,0.0,0.0,1.0,0.0,0.0,0.0,0.0,0.0,0.0,0.0,6.0,10.0,4.0,6.0,0.0,1.0,0.0,0.0,1.0,5.0,1.0,1.0,1.0,0.0,1.0,0.0,1.0,0.0,super built up,low,new,la vida by tata housing,gurgaon,2.33
249.91,3.0,4.0,3.0,1.0,sector 113,8.0,1.0,0.0,0.0,1.0,0.0,0.0,0.0,1.0,0.0,0.0,0.0,1.0,0.0,0.0,0.0,0.0,0.0,0.0,0.0,6.0,10.0,4.0,6.0,0.0,1.0,0.0,0.0,1.0,5.0,1.0,1.0,1.0,0.0,1.0,0.0,1.0,0.0,super built up,high,new,la vida by tata housing,gurgaon,3.05
169.78,3.0,2.0,1.0,1.0,sector 83,10.0,1.0,0.0,0.0,1.0,0.0,1.0,0.0,1.0,1.0,0.0,0.0,0.0,0.0,0.0,0.0,0.0,0.0,0.0,0.0,6.0,10.0,4.0,6.0,0.0,1.0,0.0,0.0,1.0,5.0,1.0,1.0,1.0,0.0,1.0,0.0,1.0,0.0,super built up,mid,new,vatika lifestyle homes,gurgaon,1.25
150.5,3.0,3.0,2.0,1.0,sector 79,9.0,0.0,0.0,0.0,1.0,0.0,0.0,0.0,1.0,1.0,0.0,1.0,1.0,0.0,0.0,0.0,0.0,0.0,0.0,0.0,6.0,10.0,4.0,6.0,0.0,1.0,0.0,0.0,1.0,5.0,1.0,1.0,1.0,0.0,1.0,0.0,1.0,0.0,super built up,low,new,mapsko mount ville,gurgaon,1.25
163.04,3.0,3.0,2.0,1.0,sector 83,10.0,1.0,0.0,0.0,1.0,0.0,1.0,0.0,1.0,1.0,0.0,0.0,0.0,0.0,0.0,0.0,0.0,0.0,0.0,0.0,6.0,10.0,4.0,6.0,0.0,1.0,0.0,0.0,1.0,5.0,1.0,1.0,1.0,0.0,1.0,0.0,1.0,0.0,super built up,high,new,vatika lifestyle homes,gurgaon,1.05
138.43,3.0,3.0,3.0,1.0,sector 79,9.0,0.0,0.0,0.0,1.0,0.0,0.0,0.0,1.0,1.0,0.0,1.0,1.0,0.0,0.0,0.0,0.0,0.0,0.0,0.0,6.0,10.0,4.0,6.0,0.0,1.0,0.0,0.0,1.0,5.0,1.0,1.0,1.0,0.0,1.0,0.0,1.0,0.0,super built up,high,new,mapsko mount ville,gurgaon,1.25
138.43,3.0,3.0,3.0,1.0,sector 79,9.0,0.0,0.0,0.0,1.0,0.0,0.0,0.0,1.0,1.0,0.0,1.0,1.0,0.0,0.0,0.0,0.0,0.0,0.0,0.0,6.0,10.0,4.0,6.0,0.0,1.0,0.0,0.0,1.0,5.0,1.0,1.0,1.0,0.0,1.0,0.0,1.0,0.0,super built up,high,new,mapsko mount ville,gurgaon,1.1
159.79,3.0,3.0,3.0,1.0,sector 83,10.0,0.0,0.0,0.0,1.0,0.0,0.0,0.0,0.0,0.0,0.0,0.0,0.0,0.0,0.0,0.0,0.0,0.0,0.0,0.0,6.0,10.0,4.0,6.0,0.0,1.0,0.0,0.0,1.0,5.0,1.0,1.0,1.0,0.0,1.0,0.0,1.0,0.0,super built up,high,new,emaar palm gardens,gurgaon,1.3
319.03,4.0,4.0,3.0,1.0,sector 84,10.0,1.0,0.0,0.0,1.0,1.0,1.0,1.0,1.0,0.0,0.0,0.0,0.0,0.0,0.0,0.0,0.0,0.0,0.0,0.0,6.0,10.0,4.0,6.0,0.0,1.0,0.0,0.0,1.0,5.0,1.0,1.0,1.0,0.0,1.0,0.0,1.0,0.0,super built up,high,new,alpha corp gurgaonone 84,gurgaon,2.28
155.24,2.0,2.0,2.0,1.0,sector 85,13.0,1.0,0.0,0.0,1.0,0.0,1.0,0.0,1.0,1.0,0.0,0.0,1.0,0.0,1.0,0.0,0.0,0.0,1.0,0.0,6.0,10.0,4.0,6.0,0.0,1.0,0.0,0.0,1.0,5.0,1.0,1.0,1.0,0.0,1.0,0.0,1.0,0.0,super built up,mid,new,ss the leaf,gurgaon,1.2
164.62,2.0,2.0,3.0,1.0,sector 85,13.0,1.0,0.0,0.0,1.0,0.0,1.0,0.0,1.0,1.0,0.0,0.0,1.0,0.0,1.0,0.0,0.0,0.0,1.0,0.0,6.0,10.0,4.0,6.0,0.0,1.0,0.0,0.0,1.0,5.0,1.0,1.0,1.0,0.0,1.0,0.0,1.0,0.0,super built up,high,new,ss the leaf,gurgaon,1.22
152.36,2.0,2.0,3.0,1.0,sector 85,13.0,1.0,0.0,0.0,1.0,0.0,1.0,0.0,1.0,1.0,0.0,0.0,1.0,0.0,1.0,0.0,0.0,0.0,1.0,0.0,6.0,10.0,4.0,6.0,0.0,1.0,0.0,0.0,1.0,5.0,1.0,1.0,1.0,0.0,1.0,0.0,1.0,0.0,super built up,high,new,ss the leaf,gurgaon,1.1
161.74,2.0,2.0,3.0,1.0,sector 85,13.0,1.0,0.0,0.0,1.0,0.0,1.0,0.0,1.0,1.0,0.0,0.0,1.0,0.0,1.0,0.0,0.0,0.0,1.0,0.0,6.0,10.0,4.0,6.0,0.0,1.0,0.0,0.0,1.0,5.0,1.0,1.0,1.0,0.0,1.0,0.0,1.0,0.0,super built up,high,new,ss the leaf,gurgaon,1.15
140.28,3.0,3.0,3.0,1.0,sector 79,9.0,0.0,0.0,0.0,1.0,0.0,0.0,0.0,1.0,1.0,0.0,1.0,1.0,0.0,0.0,0.0,0.0,0.0,0.0,0.0,6.0,10.0,4.0,6.0,0.0,1.0,0.0,0.0,1.0,5.0,1.0,1.0,1.0,0.0,1.0,0.0,1.0,0.0,super built up,high,new,mapsko mount ville,gurgaon,1.2
159.79,3.0,3.0,3.0,1.0,sector 83,10.0,0.0,0.0,0.0,1.0,0.0,0.0,0.0,0.0,0.0,0.0,0.0,0.0,0.0,0.0,0.0,0.0,0.0,0.0,0.0,6.0,10.0,4.0,6.0,0.0,1.0,0.0,0.0,1.0,5.0,1.0,1.0,1.0,0.0,1.0,0.0,1.0,0.0,super built up,low,new,emaar palm gardens,gurgaon,1.4
163.04,3.0,3.0,2.0,1.0,sector 83,10.0,1.0,0.0,0.0,1.0,0.0,1.0,0.0,1.0,1.0,0.0,0.0,0.0,0.0,0.0,0.0,0.0,0.0,0.0,0.0,6.0,10.0,4.0,6.0,0.0,1.0,0.0,0.0,1.0,5.0,1.0,1.0,1.0,0.0,1.0,0.0,1.0,0.0,super built up,high,new,vatika lifestyle homes,gurgaon,1.1
161.65,3.0,3.0,2.0,1.0,sector 83,15.0,1.0,0.0,0.0,0.0,0.0,0.0,0.0,1.0,0.0,0.0,0.0,0.0,1.0,0.0,0.0,0.0,0.0,0.0,0.0,6.0,10.0,4.0,6.0,0.0,1.0,0.0,0.0,1.0,5.0,1.0,1.0,1.0,0.0,1.0,0.0,1.0,0.0,super built up,low,new,vatika city homes,gurgaon,1.0
178.65,3.0,4.0,3.0,1.0,sector 84,10.0,1.0,0.0,0.0,1.0,1.0,1.0,1.0,1.0,0.0,0.0,0.0,0.0,0.0,0.0,0.0,0.0,0.0,0.0,0.0,6.0,10.0,4.0,6.0,0.0,1.0,0.0,0.0,1.0,5.0,1.0,1.0,1.0,0.0,1.0,0.0,1.0,0.0,super built up,high,new,alpha corp gurgaonone 84,gurgaon,1.52
176.52,3.0,4.0,3.0,1.0,sector 83,10.0,0.0,0.0,0.0,1.0,0.0,0.0,0.0,0.0,0.0,0.0,0.0,0.0,0.0,0.0,0.0,0.0,0.0,0.0,0.0,6.0,10.0,4.0,6.0,0.0,1.0,0.0,0.0,1.0,5.0,1.0,1.0,1.0,0.0,1.0,0.0,1.0,0.0,super built up,mid,new,emaar palm gardens,gurgaon,1.8
171.87,3.0,3.0,3.0,1.0,sector 83,10.0,0.0,0.0,0.0,1.0,0.0,0.0,0.0,0.0,0.0,0.0,0.0,0.0,0.0,0.0,0.0,0.0,0.0,0.0,0.0,6.0,10.0,4.0,6.0,0.0,1.0,0.0,0.0,1.0,5.0,1.0,1.0,1.0,0.0,1.0,0.0,1.0,0.0,super built up,mid,new,emaar palm gardens,gurgaon,1.6
168.62,3.0,4.0,3.0,1.0,sector 79,9.0,0.0,0.0,0.0,1.0,0.0,0.0,0.0,1.0,1.0,0.0,1.0,1.0,0.0,0.0,0.0,0.0,0.0,0.0,0.0,6.0,10.0,4.0,6.0,0.0,1.0,0.0,0.0,1.0,5.0,1.0,1.0,1.0,0.0,1.0,0.0,1.0,0.0,super built up,high,new,mapsko mount ville,gurgaon,1.55
150.5,3.0,3.0,2.0,1.0,sector 79,9.0,0.0,0.0,0.0,1.0,0.0,0.0,0.0,1.0,1.0,0.0,1.0,1.0,0.0,0.0,0.0,0.0,0.0,0.0,0.0,6.0,10.0,4.0,6.0,0.0,1.0,0.0,0.0,1.0,5.0,1.0,1.0,1.0,0.0,1.0,0.0,1.0,0.0,super built up,mid,new,mapsko mount ville,gurgaon,1.3
247.12,3.0,4.0,3.0,1.0,sector 81,9.0,0.0,0.0,0.0,1.0,0.0,0.0,0.0,1.0,0.0,0.0,0.0,1.0,0.0,0.0,0.0,0.0,0.0,0.0,0.0,6.0,10.0,4.0,6.0,0.0,1.0,0.0,0.0,1.0,5.0,1.0,1.0,1.0,0.0,1.0,0.0,1.0,0.0,super built up,high,new,bestech park view grand spa,gurgaon,2.25
382.3,5.0,5.0,3.0,1.0,sector 49,13.0,1.0,0.0,0.0,1.0,0.0,0.0,1.0,1.0,0.0,0.0,0.0,0.0,0.0,1.0,1.0,0.0,0.0,0.0,0.0,6.0,10.0,4.0,6.0,0.0,1.0,0.0,0.0,1.0,5.0,1.0,1.0,1.0,0.0,1.0,0.0,1.0,0.0,super built up,high,new,orchid petals,gurgaon,4.79
158.21,3.0,3.0,3.0,1.0,sector 90,14.0,0.0,0.0,0.0,0.0,1.0,0.0,0.0,0.0,0.0,0.0,0.0,0.0,0.0,0.0,0.0,0.0,0.0,0.0,0.0,6.0,10.0,4.0,6.0,0.0,1.0,0.0,0.0,1.0,5.0,1.0,1.0,1.0,0.0,1.0,0.0,1.0,0.0,super built up,high,new,dlf regal gardens,gurgaon,1.25
175.59,3.0,3.0,3.0,0.0,sector 91,10.0,1.0,0.0,0.0,0.0,0.0,0.0,0.0,1.0,1.0,0.0,0.0,1.0,0.0,1.0,0.0,0.0,0.0,0.0,0.0,6.0,10.0,4.0,6.0,0.0,1.0,0.0,0.0,1.0,5.0,1.0,1.0,1.0,0.0,1.0,0.0,1.0,0.0,super built up,mid,new,tarc maceo,gurgaon,1.4
191.94,3.0,3.0,3.0,1.0,sector 88,7.0,1.0,0.0,0.0,0.0,1.0,0.0,0.0,1.0,0.0,0.0,0.0,1.0,0.0,0.0,0.0,0.0,0.0,0.0,0.0,6.0,10.0,4.0,6.0,0.0,1.0,0.0,0.0,1.0,5.0,1.0,1.0,1.0,0.0,1.0,0.0,1.0,0.0,carpet,mid,new,godrej oasis,gurgaon,1.38
166.39,3.0,3.0,3.0,0.0,sector 88,7.0,1.0,0.0,0.0,0.0,1.0,0.0,0.0,1.0,0.0,0.0,0.0,1.0,0.0,0.0,0.0,0.0,0.0,0.0,0.0,6.0,10.0,4.0,6.0,0.0,1.0,0.0,0.0,1.0,5.0,1.0,1.0,1.0,0.0,1.0,0.0,1.0,0.0,carpet,mid,new,godrej oasis,gurgaon,1.3
139.63,2.0,2.0,2.0,1.0,sector 79,11.0,1.0,0.0,0.0,1.0,0.0,1.0,0.0,1.0,1.0,0.0,0.0,1.0,0.0,0.0,0.0,0.0,0.0,1.0,0.0,6.0,10.0,4.0,6.0,0.0,1.0,0.0,0.0,1.0,5.0,1.0,1.0,1.0,0.0,1.0,0.0,1.0,0.0,super built up,mid,new,godrej aria,gurgaon,1.0
134.71,2.0,2.0,3.0,1.0,sector 88,7.0,1.0,0.0,0.0,0.0,1.0,0.0,0.0,1.0,0.0,0.0,0.0,1.0,0.0,0.0,0.0,0.0,0.0,0.0,0.0,6.0,10.0,4.0,6.0,0.0,1.0,0.0,0.0,1.0,5.0,1.0,1.0,1.0,0.0,1.0,0.0,1.0,0.0,carpet,mid,new,godrej oasis,gurgaon,1.0
121.42,2.0,2.0,2.0,0.0,sector 88,7.0,1.0,0.0,0.0,0.0,1.0,0.0,0.0,1.0,0.0,0.0,0.0,1.0,0.0,0.0,0.0,0.0,0.0,0.0,0.0,6.0,10.0,4.0,6.0,0.0,1.0,0.0,0.0,1.0,5.0,1.0,1.0,1.0,0.0,1.0,0.0,1.0,0.0,carpet,mid,new,godrej oasis,gurgaon,0.95
136.75,2.0,3.0,3.0,1.0,sector 66,15.0,1.0,0.0,0.0,0.0,1.0,0.0,1.0,1.0,0.0,0.0,0.0,0.0,0.0,0.0,0.0,0.0,0.0,0.0,0.0,6.0,10.0,4.0,6.0,0.0,1.0,0.0,0.0,1.0,5.0,1.0,1.0,1.0,0.0,1.0,0.0,1.0,0.0,super built up,high,new,ireo uptown,gurgaon,1.85
181.16,4.0,3.0,3.0,1.0,sector 77,10.0,1.0,0.0,0.0,1.0,0.0,1.0,0.0,1.0,1.0,0.0,0.0,1.0,0.0,0.0,0.0,0.0,0.0,0.0,0.0,6.0,10.0,4.0,6.0,0.0,1.0,0.0,0.0,1.0,5.0,1.0,1.0,1.0,0.0,1.0,0.0,1.0,0.0,super built up,high,new,emaar mgf palm hills,gurgaon,1.65
180.51,3.0,3.0,3.0,0.0,sector 107,6.0,0.0,0.0,0.0,0.0,0.0,0.0,0.0,1.0,1.0,0.0,0.0,0.0,0.0,0.0,0.0,0.0,0.0,0.0,0.0,6.0,10.0,4.0,6.0,0.0,1.0,0.0,0.0,1.0,5.0,1.0,1.0,1.0,0.0,1.0,0.0,1.0,0.0,super built up,high,new,m3m woodshire,gurgaon,1.32
142.51,2.0,2.0,3.0,1.0,sector 107,6.0,0.0,0.0,0.0,0.0,0.0,0.0,0.0,1.0,1.0,0.0,0.0,0.0,0.0,0.0,0.0,0.0,0.0,0.0,0.0,6.0,10.0,4.0,6.0,0.0,1.0,0.0,0.0,1.0,5.0,1.0,1.0,1.0,0.0,1.0,0.0,1.0,0.0,super built up,mid,new,m3m woodshire,gurgaon,1.02
283.82,4.0,5.0,3.0,0.0,sector 109,11.0,1.0,0.0,0.0,0.0,0.0,0.0,0.0,0.0,0.0,1.0,0.0,0.0,0.0,0.0,0.0,0.0,0.0,0.0,0.0,6.0,10.0,4.0,6.0,0.0,1.0,0.0,0.0,1.0,5.0,1.0,1.0,1.0,0.0,1.0,0.0,1.0,0.0,super built up,high,new,sbtl caladium,gurgaon,1.88
199.65,3.0,4.0,3.0,1.0,sector 102,15.0,0.0,0.0,0.0,1.0,0.0,1.0,0.0,1.0,1.0,1.0,1.0,1.0,0.0,1.0,0.0,0.0,0.0,1.0,0.0,6.0,10.0,4.0,6.0,0.0,1.0,0.0,0.0,1.0,5.0,1.0,1.0,1.0,0.0,1.0,0.0,1.0,0.0,super built up,high,new,conscient heritage max,gurgaon,2.15
204.39,3.0,4.0,2.0,1.0,sector 111,10.0,1.0,0.0,0.0,1.0,0.0,0.0,0.0,1.0,1.0,0.0,1.0,1.0,0.0,0.0,0.0,0.0,0.0,0.0,0.0,6.0,10.0,4.0,6.0,0.0,1.0,0.0,0.0,1.0,5.0,1.0,1.0,1.0,0.0,1.0,0.0,1.0,0.0,super built up,high,old,puri diplomatic greens,gurgaon,2.58
157.94,3.0,3.0,2.0,0.0,sector 111,10.0,1.0,0.0,0.0,1.0,0.0,0.0,0.0,1.0,1.0,0.0,1.0,1.0,0.0,0.0,0.0,0.0,0.0,0.0,0.0,6.0,10.0,4.0,6.0,0.0,1.0,0.0,0.0,1.0,5.0,1.0,1.0,1.0,0.0,1.0,0.0,1.0,0.0,super built up,high,new,puri diplomatic greens,gurgaon,2.25
199.74,3.0,4.0,3.0,1.0,sector 109,11.0,1.0,0.0,0.0,1.0,0.0,0.0,0.0,1.0,1.0,0.0,1.0,1.0,0.0,0.0,0.0,0.0,0.0,1.0,0.0,6.0,10.0,4.0,6.0,0.0,1.0,0.0,0.0,1.0,5.0,1.0,1.0,1.0,0.0,1.0,0.0,1.0,0.0,super built up,high,new,ats tourmaline,gurgaon,1.75
119.19,2.0,3.0,3.0,0.0,sector 108,9.0,1.0,0.0,0.0,1.0,0.0,1.0,0.0,1.0,1.0,0.0,0.0,1.0,0.0,0.0,0.0,0.0,0.0,0.0,0.0,6.0,10.0,4.0,6.0,0.0,1.0,0.0,0.0,1.0,5.0,1.0,1.0,1.0,0.0,1.0,0.0,1.0,0.0,super built up,high,new,experion the heartsong,gurgaon,0.93
349.59,3.0,5.0,3.0,1.0,sector 112,8.0,1.0,0.0,0.0,0.0,0.0,1.0,0.0,1.0,1.0,1.0,0.0,1.0,0.0,0.0,0.0,0.0,0.0,0.0,0.0,6.0,10.0,4.0,6.0,0.0,1.0,0.0,0.0,1.0,5.0,1.0,1.0,1.0,0.0,1.0,0.0,1.0,0.0,super built up,mid,new,experion windchants,gurgaon,4.75
199.74,3.0,4.0,3.0,1.0,sector 79,10.0,1.0,0.0,0.0,1.0,0.0,0.0,0.0,1.0,1.0,0.0,0.0,0.0,0.0,0.0,0.0,0.0,0.0,0.0,0.0,6.0,10.0,4.0,6.0,0.0,1.0,0.0,0.0,1.0,5.0,1.0,1.0,1.0,0.0,1.0,0.0,1.0,0.0,super built up,mid,new,bestech altura,gurgaon,1.72
394.84,4.0,4.0,3.0,1.0,sector 72,10.0,1.0,0.0,0.0,0.0,0.0,1.0,0.0,1.0,0.0,0.0,1.0,0.0,0.0,1.0,0.0,0.0,0.0,0.0,0.0,6.0,10.0,4.0,6.0,0.0,1.0,0.0,0.0,1.0,5.0,1.0,1.0,1.0,0.0,1.0,0.0,1.0,0.0,super built up,low,new,tata primanti,gurgaon,6.75
111.48,2.0,2.0,2.0,1.0,sector 62,11.0,1.0,0.0,0.0,1.0,0.0,1.0,0.0,1.0,1.0,0.0,1.0,0.0,0.0,0.0,0.0,0.0,0.0,0.0,0.0,6.0,10.0,4.0,6.0,0.0,1.0,0.0,0.0,1.0,5.0,1.0,1.0,1.0,0.0,1.0,0.0,1.0,0.0,built up,mid,new,emaar digihomes,gurgaon,2.45
261.24,4.0,5.0,3.0,0.0,sector 85,13.0,1.0,0.0,0.0,1.0,0.0,1.0,0.0,1.0,1.0,0.0,0.0,1.0,0.0,1.0,0.0,0.0,0.0,1.0,0.0,6.0,10.0,4.0,6.0,0.0,1.0,0.0,0.0,1.0,5.0,1.0,1.0,1.0,0.0,1.0,0.0,1.0,0.0,super built up,mid,new,ss the leaf,gurgaon,2.2
311.69,4.0,4.0,3.0,1.0,sector 72,10.0,1.0,0.0,0.0,0.0,0.0,1.0,0.0,1.0,0.0,0.0,1.0,0.0,0.0,1.0,0.0,0.0,0.0,0.0,0.0,6.0,10.0,4.0,6.0,0.0,1.0,0.0,0.0,1.0,5.0,1.0,1.0,1.0,0.0,1.0,0.0,1.0,0.0,super built up,high,new,tata primanti,gurgaon,5.25
408.77,4.0,4.0,3.0,1.0,sector 72,10.0,1.0,0.0,0.0,0.0,0.0,1.0,0.0,1.0,0.0,0.0,1.0,0.0,0.0,1.0,0.0,0.0,0.0,0.0,0.0,6.0,10.0,4.0,6.0,0.0,1.0,0.0,0.0,1.0,5.0,1.0,1.0,1.0,0.0,1.0,0.0,1.0,0.0,super built up,low,new,tata primanti,gurgaon,5.0
418.06,4.0,4.0,3.0,1.0,sector 72,10.0,1.0,0.0,0.0,0.0,0.0,1.0,0.0,1.0,0.0,0.0,1.0,0.0,0.0,1.0,0.0,0.0,0.0,0.0,0.0,6.0,10.0,4.0,6.0,0.0,1.0,0.0,0.0,1.0,5.0,1.0,1.0,1.0,0.0,1.0,0.0,1.0,0.0,built up,low,old,tata primanti,gurgaon,5.0
205.97,3.0,4.0,3.0,1.0,sector 113,8.0,1.0,0.0,0.0,1.0,0.0,0.0,0.0,1.0,0.0,0.0,0.0,1.0,0.0,0.0,0.0,0.0,0.0,0.0,0.0,6.0,10.0,4.0,6.0,0.0,1.0,0.0,0.0,1.0,5.0,1.0,1.0,1.0,0.0,1.0,0.0,1.0,0.0,built up,mid,new,la vida by tata housing,gurgaon,2.7
238.48,4.0,4.0,3.0,1.0,sector 48,15.0,1.0,1.0,0.0,1.0,0.0,1.0,1.0,1.0,1.0,0.0,1.0,0.0,1.0,0.0,1.0,0.0,0.0,0.0,0.0,6.0,10.0,4.0,6.0,0.0,1.0,0.0,0.0,1.0,5.0,1.0,1.0,1.0,0.0,1.0,0.0,1.0,0.0,super built up,high,old,bestech park view city,gurgaon,2.65
128.21,2.0,2.0,2.0,1.0,sector 22,14.0,1.0,0.0,0.0,1.0,0.0,1.0,0.0,1.0,1.0,1.0,0.0,1.0,0.0,0.0,0.0,0.0,0.0,0.0,0.0,6.0,10.0,4.0,6.0,0.0,1.0,0.0,0.0,1.0,5.0,1.0,1.0,1.0,0.0,1.0,0.0,1.0,0.0,super built up,high,new,ambience creacions,gurgaon,1.65
172.8,3.0,3.0,3.0,1.0,sector 22,14.0,1.0,0.0,0.0,1.0,0.0,1.0,0.0,1.0,1.0,1.0,0.0,1.0,0.0,0.0,0.0,0.0,0.0,0.0,0.0,6.0,10.0,4.0,6.0,0.0,1.0,0.0,0.0,1.0,5.0,1.0,1.0,1.0,0.0,1.0,0.0,1.0,0.0,super built up,high,new,ambience creacions,gurgaon,2.55
172.8,3.0,3.0,3.0,0.0,sector 22,14.0,1.0,0.0,0.0,1.0,0.0,1.0,0.0,1.0,1.0,1.0,0.0,1.0,0.0,0.0,0.0,0.0,0.0,0.0,0.0,6.0,10.0,4.0,6.0,0.0,1.0,0.0,0.0,1.0,5.0,1.0,1.0,1.0,0.0,1.0,0.0,1.0,0.0,super built up,mid,new,ambience creacions,gurgaon,2.55
287.07,3.0,4.0,3.0,1.0,sector 22,14.0,1.0,0.0,0.0,1.0,0.0,1.0,0.0,1.0,1.0,1.0,0.0,1.0,0.0,0.0,0.0,0.0,0.0,0.0,0.0,6.0,10.0,4.0,6.0,0.0,1.0,0.0,0.0,1.0,5.0,1.0,1.0,1.0,0.0,1.0,0.0,1.0,0.0,super built up,mid,new,ambience creacions,gurgaon,4.3
186.74,4.0,4.0,2.0,1.0,sector 69,10.0,1.0,0.0,0.0,1.0,0.0,1.0,0.0,1.0,1.0,0.0,0.0,0.0,0.0,1.0,0.0,0.0,0.0,0.0,0.0,6.0,10.0,4.0,6.0,0.0,1.0,0.0,0.0,1.0,5.0,1.0,1.0,1.0,0.0,1.0,0.0,1.0,0.0,super built up,high,new,tulip violet,gurgaon,1.7
128.21,2.0,2.0,2.0,1.0,sector 22,14.0,1.0,0.0,0.0,1.0,0.0,1.0,0.0,1.0,1.0,1.0,0.0,1.0,0.0,0.0,0.0,0.0,0.0,0.0,0.0,6.0,10.0,4.0,6.0,0.0,1.0,0.0,0.0,1.0,5.0,1.0,1.0,1.0,0.0,1.0,0.0,1.0,0.0,super built up,high,new,ambience creacions,gurgaon,2.4
146.6,2.0,3.0,3.0,1.0,sector 37,8.0,1.0,0.0,0.0,1.0,1.0,0.0,0.0,1.0,0.0,0.0,0.0,1.0,0.0,0.0,0.0,0.0,0.0,0.0,0.0,6.0,10.0,4.0,6.0,0.0,1.0,0.0,0.0,1.0,5.0,1.0,1.0,1.0,0.0,1.0,0.0,1.0,0.0,super built up,mid,new,imperia the esfera,gurgaon,0.87
163.79,3.0,3.0,3.0,1.0,sector 37,13.0,0.0,0.0,0.0,1.0,0.0,1.0,0.0,1.0,1.0,1.0,0.0,1.0,0.0,1.0,0.0,0.0,0.0,0.0,0.0,6.0,10.0,4.0,6.0,0.0,1.0,0.0,0.0,1.0,5.0,1.0,1.0,1.0,0.0,1.0,0.0,1.0,0.0,super built up,mid,new,corona optus,gurgaon,1.25
168.62,3.0,5.0,3.0,1.0,sector 37,8.0,1.0,0.0,0.0,1.0,1.0,0.0,0.0,1.0,0.0,0.0,0.0,1.0,0.0,0.0,0.0,0.0,0.0,0.0,0.0,6.0,10.0,4.0,6.0,0.0,1.0,0.0,0.0,1.0,5.0,1.0,1.0,1.0,0.0,1.0,0.0,1.0,0.0,super built up,mid,new,imperia the esfera,gurgaon,0.99
153.29,3.0,3.0,3.0,1.0,sector 102,10.0,1.0,0.0,0.0,1.0,0.0,1.0,0.0,1.0,1.0,0.0,0.0,1.0,0.0,0.0,0.0,0.0,0.0,0.0,0.0,6.0,10.0,4.0,6.0,0.0,1.0,0.0,0.0,1.0,5.0,1.0,1.0,1.0,0.0,1.0,0.0,1.0,0.0,super built up,mid,new,emaar gurgaon greens,gurgaon,1.39
242.01,3.0,3.0,3.0,1.0,sector 50,9.0,1.0,0.0,0.0,0.0,0.0,1.0,0.0,1.0,1.0,1.0,1.0,0.0,0.0,0.0,0.0,0.0,0.0,0.0,0.0,6.0,10.0,4.0,6.0,0.0,1.0,0.0,0.0,1.0,5.0,1.0,1.0,1.0,0.0,1.0,0.0,1.0,0.0,super built up,mid,old,the close north,gurgaon,2.7
203.55,4.0,4.0,3.0,1.0,sector 37,11.0,1.0,0.0,0.0,1.0,0.0,1.0,0.0,1.0,1.0,0.0,0.0,1.0,0.0,1.0,0.0,0.0,0.0,0.0,0.0,6.0,10.0,4.0,6.0,0.0,1.0,0.0,0.0,1.0,5.0,1.0,1.0,1.0,0.0,1.0,0.0,1.0,0.0,super built up,mid,new,bptp terra,gurgaon,1.75
203.55,4.0,3.0,3.0,1.0,sector 37,11.0,1.0,0.0,0.0,1.0,0.0,1.0,0.0,1.0,1.0,0.0,0.0,1.0,0.0,1.0,0.0,0.0,0.0,0.0,0.0,6.0,10.0,4.0,6.0,0.0,1.0,0.0,0.0,1.0,5.0,1.0,1.0,1.0,0.0,1.0,0.0,1.0,0.0,super built up,high,new,bptp terra,gurgaon,1.55
203.55,4.0,3.0,3.0,1.0,sector 37,11.0,1.0,0.0,0.0,1.0,0.0,1.0,0.0,1.0,1.0,0.0,0.0,1.0,0.0,1.0,0.0,0.0,0.0,0.0,0.0,6.0,10.0,4.0,6.0,0.0,1.0,0.0,0.0,1.0,5.0,1.0,1.0,1.0,0.0,1.0,0.0,1.0,0.0,super built up,mid,new,bptp terra,gurgaon,1.6
162.58,3.0,3.0,3.0,0.0,sector 109,11.0,1.0,0.0,0.0,1.0,0.0,0.0,0.0,1.0,1.0,0.0,1.0,1.0,0.0,0.0,0.0,0.0,0.0,1.0,0.0,6.0,10.0,4.0,6.0,0.0,1.0,0.0,0.0,1.0,5.0,1.0,1.0,1.0,0.0,1.0,0.0,1.0,0.0,super built up,mid,new,ats tourmaline,gurgaon,1.4
178.84,3.0,3.0,3.0,1.0,sector 70,12.0,0.0,0.0,0.0,1.0,0.0,1.0,0.0,1.0,1.0,1.0,1.0,0.0,0.0,0.0,0.0,1.0,0.0,0.0,0.0,6.0,10.0,4.0,6.0,0.0,1.0,0.0,0.0,1.0,5.0,1.0,1.0,1.0,0.0,1.0,0.0,1.0,0.0,built up,low,new,bptp astaire gardens,gurgaon,1.8
257.16,4.0,5.0,3.0,1.0,sector 107,6.0,0.0,0.0,0.0,0.0,0.0,0.0,0.0,1.0,1.0,0.0,0.0,0.0,0.0,0.0,0.0,0.0,0.0,0.0,0.0,6.0,10.0,4.0,6.0,0.0,1.0,0.0,0.0,1.0,5.0,1.0,1.0,1.0,0.0,1.0,0.0,1.0,0.0,super built up,high,new,m3m woodshire,gurgaon,1.65
219.99,3.0,5.0,3.0,1.0,sector 30,15.0,1.0,1.0,0.0,0.0,1.0,1.0,1.0,1.0,0.0,0.0,1.0,0.0,0.0,1.0,1.0,0.0,0.0,0.0,0.0,6.0,10.0,4.0,6.0,0.0,1.0,0.0,0.0,1.0,5.0,1.0,1.0,1.0,0.0,1.0,0.0,1.0,0.0,super built up,high,old,unitech uniworld city,gurgaon,3.55
213.68,4.0,4.0,3.0,1.0,sector 54,7.0,1.0,0.0,0.0,1.0,0.0,0.0,0.0,1.0,1.0,0.0,1.0,0.0,0.0,0.0,0.0,0.0,0.0,0.0,0.0,6.0,10.0,4.0,6.0,0.0,1.0,0.0,0.0,1.0,5.0,1.0,1.0,1.0,0.0,1.0,0.0,1.0,0.0,carpet,high,old,dlf the icon,gurgaon,6.0
163.14,3.0,4.0,3.0,1.0,sector 48,15.0,1.0,1.0,0.0,1.0,0.0,1.0,1.0,1.0,1.0,0.0,1.0,0.0,1.0,0.0,1.0,0.0,0.0,0.0,0.0,6.0,10.0,4.0,6.0,0.0,1.0,0.0,0.0,1.0,5.0,1.0,1.0,1.0,0.0,1.0,0.0,1.0,0.0,carpet,low,old,bestech park view city,gurgaon,1.8
218.32,3.0,4.0,3.0,1.0,sector 70,11.0,1.0,0.0,0.0,1.0,0.0,1.0,0.0,1.0,1.0,0.0,0.0,0.0,0.0,0.0,0.0,0.0,0.0,0.0,0.0,6.0,10.0,4.0,6.0,0.0,1.0,0.0,0.0,1.0,5.0,1.0,1.0,1.0,0.0,1.0,0.0,1.0,0.0,super built up,high,new,aipl the peaceful homes,gurgaon,2.5
218.32,4.0,3.0,3.0,1.0,sector 39,47.0,1.0,0.0,0.0,0.0,0.0,0.0,1.0,0.0,0.0,0.0,0.0,0.0,0.0,0.0,0.0,1.0,0.0,0.0,0.0,6.0,10.0,4.0,6.0,0.0,1.0,0.0,0.0,1.0,5.0,1.0,1.0,1.0,0.0,1.0,0.0,1.0,0.0,carpet,high,old,hector trimurti heights,gurgaon,1.5
163.04,3.0,2.0,2.0,0.0,sector 83,10.0,1.0,0.0,0.0,1.0,0.0,1.0,0.0,1.0,1.0,0.0,0.0,0.0,0.0,0.0,0.0,0.0,0.0,0.0,0.0,6.0,10.0,4.0,6.0,0.0,1.0,0.0,0.0,1.0,5.0,1.0,1.0,1.0,0.0,1.0,0.0,1.0,0.0,super built up,low,old,vatika lifestyle homes,gurgaon,1.04
54.91,2.0,2.0,1.0,1.0,sector 67,11.0,0.0,0.0,0.0,1.0,0.0,1.0,0.0,1.0,0.0,0.0,0.0,0.0,1.0,0.0,0.0,0.0,0.0,0.0,0.0,6.0,10.0,4.0,6.0,0.0,1.0,0.0,0.0,1.0,5.0,1.0,1.0,1.0,0.0,1.0,0.0,1.0,0.0,carpet,mid,new,pyramid urban,gurgaon,0.53
181.16,3.0,5.0,3.0,1.0,sector 70,15.0,1.0,0.0,0.0,1.0,0.0,1.0,1.0,0.0,0.0,0.0,0.0,0.0,1.0,0.0,0.0,0.0,0.0,0.0,0.0,6.0,10.0,4.0,6.0,0.0,1.0,0.0,0.0,1.0,5.0,1.0,1.0,1.0,0.0,1.0,0.0,1.0,0.0,super built up,high,new,shree vardhman victoria,gurgaon,1.64
183.48,4.0,4.0,3.0,1.0,sector 65,6.0,1.0,0.0,0.0,0.0,0.0,0.0,0.0,0.0,1.0,0.0,0.0,0.0,0.0,1.0,0.0,0.0,0.0,0.0,0.0,6.0,10.0,4.0,6.0,0.0,1.0,0.0,0.0,1.0,5.0,1.0,1.0,1.0,0.0,1.0,0.0,1.0,0.0,super built up,mid,new,emaar mgf emerald floors premier,gurgaon,2.9
153.29,3.0,3.0,3.0,1.0,sector 65,6.0,1.0,0.0,0.0,0.0,0.0,0.0,0.0,0.0,1.0,0.0,0.0,0.0,0.0,1.0,0.0,0.0,0.0,0.0,0.0,6.0,10.0,4.0,6.0,0.0,1.0,0.0,0.0,1.0,5.0,1.0,1.0,1.0,0.0,1.0,0.0,1.0,0.0,super built up,mid,new,emaar mgf emerald floors premier,gurgaon,2.36
184.23,3.0,4.0,3.0,1.0,sector 54,15.0,1.0,0.0,0.0,0.0,1.0,0.0,1.0,1.0,0.0,0.0,1.0,0.0,0.0,0.0,0.0,1.0,0.0,0.0,0.0,6.0,10.0,4.0,6.0,0.0,1.0,0.0,0.0,1.0,5.0,1.0,1.0,1.0,0.0,1.0,0.0,1.0,0.0,super built up,mid,old,dlf park place,gurgaon,4.85
183.95,3.0,3.0,2.0,1.0,sector 83,10.0,0.0,0.0,0.0,1.0,0.0,0.0,0.0,1.0,1.0,0.0,1.0,1.0,0.0,0.0,0.0,0.0,0.0,0.0,0.0,6.0,10.0,4.0,6.0,0.0,1.0,0.0,0.0,1.0,5.0,1.0,1.0,1.0,0.0,1.0,0.0,1.0,0.0,super built up,low,new,vatika gurgaon 21,gurgaon,1.25
181.16,3.0,3.0,2.0,1.0,sector 90,10.0,1.0,0.0,0.0,1.0,0.0,1.0,0.0,1.0,1.0,0.0,0.0,1.0,0.0,1.0,0.0,0.0,0.0,0.0,0.0,6.0,10.0,4.0,6.0,0.0,1.0,0.0,0.0,1.0,5.0,1.0,1.0,1.0,0.0,1.0,0.0,1.0,0.0,carpet,mid,new,shree vardhman flora,gurgaon,0.92
195.93,3.0,3.0,3.0,1.0,sector 81,9.0,1.0,0.0,0.0,0.0,0.0,0.0,0.0,1.0,1.0,0.0,1.0,0.0,0.0,0.0,0.0,0.0,0.0,0.0,0.0,6.0,10.0,4.0,6.0,0.0,1.0,0.0,0.0,1.0,5.0,1.0,1.0,1.0,0.0,1.0,0.0,1.0,0.0,carpet,high,new,dlf the ultima,gurgaon,2.7
125.6,2.0,3.0,2.0,1.0,sector 90,10.0,1.0,0.0,0.0,1.0,0.0,1.0,0.0,1.0,1.0,0.0,0.0,1.0,0.0,1.0,0.0,0.0,0.0,0.0,0.0,6.0,10.0,4.0,6.0,0.0,1.0,0.0,0.0,1.0,5.0,1.0,1.0,1.0,0.0,1.0,0.0,1.0,0.0,carpet,mid,new,shree vardhman flora,gurgaon,0.7
161.74,2.0,2.0,2.0,0.0,sector 85,13.0,1.0,0.0,0.0,1.0,0.0,1.0,0.0,1.0,1.0,0.0,0.0,1.0,0.0,1.0,0.0,0.0,0.0,1.0,0.0,6.0,10.0,4.0,6.0,0.0,1.0,0.0,0.0,1.0,5.0,1.0,1.0,1.0,0.0,1.0,0.0,1.0,0.0,carpet,high,new,ss the leaf,gurgaon,1.25
261.24,4.0,4.0,3.0,1.0,sector 85,13.0,1.0,0.0,0.0,1.0,0.0,1.0,0.0,1.0,1.0,0.0,0.0,1.0,0.0,1.0,0.0,0.0,0.0,1.0,0.0,6.0,10.0,4.0,6.0,0.0,1.0,0.0,0.0,1.0,5.0,1.0,1.0,1.0,0.0,1.0,0.0,1.0,0.0,super built up,high,new,ss the leaf,gurgaon,2.3
223.71,3.0,4.0,3.0,1.0,sector 85,13.0,1.0,0.0,0.0,1.0,0.0,1.0,0.0,1.0,1.0,0.0,0.0,1.0,0.0,1.0,0.0,0.0,0.0,1.0,0.0,6.0,10.0,4.0,6.0,0.0,1.0,0.0,0.0,1.0,5.0,1.0,1.0,1.0,0.0,1.0,0.0,1.0,0.0,super built up,high,new,ss the leaf,gurgaon,2.0
161.19,3.0,3.0,2.0,1.0,sector 83,10.0,0.0,0.0,0.0,1.0,0.0,0.0,0.0,1.0,1.0,0.0,1.0,1.0,0.0,0.0,0.0,0.0,0.0,0.0,0.0,6.0,10.0,4.0,6.0,0.0,1.0,0.0,0.0,1.0,5.0,1.0,1.0,1.0,0.0,1.0,0.0,1.0,0.0,super built up,high,new,vatika gurgaon 21,gurgaon,1.08
129.6,3.0,3.0,3.0,1.0,sector 65,8.0,1.0,0.0,0.0,1.0,0.0,0.0,0.0,1.0,1.0,0.0,1.0,0.0,0.0,0.0,0.0,0.0,1.0,0.0,0.0,6.0,10.0,4.0,6.0,0.0,1.0,0.0,0.0,1.0,5.0,1.0,1.0,1.0,0.0,1.0,0.0,1.0,0.0,super built up,high,new,emaar mgf emerald estate,gurgaon,1.73
94.76,2.0,2.0,2.0,1.0,sector 65,8.0,1.0,0.0,0.0,1.0,0.0,0.0,0.0,1.0,1.0,0.0,1.0,0.0,0.0,0.0,0.0,0.0,1.0,0.0,0.0,6.0,10.0,4.0,6.0,0.0,1.0,0.0,0.0,1.0,5.0,1.0,1.0,1.0,0.0,1.0,0.0,1.0,0.0,super built up,mid,new,emaar mgf emerald estate,gurgaon,1.3
183.48,4.0,4.0,3.0,1.0,sector 65,6.0,1.0,0.0,0.0,0.0,0.0,0.0,0.0,0.0,1.0,0.0,0.0,0.0,0.0,1.0,0.0,0.0,0.0,0.0,0.0,6.0,10.0,4.0,6.0,0.0,1.0,0.0,0.0,1.0,5.0,1.0,1.0,1.0,0.0,1.0,0.0,1.0,0.0,super built up,mid,new,emaar mgf emerald floors premier,gurgaon,2.85
153.29,3.0,3.0,3.0,1.0,sector 65,6.0,1.0,0.0,0.0,0.0,0.0,0.0,0.0,0.0,1.0,0.0,0.0,0.0,0.0,1.0,0.0,0.0,0.0,0.0,0.0,6.0,10.0,4.0,6.0,0.0,1.0,0.0,0.0,1.0,5.0,1.0,1.0,1.0,0.0,1.0,0.0,1.0,0.0,super built up,low,new,emaar mgf emerald floors premier,gurgaon,2.25
153.29,3.0,3.0,3.0,1.0,sector 65,6.0,1.0,0.0,0.0,0.0,0.0,0.0,0.0,0.0,1.0,0.0,0.0,0.0,0.0,1.0,0.0,0.0,0.0,0.0,0.0,6.0,10.0,4.0,6.0,0.0,1.0,0.0,0.0,1.0,5.0,1.0,1.0,1.0,0.0,1.0,0.0,1.0,0.0,super built up,low,new,emaar mgf emerald floors premier,gurgaon,2.35
183.48,4.0,4.0,3.0,1.0,sector 65,6.0,1.0,0.0,0.0,0.0,0.0,0.0,0.0,0.0,1.0,0.0,0.0,0.0,0.0,1.0,0.0,0.0,0.0,0.0,0.0,6.0,10.0,4.0,6.0,0.0,1.0,0.0,0.0,1.0,5.0,1.0,1.0,1.0,0.0,1.0,0.0,1.0,0.0,super built up,low,new,emaar mgf emerald floors premier,gurgaon,2.8
153.29,3.0,3.0,3.0,1.0,sector 65,6.0,1.0,0.0,0.0,0.0,0.0,0.0,0.0,0.0,1.0,0.0,0.0,0.0,0.0,1.0,0.0,0.0,0.0,0.0,0.0,6.0,10.0,4.0,6.0,0.0,1.0,0.0,0.0,1.0,5.0,1.0,1.0,1.0,0.0,1.0,0.0,1.0,0.0,super built up,low,new,emaar mgf emerald floors premier,gurgaon,2.35
183.48,4.0,4.0,3.0,1.0,sector 65,6.0,1.0,0.0,0.0,0.0,0.0,0.0,0.0,0.0,1.0,0.0,0.0,0.0,0.0,1.0,0.0,0.0,0.0,0.0,0.0,6.0,10.0,4.0,6.0,0.0,1.0,0.0,0.0,1.0,5.0,1.0,1.0,1.0,0.0,1.0,0.0,1.0,0.0,super built up,low,new,emaar mgf emerald floors premier,gurgaon,2.75
153.29,3.0,3.0,3.0,1.0,sector 65,6.0,1.0,0.0,0.0,0.0,0.0,0.0,0.0,0.0,1.0,0.0,0.0,0.0,0.0,1.0,0.0,0.0,0.0,0.0,0.0,6.0,10.0,4.0,6.0,0.0,1.0,0.0,0.0,1.0,5.0,1.0,1.0,1.0,0.0,1.0,0.0,1.0,0.0,super built up,low,new,emaar mgf emerald floors premier,gurgaon,2.36
223.9,4.0,4.0,3.0,1.0,sector 66,8.0,1.0,0.0,0.0,1.0,0.0,1.0,0.0,1.0,1.0,0.0,1.0,0.0,0.0,0.0,0.0,0.0,0.0,0.0,0.0,6.0,10.0,4.0,6.0,0.0,1.0,0.0,0.0,1.0,5.0,1.0,1.0,1.0,0.0,1.0,0.0,1.0,0.0,super built up,low,new,emaar mgf palm terraces select,gurgaon,3.4
124.68,2.0,2.0,2.0,0.0,sector 77,10.0,1.0,0.0,0.0,1.0,0.0,1.0,0.0,1.0,1.0,0.0,0.0,1.0,0.0,0.0,0.0,0.0,0.0,0.0,0.0,6.0,10.0,4.0,6.0,0.0,1.0,0.0,0.0,1.0,5.0,1.0,1.0,1.0,0.0,1.0,0.0,1.0,0.0,super built up,high,new,umang winter hills,gurgaon,0.8
557.42,4.0,4.0,3.0,1.0,sector 2,27.0,1.0,0.0,0.0,0.0,1.0,1.0,1.0,1.0,0.0,0.0,0.0,0.0,0.0,0.0,1.0,0.0,0.0,0.0,1.0,6.0,10.0,4.0,6.0,0.0,1.0,0.0,0.0,1.0,5.0,1.0,1.0,1.0,0.0,1.0,0.0,1.0,0.0,super built up,mid,new,.,gurgaon,7.0
174.38,3.0,4.0,3.0,1.0,sector 50,7.0,1.0,0.0,0.0,0.0,0.0,1.0,0.0,1.0,1.0,0.0,1.0,0.0,0.0,0.0,0.0,0.0,0.0,0.0,0.0,6.0,10.0,4.0,6.0,0.0,1.0,0.0,0.0,1.0,5.0,1.0,1.0,1.0,0.0,1.0,0.0,1.0,0.0,super built up,mid,old,unitech fresco,gurgaon,1.8
230.4,3.0,4.0,3.0,1.0,sector 50,9.0,1.0,0.0,0.0,0.0,0.0,1.0,0.0,1.0,1.0,1.0,1.0,0.0,0.0,0.0,0.0,0.0,0.0,0.0,0.0,6.0,10.0,4.0,6.0,0.0,1.0,0.0,0.0,1.0,5.0,1.0,1.0,1.0,0.0,1.0,0.0,1.0,0.0,super built up,mid,old,the close north,gurgaon,2.65
161.19,3.0,3.0,3.0,1.0,sector 83,10.0,0.0,0.0,0.0,1.0,0.0,0.0,0.0,1.0,1.0,0.0,1.0,1.0,0.0,0.0,0.0,0.0,0.0,0.0,0.0,6.0,10.0,4.0,6.0,0.0,1.0,0.0,0.0,1.0,5.0,1.0,1.0,1.0,0.0,1.0,0.0,1.0,0.0,super built up,low,new,vatika gurgaon 21,gurgaon,1.05
166.67,3.0,3.0,3.0,1.0,sector 50,7.0,1.0,0.0,0.0,0.0,0.0,1.0,0.0,1.0,1.0,0.0,1.0,0.0,0.0,0.0,0.0,0.0,0.0,0.0,0.0,6.0,10.0,4.0,6.0,0.0,1.0,0.0,0.0,1.0,5.0,1.0,1.0,1.0,0.0,1.0,0.0,1.0,0.0,super built up,high,old,unitech fresco,gurgaon,1.88
142.51,2.0,2.0,3.0,1.0,sector 84,10.0,1.0,0.0,0.0,1.0,1.0,1.0,1.0,1.0,0.0,0.0,0.0,0.0,0.0,0.0,0.0,0.0,0.0,0.0,0.0,6.0,10.0,4.0,6.0,0.0,1.0,0.0,0.0,1.0,5.0,1.0,1.0,1.0,0.0,1.0,0.0,1.0,0.0,super built up,high,new,alpha corp gurgaonone 84,gurgaon,1.15
222.04,4.0,4.0,3.0,1.0,sector 83,10.0,0.0,0.0,0.0,1.0,0.0,0.0,0.0,1.0,1.0,0.0,1.0,1.0,0.0,0.0,0.0,0.0,0.0,0.0,0.0,6.0,10.0,4.0,6.0,0.0,1.0,0.0,0.0,1.0,5.0,1.0,1.0,1.0,0.0,1.0,0.0,1.0,0.0,super built up,low,new,vatika gurgaon 21,gurgaon,1.33
251.86,3.0,4.0,2.0,1.0,sector 50,12.0,1.0,0.0,0.0,1.0,0.0,1.0,0.0,1.0,1.0,0.0,1.0,0.0,0.0,1.0,0.0,0.0,0.0,0.0,0.0,6.0,10.0,4.0,6.0,0.0,1.0,0.0,0.0,1.0,5.0,1.0,1.0,1.0,0.0,1.0,0.0,1.0,0.0,super built up,high,new,unitech harmony,gurgaon,2.6
242.01,3.0,3.0,3.0,1.0,sector 50,9.0,1.0,0.0,0.0,0.0,0.0,1.0,0.0,1.0,1.0,1.0,1.0,0.0,0.0,0.0,0.0,0.0,0.0,0.0,0.0,6.0,10.0,4.0,6.0,0.0,1.0,0.0,0.0,1.0,5.0,1.0,1.0,1.0,0.0,1.0,0.0,1.0,0.0,super built up,high,old,the close north,gurgaon,2.97
186.74,4.0,4.0,2.0,1.0,sector 69,10.0,1.0,0.0,0.0,1.0,0.0,1.0,0.0,1.0,1.0,0.0,0.0,0.0,0.0,1.0,0.0,0.0,0.0,0.0,0.0,6.0,10.0,4.0,6.0,0.0,1.0,0.0,0.0,1.0,5.0,1.0,1.0,1.0,0.0,1.0,0.0,1.0,0.0,super built up,high,new,tulip violet,gurgaon,1.8
186.74,4.0,4.0,2.0,1.0,sector 69,10.0,1.0,0.0,0.0,1.0,0.0,1.0,0.0,1.0,1.0,0.0,0.0,0.0,0.0,1.0,0.0,0.0,0.0,0.0,0.0,6.0,10.0,4.0,6.0,0.0,1.0,0.0,0.0,1.0,5.0,1.0,1.0,1.0,0.0,1.0,0.0,1.0,0.0,super built up,high,new,tulip violet,gurgaon,1.78
146.6,3.0,3.0,2.0,1.0,sector 69,10.0,1.0,0.0,0.0,1.0,0.0,1.0,0.0,1.0,1.0,0.0,0.0,0.0,0.0,1.0,0.0,0.0,0.0,0.0,0.0,6.0,10.0,4.0,6.0,0.0,1.0,0.0,0.0,1.0,5.0,1.0,1.0,1.0,0.0,1.0,0.0,1.0,0.0,super built up,mid,new,tulip violet,gurgaon,1.52
146.6,3.0,3.0,2.0,1.0,sector 69,10.0,1.0,0.0,0.0,1.0,0.0,1.0,0.0,1.0,1.0,0.0,0.0,0.0,0.0,1.0,0.0,0.0,0.0,0.0,0.0,6.0,10.0,4.0,6.0,0.0,1.0,0.0,0.0,1.0,5.0,1.0,1.0,1.0,0.0,1.0,0.0,1.0,0.0,super built up,high,new,tulip violet,gurgaon,1.55
179.3,3.0,3.0,1.0,1.0,sector 86,10.0,0.0,0.0,0.0,1.0,0.0,0.0,0.0,1.0,1.0,0.0,0.0,0.0,0.0,1.0,0.0,0.0,0.0,0.0,0.0,6.0,10.0,4.0,6.0,0.0,1.0,0.0,0.0,1.0,5.0,1.0,1.0,1.0,0.0,1.0,0.0,1.0,0.0,super built up,high,new,dlf the skycourt,gurgaon,1.55
43.48,1.0,1.0,1.0,0.0,sector 83,10.0,1.0,0.0,0.0,0.0,0.0,0.0,0.0,0.0,0.0,0.0,0.0,0.0,1.0,0.0,0.0,0.0,0.0,0.0,1.0,6.0,10.0,4.0,6.0,0.0,1.0,0.0,0.0,1.0,5.0,1.0,1.0,1.0,0.0,1.0,0.0,1.0,0.0,carpet,mid,new,sapphire eighty three,gurgaon,0.4
199.74,3.0,3.0,3.0,1.0,sector 70,11.0,1.0,0.0,0.0,1.0,0.0,1.0,0.0,1.0,1.0,0.0,0.0,0.0,0.0,0.0,0.0,0.0,0.0,0.0,0.0,6.0,10.0,4.0,6.0,0.0,1.0,0.0,0.0,1.0,5.0,1.0,1.0,1.0,0.0,1.0,0.0,1.0,0.0,super built up,high,new,aipl the peaceful homes,gurgaon,2.4
200.67,3.0,3.0,3.0,1.0,sector 82,10.0,1.0,0.0,0.0,1.0,0.0,1.0,0.0,1.0,1.0,0.0,0.0,0.0,0.0,0.0,0.0,0.0,0.0,1.0,0.0,6.0,10.0,4.0,6.0,0.0,1.0,0.0,0.0,1.0,5.0,1.0,1.0,1.0,0.0,1.0,0.0,1.0,0.0,super built up,high,new,vatika the seven lamps,gurgaon,1.37
209.16,3.0,4.0,3.0,1.0,sector 49,14.0,1.0,0.0,0.0,0.0,0.0,1.0,1.0,0.0,0.0,0.0,0.0,0.0,0.0,0.0,0.0,0.0,0.0,0.0,0.0,6.0,10.0,4.0,6.0,0.0,1.0,0.0,0.0,1.0,5.0,1.0,1.0,1.0,0.0,1.0,0.0,1.0,0.0,super built up,high,old,vatika city,gurgaon,2.65
168.71,3.0,4.0,3.0,1.0,sector 104,15.0,1.0,0.0,0.0,1.0,0.0,0.0,0.0,1.0,1.0,1.0,1.0,1.0,0.0,1.0,0.0,0.0,0.0,1.0,0.0,6.0,10.0,4.0,6.0,0.0,1.0,0.0,0.0,1.0,5.0,1.0,1.0,1.0,0.0,1.0,0.0,1.0,0.0,carpet,high,new,godrej summit,gurgaon,1.16
167.23,3.0,4.0,3.0,1.0,sector 104,15.0,1.0,0.0,0.0,1.0,0.0,0.0,0.0,1.0,1.0,1.0,1.0,1.0,0.0,1.0,0.0,0.0,0.0,1.0,0.0,6.0,10.0,4.0,6.0,0.0,1.0,0.0,0.0,1.0,5.0,1.0,1.0,1.0,0.0,1.0,0.0,1.0,0.0,carpet,mid,new,godrej summit,gurgaon,1.05
250.84,4.0,5.0,3.0,1.0,sector 104,15.0,1.0,0.0,0.0,1.0,0.0,0.0,0.0,1.0,1.0,1.0,1.0,1.0,0.0,1.0,0.0,0.0,0.0,1.0,0.0,6.0,10.0,4.0,6.0,0.0,1.0,0.0,0.0,1.0,5.0,1.0,1.0,1.0,0.0,1.0,0.0,1.0,0.0,carpet,high,new,godrej summit,gurgaon,1.35
250.09,4.0,5.0,3.0,1.0,sector 104,15.0,1.0,0.0,0.0,1.0,0.0,0.0,0.0,1.0,1.0,1.0,1.0,1.0,0.0,1.0,0.0,0.0,0.0,1.0,0.0,6.0,10.0,4.0,6.0,0.0,1.0,0.0,0.0,1.0,5.0,1.0,1.0,1.0,0.0,1.0,0.0,1.0,0.0,carpet,high,new,godrej summit,gurgaon,1.35
181.16,3.0,3.0,3.0,1.0,sector 66,14.0,1.0,0.0,0.0,0.0,0.0,1.0,0.0,1.0,1.0,0.0,1.0,0.0,0.0,0.0,0.0,0.0,1.0,0.0,0.0,6.0,10.0,4.0,6.0,0.0,1.0,0.0,0.0,1.0,5.0,1.0,1.0,1.0,0.0,1.0,0.0,1.0,0.0,super built up,high,new,emaar mgf the palm drive,gurgaon,2.85
54.16,2.0,2.0,1.0,0.0,sector 84,15.0,1.0,0.0,0.0,0.0,0.0,0.0,1.0,1.0,1.0,0.0,0.0,1.0,1.0,1.0,0.0,0.0,0.0,0.0,0.0,6.0,10.0,4.0,6.0,0.0,1.0,0.0,0.0,1.0,5.0,1.0,1.0,1.0,0.0,1.0,0.0,1.0,0.0,super built up,mid,new,pivotal devaan,gurgaon,0.35
126.91,2.0,2.0,3.0,0.0,sector 107,6.0,0.0,0.0,0.0,0.0,0.0,0.0,0.0,1.0,1.0,0.0,0.0,0.0,0.0,0.0,0.0,0.0,0.0,0.0,0.0,6.0,10.0,4.0,6.0,0.0,1.0,0.0,0.0,1.0,5.0,1.0,1.0,1.0,0.0,1.0,0.0,1.0,0.0,super built up,low,new,m3m woodshire,gurgaon,0.88
239.6,3.0,4.0,3.0,1.0,sector 102,11.0,1.0,0.0,0.0,1.0,0.0,1.0,0.0,1.0,1.0,0.0,0.0,1.0,0.0,1.0,0.0,0.0,0.0,0.0,0.0,6.0,10.0,4.0,6.0,0.0,1.0,0.0,0.0,1.0,5.0,1.0,1.0,1.0,0.0,1.0,0.0,1.0,0.0,super built up,low,new,adani m2k oyster grande,gurgaon,2.4
260.96,4.0,5.0,3.0,1.0,sector 60,7.0,1.0,0.0,0.0,0.0,0.0,1.0,0.0,1.0,1.0,0.0,1.0,0.0,0.0,0.0,0.0,0.0,0.0,0.0,0.0,6.0,10.0,4.0,6.0,0.0,1.0,0.0,0.0,1.0,5.0,1.0,1.0,1.0,0.0,1.0,0.0,1.0,0.0,super built up,high,new,ireo skyon,gurgaon,3.6
497.03,4.0,4.0,3.0,1.0,sector 2,11.0,1.0,0.0,0.0,1.0,0.0,1.0,0.0,1.0,1.0,0.0,1.0,0.0,0.0,0.0,0.0,0.0,0.0,0.0,0.0,6.0,10.0,4.0,6.0,0.0,1.0,0.0,0.0,1.0,5.0,1.0,1.0,1.0,0.0,1.0,0.0,1.0,0.0,super built up,high,new,paras quartier,gurgaon,7.5
118.54,2.0,2.0,2.0,0.0,sector 113,8.0,1.0,0.0,0.0,1.0,0.0,0.0,0.0,1.0,0.0,0.0,0.0,1.0,0.0,0.0,0.0,0.0,0.0,0.0,0.0,6.0,10.0,4.0,6.0,0.0,1.0,0.0,0.0,1.0,5.0,1.0,1.0,1.0,0.0,1.0,0.0,1.0,0.0,super built up,mid,new,la vida by tata housing,gurgaon,1.45
185.53,3.0,3.0,3.0,0.0,sector 50,9.0,1.0,0.0,0.0,0.0,0.0,1.0,0.0,1.0,1.0,1.0,1.0,0.0,0.0,0.0,0.0,0.0,0.0,0.0,0.0,6.0,10.0,4.0,6.0,0.0,1.0,0.0,0.0,1.0,5.0,1.0,1.0,1.0,0.0,1.0,0.0,1.0,0.0,super built up,high,old,the close north,gurgaon,2.35
133.32,2.0,2.0,2.0,1.0,sector 82,10.0,1.0,0.0,0.0,1.0,0.0,1.0,0.0,1.0,1.0,0.0,0.0,0.0,0.0,0.0,0.0,0.0,0.0,1.0,0.0,6.0,10.0,4.0,6.0,0.0,1.0,0.0,0.0,1.0,5.0,1.0,1.0,1.0,0.0,1.0,0.0,1.0,0.0,super built up,high,new,vatika the seven lamps,gurgaon,0.94
120.77,2.0,2.0,2.0,0.0,sector 82,10.0,1.0,0.0,0.0,1.0,0.0,1.0,0.0,1.0,1.0,0.0,0.0,0.0,0.0,0.0,0.0,0.0,0.0,1.0,0.0,6.0,10.0,4.0,6.0,0.0,1.0,0.0,0.0,1.0,5.0,1.0,1.0,1.0,0.0,1.0,0.0,1.0,0.0,super built up,high,new,vatika the seven lamps,gurgaon,0.8
231.42,3.0,4.0,3.0,1.0,sector 50,15.0,0.0,0.0,1.0,0.0,1.0,0.0,1.0,1.0,0.0,0.0,0.0,0.0,1.0,0.0,1.0,0.0,0.0,0.0,0.0,6.0,10.0,4.0,6.0,0.0,1.0,0.0,0.0,1.0,5.0,1.0,1.0,1.0,0.0,1.0,0.0,1.0,0.0,super built up,mid,old,the close south,gurgaon,3.1
200.67,3.0,3.0,3.0,1.0,sector 82,10.0,1.0,0.0,0.0,1.0,0.0,1.0,0.0,1.0,1.0,0.0,0.0,0.0,0.0,0.0,0.0,0.0,0.0,1.0,0.0,6.0,10.0,4.0,6.0,0.0,1.0,0.0,0.0,1.0,5.0,1.0,1.0,1.0,0.0,1.0,0.0,1.0,0.0,super built up,high,new,vatika the seven lamps,gurgaon,1.39
133.32,2.0,2.0,3.0,1.0,sector 82,10.0,1.0,0.0,0.0,1.0,0.0,1.0,0.0,1.0,1.0,0.0,0.0,0.0,0.0,0.0,0.0,0.0,0.0,1.0,0.0,6.0,10.0,4.0,6.0,0.0,1.0,0.0,0.0,1.0,5.0,1.0,1.0,1.0,0.0,1.0,0.0,1.0,0.0,super built up,high,new,vatika the seven lamps,gurgaon,0.94
120.59,2.0,2.0,2.0,0.0,sector 82,10.0,1.0,0.0,0.0,1.0,0.0,1.0,0.0,1.0,1.0,0.0,0.0,0.0,0.0,0.0,0.0,0.0,0.0,1.0,0.0,6.0,10.0,4.0,6.0,0.0,1.0,0.0,0.0,1.0,5.0,1.0,1.0,1.0,0.0,1.0,0.0,1.0,0.0,super built up,high,new,vatika the seven lamps,gurgaon,0.78
132.85,2.0,2.0,2.0,1.0,sector 82,10.0,1.0,0.0,0.0,1.0,0.0,1.0,0.0,1.0,1.0,0.0,0.0,0.0,0.0,0.0,0.0,0.0,0.0,1.0,0.0,6.0,10.0,4.0,6.0,0.0,1.0,0.0,0.0,1.0,5.0,1.0,1.0,1.0,0.0,1.0,0.0,1.0,0.0,super built up,high,new,vatika the seven lamps,gurgaon,0.86
121.89,2.0,2.0,2.0,0.0,sector 85,5.0,0.0,0.0,0.0,0.0,0.0,0.0,0.0,0.0,1.0,0.0,1.0,1.0,0.0,0.0,0.0,0.0,0.0,0.0,0.0,6.0,10.0,4.0,6.0,0.0,1.0,0.0,0.0,1.0,5.0,1.0,1.0,1.0,0.0,1.0,0.0,1.0,0.0,super built up,mid,new,orris aster court,gurgaon,0.68
208.47,3.0,4.0,3.0,1.0,sector 79,10.0,0.0,0.0,0.0,0.0,0.0,0.0,0.0,1.0,1.0,0.0,0.0,0.0,0.0,0.0,0.0,0.0,0.0,1.0,0.0,6.0,10.0,4.0,6.0,0.0,1.0,0.0,0.0,1.0,5.0,1.0,1.0,1.0,0.0,1.0,0.0,1.0,0.0,super built up,mid,new,godrej 101,gurgaon,2.03
152.83,3.0,4.0,3.0,1.0,sector 85,8.0,1.0,0.0,0.0,1.0,0.0,1.0,0.0,1.0,0.0,0.0,0.0,0.0,0.0,0.0,0.0,0.0,0.0,0.0,0.0,6.0,10.0,4.0,6.0,0.0,1.0,0.0,0.0,1.0,5.0,1.0,1.0,1.0,0.0,1.0,0.0,1.0,0.0,super built up,mid,new,orris carnation residency,gurgaon,0.8
125.42,2.0,2.0,3.0,1.0,sector 90,10.0,1.0,0.0,0.0,1.0,0.0,1.0,0.0,1.0,1.0,0.0,0.0,1.0,0.0,1.0,0.0,0.0,0.0,0.0,0.0,6.0,10.0,4.0,6.0,0.0,1.0,0.0,0.0,1.0,5.0,1.0,1.0,1.0,0.0,1.0,0.0,1.0,0.0,super built up,high,new,shree vardhman flora,gurgaon,0.64
162.58,3.0,3.0,2.0,0.0,sector 84,13.0,1.0,0.0,0.0,1.0,0.0,1.0,0.0,1.0,1.0,0.0,0.0,1.0,0.0,0.0,0.0,0.0,0.0,1.0,0.0,6.0,10.0,4.0,6.0,0.0,1.0,0.0,0.0,1.0,5.0,1.0,1.0,1.0,0.0,1.0,0.0,1.0,0.0,super built up,high,new,ss the coralwood,gurgaon,1.01
239.23,4.0,5.0,2.0,1.0,sector 90,10.0,1.0,0.0,0.0,1.0,0.0,1.0,0.0,1.0,1.0,0.0,0.0,1.0,0.0,1.0,0.0,0.0,0.0,0.0,0.0,6.0,10.0,4.0,6.0,0.0,1.0,0.0,0.0,1.0,5.0,1.0,1.0,1.0,0.0,1.0,0.0,1.0,0.0,super built up,high,new,shree vardhman flora,gurgaon,1.27
115.66,2.0,2.0,2.0,0.0,sector 83,10.0,0.0,0.0,0.0,1.0,0.0,0.0,0.0,1.0,1.0,0.0,1.0,1.0,0.0,0.0,0.0,0.0,0.0,0.0,0.0,6.0,10.0,4.0,6.0,0.0,1.0,0.0,0.0,1.0,5.0,1.0,1.0,1.0,0.0,1.0,0.0,1.0,0.0,super built up,mid,old,vatika gurgaon 21,gurgaon,0.84
223.71,3.0,4.0,3.0,1.0,sector 85,13.0,1.0,0.0,0.0,1.0,0.0,1.0,0.0,1.0,1.0,0.0,0.0,1.0,0.0,1.0,0.0,0.0,0.0,1.0,0.0,6.0,10.0,4.0,6.0,0.0,1.0,0.0,0.0,1.0,5.0,1.0,1.0,1.0,0.0,1.0,0.0,1.0,0.0,super built up,mid,old,ss the leaf,gurgaon,1.77
186.74,4.0,4.0,2.0,1.0,sector 69,10.0,1.0,0.0,0.0,1.0,0.0,1.0,0.0,1.0,1.0,0.0,0.0,0.0,0.0,1.0,0.0,0.0,0.0,0.0,0.0,6.0,10.0,4.0,6.0,0.0,1.0,0.0,0.0,1.0,5.0,1.0,1.0,1.0,0.0,1.0,0.0,1.0,0.0,super built up,low,new,tulip violet,gurgaon,1.68
183.02,4.0,4.0,1.0,1.0,sector 69,10.0,1.0,0.0,0.0,1.0,0.0,1.0,0.0,1.0,1.0,0.0,0.0,0.0,0.0,1.0,0.0,0.0,0.0,0.0,0.0,6.0,10.0,4.0,6.0,0.0,1.0,0.0,0.0,1.0,5.0,1.0,1.0,1.0,0.0,1.0,0.0,1.0,0.0,super built up,high,new,tulip violet,gurgaon,1.66
146.6,3.0,3.0,2.0,1.0,sector 69,10.0,1.0,0.0,0.0,1.0,0.0,1.0,0.0,1.0,1.0,0.0,0.0,0.0,0.0,1.0,0.0,0.0,0.0,0.0,0.0,6.0,10.0,4.0,6.0,0.0,1.0,0.0,0.0,1.0,5.0,1.0,1.0,1.0,0.0,1.0,0.0,1.0,0.0,super built up,low,new,tulip violet,gurgaon,1.4
195.1,3.0,4.0,3.0,1.0,sector 81,9.0,1.0,0.0,0.0,0.0,0.0,0.0,0.0,1.0,1.0,0.0,1.0,0.0,0.0,0.0,0.0,0.0,0.0,0.0,0.0,6.0,10.0,4.0,6.0,0.0,1.0,0.0,0.0,1.0,5.0,1.0,1.0,1.0,0.0,1.0,0.0,1.0,0.0,super built up,high,new,dlf the ultima,gurgaon,2.29
179.3,3.0,3.0,3.0,1.0,sector 90,6.0,1.0,0.0,0.0,0.0,0.0,0.0,0.0,1.0,1.0,0.0,0.0,0.0,0.0,1.0,0.0,0.0,0.0,0.0,0.0,6.0,10.0,4.0,6.0,0.0,1.0,0.0,0.0,1.0,5.0,1.0,1.0,1.0,0.0,1.0,0.0,1.0,0.0,super built up,mid,new,dlf new town heights 1,gurgaon,1.21
109.63,3.0,3.0,2.0,0.0,sector 92,8.0,1.0,0.0,0.0,0.0,0.0,0.0,0.0,0.0,0.0,0.0,0.0,0.0,1.0,0.0,0.0,0.0,0.0,0.0,0.0,6.0,10.0,4.0,6.0,0.0,1.0,0.0,0.0,1.0,5.0,1.0,1.0,1.0,0.0,1.0,0.0,1.0,0.0,super built up,low,new,sare homes,gurgaon,0.5
124.68,2.0,2.0,2.0,1.0,sector 77,10.0,1.0,0.0,0.0,1.0,0.0,1.0,0.0,1.0,1.0,0.0,0.0,1.0,0.0,0.0,0.0,0.0,0.0,0.0,0.0,6.0,10.0,4.0,6.0,0.0,1.0,0.0,0.0,1.0,5.0,1.0,1.0,1.0,0.0,1.0,0.0,1.0,0.0,super built up,mid,new,umang winter hills,gurgaon,0.71
183.48,4.0,4.0,3.0,1.0,sector 65,6.0,1.0,0.0,0.0,0.0,0.0,0.0,0.0,0.0,1.0,0.0,0.0,0.0,0.0,1.0,0.0,0.0,0.0,0.0,0.0,6.0,10.0,4.0,6.0,0.0,1.0,0.0,0.0,1.0,5.0,1.0,1.0,1.0,0.0,1.0,0.0,1.0,0.0,super built up,low,new,emaar mgf emerald floors premier,gurgaon,3.0
163.04,3.0,3.0,3.0,0.0,sector 90,14.0,0.0,0.0,0.0,0.0,1.0,0.0,0.0,0.0,0.0,0.0,0.0,0.0,0.0,0.0,0.0,0.0,0.0,0.0,0.0,6.0,10.0,4.0,6.0,0.0,1.0,0.0,0.0,1.0,5.0,1.0,1.0,1.0,0.0,1.0,0.0,1.0,0.0,super built up,high,new,dlf regal gardens,gurgaon,1.2
306.58,3.0,3.0,3.0,1.0,sector 72,10.0,1.0,0.0,0.0,0.0,0.0,1.0,0.0,1.0,0.0,0.0,1.0,0.0,0.0,1.0,0.0,0.0,0.0,0.0,0.0,6.0,10.0,4.0,6.0,0.0,1.0,0.0,0.0,1.0,5.0,1.0,1.0,1.0,0.0,1.0,0.0,1.0,0.0,super built up,low,old,tata primanti,gurgaon,3.25
136.1,2.0,2.0,3.0,1.0,sector 33,6.0,1.0,0.0,0.0,0.0,0.0,0.0,0.0,1.0,1.0,0.0,0.0,0.0,0.0,0.0,0.0,0.0,0.0,0.0,0.0,6.0,10.0,4.0,6.0,0.0,1.0,0.0,0.0,1.0,5.0,1.0,1.0,1.0,0.0,1.0,0.0,1.0,0.0,super built up,mid,old,ashiana mulberry,sohna,0.9
160.72,3.0,3.0,3.0,0.0,sector 33,6.0,1.0,0.0,0.0,0.0,0.0,0.0,0.0,1.0,1.0,0.0,0.0,0.0,0.0,0.0,0.0,0.0,0.0,0.0,0.0,6.0,10.0,4.0,6.0,0.0,1.0,0.0,0.0,1.0,5.0,1.0,1.0,1.0,0.0,1.0,0.0,1.0,0.0,super built up,mid,new,ashiana mulberry,sohna,1.07
152.36,2.0,2.0,3.0,0.0,sector 85,13.0,1.0,0.0,0.0,1.0,0.0,1.0,0.0,1.0,1.0,0.0,0.0,1.0,0.0,1.0,0.0,0.0,0.0,1.0,0.0,6.0,10.0,4.0,6.0,0.0,1.0,0.0,0.0,1.0,5.0,1.0,1.0,1.0,0.0,1.0,0.0,1.0,0.0,super built up,high,new,ss the leaf,gurgaon,1.2
261.24,4.0,5.0,3.0,1.0,sector 85,13.0,1.0,0.0,0.0,1.0,0.0,1.0,0.0,1.0,1.0,0.0,0.0,1.0,0.0,1.0,0.0,0.0,0.0,1.0,0.0,6.0,10.0,4.0,6.0,0.0,1.0,0.0,0.0,1.0,5.0,1.0,1.0,1.0,0.0,1.0,0.0,1.0,0.0,super built up,low,new,ss the leaf,gurgaon,2.15
183.02,4.0,4.0,1.0,0.0,sector 69,10.0,1.0,0.0,0.0,1.0,0.0,1.0,0.0,1.0,1.0,0.0,0.0,0.0,0.0,1.0,0.0,0.0,0.0,0.0,0.0,6.0,10.0,4.0,6.0,0.0,1.0,0.0,0.0,1.0,5.0,1.0,1.0,1.0,0.0,1.0,0.0,1.0,0.0,super built up,high,new,tulip violet,gurgaon,1.72
142.88,3.0,3.0,1.0,1.0,sector 69,10.0,1.0,0.0,0.0,1.0,0.0,1.0,0.0,1.0,1.0,0.0,0.0,0.0,0.0,1.0,0.0,0.0,0.0,0.0,0.0,6.0,10.0,4.0,6.0,0.0,1.0,0.0,0.0,1.0,5.0,1.0,1.0,1.0,0.0,1.0,0.0,1.0,0.0,super built up,high,new,tulip violet,gurgaon,1.36
183.02,4.0,4.0,1.0,0.0,sector 69,10.0,1.0,0.0,0.0,1.0,0.0,1.0,0.0,1.0,1.0,0.0,0.0,0.0,0.0,1.0,0.0,0.0,0.0,0.0,0.0,6.0,10.0,4.0,6.0,0.0,1.0,0.0,0.0,1.0,5.0,1.0,1.0,1.0,0.0,1.0,0.0,1.0,0.0,super built up,high,new,tulip violet,gurgaon,1.75
183.02,4.0,4.0,1.0,0.0,sector 69,10.0,1.0,0.0,0.0,1.0,0.0,1.0,0.0,1.0,1.0,0.0,0.0,0.0,0.0,1.0,0.0,0.0,0.0,0.0,0.0,6.0,10.0,4.0,6.0,0.0,1.0,0.0,0.0,1.0,5.0,1.0,1.0,1.0,0.0,1.0,0.0,1.0,0.0,super built up,high,new,tulip violet,gurgaon,1.75
142.88,3.0,3.0,1.0,1.0,sector 69,10.0,1.0,0.0,0.0,1.0,0.0,1.0,0.0,1.0,1.0,0.0,0.0,0.0,0.0,1.0,0.0,0.0,0.0,0.0,0.0,6.0,10.0,4.0,6.0,0.0,1.0,0.0,0.0,1.0,5.0,1.0,1.0,1.0,0.0,1.0,0.0,1.0,0.0,super built up,high,new,tulip violet,gurgaon,1.38
145.67,3.0,3.0,1.0,1.0,sector 69,10.0,1.0,0.0,0.0,1.0,0.0,1.0,0.0,1.0,1.0,0.0,0.0,0.0,0.0,1.0,0.0,0.0,0.0,0.0,0.0,6.0,10.0,4.0,6.0,0.0,1.0,0.0,0.0,1.0,5.0,1.0,1.0,1.0,0.0,1.0,0.0,1.0,0.0,super built up,high,new,tulip violet,gurgaon,1.29
146.6,3.0,3.0,1.0,1.0,sector 69,10.0,1.0,0.0,0.0,1.0,0.0,1.0,0.0,1.0,1.0,0.0,0.0,0.0,0.0,1.0,0.0,0.0,0.0,0.0,0.0,6.0,10.0,4.0,6.0,0.0,1.0,0.0,0.0,1.0,5.0,1.0,1.0,1.0,0.0,1.0,0.0,1.0,0.0,super built up,high,new,tulip violet,gurgaon,1.37
145.67,3.0,3.0,1.0,1.0,sector 69,10.0,1.0,0.0,0.0,1.0,0.0,1.0,0.0,1.0,1.0,0.0,0.0,0.0,0.0,1.0,0.0,0.0,0.0,0.0,0.0,6.0,10.0,4.0,6.0,0.0,1.0,0.0,0.0,1.0,5.0,1.0,1.0,1.0,0.0,1.0,0.0,1.0,0.0,super built up,high,new,tulip violet,gurgaon,1.32
142.88,3.0,3.0,1.0,1.0,sector 69,10.0,1.0,0.0,0.0,1.0,0.0,1.0,0.0,1.0,1.0,0.0,0.0,0.0,0.0,1.0,0.0,0.0,0.0,0.0,0.0,6.0,10.0,4.0,6.0,0.0,1.0,0.0,0.0,1.0,5.0,1.0,1.0,1.0,0.0,1.0,0.0,1.0,0.0,super built up,high,new,tulip violet,gurgaon,1.3
179.3,3.0,3.0,3.0,1.0,sector 86,15.0,1.0,0.0,0.0,0.0,0.0,0.0,1.0,1.0,1.0,0.0,0.0,0.0,0.0,0.0,0.0,0.0,0.0,0.0,0.0,6.0,10.0,4.0,6.0,0.0,1.0,0.0,0.0,1.0,5.0,1.0,1.0,1.0,0.0,1.0,0.0,1.0,0.0,super built up,high,old,dlf new town heights 2,gurgaon,1.3
179.21,3.0,3.0,1.0,0.0,sector 86,10.0,0.0,0.0,0.0,1.0,0.0,0.0,0.0,1.0,1.0,0.0,0.0,0.0,0.0,1.0,0.0,0.0,0.0,0.0,0.0,6.0,10.0,4.0,6.0,0.0,1.0,0.0,0.0,1.0,5.0,1.0,1.0,1.0,0.0,1.0,0.0,1.0,0.0,super built up,high,new,dlf the skycourt,gurgaon,1.5
186.74,4.0,4.0,2.0,1.0,sector 69,10.0,1.0,0.0,0.0,1.0,0.0,1.0,0.0,1.0,1.0,0.0,0.0,0.0,0.0,1.0,0.0,0.0,0.0,0.0,0.0,6.0,10.0,4.0,6.0,0.0,1.0,0.0,0.0,1.0,5.0,1.0,1.0,1.0,0.0,1.0,0.0,1.0,0.0,super built up,low,new,tulip violet,gurgaon,1.68
146.6,3.0,3.0,2.0,1.0,sector 69,10.0,1.0,0.0,0.0,1.0,0.0,1.0,0.0,1.0,1.0,0.0,0.0,0.0,0.0,1.0,0.0,0.0,0.0,0.0,0.0,6.0,10.0,4.0,6.0,0.0,1.0,0.0,0.0,1.0,5.0,1.0,1.0,1.0,0.0,1.0,0.0,1.0,0.0,super built up,high,new,tulip violet,gurgaon,1.4
176.52,3.0,3.0,1.0,1.0,sector 86,10.0,0.0,0.0,0.0,1.0,0.0,0.0,0.0,1.0,1.0,0.0,0.0,0.0,0.0,1.0,0.0,0.0,0.0,0.0,0.0,6.0,10.0,4.0,6.0,0.0,1.0,0.0,0.0,1.0,5.0,1.0,1.0,1.0,0.0,1.0,0.0,1.0,0.0,super built up,high,new,dlf the skycourt,gurgaon,1.5
59.92,3.0,2.0,2.0,1.0,sector 107,10.0,0.0,0.0,0.0,1.0,0.0,0.0,0.0,1.0,0.0,0.0,0.0,1.0,0.0,0.0,0.0,0.0,0.0,0.0,0.0,6.0,10.0,4.0,6.0,0.0,1.0,0.0,0.0,1.0,5.0,1.0,1.0,1.0,0.0,1.0,0.0,1.0,0.0,carpet,mid,new,signature global solera,gurgaon,0.5
55.93,2.0,2.0,1.0,1.0,sector 107,10.0,0.0,0.0,0.0,1.0,0.0,0.0,0.0,1.0,0.0,0.0,0.0,1.0,0.0,0.0,0.0,0.0,0.0,0.0,0.0,6.0,10.0,4.0,6.0,0.0,1.0,0.0,0.0,1.0,5.0,1.0,1.0,1.0,0.0,1.0,0.0,1.0,0.0,super built up,mid,new,signature global solera,gurgaon,0.36
430.33,4.0,5.0,3.0,1.0,sector 72,45.0,1.0,0.0,0.0,0.0,1.0,1.0,1.0,0.0,0.0,0.0,0.0,0.0,1.0,0.0,1.0,0.0,1.0,0.0,0.0,6.0,10.0,4.0,6.0,0.0,1.0,0.0,0.0,1.0,5.0,1.0,1.0,1.0,0.0,1.0,0.0,1.0,0.0,super built up,high,old,spaze privy,gurgaon,3.1
51.02,2.0,2.0,1.0,1.0,sector 95,14.0,0.0,0.0,0.0,0.0,0.0,0.0,0.0,0.0,1.0,1.0,1.0,1.0,0.0,0.0,0.0,1.0,0.0,0.0,1.0,6.0,10.0,4.0,6.0,0.0,1.0,0.0,0.0,1.0,5.0,1.0,1.0,1.0,0.0,1.0,0.0,1.0,0.0,carpet,mid,new,rof ananda,gurgaon,0.31
123.19,3.0,3.0,3.0,1.0,sector 92,8.0,1.0,0.0,0.0,0.0,0.0,0.0,0.0,0.0,0.0,0.0,0.0,0.0,1.0,0.0,0.0,0.0,0.0,0.0,0.0,6.0,10.0,4.0,6.0,0.0,1.0,0.0,0.0,1.0,5.0,1.0,1.0,1.0,0.0,1.0,0.0,1.0,0.0,carpet,low,new,sare homes,gurgaon,0.71
170.2,3.0,3.0,1.0,0.0,sector 83,10.0,1.0,0.0,0.0,1.0,0.0,1.0,0.0,1.0,1.0,0.0,0.0,0.0,0.0,0.0,0.0,0.0,0.0,0.0,0.0,6.0,10.0,4.0,6.0,0.0,1.0,0.0,0.0,1.0,5.0,1.0,1.0,1.0,0.0,1.0,0.0,1.0,0.0,super built up,mid,old,vatika lifestyle homes,gurgaon,1.15
163.04,3.0,2.0,2.0,0.0,sector 83,10.0,1.0,0.0,0.0,1.0,0.0,1.0,0.0,1.0,1.0,0.0,0.0,0.0,0.0,0.0,0.0,0.0,0.0,0.0,0.0,6.0,10.0,4.0,6.0,0.0,1.0,0.0,0.0,1.0,5.0,1.0,1.0,1.0,0.0,1.0,0.0,1.0,0.0,super built up,low,old,vatika lifestyle homes,gurgaon,1.05
167.23,3.0,3.0,3.0,0.0,sector 61,14.0,1.0,0.0,0.0,0.0,0.0,1.0,0.0,1.0,1.0,0.0,1.0,0.0,0.0,1.0,0.0,0.0,1.0,0.0,0.0,6.0,10.0,4.0,6.0,0.0,1.0,0.0,0.0,1.0,5.0,1.0,1.0,1.0,0.0,1.0,0.0,1.0,0.0,super built up,high,new,pioneer park,gurgaon,2.1
45.43,2.0,2.0,2.0,0.0,sector 107,10.0,0.0,0.0,0.0,1.0,0.0,0.0,0.0,1.0,0.0,0.0,0.0,1.0,0.0,0.0,0.0,0.0,0.0,0.0,0.0,6.0,10.0,4.0,6.0,0.0,1.0,0.0,0.0,1.0,5.0,1.0,1.0,1.0,0.0,1.0,0.0,1.0,0.0,carpet,high,new,signature global solera,gurgaon,0.28
45.43,2.0,2.0,2.0,0.0,sector 107,10.0,0.0,0.0,0.0,1.0,0.0,0.0,0.0,1.0,0.0,0.0,0.0,1.0,0.0,0.0,0.0,0.0,0.0,0.0,0.0,6.0,10.0,4.0,6.0,0.0,1.0,0.0,0.0,1.0,5.0,1.0,1.0,1.0,0.0,1.0,0.0,1.0,0.0,carpet,high,new,signature global solera,gurgaon,0.28
45.43,2.0,2.0,2.0,0.0,sector 107,10.0,0.0,0.0,0.0,1.0,0.0,0.0,0.0,1.0,0.0,0.0,0.0,1.0,0.0,0.0,0.0,0.0,0.0,0.0,0.0,6.0,10.0,4.0,6.0,0.0,1.0,0.0,0.0,1.0,5.0,1.0,1.0,1.0,0.0,1.0,0.0,1.0,0.0,carpet,high,new,signature global solera,gurgaon,0.28
45.43,2.0,2.0,2.0,0.0,sector 107,10.0,0.0,0.0,0.0,1.0,0.0,0.0,0.0,1.0,0.0,0.0,0.0,1.0,0.0,0.0,0.0,0.0,0.0,0.0,0.0,6.0,10.0,4.0,6.0,0.0,1.0,0.0,0.0,1.0,5.0,1.0,1.0,1.0,0.0,1.0,0.0,1.0,0.0,carpet,high,new,signature global solera,gurgaon,0.28
33.45,1.0,1.0,1.0,0.0,sector 103,11.0,0.0,0.0,0.0,0.0,0.0,0.0,0.0,1.0,0.0,0.0,0.0,1.0,0.0,0.0,0.0,0.0,0.0,0.0,0.0,6.0,10.0,4.0,6.0,0.0,1.0,0.0,0.0,1.0,5.0,1.0,1.0,1.0,0.0,1.0,0.0,1.0,0.0,carpet,mid,new,signature global grand iva,gurgaon,0.24
50.82,2.0,2.0,2.0,0.0,sector 107,10.0,0.0,0.0,0.0,1.0,0.0,0.0,0.0,1.0,0.0,0.0,0.0,1.0,0.0,0.0,0.0,0.0,0.0,0.0,0.0,6.0,10.0,4.0,6.0,0.0,1.0,0.0,0.0,1.0,5.0,1.0,1.0,1.0,0.0,1.0,0.0,1.0,0.0,carpet,high,new,signature global solera,gurgaon,0.36
59.92,3.0,2.0,2.0,1.0,sector 107,10.0,0.0,0.0,0.0,1.0,0.0,0.0,0.0,1.0,0.0,0.0,0.0,1.0,0.0,0.0,0.0,0.0,0.0,0.0,0.0,6.0,10.0,4.0,6.0,0.0,1.0,0.0,0.0,1.0,5.0,1.0,1.0,1.0,0.0,1.0,0.0,1.0,0.0,carpet,high,new,signature global solera,gurgaon,0.51
50.82,2.0,2.0,2.0,0.0,sector 107,10.0,0.0,0.0,0.0,1.0,0.0,0.0,0.0,1.0,0.0,0.0,0.0,1.0,0.0,0.0,0.0,0.0,0.0,0.0,0.0,6.0,10.0,4.0,6.0,0.0,1.0,0.0,0.0,1.0,5.0,1.0,1.0,1.0,0.0,1.0,0.0,1.0,0.0,carpet,high,new,signature global solera,gurgaon,0.35
45.43,2.0,2.0,2.0,0.0,sector 107,10.0,0.0,0.0,0.0,1.0,0.0,0.0,0.0,1.0,0.0,0.0,0.0,1.0,0.0,0.0,0.0,0.0,0.0,0.0,0.0,6.0,10.0,4.0,6.0,0.0,1.0,0.0,0.0,1.0,5.0,1.0,1.0,1.0,0.0,1.0,0.0,1.0,0.0,carpet,high,new,signature global solera,gurgaon,0.28
50.82,2.0,2.0,2.0,0.0,sector 107,10.0,0.0,0.0,0.0,1.0,0.0,0.0,0.0,1.0,0.0,0.0,0.0,1.0,0.0,0.0,0.0,0.0,0.0,0.0,0.0,6.0,10.0,4.0,6.0,0.0,1.0,0.0,0.0,1.0,5.0,1.0,1.0,1.0,0.0,1.0,0.0,1.0,0.0,carpet,high,new,signature global solera,gurgaon,0.36
153.29,3.0,3.0,3.0,1.0,sector 65,6.0,1.0,0.0,0.0,0.0,0.0,0.0,0.0,0.0,1.0,0.0,0.0,0.0,0.0,1.0,0.0,0.0,0.0,0.0,0.0,6.0,10.0,4.0,6.0,0.0,1.0,0.0,0.0,1.0,5.0,1.0,1.0,1.0,0.0,1.0,0.0,1.0,0.0,carpet,low,new,emaar mgf emerald floors premier,gurgaon,2.0
256.78,4.0,4.0,3.0,1.0,sector 66,15.0,1.0,0.0,0.0,0.0,1.0,0.0,1.0,1.0,0.0,0.0,0.0,0.0,0.0,0.0,0.0,0.0,0.0,0.0,0.0,6.0,10.0,4.0,6.0,0.0,1.0,0.0,0.0,1.0,5.0,1.0,1.0,1.0,0.0,1.0,0.0,1.0,0.0,super built up,mid,new,bptp mansions park prime,gurgaon,2.7
282.7,3.0,4.0,3.0,1.0,sector 65,9.0,1.0,0.0,0.0,1.0,0.0,1.0,0.0,1.0,1.0,0.0,1.0,0.0,0.0,1.0,0.0,1.0,0.0,0.0,0.0,6.0,10.0,4.0,6.0,0.0,1.0,0.0,0.0,1.0,5.0,1.0,1.0,1.0,0.0,1.0,0.0,1.0,0.0,super built up,high,old,m3m golfestate,gurgaon,4.94
186.74,4.0,4.0,2.0,0.0,sector 69,10.0,1.0,0.0,0.0,1.0,0.0,1.0,0.0,1.0,1.0,0.0,0.0,0.0,0.0,1.0,0.0,0.0,0.0,0.0,0.0,6.0,10.0,4.0,6.0,0.0,1.0,0.0,0.0,1.0,5.0,1.0,1.0,1.0,0.0,1.0,0.0,1.0,0.0,super built up,high,new,tulip violet,gurgaon,1.75
239.23,4.0,5.0,2.0,1.0,sector 90,10.0,1.0,0.0,0.0,1.0,0.0,1.0,0.0,1.0,1.0,0.0,0.0,1.0,0.0,1.0,0.0,0.0,0.0,0.0,0.0,6.0,10.0,4.0,6.0,0.0,1.0,0.0,0.0,1.0,5.0,1.0,1.0,1.0,0.0,1.0,0.0,1.0,0.0,super built up,high,new,shree vardhman flora,gurgaon,1.25
174.19,3.0,4.0,3.0,1.0,sector 90,10.0,1.0,0.0,0.0,1.0,0.0,1.0,0.0,1.0,1.0,0.0,0.0,1.0,0.0,1.0,0.0,0.0,0.0,0.0,0.0,6.0,10.0,4.0,6.0,0.0,1.0,0.0,0.0,1.0,5.0,1.0,1.0,1.0,0.0,1.0,0.0,1.0,0.0,super built up,mid,new,shree vardhman flora,gurgaon,0.92
229.94,4.0,5.0,2.0,1.0,sector 90,10.0,1.0,0.0,0.0,1.0,0.0,1.0,0.0,1.0,1.0,0.0,0.0,1.0,0.0,1.0,0.0,0.0,0.0,0.0,0.0,6.0,10.0,4.0,6.0,0.0,1.0,0.0,0.0,1.0,5.0,1.0,1.0,1.0,0.0,1.0,0.0,1.0,0.0,super built up,high,new,shree vardhman flora,gurgaon,1.3
44.78,2.0,2.0,1.0,0.0,sector 69,33.0,1.0,0.0,0.0,0.0,1.0,1.0,1.0,0.0,0.0,0.0,0.0,0.0,0.0,0.0,1.0,0.0,0.0,0.0,0.0,6.0,10.0,4.0,6.0,0.0,1.0,0.0,0.0,1.0,5.0,1.0,1.0,1.0,0.0,1.0,0.0,1.0,0.0,carpet,mid,new,tulip lemon,gurgaon,0.62
222.97,4.0,5.0,3.0,1.0,sector 69,11.0,1.0,0.0,0.0,1.0,0.0,1.0,0.0,1.0,1.0,1.0,1.0,0.0,0.0,1.0,0.0,0.0,0.0,0.0,0.0,6.0,10.0,4.0,6.0,0.0,1.0,0.0,0.0,1.0,5.0,1.0,1.0,1.0,0.0,1.0,0.0,1.0,0.0,super built up,mid,new,tulip purple,gurgaon,1.92
222.97,4.0,4.0,3.0,1.0,sector 56,46.0,1.0,0.0,0.0,0.0,1.0,1.0,1.0,0.0,0.0,0.0,1.0,0.0,1.0,0.0,1.0,1.0,0.0,0.0,1.0,6.0,10.0,4.0,6.0,0.0,1.0,0.0,0.0,1.0,5.0,1.0,1.0,1.0,0.0,1.0,0.0,1.0,0.0,super built up,high,new,the lions cghs,gurgaon,2.0
222.97,4.0,5.0,3.0,1.0,sector 70,10.0,1.0,0.0,0.0,1.0,0.0,1.0,0.0,1.0,1.0,0.0,0.0,0.0,0.0,1.0,0.0,0.0,0.0,0.0,0.0,6.0,10.0,4.0,6.0,0.0,1.0,0.0,0.0,1.0,5.0,1.0,1.0,1.0,0.0,1.0,0.0,1.0,0.0,super built up,low,new,tulip ivory,gurgaon,2.0
227.15,3.0,4.0,3.0,1.0,sector 1,10.0,1.0,0.0,0.0,0.0,0.0,0.0,0.0,0.0,0.0,0.0,0.0,0.0,1.0,0.0,0.0,0.0,0.0,0.0,1.0,6.0,10.0,4.0,6.0,0.0,1.0,0.0,0.0,1.0,5.0,1.0,1.0,1.0,0.0,1.0,0.0,1.0,0.0,carpet,low,new,professional society,manesar,0.75
223.71,3.0,4.0,3.0,1.0,sector 85,13.0,1.0,0.0,0.0,1.0,0.0,1.0,0.0,1.0,1.0,0.0,0.0,1.0,0.0,1.0,0.0,0.0,0.0,1.0,0.0,6.0,10.0,4.0,6.0,0.0,1.0,0.0,0.0,1.0,5.0,1.0,1.0,1.0,0.0,1.0,0.0,1.0,0.0,super built up,low,new,ss the leaf,gurgaon,1.85
130.44,2.0,2.0,3.0,1.0,sector 91,10.0,1.0,0.0,0.0,0.0,0.0,0.0,0.0,1.0,1.0,0.0,0.0,1.0,0.0,1.0,0.0,0.0,0.0,0.0,0.0,6.0,10.0,4.0,6.0,0.0,1.0,0.0,0.0,1.0,5.0,1.0,1.0,1.0,0.0,1.0,0.0,1.0,0.0,super built up,high,new,tarc maceo,gurgaon,0.89
196.95,3.0,4.0,2.0,1.0,sector 85,15.0,1.0,0.0,0.0,1.0,0.0,0.0,0.0,1.0,1.0,0.0,1.0,0.0,0.0,0.0,0.0,1.0,0.0,0.0,0.0,6.0,10.0,4.0,6.0,0.0,1.0,0.0,0.0,1.0,5.0,1.0,1.0,1.0,0.0,1.0,0.0,1.0,0.0,super built up,mid,new,orris aster court premier,gurgaon,1.25
157.19,3.0,3.0,3.0,0.0,sector 102,13.0,1.0,0.0,0.0,1.0,1.0,0.0,0.0,1.0,1.0,0.0,0.0,1.0,0.0,1.0,0.0,0.0,1.0,0.0,0.0,6.0,10.0,4.0,6.0,0.0,1.0,0.0,0.0,1.0,5.0,1.0,1.0,1.0,0.0,1.0,0.0,1.0,0.0,super built up,high,new,shapoorji pallonji joyville gurugram,gurgaon,2.15
223.99,3.0,3.0,3.0,1.0,sector 67,11.0,1.0,0.0,0.0,1.0,0.0,1.0,0.0,1.0,1.0,0.0,0.0,0.0,0.0,1.0,0.0,0.0,0.0,0.0,0.0,6.0,10.0,4.0,6.0,0.0,1.0,0.0,0.0,1.0,5.0,1.0,1.0,1.0,0.0,1.0,0.0,1.0,0.0,super built up,high,new,ireo victory valley,gurgaon,3.05
190.17,3.0,3.0,3.0,1.0,sector 67,10.0,1.0,0.0,0.0,1.0,0.0,1.0,0.0,1.0,1.0,0.0,0.0,0.0,0.0,1.0,0.0,0.0,1.0,0.0,0.0,6.0,10.0,4.0,6.0,0.0,1.0,0.0,0.0,1.0,5.0,1.0,1.0,1.0,0.0,1.0,0.0,1.0,0.0,super built up,high,new,m3m merlin,gurgaon,2.65
68.28,2.0,2.0,3.0,0.0,sector 81,10.0,1.0,0.0,0.0,1.0,0.0,0.0,0.0,1.0,0.0,0.0,0.0,1.0,0.0,1.0,0.0,0.0,0.0,0.0,0.0,6.0,10.0,4.0,6.0,0.0,1.0,0.0,0.0,1.0,5.0,1.0,1.0,1.0,0.0,1.0,0.0,1.0,0.0,super built up,mid,new,signature global synera,gurgaon,0.49
153.75,3.0,3.0,3.0,0.0,sector 70,11.0,1.0,0.0,0.0,1.0,0.0,1.0,0.0,1.0,1.0,0.0,0.0,0.0,0.0,1.0,0.0,0.0,0.0,0.0,0.0,6.0,10.0,4.0,6.0,0.0,1.0,0.0,0.0,1.0,5.0,1.0,1.0,1.0,0.0,1.0,0.0,1.0,0.0,super built up,high,new,aipl zen residences,gurgaon,1.82
68.28,2.0,2.0,3.0,0.0,sector 81,10.0,1.0,0.0,0.0,1.0,0.0,0.0,0.0,1.0,0.0,0.0,0.0,1.0,0.0,1.0,0.0,0.0,0.0,0.0,0.0,6.0,10.0,4.0,6.0,0.0,1.0,0.0,0.0,1.0,5.0,1.0,1.0,1.0,0.0,1.0,0.0,1.0,0.0,super built up,mid,new,signature global synera,gurgaon,0.5
169.27,3.0,3.0,3.0,1.0,sector 77,10.0,1.0,0.0,0.0,1.0,0.0,1.0,0.0,1.0,1.0,0.0,0.0,1.0,0.0,0.0,0.0,0.0,0.0,0.0,0.0,6.0,10.0,4.0,6.0,0.0,1.0,0.0,0.0,1.0,5.0,1.0,1.0,1.0,0.0,1.0,0.0,1.0,0.0,super built up,high,new,umang winter hills,gurgaon,0.92
181.16,3.0,4.0,3.0,1.0,sector 70,15.0,1.0,0.0,0.0,1.0,0.0,1.0,1.0,0.0,0.0,0.0,0.0,0.0,1.0,0.0,0.0,0.0,0.0,0.0,0.0,6.0,10.0,4.0,6.0,0.0,1.0,0.0,0.0,1.0,5.0,1.0,1.0,1.0,0.0,1.0,0.0,1.0,0.0,super built up,low,new,shree vardhman victoria,gurgaon,1.65
134.71,2.0,2.0,2.0,1.0,sector 70,14.0,1.0,0.0,0.0,0.0,0.0,1.0,1.0,0.0,0.0,0.0,0.0,0.0,0.0,0.0,1.0,0.0,0.0,0.0,0.0,6.0,10.0,4.0,6.0,0.0,1.0,0.0,0.0,1.0,5.0,1.0,1.0,1.0,0.0,1.0,0.0,1.0,0.0,super built up,high,new,capital residences 360,gurgaon,1.1
183.58,3.0,3.0,3.0,1.0,sector 70,14.0,1.0,0.0,0.0,0.0,0.0,1.0,1.0,0.0,0.0,0.0,0.0,0.0,0.0,0.0,1.0,0.0,0.0,0.0,0.0,6.0,10.0,4.0,6.0,0.0,1.0,0.0,0.0,1.0,5.0,1.0,1.0,1.0,0.0,1.0,0.0,1.0,0.0,super built up,high,new,capital residences 360,gurgaon,1.55
132.39,3.0,3.0,2.0,1.0,sector 70,12.0,0.0,0.0,0.0,1.0,0.0,1.0,0.0,1.0,1.0,1.0,1.0,0.0,0.0,0.0,0.0,1.0,0.0,0.0,0.0,6.0,10.0,4.0,6.0,0.0,1.0,0.0,0.0,1.0,5.0,1.0,1.0,1.0,0.0,1.0,0.0,1.0,0.0,super built up,low,new,bptp astaire gardens,gurgaon,1.25
171.68,4.0,4.0,3.0,1.0,sector 70,12.0,0.0,0.0,0.0,1.0,0.0,1.0,0.0,1.0,1.0,1.0,1.0,0.0,0.0,0.0,0.0,1.0,0.0,0.0,0.0,6.0,10.0,4.0,6.0,0.0,1.0,0.0,0.0,1.0,5.0,1.0,1.0,1.0,0.0,1.0,0.0,1.0,0.0,super built up,low,new,bptp astaire gardens,gurgaon,1.6
125.42,2.0,2.0,3.0,1.0,sector 70,15.0,1.0,0.0,0.0,1.0,0.0,1.0,1.0,0.0,0.0,0.0,0.0,0.0,1.0,0.0,0.0,0.0,0.0,0.0,0.0,6.0,10.0,4.0,6.0,0.0,1.0,0.0,0.0,1.0,5.0,1.0,1.0,1.0,0.0,1.0,0.0,1.0,0.0,super built up,high,new,shree vardhman victoria,gurgaon,1.15
181.16,3.0,3.0,3.0,1.0,sector 70,15.0,1.0,0.0,0.0,1.0,0.0,1.0,1.0,0.0,0.0,0.0,0.0,0.0,1.0,0.0,0.0,0.0,0.0,0.0,0.0,6.0,10.0,4.0,6.0,0.0,1.0,0.0,0.0,1.0,5.0,1.0,1.0,1.0,0.0,1.0,0.0,1.0,0.0,super built up,high,new,shree vardhman victoria,gurgaon,1.6
390.19,4.0,5.0,3.0,1.0,sector 81,9.0,0.0,0.0,0.0,1.0,0.0,0.0,0.0,1.0,0.0,0.0,0.0,1.0,0.0,0.0,0.0,0.0,0.0,0.0,0.0,6.0,10.0,4.0,6.0,0.0,1.0,0.0,0.0,1.0,5.0,1.0,1.0,1.0,0.0,1.0,0.0,1.0,0.0,super built up,high,new,bestech park view grand spa,gurgaon,4.0
247.12,3.0,4.0,3.0,1.0,sector 81,9.0,0.0,0.0,0.0,1.0,0.0,0.0,0.0,1.0,0.0,0.0,0.0,1.0,0.0,0.0,0.0,0.0,0.0,0.0,0.0,6.0,10.0,4.0,6.0,0.0,1.0,0.0,0.0,1.0,5.0,1.0,1.0,1.0,0.0,1.0,0.0,1.0,0.0,super built up,high,new,bestech park view grand spa,gurgaon,2.22
295.9,4.0,5.0,2.0,1.0,sector 81,9.0,0.0,0.0,0.0,1.0,0.0,0.0,0.0,1.0,0.0,0.0,0.0,1.0,0.0,0.0,0.0,0.0,0.0,0.0,0.0,6.0,10.0,4.0,6.0,0.0,1.0,0.0,0.0,1.0,5.0,1.0,1.0,1.0,0.0,1.0,0.0,1.0,0.0,super built up,mid,new,bestech park view grand spa,gurgaon,3.0
133.32,2.0,2.0,2.0,1.0,sector 82,10.0,1.0,0.0,0.0,1.0,0.0,1.0,0.0,1.0,1.0,0.0,0.0,0.0,0.0,0.0,0.0,0.0,0.0,1.0,0.0,6.0,10.0,4.0,6.0,0.0,1.0,0.0,0.0,1.0,5.0,1.0,1.0,1.0,0.0,1.0,0.0,1.0,0.0,super built up,high,new,vatika the seven lamps,gurgaon,1.0
512.27,5.0,7.0,3.0,1.0,sector 62,11.0,1.0,0.0,0.0,1.0,0.0,1.0,0.0,1.0,1.0,0.0,0.0,0.0,0.0,1.0,0.0,0.0,1.0,0.0,0.0,6.0,10.0,4.0,6.0,0.0,1.0,0.0,0.0,1.0,5.0,1.0,1.0,1.0,0.0,1.0,0.0,1.0,0.0,super built up,high,new,pioneer araya,gurgaon,10.75
435.72,4.0,6.0,3.0,1.0,sector 62,11.0,1.0,0.0,0.0,1.0,0.0,1.0,0.0,1.0,1.0,0.0,0.0,0.0,0.0,1.0,0.0,0.0,1.0,0.0,0.0,6.0,10.0,4.0,6.0,0.0,1.0,0.0,0.0,1.0,5.0,1.0,1.0,1.0,0.0,1.0,0.0,1.0,0.0,super built up,high,new,pioneer araya,gurgaon,9.14
397.53,4.0,6.0,3.0,1.0,sector 62,11.0,1.0,0.0,0.0,1.0,0.0,1.0,0.0,1.0,1.0,0.0,0.0,0.0,0.0,1.0,0.0,0.0,1.0,0.0,0.0,6.0,10.0,4.0,6.0,0.0,1.0,0.0,0.0,1.0,5.0,1.0,1.0,1.0,0.0,1.0,0.0,1.0,0.0,super built up,high,new,pioneer araya,gurgaon,8.35
190.45,3.0,3.0,3.0,1.0,sector 1,11.0,1.0,0.0,0.0,0.0,0.0,0.0,0.0,0.0,0.0,0.0,0.0,0.0,1.0,0.0,0.0,0.0,0.0,0.0,1.0,6.0,10.0,4.0,6.0,0.0,1.0,0.0,0.0,1.0,5.0,1.0,1.0,1.0,0.0,1.0,0.0,1.0,0.0,super built up,low,old,hsiidc sidco shivalik apartments,manesar,0.73
241.55,3.0,4.0,3.0,1.0,sector 1,11.0,1.0,0.0,0.0,0.0,0.0,0.0,0.0,0.0,0.0,0.0,0.0,0.0,1.0,0.0,0.0,0.0,0.0,0.0,1.0,6.0,10.0,4.0,6.0,0.0,1.0,0.0,0.0,1.0,5.0,1.0,1.0,1.0,0.0,1.0,0.0,1.0,0.0,super built up,mid,old,imt view society,manesar,0.95
116.13,2.0,2.0,3.0,0.0,sector 1,11.0,1.0,0.0,0.0,0.0,0.0,0.0,0.0,0.0,0.0,0.0,0.0,0.0,1.0,0.0,0.0,0.0,0.0,0.0,1.0,6.0,10.0,4.0,6.0,0.0,1.0,0.0,0.0,1.0,5.0,1.0,1.0,1.0,0.0,1.0,0.0,1.0,0.0,super built up,mid,old,hsiidc sidco shivalik apartments,manesar,0.48
240.43,3.0,3.0,3.0,1.0,sector 1,11.0,1.0,0.0,0.0,0.0,0.0,0.0,0.0,0.0,0.0,0.0,0.0,0.0,1.0,0.0,0.0,0.0,0.0,0.0,1.0,6.0,10.0,4.0,6.0,0.0,1.0,0.0,0.0,1.0,5.0,1.0,1.0,1.0,0.0,1.0,0.0,1.0,0.0,super built up,low,old,hsiidc sidco aravali,manesar,0.86
240.43,3.0,3.0,3.0,1.0,sector 1,11.0,1.0,0.0,0.0,0.0,0.0,0.0,0.0,0.0,0.0,0.0,0.0,0.0,1.0,0.0,0.0,0.0,0.0,0.0,1.0,6.0,10.0,4.0,6.0,0.0,1.0,0.0,0.0,1.0,5.0,1.0,1.0,1.0,0.0,1.0,0.0,1.0,0.0,super built up,low,old,hsiidc sidco aravali,manesar,0.81
190.17,3.0,3.0,3.0,1.0,sector 67,10.0,1.0,0.0,0.0,1.0,0.0,1.0,0.0,1.0,1.0,0.0,0.0,0.0,0.0,1.0,0.0,0.0,1.0,0.0,0.0,6.0,10.0,4.0,6.0,0.0,1.0,0.0,0.0,1.0,5.0,1.0,1.0,1.0,0.0,1.0,0.0,1.0,0.0,super built up,high,new,m3m merlin,gurgaon,2.9
46.45,1.0,1.0,2.0,0.0,sector 71,15.0,1.0,0.0,0.0,0.0,0.0,1.0,1.0,1.0,1.0,0.0,0.0,0.0,1.0,0.0,0.0,0.0,0.0,0.0,0.0,6.0,10.0,4.0,6.0,0.0,1.0,0.0,0.0,1.0,5.0,1.0,1.0,1.0,0.0,1.0,0.0,1.0,0.0,super built up,low,new,signature andour heights,gurgaon,0.37
65.03,2.0,2.0,1.0,0.0,sector 71,15.0,1.0,0.0,0.0,0.0,0.0,1.0,1.0,1.0,1.0,0.0,0.0,0.0,1.0,0.0,0.0,0.0,0.0,0.0,0.0,6.0,10.0,4.0,6.0,0.0,1.0,0.0,0.0,1.0,5.0,1.0,1.0,1.0,0.0,1.0,0.0,1.0,0.0,super built up,mid,old,signature andour heights,gurgaon,0.59
55.74,2.0,2.0,1.0,1.0,sector 71,15.0,1.0,0.0,0.0,0.0,0.0,1.0,1.0,1.0,1.0,0.0,0.0,0.0,1.0,0.0,0.0,0.0,0.0,0.0,0.0,6.0,10.0,4.0,6.0,0.0,1.0,0.0,0.0,1.0,5.0,1.0,1.0,1.0,0.0,1.0,0.0,1.0,0.0,super built up,mid,new,signature andour heights,gurgaon,0.6
41.81,1.0,1.0,2.0,0.0,sector 71,15.0,1.0,0.0,0.0,0.0,0.0,1.0,1.0,1.0,1.0,0.0,0.0,0.0,1.0,0.0,0.0,0.0,0.0,0.0,0.0,6.0,10.0,4.0,6.0,0.0,1.0,0.0,0.0,1.0,5.0,1.0,1.0,1.0,0.0,1.0,0.0,1.0,0.0,built up,low,new,signature andour heights,gurgaon,0.37
126.91,2.0,2.0,3.0,0.0,sector 107,6.0,0.0,0.0,0.0,0.0,0.0,0.0,0.0,1.0,1.0,0.0,0.0,0.0,0.0,0.0,0.0,0.0,0.0,0.0,0.0,6.0,10.0,4.0,6.0,0.0,1.0,0.0,0.0,1.0,5.0,1.0,1.0,1.0,0.0,1.0,0.0,1.0,0.0,super built up,mid,new,m3m woodshire,gurgaon,0.9
181.16,3.0,5.0,3.0,1.0,sector 70,15.0,1.0,0.0,0.0,1.0,0.0,1.0,1.0,0.0,0.0,0.0,0.0,0.0,1.0,0.0,0.0,0.0,0.0,0.0,0.0,6.0,10.0,4.0,6.0,0.0,1.0,0.0,0.0,1.0,5.0,1.0,1.0,1.0,0.0,1.0,0.0,1.0,0.0,super built up,high,new,shree vardhman victoria,gurgaon,1.66
253.35,4.0,4.0,3.0,1.0,sector 90,6.0,1.0,0.0,0.0,0.0,0.0,0.0,0.0,1.0,1.0,0.0,0.0,0.0,0.0,1.0,0.0,0.0,0.0,0.0,0.0,6.0,10.0,4.0,6.0,0.0,1.0,0.0,0.0,1.0,5.0,1.0,1.0,1.0,0.0,1.0,0.0,1.0,0.0,super built up,high,old,dlf new town heights 1,gurgaon,2.0
181.16,3.0,5.0,3.0,1.0,sector 70,15.0,1.0,0.0,0.0,1.0,0.0,1.0,1.0,0.0,0.0,0.0,0.0,0.0,1.0,0.0,0.0,0.0,0.0,0.0,0.0,6.0,10.0,4.0,6.0,0.0,1.0,0.0,0.0,1.0,5.0,1.0,1.0,1.0,0.0,1.0,0.0,1.0,0.0,super built up,mid,old,shree vardhman victoria,gurgaon,1.67
120.77,2.0,2.0,2.0,0.0,sector 70,15.0,1.0,0.0,0.0,1.0,0.0,1.0,1.0,0.0,0.0,0.0,0.0,0.0,1.0,0.0,0.0,0.0,0.0,0.0,0.0,6.0,10.0,4.0,6.0,0.0,1.0,0.0,0.0,1.0,5.0,1.0,1.0,1.0,0.0,1.0,0.0,1.0,0.0,carpet,high,new,shree vardhman victoria,gurgaon,1.1
181.16,3.0,5.0,3.0,1.0,sector 70,15.0,1.0,0.0,0.0,1.0,0.0,1.0,1.0,0.0,0.0,0.0,0.0,0.0,1.0,0.0,0.0,0.0,0.0,0.0,0.0,6.0,10.0,4.0,6.0,0.0,1.0,0.0,0.0,1.0,5.0,1.0,1.0,1.0,0.0,1.0,0.0,1.0,0.0,super built up,mid,new,shree vardhman victoria,gurgaon,1.6
125.42,2.0,2.0,3.0,1.0,sector 70,15.0,1.0,0.0,0.0,1.0,0.0,1.0,1.0,0.0,0.0,0.0,0.0,0.0,1.0,0.0,0.0,0.0,0.0,0.0,0.0,6.0,10.0,4.0,6.0,0.0,1.0,0.0,0.0,1.0,5.0,1.0,1.0,1.0,0.0,1.0,0.0,1.0,0.0,super built up,high,new,shree vardhman victoria,gurgaon,1.07
186.74,4.0,4.0,2.0,0.0,sector 69,10.0,1.0,0.0,0.0,1.0,0.0,1.0,0.0,1.0,1.0,0.0,0.0,0.0,0.0,1.0,0.0,0.0,0.0,0.0,0.0,6.0,10.0,4.0,6.0,0.0,1.0,0.0,0.0,1.0,5.0,1.0,1.0,1.0,0.0,1.0,0.0,1.0,0.0,super built up,mid,new,tulip violet,gurgaon,1.76
146.6,3.0,3.0,2.0,1.0,sector 69,10.0,1.0,0.0,0.0,1.0,0.0,1.0,0.0,1.0,1.0,0.0,0.0,0.0,0.0,1.0,0.0,0.0,0.0,0.0,0.0,6.0,10.0,4.0,6.0,0.0,1.0,0.0,0.0,1.0,5.0,1.0,1.0,1.0,0.0,1.0,0.0,1.0,0.0,super built up,mid,new,tulip violet,gurgaon,1.55
538.84,4.0,5.0,3.0,1.0,sector 2,14.0,0.0,0.0,0.0,0.0,0.0,0.0,0.0,1.0,0.0,0.0,0.0,0.0,0.0,0.0,0.0,0.0,0.0,0.0,1.0,6.0,10.0,4.0,6.0,0.0,1.0,0.0,0.0,1.0,5.0,1.0,1.0,1.0,0.0,1.0,0.0,1.0,0.0,super built up,high,new,krrish provence estate,gurgaon,5.5
51.1,2.0,2.0,1.0,1.0,sector 99,8.0,1.0,0.0,0.0,1.0,0.0,0.0,0.0,1.0,1.0,0.0,0.0,1.0,0.0,0.0,0.0,0.0,0.0,0.0,0.0,6.0,10.0,4.0,6.0,0.0,1.0,0.0,0.0,1.0,5.0,1.0,1.0,1.0,0.0,1.0,0.0,1.0,0.0,carpet,mid,new,prime habitat,gurgaon,0.26
112.88,2.0,2.0,2.0,0.0,sector 102,13.0,1.0,0.0,0.0,1.0,1.0,0.0,0.0,1.0,1.0,0.0,0.0,1.0,0.0,1.0,0.0,0.0,1.0,0.0,0.0,6.0,10.0,4.0,6.0,0.0,1.0,0.0,0.0,1.0,5.0,1.0,1.0,1.0,0.0,1.0,0.0,1.0,0.0,super built up,high,new,shapoorji pallonji joyville gurugram,gurgaon,1.25
199.65,3.0,4.0,3.0,1.0,sector 102,15.0,0.0,0.0,0.0,1.0,0.0,1.0,0.0,1.0,1.0,1.0,1.0,1.0,0.0,1.0,0.0,0.0,0.0,1.0,0.0,6.0,10.0,4.0,6.0,0.0,1.0,0.0,0.0,1.0,5.0,1.0,1.0,1.0,0.0,1.0,0.0,1.0,0.0,super built up,high,new,conscient heritage max,gurgaon,2.1
128.67,2.0,2.0,3.0,0.0,sector 106,11.0,1.0,0.0,0.0,1.0,0.0,1.0,0.0,1.0,1.0,0.0,1.0,1.0,0.0,1.0,0.0,0.0,0.0,0.0,0.0,6.0,10.0,4.0,6.0,0.0,1.0,0.0,0.0,1.0,5.0,1.0,1.0,1.0,0.0,1.0,0.0,1.0,0.0,super built up,low,new,paras dews,gurgaon,0.95
128.67,2.0,2.0,3.0,0.0,sector 106,11.0,1.0,0.0,0.0,1.0,0.0,1.0,0.0,1.0,1.0,0.0,1.0,1.0,0.0,1.0,0.0,0.0,0.0,0.0,0.0,6.0,10.0,4.0,6.0,0.0,1.0,0.0,0.0,1.0,5.0,1.0,1.0,1.0,0.0,1.0,0.0,1.0,0.0,super built up,low,new,paras dews,gurgaon,0.92
163.51,3.0,4.0,3.0,1.0,sector 106,11.0,1.0,0.0,0.0,1.0,0.0,1.0,0.0,1.0,1.0,0.0,1.0,1.0,0.0,1.0,0.0,0.0,0.0,0.0,0.0,6.0,10.0,4.0,6.0,0.0,1.0,0.0,0.0,1.0,5.0,1.0,1.0,1.0,0.0,1.0,0.0,1.0,0.0,super built up,mid,new,paras dews,gurgaon,1.25
128.67,2.0,2.0,3.0,0.0,sector 106,11.0,1.0,0.0,0.0,1.0,0.0,1.0,0.0,1.0,1.0,0.0,1.0,1.0,0.0,1.0,0.0,0.0,0.0,0.0,0.0,6.0,10.0,4.0,6.0,0.0,1.0,0.0,0.0,1.0,5.0,1.0,1.0,1.0,0.0,1.0,0.0,1.0,0.0,super built up,low,new,paras dews,gurgaon,0.87
163.51,3.0,4.0,3.0,1.0,sector 106,11.0,1.0,0.0,0.0,1.0,0.0,1.0,0.0,1.0,1.0,0.0,1.0,1.0,0.0,1.0,0.0,0.0,0.0,0.0,0.0,6.0,10.0,4.0,6.0,0.0,1.0,0.0,0.0,1.0,5.0,1.0,1.0,1.0,0.0,1.0,0.0,1.0,0.0,super built up,high,new,paras dews,gurgaon,1.2
128.21,2.0,2.0,3.0,1.0,sector 37,15.0,1.0,1.0,0.0,0.0,0.0,1.0,1.0,1.0,0.0,0.0,0.0,0.0,0.0,0.0,1.0,0.0,1.0,0.0,0.0,6.0,10.0,4.0,6.0,0.0,1.0,0.0,0.0,1.0,5.0,1.0,1.0,1.0,0.0,1.0,0.0,1.0,0.0,super built up,high,new,ramprastha the edge towers,gurgaon,0.8
164.44,3.0,3.0,3.0,1.0,sector 37,15.0,1.0,1.0,0.0,0.0,0.0,1.0,1.0,1.0,0.0,0.0,0.0,0.0,0.0,0.0,1.0,0.0,1.0,0.0,0.0,6.0,10.0,4.0,6.0,0.0,1.0,0.0,0.0,1.0,5.0,1.0,1.0,1.0,0.0,1.0,0.0,1.0,0.0,super built up,mid,new,ramprastha the edge towers,gurgaon,0.98
118.54,2.0,2.0,2.0,0.0,sector 113,8.0,1.0,0.0,0.0,1.0,0.0,0.0,0.0,1.0,0.0,0.0,0.0,1.0,0.0,0.0,0.0,0.0,0.0,0.0,0.0,6.0,10.0,4.0,6.0,0.0,1.0,0.0,0.0,1.0,5.0,1.0,1.0,1.0,0.0,1.0,0.0,1.0,0.0,super built up,low,new,la vida by tata housing,gurgaon,1.32
185.81,3.0,3.0,3.0,1.0,sector 56,46.0,1.0,0.0,0.0,0.0,1.0,1.0,1.0,0.0,0.0,0.0,1.0,0.0,1.0,0.0,1.0,1.0,0.0,0.0,1.0,6.0,10.0,4.0,6.0,0.0,1.0,0.0,0.0,1.0,5.0,1.0,1.0,1.0,0.0,1.0,0.0,1.0,0.0,super built up,mid,old,shri banke bihari society,gurgaon,1.35
274.06,4.0,5.0,3.0,1.0,sector 111,10.0,1.0,0.0,0.0,1.0,0.0,0.0,0.0,1.0,1.0,0.0,1.0,1.0,0.0,0.0,0.0,0.0,0.0,0.0,0.0,6.0,10.0,4.0,6.0,0.0,1.0,0.0,0.0,1.0,5.0,1.0,1.0,1.0,0.0,1.0,0.0,1.0,0.0,super built up,high,new,puri diplomatic greens,gurgaon,3.45
247.12,3.0,4.0,3.0,1.0,sector 81,9.0,0.0,0.0,0.0,1.0,0.0,0.0,0.0,1.0,0.0,0.0,0.0,1.0,0.0,0.0,0.0,0.0,0.0,0.0,0.0,6.0,10.0,4.0,6.0,0.0,1.0,0.0,0.0,1.0,5.0,1.0,1.0,1.0,0.0,1.0,0.0,1.0,0.0,super built up,high,new,bestech park view grand spa,gurgaon,2.4
266.82,4.0,4.0,3.0,1.0,sector 81,9.0,1.0,0.0,0.0,0.0,0.0,0.0,0.0,1.0,1.0,0.0,1.0,0.0,0.0,0.0,0.0,0.0,0.0,0.0,0.0,6.0,10.0,4.0,6.0,0.0,1.0,0.0,0.0,1.0,5.0,1.0,1.0,1.0,0.0,1.0,0.0,1.0,0.0,super built up,high,new,dlf the ultima,gurgaon,3.45
198.07,3.0,3.0,3.0,1.0,sector 81,9.0,1.0,0.0,0.0,0.0,0.0,0.0,0.0,1.0,1.0,0.0,1.0,0.0,0.0,0.0,0.0,0.0,0.0,0.0,0.0,6.0,10.0,4.0,6.0,0.0,1.0,0.0,0.0,1.0,5.0,1.0,1.0,1.0,0.0,1.0,0.0,1.0,0.0,super built up,high,new,dlf the ultima,gurgaon,2.25
161.19,3.0,3.0,3.0,1.0,sector 37,13.0,0.0,0.0,0.0,1.0,0.0,1.0,0.0,1.0,1.0,1.0,0.0,1.0,0.0,1.0,0.0,0.0,0.0,0.0,0.0,6.0,10.0,4.0,6.0,0.0,1.0,0.0,0.0,1.0,5.0,1.0,1.0,1.0,0.0,1.0,0.0,1.0,0.0,super built up,low,new,corona optus,gurgaon,1.25
184.88,3.0,3.0,3.0,1.0,sector 37,13.0,0.0,0.0,0.0,1.0,0.0,1.0,0.0,1.0,1.0,1.0,0.0,1.0,0.0,1.0,0.0,0.0,0.0,0.0,0.0,6.0,10.0,4.0,6.0,0.0,1.0,0.0,0.0,1.0,5.0,1.0,1.0,1.0,0.0,1.0,0.0,1.0,0.0,super built up,low,new,corona optus,gurgaon,1.43
163.79,3.0,3.0,3.0,1.0,sector 37,13.0,0.0,0.0,0.0,1.0,0.0,1.0,0.0,1.0,1.0,1.0,0.0,1.0,0.0,1.0,0.0,0.0,0.0,0.0,0.0,6.0,10.0,4.0,6.0,0.0,1.0,0.0,0.0,1.0,5.0,1.0,1.0,1.0,0.0,1.0,0.0,1.0,0.0,super built up,low,new,corona optus,gurgaon,1.27
184.88,3.0,3.0,3.0,1.0,sector 37,13.0,0.0,0.0,0.0,1.0,0.0,1.0,0.0,1.0,1.0,1.0,0.0,1.0,0.0,1.0,0.0,0.0,0.0,0.0,0.0,6.0,10.0,4.0,6.0,0.0,1.0,0.0,0.0,1.0,5.0,1.0,1.0,1.0,0.0,1.0,0.0,1.0,0.0,super built up,low,new,corona optus,gurgaon,1.43
161.19,3.0,3.0,3.0,1.0,sector 37,13.0,0.0,0.0,0.0,1.0,0.0,1.0,0.0,1.0,1.0,1.0,0.0,1.0,0.0,1.0,0.0,0.0,0.0,0.0,0.0,6.0,10.0,4.0,6.0,0.0,1.0,0.0,0.0,1.0,5.0,1.0,1.0,1.0,0.0,1.0,0.0,1.0,0.0,super built up,low,new,corona optus,gurgaon,1.25
184.88,3.0,3.0,3.0,1.0,sector 37,13.0,0.0,0.0,0.0,1.0,0.0,1.0,0.0,1.0,1.0,1.0,0.0,1.0,0.0,1.0,0.0,0.0,0.0,0.0,0.0,6.0,10.0,4.0,6.0,0.0,1.0,0.0,0.0,1.0,5.0,1.0,1.0,1.0,0.0,1.0,0.0,1.0,0.0,super built up,low,new,corona optus,gurgaon,1.44
163.79,3.0,3.0,3.0,1.0,sector 37,13.0,0.0,0.0,0.0,1.0,0.0,1.0,0.0,1.0,1.0,1.0,0.0,1.0,0.0,1.0,0.0,0.0,0.0,0.0,0.0,6.0,10.0,4.0,6.0,0.0,1.0,0.0,0.0,1.0,5.0,1.0,1.0,1.0,0.0,1.0,0.0,1.0,0.0,super built up,low,new,corona optus,gurgaon,1.27
189.06,3.0,4.0,3.0,1.0,sector 37,8.0,1.0,0.0,0.0,1.0,1.0,0.0,0.0,1.0,0.0,0.0,0.0,1.0,0.0,0.0,0.0,0.0,0.0,0.0,0.0,6.0,10.0,4.0,6.0,0.0,1.0,0.0,0.0,1.0,5.0,1.0,1.0,1.0,0.0,1.0,0.0,1.0,0.0,super built up,high,new,imperia the esfera,gurgaon,1.1
241.55,4.0,5.0,3.0,1.0,sector 37,8.0,1.0,0.0,0.0,1.0,1.0,0.0,0.0,1.0,0.0,0.0,0.0,1.0,0.0,0.0,0.0,0.0,0.0,0.0,0.0,6.0,10.0,4.0,6.0,0.0,1.0,0.0,0.0,1.0,5.0,1.0,1.0,1.0,0.0,1.0,0.0,1.0,0.0,super built up,high,new,imperia the esfera,gurgaon,1.4
168.62,3.0,4.0,3.0,1.0,sector 37,8.0,1.0,0.0,0.0,1.0,1.0,0.0,0.0,1.0,0.0,0.0,0.0,1.0,0.0,0.0,0.0,0.0,0.0,0.0,0.0,6.0,10.0,4.0,6.0,0.0,1.0,0.0,0.0,1.0,5.0,1.0,1.0,1.0,0.0,1.0,0.0,1.0,0.0,super built up,high,new,imperia the esfera,gurgaon,0.99
146.6,2.0,3.0,3.0,1.0,sector 37,8.0,1.0,0.0,0.0,1.0,1.0,0.0,0.0,1.0,0.0,0.0,0.0,1.0,0.0,0.0,0.0,0.0,0.0,0.0,0.0,6.0,10.0,4.0,6.0,0.0,1.0,0.0,0.0,1.0,5.0,1.0,1.0,1.0,0.0,1.0,0.0,1.0,0.0,super built up,high,new,imperia the esfera,gurgaon,0.86
168.62,3.0,4.0,3.0,1.0,sector 37,8.0,1.0,0.0,0.0,1.0,1.0,0.0,0.0,1.0,0.0,0.0,0.0,1.0,0.0,0.0,0.0,0.0,0.0,0.0,0.0,6.0,10.0,4.0,6.0,0.0,1.0,0.0,0.0,1.0,5.0,1.0,1.0,1.0,0.0,1.0,0.0,1.0,0.0,super built up,high,new,imperia the esfera,gurgaon,0.98
146.6,2.0,3.0,3.0,1.0,sector 37,8.0,1.0,0.0,0.0,1.0,1.0,0.0,0.0,1.0,0.0,0.0,0.0,1.0,0.0,0.0,0.0,0.0,0.0,0.0,0.0,6.0,10.0,4.0,6.0,0.0,1.0,0.0,0.0,1.0,5.0,1.0,1.0,1.0,0.0,1.0,0.0,1.0,0.0,super built up,high,new,imperia the esfera,gurgaon,0.85
185.62,4.0,3.0,3.0,1.0,sector 37,11.0,1.0,0.0,0.0,1.0,0.0,1.0,0.0,1.0,1.0,0.0,0.0,1.0,0.0,1.0,0.0,0.0,0.0,0.0,0.0,6.0,10.0,4.0,6.0,0.0,1.0,0.0,0.0,1.0,5.0,1.0,1.0,1.0,0.0,1.0,0.0,1.0,0.0,super built up,high,new,bptp terra,gurgaon,1.79
168.25,3.0,3.0,3.0,1.0,sector 37,11.0,1.0,0.0,0.0,1.0,0.0,1.0,0.0,1.0,1.0,0.0,0.0,1.0,0.0,1.0,0.0,0.0,0.0,0.0,0.0,6.0,10.0,4.0,6.0,0.0,1.0,0.0,0.0,1.0,5.0,1.0,1.0,1.0,0.0,1.0,0.0,1.0,0.0,super built up,high,new,bptp terra,gurgaon,1.5
203.55,4.0,3.0,3.0,1.0,sector 37,11.0,1.0,0.0,0.0,1.0,0.0,1.0,0.0,1.0,1.0,0.0,0.0,1.0,0.0,1.0,0.0,0.0,0.0,0.0,0.0,6.0,10.0,4.0,6.0,0.0,1.0,0.0,0.0,1.0,5.0,1.0,1.0,1.0,0.0,1.0,0.0,1.0,0.0,super built up,high,new,bptp terra,gurgaon,1.77
168.25,3.0,3.0,3.0,1.0,sector 37,11.0,1.0,0.0,0.0,1.0,0.0,1.0,0.0,1.0,1.0,0.0,0.0,1.0,0.0,1.0,0.0,0.0,0.0,0.0,0.0,6.0,10.0,4.0,6.0,0.0,1.0,0.0,0.0,1.0,5.0,1.0,1.0,1.0,0.0,1.0,0.0,1.0,0.0,super built up,high,new,bptp terra,gurgaon,1.5
170.2,3.0,3.0,3.0,1.0,sector 37,11.0,1.0,0.0,0.0,1.0,0.0,1.0,0.0,1.0,1.0,0.0,0.0,1.0,0.0,1.0,0.0,0.0,0.0,0.0,0.0,6.0,10.0,4.0,6.0,0.0,1.0,0.0,0.0,1.0,5.0,1.0,1.0,1.0,0.0,1.0,0.0,1.0,0.0,super built up,high,new,bptp terra,gurgaon,1.49
203.55,4.0,3.0,3.0,1.0,sector 37,11.0,1.0,0.0,0.0,1.0,0.0,1.0,0.0,1.0,1.0,0.0,0.0,1.0,0.0,1.0,0.0,0.0,0.0,0.0,0.0,6.0,10.0,4.0,6.0,0.0,1.0,0.0,0.0,1.0,5.0,1.0,1.0,1.0,0.0,1.0,0.0,1.0,0.0,super built up,high,new,bptp terra,gurgaon,1.8
155.24,2.0,2.0,2.0,0.0,sector 85,13.0,1.0,0.0,0.0,1.0,0.0,1.0,0.0,1.0,1.0,0.0,0.0,1.0,0.0,1.0,0.0,0.0,0.0,1.0,0.0,6.0,10.0,4.0,6.0,0.0,1.0,0.0,0.0,1.0,5.0,1.0,1.0,1.0,0.0,1.0,0.0,1.0,0.0,super built up,high,new,ss the leaf,gurgaon,1.06
164.62,2.0,2.0,3.0,0.0,sector 85,13.0,1.0,0.0,0.0,1.0,0.0,1.0,0.0,1.0,1.0,0.0,0.0,1.0,0.0,1.0,0.0,0.0,0.0,1.0,0.0,6.0,10.0,4.0,6.0,0.0,1.0,0.0,0.0,1.0,5.0,1.0,1.0,1.0,0.0,1.0,0.0,1.0,0.0,super built up,high,new,ss the leaf,gurgaon,1.14
54.16,2.0,2.0,1.0,1.0,sector 84,15.0,1.0,0.0,0.0,0.0,0.0,0.0,1.0,1.0,1.0,0.0,0.0,1.0,1.0,1.0,0.0,0.0,0.0,0.0,0.0,6.0,10.0,4.0,6.0,0.0,1.0,0.0,0.0,1.0,5.0,1.0,1.0,1.0,0.0,1.0,0.0,1.0,0.0,super built up,high,new,pivotal devaan,gurgaon,0.36
44.87,2.0,2.0,1.0,1.0,sector 84,15.0,1.0,0.0,0.0,0.0,0.0,0.0,1.0,1.0,1.0,0.0,0.0,1.0,1.0,1.0,0.0,0.0,0.0,0.0,0.0,6.0,10.0,4.0,6.0,0.0,1.0,0.0,0.0,1.0,5.0,1.0,1.0,1.0,0.0,1.0,0.0,1.0,0.0,carpet,low,new,pivotal devaan,gurgaon,0.34
54.16,2.0,2.0,1.0,1.0,sector 84,15.0,1.0,0.0,0.0,0.0,0.0,0.0,1.0,1.0,1.0,0.0,0.0,1.0,1.0,1.0,0.0,0.0,0.0,0.0,0.0,6.0,10.0,4.0,6.0,0.0,1.0,0.0,0.0,1.0,5.0,1.0,1.0,1.0,0.0,1.0,0.0,1.0,0.0,super built up,low,new,pivotal devaan,gurgaon,0.34
54.16,2.0,2.0,1.0,1.0,sector 84,15.0,1.0,0.0,0.0,0.0,0.0,0.0,1.0,1.0,1.0,0.0,0.0,1.0,1.0,1.0,0.0,0.0,0.0,0.0,0.0,6.0,10.0,4.0,6.0,0.0,1.0,0.0,0.0,1.0,5.0,1.0,1.0,1.0,0.0,1.0,0.0,1.0,0.0,super built up,high,new,pivotal devaan,gurgaon,0.35
152.36,2.0,2.0,3.0,0.0,sector 85,13.0,1.0,0.0,0.0,1.0,0.0,1.0,0.0,1.0,1.0,0.0,0.0,1.0,0.0,1.0,0.0,0.0,0.0,1.0,0.0,6.0,10.0,4.0,6.0,0.0,1.0,0.0,0.0,1.0,5.0,1.0,1.0,1.0,0.0,1.0,0.0,1.0,0.0,super built up,high,new,ss the leaf,gurgaon,1.05
204.39,3.0,3.0,2.0,0.0,sector 49,14.0,1.0,0.0,0.0,0.0,0.0,1.0,1.0,0.0,0.0,0.0,0.0,0.0,0.0,0.0,0.0,0.0,0.0,0.0,0.0,6.0,10.0,4.0,6.0,0.0,1.0,0.0,0.0,1.0,5.0,1.0,1.0,1.0,0.0,1.0,0.0,1.0,0.0,carpet,low,old,vatika city,gurgaon,1.72
181.16,3.0,5.0,3.0,1.0,sector 70,15.0,1.0,0.0,0.0,1.0,0.0,1.0,1.0,0.0,0.0,0.0,0.0,0.0,1.0,0.0,0.0,0.0,0.0,0.0,0.0,6.0,10.0,4.0,6.0,0.0,1.0,0.0,0.0,1.0,5.0,1.0,1.0,1.0,0.0,1.0,0.0,1.0,0.0,super built up,high,new,shree vardhman victoria,gurgaon,1.55
181.16,3.0,5.0,3.0,1.0,sector 70,15.0,1.0,0.0,0.0,1.0,0.0,1.0,1.0,0.0,0.0,0.0,0.0,0.0,1.0,0.0,0.0,0.0,0.0,0.0,0.0,6.0,10.0,4.0,6.0,0.0,1.0,0.0,0.0,1.0,5.0,1.0,1.0,1.0,0.0,1.0,0.0,1.0,0.0,super built up,mid,new,shree vardhman victoria,gurgaon,1.5
199.74,4.0,4.0,3.0,1.0,sector 56,46.0,1.0,0.0,0.0,0.0,1.0,1.0,1.0,0.0,0.0,0.0,1.0,0.0,1.0,0.0,1.0,1.0,0.0,0.0,1.0,6.0,10.0,4.0,6.0,0.0,1.0,0.0,0.0,1.0,5.0,1.0,1.0,1.0,0.0,1.0,0.0,1.0,0.0,super built up,mid,new,the lions cghs,gurgaon,2.05
227.61,3.0,2.0,3.0,1.0,sector 56,47.0,1.0,0.0,0.0,0.0,1.0,0.0,1.0,0.0,0.0,0.0,1.0,0.0,1.0,0.0,1.0,1.0,0.0,0.0,1.0,6.0,10.0,4.0,6.0,0.0,1.0,0.0,0.0,1.0,5.0,1.0,1.0,1.0,0.0,1.0,0.0,1.0,0.0,super built up,mid,new,mariners home,gurgaon,2.11
217.67,3.0,4.0,2.0,1.0,sector 108,13.0,1.0,0.0,0.0,0.0,0.0,1.0,0.0,1.0,1.0,0.0,0.0,1.0,0.0,0.0,0.0,0.0,0.0,1.0,0.0,6.0,10.0,4.0,6.0,0.0,1.0,0.0,0.0,1.0,5.0,1.0,1.0,1.0,0.0,1.0,0.0,1.0,0.0,super built up,high,new,sobha city,gurgaon,3.95
140.1,2.0,2.0,3.0,1.0,sector 62,11.0,1.0,0.0,0.0,1.0,0.0,1.0,0.0,1.0,1.0,0.0,1.0,0.0,0.0,0.0,0.0,0.0,0.0,0.0,0.0,6.0,10.0,4.0,6.0,0.0,1.0,0.0,0.0,1.0,5.0,1.0,1.0,1.0,0.0,1.0,0.0,1.0,0.0,super built up,high,new,emaar digihomes,gurgaon,2.1
312.43,3.0,3.0,3.0,1.0,sector 65,9.0,1.0,0.0,0.0,1.0,0.0,1.0,0.0,1.0,1.0,0.0,1.0,0.0,0.0,1.0,0.0,1.0,0.0,0.0,0.0,6.0,10.0,4.0,6.0,0.0,1.0,0.0,0.0,1.0,5.0,1.0,1.0,1.0,0.0,1.0,0.0,1.0,0.0,super built up,high,old,m3m golfestate,gurgaon,6.15
312.43,3.0,3.0,3.0,1.0,sector 65,9.0,1.0,0.0,0.0,1.0,0.0,1.0,0.0,1.0,1.0,0.0,1.0,0.0,0.0,1.0,0.0,1.0,0.0,0.0,0.0,6.0,10.0,4.0,6.0,0.0,1.0,0.0,0.0,1.0,5.0,1.0,1.0,1.0,0.0,1.0,0.0,1.0,0.0,super built up,high,old,m3m golfestate,gurgaon,6.1
167.13,3.0,3.0,3.0,1.0,sector 82,7.0,1.0,0.0,0.0,0.0,0.0,0.0,0.0,0.0,1.0,0.0,0.0,0.0,0.0,0.0,0.0,0.0,0.0,0.0,0.0,6.0,10.0,4.0,6.0,0.0,1.0,0.0,0.0,1.0,5.0,1.0,1.0,1.0,0.0,1.0,0.0,1.0,0.0,super built up,mid,new,dlf the primus,gurgaon,1.59
185.81,3.0,4.0,3.0,1.0,sector 77,10.0,1.0,0.0,0.0,1.0,0.0,1.0,0.0,1.0,1.0,0.0,0.0,1.0,0.0,0.0,0.0,0.0,0.0,0.0,0.0,6.0,10.0,4.0,6.0,0.0,1.0,0.0,0.0,1.0,5.0,1.0,1.0,1.0,0.0,1.0,0.0,1.0,0.0,super built up,mid,new,emaar mgf palm hills,gurgaon,1.08
188.13,3.0,4.0,3.0,1.0,sector 77,10.0,1.0,0.0,0.0,1.0,0.0,1.0,0.0,1.0,1.0,0.0,0.0,1.0,0.0,0.0,0.0,0.0,0.0,0.0,0.0,6.0,10.0,4.0,6.0,0.0,1.0,0.0,0.0,1.0,5.0,1.0,1.0,1.0,0.0,1.0,0.0,1.0,0.0,super built up,mid,new,emaar mgf palm hills,gurgaon,1.09
86.4,2.0,2.0,2.0,0.0,sector 70,11.0,1.0,0.0,0.0,1.0,0.0,1.0,0.0,1.0,1.0,0.0,0.0,0.0,0.0,0.0,0.0,0.0,0.0,0.0,0.0,6.0,10.0,4.0,6.0,0.0,1.0,0.0,0.0,1.0,5.0,1.0,1.0,1.0,0.0,1.0,0.0,1.0,0.0,super built up,mid,new,aipl club residences,gurgaon,0.85
217.67,3.0,5.0,2.0,1.0,sector 108,13.0,1.0,0.0,0.0,0.0,0.0,1.0,0.0,1.0,1.0,0.0,0.0,1.0,0.0,0.0,0.0,0.0,0.0,1.0,0.0,6.0,10.0,4.0,6.0,0.0,1.0,0.0,0.0,1.0,5.0,1.0,1.0,1.0,0.0,1.0,0.0,1.0,0.0,super built up,high,new,sobha city,gurgaon,3.95
158.96,3.0,3.0,2.0,0.0,sector 108,13.0,1.0,0.0,0.0,0.0,0.0,1.0,0.0,1.0,1.0,0.0,0.0,1.0,0.0,0.0,0.0,0.0,0.0,1.0,0.0,6.0,10.0,4.0,6.0,0.0,1.0,0.0,0.0,1.0,5.0,1.0,1.0,1.0,0.0,1.0,0.0,1.0,0.0,super built up,high,new,sobha city,gurgaon,2.5
241.55,4.0,4.0,3.0,1.0,sector 56,46.0,1.0,0.0,0.0,0.0,1.0,1.0,1.0,0.0,0.0,0.0,1.0,0.0,1.0,0.0,1.0,1.0,0.0,0.0,1.0,6.0,10.0,4.0,6.0,0.0,1.0,0.0,0.0,1.0,5.0,1.0,1.0,1.0,0.0,1.0,0.0,1.0,0.0,super built up,mid,new,the lions cghs,gurgaon,2.05
278.71,4.0,4.0,3.0,1.0,sector 56,46.0,1.0,0.0,0.0,0.0,1.0,1.0,1.0,0.0,0.0,0.0,1.0,0.0,1.0,0.0,1.0,1.0,0.0,0.0,1.0,6.0,10.0,4.0,6.0,0.0,1.0,0.0,0.0,1.0,5.0,1.0,1.0,1.0,0.0,1.0,0.0,1.0,0.0,super built up,low,new,meditech apartment,gurgaon,2.45
185.81,3.0,3.0,3.0,1.0,sector 56,45.0,1.0,0.0,0.0,0.0,1.0,1.0,1.0,1.0,0.0,0.0,1.0,0.0,1.0,0.0,1.0,1.0,0.0,0.0,1.0,6.0,10.0,4.0,6.0,0.0,1.0,0.0,0.0,1.0,5.0,1.0,1.0,1.0,0.0,1.0,0.0,1.0,0.0,super built up,mid,new,kiran residency,gurgaon,1.5
176.52,3.0,3.0,3.0,1.0,sector 52,47.0,1.0,0.0,0.0,0.0,1.0,0.0,1.0,0.0,0.0,0.0,1.0,0.0,1.0,0.0,1.0,1.0,0.0,0.0,1.0,6.0,10.0,4.0,6.0,0.0,1.0,0.0,0.0,1.0,5.0,1.0,1.0,1.0,0.0,1.0,0.0,1.0,0.0,super built up,mid,new,shree kirpalu gi sector 52,gurgaon,1.45
152.36,2.0,2.0,3.0,0.0,sector 85,13.0,1.0,0.0,0.0,1.0,0.0,1.0,0.0,1.0,1.0,0.0,0.0,1.0,0.0,1.0,0.0,0.0,0.0,1.0,0.0,6.0,10.0,4.0,6.0,0.0,1.0,0.0,0.0,1.0,5.0,1.0,1.0,1.0,0.0,1.0,0.0,1.0,0.0,super built up,mid,new,ss the leaf,gurgaon,1.2
153.29,3.0,3.0,3.0,1.0,sector 65,6.0,1.0,0.0,0.0,0.0,0.0,0.0,0.0,0.0,1.0,0.0,0.0,0.0,0.0,1.0,0.0,0.0,0.0,0.0,0.0,6.0,10.0,4.0,6.0,0.0,1.0,0.0,0.0,1.0,5.0,1.0,1.0,1.0,0.0,1.0,0.0,1.0,0.0,super built up,low,new,emaar mgf emerald floors premier,gurgaon,2.4
198.07,3.0,3.0,2.0,1.0,sector 81,9.0,1.0,0.0,0.0,0.0,0.0,0.0,0.0,1.0,1.0,0.0,1.0,0.0,0.0,0.0,0.0,0.0,0.0,0.0,0.0,6.0,10.0,4.0,6.0,0.0,1.0,0.0,0.0,1.0,5.0,1.0,1.0,1.0,0.0,1.0,0.0,1.0,0.0,super built up,high,new,dlf the ultima,gurgaon,2.5
159.79,3.0,3.0,3.0,1.0,sector 83,10.0,0.0,0.0,0.0,1.0,0.0,0.0,0.0,0.0,0.0,0.0,0.0,0.0,0.0,0.0,0.0,0.0,0.0,0.0,0.0,6.0,10.0,4.0,6.0,0.0,1.0,0.0,0.0,1.0,5.0,1.0,1.0,1.0,0.0,1.0,0.0,1.0,0.0,super built up,mid,new,emaar palm gardens,gurgaon,1.55
176.52,3.0,3.0,3.0,1.0,sector 83,10.0,0.0,0.0,0.0,1.0,0.0,0.0,0.0,0.0,0.0,0.0,0.0,0.0,0.0,0.0,0.0,0.0,0.0,0.0,0.0,6.0,10.0,4.0,6.0,0.0,1.0,0.0,0.0,1.0,5.0,1.0,1.0,1.0,0.0,1.0,0.0,1.0,0.0,super built up,mid,new,emaar palm gardens,gurgaon,1.76
176.52,3.0,3.0,3.0,1.0,sector 83,10.0,0.0,0.0,0.0,1.0,0.0,0.0,0.0,0.0,0.0,0.0,0.0,0.0,0.0,0.0,0.0,0.0,0.0,0.0,0.0,6.0,10.0,4.0,6.0,0.0,1.0,0.0,0.0,1.0,5.0,1.0,1.0,1.0,0.0,1.0,0.0,1.0,0.0,super built up,mid,new,emaar palm gardens,gurgaon,1.76
210.15,3.0,4.0,2.0,1.0,sector 80,10.0,1.0,0.0,0.0,0.0,0.0,0.0,0.0,0.0,0.0,0.0,0.0,0.0,1.0,0.0,0.0,0.0,0.0,0.0,1.0,6.0,10.0,4.0,6.0,0.0,1.0,0.0,0.0,1.0,5.0,1.0,1.0,1.0,0.0,1.0,0.0,1.0,0.0,super built up,high,old,godrej frontier,gurgaon,1.4
179.12,3.0,3.0,3.0,1.0,sector 80,10.0,1.0,0.0,0.0,0.0,0.0,0.0,0.0,0.0,0.0,0.0,0.0,0.0,1.0,0.0,0.0,0.0,0.0,0.0,1.0,6.0,10.0,4.0,6.0,0.0,1.0,0.0,0.0,1.0,5.0,1.0,1.0,1.0,0.0,1.0,0.0,1.0,0.0,super built up,high,old,godrej frontier,gurgaon,1.1
198.07,3.0,3.0,2.0,1.0,sector 81,9.0,1.0,0.0,0.0,0.0,0.0,0.0,0.0,1.0,1.0,0.0,1.0,0.0,0.0,0.0,0.0,0.0,0.0,0.0,0.0,6.0,10.0,4.0,6.0,0.0,1.0,0.0,0.0,1.0,5.0,1.0,1.0,1.0,0.0,1.0,0.0,1.0,0.0,super built up,high,new,dlf the ultima,gurgaon,2.45
201.04,3.0,4.0,1.0,1.0,sector 58,13.0,1.0,0.0,0.0,1.0,0.0,1.0,0.0,1.0,1.0,0.0,1.0,0.0,0.0,0.0,0.0,0.0,0.0,0.0,0.0,6.0,10.0,4.0,6.0,0.0,1.0,0.0,0.0,1.0,5.0,1.0,1.0,1.0,0.0,1.0,0.0,1.0,0.0,super built up,high,old,ireo the grand arch,gurgaon,3.8
216.37,3.0,4.0,3.0,1.0,sector 54,15.0,1.0,0.0,0.0,0.0,1.0,0.0,1.0,1.0,0.0,0.0,1.0,0.0,0.0,0.0,0.0,1.0,0.0,0.0,0.0,6.0,10.0,4.0,6.0,0.0,1.0,0.0,0.0,1.0,5.0,1.0,1.0,1.0,0.0,1.0,0.0,1.0,0.0,super built up,high,new,dlf park place,gurgaon,5.75
378.3,4.0,5.0,3.0,1.0,sector 54,9.0,1.0,0.0,0.0,1.0,0.0,0.0,0.0,0.0,1.0,0.0,1.0,0.0,0.0,1.0,0.0,0.0,1.0,0.0,0.0,6.0,10.0,4.0,6.0,0.0,1.0,0.0,0.0,1.0,5.0,1.0,1.0,1.0,0.0,1.0,0.0,1.0,0.0,super built up,high,old,dlf the belaire,gurgaon,10.0
249.44,3.0,4.0,3.0,1.0,sector 28,11.0,1.0,0.0,0.0,1.0,0.0,0.0,0.0,1.0,1.0,0.0,1.0,0.0,0.0,0.0,0.0,1.0,0.0,0.0,0.0,6.0,10.0,4.0,6.0,0.0,1.0,0.0,0.0,1.0,5.0,1.0,1.0,1.0,0.0,1.0,0.0,1.0,0.0,super built up,high,new,suncity platinum towers,gurgaon,6.2
176.52,3.0,3.0,3.0,1.0,sector 83,10.0,0.0,0.0,0.0,1.0,0.0,0.0,0.0,0.0,0.0,0.0,0.0,0.0,0.0,0.0,0.0,0.0,0.0,0.0,0.0,6.0,10.0,4.0,6.0,0.0,1.0,0.0,0.0,1.0,5.0,1.0,1.0,1.0,0.0,1.0,0.0,1.0,0.0,super built up,mid,new,emaar palm gardens,gurgaon,1.75
198.07,3.0,3.0,2.0,1.0,sector 81,9.0,1.0,0.0,0.0,0.0,0.0,0.0,0.0,1.0,1.0,0.0,1.0,0.0,0.0,0.0,0.0,0.0,0.0,0.0,0.0,6.0,10.0,4.0,6.0,0.0,1.0,0.0,0.0,1.0,5.0,1.0,1.0,1.0,0.0,1.0,0.0,1.0,0.0,super built up,high,new,dlf the ultima,gurgaon,2.4
176.52,3.0,3.0,3.0,1.0,sector 83,10.0,0.0,0.0,0.0,1.0,0.0,0.0,0.0,0.0,0.0,0.0,0.0,0.0,0.0,0.0,0.0,0.0,0.0,0.0,0.0,6.0,10.0,4.0,6.0,0.0,1.0,0.0,0.0,1.0,5.0,1.0,1.0,1.0,0.0,1.0,0.0,1.0,0.0,super built up,mid,new,emaar palm gardens,gurgaon,1.75
210.15,3.0,4.0,2.0,1.0,sector 80,10.0,1.0,0.0,0.0,0.0,0.0,0.0,0.0,0.0,0.0,0.0,0.0,0.0,1.0,0.0,0.0,0.0,0.0,0.0,1.0,6.0,10.0,4.0,6.0,0.0,1.0,0.0,0.0,1.0,5.0,1.0,1.0,1.0,0.0,1.0,0.0,1.0,0.0,super built up,mid,old,godrej frontier,gurgaon,1.4
4270.38,2.0,2.0,1.0,1.0,sector 95,3.0,1.0,0.0,0.0,0.0,0.0,0.0,0.0,0.0,0.0,0.0,0.0,0.0,0.0,0.0,0.0,0.0,0.0,0.0,0.0,6.0,10.0,4.0,6.0,0.0,1.0,0.0,0.0,1.0,5.0,1.0,1.0,1.0,0.0,1.0,0.0,1.0,0.0,carpet,high,new,ramsons kshitij,gurgaon,0.24
298.4,1.0,1.0,1.0,0.0,sector 95,3.0,1.0,0.0,0.0,0.0,0.0,0.0,0.0,0.0,0.0,0.0,0.0,0.0,0.0,0.0,0.0,0.0,0.0,0.0,0.0,6.0,10.0,4.0,6.0,0.0,1.0,0.0,0.0,1.0,5.0,1.0,1.0,1.0,0.0,1.0,0.0,1.0,0.0,carpet,high,new,ramsons kshitij,gurgaon,0.18
56479.1,2.0,2.0,1.0,1.0,sector 95,5.0,1.0,0.0,0.0,0.0,0.0,0.0,0.0,0.0,0.0,0.0,0.0,0.0,1.0,0.0,0.0,0.0,0.0,0.0,0.0,6.0,10.0,4.0,6.0,0.0,1.0,0.0,0.0,1.0,5.0,1.0,1.0,1.0,0.0,1.0,0.0,1.0,0.0,carpet,low,new,ramsons kshitij,gurgaon,0.31
5101.96,2.0,2.0,1.0,0.0,sector 95,14.0,0.0,0.0,0.0,0.0,0.0,0.0,0.0,0.0,1.0,1.0,1.0,1.0,0.0,0.0,0.0,1.0,0.0,0.0,1.0,6.0,10.0,4.0,6.0,0.0,1.0,0.0,0.0,1.0,5.0,1.0,1.0,1.0,0.0,1.0,0.0,1.0,0.0,carpet,high,new,rof ananda,gurgaon,0.33
5984.07,3.0,2.0,1.0,0.0,sector 95,14.0,0.0,0.0,0.0,0.0,0.0,0.0,0.0,0.0,1.0,1.0,1.0,1.0,0.0,0.0,0.0,1.0,0.0,0.0,1.0,6.0,10.0,4.0,6.0,0.0,1.0,0.0,0.0,1.0,5.0,1.0,1.0,1.0,0.0,1.0,0.0,1.0,0.0,carpet,high,new,rof ananda,gurgaon,0.38
3195.96,1.0,1.0,1.0,0.0,sector 95,14.0,0.0,0.0,0.0,0.0,0.0,0.0,0.0,0.0,1.0,1.0,1.0,1.0,0.0,0.0,0.0,1.0,0.0,0.0,1.0,6.0,10.0,4.0,6.0,0.0,1.0,0.0,0.0,1.0,5.0,1.0,1.0,1.0,0.0,1.0,0.0,1.0,0.0,carpet,high,new,rof ananda,gurgaon,0.21
34.01,1.0,1.0,1.0,0.0,sector 95,14.0,0.0,0.0,0.0,0.0,0.0,0.0,0.0,0.0,1.0,1.0,1.0,1.0,0.0,0.0,0.0,1.0,0.0,0.0,1.0,6.0,10.0,4.0,6.0,0.0,1.0,0.0,0.0,1.0,5.0,1.0,1.0,1.0,0.0,1.0,0.0,1.0,0.0,carpet,high,new,rof ananda,gurgaon,0.2
150.5,3.0,3.0,3.0,1.0,sector 71,15.0,1.0,1.0,0.0,0.0,0.0,1.0,1.0,0.0,1.0,0.0,0.0,0.0,0.0,1.0,0.0,1.0,0.0,0.0,0.0,6.0,10.0,4.0,6.0,0.0,1.0,0.0,0.0,1.0,5.0,1.0,1.0,1.0,0.0,1.0,0.0,1.0,0.0,super built up,mid,new,chd avenue 71,gurgaon,1.2
112.88,2.0,2.0,3.0,0.0,sector 102,13.0,1.0,0.0,0.0,1.0,1.0,0.0,0.0,1.0,1.0,0.0,0.0,1.0,0.0,1.0,0.0,0.0,1.0,0.0,0.0,6.0,10.0,4.0,6.0,0.0,1.0,0.0,0.0,1.0,5.0,1.0,1.0,1.0,0.0,1.0,0.0,1.0,0.0,super built up,mid,new,shapoorji pallonji joyville gurugram,gurgaon,1.26
166.3,3.0,3.0,3.0,1.0,sector 103,15.0,1.0,0.0,0.0,1.0,1.0,1.0,0.0,1.0,1.0,1.0,1.0,1.0,0.0,1.0,0.0,0.0,0.0,0.0,0.0,6.0,10.0,4.0,6.0,0.0,1.0,0.0,0.0,1.0,5.0,1.0,1.0,1.0,0.0,1.0,0.0,1.0,0.0,super built up,high,new,indiabulls centrum park,gurgaon,1.34
292.64,4.0,4.0,3.0,1.0,sector 104,13.0,1.0,0.0,0.0,1.0,0.0,1.0,0.0,1.0,1.0,0.0,1.0,1.0,0.0,1.0,0.0,1.0,0.0,0.0,0.0,6.0,10.0,4.0,6.0,0.0,1.0,0.0,0.0,1.0,5.0,1.0,1.0,1.0,0.0,1.0,0.0,1.0,0.0,super built up,high,new,ats triumph,gurgaon,2.5
274.06,4.0,5.0,3.0,1.0,sector 111,10.0,1.0,0.0,0.0,1.0,0.0,0.0,0.0,1.0,1.0,0.0,1.0,1.0,0.0,0.0,0.0,0.0,0.0,0.0,0.0,6.0,10.0,4.0,6.0,0.0,1.0,0.0,0.0,1.0,5.0,1.0,1.0,1.0,0.0,1.0,0.0,1.0,0.0,super built up,high,new,puri diplomatic greens,gurgaon,3.7
139.35,3.0,2.0,2.0,0.0,sector 1,11.0,1.0,0.0,0.0,0.0,0.0,0.0,0.0,0.0,0.0,0.0,0.0,0.0,1.0,0.0,0.0,0.0,0.0,0.0,1.0,6.0,10.0,4.0,6.0,0.0,1.0,0.0,0.0,1.0,5.0,1.0,1.0,1.0,0.0,1.0,0.0,1.0,0.0,super built up,mid,old,hsiidc sidco shivalik apartments,manesar,0.6
319.03,4.0,4.0,3.0,1.0,sector 84,10.0,1.0,0.0,0.0,1.0,1.0,1.0,1.0,1.0,0.0,0.0,0.0,0.0,0.0,0.0,0.0,0.0,0.0,0.0,0.0,6.0,10.0,4.0,6.0,0.0,1.0,0.0,0.0,1.0,5.0,1.0,1.0,1.0,0.0,1.0,0.0,1.0,0.0,super built up,high,new,alpha corp gurgaonone 84,gurgaon,2.2
278.71,4.0,6.0,3.0,1.0,sector 54,9.0,1.0,0.0,0.0,1.0,0.0,0.0,0.0,0.0,1.0,0.0,1.0,0.0,0.0,1.0,0.0,0.0,1.0,0.0,0.0,6.0,10.0,4.0,6.0,0.0,1.0,0.0,0.0,1.0,5.0,1.0,1.0,1.0,0.0,1.0,0.0,1.0,0.0,super built up,high,old,dlf the belaire,gurgaon,7.0
292.64,4.0,4.0,3.0,1.0,sector 104,13.0,1.0,0.0,0.0,1.0,0.0,1.0,0.0,1.0,1.0,0.0,1.0,1.0,0.0,1.0,0.0,1.0,0.0,0.0,0.0,6.0,10.0,4.0,6.0,0.0,1.0,0.0,0.0,1.0,5.0,1.0,1.0,1.0,0.0,1.0,0.0,1.0,0.0,super built up,high,new,ats triumph,gurgaon,2.6
281.03,3.0,4.0,3.0,1.0,sector 59,15.0,1.0,0.0,0.0,1.0,0.0,1.0,1.0,1.0,1.0,0.0,1.0,0.0,0.0,0.0,0.0,0.0,1.0,0.0,0.0,6.0,10.0,4.0,6.0,0.0,1.0,0.0,0.0,1.0,5.0,1.0,1.0,1.0,0.0,1.0,0.0,1.0,0.0,carpet,high,new,mahindra luminare,gurgaon,5.8
181.16,3.0,3.0,3.0,1.0,sector 70,15.0,1.0,0.0,0.0,1.0,0.0,1.0,1.0,0.0,0.0,0.0,0.0,0.0,1.0,0.0,0.0,0.0,0.0,0.0,0.0,6.0,10.0,4.0,6.0,0.0,1.0,0.0,0.0,1.0,5.0,1.0,1.0,1.0,0.0,1.0,0.0,1.0,0.0,super built up,high,new,shree vardhman victoria,gurgaon,1.8
132.29,2.0,2.0,2.0,0.0,sector 74,7.0,1.0,0.0,0.0,1.0,0.0,1.0,0.0,1.0,1.0,0.0,0.0,1.0,0.0,0.0,0.0,0.0,0.0,0.0,0.0,6.0,10.0,4.0,6.0,0.0,1.0,0.0,0.0,1.0,5.0,1.0,1.0,1.0,0.0,1.0,0.0,1.0,0.0,super built up,high,new,m3m skywalk,gurgaon,1.4
261.24,4.0,4.0,3.0,1.0,sector 85,13.0,1.0,0.0,0.0,1.0,0.0,1.0,0.0,1.0,1.0,0.0,0.0,1.0,0.0,1.0,0.0,0.0,0.0,1.0,0.0,6.0,10.0,4.0,6.0,0.0,1.0,0.0,0.0,1.0,5.0,1.0,1.0,1.0,0.0,1.0,0.0,1.0,0.0,super built up,mid,new,ss the leaf,gurgaon,2.05
161.74,2.0,3.0,3.0,1.0,sector 85,13.0,1.0,0.0,0.0,1.0,0.0,1.0,0.0,1.0,1.0,0.0,0.0,1.0,0.0,1.0,0.0,0.0,0.0,1.0,0.0,6.0,10.0,4.0,6.0,0.0,1.0,0.0,0.0,1.0,5.0,1.0,1.0,1.0,0.0,1.0,0.0,1.0,0.0,super built up,high,new,ss the leaf,gurgaon,1.17
179.21,3.0,3.0,1.0,1.0,sector 86,10.0,0.0,0.0,0.0,1.0,0.0,0.0,0.0,1.0,1.0,0.0,0.0,0.0,0.0,1.0,0.0,0.0,0.0,0.0,0.0,6.0,10.0,4.0,6.0,0.0,1.0,0.0,0.0,1.0,5.0,1.0,1.0,1.0,0.0,1.0,0.0,1.0,0.0,super built up,high,new,dlf the skycourt,gurgaon,1.58
158.12,3.0,3.0,3.0,1.0,sector 90,14.0,0.0,0.0,0.0,0.0,1.0,0.0,0.0,0.0,0.0,0.0,0.0,0.0,0.0,0.0,0.0,0.0,0.0,0.0,0.0,6.0,10.0,4.0,6.0,0.0,1.0,0.0,0.0,1.0,5.0,1.0,1.0,1.0,0.0,1.0,0.0,1.0,0.0,super built up,high,new,dlf regal gardens,gurgaon,1.25
59.84,3.0,2.0,1.0,1.0,sector 95,14.0,0.0,0.0,0.0,0.0,0.0,0.0,0.0,0.0,1.0,1.0,1.0,1.0,0.0,0.0,0.0,1.0,0.0,0.0,1.0,6.0,10.0,4.0,6.0,0.0,1.0,0.0,0.0,1.0,5.0,1.0,1.0,1.0,0.0,1.0,0.0,1.0,0.0,carpet,mid,new,rof ananda,gurgaon,0.37
59.84,3.0,2.0,1.0,1.0,sector 95,14.0,0.0,0.0,0.0,0.0,0.0,0.0,0.0,0.0,1.0,1.0,1.0,1.0,0.0,0.0,0.0,1.0,0.0,0.0,1.0,6.0,10.0,4.0,6.0,0.0,1.0,0.0,0.0,1.0,5.0,1.0,1.0,1.0,0.0,1.0,0.0,1.0,0.0,carpet,low,new,rof ananda,gurgaon,0.38
51.02,2.0,2.0,1.0,1.0,sector 95,14.0,0.0,0.0,0.0,0.0,0.0,0.0,0.0,0.0,1.0,1.0,1.0,1.0,0.0,0.0,0.0,1.0,0.0,0.0,1.0,6.0,10.0,4.0,6.0,0.0,1.0,0.0,0.0,1.0,5.0,1.0,1.0,1.0,0.0,1.0,0.0,1.0,0.0,carpet,high,new,rof ananda,gurgaon,0.32
51.02,2.0,2.0,1.0,1.0,sector 95,14.0,0.0,0.0,0.0,0.0,0.0,0.0,0.0,0.0,1.0,1.0,1.0,1.0,0.0,0.0,0.0,1.0,0.0,0.0,1.0,6.0,10.0,4.0,6.0,0.0,1.0,0.0,0.0,1.0,5.0,1.0,1.0,1.0,0.0,1.0,0.0,1.0,0.0,carpet,high,new,rof ananda,gurgaon,0.32
34.01,1.0,1.0,1.0,1.0,sector 95,14.0,0.0,0.0,0.0,0.0,0.0,0.0,0.0,0.0,1.0,1.0,1.0,1.0,0.0,0.0,0.0,1.0,0.0,0.0,1.0,6.0,10.0,4.0,6.0,0.0,1.0,0.0,0.0,1.0,5.0,1.0,1.0,1.0,0.0,1.0,0.0,1.0,0.0,carpet,high,new,rof ananda,gurgaon,0.2
34.01,1.0,1.0,1.0,1.0,sector 95,14.0,0.0,0.0,0.0,0.0,0.0,0.0,0.0,0.0,1.0,1.0,1.0,1.0,0.0,0.0,0.0,1.0,0.0,0.0,1.0,6.0,10.0,4.0,6.0,0.0,1.0,0.0,0.0,1.0,5.0,1.0,1.0,1.0,0.0,1.0,0.0,1.0,0.0,carpet,low,new,rof ananda,gurgaon,0.2
213.68,3.0,5.0,3.0,1.0,sector 82,10.0,0.0,0.0,0.0,1.0,0.0,0.0,0.0,1.0,0.0,0.0,0.0,0.0,0.0,0.0,0.0,0.0,0.0,0.0,0.0,6.0,10.0,4.0,6.0,0.0,1.0,0.0,0.0,1.0,5.0,1.0,1.0,1.0,0.0,1.0,0.0,1.0,0.0,super built up,high,new,mapsko royale ville,gurgaon,1.22
178.19,3.0,3.0,3.0,1.0,sector 84,10.0,1.0,0.0,0.0,1.0,0.0,1.0,0.0,1.0,1.0,0.0,0.0,1.0,0.0,0.0,0.0,0.0,0.0,0.0,0.0,6.0,10.0,4.0,6.0,0.0,1.0,0.0,0.0,1.0,5.0,1.0,1.0,1.0,0.0,1.0,0.0,1.0,0.0,super built up,mid,new,spaze privy at4,gurgaon,1.35
59.37,2.0,2.0,1.0,0.0,sector 71,15.0,1.0,0.0,0.0,0.0,0.0,1.0,1.0,1.0,1.0,0.0,0.0,0.0,1.0,0.0,0.0,0.0,0.0,0.0,0.0,6.0,10.0,4.0,6.0,0.0,1.0,0.0,0.0,1.0,5.0,1.0,1.0,1.0,0.0,1.0,0.0,1.0,0.0,super built up,mid,new,signature andour heights,gurgaon,0.55
194.17,4.0,4.0,2.0,1.0,sector 92,8.0,1.0,0.0,0.0,0.0,0.0,0.0,0.0,0.0,0.0,0.0,0.0,0.0,1.0,0.0,0.0,0.0,0.0,0.0,0.0,6.0,10.0,4.0,6.0,0.0,1.0,0.0,0.0,1.0,5.0,1.0,1.0,1.0,0.0,1.0,0.0,1.0,0.0,carpet,high,new,sare homes,gurgaon,1.12
191.1,4.0,4.0,3.0,1.0,sector 92,8.0,1.0,0.0,0.0,0.0,0.0,0.0,0.0,0.0,0.0,0.0,0.0,0.0,1.0,0.0,0.0,0.0,0.0,0.0,0.0,6.0,10.0,4.0,6.0,0.0,1.0,0.0,0.0,1.0,5.0,1.0,1.0,1.0,0.0,1.0,0.0,1.0,0.0,carpet,mid,new,sare homes,gurgaon,1.1
120.59,3.0,3.0,2.0,1.0,sector 92,8.0,1.0,0.0,0.0,0.0,0.0,0.0,0.0,0.0,0.0,0.0,0.0,0.0,1.0,0.0,0.0,0.0,0.0,0.0,0.0,6.0,10.0,4.0,6.0,0.0,1.0,0.0,0.0,1.0,5.0,1.0,1.0,1.0,0.0,1.0,0.0,1.0,0.0,carpet,high,new,sare homes,gurgaon,0.68
211.82,4.0,3.0,3.0,1.0,sector 92,8.0,1.0,0.0,0.0,0.0,0.0,0.0,0.0,0.0,0.0,0.0,0.0,0.0,1.0,0.0,0.0,0.0,0.0,0.0,0.0,6.0,10.0,4.0,6.0,0.0,1.0,0.0,0.0,1.0,5.0,1.0,1.0,1.0,0.0,1.0,0.0,1.0,0.0,carpet,high,new,sare homes,gurgaon,1.19
58.71,2.0,2.0,1.0,1.0,sector 102,12.0,1.0,0.0,0.0,0.0,0.0,0.0,0.0,1.0,1.0,0.0,0.0,0.0,0.0,0.0,1.0,1.0,1.0,0.0,0.0,6.0,10.0,4.0,6.0,0.0,1.0,0.0,0.0,1.0,5.0,1.0,1.0,1.0,0.0,1.0,0.0,1.0,0.0,super built up,mid,new,suncity avenue 102,gurgaon,0.48
292.64,4.0,4.0,3.0,1.0,sector 109,15.0,0.0,0.0,0.0,0.0,1.0,0.0,1.0,1.0,1.0,0.0,0.0,0.0,1.0,0.0,1.0,0.0,1.0,1.0,0.0,6.0,10.0,4.0,6.0,0.0,1.0,0.0,0.0,1.0,5.0,1.0,1.0,1.0,0.0,1.0,0.0,1.0,0.0,built up,mid,new,ats kocoon,gurgaon,2.95
145.39,2.0,2.0,3.0,1.0,sector 2,10.0,1.0,0.0,0.0,1.0,1.0,0.0,0.0,1.0,1.0,1.0,1.0,0.0,0.0,0.0,0.0,0.0,0.0,0.0,0.0,6.0,10.0,4.0,6.0,0.0,1.0,0.0,0.0,1.0,5.0,1.0,1.0,1.0,0.0,1.0,0.0,1.0,0.0,super built up,high,old,bestech park view residency,gurgaon,0.98
178.37,3.0,4.0,3.0,1.0,sector 2,10.0,1.0,0.0,0.0,1.0,1.0,0.0,0.0,1.0,1.0,1.0,1.0,0.0,0.0,0.0,0.0,0.0,0.0,0.0,0.0,6.0,10.0,4.0,6.0,0.0,1.0,0.0,0.0,1.0,5.0,1.0,1.0,1.0,0.0,1.0,0.0,1.0,0.0,super built up,high,old,bestech park view residency,gurgaon,1.55
131.46,2.0,2.0,3.0,0.0,sector 2,10.0,1.0,0.0,0.0,1.0,1.0,0.0,0.0,1.0,1.0,1.0,1.0,0.0,0.0,0.0,0.0,0.0,0.0,0.0,0.0,6.0,10.0,4.0,6.0,0.0,1.0,0.0,0.0,1.0,5.0,1.0,1.0,1.0,0.0,1.0,0.0,1.0,0.0,super built up,high,old,bestech park view residency,gurgaon,1.01
178.37,3.0,4.0,3.0,1.0,sector 2,10.0,1.0,0.0,0.0,1.0,1.0,0.0,0.0,1.0,1.0,1.0,1.0,0.0,0.0,0.0,0.0,0.0,0.0,0.0,0.0,6.0,10.0,4.0,6.0,0.0,1.0,0.0,0.0,1.0,5.0,1.0,1.0,1.0,0.0,1.0,0.0,1.0,0.0,super built up,high,old,bestech park view residency,gurgaon,1.51
165.37,3.0,3.0,3.0,0.0,sector 2,10.0,1.0,0.0,0.0,1.0,1.0,0.0,0.0,1.0,1.0,1.0,1.0,0.0,0.0,0.0,0.0,0.0,0.0,0.0,0.0,6.0,10.0,4.0,6.0,0.0,1.0,0.0,0.0,1.0,5.0,1.0,1.0,1.0,0.0,1.0,0.0,1.0,0.0,super built up,high,old,bestech park view residency,gurgaon,1.4
178.37,3.0,4.0,3.0,1.0,sector 2,10.0,1.0,0.0,0.0,1.0,1.0,0.0,0.0,1.0,1.0,1.0,1.0,0.0,0.0,0.0,0.0,0.0,0.0,0.0,0.0,6.0,10.0,4.0,6.0,0.0,1.0,0.0,0.0,1.0,5.0,1.0,1.0,1.0,0.0,1.0,0.0,1.0,0.0,super built up,high,old,bestech park view residency,gurgaon,1.59
60.48,1.0,2.0,2.0,0.0,sector 2,10.0,1.0,0.0,0.0,1.0,1.0,0.0,0.0,1.0,1.0,1.0,1.0,0.0,0.0,0.0,0.0,0.0,0.0,0.0,0.0,6.0,10.0,4.0,6.0,0.0,1.0,0.0,0.0,1.0,5.0,1.0,1.0,1.0,0.0,1.0,0.0,1.0,0.0,carpet,mid,old,bestech park view residency,gurgaon,0.56
199.65,3.0,4.0,3.0,1.0,sector 102,15.0,0.0,0.0,0.0,1.0,0.0,1.0,0.0,1.0,1.0,1.0,1.0,1.0,0.0,1.0,0.0,0.0,0.0,1.0,0.0,6.0,10.0,4.0,6.0,0.0,1.0,0.0,0.0,1.0,5.0,1.0,1.0,1.0,0.0,1.0,0.0,1.0,0.0,super built up,high,new,conscient heritage max,gurgaon,2.0
153.29,3.0,4.0,3.0,1.0,sector 102,10.0,1.0,0.0,0.0,1.0,0.0,1.0,0.0,1.0,1.0,0.0,0.0,1.0,0.0,0.0,0.0,0.0,0.0,0.0,0.0,6.0,10.0,4.0,6.0,0.0,1.0,0.0,0.0,1.0,5.0,1.0,1.0,1.0,0.0,1.0,0.0,1.0,0.0,super built up,high,new,emaar gurgaon greens,gurgaon,1.35
253.35,3.0,3.0,3.0,1.0,sector 102,10.0,1.0,0.0,0.0,1.0,0.0,1.0,0.0,1.0,1.0,1.0,0.0,1.0,0.0,0.0,0.0,0.0,1.0,0.0,1.0,6.0,10.0,4.0,6.0,0.0,1.0,0.0,0.0,1.0,5.0,1.0,1.0,1.0,0.0,1.0,0.0,1.0,0.0,super built up,low,new,bptp amstoria,gurgaon,1.9
180.42,3.0,4.0,3.0,1.0,sector 102,15.0,0.0,0.0,0.0,1.0,0.0,1.0,0.0,1.0,1.0,1.0,1.0,1.0,0.0,1.0,0.0,0.0,0.0,1.0,0.0,6.0,10.0,4.0,6.0,0.0,1.0,0.0,0.0,1.0,5.0,1.0,1.0,1.0,0.0,1.0,0.0,1.0,0.0,super built up,high,new,conscient heritage max,gurgaon,1.7
163.51,3.0,3.0,3.0,1.0,sector 106,11.0,1.0,0.0,0.0,1.0,0.0,1.0,0.0,1.0,1.0,0.0,1.0,1.0,0.0,1.0,0.0,0.0,0.0,0.0,0.0,6.0,10.0,4.0,6.0,0.0,1.0,0.0,0.0,1.0,5.0,1.0,1.0,1.0,0.0,1.0,0.0,1.0,0.0,super built up,high,new,paras dews,gurgaon,1.15
175.59,3.0,3.0,3.0,0.0,sector 84,13.0,1.0,0.0,0.0,1.0,0.0,1.0,0.0,1.0,1.0,0.0,0.0,1.0,0.0,0.0,0.0,0.0,0.0,1.0,0.0,6.0,10.0,4.0,6.0,0.0,1.0,0.0,0.0,1.0,5.0,1.0,1.0,1.0,0.0,1.0,0.0,1.0,0.0,super built up,high,old,ss the coralwood,gurgaon,1.1
153.29,3.0,3.0,3.0,1.0,sector 102,10.0,1.0,0.0,0.0,1.0,0.0,1.0,0.0,1.0,1.0,0.0,0.0,1.0,0.0,0.0,0.0,0.0,0.0,0.0,0.0,6.0,10.0,4.0,6.0,0.0,1.0,0.0,0.0,1.0,5.0,1.0,1.0,1.0,0.0,1.0,0.0,1.0,0.0,super built up,mid,new,emaar gurgaon greens,gurgaon,1.3
266.07,4.0,5.0,3.0,1.0,sector 58,13.0,1.0,0.0,0.0,1.0,0.0,1.0,0.0,1.0,1.0,0.0,1.0,0.0,0.0,0.0,0.0,0.0,0.0,0.0,0.0,6.0,10.0,4.0,6.0,0.0,1.0,0.0,0.0,1.0,5.0,1.0,1.0,1.0,0.0,1.0,0.0,1.0,0.0,carpet,high,new,ireo the grand arch,gurgaon,4.85
127.74,2.0,2.0,1.0,1.0,sector 58,13.0,1.0,0.0,0.0,1.0,0.0,1.0,0.0,1.0,1.0,0.0,1.0,0.0,0.0,0.0,0.0,0.0,0.0,0.0,0.0,6.0,10.0,4.0,6.0,0.0,1.0,0.0,0.0,1.0,5.0,1.0,1.0,1.0,0.0,1.0,0.0,1.0,0.0,carpet,mid,new,ireo the grand arch,gurgaon,2.2
163.32,3.0,3.0,3.0,1.0,sector 108,9.0,1.0,0.0,0.0,1.0,0.0,1.0,0.0,1.0,1.0,0.0,0.0,1.0,0.0,0.0,0.0,0.0,0.0,0.0,0.0,6.0,10.0,4.0,6.0,0.0,1.0,0.0,0.0,1.0,5.0,1.0,1.0,1.0,0.0,1.0,0.0,1.0,0.0,super built up,low,new,experion the heartsong,gurgaon,1.25
186.08,3.0,3.0,3.0,1.0,sector 108,9.0,1.0,0.0,0.0,1.0,0.0,1.0,0.0,1.0,1.0,0.0,0.0,1.0,0.0,0.0,0.0,0.0,0.0,0.0,0.0,6.0,10.0,4.0,6.0,0.0,1.0,0.0,0.0,1.0,5.0,1.0,1.0,1.0,0.0,1.0,0.0,1.0,0.0,super built up,mid,new,experion the heartsong,gurgaon,1.55
172.06,3.0,3.0,3.0,1.0,sector 102,13.0,1.0,0.0,0.0,1.0,1.0,0.0,0.0,1.0,1.0,0.0,0.0,1.0,0.0,1.0,0.0,0.0,1.0,0.0,0.0,6.0,10.0,4.0,6.0,0.0,1.0,0.0,0.0,1.0,5.0,1.0,1.0,1.0,0.0,1.0,0.0,1.0,0.0,super built up,high,new,shapoorji pallonji joyville gurugram,gurgaon,1.9
185.34,3.0,4.0,3.0,1.0,sector 92,11.0,1.0,0.0,0.0,1.0,0.0,1.0,0.0,1.0,1.0,0.0,0.0,1.0,0.0,1.0,0.0,0.0,0.0,0.0,0.0,6.0,10.0,4.0,6.0,0.0,1.0,0.0,0.0,1.0,5.0,1.0,1.0,1.0,0.0,1.0,0.0,1.0,0.0,super built up,high,new,bestech park view sanskruti,gurgaon,1.6
195.1,4.0,5.0,3.0,1.0,sector 66,14.0,1.0,0.0,0.0,0.0,0.0,1.0,0.0,1.0,1.0,0.0,1.0,0.0,0.0,0.0,0.0,0.0,1.0,0.0,0.0,6.0,10.0,4.0,6.0,0.0,1.0,0.0,0.0,1.0,5.0,1.0,1.0,1.0,0.0,1.0,0.0,1.0,0.0,super built up,high,new,emaar mgf the palm drive,gurgaon,3.0
127.74,2.0,2.0,2.0,0.0,sector 58,13.0,1.0,0.0,0.0,1.0,0.0,1.0,0.0,1.0,1.0,0.0,1.0,0.0,0.0,0.0,0.0,0.0,0.0,0.0,0.0,6.0,10.0,4.0,6.0,0.0,1.0,0.0,0.0,1.0,5.0,1.0,1.0,1.0,0.0,1.0,0.0,1.0,0.0,super built up,mid,new,ireo the grand arch,gurgaon,2.2
450.39,4.0,6.0,3.0,1.0,sector 112,8.0,1.0,0.0,0.0,0.0,0.0,1.0,0.0,1.0,1.0,1.0,0.0,1.0,0.0,0.0,0.0,0.0,0.0,0.0,0.0,6.0,10.0,4.0,6.0,0.0,1.0,0.0,0.0,1.0,5.0,1.0,1.0,1.0,0.0,1.0,0.0,1.0,0.0,super built up,high,new,experion windchants,gurgaon,5.2
165.09,3.0,4.0,3.0,1.0,sector 28,47.0,1.0,0.0,0.0,0.0,1.0,0.0,1.0,0.0,0.0,0.0,1.0,0.0,0.0,0.0,1.0,0.0,0.0,0.0,1.0,6.0,10.0,4.0,6.0,0.0,1.0,0.0,0.0,1.0,5.0,1.0,1.0,1.0,0.0,1.0,0.0,1.0,0.0,super built up,high,old,dlf regency park 2,gurgaon,2.35
183.48,4.0,4.0,3.0,1.0,sector 65,6.0,1.0,0.0,0.0,0.0,0.0,0.0,0.0,0.0,1.0,0.0,0.0,0.0,0.0,1.0,0.0,0.0,0.0,0.0,0.0,6.0,10.0,4.0,6.0,0.0,1.0,0.0,0.0,1.0,5.0,1.0,1.0,1.0,0.0,1.0,0.0,1.0,0.0,carpet,low,new,emaar mgf emerald floors premier,gurgaon,2.77
153.29,3.0,3.0,3.0,1.0,sector 65,6.0,1.0,0.0,0.0,0.0,0.0,0.0,0.0,0.0,1.0,0.0,0.0,0.0,0.0,1.0,0.0,0.0,0.0,0.0,0.0,6.0,10.0,4.0,6.0,0.0,1.0,0.0,0.0,1.0,5.0,1.0,1.0,1.0,0.0,1.0,0.0,1.0,0.0,carpet,mid,new,emaar mgf emerald floors premier,gurgaon,2.7
153.29,3.0,3.0,3.0,1.0,sector 65,6.0,1.0,0.0,0.0,0.0,0.0,0.0,0.0,0.0,1.0,0.0,0.0,0.0,0.0,1.0,0.0,0.0,0.0,0.0,0.0,6.0,10.0,4.0,6.0,0.0,1.0,0.0,0.0,1.0,5.0,1.0,1.0,1.0,0.0,1.0,0.0,1.0,0.0,carpet,low,new,emaar mgf emerald floors premier,gurgaon,2.35
183.48,4.0,4.0,3.0,1.0,sector 65,6.0,1.0,0.0,0.0,0.0,0.0,0.0,0.0,0.0,1.0,0.0,0.0,0.0,0.0,1.0,0.0,0.0,0.0,0.0,0.0,6.0,10.0,4.0,6.0,0.0,1.0,0.0,0.0,1.0,5.0,1.0,1.0,1.0,0.0,1.0,0.0,1.0,0.0,carpet,low,new,emaar mgf emerald floors premier,gurgaon,2.79
153.29,3.0,4.0,3.0,1.0,sector 65,6.0,1.0,0.0,0.0,0.0,0.0,0.0,0.0,0.0,1.0,0.0,0.0,0.0,0.0,1.0,0.0,0.0,0.0,0.0,0.0,6.0,10.0,4.0,6.0,0.0,1.0,0.0,0.0,1.0,5.0,1.0,1.0,1.0,0.0,1.0,0.0,1.0,0.0,carpet,low,new,emaar mgf emerald floors premier,gurgaon,2.3
222.97,3.0,4.0,3.0,1.0,sector 56,47.0,1.0,0.0,0.0,0.0,1.0,0.0,1.0,0.0,0.0,0.0,1.0,0.0,1.0,0.0,1.0,1.0,0.0,0.0,1.0,6.0,10.0,4.0,6.0,0.0,1.0,0.0,0.0,1.0,5.0,1.0,1.0,1.0,0.0,1.0,0.0,1.0,0.0,super built up,high,old,the lions cghs,gurgaon,2.1
120.77,3.0,2.0,2.0,1.0,sector 56,47.0,1.0,0.0,0.0,0.0,1.0,1.0,1.0,0.0,0.0,0.0,1.0,0.0,1.0,0.0,1.0,1.0,0.0,0.0,1.0,6.0,10.0,4.0,6.0,0.0,1.0,0.0,0.0,1.0,5.0,1.0,1.0,1.0,0.0,1.0,0.0,1.0,0.0,super built up,low,old,rail vihar cghs,gurgaon,1.35
227.61,3.0,4.0,3.0,1.0,sector 104,13.0,1.0,0.0,0.0,1.0,0.0,1.0,0.0,1.0,1.0,1.0,1.0,1.0,0.0,1.0,0.0,0.0,0.0,0.0,0.0,6.0,10.0,4.0,6.0,0.0,1.0,0.0,0.0,1.0,5.0,1.0,1.0,1.0,0.0,1.0,0.0,1.0,0.0,super built up,high,new,puri emerald bay,gurgaon,2.23
244.43,4.0,4.0,3.0,1.0,sector 108,9.0,1.0,0.0,0.0,1.0,0.0,1.0,0.0,1.0,1.0,0.0,0.0,1.0,0.0,0.0,0.0,0.0,0.0,0.0,0.0,6.0,10.0,4.0,6.0,0.0,1.0,0.0,0.0,1.0,5.0,1.0,1.0,1.0,0.0,1.0,0.0,1.0,0.0,built up,low,new,experion the heartsong,gurgaon,2.08
163.32,3.0,3.0,3.0,1.0,sector 108,9.0,1.0,0.0,0.0,1.0,0.0,1.0,0.0,1.0,1.0,0.0,0.0,1.0,0.0,0.0,0.0,0.0,0.0,0.0,0.0,6.0,10.0,4.0,6.0,0.0,1.0,0.0,0.0,1.0,5.0,1.0,1.0,1.0,0.0,1.0,0.0,1.0,0.0,super built up,mid,new,experion the heartsong,gurgaon,1.3
58.71,2.0,2.0,1.0,1.0,sector 102,12.0,1.0,0.0,0.0,0.0,0.0,0.0,0.0,1.0,1.0,0.0,0.0,0.0,0.0,0.0,1.0,1.0,1.0,0.0,0.0,6.0,10.0,4.0,6.0,0.0,1.0,0.0,0.0,1.0,5.0,1.0,1.0,1.0,0.0,1.0,0.0,1.0,0.0,super built up,mid,new,suncity avenue 102,gurgaon,0.48
158.96,3.0,3.0,3.0,1.0,sector 108,13.0,1.0,0.0,0.0,0.0,0.0,1.0,0.0,1.0,1.0,0.0,0.0,1.0,0.0,0.0,0.0,0.0,0.0,1.0,0.0,6.0,10.0,4.0,6.0,0.0,1.0,0.0,0.0,1.0,5.0,1.0,1.0,1.0,0.0,1.0,0.0,1.0,0.0,built up,high,new,sobha city,gurgaon,2.33
225.75,3.0,3.0,3.0,1.0,sector 48,45.0,1.0,0.0,0.0,0.0,1.0,1.0,1.0,0.0,0.0,0.0,0.0,0.0,1.0,0.0,1.0,0.0,1.0,0.0,0.0,6.0,10.0,4.0,6.0,0.0,1.0,0.0,0.0,1.0,5.0,1.0,1.0,1.0,0.0,1.0,0.0,1.0,0.0,super built up,mid,old,parsvnath green ville,gurgaon,1.75
177.44,3.0,3.0,3.0,1.0,sector 48,44.0,1.0,0.0,0.0,0.0,0.0,1.0,1.0,0.0,0.0,0.0,0.0,0.0,0.0,0.0,1.0,0.0,0.0,0.0,0.0,6.0,10.0,4.0,6.0,0.0,1.0,0.0,0.0,1.0,5.0,1.0,1.0,1.0,0.0,1.0,0.0,1.0,0.0,super built up,high,old,parsvnath green ville,gurgaon,1.6
158.59,3.0,3.0,3.0,0.0,sector 48,44.0,1.0,0.0,0.0,0.0,0.0,1.0,1.0,0.0,0.0,0.0,0.0,0.0,0.0,0.0,1.0,0.0,0.0,0.0,0.0,6.0,10.0,4.0,6.0,0.0,1.0,0.0,0.0,1.0,5.0,1.0,1.0,1.0,0.0,1.0,0.0,1.0,0.0,super built up,low,old,parsvnath green ville,gurgaon,1.5
167.69,3.0,3.0,3.0,1.0,sector 49,13.0,1.0,0.0,0.0,1.0,0.0,0.0,1.0,1.0,0.0,0.0,0.0,0.0,0.0,1.0,1.0,0.0,0.0,0.0,0.0,6.0,10.0,4.0,6.0,0.0,1.0,0.0,0.0,1.0,5.0,1.0,1.0,1.0,0.0,1.0,0.0,1.0,0.0,super built up,low,old,orchid petals,gurgaon,1.9
260.13,4.0,5.0,3.0,1.0,sector 60,7.0,1.0,0.0,0.0,0.0,0.0,1.0,0.0,1.0,1.0,0.0,1.0,0.0,0.0,0.0,0.0,0.0,0.0,0.0,0.0,6.0,10.0,4.0,6.0,0.0,1.0,0.0,0.0,1.0,5.0,1.0,1.0,1.0,0.0,1.0,0.0,1.0,0.0,super built up,high,new,ireo skyon,gurgaon,3.7
260.13,4.0,5.0,3.0,1.0,sector 60,7.0,1.0,0.0,0.0,0.0,0.0,1.0,0.0,1.0,1.0,0.0,1.0,0.0,0.0,0.0,0.0,0.0,0.0,0.0,0.0,6.0,10.0,4.0,6.0,0.0,1.0,0.0,0.0,1.0,5.0,1.0,1.0,1.0,0.0,1.0,0.0,1.0,0.0,super built up,high,new,ireo skyon,gurgaon,3.75
219.07,3.0,4.0,3.0,1.0,sector 67,10.0,1.0,0.0,0.0,1.0,0.0,1.0,0.0,1.0,1.0,0.0,0.0,0.0,0.0,1.0,0.0,0.0,1.0,0.0,0.0,6.0,10.0,4.0,6.0,0.0,1.0,0.0,0.0,1.0,5.0,1.0,1.0,1.0,0.0,1.0,0.0,1.0,0.0,super built up,high,new,m3m merlin,gurgaon,3.4
194.63,3.0,4.0,3.0,1.0,sector 109,15.0,0.0,0.0,0.0,0.0,1.0,0.0,1.0,1.0,1.0,0.0,0.0,0.0,1.0,0.0,1.0,0.0,1.0,1.0,0.0,6.0,10.0,4.0,6.0,0.0,1.0,0.0,0.0,1.0,5.0,1.0,1.0,1.0,0.0,1.0,0.0,1.0,0.0,super built up,high,new,ats kocoon,gurgaon,2.2
115.66,2.0,2.0,2.0,1.0,sector 83,10.0,0.0,0.0,0.0,1.0,0.0,0.0,0.0,1.0,1.0,0.0,1.0,1.0,0.0,0.0,0.0,0.0,0.0,0.0,0.0,6.0,10.0,4.0,6.0,0.0,1.0,0.0,0.0,1.0,5.0,1.0,1.0,1.0,0.0,1.0,0.0,1.0,0.0,super built up,high,new,vatika gurgaon 21,gurgaon,0.83
153.29,3.0,3.0,3.0,1.0,sector 102,10.0,1.0,0.0,0.0,1.0,0.0,1.0,0.0,1.0,1.0,0.0,0.0,1.0,0.0,0.0,0.0,0.0,0.0,0.0,0.0,6.0,10.0,4.0,6.0,0.0,1.0,0.0,0.0,1.0,5.0,1.0,1.0,1.0,0.0,1.0,0.0,1.0,0.0,super built up,mid,new,emaar gurgaon greens,gurgaon,1.45
169.73,3.0,3.0,3.0,0.0,sector 102,13.0,1.0,0.0,0.0,1.0,1.0,0.0,0.0,1.0,1.0,0.0,0.0,1.0,0.0,1.0,0.0,0.0,1.0,0.0,0.0,6.0,10.0,4.0,6.0,0.0,1.0,0.0,0.0,1.0,5.0,1.0,1.0,1.0,0.0,1.0,0.0,1.0,0.0,super built up,low,new,shapoorji pallonji joyville gurugram,gurgaon,1.77
85.01,2.0,2.0,2.0,0.0,sector 102,13.0,1.0,0.0,0.0,1.0,1.0,0.0,0.0,1.0,1.0,0.0,0.0,1.0,0.0,1.0,0.0,0.0,1.0,0.0,0.0,6.0,10.0,4.0,6.0,0.0,1.0,0.0,0.0,1.0,5.0,1.0,1.0,1.0,0.0,1.0,0.0,1.0,0.0,super built up,high,new,shapoorji pallonji joyville gurugram,gurgaon,0.97
241.36,3.0,3.0,3.0,1.0,sector 102,11.0,1.0,0.0,0.0,1.0,0.0,1.0,0.0,1.0,1.0,0.0,0.0,1.0,0.0,1.0,0.0,0.0,0.0,0.0,0.0,6.0,10.0,4.0,6.0,0.0,1.0,0.0,0.0,1.0,5.0,1.0,1.0,1.0,0.0,1.0,0.0,1.0,0.0,super built up,high,new,adani m2k oyster grande,gurgaon,2.35
175.49,3.0,4.0,3.0,1.0,sector 102,11.0,1.0,0.0,0.0,1.0,0.0,1.0,0.0,1.0,1.0,0.0,0.0,1.0,0.0,1.0,0.0,0.0,0.0,0.0,0.0,6.0,10.0,4.0,6.0,0.0,1.0,0.0,0.0,1.0,5.0,1.0,1.0,1.0,0.0,1.0,0.0,1.0,0.0,super built up,high,new,adani m2k oyster grande,gurgaon,1.9
46.54,2.0,2.0,1.0,1.0,sector 86,9.0,0.0,0.0,0.0,1.0,0.0,0.0,0.0,1.0,0.0,0.0,0.0,0.0,0.0,0.0,0.0,0.0,0.0,0.0,0.0,6.0,10.0,4.0,6.0,0.0,1.0,0.0,0.0,1.0,5.0,1.0,1.0,1.0,0.0,1.0,0.0,1.0,0.0,carpet,mid,new,pyramid urban homes 2,gurgaon,0.43
181.16,3.0,5.0,3.0,1.0,sector 70,15.0,1.0,0.0,0.0,1.0,0.0,1.0,1.0,0.0,0.0,0.0,0.0,0.0,1.0,0.0,0.0,0.0,0.0,0.0,0.0,6.0,10.0,4.0,6.0,0.0,1.0,0.0,0.0,1.0,5.0,1.0,1.0,1.0,0.0,1.0,0.0,1.0,0.0,super built up,high,new,shree vardhman victoria,gurgaon,1.62
223.71,3.0,4.0,3.0,1.0,sector 85,13.0,1.0,0.0,0.0,1.0,0.0,1.0,0.0,1.0,1.0,0.0,0.0,1.0,0.0,1.0,0.0,0.0,0.0,1.0,0.0,6.0,10.0,4.0,6.0,0.0,1.0,0.0,0.0,1.0,5.0,1.0,1.0,1.0,0.0,1.0,0.0,1.0,0.0,super built up,mid,new,ss the leaf,gurgaon,1.93
223.71,3.0,4.0,3.0,1.0,sector 85,13.0,1.0,0.0,0.0,1.0,0.0,1.0,0.0,1.0,1.0,0.0,0.0,1.0,0.0,1.0,0.0,0.0,0.0,1.0,0.0,6.0,10.0,4.0,6.0,0.0,1.0,0.0,0.0,1.0,5.0,1.0,1.0,1.0,0.0,1.0,0.0,1.0,0.0,super built up,high,new,ss the leaf,gurgaon,1.99
125.42,2.0,2.0,3.0,1.0,sector 70,15.0,1.0,0.0,0.0,1.0,0.0,1.0,1.0,0.0,0.0,0.0,0.0,0.0,1.0,0.0,0.0,0.0,0.0,0.0,0.0,6.0,10.0,4.0,6.0,0.0,1.0,0.0,0.0,1.0,5.0,1.0,1.0,1.0,0.0,1.0,0.0,1.0,0.0,super built up,low,new,shree vardhman victoria,gurgaon,1.23
181.16,3.0,5.0,3.0,1.0,sector 70,15.0,1.0,0.0,0.0,1.0,0.0,1.0,1.0,0.0,0.0,0.0,0.0,0.0,1.0,0.0,0.0,0.0,0.0,0.0,0.0,6.0,10.0,4.0,6.0,0.0,1.0,0.0,0.0,1.0,5.0,1.0,1.0,1.0,0.0,1.0,0.0,1.0,0.0,super built up,high,new,shree vardhman victoria,gurgaon,1.63
181.16,3.0,5.0,3.0,1.0,sector 70,15.0,1.0,0.0,0.0,1.0,0.0,1.0,1.0,0.0,0.0,0.0,0.0,0.0,1.0,0.0,0.0,0.0,0.0,0.0,0.0,6.0,10.0,4.0,6.0,0.0,1.0,0.0,0.0,1.0,5.0,1.0,1.0,1.0,0.0,1.0,0.0,1.0,0.0,super built up,low,new,shree vardhman victoria,gurgaon,1.64
125.42,2.0,2.0,3.0,1.0,sector 70,15.0,1.0,0.0,0.0,1.0,0.0,1.0,1.0,0.0,0.0,0.0,0.0,0.0,1.0,0.0,0.0,0.0,0.0,0.0,0.0,6.0,10.0,4.0,6.0,0.0,1.0,0.0,0.0,1.0,5.0,1.0,1.0,1.0,0.0,1.0,0.0,1.0,0.0,super built up,low,new,shree vardhman victoria,gurgaon,1.25
283.82,4.0,4.0,3.0,1.0,sector 109,11.0,1.0,0.0,0.0,0.0,0.0,0.0,0.0,0.0,0.0,1.0,0.0,0.0,0.0,0.0,0.0,0.0,0.0,0.0,0.0,6.0,10.0,4.0,6.0,0.0,1.0,0.0,0.0,1.0,5.0,1.0,1.0,1.0,0.0,1.0,0.0,1.0,0.0,super built up,high,new,sbtl caladium,gurgaon,1.9
174.66,3.0,2.0,2.0,0.0,sector 109,11.0,1.0,0.0,0.0,0.0,0.0,0.0,0.0,0.0,0.0,1.0,0.0,0.0,0.0,0.0,0.0,0.0,0.0,0.0,0.0,6.0,10.0,4.0,6.0,0.0,1.0,0.0,0.0,1.0,5.0,1.0,1.0,1.0,0.0,1.0,0.0,1.0,0.0,super built up,high,new,sbtl caladium,gurgaon,1.2
236.44,3.0,3.0,2.0,1.0,sector 109,11.0,1.0,0.0,0.0,0.0,0.0,0.0,0.0,0.0,0.0,1.0,0.0,0.0,0.0,0.0,0.0,0.0,0.0,0.0,0.0,6.0,10.0,4.0,6.0,0.0,1.0,0.0,0.0,1.0,5.0,1.0,1.0,1.0,0.0,1.0,0.0,1.0,0.0,super built up,high,new,sbtl caladium,gurgaon,1.63
162.02,3.0,3.0,2.0,1.0,sector 90,14.0,0.0,0.0,0.0,0.0,1.0,0.0,0.0,0.0,0.0,0.0,0.0,0.0,0.0,0.0,0.0,0.0,0.0,0.0,0.0,6.0,10.0,4.0,6.0,0.0,1.0,0.0,0.0,1.0,5.0,1.0,1.0,1.0,0.0,1.0,0.0,1.0,0.0,super built up,high,new,dlf regal gardens,gurgaon,1.23
46.54,2.0,2.0,1.0,1.0,sector 86,9.0,0.0,0.0,0.0,1.0,0.0,0.0,0.0,1.0,0.0,0.0,0.0,0.0,0.0,0.0,0.0,0.0,0.0,0.0,0.0,6.0,10.0,4.0,6.0,0.0,1.0,0.0,0.0,1.0,5.0,1.0,1.0,1.0,0.0,1.0,0.0,1.0,0.0,carpet,mid,new,pyramid urban homes 2,gurgaon,0.43
152.36,2.0,2.0,3.0,1.0,sector 85,13.0,1.0,0.0,0.0,1.0,0.0,1.0,0.0,1.0,1.0,0.0,0.0,1.0,0.0,1.0,0.0,0.0,0.0,1.0,0.0,6.0,10.0,4.0,6.0,0.0,1.0,0.0,0.0,1.0,5.0,1.0,1.0,1.0,0.0,1.0,0.0,1.0,0.0,super built up,high,new,ss the leaf,gurgaon,1.07
237.83,4.0,5.0,3.0,1.0,sector 85,15.0,1.0,0.0,0.0,1.0,0.0,0.0,0.0,1.0,1.0,0.0,1.0,0.0,0.0,0.0,0.0,1.0,0.0,0.0,0.0,6.0,10.0,4.0,6.0,0.0,1.0,0.0,0.0,1.0,5.0,1.0,1.0,1.0,0.0,1.0,0.0,1.0,0.0,super built up,high,new,orris aster court premier,gurgaon,1.73
196.95,3.0,4.0,2.0,1.0,sector 85,15.0,1.0,0.0,0.0,1.0,0.0,0.0,0.0,1.0,1.0,0.0,1.0,0.0,0.0,0.0,0.0,1.0,0.0,0.0,0.0,6.0,10.0,4.0,6.0,0.0,1.0,0.0,0.0,1.0,5.0,1.0,1.0,1.0,0.0,1.0,0.0,1.0,0.0,super built up,low,new,orris aster court premier,gurgaon,1.45
167.13,3.0,3.0,3.0,1.0,sector 82,7.0,1.0,0.0,0.0,0.0,0.0,0.0,0.0,0.0,1.0,0.0,0.0,0.0,0.0,0.0,0.0,0.0,0.0,0.0,0.0,6.0,10.0,4.0,6.0,0.0,1.0,0.0,0.0,1.0,5.0,1.0,1.0,1.0,0.0,1.0,0.0,1.0,0.0,super built up,high,old,dlf the primus,gurgaon,1.87
168.9,3.0,3.0,3.0,1.0,sector 82,7.0,1.0,0.0,0.0,0.0,0.0,0.0,0.0,0.0,1.0,0.0,0.0,0.0,0.0,0.0,0.0,0.0,0.0,0.0,0.0,6.0,10.0,4.0,6.0,0.0,1.0,0.0,0.0,1.0,5.0,1.0,1.0,1.0,0.0,1.0,0.0,1.0,0.0,super built up,high,old,dlf the primus,gurgaon,1.85
205.78,4.0,4.0,3.0,1.0,sector 90,14.0,0.0,0.0,0.0,0.0,1.0,0.0,0.0,0.0,0.0,0.0,0.0,0.0,0.0,0.0,0.0,0.0,0.0,0.0,0.0,6.0,10.0,4.0,6.0,0.0,1.0,0.0,0.0,1.0,5.0,1.0,1.0,1.0,0.0,1.0,0.0,1.0,0.0,super built up,low,new,dlf regal gardens,gurgaon,1.75
137.5,2.0,2.0,3.0,1.0,sector 86,10.0,1.0,0.0,0.0,1.0,0.0,0.0,0.0,1.0,1.0,0.0,0.0,1.0,0.0,0.0,0.0,0.0,0.0,0.0,0.0,6.0,10.0,4.0,6.0,0.0,1.0,0.0,0.0,1.0,5.0,1.0,1.0,1.0,0.0,1.0,0.0,1.0,0.0,super built up,high,new,microtek greenburg,gurgaon,1.23
137.5,2.0,2.0,3.0,1.0,sector 86,10.0,1.0,0.0,0.0,1.0,0.0,0.0,0.0,1.0,1.0,0.0,0.0,1.0,0.0,0.0,0.0,0.0,0.0,0.0,0.0,6.0,10.0,4.0,6.0,0.0,1.0,0.0,0.0,1.0,5.0,1.0,1.0,1.0,0.0,1.0,0.0,1.0,0.0,super built up,high,old,microtek greenburg,gurgaon,1.25
450.39,4.0,6.0,3.0,1.0,sector 112,8.0,1.0,0.0,0.0,0.0,0.0,1.0,0.0,1.0,1.0,1.0,0.0,1.0,0.0,0.0,0.0,0.0,0.0,0.0,0.0,6.0,10.0,4.0,6.0,0.0,1.0,0.0,0.0,1.0,5.0,1.0,1.0,1.0,0.0,1.0,0.0,1.0,0.0,super built up,high,new,experion windchants,gurgaon,5.6
168.15,3.0,3.0,3.0,1.0,sector 81,9.0,0.0,0.0,0.0,1.0,0.0,0.0,0.0,1.0,0.0,0.0,1.0,1.0,0.0,0.0,0.0,0.0,0.0,0.0,0.0,6.0,10.0,4.0,6.0,0.0,1.0,0.0,0.0,1.0,5.0,1.0,1.0,1.0,0.0,1.0,0.0,1.0,0.0,super built up,high,new,bestech park view ananda,gurgaon,1.45
239.32,4.0,4.0,3.0,1.0,sector 82,7.0,1.0,0.0,0.0,0.0,0.0,0.0,0.0,0.0,1.0,0.0,0.0,0.0,0.0,0.0,0.0,0.0,0.0,0.0,0.0,6.0,10.0,4.0,6.0,0.0,1.0,0.0,0.0,1.0,5.0,1.0,1.0,1.0,0.0,1.0,0.0,1.0,0.0,super built up,high,old,dlf the primus,gurgaon,2.7
46.54,2.0,2.0,1.0,1.0,sector 86,9.0,0.0,0.0,0.0,1.0,0.0,0.0,0.0,1.0,0.0,0.0,0.0,0.0,0.0,0.0,0.0,0.0,0.0,0.0,0.0,6.0,10.0,4.0,6.0,0.0,1.0,0.0,0.0,1.0,5.0,1.0,1.0,1.0,0.0,1.0,0.0,1.0,0.0,carpet,low,new,pyramid urban homes 2,gurgaon,0.42
259.39,4.0,4.0,3.0,1.0,sector 81,9.0,1.0,0.0,0.0,0.0,0.0,0.0,0.0,1.0,1.0,0.0,1.0,0.0,0.0,0.0,0.0,0.0,0.0,0.0,0.0,6.0,10.0,4.0,6.0,0.0,1.0,0.0,0.0,1.0,5.0,1.0,1.0,1.0,0.0,1.0,0.0,1.0,0.0,super built up,high,old,dlf the ultima,gurgaon,3.45
255.76,4.0,4.0,3.0,1.0,sector 81,9.0,1.0,0.0,0.0,0.0,0.0,0.0,0.0,1.0,1.0,0.0,1.0,0.0,0.0,0.0,0.0,0.0,0.0,0.0,0.0,6.0,10.0,4.0,6.0,0.0,1.0,0.0,0.0,1.0,5.0,1.0,1.0,1.0,0.0,1.0,0.0,1.0,0.0,super built up,high,old,dlf the ultima,gurgaon,3.25
85.94,2.0,2.0,1.0,0.0,sector 37,4.0,1.0,0.0,0.0,1.0,0.0,0.0,0.0,1.0,0.0,0.0,0.0,0.0,0.0,0.0,0.0,0.0,0.0,0.0,0.0,6.0,10.0,4.0,6.0,0.0,1.0,0.0,0.0,1.0,5.0,1.0,1.0,1.0,0.0,1.0,0.0,1.0,0.0,super built up,mid,new,apex our homes,gurgaon,0.35
85.94,2.0,2.0,1.0,0.0,sector 37,4.0,1.0,0.0,0.0,1.0,0.0,0.0,0.0,1.0,0.0,0.0,0.0,0.0,0.0,0.0,0.0,0.0,0.0,0.0,0.0,6.0,10.0,4.0,6.0,0.0,1.0,0.0,0.0,1.0,5.0,1.0,1.0,1.0,0.0,1.0,0.0,1.0,0.0,super built up,low,new,apex our homes,gurgaon,0.33
167.23,3.0,3.0,3.0,0.0,sector 37,10.0,0.0,0.0,0.0,1.0,1.0,1.0,0.0,1.0,1.0,0.0,0.0,1.0,0.0,1.0,0.0,0.0,0.0,0.0,0.0,6.0,10.0,4.0,6.0,0.0,1.0,0.0,0.0,1.0,5.0,1.0,1.0,1.0,0.0,1.0,0.0,1.0,0.0,super built up,mid,new,ramprastha primera,gurgaon,1.1
167.23,3.0,3.0,3.0,0.0,sector 37,10.0,0.0,0.0,0.0,1.0,1.0,1.0,0.0,1.0,1.0,0.0,0.0,1.0,0.0,1.0,0.0,0.0,0.0,0.0,0.0,6.0,10.0,4.0,6.0,0.0,1.0,0.0,0.0,1.0,5.0,1.0,1.0,1.0,0.0,1.0,0.0,1.0,0.0,super built up,high,new,ramprastha primera,gurgaon,1.08
168.25,3.0,3.0,3.0,0.0,sector 37,11.0,1.0,0.0,0.0,1.0,0.0,1.0,0.0,1.0,1.0,0.0,0.0,1.0,0.0,1.0,0.0,0.0,0.0,0.0,0.0,6.0,10.0,4.0,6.0,0.0,1.0,0.0,0.0,1.0,5.0,1.0,1.0,1.0,0.0,1.0,0.0,1.0,0.0,super built up,mid,new,bptp terra,gurgaon,1.4
203.55,4.0,3.0,3.0,0.0,sector 37,11.0,1.0,0.0,0.0,1.0,0.0,1.0,0.0,1.0,1.0,0.0,0.0,1.0,0.0,1.0,0.0,0.0,0.0,0.0,0.0,6.0,10.0,4.0,6.0,0.0,1.0,0.0,0.0,1.0,5.0,1.0,1.0,1.0,0.0,1.0,0.0,1.0,0.0,super built up,mid,new,bptp terra,gurgaon,1.65
203.55,4.0,4.0,3.0,0.0,sector 37,11.0,1.0,0.0,0.0,1.0,0.0,1.0,0.0,1.0,1.0,0.0,0.0,1.0,0.0,1.0,0.0,0.0,0.0,0.0,0.0,6.0,10.0,4.0,6.0,0.0,1.0,0.0,0.0,1.0,5.0,1.0,1.0,1.0,0.0,1.0,0.0,1.0,0.0,super built up,high,new,bptp terra,gurgaon,1.67
168.25,3.0,3.0,3.0,0.0,sector 37,11.0,1.0,0.0,0.0,1.0,0.0,1.0,0.0,1.0,1.0,0.0,0.0,1.0,0.0,1.0,0.0,0.0,0.0,0.0,0.0,6.0,10.0,4.0,6.0,0.0,1.0,0.0,0.0,1.0,5.0,1.0,1.0,1.0,0.0,1.0,0.0,1.0,0.0,super built up,high,new,bptp terra,gurgaon,1.45
241.36,3.0,3.0,3.0,1.0,sector 102,11.0,1.0,0.0,0.0,1.0,0.0,1.0,0.0,1.0,1.0,0.0,0.0,1.0,0.0,1.0,0.0,0.0,0.0,0.0,0.0,6.0,10.0,4.0,6.0,0.0,1.0,0.0,0.0,1.0,5.0,1.0,1.0,1.0,0.0,1.0,0.0,1.0,0.0,super built up,high,new,adani m2k oyster grande,gurgaon,2.61
157.47,3.0,3.0,3.0,1.0,sector 103,15.0,1.0,0.0,0.0,1.0,1.0,1.0,0.0,1.0,1.0,1.0,1.0,1.0,0.0,1.0,0.0,0.0,0.0,0.0,0.0,6.0,10.0,4.0,6.0,0.0,1.0,0.0,0.0,1.0,5.0,1.0,1.0,1.0,0.0,1.0,0.0,1.0,0.0,super built up,mid,new,indiabulls centrum park,gurgaon,1.32
153.29,3.0,3.0,3.0,1.0,sector 102,10.0,1.0,0.0,0.0,1.0,0.0,1.0,0.0,1.0,1.0,0.0,0.0,1.0,0.0,0.0,0.0,0.0,0.0,0.0,0.0,6.0,10.0,4.0,6.0,0.0,1.0,0.0,0.0,1.0,5.0,1.0,1.0,1.0,0.0,1.0,0.0,1.0,0.0,super built up,high,new,emaar gurgaon greens,gurgaon,1.45
4534.69,1.0,1.0,2.0,1.0,sector 33,7.0,1.0,0.0,0.0,1.0,0.0,0.0,0.0,1.0,1.0,0.0,0.0,0.0,0.0,1.0,0.0,0.0,0.0,0.0,0.0,6.0,10.0,4.0,6.0,0.0,1.0,0.0,0.0,1.0,5.0,1.0,1.0,1.0,0.0,1.0,0.0,1.0,0.0,carpet,low,new,signature the serenas,sohna,0.28
117.43,2.0,2.0,3.0,1.0,sector 33,7.0,1.0,0.0,0.0,0.0,0.0,0.0,0.0,1.0,0.0,0.0,0.0,1.0,0.0,0.0,0.0,0.0,0.0,0.0,0.0,6.0,10.0,4.0,6.0,0.0,1.0,0.0,0.0,1.0,5.0,1.0,1.0,1.0,0.0,1.0,0.0,1.0,0.0,super built up,mid,new,eldeco accolade,sohna,0.73
135.36,2.0,2.0,3.0,1.0,sector 33,7.0,1.0,0.0,0.0,0.0,0.0,0.0,0.0,1.0,0.0,0.0,0.0,1.0,0.0,0.0,0.0,0.0,0.0,0.0,0.0,6.0,10.0,4.0,6.0,0.0,1.0,0.0,0.0,1.0,5.0,1.0,1.0,1.0,0.0,1.0,0.0,1.0,0.0,super built up,high,new,eldeco accolade,sohna,0.72
117.43,2.0,2.0,3.0,1.0,sector 33,7.0,1.0,0.0,0.0,0.0,0.0,0.0,0.0,1.0,0.0,0.0,0.0,1.0,0.0,0.0,0.0,0.0,0.0,0.0,0.0,6.0,10.0,4.0,6.0,0.0,1.0,0.0,0.0,1.0,5.0,1.0,1.0,1.0,0.0,1.0,0.0,1.0,0.0,super built up,high,new,eldeco accolade,sohna,0.66
133.69,3.0,3.0,3.0,1.0,sector 33,8.0,1.0,0.0,0.0,0.0,0.0,0.0,0.0,1.0,1.0,1.0,1.0,0.0,0.0,0.0,0.0,0.0,0.0,0.0,0.0,6.0,10.0,4.0,6.0,0.0,1.0,0.0,0.0,1.0,5.0,1.0,1.0,1.0,0.0,1.0,0.0,1.0,0.0,carpet,low,new,signature global park,sohna,0.9
112.41,3.0,3.0,3.0,1.0,sector 33,8.0,1.0,0.0,0.0,0.0,0.0,0.0,0.0,1.0,1.0,1.0,1.0,0.0,0.0,0.0,0.0,0.0,0.0,0.0,0.0,6.0,10.0,4.0,6.0,0.0,1.0,0.0,0.0,1.0,5.0,1.0,1.0,1.0,0.0,1.0,0.0,1.0,0.0,carpet,low,new,signature global park,sohna,0.78
107.12,3.0,3.0,3.0,1.0,sector 33,8.0,1.0,0.0,0.0,0.0,0.0,0.0,0.0,1.0,1.0,1.0,1.0,0.0,0.0,0.0,0.0,0.0,0.0,0.0,0.0,6.0,10.0,4.0,6.0,0.0,1.0,0.0,0.0,1.0,5.0,1.0,1.0,1.0,0.0,1.0,0.0,1.0,0.0,carpet,low,new,signature global park,sohna,0.7
78.5,2.0,2.0,2.0,1.0,sector 33,8.0,1.0,0.0,0.0,0.0,0.0,0.0,0.0,1.0,1.0,1.0,1.0,0.0,0.0,0.0,0.0,0.0,0.0,0.0,0.0,6.0,10.0,4.0,6.0,0.0,1.0,0.0,0.0,1.0,5.0,1.0,1.0,1.0,0.0,1.0,0.0,1.0,0.0,carpet,low,new,signature global park,sohna,0.53
76.37,2.0,2.0,2.0,1.0,sector 33,8.0,1.0,0.0,0.0,0.0,0.0,0.0,0.0,1.0,1.0,1.0,1.0,0.0,0.0,0.0,0.0,0.0,0.0,0.0,0.0,6.0,10.0,4.0,6.0,0.0,1.0,0.0,0.0,1.0,5.0,1.0,1.0,1.0,0.0,1.0,0.0,1.0,0.0,carpet,low,new,signature global park,sohna,0.52
133.69,3.0,3.0,3.0,1.0,sector 33,8.0,1.0,0.0,0.0,0.0,0.0,0.0,0.0,1.0,1.0,1.0,1.0,0.0,0.0,0.0,0.0,0.0,0.0,0.0,0.0,6.0,10.0,4.0,6.0,0.0,1.0,0.0,0.0,1.0,5.0,1.0,1.0,1.0,0.0,1.0,0.0,1.0,0.0,carpet,low,new,signature global park,sohna,0.9
76.37,2.0,2.0,2.0,1.0,sector 33,8.0,1.0,0.0,0.0,0.0,0.0,0.0,0.0,1.0,1.0,1.0,1.0,0.0,0.0,0.0,0.0,0.0,0.0,0.0,0.0,6.0,10.0,4.0,6.0,0.0,1.0,0.0,0.0,1.0,5.0,1.0,1.0,1.0,0.0,1.0,0.0,1.0,0.0,carpet,low,new,signature global park,sohna,0.52
161.19,3.0,4.0,3.0,0.0,sector 37,13.0,0.0,0.0,0.0,1.0,0.0,1.0,0.0,1.0,1.0,1.0,0.0,1.0,0.0,1.0,0.0,0.0,0.0,0.0,0.0,6.0,10.0,4.0,6.0,0.0,1.0,0.0,0.0,1.0,5.0,1.0,1.0,1.0,0.0,1.0,0.0,1.0,0.0,super built up,high,new,corona optus,gurgaon,1.2
163.97,3.0,4.0,3.0,0.0,sector 37,13.0,0.0,0.0,0.0,1.0,0.0,1.0,0.0,1.0,1.0,1.0,0.0,1.0,0.0,1.0,0.0,0.0,0.0,0.0,0.0,6.0,10.0,4.0,6.0,0.0,1.0,0.0,0.0,1.0,5.0,1.0,1.0,1.0,0.0,1.0,0.0,1.0,0.0,super built up,mid,new,corona optus,gurgaon,1.22
184.88,3.0,3.0,3.0,1.0,sector 37,13.0,0.0,0.0,0.0,1.0,0.0,1.0,0.0,1.0,1.0,1.0,0.0,1.0,0.0,1.0,0.0,0.0,0.0,0.0,0.0,6.0,10.0,4.0,6.0,0.0,1.0,0.0,0.0,1.0,5.0,1.0,1.0,1.0,0.0,1.0,0.0,1.0,0.0,super built up,mid,new,corona optus,gurgaon,1.4
117.89,2.0,2.0,3.0,1.0,sector 33,7.0,1.0,0.0,0.0,0.0,0.0,0.0,0.0,1.0,0.0,0.0,0.0,1.0,0.0,0.0,0.0,0.0,0.0,0.0,0.0,6.0,10.0,4.0,6.0,0.0,1.0,0.0,0.0,1.0,5.0,1.0,1.0,1.0,0.0,1.0,0.0,1.0,0.0,super built up,high,new,eldeco accolade,sohna,0.73
135.36,2.0,2.0,3.0,1.0,sector 33,7.0,1.0,0.0,0.0,0.0,0.0,0.0,0.0,1.0,0.0,0.0,0.0,1.0,0.0,0.0,0.0,0.0,0.0,0.0,0.0,6.0,10.0,4.0,6.0,0.0,1.0,0.0,0.0,1.0,5.0,1.0,1.0,1.0,0.0,1.0,0.0,1.0,0.0,super built up,high,new,eldeco accolade,sohna,0.72
117.43,2.0,2.0,3.0,0.0,sector 33,7.0,1.0,0.0,0.0,0.0,0.0,0.0,0.0,1.0,0.0,0.0,0.0,1.0,0.0,0.0,0.0,0.0,0.0,0.0,0.0,6.0,10.0,4.0,6.0,0.0,1.0,0.0,0.0,1.0,5.0,1.0,1.0,1.0,0.0,1.0,0.0,1.0,0.0,carpet,high,new,eldeco accolade,sohna,0.72
112.41,2.0,2.0,3.0,1.0,sector 33,8.0,1.0,0.0,0.0,0.0,0.0,0.0,0.0,1.0,1.0,1.0,1.0,0.0,0.0,0.0,0.0,0.0,0.0,0.0,0.0,6.0,10.0,4.0,6.0,0.0,1.0,0.0,0.0,1.0,5.0,1.0,1.0,1.0,0.0,1.0,0.0,1.0,0.0,super built up,low,new,signature global park,sohna,0.72
78.5,2.0,2.0,2.0,1.0,sector 33,8.0,1.0,0.0,0.0,0.0,0.0,0.0,0.0,1.0,1.0,1.0,1.0,0.0,0.0,0.0,0.0,0.0,0.0,0.0,0.0,6.0,10.0,4.0,6.0,0.0,1.0,0.0,0.0,1.0,5.0,1.0,1.0,1.0,0.0,1.0,0.0,1.0,0.0,carpet,mid,new,signature global park,sohna,0.54
112.41,2.0,2.0,3.0,1.0,sector 33,8.0,1.0,0.0,0.0,0.0,0.0,0.0,0.0,1.0,1.0,1.0,1.0,0.0,0.0,0.0,0.0,0.0,0.0,0.0,0.0,6.0,10.0,4.0,6.0,0.0,1.0,0.0,0.0,1.0,5.0,1.0,1.0,1.0,0.0,1.0,0.0,1.0,0.0,super built up,mid,new,signature global park,sohna,0.67
112.41,3.0,3.0,3.0,1.0,sector 33,8.0,1.0,0.0,0.0,0.0,0.0,0.0,0.0,1.0,1.0,1.0,1.0,0.0,0.0,0.0,0.0,0.0,0.0,0.0,0.0,6.0,10.0,4.0,6.0,0.0,1.0,0.0,0.0,1.0,5.0,1.0,1.0,1.0,0.0,1.0,0.0,1.0,0.0,carpet,low,new,signature global park,sohna,0.78
107.12,2.0,2.0,2.0,1.0,sector 33,8.0,1.0,0.0,0.0,0.0,0.0,0.0,0.0,1.0,1.0,1.0,1.0,0.0,0.0,0.0,0.0,0.0,0.0,0.0,0.0,6.0,10.0,4.0,6.0,0.0,1.0,0.0,0.0,1.0,5.0,1.0,1.0,1.0,0.0,1.0,0.0,1.0,0.0,super built up,low,new,signature global park,sohna,0.65
274.06,4.0,5.0,3.0,1.0,sector 111,10.0,1.0,0.0,0.0,1.0,0.0,0.0,0.0,1.0,1.0,0.0,1.0,1.0,0.0,0.0,0.0,0.0,0.0,0.0,0.0,6.0,10.0,4.0,6.0,0.0,1.0,0.0,0.0,1.0,5.0,1.0,1.0,1.0,0.0,1.0,0.0,1.0,0.0,super built up,high,new,puri diplomatic greens,gurgaon,3.5
346.62,4.0,4.0,3.0,1.0,sector 66,15.0,1.0,0.0,0.0,0.0,1.0,0.0,1.0,1.0,0.0,0.0,0.0,0.0,0.0,0.0,0.0,0.0,0.0,0.0,0.0,6.0,10.0,4.0,6.0,0.0,1.0,0.0,0.0,1.0,5.0,1.0,1.0,1.0,0.0,1.0,0.0,1.0,0.0,super built up,high,new,ireo uptown,gurgaon,4.85
253.35,4.0,4.0,3.0,1.0,sector 90,6.0,1.0,0.0,0.0,0.0,0.0,0.0,0.0,1.0,1.0,0.0,0.0,0.0,0.0,1.0,0.0,0.0,0.0,0.0,0.0,6.0,10.0,4.0,6.0,0.0,1.0,0.0,0.0,1.0,5.0,1.0,1.0,1.0,0.0,1.0,0.0,1.0,0.0,super built up,high,new,dlf new town heights 1,gurgaon,1.9
185.53,3.0,5.0,3.0,1.0,sector 99,15.0,1.0,0.0,0.0,1.0,1.0,1.0,1.0,1.0,1.0,0.0,0.0,0.0,0.0,1.0,0.0,0.0,0.0,0.0,0.0,6.0,10.0,4.0,6.0,0.0,1.0,0.0,0.0,1.0,5.0,1.0,1.0,1.0,0.0,1.0,0.0,1.0,0.0,super built up,mid,new,pareena coban residences,gurgaon,1.56
269.88,4.0,5.0,3.0,1.0,sector 72,10.0,1.0,0.0,0.0,0.0,0.0,1.0,0.0,1.0,0.0,0.0,1.0,0.0,0.0,1.0,0.0,0.0,0.0,0.0,0.0,6.0,10.0,4.0,6.0,0.0,1.0,0.0,0.0,1.0,5.0,1.0,1.0,1.0,0.0,1.0,0.0,1.0,0.0,super built up,high,new,tata primanti,gurgaon,4.0
190.17,3.0,3.0,3.0,1.0,sector 67,10.0,1.0,0.0,0.0,1.0,0.0,1.0,0.0,1.0,1.0,0.0,0.0,0.0,0.0,1.0,0.0,0.0,1.0,0.0,0.0,6.0,10.0,4.0,6.0,0.0,1.0,0.0,0.0,1.0,5.0,1.0,1.0,1.0,0.0,1.0,0.0,1.0,0.0,super built up,mid,new,m3m merlin,gurgaon,3.0
199.28,3.0,3.0,3.0,1.0,sector 72,10.0,1.0,0.0,0.0,0.0,0.0,1.0,0.0,1.0,0.0,0.0,1.0,0.0,0.0,1.0,0.0,0.0,0.0,0.0,0.0,6.0,10.0,4.0,6.0,0.0,1.0,0.0,0.0,1.0,5.0,1.0,1.0,1.0,0.0,1.0,0.0,1.0,0.0,super built up,high,new,tata primanti,gurgaon,3.3
178.37,3.0,4.0,2.0,1.0,sector 66,14.0,0.0,0.0,0.0,1.0,0.0,0.0,0.0,0.0,0.0,0.0,0.0,0.0,0.0,0.0,0.0,0.0,0.0,0.0,0.0,6.0,10.0,4.0,6.0,0.0,1.0,0.0,0.0,1.0,5.0,1.0,1.0,1.0,0.0,1.0,0.0,1.0,0.0,super built up,high,new,emaar mgf the enclave,gurgaon,2.1
178.37,3.0,4.0,2.0,1.0,sector 66,14.0,0.0,0.0,0.0,1.0,0.0,0.0,0.0,0.0,0.0,0.0,0.0,0.0,0.0,0.0,0.0,0.0,0.0,0.0,0.0,6.0,10.0,4.0,6.0,0.0,1.0,0.0,0.0,1.0,5.0,1.0,1.0,1.0,0.0,1.0,0.0,1.0,0.0,super built up,high,new,emaar mgf the enclave,gurgaon,1.9
170.66,3.0,2.0,3.0,1.0,sector 66,15.0,1.0,0.0,0.0,0.0,1.0,0.0,1.0,1.0,0.0,0.0,0.0,0.0,0.0,0.0,0.0,0.0,0.0,0.0,0.0,6.0,10.0,4.0,6.0,0.0,1.0,0.0,0.0,1.0,5.0,1.0,1.0,1.0,0.0,1.0,0.0,1.0,0.0,super built up,mid,new,ireo uptown,gurgaon,2.4
130.06,2.0,2.0,3.0,1.0,sector 74,7.0,1.0,0.0,0.0,1.0,0.0,1.0,0.0,1.0,1.0,0.0,0.0,1.0,0.0,0.0,0.0,0.0,0.0,0.0,0.0,6.0,10.0,4.0,6.0,0.0,1.0,0.0,0.0,1.0,5.0,1.0,1.0,1.0,0.0,1.0,0.0,1.0,0.0,super built up,mid,new,m3m skywalk,gurgaon,1.52
130.06,2.0,2.0,3.0,1.0,sector 74,7.0,1.0,0.0,0.0,1.0,0.0,1.0,0.0,1.0,1.0,0.0,0.0,1.0,0.0,0.0,0.0,0.0,0.0,0.0,0.0,6.0,10.0,4.0,6.0,0.0,1.0,0.0,0.0,1.0,5.0,1.0,1.0,1.0,0.0,1.0,0.0,1.0,0.0,super built up,high,new,m3m skywalk,gurgaon,1.48
247.12,3.0,4.0,3.0,1.0,sector 81,9.0,0.0,0.0,0.0,1.0,0.0,0.0,0.0,1.0,0.0,0.0,0.0,1.0,0.0,0.0,0.0,0.0,0.0,0.0,0.0,6.0,10.0,4.0,6.0,0.0,1.0,0.0,0.0,1.0,5.0,1.0,1.0,1.0,0.0,1.0,0.0,1.0,0.0,super built up,high,new,bestech park view grand spa,gurgaon,2.29
201.04,3.0,4.0,3.0,1.0,sector 58,13.0,1.0,0.0,0.0,1.0,0.0,1.0,0.0,1.0,1.0,0.0,1.0,0.0,0.0,0.0,0.0,0.0,0.0,0.0,0.0,6.0,10.0,4.0,6.0,0.0,1.0,0.0,0.0,1.0,5.0,1.0,1.0,1.0,0.0,1.0,0.0,1.0,0.0,super built up,mid,old,ireo the grand arch,gurgaon,4.0
315.87,4.0,5.0,3.0,1.0,sector 110,15.0,1.0,0.0,0.0,1.0,1.0,0.0,0.0,1.0,1.0,1.0,1.0,1.0,0.0,0.0,0.0,0.0,0.0,0.0,0.0,6.0,10.0,4.0,6.0,0.0,1.0,0.0,0.0,1.0,5.0,1.0,1.0,1.0,0.0,1.0,0.0,1.0,0.0,super built up,mid,new,indiabulls enigma,gurgaon,3.6
132.85,3.0,3.0,2.0,0.0,sector 2,11.0,0.0,0.0,0.0,1.0,1.0,0.0,0.0,1.0,0.0,0.0,1.0,0.0,0.0,0.0,0.0,0.0,0.0,0.0,0.0,6.0,10.0,4.0,6.0,0.0,1.0,0.0,0.0,1.0,5.0,1.0,1.0,1.0,0.0,1.0,0.0,1.0,0.0,super built up,low,new,suncity vatsal valley,gurgaon,1.38
194.63,3.0,4.0,3.0,1.0,sector 109,15.0,0.0,0.0,0.0,0.0,1.0,0.0,1.0,1.0,1.0,0.0,0.0,0.0,1.0,0.0,1.0,0.0,1.0,1.0,0.0,6.0,10.0,4.0,6.0,0.0,1.0,0.0,0.0,1.0,5.0,1.0,1.0,1.0,0.0,1.0,0.0,1.0,0.0,super built up,high,new,ats kocoon,gurgaon,2.2
360.46,5.0,5.0,3.0,1.0,sector 110,15.0,1.0,0.0,0.0,1.0,1.0,0.0,0.0,1.0,1.0,1.0,1.0,1.0,0.0,0.0,0.0,0.0,0.0,0.0,0.0,6.0,10.0,4.0,6.0,0.0,1.0,0.0,0.0,1.0,5.0,1.0,1.0,1.0,0.0,1.0,0.0,1.0,0.0,super built up,mid,new,indiabulls enigma,gurgaon,4.49
315.87,4.0,5.0,3.0,1.0,sector 110,15.0,1.0,0.0,0.0,1.0,1.0,0.0,0.0,1.0,1.0,1.0,1.0,1.0,0.0,0.0,0.0,0.0,0.0,0.0,0.0,6.0,10.0,4.0,6.0,0.0,1.0,0.0,0.0,1.0,5.0,1.0,1.0,1.0,0.0,1.0,0.0,1.0,0.0,super built up,mid,new,indiabulls enigma,gurgaon,3.49
315.87,4.0,5.0,3.0,1.0,sector 110,15.0,1.0,0.0,0.0,1.0,1.0,0.0,0.0,1.0,1.0,1.0,1.0,1.0,0.0,0.0,0.0,0.0,0.0,0.0,0.0,6.0,10.0,4.0,6.0,0.0,1.0,0.0,0.0,1.0,5.0,1.0,1.0,1.0,0.0,1.0,0.0,1.0,0.0,super built up,mid,new,indiabulls enigma,gurgaon,3.7
153.29,3.0,3.0,3.0,1.0,sector 102,10.0,1.0,0.0,0.0,1.0,0.0,1.0,0.0,1.0,1.0,0.0,0.0,1.0,0.0,0.0,0.0,0.0,0.0,0.0,0.0,6.0,10.0,4.0,6.0,0.0,1.0,0.0,0.0,1.0,5.0,1.0,1.0,1.0,0.0,1.0,0.0,1.0,0.0,super built up,mid,new,emaar gurgaon greens,gurgaon,1.42
296.55,4.0,4.0,3.0,1.0,sector 67,11.0,1.0,0.0,0.0,1.0,0.0,1.0,0.0,1.0,1.0,0.0,0.0,0.0,0.0,1.0,0.0,0.0,0.0,0.0,0.0,6.0,10.0,4.0,6.0,0.0,1.0,0.0,0.0,1.0,5.0,1.0,1.0,1.0,0.0,1.0,0.0,1.0,0.0,super built up,high,new,ireo victory valley,gurgaon,4.5
212.75,3.0,3.0,3.0,1.0,sector 104,13.0,1.0,0.0,0.0,1.0,0.0,1.0,0.0,1.0,1.0,0.0,1.0,1.0,0.0,1.0,0.0,1.0,0.0,0.0,0.0,6.0,10.0,4.0,6.0,0.0,1.0,0.0,0.0,1.0,5.0,1.0,1.0,1.0,0.0,1.0,0.0,1.0,0.0,super built up,high,new,ats triumph,gurgaon,1.85
292.64,4.0,4.0,3.0,1.0,sector 104,13.0,1.0,0.0,0.0,1.0,0.0,1.0,0.0,1.0,1.0,0.0,1.0,1.0,0.0,1.0,0.0,1.0,0.0,0.0,0.0,6.0,10.0,4.0,6.0,0.0,1.0,0.0,0.0,1.0,5.0,1.0,1.0,1.0,0.0,1.0,0.0,1.0,0.0,super built up,high,new,ats triumph,gurgaon,2.62
165.83,3.0,3.0,3.0,0.0,sector 83,10.0,0.0,0.0,0.0,1.0,0.0,0.0,0.0,1.0,1.0,0.0,1.0,1.0,0.0,0.0,0.0,0.0,0.0,0.0,0.0,6.0,10.0,4.0,6.0,0.0,1.0,0.0,0.0,1.0,5.0,1.0,1.0,1.0,0.0,1.0,0.0,1.0,0.0,super built up,mid,new,vatika gurgaon 21,gurgaon,1.1
144.84,2.0,2.0,3.0,1.0,sector 79,10.0,0.0,0.0,0.0,0.0,0.0,0.0,0.0,1.0,1.0,0.0,0.0,0.0,0.0,0.0,0.0,0.0,0.0,1.0,0.0,6.0,10.0,4.0,6.0,0.0,1.0,0.0,0.0,1.0,5.0,1.0,1.0,1.0,0.0,1.0,0.0,1.0,0.0,super built up,mid,new,godrej 101,gurgaon,1.33
146.04,2.0,2.0,3.0,1.0,sector 79,10.0,0.0,0.0,0.0,0.0,0.0,0.0,0.0,1.0,1.0,0.0,0.0,0.0,0.0,0.0,0.0,0.0,0.0,1.0,0.0,6.0,10.0,4.0,6.0,0.0,1.0,0.0,0.0,1.0,5.0,1.0,1.0,1.0,0.0,1.0,0.0,1.0,0.0,super built up,low,new,godrej 101,gurgaon,1.34
128.48,2.0,2.0,3.0,0.0,sector 79,10.0,0.0,0.0,0.0,0.0,0.0,0.0,0.0,1.0,1.0,0.0,0.0,0.0,0.0,0.0,0.0,0.0,0.0,1.0,0.0,6.0,10.0,4.0,6.0,0.0,1.0,0.0,0.0,1.0,5.0,1.0,1.0,1.0,0.0,1.0,0.0,1.0,0.0,super built up,mid,new,godrej 101,gurgaon,1.18
134.24,2.0,2.0,3.0,0.0,sector 83,10.0,0.0,0.0,0.0,1.0,0.0,0.0,0.0,1.0,1.0,0.0,1.0,1.0,0.0,0.0,0.0,0.0,0.0,0.0,0.0,6.0,10.0,4.0,6.0,0.0,1.0,0.0,0.0,1.0,5.0,1.0,1.0,1.0,0.0,1.0,0.0,1.0,0.0,super built up,mid,new,vatika gurgaon 21,gurgaon,0.95
134.24,2.0,2.0,3.0,0.0,sector 83,10.0,0.0,0.0,0.0,1.0,0.0,0.0,0.0,1.0,1.0,0.0,1.0,1.0,0.0,0.0,0.0,0.0,0.0,0.0,0.0,6.0,10.0,4.0,6.0,0.0,1.0,0.0,0.0,1.0,5.0,1.0,1.0,1.0,0.0,1.0,0.0,1.0,0.0,super built up,mid,new,vatika gurgaon 21,gurgaon,0.98
163.51,3.0,4.0,3.0,1.0,sector 106,11.0,1.0,0.0,0.0,1.0,0.0,1.0,0.0,1.0,1.0,0.0,1.0,1.0,0.0,1.0,0.0,0.0,0.0,0.0,0.0,6.0,10.0,4.0,6.0,0.0,1.0,0.0,0.0,1.0,5.0,1.0,1.0,1.0,0.0,1.0,0.0,1.0,0.0,super built up,high,new,paras dews,gurgaon,1.15
123.19,3.0,2.0,3.0,1.0,sector 69,42.0,1.0,0.0,0.0,0.0,1.0,1.0,1.0,0.0,0.0,0.0,0.0,0.0,0.0,0.0,1.0,0.0,1.0,0.0,0.0,6.0,10.0,4.0,6.0,0.0,1.0,0.0,0.0,1.0,5.0,1.0,1.0,1.0,0.0,1.0,0.0,1.0,0.0,carpet,mid,new,tulip white,gurgaon,0.9
292.64,4.0,4.0,3.0,1.0,sector 104,13.0,1.0,0.0,0.0,1.0,0.0,1.0,0.0,1.0,1.0,0.0,1.0,1.0,0.0,1.0,0.0,1.0,0.0,0.0,0.0,6.0,10.0,4.0,6.0,0.0,1.0,0.0,0.0,1.0,5.0,1.0,1.0,1.0,0.0,1.0,0.0,1.0,0.0,super built up,high,new,ats triumph,gurgaon,2.52
219.81,3.0,4.0,3.0,1.0,sector 79,10.0,0.0,0.0,0.0,0.0,0.0,0.0,0.0,1.0,1.0,0.0,0.0,0.0,0.0,0.0,0.0,0.0,0.0,1.0,0.0,6.0,10.0,4.0,6.0,0.0,1.0,0.0,0.0,1.0,5.0,1.0,1.0,1.0,0.0,1.0,0.0,1.0,0.0,super built up,mid,new,godrej 101,gurgaon,2.01
210.15,3.0,4.0,3.0,1.0,sector 79,10.0,0.0,0.0,0.0,0.0,0.0,0.0,0.0,1.0,1.0,0.0,0.0,0.0,0.0,0.0,0.0,0.0,0.0,1.0,0.0,6.0,10.0,4.0,6.0,0.0,1.0,0.0,0.0,1.0,5.0,1.0,1.0,1.0,0.0,1.0,0.0,1.0,0.0,super built up,mid,new,godrej 101,gurgaon,1.93
139.82,3.0,3.0,3.0,0.0,sector 79,10.0,0.0,0.0,0.0,0.0,0.0,0.0,0.0,1.0,1.0,0.0,0.0,0.0,0.0,0.0,0.0,0.0,0.0,1.0,0.0,6.0,10.0,4.0,6.0,0.0,1.0,0.0,0.0,1.0,5.0,1.0,1.0,1.0,0.0,1.0,0.0,1.0,0.0,super built up,mid,new,godrej 101,gurgaon,1.28
208.47,3.0,4.0,3.0,1.0,sector 79,10.0,0.0,0.0,0.0,0.0,0.0,0.0,0.0,1.0,1.0,0.0,0.0,0.0,0.0,0.0,0.0,0.0,0.0,1.0,0.0,6.0,10.0,4.0,6.0,0.0,1.0,0.0,0.0,1.0,5.0,1.0,1.0,1.0,0.0,1.0,0.0,1.0,0.0,super built up,mid,new,godrej 101,gurgaon,1.91
146.04,3.0,3.0,3.0,0.0,sector 79,10.0,0.0,0.0,0.0,0.0,0.0,0.0,0.0,1.0,1.0,0.0,0.0,0.0,0.0,0.0,0.0,0.0,0.0,1.0,0.0,6.0,10.0,4.0,6.0,0.0,1.0,0.0,0.0,1.0,5.0,1.0,1.0,1.0,0.0,1.0,0.0,1.0,0.0,super built up,mid,new,godrej 101,gurgaon,1.34
162.12,3.0,3.0,3.0,0.0,sector 109,15.0,0.0,0.0,0.0,0.0,1.0,0.0,1.0,1.0,1.0,0.0,0.0,0.0,1.0,0.0,1.0,0.0,1.0,1.0,0.0,6.0,10.0,4.0,6.0,0.0,1.0,0.0,0.0,1.0,5.0,1.0,1.0,1.0,0.0,1.0,0.0,1.0,0.0,super built up,high,new,ats kocoon,gurgaon,1.7
204.39,3.0,3.0,3.0,1.0,sector 66,14.0,1.0,0.0,0.0,0.0,0.0,1.0,0.0,1.0,1.0,0.0,1.0,0.0,0.0,0.0,0.0,0.0,1.0,0.0,0.0,6.0,10.0,4.0,6.0,0.0,1.0,0.0,0.0,1.0,5.0,1.0,1.0,1.0,0.0,1.0,0.0,1.0,0.0,super built up,mid,old,emaar mgf the palm drive,gurgaon,3.5
216.0,4.0,3.0,3.0,1.0,sector 92,11.0,1.0,0.0,0.0,1.0,0.0,1.0,0.0,1.0,1.0,0.0,0.0,1.0,0.0,1.0,0.0,0.0,0.0,0.0,0.0,6.0,10.0,4.0,6.0,0.0,1.0,0.0,0.0,1.0,5.0,1.0,1.0,1.0,0.0,1.0,0.0,1.0,0.0,super built up,high,new,bestech park view sanskruti,gurgaon,1.83
134.43,3.0,4.0,3.0,1.0,sector 90,6.0,1.0,0.0,0.0,0.0,0.0,0.0,0.0,1.0,1.0,0.0,0.0,0.0,0.0,1.0,0.0,0.0,0.0,0.0,0.0,6.0,10.0,4.0,6.0,0.0,1.0,0.0,0.0,1.0,5.0,1.0,1.0,1.0,0.0,1.0,0.0,1.0,0.0,carpet,high,old,dlf new town heights 1,gurgaon,1.25
139.35,3.0,4.0,3.0,1.0,sector 83,10.0,0.0,0.0,0.0,1.0,0.0,0.0,0.0,0.0,0.0,0.0,0.0,0.0,0.0,0.0,0.0,0.0,0.0,0.0,0.0,6.0,10.0,4.0,6.0,0.0,1.0,0.0,0.0,1.0,5.0,1.0,1.0,1.0,0.0,1.0,0.0,1.0,0.0,carpet,mid,new,emaar palm gardens,gurgaon,1.8
159.79,3.0,3.0,3.0,1.0,sector 83,10.0,0.0,0.0,0.0,1.0,0.0,0.0,0.0,0.0,0.0,0.0,0.0,0.0,0.0,0.0,0.0,0.0,0.0,0.0,0.0,6.0,10.0,4.0,6.0,0.0,1.0,0.0,0.0,1.0,5.0,1.0,1.0,1.0,0.0,1.0,0.0,1.0,0.0,super built up,high,new,emaar palm gardens,gurgaon,1.4
130.06,2.0,2.0,3.0,1.0,sector 74,7.0,1.0,0.0,0.0,1.0,0.0,1.0,0.0,1.0,1.0,0.0,0.0,1.0,0.0,0.0,0.0,0.0,0.0,0.0,0.0,6.0,10.0,4.0,6.0,0.0,1.0,0.0,0.0,1.0,5.0,1.0,1.0,1.0,0.0,1.0,0.0,1.0,0.0,super built up,high,new,m3m skywalk,gurgaon,1.54
227.61,3.0,4.0,3.0,1.0,sector 53,10.0,1.0,0.0,0.0,1.0,0.0,1.0,0.0,1.0,1.0,0.0,1.0,0.0,0.0,1.0,0.0,0.0,0.0,0.0,0.0,6.0,10.0,4.0,6.0,0.0,1.0,0.0,0.0,1.0,5.0,1.0,1.0,1.0,0.0,1.0,0.0,1.0,0.0,super built up,mid,old,vipul belmonte,gurgaon,6.0
174.19,3.0,4.0,3.0,1.0,sector 54,15.0,1.0,0.0,0.0,0.0,1.0,0.0,1.0,1.0,0.0,0.0,1.0,0.0,0.0,0.0,0.0,1.0,0.0,0.0,0.0,6.0,10.0,4.0,6.0,0.0,1.0,0.0,0.0,1.0,5.0,1.0,1.0,1.0,0.0,1.0,0.0,1.0,0.0,super built up,high,new,dlf park place,gurgaon,4.85
174.19,3.0,4.0,3.0,1.0,sector 54,15.0,1.0,0.0,0.0,0.0,1.0,0.0,1.0,1.0,0.0,0.0,1.0,0.0,0.0,0.0,0.0,1.0,0.0,0.0,0.0,6.0,10.0,4.0,6.0,0.0,1.0,0.0,0.0,1.0,5.0,1.0,1.0,1.0,0.0,1.0,0.0,1.0,0.0,super built up,mid,new,dlf park place,gurgaon,4.86
228.91,3.0,3.0,3.0,1.0,sector 48,9.0,1.0,0.0,0.0,1.0,0.0,1.0,0.0,1.0,1.0,0.0,1.0,0.0,0.0,0.0,0.0,1.0,0.0,0.0,0.0,6.0,10.0,4.0,6.0,0.0,1.0,0.0,0.0,1.0,5.0,1.0,1.0,1.0,0.0,1.0,0.0,1.0,0.0,super built up,high,old,central park resorts,gurgaon,5.15
365.2,4.0,4.0,3.0,1.0,sector 48,9.0,1.0,0.0,0.0,1.0,0.0,1.0,0.0,1.0,1.0,0.0,1.0,0.0,0.0,0.0,0.0,1.0,0.0,0.0,0.0,6.0,10.0,4.0,6.0,0.0,1.0,0.0,0.0,1.0,5.0,1.0,1.0,1.0,0.0,1.0,0.0,1.0,0.0,super built up,high,old,central park resorts,gurgaon,9.3
165.0,3.0,4.0,2.0,1.0,sector 48,15.0,1.0,1.0,0.0,1.0,0.0,1.0,1.0,1.0,1.0,0.0,1.0,0.0,1.0,0.0,1.0,0.0,0.0,0.0,0.0,6.0,10.0,4.0,6.0,0.0,1.0,0.0,0.0,1.0,5.0,1.0,1.0,1.0,0.0,1.0,0.0,1.0,0.0,super built up,mid,new,bestech park view city,gurgaon,1.78
130.06,3.0,3.0,3.0,1.0,sector 49,14.0,1.0,0.0,0.0,0.0,0.0,1.0,1.0,0.0,0.0,0.0,0.0,0.0,0.0,0.0,0.0,0.0,0.0,0.0,0.0,6.0,10.0,4.0,6.0,0.0,1.0,0.0,0.0,1.0,5.0,1.0,1.0,1.0,0.0,1.0,0.0,1.0,0.0,carpet,high,old,vatika city,gurgaon,1.79
171.87,3.0,3.0,2.0,1.0,sector 55,46.0,1.0,0.0,0.0,0.0,1.0,1.0,1.0,0.0,0.0,0.0,1.0,0.0,1.0,0.0,1.0,1.0,0.0,0.0,1.0,6.0,10.0,4.0,6.0,0.0,1.0,0.0,0.0,1.0,5.0,1.0,1.0,1.0,0.0,1.0,0.0,1.0,0.0,super built up,mid,old,siddhi vinayak apartments,gurgaon,1.44
185.81,4.0,3.0,3.0,1.0,sector 56,46.0,1.0,0.0,0.0,0.0,1.0,1.0,1.0,0.0,0.0,0.0,1.0,0.0,1.0,0.0,1.0,1.0,0.0,0.0,1.0,6.0,10.0,4.0,6.0,0.0,1.0,0.0,0.0,1.0,5.0,1.0,1.0,1.0,0.0,1.0,0.0,1.0,0.0,super built up,low,old,madhur jeevan apartments,gurgaon,1.59
222.97,4.0,4.0,3.0,1.0,sector 56,47.0,1.0,0.0,0.0,0.0,1.0,0.0,1.0,0.0,0.0,0.0,1.0,0.0,1.0,0.0,1.0,1.0,0.0,0.0,1.0,6.0,10.0,4.0,6.0,0.0,1.0,0.0,0.0,1.0,5.0,1.0,1.0,1.0,0.0,1.0,0.0,1.0,0.0,super built up,mid,old,the lions cghs,gurgaon,1.99
185.81,3.0,3.0,2.0,1.0,sector 56,46.0,1.0,0.0,0.0,0.0,1.0,1.0,1.0,0.0,0.0,0.0,1.0,0.0,1.0,0.0,1.0,1.0,0.0,0.0,1.0,6.0,10.0,4.0,6.0,0.0,1.0,0.0,0.0,1.0,5.0,1.0,1.0,1.0,0.0,1.0,0.0,1.0,0.0,super built up,mid,old,professors enclave cghs,gurgaon,1.54
171.87,3.0,2.0,3.0,1.0,sector 56,44.0,1.0,0.0,0.0,0.0,1.0,1.0,1.0,0.0,0.0,0.0,1.0,0.0,1.0,0.0,1.0,1.0,0.0,0.0,1.0,6.0,10.0,4.0,6.0,0.0,1.0,0.0,0.0,1.0,5.0,1.0,1.0,1.0,0.0,1.0,0.0,1.0,0.0,super built up,mid,old,guru gram haryana cghs,gurgaon,1.39
227.61,3.0,3.0,3.0,1.0,sector 56,47.0,1.0,0.0,0.0,0.0,1.0,0.0,1.0,0.0,0.0,0.0,1.0,0.0,1.0,0.0,1.0,1.0,0.0,0.0,1.0,6.0,10.0,4.0,6.0,0.0,1.0,0.0,0.0,1.0,5.0,1.0,1.0,1.0,0.0,1.0,0.0,1.0,0.0,super built up,low,old,park view apartment,gurgaon,1.74
112.88,2.0,2.0,3.0,0.0,sector 102,13.0,1.0,0.0,0.0,1.0,1.0,0.0,0.0,1.0,1.0,0.0,0.0,1.0,0.0,1.0,0.0,0.0,1.0,0.0,0.0,6.0,10.0,4.0,6.0,0.0,1.0,0.0,0.0,1.0,5.0,1.0,1.0,1.0,0.0,1.0,0.0,1.0,0.0,super built up,high,new,shapoorji pallonji joyville gurugram,gurgaon,1.28
199.74,3.0,4.0,3.0,1.0,sector 109,11.0,1.0,0.0,0.0,1.0,0.0,0.0,0.0,1.0,1.0,0.0,1.0,1.0,0.0,0.0,0.0,0.0,0.0,1.0,0.0,6.0,10.0,4.0,6.0,0.0,1.0,0.0,0.0,1.0,5.0,1.0,1.0,1.0,0.0,1.0,0.0,1.0,0.0,super built up,mid,new,ats tourmaline,gurgaon,1.72
162.58,3.0,3.0,3.0,0.0,sector 109,11.0,1.0,0.0,0.0,1.0,0.0,0.0,0.0,1.0,1.0,0.0,1.0,1.0,0.0,0.0,0.0,0.0,0.0,1.0,0.0,6.0,10.0,4.0,6.0,0.0,1.0,0.0,0.0,1.0,5.0,1.0,1.0,1.0,0.0,1.0,0.0,1.0,0.0,super built up,mid,new,ats tourmaline,gurgaon,1.5
127.09,2.0,2.0,3.0,1.0,sector 102,13.0,1.0,0.0,0.0,1.0,1.0,0.0,0.0,1.0,1.0,0.0,0.0,1.0,0.0,1.0,0.0,0.0,1.0,0.0,0.0,6.0,10.0,4.0,6.0,0.0,1.0,0.0,0.0,1.0,5.0,1.0,1.0,1.0,0.0,1.0,0.0,1.0,0.0,super built up,high,new,shapoorji pallonji joyville gurugram,gurgaon,1.41
195.1,3.0,3.0,2.0,1.0,sector 142,35.0,1.0,0.0,0.0,0.0,0.0,1.0,1.0,1.0,0.0,0.0,0.0,0.0,1.0,0.0,1.0,0.0,1.0,0.0,1.0,6.0,10.0,4.0,6.0,0.0,1.0,0.0,0.0,1.0,5.0,1.0,1.0,1.0,0.0,1.0,0.0,1.0,0.0,super built up,low,old,empire estate,gurgaon,3.5
199.74,3.0,4.0,3.0,1.0,sector 109,11.0,1.0,0.0,0.0,1.0,0.0,0.0,0.0,1.0,1.0,0.0,1.0,1.0,0.0,0.0,0.0,0.0,0.0,1.0,0.0,6.0,10.0,4.0,6.0,0.0,1.0,0.0,0.0,1.0,5.0,1.0,1.0,1.0,0.0,1.0,0.0,1.0,0.0,super built up,mid,new,ats tourmaline,gurgaon,1.5
199.74,3.0,4.0,3.0,1.0,sector 109,11.0,1.0,0.0,0.0,1.0,0.0,0.0,0.0,1.0,1.0,0.0,1.0,1.0,0.0,0.0,0.0,0.0,0.0,1.0,0.0,6.0,10.0,4.0,6.0,0.0,1.0,0.0,0.0,1.0,5.0,1.0,1.0,1.0,0.0,1.0,0.0,1.0,0.0,super built up,mid,new,ats tourmaline,gurgaon,1.45
261.24,4.0,4.0,3.0,0.0,sector 85,13.0,1.0,0.0,0.0,1.0,0.0,1.0,0.0,1.0,1.0,0.0,0.0,1.0,0.0,1.0,0.0,0.0,0.0,1.0,0.0,6.0,10.0,4.0,6.0,0.0,1.0,0.0,0.0,1.0,5.0,1.0,1.0,1.0,0.0,1.0,0.0,1.0,0.0,super built up,low,new,ss the leaf,gurgaon,2.13
223.71,3.0,4.0,3.0,1.0,sector 85,13.0,1.0,0.0,0.0,1.0,0.0,1.0,0.0,1.0,1.0,0.0,0.0,1.0,0.0,1.0,0.0,0.0,0.0,1.0,0.0,6.0,10.0,4.0,6.0,0.0,1.0,0.0,0.0,1.0,5.0,1.0,1.0,1.0,0.0,1.0,0.0,1.0,0.0,super built up,mid,new,ss the leaf,gurgaon,2.0
261.24,4.0,4.0,3.0,1.0,sector 85,13.0,1.0,0.0,0.0,1.0,0.0,1.0,0.0,1.0,1.0,0.0,0.0,1.0,0.0,1.0,0.0,0.0,0.0,1.0,0.0,6.0,10.0,4.0,6.0,0.0,1.0,0.0,0.0,1.0,5.0,1.0,1.0,1.0,0.0,1.0,0.0,1.0,0.0,super built up,mid,new,ss the leaf,gurgaon,2.1
261.24,4.0,4.0,3.0,0.0,sector 85,13.0,1.0,0.0,0.0,1.0,0.0,1.0,0.0,1.0,1.0,0.0,0.0,1.0,0.0,1.0,0.0,0.0,0.0,1.0,0.0,6.0,10.0,4.0,6.0,0.0,1.0,0.0,0.0,1.0,5.0,1.0,1.0,1.0,0.0,1.0,0.0,1.0,0.0,super built up,mid,new,ss the leaf,gurgaon,2.13
161.74,2.0,2.0,3.0,0.0,sector 85,13.0,1.0,0.0,0.0,1.0,0.0,1.0,0.0,1.0,1.0,0.0,0.0,1.0,0.0,1.0,0.0,0.0,0.0,1.0,0.0,6.0,10.0,4.0,6.0,0.0,1.0,0.0,0.0,1.0,5.0,1.0,1.0,1.0,0.0,1.0,0.0,1.0,0.0,super built up,high,new,ss the leaf,gurgaon,1.25
152.36,2.0,2.0,3.0,0.0,sector 83,35.0,0.0,0.0,0.0,0.0,1.0,0.0,1.0,1.0,0.0,0.0,0.0,0.0,0.0,0.0,1.0,0.0,0.0,0.0,1.0,6.0,10.0,4.0,6.0,0.0,1.0,0.0,0.0,1.0,5.0,1.0,1.0,1.0,0.0,1.0,0.0,1.0,0.0,super built up,mid,new,ss the leaf,gurgaon,1.19
155.24,2.0,2.0,3.0,0.0,sector 85,13.0,1.0,0.0,0.0,1.0,0.0,1.0,0.0,1.0,1.0,0.0,0.0,1.0,0.0,1.0,0.0,0.0,0.0,1.0,0.0,6.0,10.0,4.0,6.0,0.0,1.0,0.0,0.0,1.0,5.0,1.0,1.0,1.0,0.0,1.0,0.0,1.0,0.0,super built up,high,new,ss the leaf,gurgaon,1.17
261.24,4.0,4.0,3.0,1.0,sector 85,8.0,0.0,0.0,0.0,0.0,0.0,0.0,0.0,0.0,0.0,0.0,0.0,0.0,1.0,0.0,0.0,0.0,0.0,0.0,1.0,6.0,10.0,4.0,6.0,0.0,1.0,0.0,0.0,1.0,5.0,1.0,1.0,1.0,0.0,1.0,0.0,1.0,0.0,super built up,high,new,ss,gurgaon,2.09
261.24,4.0,4.0,3.0,1.0,sector 85,8.0,0.0,0.0,0.0,0.0,0.0,0.0,0.0,0.0,0.0,0.0,0.0,0.0,1.0,0.0,0.0,0.0,0.0,0.0,1.0,6.0,10.0,4.0,6.0,0.0,1.0,0.0,0.0,1.0,5.0,1.0,1.0,1.0,0.0,1.0,0.0,1.0,0.0,super built up,mid,new,ss,gurgaon,2.17
261.24,4.0,4.0,3.0,1.0,sector 85,8.0,0.0,0.0,0.0,0.0,0.0,0.0,0.0,0.0,0.0,0.0,0.0,0.0,1.0,0.0,0.0,0.0,0.0,0.0,1.0,6.0,10.0,4.0,6.0,0.0,1.0,0.0,0.0,1.0,5.0,1.0,1.0,1.0,0.0,1.0,0.0,1.0,0.0,super built up,mid,new,ss,gurgaon,2.14
261.24,4.0,4.0,3.0,0.0,sector 85,8.0,0.0,0.0,0.0,0.0,0.0,0.0,0.0,0.0,0.0,0.0,0.0,0.0,1.0,0.0,0.0,0.0,0.0,0.0,1.0,6.0,10.0,4.0,6.0,0.0,1.0,0.0,0.0,1.0,5.0,1.0,1.0,1.0,0.0,1.0,0.0,1.0,0.0,super built up,low,new,ss,gurgaon,2.1
223.71,3.0,4.0,3.0,0.0,sector 85,8.0,0.0,0.0,0.0,0.0,0.0,0.0,0.0,0.0,0.0,0.0,0.0,0.0,1.0,0.0,0.0,0.0,0.0,0.0,1.0,6.0,10.0,4.0,6.0,0.0,1.0,0.0,0.0,1.0,5.0,1.0,1.0,1.0,0.0,1.0,0.0,1.0,0.0,super built up,mid,new,ss,gurgaon,1.98
161.74,2.0,2.0,3.0,0.0,sector 85,13.0,1.0,0.0,0.0,1.0,0.0,1.0,0.0,1.0,1.0,0.0,0.0,1.0,0.0,1.0,0.0,0.0,0.0,1.0,0.0,6.0,10.0,4.0,6.0,0.0,1.0,0.0,0.0,1.0,5.0,1.0,1.0,1.0,0.0,1.0,0.0,1.0,0.0,super built up,high,new,ss the leaf,gurgaon,1.24
152.36,2.0,2.0,3.0,0.0,sector 85,14.0,1.0,0.0,0.0,0.0,0.0,1.0,1.0,0.0,0.0,0.0,0.0,0.0,0.0,0.0,1.0,0.0,0.0,0.0,0.0,6.0,10.0,4.0,6.0,0.0,1.0,0.0,0.0,1.0,5.0,1.0,1.0,1.0,0.0,1.0,0.0,1.0,0.0,super built up,mid,new,ss,gurgaon,1.18
155.24,2.0,2.0,3.0,0.0,sector 85,14.0,1.0,0.0,0.0,0.0,0.0,1.0,1.0,0.0,0.0,0.0,0.0,0.0,0.0,0.0,1.0,0.0,0.0,0.0,0.0,6.0,10.0,4.0,6.0,0.0,1.0,0.0,0.0,1.0,5.0,1.0,1.0,1.0,0.0,1.0,0.0,1.0,0.0,super built up,high,new,ss,gurgaon,1.2
155.24,2.0,2.0,3.0,0.0,sector 85,14.0,1.0,0.0,0.0,0.0,0.0,1.0,1.0,0.0,0.0,0.0,0.0,0.0,0.0,0.0,1.0,0.0,0.0,0.0,0.0,6.0,10.0,4.0,6.0,0.0,1.0,0.0,0.0,1.0,5.0,1.0,1.0,1.0,0.0,1.0,0.0,1.0,0.0,super built up,high,new,ss,gurgaon,1.19
167.69,3.0,3.0,3.0,0.0,sector 49,13.0,1.0,0.0,0.0,1.0,0.0,0.0,1.0,1.0,0.0,0.0,0.0,0.0,0.0,1.0,1.0,0.0,0.0,0.0,0.0,6.0,10.0,4.0,6.0,0.0,1.0,0.0,0.0,1.0,5.0,1.0,1.0,1.0,0.0,1.0,0.0,1.0,0.0,super built up,high,new,orchid petals,gurgaon,2.09
191.47,3.0,3.0,3.0,1.0,sector 49,13.0,1.0,0.0,0.0,1.0,0.0,0.0,1.0,1.0,0.0,0.0,0.0,0.0,0.0,1.0,1.0,0.0,0.0,0.0,0.0,6.0,10.0,4.0,6.0,0.0,1.0,0.0,0.0,1.0,5.0,1.0,1.0,1.0,0.0,1.0,0.0,1.0,0.0,super built up,high,new,orchid petals,gurgaon,2.45
188.87,3.0,3.0,3.0,1.0,sector 49,13.0,1.0,0.0,0.0,1.0,0.0,0.0,1.0,1.0,0.0,0.0,0.0,0.0,0.0,1.0,1.0,0.0,0.0,0.0,0.0,6.0,10.0,4.0,6.0,0.0,1.0,0.0,0.0,1.0,5.0,1.0,1.0,1.0,0.0,1.0,0.0,1.0,0.0,super built up,high,new,orchid petals,gurgaon,2.23
330.46,5.0,6.0,3.0,1.0,sector 49,13.0,1.0,0.0,0.0,1.0,0.0,0.0,1.0,1.0,0.0,0.0,0.0,0.0,0.0,1.0,1.0,0.0,0.0,0.0,0.0,6.0,10.0,4.0,6.0,0.0,1.0,0.0,0.0,1.0,5.0,1.0,1.0,1.0,0.0,1.0,0.0,1.0,0.0,super built up,high,new,orchid petals,gurgaon,4.21
330.46,5.0,4.0,3.0,1.0,sector 49,13.0,1.0,0.0,0.0,1.0,0.0,0.0,1.0,1.0,0.0,0.0,0.0,0.0,0.0,1.0,1.0,0.0,0.0,0.0,0.0,6.0,10.0,4.0,6.0,0.0,1.0,0.0,0.0,1.0,5.0,1.0,1.0,1.0,0.0,1.0,0.0,1.0,0.0,super built up,high,new,orchid petals,gurgaon,4.16
382.3,5.0,5.0,3.0,1.0,sector 49,13.0,1.0,0.0,0.0,1.0,0.0,0.0,1.0,1.0,0.0,0.0,0.0,0.0,0.0,1.0,1.0,0.0,0.0,0.0,0.0,6.0,10.0,4.0,6.0,0.0,1.0,0.0,0.0,1.0,5.0,1.0,1.0,1.0,0.0,1.0,0.0,1.0,0.0,super built up,high,old,orchid petals,gurgaon,4.52
134.71,2.0,2.0,3.0,0.0,sector 79,11.0,1.0,0.0,0.0,1.0,0.0,1.0,0.0,1.0,1.0,0.0,0.0,1.0,0.0,0.0,0.0,0.0,0.0,1.0,0.0,6.0,10.0,4.0,6.0,0.0,1.0,0.0,0.0,1.0,5.0,1.0,1.0,1.0,0.0,1.0,0.0,1.0,0.0,carpet,mid,new,godrej aria,gurgaon,0.95
124.21,2.0,3.0,3.0,1.0,sector 66,15.0,1.0,0.0,0.0,0.0,1.0,0.0,1.0,1.0,0.0,0.0,0.0,0.0,0.0,0.0,0.0,0.0,0.0,0.0,0.0,6.0,10.0,4.0,6.0,0.0,1.0,0.0,0.0,1.0,5.0,1.0,1.0,1.0,0.0,1.0,0.0,1.0,0.0,super built up,low,new,ireo uptown,gurgaon,1.5
355.73,4.0,4.0,3.0,1.0,sector 59,15.0,1.0,0.0,0.0,1.0,0.0,1.0,1.0,1.0,0.0,0.0,1.0,0.0,0.0,1.0,1.0,1.0,0.0,0.0,1.0,6.0,10.0,4.0,6.0,0.0,1.0,0.0,0.0,1.0,5.0,1.0,1.0,1.0,0.0,1.0,0.0,1.0,0.0,carpet,high,new,raisina residency,gurgaon,5.0
269.88,4.0,5.0,3.0,1.0,sector 72,10.0,1.0,0.0,0.0,0.0,0.0,1.0,0.0,1.0,0.0,0.0,1.0,0.0,0.0,1.0,0.0,0.0,0.0,0.0,0.0,6.0,10.0,4.0,6.0,0.0,1.0,0.0,0.0,1.0,5.0,1.0,1.0,1.0,0.0,1.0,0.0,1.0,0.0,super built up,high,new,tata primanti,gurgaon,4.0
50.5,2.0,2.0,2.0,0.0,sector 93,8.0,0.0,0.0,0.0,1.0,0.0,0.0,0.0,1.0,1.0,0.0,0.0,0.0,0.0,0.0,0.0,0.0,0.0,0.0,0.0,6.0,10.0,4.0,6.0,0.0,1.0,0.0,0.0,1.0,5.0,1.0,1.0,1.0,0.0,1.0,0.0,1.0,0.0,carpet,mid,new,signature global orchard avenue,gurgaon,0.36
643.45,4.0,4.0,3.0,1.0,sector 81,9.0,0.0,0.0,0.0,1.0,0.0,0.0,0.0,1.0,0.0,0.0,0.0,1.0,0.0,0.0,0.0,0.0,0.0,0.0,0.0,6.0,10.0,4.0,6.0,0.0,1.0,0.0,0.0,1.0,5.0,1.0,1.0,1.0,0.0,1.0,0.0,1.0,0.0,super built up,high,new,bestech park view grand spa,gurgaon,4.7
126.35,2.0,2.0,2.0,0.0,sector 81,9.0,0.0,0.0,0.0,1.0,0.0,0.0,0.0,1.0,0.0,0.0,1.0,1.0,0.0,0.0,0.0,0.0,0.0,0.0,0.0,6.0,10.0,4.0,6.0,0.0,1.0,0.0,0.0,1.0,5.0,1.0,1.0,1.0,0.0,1.0,0.0,1.0,0.0,super built up,low,new,bestech park view ananda,gurgaon,0.95
55.27,2.0,2.0,2.0,0.0,sector 93,8.0,0.0,0.0,0.0,1.0,0.0,0.0,0.0,1.0,1.0,0.0,0.0,0.0,0.0,0.0,0.0,0.0,0.0,0.0,0.0,6.0,10.0,4.0,6.0,0.0,1.0,0.0,0.0,1.0,5.0,1.0,1.0,1.0,0.0,1.0,0.0,1.0,0.0,carpet,mid,new,signature global orchard avenue,gurgaon,0.38
161.19,3.0,3.0,3.0,1.0,sector 83,10.0,0.0,0.0,0.0,1.0,0.0,0.0,0.0,1.0,1.0,0.0,1.0,1.0,0.0,0.0,0.0,0.0,0.0,0.0,0.0,6.0,10.0,4.0,6.0,0.0,1.0,0.0,0.0,1.0,5.0,1.0,1.0,1.0,0.0,1.0,0.0,1.0,0.0,super built up,high,new,vatika gurgaon 21,gurgaon,1.1
185.34,3.0,4.0,3.0,1.0,sector 92,11.0,1.0,0.0,0.0,1.0,0.0,1.0,0.0,1.0,1.0,0.0,0.0,1.0,0.0,1.0,0.0,0.0,0.0,0.0,0.0,6.0,10.0,4.0,6.0,0.0,1.0,0.0,0.0,1.0,5.0,1.0,1.0,1.0,0.0,1.0,0.0,1.0,0.0,super built up,high,new,bestech park view sanskruti,gurgaon,1.55
185.34,3.0,3.0,3.0,1.0,sector 92,11.0,1.0,0.0,0.0,1.0,0.0,1.0,0.0,1.0,1.0,0.0,0.0,1.0,0.0,1.0,0.0,0.0,0.0,0.0,0.0,6.0,10.0,4.0,6.0,0.0,1.0,0.0,0.0,1.0,5.0,1.0,1.0,1.0,0.0,1.0,0.0,1.0,0.0,super built up,high,new,bestech park view sanskruti,gurgaon,1.55
229.94,4.0,5.0,3.0,1.0,sector 92,11.0,1.0,0.0,0.0,1.0,0.0,1.0,0.0,1.0,1.0,0.0,0.0,1.0,0.0,1.0,0.0,0.0,0.0,0.0,0.0,6.0,10.0,4.0,6.0,0.0,1.0,0.0,0.0,1.0,5.0,1.0,1.0,1.0,0.0,1.0,0.0,1.0,0.0,super built up,high,new,bestech park view sanskruti,gurgaon,2.0
195.1,3.0,4.0,3.0,1.0,sector 81,9.0,1.0,0.0,0.0,0.0,0.0,0.0,0.0,1.0,1.0,0.0,1.0,0.0,0.0,0.0,0.0,0.0,0.0,0.0,0.0,6.0,10.0,4.0,6.0,0.0,1.0,0.0,0.0,1.0,5.0,1.0,1.0,1.0,0.0,1.0,0.0,1.0,0.0,super built up,high,new,dlf the ultima,gurgaon,2.3
261.24,4.0,5.0,3.0,0.0,sector 85,13.0,1.0,0.0,0.0,1.0,0.0,1.0,0.0,1.0,1.0,0.0,0.0,1.0,0.0,1.0,0.0,0.0,0.0,1.0,0.0,6.0,10.0,4.0,6.0,0.0,1.0,0.0,0.0,1.0,5.0,1.0,1.0,1.0,0.0,1.0,0.0,1.0,0.0,super built up,high,new,ss the leaf,gurgaon,2.1
265.7,3.0,3.0,1.0,0.0,sector 83,10.0,1.0,0.0,0.0,1.0,0.0,1.0,0.0,1.0,1.0,0.0,0.0,0.0,0.0,0.0,0.0,0.0,0.0,0.0,0.0,6.0,10.0,4.0,6.0,0.0,1.0,0.0,0.0,1.0,5.0,1.0,1.0,1.0,0.0,1.0,0.0,1.0,0.0,super built up,mid,new,vatika lifestyle homes,gurgaon,1.3
58.81,2.0,2.0,1.0,0.0,sector 81,10.0,1.0,0.0,0.0,1.0,0.0,0.0,0.0,1.0,0.0,0.0,0.0,1.0,0.0,1.0,0.0,0.0,0.0,0.0,0.0,6.0,10.0,4.0,6.0,0.0,1.0,0.0,0.0,1.0,5.0,1.0,1.0,1.0,0.0,1.0,0.0,1.0,0.0,super built up,high,new,signature global synera,gurgaon,0.4
202.99,3.0,4.0,3.0,1.0,sector 72,10.0,1.0,0.0,0.0,0.0,0.0,1.0,0.0,1.0,0.0,0.0,1.0,0.0,0.0,1.0,0.0,0.0,0.0,0.0,0.0,6.0,10.0,4.0,6.0,0.0,1.0,0.0,0.0,1.0,5.0,1.0,1.0,1.0,0.0,1.0,0.0,1.0,0.0,super built up,high,new,tata primanti,gurgaon,3.3
120.77,2.0,2.0,2.0,1.0,sector 70,15.0,1.0,0.0,0.0,1.0,0.0,1.0,1.0,0.0,0.0,0.0,0.0,0.0,1.0,0.0,0.0,0.0,0.0,0.0,0.0,6.0,10.0,4.0,6.0,0.0,1.0,0.0,0.0,1.0,5.0,1.0,1.0,1.0,0.0,1.0,0.0,1.0,0.0,super built up,high,new,shree vardhman victoria,gurgaon,1.1
164.62,2.0,2.0,3.0,1.0,sector 85,13.0,1.0,0.0,0.0,1.0,0.0,1.0,0.0,1.0,1.0,0.0,0.0,1.0,0.0,1.0,0.0,0.0,0.0,1.0,0.0,6.0,10.0,4.0,6.0,0.0,1.0,0.0,0.0,1.0,5.0,1.0,1.0,1.0,0.0,1.0,0.0,1.0,0.0,super built up,high,new,ss the leaf,gurgaon,1.2
261.24,4.0,5.0,3.0,1.0,sector 85,13.0,1.0,0.0,0.0,1.0,0.0,1.0,0.0,1.0,1.0,0.0,0.0,1.0,0.0,1.0,0.0,0.0,0.0,1.0,0.0,6.0,10.0,4.0,6.0,0.0,1.0,0.0,0.0,1.0,5.0,1.0,1.0,1.0,0.0,1.0,0.0,1.0,0.0,super built up,mid,new,ss the leaf,gurgaon,2.15
223.71,3.0,4.0,3.0,1.0,sector 85,13.0,1.0,0.0,0.0,1.0,0.0,1.0,0.0,1.0,1.0,0.0,0.0,1.0,0.0,1.0,0.0,0.0,0.0,1.0,0.0,6.0,10.0,4.0,6.0,0.0,1.0,0.0,0.0,1.0,5.0,1.0,1.0,1.0,0.0,1.0,0.0,1.0,0.0,super built up,mid,new,ss the leaf,gurgaon,2.0
223.71,3.0,4.0,3.0,1.0,sector 85,13.0,1.0,0.0,0.0,1.0,0.0,1.0,0.0,1.0,1.0,0.0,0.0,1.0,0.0,1.0,0.0,0.0,0.0,1.0,0.0,6.0,10.0,4.0,6.0,0.0,1.0,0.0,0.0,1.0,5.0,1.0,1.0,1.0,0.0,1.0,0.0,1.0,0.0,super built up,mid,new,ss the leaf,gurgaon,2.1
152.36,2.0,2.0,3.0,1.0,sector 85,13.0,1.0,0.0,0.0,1.0,0.0,1.0,0.0,1.0,1.0,0.0,0.0,1.0,0.0,1.0,0.0,0.0,0.0,1.0,0.0,6.0,10.0,4.0,6.0,0.0,1.0,0.0,0.0,1.0,5.0,1.0,1.0,1.0,0.0,1.0,0.0,1.0,0.0,super built up,low,new,ss the leaf,gurgaon,1.2
155.24,2.0,2.0,3.0,1.0,sector 85,13.0,1.0,0.0,0.0,1.0,0.0,1.0,0.0,1.0,1.0,0.0,0.0,1.0,0.0,1.0,0.0,0.0,0.0,1.0,0.0,6.0,10.0,4.0,6.0,0.0,1.0,0.0,0.0,1.0,5.0,1.0,1.0,1.0,0.0,1.0,0.0,1.0,0.0,super built up,high,new,ss the leaf,gurgaon,1.3
164.62,2.0,2.0,3.0,1.0,sector 85,13.0,1.0,0.0,0.0,1.0,0.0,1.0,0.0,1.0,1.0,0.0,0.0,1.0,0.0,1.0,0.0,0.0,0.0,1.0,0.0,6.0,10.0,4.0,6.0,0.0,1.0,0.0,0.0,1.0,5.0,1.0,1.0,1.0,0.0,1.0,0.0,1.0,0.0,super built up,high,new,ss the leaf,gurgaon,1.3
152.36,2.0,2.0,3.0,1.0,sector 85,13.0,1.0,0.0,0.0,1.0,0.0,1.0,0.0,1.0,1.0,0.0,0.0,1.0,0.0,1.0,0.0,0.0,0.0,1.0,0.0,6.0,10.0,4.0,6.0,0.0,1.0,0.0,0.0,1.0,5.0,1.0,1.0,1.0,0.0,1.0,0.0,1.0,0.0,super built up,high,new,ss the leaf,gurgaon,1.2
161.74,2.0,2.0,3.0,1.0,sector 85,13.0,1.0,0.0,0.0,1.0,0.0,1.0,0.0,1.0,1.0,0.0,0.0,1.0,0.0,1.0,0.0,0.0,0.0,1.0,0.0,6.0,10.0,4.0,6.0,0.0,1.0,0.0,0.0,1.0,5.0,1.0,1.0,1.0,0.0,1.0,0.0,1.0,0.0,super built up,low,new,ss the leaf,gurgaon,1.1
161.74,2.0,2.0,3.0,1.0,sector 85,13.0,1.0,0.0,0.0,1.0,0.0,1.0,0.0,1.0,1.0,0.0,0.0,1.0,0.0,1.0,0.0,0.0,0.0,1.0,0.0,6.0,10.0,4.0,6.0,0.0,1.0,0.0,0.0,1.0,5.0,1.0,1.0,1.0,0.0,1.0,0.0,1.0,0.0,super built up,high,new,ss the leaf,gurgaon,1.25
152.36,2.0,2.0,3.0,1.0,sector 85,13.0,1.0,0.0,0.0,1.0,0.0,1.0,0.0,1.0,1.0,0.0,0.0,1.0,0.0,1.0,0.0,0.0,0.0,1.0,0.0,6.0,10.0,4.0,6.0,0.0,1.0,0.0,0.0,1.0,5.0,1.0,1.0,1.0,0.0,1.0,0.0,1.0,0.0,super built up,high,new,ss the leaf,gurgaon,1.15
158.49,3.0,4.0,3.0,1.0,sector 70,11.0,1.0,0.0,0.0,1.0,0.0,1.0,0.0,1.0,1.0,0.0,0.0,0.0,0.0,1.0,0.0,0.0,0.0,0.0,0.0,6.0,10.0,4.0,6.0,0.0,1.0,0.0,0.0,1.0,5.0,1.0,1.0,1.0,0.0,1.0,0.0,1.0,0.0,built up,high,new,aipl zen residences,gurgaon,1.75
181.16,3.0,5.0,3.0,1.0,sector 70,15.0,1.0,0.0,0.0,1.0,0.0,1.0,1.0,0.0,0.0,0.0,0.0,0.0,1.0,0.0,0.0,0.0,0.0,0.0,0.0,6.0,10.0,4.0,6.0,0.0,1.0,0.0,0.0,1.0,5.0,1.0,1.0,1.0,0.0,1.0,0.0,1.0,0.0,super built up,mid,new,shree vardhman victoria,gurgaon,1.65
227.61,4.0,4.0,3.0,1.0,sector 104,13.0,1.0,0.0,0.0,1.0,0.0,1.0,0.0,1.0,1.0,1.0,1.0,1.0,0.0,1.0,0.0,0.0,0.0,0.0,0.0,6.0,10.0,4.0,6.0,0.0,1.0,0.0,0.0,1.0,5.0,1.0,1.0,1.0,0.0,1.0,0.0,1.0,0.0,super built up,mid,new,puri emerald bay,gurgaon,2.55
269.88,4.0,4.0,3.0,1.0,sector 72,10.0,1.0,0.0,0.0,0.0,0.0,1.0,0.0,1.0,0.0,0.0,1.0,0.0,0.0,1.0,0.0,0.0,0.0,0.0,0.0,6.0,10.0,4.0,6.0,0.0,1.0,0.0,0.0,1.0,5.0,1.0,1.0,1.0,0.0,1.0,0.0,1.0,0.0,super built up,high,new,tata primanti,gurgaon,3.9
115.66,2.0,2.0,3.0,0.0,sector 68,10.0,1.0,0.0,0.0,1.0,0.0,1.0,0.0,1.0,1.0,0.0,0.0,0.0,0.0,1.0,0.0,0.0,1.0,0.0,0.0,6.0,10.0,4.0,6.0,0.0,1.0,0.0,0.0,1.0,5.0,1.0,1.0,1.0,0.0,1.0,0.0,1.0,0.0,super built up,low,new,m3m sierra 68,gurgaon,1.08
181.16,3.0,3.0,3.0,0.0,sector 68,8.0,1.0,0.0,0.0,1.0,0.0,1.0,0.0,1.0,0.0,0.0,0.0,0.0,0.0,0.0,0.0,0.0,0.0,0.0,0.0,6.0,10.0,4.0,6.0,0.0,1.0,0.0,0.0,1.0,5.0,1.0,1.0,1.0,0.0,1.0,0.0,1.0,0.0,super built up,high,new,m3m ikonic,gurgaon,1.8
115.66,2.0,2.0,3.0,0.0,sector 68,10.0,1.0,0.0,0.0,1.0,0.0,1.0,0.0,1.0,1.0,0.0,0.0,0.0,0.0,1.0,0.0,0.0,1.0,0.0,0.0,6.0,10.0,4.0,6.0,0.0,1.0,0.0,0.0,1.0,5.0,1.0,1.0,1.0,0.0,1.0,0.0,1.0,0.0,super built up,high,new,m3m sierra 68,gurgaon,1.13
181.16,3.0,3.0,3.0,0.0,sector 68,8.0,1.0,0.0,0.0,1.0,0.0,1.0,0.0,1.0,0.0,0.0,0.0,0.0,0.0,0.0,0.0,0.0,0.0,0.0,0.0,6.0,10.0,4.0,6.0,0.0,1.0,0.0,0.0,1.0,5.0,1.0,1.0,1.0,0.0,1.0,0.0,1.0,0.0,super built up,high,new,m3m ikonic,gurgaon,1.78
113.71,2.0,2.0,3.0,0.0,sector 68,10.0,1.0,0.0,0.0,1.0,0.0,1.0,0.0,1.0,1.0,0.0,0.0,0.0,0.0,1.0,0.0,0.0,1.0,0.0,0.0,6.0,10.0,4.0,6.0,0.0,1.0,0.0,0.0,1.0,5.0,1.0,1.0,1.0,0.0,1.0,0.0,1.0,0.0,super built up,low,new,m3m sierra 68,gurgaon,1.1
199.74,3.0,3.0,3.0,1.0,sector 70,11.0,1.0,0.0,0.0,1.0,0.0,1.0,0.0,1.0,1.0,0.0,0.0,0.0,0.0,0.0,0.0,0.0,0.0,0.0,0.0,6.0,10.0,4.0,6.0,0.0,1.0,0.0,0.0,1.0,5.0,1.0,1.0,1.0,0.0,1.0,0.0,1.0,0.0,super built up,high,new,aipl the peaceful homes,gurgaon,2.5
223.71,3.0,4.0,3.0,1.0,sector 85,13.0,1.0,0.0,0.0,1.0,0.0,1.0,0.0,1.0,1.0,0.0,0.0,1.0,0.0,1.0,0.0,0.0,0.0,1.0,0.0,6.0,10.0,4.0,6.0,0.0,1.0,0.0,0.0,1.0,5.0,1.0,1.0,1.0,0.0,1.0,0.0,1.0,0.0,super built up,high,new,ss the leaf,gurgaon,1.84
155.24,2.0,3.0,3.0,1.0,sector 85,13.0,1.0,0.0,0.0,1.0,0.0,1.0,0.0,1.0,1.0,0.0,0.0,1.0,0.0,1.0,0.0,0.0,0.0,1.0,0.0,6.0,10.0,4.0,6.0,0.0,1.0,0.0,0.0,1.0,5.0,1.0,1.0,1.0,0.0,1.0,0.0,1.0,0.0,super built up,high,new,ss the leaf,gurgaon,1.18
181.16,3.0,3.0,3.0,1.0,sector 70,15.0,1.0,0.0,0.0,1.0,0.0,1.0,1.0,0.0,0.0,0.0,0.0,0.0,1.0,0.0,0.0,0.0,0.0,0.0,0.0,6.0,10.0,4.0,6.0,0.0,1.0,0.0,0.0,1.0,5.0,1.0,1.0,1.0,0.0,1.0,0.0,1.0,0.0,super built up,mid,new,shree vardhman victoria,gurgaon,1.63
297.1,4.0,5.0,3.0,1.0,sector 102,11.0,1.0,0.0,0.0,1.0,0.0,1.0,0.0,1.0,1.0,0.0,0.0,1.0,0.0,1.0,0.0,0.0,0.0,0.0,0.0,6.0,10.0,4.0,6.0,0.0,1.0,0.0,0.0,1.0,5.0,1.0,1.0,1.0,0.0,1.0,0.0,1.0,0.0,super built up,mid,new,adani m2k oyster grande,gurgaon,2.5
219.34,3.0,4.0,3.0,1.0,sector 107,6.0,0.0,0.0,0.0,0.0,0.0,0.0,0.0,1.0,1.0,0.0,0.0,0.0,0.0,0.0,0.0,0.0,0.0,0.0,0.0,6.0,10.0,4.0,6.0,0.0,1.0,0.0,0.0,1.0,5.0,1.0,1.0,1.0,0.0,1.0,0.0,1.0,0.0,super built up,mid,new,m3m woodshire,gurgaon,1.45
163.32,3.0,3.0,3.0,1.0,sector 108,9.0,1.0,0.0,0.0,1.0,0.0,1.0,0.0,1.0,1.0,0.0,0.0,1.0,0.0,0.0,0.0,0.0,0.0,0.0,0.0,6.0,10.0,4.0,6.0,0.0,1.0,0.0,0.0,1.0,5.0,1.0,1.0,1.0,0.0,1.0,0.0,1.0,0.0,super built up,high,new,experion the heartsong,gurgaon,1.2
186.08,3.0,4.0,3.0,1.0,sector 108,9.0,1.0,0.0,0.0,1.0,0.0,1.0,0.0,1.0,1.0,0.0,0.0,1.0,0.0,0.0,0.0,0.0,0.0,0.0,0.0,6.0,10.0,4.0,6.0,0.0,1.0,0.0,0.0,1.0,5.0,1.0,1.0,1.0,0.0,1.0,0.0,1.0,0.0,super built up,low,new,experion the heartsong,gurgaon,1.6
48.59,2.0,2.0,2.0,0.0,sector 67,11.0,0.0,0.0,0.0,1.0,0.0,1.0,0.0,1.0,0.0,0.0,0.0,0.0,1.0,0.0,0.0,0.0,0.0,0.0,0.0,6.0,10.0,4.0,6.0,0.0,1.0,0.0,0.0,1.0,5.0,1.0,1.0,1.0,0.0,1.0,0.0,1.0,0.0,carpet,low,new,pyramid urban,gurgaon,0.62
48.59,2.0,2.0,2.0,0.0,sector 67,11.0,0.0,0.0,0.0,1.0,0.0,1.0,0.0,1.0,0.0,0.0,0.0,0.0,1.0,0.0,0.0,0.0,0.0,0.0,0.0,6.0,10.0,4.0,6.0,0.0,1.0,0.0,0.0,1.0,5.0,1.0,1.0,1.0,0.0,1.0,0.0,1.0,0.0,carpet,low,new,pyramid urban,gurgaon,0.55
189.99,3.0,4.0,3.0,1.0,sector 60,7.0,1.0,0.0,0.0,0.0,0.0,1.0,0.0,1.0,1.0,0.0,1.0,0.0,0.0,0.0,0.0,0.0,0.0,0.0,0.0,6.0,10.0,4.0,6.0,0.0,1.0,0.0,0.0,1.0,5.0,1.0,1.0,1.0,0.0,1.0,0.0,1.0,0.0,super built up,mid,new,ireo skyon,gurgaon,2.85
152.36,2.0,2.0,2.0,1.0,sector 85,13.0,1.0,0.0,0.0,1.0,0.0,1.0,0.0,1.0,1.0,0.0,0.0,1.0,0.0,1.0,0.0,0.0,0.0,1.0,0.0,6.0,10.0,4.0,6.0,0.0,1.0,0.0,0.0,1.0,5.0,1.0,1.0,1.0,0.0,1.0,0.0,1.0,0.0,carpet,mid,new,ss the leaf,gurgaon,1.31
261.24,4.0,5.0,3.0,1.0,sector 85,13.0,1.0,0.0,0.0,1.0,0.0,1.0,0.0,1.0,1.0,0.0,0.0,1.0,0.0,1.0,0.0,0.0,0.0,1.0,0.0,6.0,10.0,4.0,6.0,0.0,1.0,0.0,0.0,1.0,5.0,1.0,1.0,1.0,0.0,1.0,0.0,1.0,0.0,super built up,mid,new,ss the leaf,gurgaon,2.2
260.31,3.0,3.0,2.0,1.0,sector 112,8.0,1.0,0.0,0.0,0.0,0.0,1.0,0.0,1.0,1.0,1.0,0.0,1.0,0.0,0.0,0.0,0.0,0.0,0.0,0.0,6.0,10.0,4.0,6.0,0.0,1.0,0.0,0.0,1.0,5.0,1.0,1.0,1.0,0.0,1.0,0.0,1.0,0.0,super built up,low,new,experion windchants,gurgaon,3.0
179.3,3.0,3.0,3.0,1.0,sector 86,15.0,1.0,0.0,0.0,0.0,0.0,0.0,1.0,1.0,1.0,0.0,0.0,0.0,0.0,0.0,0.0,0.0,0.0,0.0,0.0,6.0,10.0,4.0,6.0,0.0,1.0,0.0,0.0,1.0,5.0,1.0,1.0,1.0,0.0,1.0,0.0,1.0,0.0,super built up,high,new,dlf new town heights 2,gurgaon,1.3
239.6,3.0,4.0,3.0,1.0,sector 102,11.0,1.0,0.0,0.0,1.0,0.0,1.0,0.0,1.0,1.0,0.0,0.0,1.0,0.0,1.0,0.0,0.0,0.0,0.0,0.0,6.0,10.0,4.0,6.0,0.0,1.0,0.0,0.0,1.0,5.0,1.0,1.0,1.0,0.0,1.0,0.0,1.0,0.0,super built up,high,new,adani m2k oyster grande,gurgaon,1.95
119.19,2.0,3.0,3.0,1.0,sector 108,9.0,1.0,0.0,0.0,1.0,0.0,1.0,0.0,1.0,1.0,0.0,0.0,1.0,0.0,0.0,0.0,0.0,0.0,0.0,0.0,6.0,10.0,4.0,6.0,0.0,1.0,0.0,0.0,1.0,5.0,1.0,1.0,1.0,0.0,1.0,0.0,1.0,0.0,super built up,low,new,experion the heartsong,gurgaon,0.9
180.51,3.0,3.0,3.0,0.0,sector 107,6.0,0.0,0.0,0.0,0.0,0.0,0.0,0.0,1.0,1.0,0.0,0.0,0.0,0.0,0.0,0.0,0.0,0.0,0.0,0.0,6.0,10.0,4.0,6.0,0.0,1.0,0.0,0.0,1.0,5.0,1.0,1.0,1.0,0.0,1.0,0.0,1.0,0.0,super built up,mid,new,m3m woodshire,gurgaon,1.2
50.91,2.0,2.0,1.0,0.0,sector 107,10.0,0.0,0.0,0.0,1.0,0.0,0.0,0.0,1.0,0.0,0.0,0.0,1.0,0.0,0.0,0.0,0.0,0.0,0.0,0.0,6.0,10.0,4.0,6.0,0.0,1.0,0.0,0.0,1.0,5.0,1.0,1.0,1.0,0.0,1.0,0.0,1.0,0.0,super built up,high,new,signature global solera,gurgaon,0.36
50.91,2.0,2.0,1.0,0.0,sector 107,10.0,0.0,0.0,0.0,1.0,0.0,0.0,0.0,1.0,0.0,0.0,0.0,1.0,0.0,0.0,0.0,0.0,0.0,0.0,0.0,6.0,10.0,4.0,6.0,0.0,1.0,0.0,0.0,1.0,5.0,1.0,1.0,1.0,0.0,1.0,0.0,1.0,0.0,super built up,high,new,signature global solera,gurgaon,0.37
97.55,3.0,2.0,2.0,1.0,sector 107,10.0,0.0,0.0,0.0,1.0,0.0,0.0,0.0,1.0,0.0,0.0,0.0,1.0,0.0,0.0,0.0,0.0,0.0,0.0,0.0,6.0,10.0,4.0,6.0,0.0,1.0,0.0,0.0,1.0,5.0,1.0,1.0,1.0,0.0,1.0,0.0,1.0,0.0,super built up,mid,new,signature global solera,gurgaon,0.5
483.1,4.0,5.0,3.0,1.0,sector 43,48.0,1.0,0.0,0.0,0.0,0.0,0.0,1.0,0.0,0.0,0.0,1.0,0.0,0.0,0.0,1.0,1.0,0.0,0.0,1.0,6.0,10.0,4.0,6.0,0.0,1.0,0.0,0.0,1.0,5.0,1.0,1.0,1.0,0.0,1.0,0.0,1.0,0.0,super built up,high,old,beverley park 1,gurgaon,8.44
166.3,3.0,3.0,2.0,1.0,sector 82,10.0,0.0,0.0,0.0,1.0,0.0,0.0,0.0,1.0,0.0,0.0,0.0,0.0,0.0,0.0,0.0,0.0,0.0,0.0,0.0,6.0,10.0,4.0,6.0,0.0,1.0,0.0,0.0,1.0,5.0,1.0,1.0,1.0,0.0,1.0,0.0,1.0,0.0,super built up,high,new,mapsko royale ville,gurgaon,1.12
166.3,3.0,4.0,2.0,1.0,sector 82,10.0,0.0,0.0,0.0,1.0,0.0,0.0,0.0,1.0,0.0,0.0,0.0,0.0,0.0,0.0,0.0,0.0,0.0,0.0,0.0,6.0,10.0,4.0,6.0,0.0,1.0,0.0,0.0,1.0,5.0,1.0,1.0,1.0,0.0,1.0,0.0,1.0,0.0,super built up,mid,new,mapsko royale ville,gurgaon,1.12
55.74,2.0,2.0,2.0,0.0,sector 81,10.0,1.0,0.0,0.0,1.0,0.0,0.0,0.0,1.0,0.0,0.0,0.0,1.0,0.0,1.0,0.0,0.0,0.0,0.0,0.0,6.0,10.0,4.0,6.0,0.0,1.0,0.0,0.0,1.0,5.0,1.0,1.0,1.0,0.0,1.0,0.0,1.0,0.0,carpet,mid,new,signature global synera,gurgaon,0.39
37.16,1.0,1.0,2.0,0.0,sector 81,10.0,1.0,0.0,0.0,1.0,0.0,0.0,0.0,1.0,0.0,0.0,0.0,1.0,0.0,1.0,0.0,0.0,0.0,0.0,0.0,6.0,10.0,4.0,6.0,0.0,1.0,0.0,0.0,1.0,5.0,1.0,1.0,1.0,0.0,1.0,0.0,1.0,0.0,carpet,low,new,signature global synera,gurgaon,0.38
181.16,3.0,3.0,2.0,1.0,sector 70,15.0,1.0,0.0,0.0,1.0,0.0,1.0,1.0,0.0,0.0,0.0,0.0,0.0,1.0,0.0,0.0,0.0,0.0,0.0,0.0,6.0,10.0,4.0,6.0,0.0,1.0,0.0,0.0,1.0,5.0,1.0,1.0,1.0,0.0,1.0,0.0,1.0,0.0,carpet,mid,new,shree vardhman victoria,gurgaon,1.65
125.42,2.0,2.0,2.0,1.0,sector 70,15.0,1.0,0.0,0.0,1.0,0.0,1.0,1.0,0.0,0.0,0.0,0.0,0.0,1.0,0.0,0.0,0.0,0.0,0.0,0.0,6.0,10.0,4.0,6.0,0.0,1.0,0.0,0.0,1.0,5.0,1.0,1.0,1.0,0.0,1.0,0.0,1.0,0.0,carpet,mid,new,shree vardhman victoria,gurgaon,1.15
141.58,2.0,3.0,2.0,1.0,sector 60,7.0,1.0,0.0,0.0,0.0,0.0,1.0,0.0,1.0,1.0,0.0,1.0,0.0,0.0,0.0,0.0,0.0,0.0,0.0,0.0,6.0,10.0,4.0,6.0,0.0,1.0,0.0,0.0,1.0,5.0,1.0,1.0,1.0,0.0,1.0,0.0,1.0,0.0,super built up,mid,new,ireo skyon,gurgaon,2.15
222.97,4.0,5.0,3.0,1.0,sector 70,10.0,1.0,0.0,0.0,1.0,0.0,1.0,0.0,1.0,1.0,0.0,0.0,0.0,0.0,1.0,0.0,0.0,0.0,0.0,0.0,6.0,10.0,4.0,6.0,0.0,1.0,0.0,0.0,1.0,5.0,1.0,1.0,1.0,0.0,1.0,0.0,1.0,0.0,super built up,mid,old,tulip ivory,gurgaon,2.1
222.97,4.0,5.0,3.0,1.0,sector 70,10.0,1.0,0.0,0.0,1.0,0.0,1.0,0.0,1.0,1.0,0.0,0.0,0.0,0.0,1.0,0.0,0.0,0.0,0.0,0.0,6.0,10.0,4.0,6.0,0.0,1.0,0.0,0.0,1.0,5.0,1.0,1.0,1.0,0.0,1.0,0.0,1.0,0.0,super built up,mid,old,tulip ivory,gurgaon,2.0
167.69,3.0,3.0,3.0,1.0,sector 49,13.0,1.0,0.0,0.0,1.0,0.0,0.0,1.0,1.0,0.0,0.0,0.0,0.0,0.0,1.0,1.0,0.0,0.0,0.0,0.0,6.0,10.0,4.0,6.0,0.0,1.0,0.0,0.0,1.0,5.0,1.0,1.0,1.0,0.0,1.0,0.0,1.0,0.0,carpet,high,old,orchid petals,gurgaon,1.9
209.03,3.0,3.0,3.0,1.0,sector 54,44.0,1.0,0.0,0.0,0.0,1.0,1.0,1.0,0.0,0.0,0.0,1.0,0.0,1.0,0.0,1.0,1.0,0.0,0.0,1.0,6.0,10.0,4.0,6.0,0.0,1.0,0.0,0.0,1.0,5.0,1.0,1.0,1.0,0.0,1.0,0.0,1.0,0.0,built up,low,old,new sathi apartments,gurgaon,1.59
176.52,3.0,3.0,3.0,0.0,sector 56,43.0,1.0,0.0,0.0,0.0,1.0,1.0,1.0,1.0,0.0,0.0,1.0,0.0,1.0,0.0,1.0,1.0,0.0,0.0,1.0,6.0,10.0,4.0,6.0,0.0,1.0,0.0,0.0,1.0,5.0,1.0,1.0,1.0,0.0,1.0,0.0,1.0,0.0,super built up,low,old,kanchanjanga tower,gurgaon,1.45
178.37,3.0,3.0,3.0,1.0,sector 56,44.0,1.0,0.0,0.0,0.0,1.0,1.0,1.0,0.0,0.0,0.0,1.0,0.0,1.0,0.0,1.0,1.0,0.0,0.0,1.0,6.0,10.0,4.0,6.0,0.0,1.0,0.0,0.0,1.0,5.0,1.0,1.0,1.0,0.0,1.0,0.0,1.0,0.0,super built up,mid,old,guru gram haryana cghs,gurgaon,1.39
268.95,3.0,4.0,3.0,1.0,sector 53,15.0,0.0,0.0,0.0,1.0,0.0,1.0,0.0,1.0,1.0,0.0,1.0,0.0,0.0,0.0,0.0,0.0,1.0,0.0,0.0,6.0,10.0,4.0,6.0,0.0,1.0,0.0,0.0,1.0,5.0,1.0,1.0,1.0,0.0,1.0,0.0,1.0,0.0,super built up,high,new,parsvnath exotica,gurgaon,5.0
218.79,3.0,3.0,3.0,1.0,sector 56,46.0,1.0,0.0,0.0,0.0,1.0,1.0,1.0,0.0,0.0,0.0,1.0,0.0,1.0,0.0,1.0,1.0,0.0,0.0,1.0,6.0,10.0,4.0,6.0,0.0,1.0,0.0,0.0,1.0,5.0,1.0,1.0,1.0,0.0,1.0,0.0,1.0,0.0,super built up,mid,old,sukhshanti apartment,gurgaon,1.65
160.44,3.0,3.0,2.0,1.0,sector 67,12.0,0.0,0.0,0.0,1.0,0.0,1.0,0.0,1.0,1.0,0.0,1.0,0.0,0.0,1.0,0.0,0.0,0.0,0.0,0.0,6.0,10.0,4.0,6.0,0.0,1.0,0.0,0.0,1.0,5.0,1.0,1.0,1.0,0.0,1.0,0.0,1.0,0.0,super built up,low,new,ireo the corridors,gurgaon,1.6
177.44,3.0,3.0,3.0,1.0,sector 56,44.0,1.0,0.0,0.0,0.0,1.0,1.0,1.0,1.0,0.0,0.0,0.0,0.0,1.0,0.0,1.0,0.0,1.0,0.0,1.0,6.0,10.0,4.0,6.0,0.0,1.0,0.0,0.0,1.0,5.0,1.0,1.0,1.0,0.0,1.0,0.0,1.0,0.0,built up,mid,old,guru gram haryana cghs,gurgaon,1.38
178.47,3.0,3.0,2.0,1.0,sector 67,12.0,0.0,0.0,0.0,1.0,0.0,1.0,0.0,1.0,1.0,0.0,1.0,0.0,0.0,1.0,0.0,0.0,0.0,0.0,0.0,6.0,10.0,4.0,6.0,0.0,1.0,0.0,0.0,1.0,5.0,1.0,1.0,1.0,0.0,1.0,0.0,1.0,0.0,super built up,low,new,ireo the corridors,gurgaon,1.8
160.44,3.0,3.0,2.0,1.0,sector 67,12.0,0.0,0.0,0.0,1.0,0.0,1.0,0.0,1.0,1.0,0.0,1.0,0.0,0.0,1.0,0.0,0.0,0.0,0.0,0.0,6.0,10.0,4.0,6.0,0.0,1.0,0.0,0.0,1.0,5.0,1.0,1.0,1.0,0.0,1.0,0.0,1.0,0.0,super built up,mid,new,ireo the corridors,gurgaon,1.62
209.03,3.0,5.0,3.0,1.0,sector 56,45.0,1.0,0.0,0.0,0.0,1.0,1.0,1.0,1.0,0.0,0.0,1.0,0.0,1.0,0.0,1.0,1.0,0.0,0.0,1.0,6.0,10.0,4.0,6.0,0.0,1.0,0.0,0.0,1.0,5.0,1.0,1.0,1.0,0.0,1.0,0.0,1.0,0.0,built up,mid,old,kiran residency,gurgaon,1.5
180.32,3.0,4.0,3.0,1.0,sector 67,12.0,0.0,0.0,0.0,1.0,0.0,1.0,0.0,1.0,1.0,0.0,1.0,0.0,0.0,1.0,0.0,0.0,0.0,0.0,0.0,6.0,10.0,4.0,6.0,0.0,1.0,0.0,0.0,1.0,5.0,1.0,1.0,1.0,0.0,1.0,0.0,1.0,0.0,built up,mid,new,ireo the corridors,gurgaon,1.85
178.47,3.0,3.0,3.0,1.0,sector 67,12.0,0.0,0.0,0.0,1.0,0.0,1.0,0.0,1.0,1.0,0.0,1.0,0.0,0.0,1.0,0.0,0.0,0.0,0.0,0.0,6.0,10.0,4.0,6.0,0.0,1.0,0.0,0.0,1.0,5.0,1.0,1.0,1.0,0.0,1.0,0.0,1.0,0.0,super built up,mid,new,ireo the corridors,gurgaon,1.8
203.55,4.0,3.0,3.0,1.0,sector 37,11.0,1.0,0.0,0.0,1.0,0.0,1.0,0.0,1.0,1.0,0.0,0.0,1.0,0.0,1.0,0.0,0.0,0.0,0.0,0.0,6.0,10.0,4.0,6.0,0.0,1.0,0.0,0.0,1.0,5.0,1.0,1.0,1.0,0.0,1.0,0.0,1.0,0.0,super built up,high,new,bptp terra,gurgaon,1.8
181.16,3.0,3.0,3.0,1.0,sector 70,15.0,1.0,0.0,0.0,1.0,0.0,1.0,1.0,0.0,0.0,0.0,0.0,0.0,1.0,0.0,0.0,0.0,0.0,0.0,0.0,6.0,10.0,4.0,6.0,0.0,1.0,0.0,0.0,1.0,5.0,1.0,1.0,1.0,0.0,1.0,0.0,1.0,0.0,super built up,high,new,shree vardhman victoria,gurgaon,1.62
203.55,4.0,3.0,3.0,1.0,sector 37,11.0,1.0,0.0,0.0,1.0,0.0,1.0,0.0,1.0,1.0,0.0,0.0,1.0,0.0,1.0,0.0,0.0,0.0,0.0,0.0,6.0,10.0,4.0,6.0,0.0,1.0,0.0,0.0,1.0,5.0,1.0,1.0,1.0,0.0,1.0,0.0,1.0,0.0,super built up,high,new,bptp terra,gurgaon,1.78
168.25,3.0,3.0,3.0,0.0,sector 37,11.0,1.0,0.0,0.0,1.0,0.0,1.0,0.0,1.0,1.0,0.0,0.0,1.0,0.0,1.0,0.0,0.0,0.0,0.0,0.0,6.0,10.0,4.0,6.0,0.0,1.0,0.0,0.0,1.0,5.0,1.0,1.0,1.0,0.0,1.0,0.0,1.0,0.0,super built up,high,new,bptp terra,gurgaon,1.55
246.19,4.0,4.0,3.0,0.0,sector 43,44.0,1.0,0.0,0.0,0.0,1.0,0.0,1.0,1.0,0.0,0.0,1.0,0.0,1.0,0.0,1.0,0.0,0.0,0.0,1.0,6.0,10.0,4.0,6.0,0.0,1.0,0.0,0.0,1.0,5.0,1.0,1.0,1.0,0.0,1.0,0.0,1.0,0.0,super built up,low,new,millenium bajrang society,gurgaon,2.5
193.8,3.0,4.0,3.0,1.0,sector 47,42.0,1.0,0.0,0.0,0.0,0.0,1.0,1.0,0.0,0.0,0.0,0.0,0.0,0.0,0.0,0.0,0.0,0.0,0.0,0.0,6.0,10.0,4.0,6.0,0.0,1.0,0.0,0.0,1.0,5.0,1.0,1.0,1.0,0.0,1.0,0.0,1.0,0.0,super built up,high,old,unitech uniworld gardens,gurgaon,2.15
451.23,4.0,6.0,3.0,1.0,sector 112,8.0,1.0,0.0,0.0,0.0,0.0,1.0,0.0,1.0,1.0,1.0,0.0,1.0,0.0,0.0,0.0,0.0,0.0,0.0,0.0,6.0,10.0,4.0,6.0,0.0,1.0,0.0,0.0,1.0,5.0,1.0,1.0,1.0,0.0,1.0,0.0,1.0,0.0,super built up,high,old,experion windchants,gurgaon,5.6
134.71,3.0,4.0,3.0,1.0,sector 77,10.0,1.0,0.0,0.0,1.0,0.0,1.0,0.0,1.0,1.0,0.0,0.0,1.0,0.0,0.0,0.0,0.0,0.0,0.0,0.0,6.0,10.0,4.0,6.0,0.0,1.0,0.0,0.0,1.0,5.0,1.0,1.0,1.0,0.0,1.0,0.0,1.0,0.0,super built up,low,new,emaar mgf palm hills,gurgaon,1.25
192.96,3.0,4.0,3.0,1.0,sector 77,10.0,1.0,0.0,0.0,1.0,0.0,1.0,0.0,1.0,1.0,0.0,0.0,1.0,0.0,0.0,0.0,0.0,0.0,0.0,0.0,6.0,10.0,4.0,6.0,0.0,1.0,0.0,0.0,1.0,5.0,1.0,1.0,1.0,0.0,1.0,0.0,1.0,0.0,super built up,high,new,umang winter hills,gurgaon,1.1
249.44,3.0,3.0,2.0,1.0,sector 28,11.0,1.0,0.0,0.0,1.0,0.0,0.0,0.0,1.0,1.0,0.0,1.0,0.0,0.0,0.0,0.0,1.0,0.0,0.0,0.0,6.0,10.0,4.0,6.0,0.0,1.0,0.0,0.0,1.0,5.0,1.0,1.0,1.0,0.0,1.0,0.0,1.0,0.0,carpet,high,old,suncity platinum towers,gurgaon,6.0
292.64,4.0,3.0,2.0,1.0,sector 28,11.0,1.0,0.0,0.0,1.0,0.0,0.0,0.0,1.0,1.0,0.0,1.0,0.0,0.0,0.0,0.0,1.0,0.0,0.0,0.0,6.0,10.0,4.0,6.0,0.0,1.0,0.0,0.0,1.0,5.0,1.0,1.0,1.0,0.0,1.0,0.0,1.0,0.0,super built up,high,old,suncity platinum towers,gurgaon,7.0
929.03,4.0,4.0,3.0,1.0,sector 50,13.0,1.0,0.0,0.0,1.0,0.0,1.0,0.0,1.0,1.0,1.0,1.0,0.0,0.0,1.0,0.0,0.0,0.0,0.0,0.0,6.0,10.0,4.0,6.0,0.0,1.0,0.0,0.0,1.0,5.0,1.0,1.0,1.0,0.0,1.0,0.0,1.0,0.0,carpet,high,old,the penthouses at the hibiscus,gurgaon,8.5
408.77,4.0,3.0,3.0,1.0,sector 50,15.0,1.0,0.0,0.0,1.0,0.0,1.0,0.0,1.0,0.0,0.0,0.0,0.0,0.0,0.0,0.0,0.0,0.0,0.0,0.0,6.0,10.0,4.0,6.0,0.0,1.0,0.0,0.0,1.0,5.0,1.0,1.0,1.0,0.0,1.0,0.0,1.0,0.0,super built up,mid,old,ss hibiscus,gurgaon,6.0
836.13,4.0,3.0,3.0,1.0,sector 50,13.0,1.0,0.0,0.0,1.0,0.0,1.0,0.0,1.0,1.0,1.0,1.0,0.0,0.0,1.0,0.0,0.0,0.0,0.0,0.0,6.0,10.0,4.0,6.0,0.0,1.0,0.0,0.0,1.0,5.0,1.0,1.0,1.0,0.0,1.0,0.0,1.0,0.0,carpet,mid,old,the penthouses at the hibiscus,gurgaon,8.0
243.87,4.0,5.0,3.0,1.0,sector 72,10.0,1.0,0.0,0.0,0.0,0.0,1.0,0.0,1.0,0.0,0.0,1.0,0.0,0.0,1.0,0.0,0.0,0.0,0.0,0.0,6.0,10.0,4.0,6.0,0.0,1.0,0.0,0.0,1.0,5.0,1.0,1.0,1.0,0.0,1.0,0.0,1.0,0.0,built up,high,new,tata primanti,gurgaon,3.5
269.88,4.0,5.0,2.0,1.0,sector 72,10.0,1.0,0.0,0.0,0.0,0.0,1.0,0.0,1.0,0.0,0.0,1.0,0.0,0.0,1.0,0.0,0.0,0.0,0.0,0.0,6.0,10.0,4.0,6.0,0.0,1.0,0.0,0.0,1.0,5.0,1.0,1.0,1.0,0.0,1.0,0.0,1.0,0.0,super built up,mid,old,tata primanti,gurgaon,4.0
357.68,3.0,3.0,2.0,1.0,sector 65,9.0,1.0,0.0,0.0,1.0,0.0,1.0,0.0,1.0,1.0,0.0,1.0,0.0,0.0,1.0,0.0,1.0,0.0,0.0,0.0,6.0,10.0,4.0,6.0,0.0,1.0,0.0,0.0,1.0,5.0,1.0,1.0,1.0,0.0,1.0,0.0,1.0,0.0,carpet,high,old,m3m golfestate,gurgaon,7.0
1021.93,4.0,4.0,3.0,1.0,sector 65,9.0,1.0,0.0,0.0,1.0,0.0,1.0,0.0,1.0,1.0,0.0,1.0,0.0,0.0,1.0,0.0,1.0,0.0,0.0,0.0,6.0,10.0,4.0,6.0,0.0,1.0,0.0,0.0,1.0,5.0,1.0,1.0,1.0,0.0,1.0,0.0,1.0,0.0,carpet,high,old,m3m golfestate,gurgaon,13.2
445.93,4.0,5.0,3.0,0.0,sector 112,8.0,1.0,0.0,0.0,0.0,0.0,1.0,0.0,1.0,1.0,1.0,0.0,1.0,0.0,0.0,0.0,0.0,0.0,0.0,0.0,6.0,10.0,4.0,6.0,0.0,1.0,0.0,0.0,1.0,5.0,1.0,1.0,1.0,0.0,1.0,0.0,1.0,0.0,built up,high,new,experion windchants,gurgaon,6.5
202.99,3.0,4.0,3.0,1.0,sector 72,10.0,1.0,0.0,0.0,0.0,0.0,1.0,0.0,1.0,0.0,0.0,1.0,0.0,0.0,1.0,0.0,0.0,0.0,0.0,0.0,6.0,10.0,4.0,6.0,0.0,1.0,0.0,0.0,1.0,5.0,1.0,1.0,1.0,0.0,1.0,0.0,1.0,0.0,super built up,high,old,tata primanti,gurgaon,3.4
201.14,3.0,2.0,2.0,1.0,sector 70,11.0,1.0,0.0,0.0,1.0,0.0,1.0,0.0,1.0,1.0,0.0,0.0,0.0,0.0,0.0,0.0,0.0,0.0,0.0,0.0,6.0,10.0,4.0,6.0,0.0,1.0,0.0,0.0,1.0,5.0,1.0,1.0,1.0,0.0,1.0,0.0,1.0,0.0,carpet,high,old,aipl the peaceful homes,gurgaon,2.6
243.87,4.0,5.0,3.0,1.0,sector 72,10.0,1.0,0.0,0.0,0.0,0.0,1.0,0.0,1.0,0.0,0.0,1.0,0.0,0.0,1.0,0.0,0.0,0.0,0.0,0.0,6.0,10.0,4.0,6.0,0.0,1.0,0.0,0.0,1.0,5.0,1.0,1.0,1.0,0.0,1.0,0.0,1.0,0.0,built up,high,new,tata primanti,gurgaon,3.5
182.55,3.0,3.0,2.0,1.0,sector 95,4.0,1.0,0.0,0.0,0.0,0.0,0.0,0.0,0.0,0.0,0.0,0.0,0.0,1.0,0.0,0.0,0.0,0.0,0.0,0.0,6.0,10.0,4.0,6.0,0.0,1.0,0.0,0.0,1.0,5.0,1.0,1.0,1.0,0.0,1.0,0.0,1.0,0.0,super built up,mid,new,siddhartha apartment,gurgaon,0.72
260.13,3.0,5.0,2.0,1.0,sector 112,8.0,1.0,0.0,0.0,0.0,0.0,1.0,0.0,1.0,1.0,1.0,0.0,1.0,0.0,0.0,0.0,0.0,0.0,0.0,0.0,6.0,10.0,4.0,6.0,0.0,1.0,0.0,0.0,1.0,5.0,1.0,1.0,1.0,0.0,1.0,0.0,1.0,0.0,built up,low,new,experion windchants,gurgaon,3.65
71.26,2.0,2.0,2.0,1.0,sector 95,3.0,1.0,0.0,0.0,0.0,0.0,0.0,0.0,0.0,0.0,0.0,0.0,0.0,0.0,0.0,0.0,0.0,0.0,0.0,0.0,6.0,10.0,4.0,6.0,0.0,1.0,0.0,0.0,1.0,5.0,1.0,1.0,1.0,0.0,1.0,0.0,1.0,0.0,super built up,mid,new,ramsons kshitij,gurgaon,0.28
242.01,3.0,3.0,3.0,1.0,sector 50,9.0,1.0,0.0,0.0,0.0,0.0,1.0,0.0,1.0,1.0,1.0,1.0,0.0,0.0,0.0,0.0,0.0,0.0,0.0,0.0,6.0,10.0,4.0,6.0,0.0,1.0,0.0,0.0,1.0,5.0,1.0,1.0,1.0,0.0,1.0,0.0,1.0,0.0,super built up,high,old,the close north,gurgaon,2.92
170.57,3.0,3.0,3.0,1.0,sector 50,7.0,1.0,0.0,0.0,0.0,0.0,1.0,0.0,1.0,1.0,0.0,1.0,0.0,0.0,0.0,0.0,0.0,0.0,0.0,0.0,6.0,10.0,4.0,6.0,0.0,1.0,0.0,0.0,1.0,5.0,1.0,1.0,1.0,0.0,1.0,0.0,1.0,0.0,super built up,high,old,unitech fresco,gurgaon,1.82
117.06,2.0,2.0,2.0,1.0,sector 68,10.0,1.0,0.0,0.0,1.0,0.0,1.0,0.0,1.0,1.0,0.0,0.0,0.0,0.0,1.0,0.0,0.0,0.0,0.0,0.0,6.0,10.0,4.0,6.0,0.0,1.0,0.0,0.0,1.0,5.0,1.0,1.0,1.0,0.0,1.0,0.0,1.0,0.0,super built up,high,new,m3m the marina,gurgaon,1.02
125.42,2.0,2.0,3.0,1.0,sector 90,10.0,1.0,0.0,0.0,1.0,0.0,1.0,0.0,1.0,1.0,0.0,0.0,1.0,0.0,1.0,0.0,0.0,0.0,0.0,0.0,6.0,10.0,4.0,6.0,0.0,1.0,0.0,0.0,1.0,5.0,1.0,1.0,1.0,0.0,1.0,0.0,1.0,0.0,super built up,low,new,shree vardhman flora,gurgaon,0.65
59.62,3.0,3.0,3.0,0.0,sector 92,4.0,1.0,0.0,0.0,0.0,0.0,0.0,0.0,1.0,0.0,0.0,0.0,0.0,0.0,1.0,0.0,0.0,0.0,0.0,0.0,6.0,10.0,4.0,6.0,0.0,1.0,0.0,0.0,1.0,5.0,1.0,1.0,1.0,0.0,1.0,0.0,1.0,0.0,carpet,mid,new,gls avenue 51,gurgaon,0.39
168.9,3.0,3.0,3.0,1.0,sector 90,14.0,0.0,0.0,0.0,0.0,1.0,0.0,0.0,0.0,0.0,0.0,0.0,0.0,0.0,0.0,0.0,0.0,0.0,0.0,0.0,6.0,10.0,4.0,6.0,0.0,1.0,0.0,0.0,1.0,5.0,1.0,1.0,1.0,0.0,1.0,0.0,1.0,0.0,super built up,high,new,dlf regal gardens,gurgaon,1.15
94.76,2.0,2.0,2.0,1.0,sector 65,8.0,1.0,0.0,0.0,1.0,0.0,0.0,0.0,1.0,1.0,0.0,1.0,0.0,0.0,0.0,0.0,0.0,1.0,0.0,0.0,6.0,10.0,4.0,6.0,0.0,1.0,0.0,0.0,1.0,5.0,1.0,1.0,1.0,0.0,1.0,0.0,1.0,0.0,super built up,mid,new,emaar mgf emerald estate,gurgaon,1.42
188.87,3.0,3.0,3.0,1.0,sector 49,13.0,1.0,0.0,0.0,1.0,0.0,0.0,1.0,1.0,0.0,0.0,0.0,0.0,0.0,1.0,1.0,0.0,0.0,0.0,0.0,6.0,10.0,4.0,6.0,0.0,1.0,0.0,0.0,1.0,5.0,1.0,1.0,1.0,0.0,1.0,0.0,1.0,0.0,super built up,high,new,orchid petals,gurgaon,2.35
192.31,3.0,4.0,3.0,1.0,sector 49,13.0,1.0,0.0,0.0,1.0,0.0,0.0,1.0,1.0,0.0,0.0,0.0,0.0,0.0,1.0,1.0,0.0,0.0,0.0,0.0,6.0,10.0,4.0,6.0,0.0,1.0,0.0,0.0,1.0,5.0,1.0,1.0,1.0,0.0,1.0,0.0,1.0,0.0,super built up,low,new,orchid petals,gurgaon,2.38
179.3,3.0,3.0,3.0,1.0,sector 90,6.0,1.0,0.0,0.0,0.0,0.0,0.0,0.0,1.0,1.0,0.0,0.0,0.0,0.0,1.0,0.0,0.0,0.0,0.0,0.0,6.0,10.0,4.0,6.0,0.0,1.0,0.0,0.0,1.0,5.0,1.0,1.0,1.0,0.0,1.0,0.0,1.0,0.0,super built up,high,new,dlf new town heights 1,gurgaon,1.15
219.62,4.0,4.0,3.0,1.0,sector 90,6.0,1.0,0.0,0.0,0.0,0.0,0.0,0.0,1.0,1.0,0.0,0.0,0.0,0.0,1.0,0.0,0.0,0.0,0.0,0.0,6.0,10.0,4.0,6.0,0.0,1.0,0.0,0.0,1.0,5.0,1.0,1.0,1.0,0.0,1.0,0.0,1.0,0.0,super built up,high,new,dlf new town heights 1,gurgaon,1.6
179.3,3.0,4.0,3.0,1.0,sector 86,15.0,1.0,0.0,0.0,0.0,0.0,0.0,1.0,1.0,1.0,0.0,0.0,0.0,0.0,0.0,0.0,0.0,0.0,0.0,0.0,6.0,10.0,4.0,6.0,0.0,1.0,0.0,0.0,1.0,5.0,1.0,1.0,1.0,0.0,1.0,0.0,1.0,0.0,super built up,high,old,dlf new town heights 2,gurgaon,1.28
253.35,4.0,4.0,3.0,1.0,sector 90,6.0,1.0,0.0,0.0,0.0,0.0,0.0,0.0,1.0,1.0,0.0,0.0,0.0,0.0,1.0,0.0,0.0,0.0,0.0,0.0,6.0,10.0,4.0,6.0,0.0,1.0,0.0,0.0,1.0,5.0,1.0,1.0,1.0,0.0,1.0,0.0,1.0,0.0,super built up,high,new,dlf new town heights 1,gurgaon,1.75
219.62,4.0,4.0,3.0,1.0,sector 91,8.0,1.0,0.0,0.0,0.0,0.0,1.0,0.0,1.0,1.0,0.0,1.0,0.0,0.0,0.0,0.0,0.0,0.0,0.0,0.0,6.0,10.0,4.0,6.0,0.0,1.0,0.0,0.0,1.0,5.0,1.0,1.0,1.0,0.0,1.0,0.0,1.0,0.0,super built up,high,new,dlf new town heights,gurgaon,1.75
205.78,3.0,4.0,3.0,1.0,sector 111,10.0,1.0,0.0,0.0,1.0,0.0,0.0,0.0,1.0,1.0,0.0,1.0,1.0,0.0,0.0,0.0,0.0,0.0,0.0,0.0,6.0,10.0,4.0,6.0,0.0,1.0,0.0,0.0,1.0,5.0,1.0,1.0,1.0,0.0,1.0,0.0,1.0,0.0,super built up,high,new,puri diplomatic greens,gurgaon,2.65
194.63,3.0,4.0,3.0,1.0,sector 109,15.0,0.0,0.0,0.0,0.0,1.0,0.0,1.0,1.0,1.0,0.0,0.0,0.0,1.0,0.0,1.0,0.0,1.0,1.0,0.0,6.0,10.0,4.0,6.0,0.0,1.0,0.0,0.0,1.0,5.0,1.0,1.0,1.0,0.0,1.0,0.0,1.0,0.0,super built up,high,new,ats kocoon,gurgaon,2.22
212.75,3.0,4.0,3.0,1.0,sector 104,13.0,1.0,0.0,0.0,1.0,0.0,1.0,0.0,1.0,1.0,0.0,1.0,1.0,0.0,1.0,0.0,1.0,0.0,0.0,0.0,6.0,10.0,4.0,6.0,0.0,1.0,0.0,0.0,1.0,5.0,1.0,1.0,1.0,0.0,1.0,0.0,1.0,0.0,super built up,high,new,ats triumph,gurgaon,1.85
90.88,2.0,3.0,3.0,1.0,sector 108,9.0,1.0,0.0,0.0,1.0,0.0,1.0,0.0,1.0,1.0,0.0,0.0,1.0,0.0,0.0,0.0,0.0,0.0,0.0,0.0,6.0,10.0,4.0,6.0,0.0,1.0,0.0,0.0,1.0,5.0,1.0,1.0,1.0,0.0,1.0,0.0,1.0,0.0,built up,high,new,experion the heartsong,gurgaon,0.98
267.1,4.0,4.0,3.0,1.0,sector 103,15.0,1.0,0.0,0.0,1.0,1.0,1.0,0.0,1.0,1.0,1.0,1.0,1.0,0.0,1.0,0.0,0.0,0.0,0.0,0.0,6.0,10.0,4.0,6.0,0.0,1.0,0.0,0.0,1.0,5.0,1.0,1.0,1.0,0.0,1.0,0.0,1.0,0.0,super built up,high,new,indiabulls centrum park,gurgaon,2.45
160.26,3.0,3.0,3.0,1.0,sector 103,15.0,1.0,0.0,0.0,1.0,1.0,1.0,0.0,1.0,1.0,1.0,1.0,1.0,0.0,1.0,0.0,0.0,0.0,0.0,0.0,6.0,10.0,4.0,6.0,0.0,1.0,0.0,0.0,1.0,5.0,1.0,1.0,1.0,0.0,1.0,0.0,1.0,0.0,super built up,high,new,indiabulls centrum park,gurgaon,1.34
185.81,3.0,3.0,3.0,1.0,sector 102,10.0,1.0,0.0,0.0,1.0,0.0,0.0,0.0,1.0,1.0,1.0,0.0,1.0,0.0,1.0,0.0,0.0,0.0,1.0,0.0,6.0,10.0,4.0,6.0,0.0,1.0,0.0,0.0,1.0,5.0,1.0,1.0,1.0,0.0,1.0,0.0,1.0,0.0,carpet,high,new,emaar imperial gardens,gurgaon,1.92
175.49,3.0,3.0,3.0,1.0,sector 102,14.0,1.0,0.0,0.0,0.0,0.0,0.0,1.0,1.0,0.0,0.0,0.0,0.0,1.0,1.0,1.0,0.0,0.0,0.0,0.0,6.0,10.0,4.0,6.0,0.0,1.0,0.0,0.0,1.0,5.0,1.0,1.0,1.0,0.0,1.0,0.0,1.0,0.0,carpet,high,new,adani oyster greens,gurgaon,1.9
432.0,4.0,4.0,3.0,0.0,sector 102,11.0,1.0,0.0,0.0,1.0,0.0,1.0,0.0,1.0,1.0,0.0,0.0,1.0,0.0,1.0,0.0,0.0,0.0,0.0,0.0,6.0,10.0,4.0,6.0,0.0,1.0,0.0,0.0,1.0,5.0,1.0,1.0,1.0,0.0,1.0,0.0,1.0,0.0,super built up,high,new,adani m2k oyster grande,gurgaon,4.55
153.29,3.0,3.0,3.0,1.0,sector 102,10.0,1.0,0.0,0.0,1.0,0.0,1.0,0.0,1.0,1.0,0.0,0.0,1.0,0.0,0.0,0.0,0.0,0.0,0.0,0.0,6.0,10.0,4.0,6.0,0.0,1.0,0.0,0.0,1.0,5.0,1.0,1.0,1.0,0.0,1.0,0.0,1.0,0.0,super built up,high,new,emaar gurgaon greens,gurgaon,1.54
218.88,4.0,4.0,3.0,1.0,sector 86,15.0,1.0,0.0,0.0,0.0,0.0,0.0,1.0,1.0,1.0,0.0,0.0,0.0,0.0,0.0,0.0,0.0,0.0,0.0,0.0,6.0,10.0,4.0,6.0,0.0,1.0,0.0,0.0,1.0,5.0,1.0,1.0,1.0,0.0,1.0,0.0,1.0,0.0,super built up,high,old,dlf new town heights 2,gurgaon,1.55
186.08,3.0,3.0,3.0,1.0,sector 108,9.0,1.0,0.0,0.0,1.0,0.0,1.0,0.0,1.0,1.0,0.0,0.0,1.0,0.0,0.0,0.0,0.0,0.0,0.0,0.0,6.0,10.0,4.0,6.0,0.0,1.0,0.0,0.0,1.0,5.0,1.0,1.0,1.0,0.0,1.0,0.0,1.0,0.0,super built up,mid,new,experion the heartsong,gurgaon,1.68
199.74,3.0,3.0,3.0,1.0,sector 70,11.0,1.0,0.0,0.0,1.0,0.0,1.0,0.0,1.0,1.0,0.0,0.0,0.0,0.0,0.0,0.0,0.0,0.0,0.0,0.0,6.0,10.0,4.0,6.0,0.0,1.0,0.0,0.0,1.0,5.0,1.0,1.0,1.0,0.0,1.0,0.0,1.0,0.0,super built up,low,new,aipl the peaceful homes,gurgaon,2.3
137.5,3.0,3.0,3.0,1.0,sector 70,12.0,0.0,0.0,0.0,1.0,0.0,1.0,0.0,1.0,1.0,1.0,1.0,0.0,0.0,0.0,0.0,1.0,0.0,0.0,0.0,6.0,10.0,4.0,6.0,0.0,1.0,0.0,0.0,1.0,5.0,1.0,1.0,1.0,0.0,1.0,0.0,1.0,0.0,super built up,low,new,bptp astaire gardens,gurgaon,0.98
253.35,4.0,4.0,3.0,1.0,sector 90,6.0,1.0,0.0,0.0,0.0,0.0,0.0,0.0,1.0,1.0,0.0,0.0,0.0,0.0,1.0,0.0,0.0,0.0,0.0,0.0,6.0,10.0,4.0,6.0,0.0,1.0,0.0,0.0,1.0,5.0,1.0,1.0,1.0,0.0,1.0,0.0,1.0,0.0,super built up,mid,new,dlf new town heights 1,gurgaon,1.9
219.62,4.0,4.0,3.0,1.0,sector 90,6.0,1.0,0.0,0.0,0.0,0.0,0.0,0.0,1.0,1.0,0.0,0.0,0.0,0.0,1.0,0.0,0.0,0.0,0.0,0.0,6.0,10.0,4.0,6.0,0.0,1.0,0.0,0.0,1.0,5.0,1.0,1.0,1.0,0.0,1.0,0.0,1.0,0.0,super built up,low,new,dlf new town heights 1,gurgaon,1.55
160.72,3.0,3.0,3.0,1.0,sector 90,14.0,0.0,0.0,0.0,0.0,1.0,0.0,0.0,0.0,0.0,0.0,0.0,0.0,0.0,0.0,0.0,0.0,0.0,0.0,0.0,6.0,10.0,4.0,6.0,0.0,1.0,0.0,0.0,1.0,5.0,1.0,1.0,1.0,0.0,1.0,0.0,1.0,0.0,super built up,high,new,dlf regal gardens,gurgaon,1.13
179.3,3.0,4.0,3.0,1.0,sector 90,10.0,1.0,0.0,0.0,1.0,0.0,1.0,0.0,1.0,1.0,0.0,0.0,1.0,0.0,1.0,0.0,0.0,0.0,0.0,0.0,6.0,10.0,4.0,6.0,0.0,1.0,0.0,0.0,1.0,5.0,1.0,1.0,1.0,0.0,1.0,0.0,1.0,0.0,super built up,low,new,shree vardhman flora,gurgaon,0.85
209.16,3.0,4.0,3.0,1.0,sector 49,14.0,1.0,0.0,0.0,0.0,0.0,1.0,1.0,0.0,0.0,0.0,0.0,0.0,0.0,0.0,0.0,0.0,0.0,0.0,0.0,6.0,10.0,4.0,6.0,0.0,1.0,0.0,0.0,1.0,5.0,1.0,1.0,1.0,0.0,1.0,0.0,1.0,0.0,super built up,low,old,vatika city,gurgaon,2.64
187.25,3.0,3.0,3.0,1.0,sector 49,14.0,1.0,0.0,0.0,0.0,0.0,1.0,1.0,0.0,0.0,0.0,0.0,0.0,0.0,0.0,0.0,0.0,0.0,0.0,0.0,6.0,10.0,4.0,6.0,0.0,1.0,0.0,0.0,1.0,5.0,1.0,1.0,1.0,0.0,1.0,0.0,1.0,0.0,super built up,high,old,vatika city,gurgaon,2.1
127.09,2.0,2.0,3.0,0.0,sector 102,13.0,1.0,0.0,0.0,1.0,1.0,0.0,0.0,1.0,1.0,0.0,0.0,1.0,0.0,1.0,0.0,0.0,1.0,0.0,0.0,6.0,10.0,4.0,6.0,0.0,1.0,0.0,0.0,1.0,5.0,1.0,1.0,1.0,0.0,1.0,0.0,1.0,0.0,super built up,high,new,shapoorji pallonji joyville gurugram,gurgaon,1.4
153.29,3.0,3.0,2.0,1.0,sector 102,10.0,1.0,0.0,0.0,1.0,0.0,1.0,0.0,1.0,1.0,0.0,0.0,1.0,0.0,0.0,0.0,0.0,0.0,0.0,0.0,6.0,10.0,4.0,6.0,0.0,1.0,0.0,0.0,1.0,5.0,1.0,1.0,1.0,0.0,1.0,0.0,1.0,0.0,super built up,mid,new,emaar gurgaon greens,gurgaon,1.45
179.3,3.0,3.0,3.0,1.0,sector 90,6.0,1.0,0.0,0.0,0.0,0.0,0.0,0.0,1.0,1.0,0.0,0.0,0.0,0.0,1.0,0.0,0.0,0.0,0.0,0.0,6.0,10.0,4.0,6.0,0.0,1.0,0.0,0.0,1.0,5.0,1.0,1.0,1.0,0.0,1.0,0.0,1.0,0.0,carpet,high,old,dlf new town heights 1,gurgaon,1.2
65.03,1.0,1.0,1.0,0.0,sector 106,5.0,0.0,0.0,0.0,0.0,0.0,0.0,0.0,0.0,1.0,1.0,1.0,1.0,0.0,0.0,0.0,0.0,0.0,0.0,0.0,6.0,10.0,4.0,6.0,0.0,1.0,0.0,0.0,1.0,5.0,1.0,1.0,1.0,0.0,1.0,0.0,1.0,0.0,super built up,mid,new,viridian the plaza 106,gurgaon,0.39
161.93,3.0,4.0,2.0,1.0,sector 71,15.0,1.0,1.0,0.0,0.0,0.0,1.0,1.0,0.0,1.0,0.0,0.0,0.0,0.0,1.0,0.0,1.0,0.0,0.0,0.0,6.0,10.0,4.0,6.0,0.0,1.0,0.0,0.0,1.0,5.0,1.0,1.0,1.0,0.0,1.0,0.0,1.0,0.0,super built up,mid,new,chd avenue 71,gurgaon,1.25
144.0,2.0,2.0,2.0,0.0,sector 104,13.0,1.0,0.0,0.0,1.0,0.0,1.0,0.0,1.0,1.0,1.0,1.0,1.0,0.0,1.0,0.0,0.0,0.0,0.0,0.0,6.0,10.0,4.0,6.0,0.0,1.0,0.0,0.0,1.0,5.0,1.0,1.0,1.0,0.0,1.0,0.0,1.0,0.0,super built up,high,new,puri emerald bay,gurgaon,1.59
418.06,4.0,6.0,3.0,1.0,sector 111,10.0,1.0,0.0,0.0,1.0,0.0,0.0,0.0,1.0,1.0,0.0,1.0,1.0,0.0,0.0,0.0,0.0,0.0,0.0,0.0,6.0,10.0,4.0,6.0,0.0,1.0,0.0,0.0,1.0,5.0,1.0,1.0,1.0,0.0,1.0,0.0,1.0,0.0,super built up,mid,new,puri diplomatic greens,gurgaon,5.25
274.06,4.0,5.0,3.0,1.0,sector 111,10.0,1.0,0.0,0.0,1.0,0.0,0.0,0.0,1.0,1.0,0.0,1.0,1.0,0.0,0.0,0.0,0.0,0.0,0.0,0.0,6.0,10.0,4.0,6.0,0.0,1.0,0.0,0.0,1.0,5.0,1.0,1.0,1.0,0.0,1.0,0.0,1.0,0.0,super built up,high,new,puri diplomatic greens,gurgaon,3.4
260.31,3.0,3.0,3.0,1.0,sector 112,8.0,1.0,0.0,0.0,0.0,0.0,1.0,0.0,1.0,1.0,1.0,0.0,1.0,0.0,0.0,0.0,0.0,0.0,0.0,0.0,6.0,10.0,4.0,6.0,0.0,1.0,0.0,0.0,1.0,5.0,1.0,1.0,1.0,0.0,1.0,0.0,1.0,0.0,super built up,low,new,experion windchants,gurgaon,3.29
227.61,3.0,3.0,3.0,1.0,sector 104,13.0,1.0,0.0,0.0,1.0,0.0,1.0,0.0,1.0,1.0,1.0,1.0,1.0,0.0,1.0,0.0,0.0,0.0,0.0,0.0,6.0,10.0,4.0,6.0,0.0,1.0,0.0,0.0,1.0,5.0,1.0,1.0,1.0,0.0,1.0,0.0,1.0,0.0,super built up,high,new,puri emerald bay,gurgaon,2.49
179.4,3.0,4.0,3.0,1.0,sector 102,15.0,0.0,0.0,0.0,1.0,0.0,1.0,0.0,1.0,1.0,1.0,1.0,1.0,0.0,1.0,0.0,0.0,0.0,1.0,0.0,6.0,10.0,4.0,6.0,0.0,1.0,0.0,0.0,1.0,5.0,1.0,1.0,1.0,0.0,1.0,0.0,1.0,0.0,super built up,high,new,conscient heritage max,gurgaon,1.75
258.18,4.0,5.0,3.0,1.0,sector 108,9.0,1.0,0.0,0.0,1.0,0.0,1.0,0.0,1.0,1.0,0.0,0.0,1.0,0.0,0.0,0.0,0.0,0.0,0.0,0.0,6.0,10.0,4.0,6.0,0.0,1.0,0.0,0.0,1.0,5.0,1.0,1.0,1.0,0.0,1.0,0.0,1.0,0.0,built up,high,new,experion the heartsong,gurgaon,2.29
199.65,3.0,4.0,3.0,1.0,sector 102,15.0,0.0,0.0,0.0,1.0,0.0,1.0,0.0,1.0,1.0,1.0,1.0,1.0,0.0,1.0,0.0,0.0,0.0,1.0,0.0,6.0,10.0,4.0,6.0,0.0,1.0,0.0,0.0,1.0,5.0,1.0,1.0,1.0,0.0,1.0,0.0,1.0,0.0,super built up,high,new,conscient heritage max,gurgaon,2.15
132.67,2.0,2.0,2.0,1.0,sector 82,10.0,1.0,0.0,0.0,1.0,0.0,1.0,0.0,1.0,1.0,0.0,0.0,0.0,0.0,0.0,0.0,0.0,0.0,1.0,0.0,6.0,10.0,4.0,6.0,0.0,1.0,0.0,0.0,1.0,5.0,1.0,1.0,1.0,0.0,1.0,0.0,1.0,0.0,super built up,high,new,vatika the seven lamps,gurgaon,0.88
242.01,3.0,3.0,3.0,1.0,sector 50,9.0,1.0,0.0,0.0,0.0,0.0,1.0,0.0,1.0,1.0,1.0,1.0,0.0,0.0,0.0,0.0,0.0,0.0,0.0,0.0,6.0,10.0,4.0,6.0,0.0,1.0,0.0,0.0,1.0,5.0,1.0,1.0,1.0,0.0,1.0,0.0,1.0,0.0,super built up,low,old,the close north,gurgaon,2.65
132.85,2.0,2.0,2.0,1.0,sector 82,10.0,1.0,0.0,0.0,1.0,0.0,1.0,0.0,1.0,1.0,0.0,0.0,0.0,0.0,0.0,0.0,0.0,0.0,1.0,0.0,6.0,10.0,4.0,6.0,0.0,1.0,0.0,0.0,1.0,5.0,1.0,1.0,1.0,0.0,1.0,0.0,1.0,0.0,super built up,high,new,vatika the seven lamps,gurgaon,0.86
139.82,3.0,3.0,2.0,0.0,sector 79,10.0,0.0,0.0,0.0,0.0,0.0,0.0,0.0,1.0,1.0,0.0,0.0,0.0,0.0,0.0,0.0,0.0,0.0,1.0,0.0,6.0,10.0,4.0,6.0,0.0,1.0,0.0,0.0,1.0,5.0,1.0,1.0,1.0,0.0,1.0,0.0,1.0,0.0,super built up,mid,new,godrej 101,gurgaon,1.35
184.23,3.0,3.0,2.0,0.0,sector 79,9.0,1.0,0.0,0.0,1.0,0.0,1.0,0.0,1.0,0.0,0.0,0.0,1.0,0.0,1.0,0.0,0.0,0.0,1.0,0.0,6.0,10.0,4.0,6.0,0.0,1.0,0.0,0.0,1.0,5.0,1.0,1.0,1.0,0.0,1.0,0.0,1.0,0.0,super built up,mid,new,godrej aria,gurgaon,1.69
292.64,4.0,4.0,3.0,1.0,sector 104,13.0,1.0,0.0,0.0,1.0,0.0,1.0,0.0,1.0,1.0,0.0,1.0,1.0,0.0,1.0,0.0,1.0,0.0,0.0,0.0,6.0,10.0,4.0,6.0,0.0,1.0,0.0,0.0,1.0,5.0,1.0,1.0,1.0,0.0,1.0,0.0,1.0,0.0,super built up,high,new,ats triumph,gurgaon,2.65
212.75,3.0,4.0,3.0,1.0,sector 104,13.0,1.0,0.0,0.0,1.0,0.0,1.0,0.0,1.0,1.0,0.0,1.0,1.0,0.0,1.0,0.0,1.0,0.0,0.0,0.0,6.0,10.0,4.0,6.0,0.0,1.0,0.0,0.0,1.0,5.0,1.0,1.0,1.0,0.0,1.0,0.0,1.0,0.0,super built up,high,new,ats triumph,gurgaon,1.75
180.51,3.0,3.0,3.0,1.0,sector 107,6.0,0.0,0.0,0.0,0.0,0.0,0.0,0.0,1.0,1.0,0.0,0.0,0.0,0.0,0.0,0.0,0.0,0.0,0.0,0.0,6.0,10.0,4.0,6.0,0.0,1.0,0.0,0.0,1.0,5.0,1.0,1.0,1.0,0.0,1.0,0.0,1.0,0.0,super built up,mid,new,m3m woodshire,gurgaon,1.3
172.06,3.0,3.0,3.0,1.0,sector 102,13.0,1.0,0.0,0.0,1.0,1.0,0.0,0.0,1.0,1.0,0.0,0.0,1.0,0.0,1.0,0.0,0.0,1.0,0.0,0.0,6.0,10.0,4.0,6.0,0.0,1.0,0.0,0.0,1.0,5.0,1.0,1.0,1.0,0.0,1.0,0.0,1.0,0.0,super built up,high,new,shapoorji pallonji joyville gurugram,gurgaon,1.75
179.3,3.0,3.0,3.0,1.0,sector 90,6.0,1.0,0.0,0.0,0.0,0.0,0.0,0.0,1.0,1.0,0.0,0.0,0.0,0.0,1.0,0.0,0.0,0.0,0.0,0.0,6.0,10.0,4.0,6.0,0.0,1.0,0.0,0.0,1.0,5.0,1.0,1.0,1.0,0.0,1.0,0.0,1.0,0.0,super built up,mid,new,dlf new town heights 1,gurgaon,1.25
138.43,3.0,3.0,3.0,0.0,sector 79,9.0,0.0,0.0,0.0,1.0,0.0,0.0,0.0,1.0,1.0,0.0,1.0,1.0,0.0,0.0,0.0,0.0,0.0,0.0,0.0,6.0,10.0,4.0,6.0,0.0,1.0,0.0,0.0,1.0,5.0,1.0,1.0,1.0,0.0,1.0,0.0,1.0,0.0,super built up,high,new,mapsko mount ville,gurgaon,1.2
168.62,3.0,4.0,3.0,1.0,sector 79,9.0,0.0,0.0,0.0,1.0,0.0,0.0,0.0,1.0,1.0,0.0,1.0,1.0,0.0,0.0,0.0,0.0,0.0,0.0,0.0,6.0,10.0,4.0,6.0,0.0,1.0,0.0,0.0,1.0,5.0,1.0,1.0,1.0,0.0,1.0,0.0,1.0,0.0,super built up,high,new,mapsko mount ville,gurgaon,1.5
193.89,4.0,4.0,2.0,0.0,sector 69,10.0,1.0,0.0,0.0,1.0,0.0,1.0,0.0,1.0,1.0,0.0,0.0,0.0,0.0,1.0,0.0,0.0,0.0,0.0,0.0,6.0,10.0,4.0,6.0,0.0,1.0,0.0,0.0,1.0,5.0,1.0,1.0,1.0,0.0,1.0,0.0,1.0,0.0,super built up,high,new,tulip violet,gurgaon,2.05
186.74,4.0,4.0,2.0,0.0,sector 69,10.0,1.0,0.0,0.0,1.0,0.0,1.0,0.0,1.0,1.0,0.0,0.0,0.0,0.0,1.0,0.0,0.0,0.0,0.0,0.0,6.0,10.0,4.0,6.0,0.0,1.0,0.0,0.0,1.0,5.0,1.0,1.0,1.0,0.0,1.0,0.0,1.0,0.0,super built up,high,new,tulip violet,gurgaon,1.95
125.42,2.0,3.0,1.0,1.0,sector 69,10.0,1.0,0.0,0.0,1.0,0.0,1.0,0.0,1.0,1.0,0.0,0.0,0.0,0.0,1.0,0.0,0.0,0.0,0.0,0.0,6.0,10.0,4.0,6.0,0.0,1.0,0.0,0.0,1.0,5.0,1.0,1.0,1.0,0.0,1.0,0.0,1.0,0.0,carpet,high,new,tulip violet,gurgaon,1.19
142.88,3.0,3.0,1.0,0.0,sector 69,10.0,1.0,0.0,0.0,1.0,0.0,1.0,0.0,1.0,1.0,0.0,0.0,0.0,0.0,1.0,0.0,0.0,0.0,0.0,0.0,6.0,10.0,4.0,6.0,0.0,1.0,0.0,0.0,1.0,5.0,1.0,1.0,1.0,0.0,1.0,0.0,1.0,0.0,super built up,high,new,tulip violet,gurgaon,1.4
171.87,3.0,4.0,2.0,0.0,sector 69,10.0,1.0,0.0,0.0,1.0,0.0,1.0,0.0,1.0,1.0,0.0,0.0,0.0,0.0,1.0,0.0,0.0,0.0,0.0,0.0,6.0,10.0,4.0,6.0,0.0,1.0,0.0,0.0,1.0,5.0,1.0,1.0,1.0,0.0,1.0,0.0,1.0,0.0,carpet,high,new,tulip violet,gurgaon,1.75
146.6,3.0,3.0,1.0,1.0,sector 69,10.0,1.0,0.0,0.0,1.0,0.0,1.0,0.0,1.0,1.0,0.0,0.0,0.0,0.0,1.0,0.0,0.0,0.0,0.0,0.0,6.0,10.0,4.0,6.0,0.0,1.0,0.0,0.0,1.0,5.0,1.0,1.0,1.0,0.0,1.0,0.0,1.0,0.0,super built up,high,new,tulip violet,gurgaon,1.36
146.6,3.0,3.0,2.0,1.0,sector 69,10.0,1.0,0.0,0.0,1.0,0.0,1.0,0.0,1.0,1.0,0.0,0.0,0.0,0.0,1.0,0.0,0.0,0.0,0.0,0.0,6.0,10.0,4.0,6.0,0.0,1.0,0.0,0.0,1.0,5.0,1.0,1.0,1.0,0.0,1.0,0.0,1.0,0.0,super built up,high,new,tulip violet,gurgaon,1.51
295.9,4.0,5.0,2.0,1.0,sector 81,9.0,0.0,0.0,0.0,1.0,0.0,0.0,0.0,1.0,0.0,0.0,0.0,1.0,0.0,0.0,0.0,0.0,0.0,0.0,0.0,6.0,10.0,4.0,6.0,0.0,1.0,0.0,0.0,1.0,5.0,1.0,1.0,1.0,0.0,1.0,0.0,1.0,0.0,super built up,mid,new,bestech park view grand spa,gurgaon,2.91
152.83,3.0,2.0,3.0,0.0,sector 81,9.0,0.0,0.0,0.0,1.0,0.0,0.0,0.0,1.0,0.0,0.0,1.0,1.0,0.0,0.0,0.0,0.0,0.0,0.0,0.0,6.0,10.0,4.0,6.0,0.0,1.0,0.0,0.0,1.0,5.0,1.0,1.0,1.0,0.0,1.0,0.0,1.0,0.0,super built up,mid,new,bestech park view ananda,gurgaon,1.1
160.26,3.0,3.0,3.0,1.0,sector 84,3.0,0.0,0.0,0.0,0.0,1.0,1.0,0.0,1.0,0.0,0.0,0.0,0.0,0.0,0.0,0.0,0.0,0.0,0.0,0.0,6.0,10.0,4.0,6.0,0.0,1.0,0.0,0.0,1.0,5.0,1.0,1.0,1.0,0.0,1.0,0.0,1.0,0.0,super built up,high,new,antriksh heights,gurgaon,0.85
55.83,2.0,2.0,1.0,0.0,sector 86,9.0,0.0,0.0,0.0,1.0,0.0,0.0,0.0,1.0,0.0,0.0,0.0,0.0,0.0,0.0,0.0,0.0,0.0,0.0,0.0,6.0,10.0,4.0,6.0,0.0,1.0,0.0,0.0,1.0,5.0,1.0,1.0,1.0,0.0,1.0,0.0,1.0,0.0,carpet,low,new,pyramid urban homes 2,gurgaon,0.42
54.16,2.0,2.0,1.0,0.0,sector 84,15.0,1.0,0.0,0.0,0.0,0.0,0.0,1.0,1.0,1.0,0.0,0.0,1.0,1.0,1.0,0.0,0.0,0.0,0.0,0.0,6.0,10.0,4.0,6.0,0.0,1.0,0.0,0.0,1.0,5.0,1.0,1.0,1.0,0.0,1.0,0.0,1.0,0.0,super built up,mid,new,pivotal devaan,gurgaon,0.37
169.55,3.0,3.0,3.0,1.0,sector 84,3.0,0.0,0.0,0.0,0.0,1.0,1.0,0.0,1.0,0.0,0.0,0.0,0.0,0.0,0.0,0.0,0.0,0.0,0.0,0.0,6.0,10.0,4.0,6.0,0.0,1.0,0.0,0.0,1.0,5.0,1.0,1.0,1.0,0.0,1.0,0.0,1.0,0.0,super built up,high,new,antriksh heights,gurgaon,0.88
188.13,3.0,3.0,3.0,1.0,sector 84,3.0,0.0,0.0,0.0,0.0,1.0,1.0,0.0,1.0,0.0,0.0,0.0,0.0,0.0,0.0,0.0,0.0,0.0,0.0,0.0,6.0,10.0,4.0,6.0,0.0,1.0,0.0,0.0,1.0,5.0,1.0,1.0,1.0,0.0,1.0,0.0,1.0,0.0,super built up,high,new,antriksh heights,gurgaon,0.9
149.39,3.0,3.0,2.0,1.0,sector 69,10.0,1.0,0.0,0.0,1.0,0.0,1.0,0.0,1.0,1.0,0.0,0.0,0.0,0.0,1.0,0.0,0.0,0.0,0.0,0.0,6.0,10.0,4.0,6.0,0.0,1.0,0.0,0.0,1.0,5.0,1.0,1.0,1.0,0.0,1.0,0.0,1.0,0.0,super built up,low,new,tulip violet,gurgaon,1.43
142.88,3.0,3.0,1.0,0.0,sector 69,10.0,1.0,0.0,0.0,1.0,0.0,1.0,0.0,1.0,1.0,0.0,0.0,0.0,0.0,1.0,0.0,0.0,0.0,0.0,0.0,6.0,10.0,4.0,6.0,0.0,1.0,0.0,0.0,1.0,5.0,1.0,1.0,1.0,0.0,1.0,0.0,1.0,0.0,carpet,high,new,tulip violet,gurgaon,1.38
193.89,4.0,4.0,2.0,0.0,sector 69,10.0,1.0,0.0,0.0,1.0,0.0,1.0,0.0,1.0,1.0,0.0,0.0,0.0,0.0,1.0,0.0,0.0,0.0,0.0,0.0,6.0,10.0,4.0,6.0,0.0,1.0,0.0,0.0,1.0,5.0,1.0,1.0,1.0,0.0,1.0,0.0,1.0,0.0,super built up,high,new,tulip violet,gurgaon,2.0
149.39,3.0,3.0,2.0,1.0,sector 69,10.0,1.0,0.0,0.0,1.0,0.0,1.0,0.0,1.0,1.0,0.0,0.0,0.0,0.0,1.0,0.0,0.0,0.0,0.0,0.0,6.0,10.0,4.0,6.0,0.0,1.0,0.0,0.0,1.0,5.0,1.0,1.0,1.0,0.0,1.0,0.0,1.0,0.0,super built up,low,new,tulip violet,gurgaon,1.55
146.6,3.0,3.0,2.0,1.0,sector 69,10.0,1.0,0.0,0.0,1.0,0.0,1.0,0.0,1.0,1.0,0.0,0.0,0.0,0.0,1.0,0.0,0.0,0.0,0.0,0.0,6.0,10.0,4.0,6.0,0.0,1.0,0.0,0.0,1.0,5.0,1.0,1.0,1.0,0.0,1.0,0.0,1.0,0.0,super built up,high,new,tulip violet,gurgaon,1.46
154.96,3.0,3.0,2.0,0.0,sector 69,10.0,1.0,0.0,0.0,1.0,0.0,1.0,0.0,1.0,1.0,0.0,0.0,0.0,0.0,1.0,0.0,0.0,0.0,0.0,0.0,6.0,10.0,4.0,6.0,0.0,1.0,0.0,0.0,1.0,5.0,1.0,1.0,1.0,0.0,1.0,0.0,1.0,0.0,super built up,high,new,tulip violet,gurgaon,1.68
125.42,2.0,3.0,1.0,0.0,sector 69,10.0,1.0,0.0,0.0,1.0,0.0,1.0,0.0,1.0,1.0,0.0,0.0,0.0,0.0,1.0,0.0,0.0,0.0,0.0,0.0,6.0,10.0,4.0,6.0,0.0,1.0,0.0,0.0,1.0,5.0,1.0,1.0,1.0,0.0,1.0,0.0,1.0,0.0,super built up,high,new,tulip violet,gurgaon,1.2
152.18,3.0,3.0,2.0,0.0,sector 69,10.0,1.0,0.0,0.0,1.0,0.0,1.0,0.0,1.0,1.0,0.0,0.0,0.0,0.0,1.0,0.0,0.0,0.0,0.0,0.0,6.0,10.0,4.0,6.0,0.0,1.0,0.0,0.0,1.0,5.0,1.0,1.0,1.0,0.0,1.0,0.0,1.0,0.0,super built up,high,new,tulip violet,gurgaon,1.66
146.6,3.0,3.0,2.0,1.0,sector 69,10.0,1.0,0.0,0.0,1.0,0.0,1.0,0.0,1.0,1.0,0.0,0.0,0.0,0.0,1.0,0.0,0.0,0.0,0.0,0.0,6.0,10.0,4.0,6.0,0.0,1.0,0.0,0.0,1.0,5.0,1.0,1.0,1.0,0.0,1.0,0.0,1.0,0.0,super built up,high,new,tulip violet,gurgaon,1.6
171.87,3.0,4.0,2.0,0.0,sector 69,10.0,1.0,0.0,0.0,1.0,0.0,1.0,0.0,1.0,1.0,0.0,0.0,0.0,0.0,1.0,0.0,0.0,0.0,0.0,0.0,6.0,10.0,4.0,6.0,0.0,1.0,0.0,0.0,1.0,5.0,1.0,1.0,1.0,0.0,1.0,0.0,1.0,0.0,super built up,high,new,tulip violet,gurgaon,1.76
111.48,2.0,2.0,2.0,0.0,sector 84,3.0,0.0,0.0,0.0,0.0,1.0,1.0,0.0,1.0,0.0,0.0,0.0,0.0,0.0,0.0,0.0,0.0,0.0,0.0,0.0,6.0,10.0,4.0,6.0,0.0,1.0,0.0,0.0,1.0,5.0,1.0,1.0,1.0,0.0,1.0,0.0,1.0,0.0,super built up,high,new,antriksh heights,gurgaon,0.6
169.55,3.0,3.0,3.0,1.0,sector 84,3.0,0.0,0.0,0.0,0.0,1.0,1.0,0.0,1.0,0.0,0.0,0.0,0.0,0.0,0.0,0.0,0.0,0.0,0.0,0.0,6.0,10.0,4.0,6.0,0.0,1.0,0.0,0.0,1.0,5.0,1.0,1.0,1.0,0.0,1.0,0.0,1.0,0.0,super built up,low,new,antriksh heights,gurgaon,0.92
125.42,2.0,2.0,3.0,1.0,sector 84,3.0,0.0,0.0,0.0,0.0,1.0,1.0,0.0,1.0,0.0,0.0,0.0,0.0,0.0,0.0,0.0,0.0,0.0,0.0,0.0,6.0,10.0,4.0,6.0,0.0,1.0,0.0,0.0,1.0,5.0,1.0,1.0,1.0,0.0,1.0,0.0,1.0,0.0,super built up,high,new,antriksh heights,gurgaon,0.69
219.62,4.0,4.0,3.0,1.0,sector 90,6.0,1.0,0.0,0.0,0.0,0.0,0.0,0.0,1.0,1.0,0.0,0.0,0.0,0.0,1.0,0.0,0.0,0.0,0.0,0.0,6.0,10.0,4.0,6.0,0.0,1.0,0.0,0.0,1.0,5.0,1.0,1.0,1.0,0.0,1.0,0.0,1.0,0.0,super built up,mid,new,dlf new town heights 1,gurgaon,1.51
131.64,3.0,3.0,2.0,0.0,sector 92,7.0,1.0,0.0,0.0,0.0,0.0,0.0,0.0,0.0,0.0,0.0,0.0,0.0,1.0,0.0,0.0,0.0,0.0,0.0,0.0,6.0,10.0,4.0,6.0,0.0,1.0,0.0,0.0,1.0,5.0,1.0,1.0,1.0,0.0,1.0,0.0,1.0,0.0,carpet,low,new,sare homes,gurgaon,0.65
116.13,3.0,2.0,2.0,0.0,sector 92,8.0,1.0,0.0,0.0,0.0,0.0,0.0,0.0,0.0,0.0,0.0,0.0,0.0,1.0,0.0,0.0,0.0,0.0,0.0,0.0,6.0,10.0,4.0,6.0,0.0,1.0,0.0,0.0,1.0,5.0,1.0,1.0,1.0,0.0,1.0,0.0,1.0,0.0,super built up,low,new,sare crescent parc,gurgaon,0.51
105.35,2.0,2.0,3.0,1.0,sector 82,6.0,0.0,0.0,0.0,0.0,0.0,0.0,0.0,1.0,1.0,0.0,0.0,0.0,0.0,0.0,0.0,0.0,0.0,0.0,0.0,6.0,10.0,4.0,6.0,0.0,1.0,0.0,0.0,1.0,5.0,1.0,1.0,1.0,0.0,1.0,0.0,1.0,0.0,super built up,low,new,vatika iris floors,gurgaon,0.63
219.62,4.0,4.0,3.0,1.0,sector 86,15.0,1.0,0.0,0.0,0.0,0.0,0.0,1.0,1.0,1.0,0.0,0.0,0.0,0.0,0.0,0.0,0.0,0.0,0.0,0.0,6.0,10.0,4.0,6.0,0.0,1.0,0.0,0.0,1.0,5.0,1.0,1.0,1.0,0.0,1.0,0.0,1.0,0.0,super built up,high,old,dlf new town heights 2,gurgaon,1.54
126.35,2.0,2.0,2.0,0.0,sector 81,9.0,0.0,0.0,0.0,1.0,0.0,0.0,0.0,1.0,0.0,0.0,1.0,1.0,0.0,0.0,0.0,0.0,0.0,0.0,0.0,6.0,10.0,4.0,6.0,0.0,1.0,0.0,0.0,1.0,5.0,1.0,1.0,1.0,0.0,1.0,0.0,1.0,0.0,super built up,high,new,bestech park view ananda,gurgaon,0.95
162.3,3.0,3.0,3.0,1.0,sector 90,14.0,0.0,0.0,0.0,0.0,1.0,0.0,0.0,0.0,0.0,0.0,0.0,0.0,0.0,0.0,0.0,0.0,0.0,0.0,0.0,6.0,10.0,4.0,6.0,0.0,1.0,0.0,0.0,1.0,5.0,1.0,1.0,1.0,0.0,1.0,0.0,1.0,0.0,super built up,high,new,dlf regal gardens,gurgaon,1.21
195.1,3.0,4.0,3.0,1.0,sector 81,9.0,1.0,0.0,0.0,0.0,0.0,0.0,0.0,1.0,1.0,0.0,1.0,0.0,0.0,0.0,0.0,0.0,0.0,0.0,0.0,6.0,10.0,4.0,6.0,0.0,1.0,0.0,0.0,1.0,5.0,1.0,1.0,1.0,0.0,1.0,0.0,1.0,0.0,super built up,mid,new,dlf the ultima,gurgaon,2.2
205.78,4.0,4.0,3.0,0.0,sector 90,14.0,0.0,0.0,0.0,0.0,1.0,0.0,0.0,0.0,0.0,0.0,0.0,0.0,0.0,0.0,0.0,0.0,0.0,0.0,0.0,6.0,10.0,4.0,6.0,0.0,1.0,0.0,0.0,1.0,5.0,1.0,1.0,1.0,0.0,1.0,0.0,1.0,0.0,super built up,high,new,dlf regal gardens,gurgaon,1.65
169.55,3.0,3.0,3.0,0.0,sector 84,3.0,0.0,0.0,0.0,0.0,1.0,1.0,0.0,1.0,0.0,0.0,0.0,0.0,0.0,0.0,0.0,0.0,0.0,0.0,0.0,6.0,10.0,4.0,6.0,0.0,1.0,0.0,0.0,1.0,5.0,1.0,1.0,1.0,0.0,1.0,0.0,1.0,0.0,super built up,high,new,antriksh heights,gurgaon,0.9
111.48,2.0,2.0,3.0,0.0,sector 84,3.0,0.0,0.0,0.0,0.0,1.0,1.0,0.0,1.0,0.0,0.0,0.0,0.0,0.0,0.0,0.0,0.0,0.0,0.0,0.0,6.0,10.0,4.0,6.0,0.0,1.0,0.0,0.0,1.0,5.0,1.0,1.0,1.0,0.0,1.0,0.0,1.0,0.0,super built up,high,new,antriksh heights,gurgaon,0.54
194.63,4.0,4.0,3.0,1.0,sector 84,3.0,0.0,0.0,0.0,0.0,1.0,1.0,0.0,1.0,0.0,0.0,0.0,0.0,0.0,0.0,0.0,0.0,0.0,0.0,0.0,6.0,10.0,4.0,6.0,0.0,1.0,0.0,0.0,1.0,5.0,1.0,1.0,1.0,0.0,1.0,0.0,1.0,0.0,super built up,high,new,antriksh heights,gurgaon,1.02
205.78,4.0,4.0,3.0,0.0,sector 90,14.0,0.0,0.0,0.0,0.0,1.0,0.0,0.0,0.0,0.0,0.0,0.0,0.0,0.0,0.0,0.0,0.0,0.0,0.0,0.0,6.0,10.0,4.0,6.0,0.0,1.0,0.0,0.0,1.0,5.0,1.0,1.0,1.0,0.0,1.0,0.0,1.0,0.0,super built up,high,new,dlf regal gardens,gurgaon,1.78
168.9,3.0,3.0,3.0,1.0,sector 90,14.0,0.0,0.0,0.0,0.0,1.0,0.0,0.0,0.0,0.0,0.0,0.0,0.0,0.0,0.0,0.0,0.0,0.0,0.0,0.0,6.0,10.0,4.0,6.0,0.0,1.0,0.0,0.0,1.0,5.0,1.0,1.0,1.0,0.0,1.0,0.0,1.0,0.0,super built up,high,new,dlf regal gardens,gurgaon,1.29
159.79,3.0,3.0,3.0,1.0,sector 90,14.0,0.0,0.0,0.0,0.0,1.0,0.0,0.0,0.0,0.0,0.0,0.0,0.0,0.0,0.0,0.0,0.0,0.0,0.0,0.0,6.0,10.0,4.0,6.0,0.0,1.0,0.0,0.0,1.0,5.0,1.0,1.0,1.0,0.0,1.0,0.0,1.0,0.0,super built up,high,new,dlf regal gardens,gurgaon,1.25
198.07,3.0,3.0,2.0,1.0,sector 81,9.0,1.0,0.0,0.0,0.0,0.0,0.0,0.0,1.0,1.0,0.0,1.0,0.0,0.0,0.0,0.0,0.0,0.0,0.0,0.0,6.0,10.0,4.0,6.0,0.0,1.0,0.0,0.0,1.0,5.0,1.0,1.0,1.0,0.0,1.0,0.0,1.0,0.0,super built up,mid,new,dlf the ultima,gurgaon,2.5
218.32,3.0,4.0,3.0,1.0,sector 70,11.0,1.0,0.0,0.0,1.0,0.0,1.0,0.0,1.0,1.0,0.0,0.0,0.0,0.0,0.0,0.0,0.0,0.0,0.0,0.0,6.0,10.0,4.0,6.0,0.0,1.0,0.0,0.0,1.0,5.0,1.0,1.0,1.0,0.0,1.0,0.0,1.0,0.0,super built up,high,new,aipl the peaceful homes,gurgaon,2.52
167.23,4.0,4.0,3.0,1.0,sector 33,15.0,1.0,0.0,0.0,0.0,0.0,1.0,0.0,1.0,1.0,0.0,0.0,0.0,0.0,1.0,0.0,1.0,0.0,0.0,0.0,6.0,10.0,4.0,6.0,0.0,1.0,0.0,0.0,1.0,5.0,1.0,1.0,1.0,0.0,1.0,0.0,1.0,0.0,carpet,mid,new,central park flower valley,sohna,2.3
120.77,3.0,3.0,3.0,0.0,sector 33,15.0,1.0,0.0,0.0,0.0,0.0,1.0,0.0,1.0,1.0,0.0,0.0,0.0,0.0,1.0,0.0,1.0,0.0,0.0,0.0,6.0,10.0,4.0,6.0,0.0,1.0,0.0,0.0,1.0,5.0,1.0,1.0,1.0,0.0,1.0,0.0,1.0,0.0,carpet,mid,new,central park flower valley,sohna,1.55
179.3,3.0,3.0,3.0,0.0,sector 90,6.0,1.0,0.0,0.0,0.0,0.0,0.0,0.0,1.0,1.0,0.0,0.0,0.0,0.0,1.0,0.0,0.0,0.0,0.0,0.0,6.0,10.0,4.0,6.0,0.0,1.0,0.0,0.0,1.0,5.0,1.0,1.0,1.0,0.0,1.0,0.0,1.0,0.0,super built up,high,new,dlf new town heights 1,gurgaon,1.2
219.62,4.0,4.0,3.0,1.0,sector 90,6.0,1.0,0.0,0.0,0.0,0.0,0.0,0.0,1.0,1.0,0.0,0.0,0.0,0.0,1.0,0.0,0.0,0.0,0.0,0.0,6.0,10.0,4.0,6.0,0.0,1.0,0.0,0.0,1.0,5.0,1.0,1.0,1.0,0.0,1.0,0.0,1.0,0.0,super built up,high,old,dlf new town heights 1,gurgaon,1.65
138.43,3.0,3.0,3.0,0.0,sector 79,9.0,0.0,0.0,0.0,1.0,0.0,0.0,0.0,1.0,1.0,0.0,1.0,1.0,0.0,0.0,0.0,0.0,0.0,0.0,0.0,6.0,10.0,4.0,6.0,0.0,1.0,0.0,0.0,1.0,5.0,1.0,1.0,1.0,0.0,1.0,0.0,1.0,0.0,carpet,high,new,mapsko mount ville,gurgaon,1.25
138.43,3.0,3.0,3.0,0.0,sector 79,9.0,0.0,0.0,0.0,1.0,0.0,0.0,0.0,1.0,1.0,0.0,1.0,1.0,0.0,0.0,0.0,0.0,0.0,0.0,0.0,6.0,10.0,4.0,6.0,0.0,1.0,0.0,0.0,1.0,5.0,1.0,1.0,1.0,0.0,1.0,0.0,1.0,0.0,super built up,high,new,mapsko mount ville,gurgaon,1.2
168.34,3.0,3.0,3.0,0.0,sector 69,12.0,1.0,0.0,0.0,0.0,0.0,1.0,0.0,1.0,1.0,0.0,0.0,0.0,0.0,1.0,0.0,1.0,0.0,0.0,0.0,6.0,10.0,4.0,6.0,0.0,1.0,0.0,0.0,1.0,5.0,1.0,1.0,1.0,0.0,1.0,0.0,1.0,0.0,super built up,high,new,tulip leaf,gurgaon,2.06
168.34,3.0,3.0,3.0,0.0,sector 69,12.0,1.0,0.0,0.0,0.0,0.0,1.0,0.0,1.0,1.0,0.0,0.0,0.0,0.0,1.0,0.0,1.0,0.0,0.0,0.0,6.0,10.0,4.0,6.0,0.0,1.0,0.0,0.0,1.0,5.0,1.0,1.0,1.0,0.0,1.0,0.0,1.0,0.0,super built up,high,new,tulip leaf,gurgaon,2.07
181.16,3.0,5.0,3.0,1.0,sector 70,15.0,1.0,0.0,0.0,1.0,0.0,1.0,1.0,0.0,0.0,0.0,0.0,0.0,1.0,0.0,0.0,0.0,0.0,0.0,0.0,6.0,10.0,4.0,6.0,0.0,1.0,0.0,0.0,1.0,5.0,1.0,1.0,1.0,0.0,1.0,0.0,1.0,0.0,carpet,mid,new,shree vardhman victoria,gurgaon,1.6
142.88,3.0,3.0,2.0,1.0,sector 69,10.0,1.0,0.0,0.0,1.0,0.0,1.0,0.0,1.0,1.0,0.0,0.0,0.0,0.0,1.0,0.0,0.0,0.0,0.0,0.0,6.0,10.0,4.0,6.0,0.0,1.0,0.0,0.0,1.0,5.0,1.0,1.0,1.0,0.0,1.0,0.0,1.0,0.0,super built up,high,new,tulip violet,gurgaon,1.31
116.13,4.0,4.0,2.0,0.0,sector 69,47.0,1.0,0.0,0.0,0.0,1.0,0.0,1.0,1.0,0.0,0.0,1.0,0.0,1.0,0.0,1.0,0.0,0.0,0.0,1.0,6.0,10.0,4.0,6.0,0.0,1.0,0.0,0.0,1.0,5.0,1.0,1.0,1.0,0.0,1.0,0.0,1.0,0.0,carpet,high,new,tulip violet,gurgaon,1.92
186.74,4.0,4.0,2.0,1.0,sector 69,10.0,1.0,0.0,0.0,1.0,0.0,1.0,0.0,1.0,1.0,0.0,0.0,0.0,0.0,1.0,0.0,0.0,0.0,0.0,0.0,6.0,10.0,4.0,6.0,0.0,1.0,0.0,0.0,1.0,5.0,1.0,1.0,1.0,0.0,1.0,0.0,1.0,0.0,super built up,mid,new,tulip violet,gurgaon,1.9
293.2,4.0,6.0,3.0,1.0,sector 69,10.0,1.0,0.0,0.0,1.0,0.0,1.0,0.0,1.0,1.0,0.0,0.0,0.0,0.0,1.0,0.0,0.0,0.0,0.0,0.0,6.0,10.0,4.0,6.0,0.0,1.0,0.0,0.0,1.0,5.0,1.0,1.0,1.0,0.0,1.0,0.0,1.0,0.0,super built up,high,new,tulip violet,gurgaon,3.1
145.67,3.0,3.0,1.0,1.0,sector 69,10.0,1.0,0.0,0.0,1.0,0.0,1.0,0.0,1.0,1.0,0.0,0.0,0.0,0.0,1.0,0.0,0.0,0.0,0.0,0.0,6.0,10.0,4.0,6.0,0.0,1.0,0.0,0.0,1.0,5.0,1.0,1.0,1.0,0.0,1.0,0.0,1.0,0.0,super built up,high,new,tulip violet,gurgaon,1.4
146.6,3.0,3.0,2.0,1.0,sector 69,10.0,1.0,0.0,0.0,1.0,0.0,1.0,0.0,1.0,1.0,0.0,0.0,0.0,0.0,1.0,0.0,0.0,0.0,0.0,0.0,6.0,10.0,4.0,6.0,0.0,1.0,0.0,0.0,1.0,5.0,1.0,1.0,1.0,0.0,1.0,0.0,1.0,0.0,super built up,low,new,tulip violet,gurgaon,1.44
293.2,4.0,5.0,3.0,1.0,sector 69,10.0,1.0,0.0,0.0,1.0,0.0,1.0,0.0,1.0,1.0,0.0,0.0,0.0,0.0,1.0,0.0,0.0,0.0,0.0,0.0,6.0,10.0,4.0,6.0,0.0,1.0,0.0,0.0,1.0,5.0,1.0,1.0,1.0,0.0,1.0,0.0,1.0,0.0,super built up,high,new,tulip violet,gurgaon,3.05
146.6,3.0,3.0,2.0,1.0,sector 69,10.0,1.0,0.0,0.0,1.0,0.0,1.0,0.0,1.0,1.0,0.0,0.0,0.0,0.0,1.0,0.0,0.0,0.0,0.0,0.0,6.0,10.0,4.0,6.0,0.0,1.0,0.0,0.0,1.0,5.0,1.0,1.0,1.0,0.0,1.0,0.0,1.0,0.0,super built up,high,new,tulip violet,gurgaon,1.28
146.6,3.0,3.0,2.0,1.0,sector 69,10.0,1.0,0.0,0.0,1.0,0.0,1.0,0.0,1.0,1.0,0.0,0.0,0.0,0.0,1.0,0.0,0.0,0.0,0.0,0.0,6.0,10.0,4.0,6.0,0.0,1.0,0.0,0.0,1.0,5.0,1.0,1.0,1.0,0.0,1.0,0.0,1.0,0.0,super built up,high,new,tulip violet,gurgaon,1.6
186.74,4.0,4.0,2.0,0.0,sector 69,10.0,1.0,0.0,0.0,1.0,0.0,1.0,0.0,1.0,1.0,0.0,0.0,0.0,0.0,1.0,0.0,0.0,0.0,0.0,0.0,6.0,10.0,4.0,6.0,0.0,1.0,0.0,0.0,1.0,5.0,1.0,1.0,1.0,0.0,1.0,0.0,1.0,0.0,super built up,high,new,tulip violet,gurgaon,1.9
146.6,3.0,3.0,2.0,1.0,sector 69,10.0,1.0,0.0,0.0,1.0,0.0,1.0,0.0,1.0,1.0,0.0,0.0,0.0,0.0,1.0,0.0,0.0,0.0,0.0,0.0,6.0,10.0,4.0,6.0,0.0,1.0,0.0,0.0,1.0,5.0,1.0,1.0,1.0,0.0,1.0,0.0,1.0,0.0,super built up,high,new,tulip violet,gurgaon,1.7
146.6,3.0,3.0,2.0,1.0,sector 69,10.0,1.0,0.0,0.0,1.0,0.0,1.0,0.0,1.0,1.0,0.0,0.0,0.0,0.0,1.0,0.0,0.0,0.0,0.0,0.0,6.0,10.0,4.0,6.0,0.0,1.0,0.0,0.0,1.0,5.0,1.0,1.0,1.0,0.0,1.0,0.0,1.0,0.0,super built up,high,new,tulip violet,gurgaon,1.36
142.88,3.0,3.0,1.0,0.0,sector 69,10.0,1.0,0.0,0.0,1.0,0.0,1.0,0.0,1.0,1.0,0.0,0.0,0.0,0.0,1.0,0.0,0.0,0.0,0.0,0.0,6.0,10.0,4.0,6.0,0.0,1.0,0.0,0.0,1.0,5.0,1.0,1.0,1.0,0.0,1.0,0.0,1.0,0.0,super built up,high,new,tulip violet,gurgaon,1.38
154.22,3.0,2.0,3.0,0.0,sector 81,9.0,0.0,0.0,0.0,1.0,0.0,0.0,0.0,1.0,0.0,0.0,1.0,1.0,0.0,0.0,0.0,0.0,0.0,0.0,0.0,6.0,10.0,4.0,6.0,0.0,1.0,0.0,0.0,1.0,5.0,1.0,1.0,1.0,0.0,1.0,0.0,1.0,0.0,super built up,high,new,bestech park view ananda,gurgaon,1.15
145.67,3.0,3.0,1.0,0.0,sector 69,10.0,1.0,0.0,0.0,1.0,0.0,1.0,0.0,1.0,1.0,0.0,0.0,0.0,0.0,1.0,0.0,0.0,0.0,0.0,0.0,6.0,10.0,4.0,6.0,0.0,1.0,0.0,0.0,1.0,5.0,1.0,1.0,1.0,0.0,1.0,0.0,1.0,0.0,super built up,high,new,tulip violet,gurgaon,1.4
142.88,3.0,3.0,1.0,0.0,sector 69,10.0,1.0,0.0,0.0,1.0,0.0,1.0,0.0,1.0,1.0,0.0,0.0,0.0,0.0,1.0,0.0,0.0,0.0,0.0,0.0,6.0,10.0,4.0,6.0,0.0,1.0,0.0,0.0,1.0,5.0,1.0,1.0,1.0,0.0,1.0,0.0,1.0,0.0,super built up,high,new,tulip violet,gurgaon,1.37
145.67,3.0,3.0,1.0,1.0,sector 69,10.0,1.0,0.0,0.0,1.0,0.0,1.0,0.0,1.0,1.0,0.0,0.0,0.0,0.0,1.0,0.0,0.0,0.0,0.0,0.0,6.0,10.0,4.0,6.0,0.0,1.0,0.0,0.0,1.0,5.0,1.0,1.0,1.0,0.0,1.0,0.0,1.0,0.0,super built up,high,new,tulip violet,gurgaon,1.4
97.55,2.0,2.0,2.0,0.0,sector 83,15.0,1.0,0.0,0.0,0.0,0.0,0.0,0.0,1.0,0.0,0.0,0.0,0.0,0.0,0.0,0.0,0.0,0.0,0.0,0.0,6.0,10.0,4.0,6.0,0.0,1.0,0.0,0.0,1.0,5.0,1.0,1.0,1.0,0.0,1.0,0.0,1.0,0.0,super built up,low,new,vatika emilia floors,gurgaon,0.65
97.55,2.0,2.0,2.0,0.0,sector 83,15.0,1.0,0.0,0.0,0.0,0.0,0.0,0.0,1.0,0.0,0.0,0.0,0.0,0.0,0.0,0.0,0.0,0.0,0.0,0.0,6.0,10.0,4.0,6.0,0.0,1.0,0.0,0.0,1.0,5.0,1.0,1.0,1.0,0.0,1.0,0.0,1.0,0.0,super built up,low,new,vatika emilia floors,gurgaon,0.6
124.68,2.0,2.0,2.0,0.0,sector 77,10.0,1.0,0.0,0.0,1.0,0.0,1.0,0.0,1.0,1.0,0.0,0.0,1.0,0.0,0.0,0.0,0.0,0.0,0.0,0.0,6.0,10.0,4.0,6.0,0.0,1.0,0.0,0.0,1.0,5.0,1.0,1.0,1.0,0.0,1.0,0.0,1.0,0.0,super built up,mid,new,umang winter hills,gurgaon,0.75
126.35,2.0,2.0,2.0,0.0,sector 81,9.0,0.0,0.0,0.0,1.0,0.0,0.0,0.0,1.0,0.0,0.0,1.0,1.0,0.0,0.0,0.0,0.0,0.0,0.0,0.0,6.0,10.0,4.0,6.0,0.0,1.0,0.0,0.0,1.0,5.0,1.0,1.0,1.0,0.0,1.0,0.0,1.0,0.0,super built up,high,new,bestech park view ananda,gurgaon,0.95
178.19,3.0,3.0,3.0,1.0,sector 84,10.0,1.0,0.0,0.0,1.0,0.0,1.0,0.0,1.0,1.0,0.0,0.0,1.0,0.0,0.0,0.0,0.0,0.0,0.0,0.0,6.0,10.0,4.0,6.0,0.0,1.0,0.0,0.0,1.0,5.0,1.0,1.0,1.0,0.0,1.0,0.0,1.0,0.0,super built up,high,new,spaze privy at4,gurgaon,1.24
160.26,3.0,3.0,3.0,0.0,sector 84,3.0,0.0,0.0,0.0,0.0,1.0,1.0,0.0,1.0,0.0,0.0,0.0,0.0,0.0,0.0,0.0,0.0,0.0,0.0,0.0,6.0,10.0,4.0,6.0,0.0,1.0,0.0,0.0,1.0,5.0,1.0,1.0,1.0,0.0,1.0,0.0,1.0,0.0,super built up,high,new,antriksh heights,gurgaon,0.9
150.5,3.0,3.0,3.0,0.0,sector 79,9.0,0.0,0.0,0.0,1.0,0.0,0.0,0.0,1.0,1.0,0.0,1.0,1.0,0.0,0.0,0.0,0.0,0.0,0.0,0.0,6.0,10.0,4.0,6.0,0.0,1.0,0.0,0.0,1.0,5.0,1.0,1.0,1.0,0.0,1.0,0.0,1.0,0.0,super built up,low,new,mapsko mount ville,gurgaon,1.3
111.48,2.0,2.0,3.0,1.0,sector 84,3.0,0.0,0.0,0.0,0.0,1.0,1.0,0.0,1.0,0.0,0.0,0.0,0.0,0.0,0.0,0.0,0.0,0.0,0.0,0.0,6.0,10.0,4.0,6.0,0.0,1.0,0.0,0.0,1.0,5.0,1.0,1.0,1.0,0.0,1.0,0.0,1.0,0.0,super built up,mid,new,antriksh heights,gurgaon,0.73
179.3,3.0,3.0,3.0,1.0,sector 86,15.0,1.0,0.0,0.0,0.0,0.0,0.0,1.0,1.0,1.0,0.0,0.0,0.0,0.0,0.0,0.0,0.0,0.0,0.0,0.0,6.0,10.0,4.0,6.0,0.0,1.0,0.0,0.0,1.0,5.0,1.0,1.0,1.0,0.0,1.0,0.0,1.0,0.0,super built up,mid,old,dlf new town heights 2,gurgaon,1.26
179.3,3.0,3.0,3.0,1.0,sector 90,6.0,1.0,0.0,0.0,0.0,0.0,0.0,0.0,1.0,1.0,0.0,0.0,0.0,0.0,1.0,0.0,0.0,0.0,0.0,0.0,6.0,10.0,4.0,6.0,0.0,1.0,0.0,0.0,1.0,5.0,1.0,1.0,1.0,0.0,1.0,0.0,1.0,0.0,super built up,mid,new,dlf new town heights 1,gurgaon,1.25
253.35,4.0,4.0,3.0,1.0,sector 90,6.0,1.0,0.0,0.0,0.0,0.0,0.0,0.0,1.0,1.0,0.0,0.0,0.0,0.0,1.0,0.0,0.0,0.0,0.0,0.0,6.0,10.0,4.0,6.0,0.0,1.0,0.0,0.0,1.0,5.0,1.0,1.0,1.0,0.0,1.0,0.0,1.0,0.0,super built up,high,new,dlf new town heights 1,gurgaon,1.88
179.3,3.0,3.0,3.0,1.0,sector 90,6.0,1.0,0.0,0.0,0.0,0.0,0.0,0.0,1.0,1.0,0.0,0.0,0.0,0.0,1.0,0.0,0.0,0.0,0.0,0.0,6.0,10.0,4.0,6.0,0.0,1.0,0.0,0.0,1.0,5.0,1.0,1.0,1.0,0.0,1.0,0.0,1.0,0.0,super built up,high,new,dlf new town heights 1,gurgaon,1.3
55.83,2.0,2.0,2.0,0.0,sector 86,9.0,0.0,0.0,0.0,1.0,0.0,0.0,0.0,1.0,0.0,0.0,0.0,0.0,0.0,0.0,0.0,0.0,0.0,0.0,0.0,6.0,10.0,4.0,6.0,0.0,1.0,0.0,0.0,1.0,5.0,1.0,1.0,1.0,0.0,1.0,0.0,1.0,0.0,carpet,mid,new,pyramid urban homes 2,gurgaon,0.44
160.26,3.0,3.0,3.0,1.0,sector 84,3.0,0.0,0.0,0.0,0.0,1.0,1.0,0.0,1.0,0.0,0.0,0.0,0.0,0.0,0.0,0.0,0.0,0.0,0.0,0.0,6.0,10.0,4.0,6.0,0.0,1.0,0.0,0.0,1.0,5.0,1.0,1.0,1.0,0.0,1.0,0.0,1.0,0.0,super built up,high,new,antriksh heights,gurgaon,0.84
160.26,3.0,3.0,3.0,0.0,sector 84,3.0,0.0,0.0,0.0,0.0,1.0,1.0,0.0,1.0,0.0,0.0,0.0,0.0,0.0,0.0,0.0,0.0,0.0,0.0,0.0,6.0,10.0,4.0,6.0,0.0,1.0,0.0,0.0,1.0,5.0,1.0,1.0,1.0,0.0,1.0,0.0,1.0,0.0,super built up,high,new,antriksh heights,gurgaon,0.79
235.51,4.0,5.0,3.0,1.0,sector 82,11.0,0.0,0.0,0.0,1.0,0.0,1.0,0.0,1.0,1.0,0.0,0.0,0.0,0.0,1.0,0.0,0.0,0.0,0.0,0.0,6.0,10.0,4.0,6.0,0.0,1.0,0.0,0.0,1.0,5.0,1.0,1.0,1.0,0.0,1.0,0.0,1.0,0.0,super built up,high,new,mapsko casa bella,gurgaon,1.38
158.96,3.0,3.0,2.0,0.0,sector 108,13.0,1.0,0.0,0.0,0.0,0.0,1.0,0.0,1.0,1.0,0.0,0.0,1.0,0.0,0.0,0.0,0.0,0.0,1.0,0.0,6.0,10.0,4.0,6.0,0.0,1.0,0.0,0.0,1.0,5.0,1.0,1.0,1.0,0.0,1.0,0.0,1.0,0.0,super built up,high,new,sobha city,gurgaon,2.6
186.74,4.0,4.0,2.0,0.0,sector 69,10.0,1.0,0.0,0.0,1.0,0.0,1.0,0.0,1.0,1.0,0.0,0.0,0.0,0.0,1.0,0.0,0.0,0.0,0.0,0.0,6.0,10.0,4.0,6.0,0.0,1.0,0.0,0.0,1.0,5.0,1.0,1.0,1.0,0.0,1.0,0.0,1.0,0.0,super built up,mid,new,tulip violet,gurgaon,1.7
186.74,4.0,4.0,2.0,0.0,sector 69,10.0,1.0,0.0,0.0,1.0,0.0,1.0,0.0,1.0,1.0,0.0,0.0,0.0,0.0,1.0,0.0,0.0,0.0,0.0,0.0,6.0,10.0,4.0,6.0,0.0,1.0,0.0,0.0,1.0,5.0,1.0,1.0,1.0,0.0,1.0,0.0,1.0,0.0,super built up,high,new,tulip violet,gurgaon,1.7
146.6,3.0,3.0,2.0,1.0,sector 69,10.0,1.0,0.0,0.0,1.0,0.0,1.0,0.0,1.0,1.0,0.0,0.0,0.0,0.0,1.0,0.0,0.0,0.0,0.0,0.0,6.0,10.0,4.0,6.0,0.0,1.0,0.0,0.0,1.0,5.0,1.0,1.0,1.0,0.0,1.0,0.0,1.0,0.0,super built up,high,new,tulip violet,gurgaon,1.4
186.74,4.0,4.0,2.0,0.0,sector 69,10.0,1.0,0.0,0.0,1.0,0.0,1.0,0.0,1.0,1.0,0.0,0.0,0.0,0.0,1.0,0.0,0.0,0.0,0.0,0.0,6.0,10.0,4.0,6.0,0.0,1.0,0.0,0.0,1.0,5.0,1.0,1.0,1.0,0.0,1.0,0.0,1.0,0.0,super built up,mid,new,tulip violet,gurgaon,1.68
186.74,4.0,4.0,2.0,0.0,sector 69,10.0,1.0,0.0,0.0,1.0,0.0,1.0,0.0,1.0,1.0,0.0,0.0,0.0,0.0,1.0,0.0,0.0,0.0,0.0,0.0,6.0,10.0,4.0,6.0,0.0,1.0,0.0,0.0,1.0,5.0,1.0,1.0,1.0,0.0,1.0,0.0,1.0,0.0,super built up,low,new,tulip violet,gurgaon,1.7
146.6,3.0,3.0,2.0,0.0,sector 69,10.0,1.0,0.0,0.0,1.0,0.0,1.0,0.0,1.0,1.0,0.0,0.0,0.0,0.0,1.0,0.0,0.0,0.0,0.0,0.0,6.0,10.0,4.0,6.0,0.0,1.0,0.0,0.0,1.0,5.0,1.0,1.0,1.0,0.0,1.0,0.0,1.0,0.0,super built up,low,new,tulip violet,gurgaon,1.4
83.61,3.0,3.0,3.0,1.0,sector 37,10.0,0.0,0.0,0.0,1.0,1.0,1.0,0.0,1.0,1.0,0.0,0.0,1.0,0.0,1.0,0.0,0.0,0.0,0.0,0.0,6.0,10.0,4.0,6.0,0.0,1.0,0.0,0.0,1.0,5.0,1.0,1.0,1.0,0.0,1.0,0.0,1.0,0.0,carpet,mid,new,ramprastha primera,gurgaon,1.2
125.51,2.0,2.0,3.0,0.0,sector 79,11.0,1.0,0.0,0.0,1.0,0.0,1.0,0.0,1.0,1.0,0.0,0.0,1.0,0.0,0.0,0.0,0.0,0.0,1.0,0.0,6.0,10.0,4.0,6.0,0.0,1.0,0.0,0.0,1.0,5.0,1.0,1.0,1.0,0.0,1.0,0.0,1.0,0.0,super built up,high,new,godrej aria,gurgaon,0.96
78.97,2.0,3.0,3.0,1.0,sector 86,10.0,1.0,0.0,0.0,1.0,0.0,0.0,0.0,1.0,1.0,0.0,0.0,1.0,0.0,0.0,0.0,0.0,0.0,0.0,0.0,6.0,10.0,4.0,6.0,0.0,1.0,0.0,0.0,1.0,5.0,1.0,1.0,1.0,0.0,1.0,0.0,1.0,0.0,carpet,mid,new,microtek greenburg,gurgaon,1.3
196.95,3.0,3.0,3.0,1.0,sector 92,11.0,1.0,0.0,0.0,1.0,0.0,1.0,0.0,1.0,1.0,0.0,0.0,1.0,0.0,1.0,0.0,0.0,0.0,0.0,0.0,6.0,10.0,4.0,6.0,0.0,1.0,0.0,0.0,1.0,5.0,1.0,1.0,1.0,0.0,1.0,0.0,1.0,0.0,super built up,high,new,bestech park view sanskruti,gurgaon,1.6
212.28,3.0,4.0,3.0,1.0,sector 86,10.0,1.0,0.0,0.0,1.0,0.0,0.0,0.0,1.0,1.0,0.0,0.0,1.0,0.0,0.0,0.0,0.0,0.0,0.0,0.0,6.0,10.0,4.0,6.0,0.0,1.0,0.0,0.0,1.0,5.0,1.0,1.0,1.0,0.0,1.0,0.0,1.0,0.0,super built up,high,new,microtek greenburg,gurgaon,1.93
178.37,3.0,3.0,2.0,0.0,sector 92,11.0,1.0,0.0,0.0,1.0,0.0,1.0,0.0,1.0,1.0,0.0,0.0,1.0,0.0,1.0,0.0,0.0,0.0,0.0,0.0,6.0,10.0,4.0,6.0,0.0,1.0,0.0,0.0,1.0,5.0,1.0,1.0,1.0,0.0,1.0,0.0,1.0,0.0,super built up,high,new,bestech park view sanskruti,gurgaon,1.42
195.1,3.0,4.0,3.0,1.0,sector 81,9.0,1.0,0.0,0.0,0.0,0.0,0.0,0.0,1.0,1.0,0.0,1.0,0.0,0.0,0.0,0.0,0.0,0.0,0.0,0.0,6.0,10.0,4.0,6.0,0.0,1.0,0.0,0.0,1.0,5.0,1.0,1.0,1.0,0.0,1.0,0.0,1.0,0.0,super built up,high,new,dlf the ultima,gurgaon,2.2
179.21,3.0,3.0,1.0,0.0,sector 86,10.0,0.0,0.0,0.0,1.0,0.0,0.0,0.0,1.0,1.0,0.0,0.0,0.0,0.0,1.0,0.0,0.0,0.0,0.0,0.0,6.0,10.0,4.0,6.0,0.0,1.0,0.0,0.0,1.0,5.0,1.0,1.0,1.0,0.0,1.0,0.0,1.0,0.0,super built up,high,new,dlf the skycourt,gurgaon,1.35
176.05,3.0,4.0,3.0,1.0,sector 86,10.0,1.0,0.0,0.0,1.0,0.0,0.0,0.0,1.0,1.0,0.0,0.0,1.0,0.0,0.0,0.0,0.0,0.0,0.0,0.0,6.0,10.0,4.0,6.0,0.0,1.0,0.0,0.0,1.0,5.0,1.0,1.0,1.0,0.0,1.0,0.0,1.0,0.0,super built up,high,new,microtek greenburg,gurgaon,1.65
153.29,3.0,3.0,3.0,1.0,sector 48,45.0,1.0,0.0,0.0,0.0,1.0,1.0,1.0,0.0,0.0,0.0,0.0,0.0,1.0,0.0,1.0,0.0,1.0,0.0,0.0,6.0,10.0,4.0,6.0,0.0,1.0,0.0,0.0,1.0,5.0,1.0,1.0,1.0,0.0,1.0,0.0,1.0,0.0,super built up,low,old,parsvnath green ville,gurgaon,1.42
163.51,3.0,4.0,3.0,1.0,sector 106,11.0,1.0,0.0,0.0,1.0,0.0,1.0,0.0,1.0,1.0,0.0,1.0,1.0,0.0,1.0,0.0,0.0,0.0,0.0,0.0,6.0,10.0,4.0,6.0,0.0,1.0,0.0,0.0,1.0,5.0,1.0,1.0,1.0,0.0,1.0,0.0,1.0,0.0,super built up,high,new,paras dews,gurgaon,1.1
185.53,3.0,5.0,3.0,1.0,sector 99,15.0,1.0,0.0,0.0,1.0,1.0,1.0,1.0,1.0,1.0,0.0,0.0,0.0,0.0,1.0,0.0,0.0,0.0,0.0,0.0,6.0,10.0,4.0,6.0,0.0,1.0,0.0,0.0,1.0,5.0,1.0,1.0,1.0,0.0,1.0,0.0,1.0,0.0,super built up,mid,new,pareena coban residences,gurgaon,1.23
178.37,3.0,3.0,3.0,1.0,sector 92,11.0,1.0,0.0,0.0,1.0,0.0,1.0,0.0,1.0,1.0,0.0,0.0,1.0,0.0,1.0,0.0,0.0,0.0,0.0,0.0,6.0,10.0,4.0,6.0,0.0,1.0,0.0,0.0,1.0,5.0,1.0,1.0,1.0,0.0,1.0,0.0,1.0,0.0,super built up,low,new,bestech park view sanskruti,gurgaon,1.5
120.77,2.0,2.0,2.0,1.0,sector 90,10.0,1.0,0.0,0.0,1.0,0.0,1.0,0.0,1.0,1.0,0.0,0.0,1.0,0.0,1.0,0.0,0.0,0.0,0.0,0.0,6.0,10.0,4.0,6.0,0.0,1.0,0.0,0.0,1.0,5.0,1.0,1.0,1.0,0.0,1.0,0.0,1.0,0.0,super built up,high,old,shree vardhman flora,gurgaon,0.65
120.77,2.0,2.0,3.0,1.0,sector 90,10.0,1.0,0.0,0.0,1.0,0.0,1.0,0.0,1.0,1.0,0.0,0.0,1.0,0.0,1.0,0.0,0.0,0.0,0.0,0.0,6.0,10.0,4.0,6.0,0.0,1.0,0.0,0.0,1.0,5.0,1.0,1.0,1.0,0.0,1.0,0.0,1.0,0.0,super built up,mid,old,shree vardhman flora,gurgaon,0.64
174.38,3.0,3.0,2.0,0.0,sector 37,11.0,1.0,0.0,0.0,1.0,0.0,1.0,0.0,1.0,1.0,0.0,0.0,1.0,0.0,1.0,0.0,0.0,0.0,0.0,0.0,6.0,10.0,4.0,6.0,0.0,1.0,0.0,0.0,1.0,5.0,1.0,1.0,1.0,0.0,1.0,0.0,1.0,0.0,super built up,high,new,bptp terra,gurgaon,1.65
130.99,2.0,2.0,2.0,0.0,sector 37,11.0,1.0,0.0,0.0,1.0,0.0,1.0,0.0,1.0,1.0,0.0,0.0,1.0,0.0,1.0,0.0,0.0,0.0,0.0,0.0,6.0,10.0,4.0,6.0,0.0,1.0,0.0,0.0,1.0,5.0,1.0,1.0,1.0,0.0,1.0,0.0,1.0,0.0,super built up,high,new,bptp terra,gurgaon,1.17
168.25,3.0,3.0,3.0,0.0,sector 37,11.0,1.0,0.0,0.0,1.0,0.0,1.0,0.0,1.0,1.0,0.0,0.0,1.0,0.0,1.0,0.0,0.0,0.0,0.0,0.0,6.0,10.0,4.0,6.0,0.0,1.0,0.0,0.0,1.0,5.0,1.0,1.0,1.0,0.0,1.0,0.0,1.0,0.0,super built up,high,new,bptp terra,gurgaon,1.45
172.06,3.0,3.0,3.0,1.0,sector 102,13.0,1.0,0.0,0.0,1.0,1.0,0.0,0.0,1.0,1.0,0.0,0.0,1.0,0.0,1.0,0.0,0.0,1.0,0.0,0.0,6.0,10.0,4.0,6.0,0.0,1.0,0.0,0.0,1.0,5.0,1.0,1.0,1.0,0.0,1.0,0.0,1.0,0.0,super built up,mid,new,shapoorji pallonji joyville gurugram,gurgaon,1.95
390.19,4.0,4.0,3.0,1.0,sector 81,9.0,0.0,0.0,0.0,1.0,0.0,0.0,0.0,1.0,0.0,0.0,0.0,1.0,0.0,0.0,0.0,0.0,0.0,0.0,0.0,6.0,10.0,4.0,6.0,0.0,1.0,0.0,0.0,1.0,5.0,1.0,1.0,1.0,0.0,1.0,0.0,1.0,0.0,super built up,high,new,bestech park view grand spa,gurgaon,4.2
185.34,3.0,4.0,3.0,1.0,sector 92,11.0,1.0,0.0,0.0,1.0,0.0,1.0,0.0,1.0,1.0,0.0,0.0,1.0,0.0,1.0,0.0,0.0,0.0,0.0,0.0,6.0,10.0,4.0,6.0,0.0,1.0,0.0,0.0,1.0,5.0,1.0,1.0,1.0,0.0,1.0,0.0,1.0,0.0,super built up,high,new,bestech park view sanskruti,gurgaon,1.55
223.71,3.0,4.0,3.0,1.0,sector 85,13.0,1.0,0.0,0.0,1.0,0.0,1.0,0.0,1.0,1.0,0.0,0.0,1.0,0.0,1.0,0.0,0.0,0.0,1.0,0.0,6.0,10.0,4.0,6.0,0.0,1.0,0.0,0.0,1.0,5.0,1.0,1.0,1.0,0.0,1.0,0.0,1.0,0.0,super built up,high,new,ss the leaf,gurgaon,1.58
179.77,3.0,4.0,3.0,1.0,sector 67,11.0,0.0,0.0,0.0,1.0,0.0,0.0,0.0,1.0,0.0,0.0,0.0,0.0,0.0,0.0,0.0,0.0,0.0,0.0,0.0,6.0,10.0,4.0,6.0,0.0,1.0,0.0,0.0,1.0,5.0,1.0,1.0,1.0,0.0,1.0,0.0,1.0,0.0,super built up,high,old,bestech park view spa next,gurgaon,2.32
137.5,3.0,4.0,3.0,1.0,sector 86,10.0,1.0,0.0,0.0,1.0,0.0,0.0,0.0,1.0,1.0,0.0,0.0,1.0,0.0,0.0,0.0,0.0,0.0,0.0,0.0,6.0,10.0,4.0,6.0,0.0,1.0,0.0,0.0,1.0,5.0,1.0,1.0,1.0,0.0,1.0,0.0,1.0,0.0,super built up,high,new,microtek greenburg,gurgaon,1.25
151.62,2.0,2.0,1.0,1.0,sector 58,13.0,1.0,0.0,0.0,1.0,0.0,1.0,0.0,1.0,1.0,0.0,1.0,0.0,0.0,0.0,0.0,0.0,0.0,0.0,0.0,6.0,10.0,4.0,6.0,0.0,1.0,0.0,0.0,1.0,5.0,1.0,1.0,1.0,0.0,1.0,0.0,1.0,0.0,super built up,mid,new,ireo the grand arch,gurgaon,2.2
218.79,4.0,6.0,3.0,1.0,sector 106,11.0,1.0,0.0,0.0,1.0,0.0,1.0,0.0,1.0,1.0,0.0,1.0,1.0,0.0,1.0,0.0,0.0,0.0,0.0,0.0,6.0,10.0,4.0,6.0,0.0,1.0,0.0,0.0,1.0,5.0,1.0,1.0,1.0,0.0,1.0,0.0,1.0,0.0,super built up,high,new,paras dews,gurgaon,1.4
154.68,3.0,3.0,3.0,1.0,sector 106,11.0,1.0,0.0,0.0,1.0,0.0,1.0,0.0,1.0,1.0,0.0,1.0,1.0,0.0,1.0,0.0,0.0,0.0,0.0,0.0,6.0,10.0,4.0,6.0,0.0,1.0,0.0,0.0,1.0,5.0,1.0,1.0,1.0,0.0,1.0,0.0,1.0,0.0,super built up,high,new,paras dews,gurgaon,1.2
125.42,2.0,2.0,2.0,1.0,sector 88,7.0,1.0,0.0,0.0,0.0,0.0,0.0,0.0,1.0,0.0,0.0,0.0,1.0,0.0,0.0,0.0,0.0,0.0,0.0,0.0,6.0,10.0,4.0,6.0,0.0,1.0,0.0,0.0,1.0,5.0,1.0,1.0,1.0,0.0,1.0,0.0,1.0,0.0,super built up,low,new,vatika xpressions,gurgaon,0.92
176.52,3.0,4.0,3.0,1.0,sector 106,11.0,1.0,0.0,0.0,1.0,0.0,1.0,0.0,1.0,1.0,0.0,1.0,1.0,0.0,1.0,0.0,0.0,0.0,0.0,0.0,6.0,10.0,4.0,6.0,0.0,1.0,0.0,0.0,1.0,5.0,1.0,1.0,1.0,0.0,1.0,0.0,1.0,0.0,super built up,high,new,paras dews,gurgaon,1.25
163.51,3.0,4.0,3.0,1.0,sector 106,11.0,1.0,0.0,0.0,1.0,0.0,1.0,0.0,1.0,1.0,0.0,1.0,1.0,0.0,1.0,0.0,0.0,0.0,0.0,0.0,6.0,10.0,4.0,6.0,0.0,1.0,0.0,0.0,1.0,5.0,1.0,1.0,1.0,0.0,1.0,0.0,1.0,0.0,super built up,mid,new,paras dews,gurgaon,1.25
162.48,3.0,3.0,1.0,1.0,sector 49,14.0,1.0,0.0,0.0,0.0,0.0,1.0,1.0,0.0,0.0,0.0,0.0,0.0,0.0,0.0,0.0,0.0,0.0,0.0,0.0,6.0,10.0,4.0,6.0,0.0,1.0,0.0,0.0,1.0,5.0,1.0,1.0,1.0,0.0,1.0,0.0,1.0,0.0,super built up,mid,old,vatika city,gurgaon,1.85
182.09,3.0,3.0,3.0,1.0,sector 49,14.0,1.0,0.0,0.0,0.0,0.0,1.0,1.0,0.0,0.0,0.0,0.0,0.0,0.0,0.0,0.0,0.0,0.0,0.0,0.0,6.0,10.0,4.0,6.0,0.0,1.0,0.0,0.0,1.0,5.0,1.0,1.0,1.0,0.0,1.0,0.0,1.0,0.0,carpet,low,old,vatika city,gurgaon,1.69
204.48,3.0,3.0,2.0,1.0,sector 66,14.0,1.0,0.0,0.0,0.0,0.0,1.0,0.0,1.0,1.0,0.0,1.0,0.0,0.0,0.0,0.0,0.0,1.0,0.0,0.0,6.0,10.0,4.0,6.0,0.0,1.0,0.0,0.0,1.0,5.0,1.0,1.0,1.0,0.0,1.0,0.0,1.0,0.0,super built up,mid,new,emaar mgf the palm drive,gurgaon,3.5
111.48,2.0,2.0,2.0,1.0,sector 66,14.0,1.0,0.0,0.0,0.0,0.0,1.0,0.0,1.0,1.0,0.0,1.0,0.0,0.0,0.0,0.0,0.0,1.0,0.0,0.0,6.0,10.0,4.0,6.0,0.0,1.0,0.0,0.0,1.0,5.0,1.0,1.0,1.0,0.0,1.0,0.0,1.0,0.0,super built up,mid,new,emaar mgf the palm drive,gurgaon,1.51
225.75,3.0,3.0,3.0,1.0,sector 48,45.0,1.0,0.0,0.0,0.0,1.0,1.0,1.0,0.0,0.0,0.0,0.0,0.0,1.0,0.0,1.0,0.0,1.0,0.0,0.0,6.0,10.0,4.0,6.0,0.0,1.0,0.0,0.0,1.0,5.0,1.0,1.0,1.0,0.0,1.0,0.0,1.0,0.0,super built up,mid,old,parsvnath green ville,gurgaon,1.86
186.08,3.0,4.0,3.0,1.0,sector 108,9.0,1.0,0.0,0.0,1.0,0.0,1.0,0.0,1.0,1.0,0.0,0.0,1.0,0.0,0.0,0.0,0.0,0.0,0.0,0.0,6.0,10.0,4.0,6.0,0.0,1.0,0.0,0.0,1.0,5.0,1.0,1.0,1.0,0.0,1.0,0.0,1.0,0.0,super built up,high,new,experion the heartsong,gurgaon,1.7
217.21,3.0,3.0,3.0,1.0,sector 108,9.0,1.0,0.0,0.0,1.0,0.0,1.0,0.0,1.0,1.0,0.0,0.0,1.0,0.0,0.0,0.0,0.0,0.0,0.0,0.0,6.0,10.0,4.0,6.0,0.0,1.0,0.0,0.0,1.0,5.0,1.0,1.0,1.0,0.0,1.0,0.0,1.0,0.0,super built up,high,new,experion the heartsong,gurgaon,2.0
171.31,3.0,4.0,3.0,1.0,sector 104,15.0,1.0,0.0,0.0,1.0,0.0,0.0,0.0,1.0,1.0,1.0,1.0,1.0,0.0,1.0,0.0,0.0,0.0,1.0,0.0,6.0,10.0,4.0,6.0,0.0,1.0,0.0,0.0,1.0,5.0,1.0,1.0,1.0,0.0,1.0,0.0,1.0,0.0,super built up,high,new,godrej summit,gurgaon,1.25
153.01,3.0,3.0,3.0,1.0,sector 104,15.0,1.0,0.0,0.0,1.0,0.0,0.0,0.0,1.0,1.0,1.0,1.0,1.0,0.0,1.0,0.0,0.0,0.0,1.0,0.0,6.0,10.0,4.0,6.0,0.0,1.0,0.0,0.0,1.0,5.0,1.0,1.0,1.0,0.0,1.0,0.0,1.0,0.0,super built up,high,new,godrej summit,gurgaon,0.98
134.34,2.0,2.0,3.0,1.0,sector 104,15.0,1.0,0.0,0.0,1.0,0.0,0.0,0.0,1.0,1.0,1.0,1.0,1.0,0.0,1.0,0.0,0.0,0.0,1.0,0.0,6.0,10.0,4.0,6.0,0.0,1.0,0.0,0.0,1.0,5.0,1.0,1.0,1.0,0.0,1.0,0.0,1.0,0.0,super built up,high,new,godrej summit,gurgaon,0.85
117.89,2.0,2.0,3.0,1.0,sector 104,15.0,1.0,0.0,0.0,1.0,0.0,0.0,0.0,1.0,1.0,1.0,1.0,1.0,0.0,1.0,0.0,0.0,0.0,1.0,0.0,6.0,10.0,4.0,6.0,0.0,1.0,0.0,0.0,1.0,5.0,1.0,1.0,1.0,0.0,1.0,0.0,1.0,0.0,super built up,mid,new,godrej summit,gurgaon,0.75
55.93,2.0,2.0,1.0,0.0,sector 107,10.0,0.0,0.0,0.0,1.0,0.0,0.0,0.0,1.0,0.0,0.0,0.0,1.0,0.0,0.0,0.0,0.0,0.0,0.0,0.0,6.0,10.0,4.0,6.0,0.0,1.0,0.0,0.0,1.0,5.0,1.0,1.0,1.0,0.0,1.0,0.0,1.0,0.0,super built up,mid,new,signature global solera,gurgaon,0.3
162.12,3.0,3.0,3.0,0.0,sector 109,15.0,0.0,0.0,0.0,0.0,1.0,0.0,1.0,1.0,1.0,0.0,0.0,0.0,1.0,0.0,1.0,0.0,1.0,1.0,0.0,6.0,10.0,4.0,6.0,0.0,1.0,0.0,0.0,1.0,5.0,1.0,1.0,1.0,0.0,1.0,0.0,1.0,0.0,super built up,high,new,ats kocoon,gurgaon,1.7
162.58,3.0,3.0,3.0,1.0,sector 109,11.0,1.0,0.0,0.0,1.0,0.0,0.0,0.0,1.0,1.0,0.0,1.0,1.0,0.0,0.0,0.0,0.0,0.0,1.0,0.0,6.0,10.0,4.0,6.0,0.0,1.0,0.0,0.0,1.0,5.0,1.0,1.0,1.0,0.0,1.0,0.0,1.0,0.0,super built up,high,new,ats tourmaline,gurgaon,1.4
160.44,3.0,3.0,2.0,1.0,sector 67,12.0,0.0,0.0,0.0,1.0,0.0,1.0,0.0,1.0,1.0,0.0,1.0,0.0,0.0,1.0,0.0,0.0,0.0,0.0,0.0,6.0,10.0,4.0,6.0,0.0,1.0,0.0,0.0,1.0,5.0,1.0,1.0,1.0,0.0,1.0,0.0,1.0,0.0,super built up,high,new,ireo the corridors,gurgaon,1.7
181.16,3.0,4.0,3.0,1.0,sector 90,10.0,1.0,0.0,0.0,1.0,0.0,1.0,0.0,1.0,1.0,0.0,0.0,1.0,0.0,1.0,0.0,0.0,0.0,0.0,0.0,6.0,10.0,4.0,6.0,0.0,1.0,0.0,0.0,1.0,5.0,1.0,1.0,1.0,0.0,1.0,0.0,1.0,0.0,super built up,mid,new,shree vardhman flora,gurgaon,0.9
239.23,4.0,4.0,3.0,1.0,sector 90,10.0,1.0,0.0,0.0,1.0,0.0,1.0,0.0,1.0,1.0,0.0,0.0,1.0,0.0,1.0,0.0,0.0,0.0,0.0,0.0,6.0,10.0,4.0,6.0,0.0,1.0,0.0,0.0,1.0,5.0,1.0,1.0,1.0,0.0,1.0,0.0,1.0,0.0,carpet,high,new,shree vardhman flora,gurgaon,1.25
125.42,2.0,2.0,3.0,1.0,sector 90,10.0,1.0,0.0,0.0,1.0,0.0,1.0,0.0,1.0,1.0,0.0,0.0,1.0,0.0,1.0,0.0,0.0,0.0,0.0,0.0,6.0,10.0,4.0,6.0,0.0,1.0,0.0,0.0,1.0,5.0,1.0,1.0,1.0,0.0,1.0,0.0,1.0,0.0,super built up,mid,new,shree vardhman flora,gurgaon,0.65
181.16,3.0,4.0,3.0,1.0,sector 90,10.0,1.0,0.0,0.0,1.0,0.0,1.0,0.0,1.0,1.0,0.0,0.0,1.0,0.0,1.0,0.0,0.0,0.0,0.0,0.0,6.0,10.0,4.0,6.0,0.0,1.0,0.0,0.0,1.0,5.0,1.0,1.0,1.0,0.0,1.0,0.0,1.0,0.0,super built up,mid,new,shree vardhman flora,gurgaon,0.9
125.42,2.0,2.0,3.0,1.0,sector 90,10.0,1.0,0.0,0.0,1.0,0.0,1.0,0.0,1.0,1.0,0.0,0.0,1.0,0.0,1.0,0.0,0.0,0.0,0.0,0.0,6.0,10.0,4.0,6.0,0.0,1.0,0.0,0.0,1.0,5.0,1.0,1.0,1.0,0.0,1.0,0.0,1.0,0.0,super built up,mid,new,shree vardhman flora,gurgaon,0.65
120.77,2.0,2.0,3.0,1.0,sector 90,10.0,1.0,0.0,0.0,1.0,0.0,1.0,0.0,1.0,1.0,0.0,0.0,1.0,0.0,1.0,0.0,0.0,0.0,0.0,0.0,6.0,10.0,4.0,6.0,0.0,1.0,0.0,0.0,1.0,5.0,1.0,1.0,1.0,0.0,1.0,0.0,1.0,0.0,super built up,mid,new,shree vardhman flora,gurgaon,0.66
240.43,3.0,3.0,3.0,1.0,sector 1,11.0,1.0,0.0,0.0,0.0,0.0,0.0,0.0,0.0,0.0,0.0,0.0,0.0,1.0,0.0,0.0,0.0,0.0,0.0,1.0,6.0,10.0,4.0,6.0,0.0,1.0,0.0,0.0,1.0,5.0,1.0,1.0,1.0,0.0,1.0,0.0,1.0,0.0,super built up,high,old,hsiidc sidco aravali,manesar,0.91
213.68,3.0,3.0,2.0,0.0,sector 1,10.0,1.0,0.0,0.0,0.0,0.0,0.0,0.0,0.0,0.0,0.0,0.0,0.0,1.0,0.0,0.0,0.0,0.0,0.0,1.0,6.0,10.0,4.0,6.0,0.0,1.0,0.0,0.0,1.0,5.0,1.0,1.0,1.0,0.0,1.0,0.0,1.0,0.0,carpet,low,old,the crew bos chs manesar,manesar,0.85
213.68,3.0,3.0,3.0,1.0,sector 1,10.0,1.0,0.0,0.0,0.0,0.0,0.0,0.0,0.0,0.0,0.0,0.0,0.0,1.0,0.0,0.0,0.0,0.0,0.0,1.0,6.0,10.0,4.0,6.0,0.0,1.0,0.0,0.0,1.0,5.0,1.0,1.0,1.0,0.0,1.0,0.0,1.0,0.0,super built up,mid,new,nagata group housing society,gurgaon,0.85
183.48,4.0,4.0,0.0,1.0,sector 65,6.0,1.0,0.0,0.0,0.0,0.0,0.0,0.0,0.0,1.0,0.0,0.0,0.0,0.0,1.0,0.0,0.0,0.0,0.0,0.0,6.0,10.0,4.0,6.0,0.0,1.0,0.0,0.0,1.0,5.0,1.0,1.0,1.0,0.0,1.0,0.0,1.0,0.0,carpet,mid,new,emaar mgf emerald floors premier,gurgaon,2.9
183.48,4.0,4.0,3.0,1.0,sector 65,6.0,1.0,0.0,0.0,0.0,0.0,0.0,0.0,0.0,1.0,0.0,0.0,0.0,0.0,1.0,0.0,0.0,0.0,0.0,0.0,6.0,10.0,4.0,6.0,0.0,1.0,0.0,0.0,1.0,5.0,1.0,1.0,1.0,0.0,1.0,0.0,1.0,0.0,carpet,low,new,emaar mgf emerald floors premier,gurgaon,2.85
153.29,3.0,3.0,3.0,1.0,sector 65,6.0,1.0,0.0,0.0,0.0,0.0,0.0,0.0,0.0,1.0,0.0,0.0,0.0,0.0,1.0,0.0,0.0,0.0,0.0,0.0,6.0,10.0,4.0,6.0,0.0,1.0,0.0,0.0,1.0,5.0,1.0,1.0,1.0,0.0,1.0,0.0,1.0,0.0,carpet,low,new,emaar mgf emerald floors premier,gurgaon,2.24
153.29,3.0,3.0,3.0,1.0,sector 65,6.0,1.0,0.0,0.0,0.0,0.0,0.0,0.0,0.0,1.0,0.0,0.0,0.0,0.0,1.0,0.0,0.0,0.0,0.0,0.0,6.0,10.0,4.0,6.0,0.0,1.0,0.0,0.0,1.0,5.0,1.0,1.0,1.0,0.0,1.0,0.0,1.0,0.0,super built up,low,new,emaar mgf emerald floors premier,gurgaon,2.55
183.48,4.0,4.0,3.0,1.0,sector 65,6.0,1.0,0.0,0.0,0.0,0.0,0.0,0.0,0.0,1.0,0.0,0.0,0.0,0.0,1.0,0.0,0.0,0.0,0.0,0.0,6.0,10.0,4.0,6.0,0.0,1.0,0.0,0.0,1.0,5.0,1.0,1.0,1.0,0.0,1.0,0.0,1.0,0.0,super built up,low,new,emaar mgf emerald floors premier,gurgaon,2.85
153.29,3.0,3.0,3.0,1.0,sector 65,6.0,1.0,0.0,0.0,0.0,0.0,0.0,0.0,0.0,1.0,0.0,0.0,0.0,0.0,1.0,0.0,0.0,0.0,0.0,0.0,6.0,10.0,4.0,6.0,0.0,1.0,0.0,0.0,1.0,5.0,1.0,1.0,1.0,0.0,1.0,0.0,1.0,0.0,super built up,low,new,emaar mgf emerald floors premier,gurgaon,2.5
242.01,3.0,3.0,3.0,1.0,sector 50,9.0,1.0,0.0,0.0,0.0,0.0,1.0,0.0,1.0,1.0,1.0,1.0,0.0,0.0,0.0,0.0,0.0,0.0,0.0,0.0,6.0,10.0,4.0,6.0,0.0,1.0,0.0,0.0,1.0,5.0,1.0,1.0,1.0,0.0,1.0,0.0,1.0,0.0,super built up,low,old,the close north,gurgaon,2.75
143.54,3.0,4.0,2.0,1.0,sector 33,13.0,0.0,0.0,0.0,1.0,0.0,1.0,0.0,1.0,1.0,0.0,1.0,1.0,0.0,0.0,0.0,0.0,0.0,0.0,0.0,6.0,10.0,4.0,6.0,0.0,1.0,0.0,0.0,1.0,5.0,1.0,1.0,1.0,0.0,1.0,0.0,1.0,0.0,super built up,high,old,unitech the residences,gurgaon,1.35
194.45,3.0,3.0,3.0,1.0,sector 50,9.0,1.0,0.0,0.0,0.0,0.0,1.0,0.0,1.0,1.0,1.0,1.0,0.0,0.0,0.0,0.0,0.0,0.0,0.0,0.0,6.0,10.0,4.0,6.0,0.0,1.0,0.0,0.0,1.0,5.0,1.0,1.0,1.0,0.0,1.0,0.0,1.0,0.0,super built up,high,old,the close north,gurgaon,2.51
293.02,4.0,4.0,3.0,1.0,sector 67,10.0,1.0,0.0,0.0,1.0,0.0,1.0,0.0,1.0,1.0,0.0,0.0,0.0,0.0,1.0,0.0,0.0,1.0,0.0,0.0,6.0,10.0,4.0,6.0,0.0,1.0,0.0,0.0,1.0,5.0,1.0,1.0,1.0,0.0,1.0,0.0,1.0,0.0,super built up,high,new,m3m merlin,gurgaon,4.5
194.45,3.0,3.0,3.0,1.0,sector 50,9.0,1.0,0.0,0.0,0.0,0.0,1.0,0.0,1.0,1.0,1.0,1.0,0.0,0.0,0.0,0.0,0.0,0.0,0.0,0.0,6.0,10.0,4.0,6.0,0.0,1.0,0.0,0.0,1.0,5.0,1.0,1.0,1.0,0.0,1.0,0.0,1.0,0.0,super built up,high,new,the close north,gurgaon,2.5
152.36,2.0,2.0,3.0,0.0,sector 85,13.0,1.0,0.0,0.0,1.0,0.0,1.0,0.0,1.0,1.0,0.0,0.0,1.0,0.0,1.0,0.0,0.0,0.0,1.0,0.0,6.0,10.0,4.0,6.0,0.0,1.0,0.0,0.0,1.0,5.0,1.0,1.0,1.0,0.0,1.0,0.0,1.0,0.0,super built up,mid,new,ss the leaf,gurgaon,1.14
261.24,4.0,5.0,3.0,0.0,sector 85,13.0,1.0,0.0,0.0,1.0,0.0,1.0,0.0,1.0,1.0,0.0,0.0,1.0,0.0,1.0,0.0,0.0,0.0,1.0,0.0,6.0,10.0,4.0,6.0,0.0,1.0,0.0,0.0,1.0,5.0,1.0,1.0,1.0,0.0,1.0,0.0,1.0,0.0,super built up,low,new,ss the leaf,gurgaon,1.85
181.16,3.0,4.0,3.0,1.0,sector 66,14.0,1.0,0.0,0.0,0.0,0.0,1.0,0.0,1.0,1.0,0.0,1.0,0.0,0.0,0.0,0.0,0.0,1.0,0.0,0.0,6.0,10.0,4.0,6.0,0.0,1.0,0.0,0.0,1.0,5.0,1.0,1.0,1.0,0.0,1.0,0.0,1.0,0.0,super built up,high,new,emaar mgf the palm drive,gurgaon,2.8
110.37,2.0,2.0,3.0,0.0,sector 66,46.0,1.0,0.0,0.0,0.0,1.0,1.0,1.0,0.0,0.0,0.0,0.0,0.0,0.0,0.0,1.0,0.0,1.0,0.0,0.0,6.0,10.0,4.0,6.0,0.0,1.0,0.0,0.0,1.0,5.0,1.0,1.0,1.0,0.0,1.0,0.0,1.0,0.0,super built up,low,new,emaar mgf palm studios,gurgaon,1.45
132.85,3.0,3.0,3.0,1.0,sector 82,11.0,0.0,0.0,0.0,1.0,0.0,1.0,0.0,1.0,1.0,0.0,0.0,0.0,0.0,1.0,0.0,0.0,0.0,0.0,0.0,6.0,10.0,4.0,6.0,0.0,1.0,0.0,0.0,1.0,5.0,1.0,1.0,1.0,0.0,1.0,0.0,1.0,0.0,super built up,mid,old,mapsko casa bella,gurgaon,0.86
138.43,3.0,3.0,3.0,1.0,sector 79,9.0,0.0,0.0,0.0,1.0,0.0,0.0,0.0,1.0,1.0,0.0,1.0,1.0,0.0,0.0,0.0,0.0,0.0,0.0,0.0,6.0,10.0,4.0,6.0,0.0,1.0,0.0,0.0,1.0,5.0,1.0,1.0,1.0,0.0,1.0,0.0,1.0,0.0,super built up,high,new,mapsko mount ville,gurgaon,1.28
138.43,3.0,3.0,3.0,1.0,sector 79,9.0,0.0,0.0,0.0,1.0,0.0,0.0,0.0,1.0,1.0,0.0,1.0,1.0,0.0,0.0,0.0,0.0,0.0,0.0,0.0,6.0,10.0,4.0,6.0,0.0,1.0,0.0,0.0,1.0,5.0,1.0,1.0,1.0,0.0,1.0,0.0,1.0,0.0,super built up,high,new,mapsko mount ville,gurgaon,1.2
154.22,3.0,2.0,3.0,1.0,sector 81,9.0,0.0,0.0,0.0,1.0,0.0,0.0,0.0,1.0,0.0,0.0,1.0,1.0,0.0,0.0,0.0,0.0,0.0,0.0,0.0,6.0,10.0,4.0,6.0,0.0,1.0,0.0,0.0,1.0,5.0,1.0,1.0,1.0,0.0,1.0,0.0,1.0,0.0,super built up,mid,new,bestech park view ananda,gurgaon,1.15
126.35,2.0,2.0,3.0,1.0,sector 81,9.0,0.0,0.0,0.0,1.0,0.0,0.0,0.0,1.0,0.0,0.0,1.0,1.0,0.0,0.0,0.0,0.0,0.0,0.0,0.0,6.0,10.0,4.0,6.0,0.0,1.0,0.0,0.0,1.0,5.0,1.0,1.0,1.0,0.0,1.0,0.0,1.0,0.0,super built up,high,new,bestech park view ananda,gurgaon,0.88
126.35,2.0,2.0,3.0,0.0,sector 81,9.0,0.0,0.0,0.0,1.0,0.0,0.0,0.0,1.0,0.0,0.0,1.0,1.0,0.0,0.0,0.0,0.0,0.0,0.0,0.0,6.0,10.0,4.0,6.0,0.0,1.0,0.0,0.0,1.0,5.0,1.0,1.0,1.0,0.0,1.0,0.0,1.0,0.0,super built up,high,new,bestech park view ananda,gurgaon,0.87
267.1,4.0,6.0,3.0,1.0,sector 103,15.0,1.0,0.0,0.0,1.0,1.0,1.0,0.0,1.0,1.0,1.0,1.0,1.0,0.0,1.0,0.0,0.0,0.0,0.0,0.0,6.0,10.0,4.0,6.0,0.0,1.0,0.0,0.0,1.0,5.0,1.0,1.0,1.0,0.0,1.0,0.0,1.0,0.0,super built up,high,new,indiabulls centrum park,gurgaon,2.4
112.88,2.0,2.0,3.0,1.0,sector 102,13.0,1.0,0.0,0.0,1.0,1.0,0.0,0.0,1.0,1.0,0.0,0.0,1.0,0.0,1.0,0.0,0.0,1.0,0.0,0.0,6.0,10.0,4.0,6.0,0.0,1.0,0.0,0.0,1.0,5.0,1.0,1.0,1.0,0.0,1.0,0.0,1.0,0.0,super built up,high,new,shapoorji pallonji joyville gurugram,gurgaon,1.3
167.13,3.0,3.0,3.0,0.0,sector 82,7.0,1.0,0.0,0.0,0.0,0.0,0.0,0.0,0.0,1.0,0.0,0.0,0.0,0.0,0.0,0.0,0.0,0.0,0.0,0.0,6.0,10.0,4.0,6.0,0.0,1.0,0.0,0.0,1.0,5.0,1.0,1.0,1.0,0.0,1.0,0.0,1.0,0.0,super built up,low,new,dlf the primus,gurgaon,1.85
172.06,3.0,3.0,3.0,1.0,sector 102,13.0,1.0,0.0,0.0,1.0,1.0,0.0,0.0,1.0,1.0,0.0,0.0,1.0,0.0,1.0,0.0,0.0,1.0,0.0,0.0,6.0,10.0,4.0,6.0,0.0,1.0,0.0,0.0,1.0,5.0,1.0,1.0,1.0,0.0,1.0,0.0,1.0,0.0,super built up,low,new,shapoorji pallonji joyville gurugram,gurgaon,2.0
440.27,4.0,6.0,3.0,1.0,sector 62,11.0,1.0,0.0,0.0,1.0,0.0,1.0,0.0,1.0,1.0,0.0,0.0,0.0,0.0,1.0,0.0,0.0,1.0,0.0,0.0,6.0,10.0,4.0,6.0,0.0,1.0,0.0,0.0,1.0,5.0,1.0,1.0,1.0,0.0,1.0,0.0,1.0,0.0,super built up,high,new,pioneer araya,gurgaon,9.95
428.56,4.0,6.0,3.0,1.0,sector 62,11.0,1.0,0.0,0.0,1.0,0.0,1.0,0.0,1.0,1.0,0.0,0.0,0.0,0.0,1.0,0.0,0.0,1.0,0.0,0.0,6.0,10.0,4.0,6.0,0.0,1.0,0.0,0.0,1.0,5.0,1.0,1.0,1.0,0.0,1.0,0.0,1.0,0.0,super built up,mid,new,pioneer araya,gurgaon,9.2
166.2,3.0,3.0,3.0,0.0,sector 33,15.0,1.0,0.0,0.0,0.0,0.0,1.0,0.0,1.0,1.0,0.0,0.0,0.0,0.0,1.0,0.0,1.0,0.0,0.0,0.0,6.0,10.0,4.0,6.0,0.0,1.0,0.0,0.0,1.0,5.0,1.0,1.0,1.0,0.0,1.0,0.0,1.0,0.0,super built up,low,old,central park flower valley,sohna,1.79
240.15,3.0,4.0,3.0,1.0,sector 109,11.0,1.0,0.0,0.0,1.0,0.0,0.0,0.0,1.0,1.0,0.0,1.0,1.0,0.0,0.0,0.0,0.0,0.0,1.0,0.0,6.0,10.0,4.0,6.0,0.0,1.0,0.0,0.0,1.0,5.0,1.0,1.0,1.0,0.0,1.0,0.0,1.0,0.0,super built up,high,new,ats tourmaline,gurgaon,2.1
176.52,3.0,4.0,3.0,1.0,sector 106,11.0,1.0,0.0,0.0,1.0,0.0,1.0,0.0,1.0,1.0,0.0,1.0,1.0,0.0,1.0,0.0,0.0,0.0,0.0,0.0,6.0,10.0,4.0,6.0,0.0,1.0,0.0,0.0,1.0,5.0,1.0,1.0,1.0,0.0,1.0,0.0,1.0,0.0,super built up,high,new,paras dews,gurgaon,1.14
185.53,3.0,5.0,3.0,1.0,sector 99,15.0,1.0,0.0,0.0,1.0,1.0,1.0,1.0,1.0,1.0,0.0,0.0,0.0,0.0,1.0,0.0,0.0,0.0,0.0,0.0,6.0,10.0,4.0,6.0,0.0,1.0,0.0,0.0,1.0,5.0,1.0,1.0,1.0,0.0,1.0,0.0,1.0,0.0,super built up,mid,new,pareena coban residences,gurgaon,1.13
163.51,3.0,4.0,3.0,1.0,sector 106,11.0,1.0,0.0,0.0,1.0,0.0,1.0,0.0,1.0,1.0,0.0,1.0,1.0,0.0,1.0,0.0,0.0,0.0,0.0,0.0,6.0,10.0,4.0,6.0,0.0,1.0,0.0,0.0,1.0,5.0,1.0,1.0,1.0,0.0,1.0,0.0,1.0,0.0,super built up,high,new,paras dews,gurgaon,1.05
249.91,3.0,3.0,3.0,1.0,sector 113,8.0,1.0,0.0,0.0,1.0,0.0,0.0,0.0,1.0,0.0,0.0,0.0,1.0,0.0,0.0,0.0,0.0,0.0,0.0,0.0,6.0,10.0,4.0,6.0,0.0,1.0,0.0,0.0,1.0,5.0,1.0,1.0,1.0,0.0,1.0,0.0,1.0,0.0,super built up,low,new,la vida by tata housing,gurgaon,2.78
123.56,2.0,2.0,3.0,0.0,sector 113,8.0,1.0,0.0,0.0,1.0,0.0,0.0,0.0,1.0,0.0,0.0,0.0,1.0,0.0,0.0,0.0,0.0,0.0,0.0,0.0,6.0,10.0,4.0,6.0,0.0,1.0,0.0,0.0,1.0,5.0,1.0,1.0,1.0,0.0,1.0,0.0,1.0,0.0,super built up,low,new,la vida by tata housing,gurgaon,1.55
118.54,2.0,2.0,3.0,0.0,sector 113,8.0,1.0,0.0,0.0,1.0,0.0,0.0,0.0,1.0,0.0,0.0,0.0,1.0,0.0,0.0,0.0,0.0,0.0,0.0,0.0,6.0,10.0,4.0,6.0,0.0,1.0,0.0,0.0,1.0,5.0,1.0,1.0,1.0,0.0,1.0,0.0,1.0,0.0,super built up,high,new,la vida by tata housing,gurgaon,1.35
146.14,2.0,2.0,3.0,1.0,sector 113,8.0,1.0,0.0,0.0,1.0,0.0,0.0,0.0,1.0,0.0,0.0,0.0,1.0,0.0,0.0,0.0,0.0,0.0,0.0,0.0,6.0,10.0,4.0,6.0,0.0,1.0,0.0,0.0,1.0,5.0,1.0,1.0,1.0,0.0,1.0,0.0,1.0,0.0,super built up,high,new,la vida by tata housing,gurgaon,1.38
205.97,3.0,3.0,3.0,1.0,sector 113,8.0,1.0,0.0,0.0,1.0,0.0,0.0,0.0,1.0,0.0,0.0,0.0,1.0,0.0,0.0,0.0,0.0,0.0,0.0,0.0,6.0,10.0,4.0,6.0,0.0,1.0,0.0,0.0,1.0,5.0,1.0,1.0,1.0,0.0,1.0,0.0,1.0,0.0,super built up,high,new,la vida by tata housing,gurgaon,2.35
157.19,3.0,3.0,3.0,0.0,sector 102,13.0,1.0,0.0,0.0,1.0,1.0,0.0,0.0,1.0,1.0,0.0,0.0,1.0,0.0,1.0,0.0,0.0,1.0,0.0,0.0,6.0,10.0,4.0,6.0,0.0,1.0,0.0,0.0,1.0,5.0,1.0,1.0,1.0,0.0,1.0,0.0,1.0,0.0,super built up,low,new,shapoorji pallonji joyville gurugram,gurgaon,1.8
112.88,2.0,2.0,2.0,0.0,sector 102,13.0,1.0,0.0,0.0,1.0,1.0,0.0,0.0,1.0,1.0,0.0,0.0,1.0,0.0,1.0,0.0,0.0,1.0,0.0,0.0,6.0,10.0,4.0,6.0,0.0,1.0,0.0,0.0,1.0,5.0,1.0,1.0,1.0,0.0,1.0,0.0,1.0,0.0,super built up,high,new,shapoorji pallonji joyville gurugram,gurgaon,1.24
85.01,2.0,2.0,2.0,0.0,sector 102,13.0,1.0,0.0,0.0,1.0,1.0,0.0,0.0,1.0,1.0,0.0,0.0,1.0,0.0,1.0,0.0,0.0,1.0,0.0,0.0,6.0,10.0,4.0,6.0,0.0,1.0,0.0,0.0,1.0,5.0,1.0,1.0,1.0,0.0,1.0,0.0,1.0,0.0,super built up,high,new,shapoorji pallonji joyville gurugram,gurgaon,0.96
180.42,3.0,4.0,3.0,1.0,sector 102,15.0,0.0,0.0,0.0,1.0,0.0,1.0,0.0,1.0,1.0,1.0,1.0,1.0,0.0,1.0,0.0,0.0,0.0,1.0,0.0,6.0,10.0,4.0,6.0,0.0,1.0,0.0,0.0,1.0,5.0,1.0,1.0,1.0,0.0,1.0,0.0,1.0,0.0,super built up,high,old,conscient heritage max,gurgaon,1.82
237.27,4.0,5.0,3.0,1.0,sector 102,15.0,0.0,0.0,0.0,1.0,0.0,1.0,0.0,1.0,1.0,1.0,1.0,1.0,0.0,1.0,0.0,0.0,0.0,1.0,0.0,6.0,10.0,4.0,6.0,0.0,1.0,0.0,0.0,1.0,5.0,1.0,1.0,1.0,0.0,1.0,0.0,1.0,0.0,super built up,high,old,conscient heritage max,gurgaon,2.65
199.65,3.0,4.0,3.0,1.0,sector 102,15.0,0.0,0.0,0.0,1.0,0.0,1.0,0.0,1.0,1.0,1.0,1.0,1.0,0.0,1.0,0.0,0.0,0.0,1.0,0.0,6.0,10.0,4.0,6.0,0.0,1.0,0.0,0.0,1.0,5.0,1.0,1.0,1.0,0.0,1.0,0.0,1.0,0.0,super built up,high,old,conscient heritage max,gurgaon,2.2
179.4,3.0,4.0,3.0,1.0,sector 102,15.0,0.0,0.0,0.0,1.0,0.0,1.0,0.0,1.0,1.0,1.0,1.0,1.0,0.0,1.0,0.0,0.0,0.0,1.0,0.0,6.0,10.0,4.0,6.0,0.0,1.0,0.0,0.0,1.0,5.0,1.0,1.0,1.0,0.0,1.0,0.0,1.0,0.0,super built up,mid,old,conscient heritage max,gurgaon,1.78
236.44,3.0,3.0,3.0,1.0,sector 109,11.0,1.0,0.0,0.0,0.0,0.0,0.0,0.0,0.0,0.0,1.0,0.0,0.0,0.0,0.0,0.0,0.0,0.0,0.0,0.0,6.0,10.0,4.0,6.0,0.0,1.0,0.0,0.0,1.0,5.0,1.0,1.0,1.0,0.0,1.0,0.0,1.0,0.0,super built up,mid,old,sbtl caladium,gurgaon,1.68
174.66,3.0,2.0,3.0,0.0,sector 109,11.0,1.0,0.0,0.0,0.0,0.0,0.0,0.0,0.0,0.0,1.0,0.0,0.0,0.0,0.0,0.0,0.0,0.0,0.0,0.0,6.0,10.0,4.0,6.0,0.0,1.0,0.0,0.0,1.0,5.0,1.0,1.0,1.0,0.0,1.0,0.0,1.0,0.0,super built up,high,old,sbtl caladium,gurgaon,1.3
55.93,2.0,2.0,1.0,1.0,sector 107,10.0,0.0,0.0,0.0,1.0,0.0,0.0,0.0,1.0,0.0,0.0,0.0,1.0,0.0,0.0,0.0,0.0,0.0,0.0,0.0,6.0,10.0,4.0,6.0,0.0,1.0,0.0,0.0,1.0,5.0,1.0,1.0,1.0,0.0,1.0,0.0,1.0,0.0,super built up,high,new,signature global solera,gurgaon,0.5
161.65,3.0,3.0,3.0,1.0,sector 83,15.0,1.0,0.0,0.0,0.0,0.0,0.0,0.0,1.0,0.0,0.0,0.0,0.0,1.0,0.0,0.0,0.0,0.0,0.0,0.0,6.0,10.0,4.0,6.0,0.0,1.0,0.0,0.0,1.0,5.0,1.0,1.0,1.0,0.0,1.0,0.0,1.0,0.0,super built up,mid,new,vatika city homes,gurgaon,1.08
190.45,3.0,4.0,3.0,0.0,sector 79,10.0,1.0,0.0,0.0,1.0,0.0,0.0,0.0,1.0,1.0,0.0,0.0,0.0,0.0,0.0,0.0,0.0,0.0,0.0,0.0,6.0,10.0,4.0,6.0,0.0,1.0,0.0,0.0,1.0,5.0,1.0,1.0,1.0,0.0,1.0,0.0,1.0,0.0,built up,high,new,bestech altura,gurgaon,1.72
72.46,2.0,2.0,2.0,0.0,sector 23,24.0,0.0,0.0,0.0,0.0,1.0,0.0,0.0,0.0,0.0,0.0,0.0,0.0,0.0,0.0,1.0,0.0,0.0,0.0,1.0,6.0,10.0,4.0,6.0,0.0,1.0,0.0,0.0,1.0,5.0,1.0,1.0,1.0,0.0,1.0,0.0,1.0,0.0,super built up,low,old,ashiana apartment,gurgaon,0.16
69.68,2.0,2.0,1.0,0.0,sector 33,5.0,0.0,0.0,0.0,0.0,0.0,0.0,0.0,0.0,0.0,0.0,0.0,0.0,0.0,0.0,0.0,0.0,0.0,0.0,1.0,6.0,10.0,4.0,6.0,0.0,1.0,0.0,0.0,1.0,5.0,1.0,1.0,1.0,0.0,1.0,0.0,1.0,0.0,super built up,mid,new,hcbs sports ville,sohna,0.2
84.17,2.0,2.0,1.0,0.0,sector 51,9.0,1.0,0.0,0.0,0.0,1.0,1.0,0.0,1.0,1.0,0.0,1.0,0.0,0.0,0.0,1.0,0.0,0.0,0.0,0.0,6.0,10.0,4.0,6.0,0.0,1.0,0.0,0.0,1.0,5.0,1.0,1.0,1.0,0.0,1.0,0.0,1.0,0.0,carpet,mid,new,orchid island,gurgaon,0.72
77.11,2.0,2.0,1.0,0.0,sector 33,8.0,1.0,0.0,0.0,0.0,0.0,0.0,0.0,1.0,1.0,1.0,1.0,0.0,0.0,0.0,0.0,0.0,0.0,0.0,0.0,6.0,10.0,4.0,6.0,0.0,1.0,0.0,0.0,1.0,5.0,1.0,1.0,1.0,0.0,1.0,0.0,1.0,0.0,carpet,low,new,signature global park,sohna,0.54
113.81,2.0,2.0,2.0,0.0,sector 81,13.0,0.0,0.0,0.0,0.0,0.0,0.0,0.0,0.0,0.0,0.0,0.0,0.0,1.0,0.0,0.0,0.0,0.0,0.0,1.0,6.0,10.0,4.0,6.0,0.0,1.0,0.0,0.0,1.0,5.0,1.0,1.0,1.0,0.0,1.0,0.0,1.0,0.0,super built up,high,old,vipul lavanya,gurgaon,0.64
134.71,3.0,3.0,1.0,0.0,sector 48,15.0,1.0,0.0,0.0,1.0,0.0,1.0,1.0,1.0,0.0,1.0,0.0,0.0,1.0,1.0,0.0,0.0,0.0,0.0,0.0,6.0,10.0,4.0,6.0,0.0,1.0,0.0,0.0,1.0,5.0,1.0,1.0,1.0,0.0,1.0,0.0,1.0,0.0,carpet,low,new,vipul world,gurgaon,1.38
54.81,2.0,3.0,2.0,0.0,sector 37,12.0,1.0,0.0,0.0,1.0,0.0,1.0,0.0,1.0,1.0,1.0,0.0,1.0,0.0,1.0,0.0,0.0,1.0,0.0,0.0,6.0,10.0,4.0,6.0,0.0,1.0,0.0,0.0,1.0,5.0,1.0,1.0,1.0,0.0,1.0,0.0,1.0,0.0,carpet,high,mid aged,signature global the millennia 3,gurgaon,0.45
46.45,1.0,1.0,1.0,0.0,sector 36,6.0,1.0,0.0,0.0,0.0,0.0,0.0,0.0,0.0,0.0,0.0,0.0,0.0,1.0,0.0,0.0,0.0,0.0,0.0,0.0,6.0,10.0,4.0,6.0,0.0,1.0,0.0,0.0,1.0,5.0,1.0,1.0,1.0,0.0,1.0,0.0,1.0,0.0,super built up,high,new,avl 36 gurgaon,gurgaon,0.45
163.04,3.0,2.0,3.0,0.0,sector 83,10.0,1.0,0.0,0.0,1.0,0.0,1.0,0.0,1.0,1.0,0.0,0.0,0.0,0.0,0.0,0.0,0.0,0.0,0.0,0.0,6.0,10.0,4.0,6.0,0.0,1.0,0.0,0.0,1.0,5.0,1.0,1.0,1.0,0.0,1.0,0.0,1.0,0.0,super built up,high,new,vatika lifestyle homes,gurgaon,1.15
280.57,4.0,5.0,3.0,1.0,sector 49,14.0,1.0,0.0,0.0,0.0,0.0,1.0,1.0,0.0,0.0,0.0,0.0,0.0,0.0,0.0,0.0,0.0,0.0,0.0,0.0,6.0,10.0,4.0,6.0,0.0,1.0,0.0,0.0,1.0,5.0,1.0,1.0,1.0,0.0,1.0,0.0,1.0,0.0,carpet,mid,old,vatika city,gurgaon,3.6
121.7,2.0,2.0,2.0,0.0,sector 91,10.0,1.0,0.0,0.0,0.0,0.0,0.0,0.0,1.0,1.0,0.0,0.0,1.0,0.0,1.0,0.0,0.0,0.0,0.0,0.0,6.0,10.0,4.0,6.0,0.0,1.0,0.0,0.0,1.0,5.0,1.0,1.0,1.0,0.0,1.0,0.0,1.0,0.0,super built up,high,new,tarc maceo,gurgaon,0.9
56.67,1.0,2.0,1.0,0.0,sector 56,45.0,1.0,0.0,0.0,0.0,1.0,1.0,1.0,1.0,0.0,0.0,1.0,0.0,1.0,0.0,1.0,1.0,0.0,0.0,1.0,6.0,10.0,4.0,6.0,0.0,1.0,0.0,0.0,1.0,5.0,1.0,1.0,1.0,0.0,1.0,0.0,1.0,0.0,carpet,low,old,kendriya vihar,gurgaon,0.55
63.45,1.0,1.0,0.0,0.0,sector 71,8.0,1.0,0.0,0.0,1.0,0.0,1.0,0.0,1.0,1.0,0.0,1.0,0.0,0.0,0.0,0.0,0.0,0.0,0.0,0.0,6.0,10.0,4.0,6.0,0.0,1.0,0.0,0.0,1.0,5.0,1.0,1.0,1.0,0.0,1.0,0.0,1.0,0.0,built up,mid,new,m3m sky lofts,gurgaon,0.9
31.3,1.0,1.0,1.0,0.0,sector 111,15.0,1.0,1.0,0.0,0.0,1.0,1.0,1.0,1.0,0.0,0.0,1.0,0.0,0.0,0.0,0.0,0.0,0.0,0.0,0.0,6.0,10.0,4.0,6.0,0.0,1.0,0.0,0.0,1.0,5.0,1.0,1.0,1.0,0.0,1.0,0.0,1.0,0.0,carpet,low,new,lotus homz,gurgaon,0.5
189.52,3.0,3.0,3.0,1.0,sector 65,11.0,1.0,0.0,0.0,1.0,0.0,1.0,0.0,1.0,1.0,0.0,1.0,1.0,0.0,1.0,0.0,0.0,0.0,0.0,0.0,6.0,10.0,4.0,6.0,0.0,1.0,0.0,0.0,1.0,5.0,1.0,1.0,1.0,0.0,1.0,0.0,1.0,0.0,carpet,high,mid aged,m3m heights,gurgaon,2.86
23.23,1.0,1.0,0.0,0.0,sector 52,43.0,1.0,0.0,0.0,0.0,0.0,0.0,1.0,0.0,0.0,0.0,0.0,0.0,1.0,0.0,1.0,0.0,0.0,0.0,1.0,6.0,10.0,4.0,6.0,0.0,1.0,0.0,0.0,1.0,5.0,1.0,1.0,1.0,0.0,1.0,0.0,1.0,0.0,carpet,mid,old,ansal api sushant estate,gurgaon,0.29
134.71,2.0,3.0,3.0,1.0,sector 103,15.0,1.0,0.0,0.0,1.0,1.0,1.0,0.0,1.0,1.0,1.0,1.0,1.0,0.0,0.0,0.0,1.0,0.0,0.0,0.0,6.0,10.0,4.0,6.0,0.0,1.0,0.0,0.0,1.0,5.0,1.0,1.0,1.0,0.0,1.0,0.0,1.0,0.0,super built up,low,new,satya the hermitage,gurgaon,0.89
184.97,3.0,4.0,3.0,1.0,sector 103,15.0,1.0,0.0,0.0,1.0,1.0,1.0,0.0,1.0,1.0,1.0,1.0,1.0,0.0,0.0,0.0,1.0,0.0,0.0,0.0,6.0,10.0,4.0,6.0,0.0,1.0,0.0,0.0,1.0,5.0,1.0,1.0,1.0,0.0,1.0,0.0,1.0,0.0,super built up,high,new,satya the hermitage,gurgaon,1.12
59.46,3.0,3.0,1.0,0.0,sector 92,4.0,1.0,0.0,0.0,0.0,0.0,0.0,0.0,1.0,0.0,0.0,0.0,0.0,0.0,1.0,0.0,0.0,0.0,0.0,0.0,6.0,10.0,4.0,6.0,0.0,1.0,0.0,0.0,1.0,5.0,1.0,1.0,1.0,0.0,1.0,0.0,1.0,0.0,super built up,high,new,gls avenue 51,gurgaon,0.5
185.53,3.0,5.0,3.0,0.0,sector 99,15.0,1.0,0.0,0.0,1.0,1.0,1.0,1.0,1.0,1.0,0.0,0.0,0.0,0.0,1.0,0.0,0.0,0.0,0.0,0.0,6.0,10.0,4.0,6.0,0.0,1.0,0.0,0.0,1.0,5.0,1.0,1.0,1.0,0.0,1.0,0.0,1.0,0.0,super built up,mid,new,pareena coban residences,gurgaon,1.4
205.78,4.0,4.0,3.0,0.0,sector 90,14.0,0.0,0.0,0.0,0.0,1.0,0.0,0.0,0.0,0.0,0.0,0.0,0.0,0.0,0.0,0.0,0.0,0.0,0.0,0.0,6.0,10.0,4.0,6.0,0.0,1.0,0.0,0.0,1.0,5.0,1.0,1.0,1.0,0.0,1.0,0.0,1.0,0.0,super built up,mid,new,dlf regal gardens,gurgaon,2.05
135.36,2.0,2.0,3.0,1.0,sector 33,7.0,1.0,0.0,0.0,0.0,0.0,0.0,0.0,1.0,0.0,0.0,0.0,1.0,0.0,0.0,0.0,0.0,0.0,0.0,0.0,6.0,10.0,4.0,6.0,0.0,1.0,0.0,0.0,1.0,5.0,1.0,1.0,1.0,0.0,1.0,0.0,1.0,0.0,super built up,high,new,eldeco accolade,sohna,0.87
107.58,2.0,2.0,2.0,0.0,sector 66,15.0,1.0,0.0,0.0,0.0,1.0,0.0,1.0,1.0,0.0,0.0,0.0,0.0,0.0,0.0,0.0,0.0,0.0,0.0,0.0,6.0,10.0,4.0,6.0,0.0,1.0,0.0,0.0,1.0,5.0,1.0,1.0,1.0,0.0,1.0,0.0,1.0,0.0,super built up,mid,new,ireo uptown,gurgaon,1.32
137.5,2.0,2.0,3.0,1.0,sector 86,10.0,1.0,0.0,0.0,1.0,0.0,0.0,0.0,1.0,1.0,0.0,0.0,1.0,0.0,0.0,0.0,0.0,0.0,0.0,0.0,6.0,10.0,4.0,6.0,0.0,1.0,0.0,0.0,1.0,5.0,1.0,1.0,1.0,0.0,1.0,0.0,1.0,0.0,super built up,high,new,microtek greenburg,gurgaon,1.3
112.41,3.0,2.0,3.0,0.0,sector 33,8.0,1.0,0.0,0.0,0.0,0.0,0.0,0.0,1.0,1.0,1.0,1.0,0.0,0.0,0.0,0.0,0.0,0.0,0.0,0.0,6.0,10.0,4.0,6.0,0.0,1.0,0.0,0.0,1.0,5.0,1.0,1.0,1.0,0.0,1.0,0.0,1.0,0.0,built up,low,new,signature global park,sohna,0.95
59.46,3.0,3.0,1.0,0.0,sector 92,4.0,1.0,0.0,0.0,0.0,0.0,0.0,0.0,1.0,0.0,0.0,0.0,0.0,0.0,1.0,0.0,0.0,0.0,0.0,0.0,6.0,10.0,4.0,6.0,0.0,1.0,0.0,0.0,1.0,5.0,1.0,1.0,1.0,0.0,1.0,0.0,1.0,0.0,carpet,low,new,gls avenue 51,gurgaon,0.42
137.96,3.0,3.0,1.0,0.0,sector 85,8.0,1.0,0.0,0.0,1.0,0.0,1.0,0.0,1.0,0.0,0.0,0.0,0.0,0.0,0.0,0.0,0.0,0.0,0.0,0.0,6.0,10.0,4.0,6.0,0.0,1.0,0.0,0.0,1.0,5.0,1.0,1.0,1.0,0.0,1.0,0.0,1.0,0.0,super built up,low,new,orris carnation residency,gurgaon,0.88
255.85,4.0,3.0,3.0,0.0,sector 49,44.0,1.0,0.0,0.0,0.0,0.0,1.0,1.0,0.0,0.0,0.0,0.0,0.0,0.0,0.0,0.0,0.0,0.0,0.0,0.0,6.0,10.0,4.0,6.0,0.0,1.0,0.0,0.0,1.0,5.0,1.0,1.0,1.0,0.0,1.0,0.0,1.0,0.0,super built up,mid,old,awho sispal vihar,gurgaon,2.0
217.49,3.0,3.0,3.0,1.0,sector 54,47.0,1.0,0.0,0.0,0.0,1.0,1.0,1.0,0.0,0.0,0.0,1.0,0.0,1.0,0.0,1.0,1.0,0.0,0.0,1.0,6.0,10.0,4.0,6.0,0.0,1.0,0.0,0.0,1.0,5.0,1.0,1.0,1.0,0.0,1.0,0.0,1.0,0.0,super built up,high,old,suncity heights,gurgaon,3.85
247.12,5.0,4.0,3.0,1.0,sector 113,8.0,1.0,0.0,0.0,1.0,0.0,0.0,0.0,1.0,0.0,0.0,0.0,1.0,0.0,0.0,0.0,0.0,0.0,0.0,0.0,6.0,10.0,4.0,6.0,0.0,1.0,0.0,0.0,1.0,5.0,1.0,1.0,1.0,0.0,1.0,0.0,1.0,0.0,carpet,high,new,la vida by tata housing,gurgaon,3.72
53.88,2.0,2.0,3.0,1.0,sector 37,10.0,1.0,0.0,0.0,1.0,0.0,1.0,0.0,1.0,1.0,0.0,0.0,1.0,0.0,1.0,0.0,0.0,0.0,0.0,0.0,6.0,10.0,4.0,6.0,0.0,1.0,0.0,0.0,1.0,5.0,1.0,1.0,1.0,0.0,1.0,0.0,1.0,0.0,carpet,high,new,signature global city,gurgaon,0.68
83.61204013377927,2.0,2.0,2.0,0.0,sector 33,8.0,1.0,0.0,0.0,1.0,0.0,0.0,0.0,1.0,1.0,0.0,0.0,0.0,0.0,0.0,0.0,0.0,0.0,0.0,0.0,6.0,10.0,4.0,6.0,0.0,1.0,0.0,0.0,1.0,5.0,1.0,1.0,1.0,0.0,1.0,0.0,1.0,0.0,carpet,mid,under construction,godrej nature plus,sohna,1.31
185.43,3.0,3.0,3.0,1.0,sector 33,8.0,1.0,0.0,0.0,1.0,0.0,0.0,0.0,1.0,1.0,0.0,0.0,0.0,0.0,0.0,0.0,0.0,0.0,0.0,0.0,6.0,10.0,4.0,6.0,0.0,1.0,0.0,0.0,1.0,5.0,1.0,1.0,1.0,0.0,1.0,0.0,1.0,0.0,carpet,low,new,godrej nature plus,sohna,1.65
185.81,3.0,4.0,3.0,1.0,sector 77,10.0,1.0,0.0,0.0,1.0,0.0,1.0,0.0,1.0,1.0,0.0,0.0,1.0,0.0,0.0,0.0,0.0,0.0,0.0,0.0,6.0,10.0,4.0,6.0,0.0,1.0,0.0,0.0,1.0,5.0,1.0,1.0,1.0,0.0,1.0,0.0,1.0,0.0,super built up,mid,new,emaar mgf palm hills,gurgaon,1.9
215.54,4.0,3.0,3.0,1.0,sector 91,10.0,1.0,0.0,0.0,0.0,0.0,0.0,0.0,1.0,1.0,0.0,0.0,1.0,0.0,1.0,0.0,0.0,0.0,0.0,0.0,6.0,10.0,4.0,6.0,0.0,1.0,0.0,0.0,1.0,5.0,1.0,1.0,1.0,0.0,1.0,0.0,1.0,0.0,carpet,high,new,tarc maceo,gurgaon,1.8
55.46,2.0,2.0,1.0,0.0,sector 102,8.0,1.0,0.0,0.0,0.0,0.0,0.0,0.0,1.0,1.0,0.0,1.0,1.0,0.0,0.0,0.0,0.0,0.0,0.0,0.0,6.0,10.0,4.0,6.0,0.0,1.0,0.0,0.0,1.0,5.0,1.0,1.0,1.0,0.0,1.0,0.0,1.0,0.0,super built up,high,new,rof aalayas,gurgaon,0.45
218.32,3.0,3.0,3.0,1.0,sector 52,47.0,1.0,0.0,0.0,0.0,1.0,0.0,1.0,0.0,0.0,0.0,1.0,0.0,1.0,0.0,1.0,1.0,0.0,0.0,1.0,6.0,10.0,4.0,6.0,0.0,1.0,0.0,0.0,1.0,5.0,1.0,1.0,1.0,0.0,1.0,0.0,1.0,0.0,super built up,mid,old,green homes,gurgaon,1.85
83.61,2.0,2.0,3.0,1.0,sector 95,8.0,1.0,0.0,0.0,0.0,0.0,0.0,0.0,0.0,0.0,1.0,0.0,0.0,1.0,0.0,0.0,0.0,0.0,0.0,0.0,6.0,10.0,4.0,6.0,0.0,1.0,0.0,0.0,1.0,5.0,1.0,1.0,1.0,0.0,1.0,0.0,1.0,0.0,super built up,high,new,awho shanti vihar,gurgaon,0.8
144.37,3.0,3.0,3.0,0.0,sector 67,12.0,0.0,0.0,0.0,0.0,0.0,0.0,0.0,0.0,0.0,0.0,1.0,0.0,0.0,0.0,0.0,0.0,0.0,0.0,0.0,6.0,10.0,4.0,6.0,0.0,1.0,0.0,0.0,1.0,5.0,1.0,1.0,1.0,0.0,1.0,0.0,1.0,0.0,super built up,low,old,ansal api esencia,gurgaon,1.0
131.92,3.0,3.0,2.0,0.0,sector 15,49.0,1.0,0.0,0.0,0.0,1.0,0.0,1.0,1.0,0.0,0.0,0.0,0.0,1.0,0.0,1.0,1.0,0.0,0.0,0.0,6.0,10.0,4.0,6.0,0.0,1.0,0.0,0.0,1.0,5.0,1.0,1.0,1.0,0.0,1.0,0.0,1.0,0.0,carpet,low,old,dron apartment,gurgaon,1.25
149.57,2.0,2.0,3.0,1.0,sector 84,10.0,1.0,0.0,0.0,1.0,0.0,1.0,0.0,1.0,1.0,0.0,0.0,1.0,0.0,0.0,0.0,0.0,0.0,0.0,0.0,6.0,10.0,4.0,6.0,0.0,1.0,0.0,0.0,1.0,5.0,1.0,1.0,1.0,0.0,1.0,0.0,1.0,0.0,super built up,low,new,spaze privy at4,gurgaon,1.2
100.43,3.0,2.0,2.0,0.0,sector 33,8.0,1.0,0.0,0.0,0.0,0.0,0.0,0.0,1.0,1.0,1.0,1.0,0.0,0.0,0.0,0.0,0.0,0.0,0.0,0.0,6.0,10.0,4.0,6.0,0.0,1.0,0.0,0.0,1.0,5.0,1.0,1.0,1.0,0.0,1.0,0.0,1.0,0.0,super built up,mid,new,signature global park,sohna,0.85
58.06,2.0,2.0,2.0,0.0,sector 33,14.0,1.0,0.0,0.0,0.0,0.0,1.0,1.0,1.0,0.0,1.0,0.0,0.0,0.0,1.0,0.0,0.0,1.0,0.0,0.0,6.0,10.0,4.0,6.0,0.0,1.0,0.0,0.0,1.0,5.0,1.0,1.0,1.0,0.0,1.0,0.0,1.0,0.0,carpet,high,new,breez global hill view,sohna,0.35
83.61204013377927,2.0,2.0,1.0,1.0,sector 88,7.0,1.0,0.0,0.0,0.0,1.0,0.0,0.0,1.0,0.0,0.0,0.0,1.0,0.0,0.0,0.0,0.0,0.0,0.0,0.0,6.0,10.0,4.0,6.0,0.0,1.0,0.0,0.0,1.0,5.0,1.0,1.0,1.0,0.0,1.0,0.0,1.0,0.0,carpet,high,new,godrej oasis,gurgaon,1.15
130.44,2.0,2.0,3.0,0.0,sector 91,10.0,1.0,0.0,0.0,0.0,0.0,0.0,0.0,1.0,1.0,0.0,0.0,1.0,0.0,1.0,0.0,0.0,0.0,0.0,0.0,6.0,10.0,4.0,6.0,0.0,1.0,0.0,0.0,1.0,5.0,1.0,1.0,1.0,0.0,1.0,0.0,1.0,0.0,super built up,high,old,tarc maceo,gurgaon,0.96
179.3,3.0,3.0,3.0,1.0,sector 86,15.0,1.0,0.0,0.0,0.0,0.0,0.0,1.0,1.0,1.0,0.0,0.0,0.0,0.0,0.0,0.0,0.0,0.0,0.0,0.0,6.0,10.0,4.0,6.0,0.0,1.0,0.0,0.0,1.0,5.0,1.0,1.0,1.0,0.0,1.0,0.0,1.0,0.0,super built up,high,old,dlf new town heights 2,gurgaon,1.3
265.89,3.0,5.0,3.0,0.0,sector 28,48.0,1.0,0.0,0.0,0.0,1.0,0.0,1.0,0.0,0.0,0.0,1.0,0.0,0.0,0.0,1.0,0.0,0.0,0.0,1.0,6.0,10.0,4.0,6.0,0.0,1.0,0.0,0.0,1.0,5.0,1.0,1.0,1.0,0.0,1.0,0.0,1.0,0.0,super built up,high,old,rose apartment,gurgaon,3.0
139.35,3.0,3.0,2.0,1.0,sector 89,9.0,1.0,0.0,0.0,0.0,0.0,0.0,0.0,1.0,1.0,0.0,0.0,1.0,0.0,0.0,0.0,0.0,0.0,0.0,0.0,6.0,10.0,4.0,6.0,0.0,1.0,0.0,0.0,1.0,5.0,1.0,1.0,1.0,0.0,1.0,0.0,1.0,0.0,super built up,low,new,m3m soulitude,gurgaon,1.3
227.61,4.0,4.0,3.0,1.0,sector 43,45.0,1.0,0.0,0.0,0.0,1.0,0.0,1.0,1.0,0.0,0.0,1.0,0.0,1.0,0.0,1.0,0.0,0.0,0.0,1.0,6.0,10.0,4.0,6.0,0.0,1.0,0.0,0.0,1.0,5.0,1.0,1.0,1.0,0.0,1.0,0.0,1.0,0.0,carpet,mid,old,the rama apartment cghs,gurgaon,2.5
185.81,3.0,3.0,3.0,1.0,sector 77,5.0,0.0,0.0,0.0,0.0,0.0,0.0,0.0,1.0,0.0,0.0,0.0,0.0,0.0,0.0,0.0,0.0,0.0,0.0,0.0,6.0,10.0,4.0,6.0,0.0,1.0,0.0,0.0,1.0,5.0,1.0,1.0,1.0,0.0,1.0,0.0,1.0,0.0,super built up,high,new,emaar palm heights,gurgaon,2.25
154.22,3.0,2.0,3.0,1.0,sector 81,9.0,0.0,0.0,0.0,1.0,0.0,0.0,0.0,1.0,0.0,0.0,1.0,1.0,0.0,0.0,0.0,0.0,0.0,0.0,0.0,6.0,10.0,4.0,6.0,0.0,1.0,0.0,0.0,1.0,5.0,1.0,1.0,1.0,0.0,1.0,0.0,1.0,0.0,super built up,low,new,bestech park view ananda,gurgaon,1.45
138.89,2.0,2.0,3.0,1.0,sector 79,11.0,1.0,0.0,0.0,1.0,0.0,1.0,0.0,1.0,1.0,0.0,0.0,1.0,0.0,0.0,0.0,0.0,0.0,1.0,0.0,6.0,10.0,4.0,6.0,0.0,1.0,0.0,0.0,1.0,5.0,1.0,1.0,1.0,0.0,1.0,0.0,1.0,0.0,super built up,high,new,godrej aria,gurgaon,1.45
155.33,3.0,3.0,2.0,0.0,sector 76,11.0,1.0,0.0,0.0,0.0,0.0,1.0,0.0,1.0,1.0,0.0,1.0,0.0,0.0,0.0,0.0,0.0,0.0,0.0,0.0,6.0,10.0,4.0,6.0,0.0,1.0,0.0,0.0,1.0,5.0,1.0,1.0,1.0,0.0,1.0,0.0,1.0,0.0,super built up,mid,mid aged,whiteland blissville,gurgaon,1.9
59.46,3.0,3.0,1.0,0.0,sector 92,4.0,1.0,0.0,0.0,0.0,0.0,0.0,0.0,1.0,0.0,0.0,0.0,0.0,0.0,1.0,0.0,0.0,0.0,0.0,0.0,6.0,10.0,4.0,6.0,0.0,1.0,0.0,0.0,1.0,5.0,1.0,1.0,1.0,0.0,1.0,0.0,1.0,0.0,carpet,high,new,gls avenue 51,gurgaon,0.5
140.1,3.0,2.0,3.0,0.0,sector 68,10.0,1.0,0.0,0.0,1.0,0.0,1.0,0.0,1.0,1.0,0.0,0.0,0.0,0.0,1.0,0.0,0.0,0.0,0.0,0.0,6.0,10.0,4.0,6.0,0.0,1.0,0.0,0.0,1.0,5.0,1.0,1.0,1.0,0.0,1.0,0.0,1.0,0.0,super built up,high,new,m3m the marina,gurgaon,1.45
102.47,2.0,2.0,2.0,1.0,sector 89,14.0,1.0,0.0,0.0,1.0,0.0,1.0,0.0,1.0,0.0,1.0,1.0,1.0,0.0,1.0,0.0,0.0,0.0,0.0,0.0,6.0,10.0,4.0,6.0,0.0,1.0,0.0,0.0,1.0,5.0,1.0,1.0,1.0,0.0,1.0,0.0,1.0,0.0,built up,mid,new,smart world gems,gurgaon,1.05
465.44,5.0,6.0,3.0,1.0,sector 57,5.0,0.0,0.0,0.0,0.0,0.0,0.0,0.0,1.0,0.0,0.0,0.0,0.0,0.0,0.0,0.0,0.0,0.0,0.0,1.0,6.0,10.0,4.0,6.0,0.0,1.0,0.0,0.0,1.0,5.0,1.0,1.0,1.0,0.0,1.0,0.0,1.0,0.0,built up,high,old,bptp freedom park life,gurgaon,5.5
106.84,3.0,3.0,2.0,0.0,sector 7,50.0,1.0,0.0,0.0,0.0,0.0,0.0,1.0,1.0,0.0,0.0,0.0,0.0,0.0,0.0,0.0,0.0,0.0,0.0,1.0,6.0,10.0,4.0,6.0,0.0,1.0,0.0,0.0,1.0,5.0,1.0,1.0,1.0,0.0,1.0,0.0,1.0,0.0,built up,low,under construction,shyam apartment,gurgaon,0.66
212.75,3.0,4.0,3.0,1.0,sector 104,13.0,1.0,0.0,0.0,1.0,0.0,1.0,0.0,1.0,1.0,0.0,1.0,1.0,0.0,1.0,0.0,1.0,0.0,0.0,0.0,6.0,10.0,4.0,6.0,0.0,1.0,0.0,0.0,1.0,5.0,1.0,1.0,1.0,0.0,1.0,0.0,1.0,0.0,carpet,high,new,ats triumph,gurgaon,2.3
181.16,3.0,5.0,3.0,1.0,sector 70,15.0,1.0,0.0,0.0,1.0,0.0,1.0,1.0,0.0,0.0,0.0,0.0,0.0,1.0,0.0,0.0,0.0,0.0,0.0,0.0,6.0,10.0,4.0,6.0,0.0,1.0,0.0,0.0,1.0,5.0,1.0,1.0,1.0,0.0,1.0,0.0,1.0,0.0,super built up,mid,new,shree vardhman victoria,gurgaon,1.75
153.29,3.0,3.0,3.0,0.0,sector 102,10.0,1.0,0.0,0.0,1.0,0.0,1.0,0.0,1.0,1.0,0.0,0.0,1.0,0.0,0.0,0.0,0.0,0.0,0.0,0.0,6.0,10.0,4.0,6.0,0.0,1.0,0.0,0.0,1.0,5.0,1.0,1.0,1.0,0.0,1.0,0.0,1.0,0.0,super built up,high,new,emaar gurgaon greens,gurgaon,1.6
240.43,3.0,3.0,3.0,1.0,sector 62,11.0,1.0,0.0,0.0,1.0,0.0,1.0,0.0,1.0,1.0,0.0,1.0,0.0,0.0,0.0,0.0,0.0,0.0,0.0,0.0,6.0,10.0,4.0,6.0,0.0,1.0,0.0,0.0,1.0,5.0,1.0,1.0,1.0,0.0,1.0,0.0,1.0,0.0,carpet,high,new,emaar digihomes,gurgaon,3.95
85.94,2.0,2.0,1.0,0.0,sector 37,4.0,1.0,0.0,0.0,1.0,0.0,0.0,0.0,1.0,0.0,0.0,0.0,0.0,0.0,0.0,0.0,0.0,0.0,0.0,0.0,6.0,10.0,4.0,6.0,0.0,1.0,0.0,0.0,1.0,5.0,1.0,1.0,1.0,0.0,1.0,0.0,1.0,0.0,built up,high,new,apex our homes,gurgaon,0.38
47788.95,2.0,2.0,1.0,0.0,sector 107,3.0,0.0,0.0,0.0,0.0,0.0,0.0,0.0,0.0,1.0,0.0,0.0,1.0,0.0,0.0,0.0,0.0,0.0,0.0,0.0,6.0,10.0,4.0,6.0,0.0,1.0,0.0,0.0,1.0,5.0,1.0,1.0,1.0,0.0,1.0,0.0,1.0,0.0,carpet,low,new,signature global solera 2,gurgaon,0.51
62.25,2.0,2.0,2.0,1.0,sector 95,12.0,0.0,0.0,0.0,1.0,0.0,0.0,0.0,1.0,1.0,0.0,0.0,1.0,1.0,1.0,0.0,0.0,0.0,0.0,0.0,6.0,10.0,4.0,6.0,0.0,1.0,0.0,0.0,1.0,5.0,1.0,1.0,1.0,0.0,1.0,0.0,1.0,0.0,built up,high,new,signature the roselia,gurgaon,0.42
187.66,4.0,4.0,3.0,0.0,sector 92,8.0,1.0,0.0,0.0,0.0,0.0,0.0,0.0,0.0,0.0,0.0,0.0,0.0,1.0,0.0,0.0,0.0,0.0,0.0,0.0,6.0,10.0,4.0,6.0,0.0,1.0,0.0,0.0,1.0,5.0,1.0,1.0,1.0,0.0,1.0,0.0,1.0,0.0,super built up,high,new,sare crescent parc royal greens phase 1,gurgaon,1.0
65.03,3.0,3.0,2.0,0.0,sector 37,12.0,1.0,0.0,0.0,1.0,0.0,1.0,0.0,1.0,1.0,1.0,0.0,1.0,0.0,1.0,0.0,0.0,1.0,0.0,0.0,6.0,10.0,4.0,6.0,0.0,1.0,0.0,0.0,1.0,5.0,1.0,1.0,1.0,0.0,1.0,0.0,1.0,0.0,carpet,low,mid aged,signature global the millennia 3,gurgaon,0.5
123.19,3.0,2.0,2.0,0.0,sector 92,8.0,1.0,0.0,0.0,0.0,0.0,0.0,0.0,0.0,0.0,0.0,0.0,0.0,1.0,0.0,0.0,0.0,0.0,0.0,0.0,6.0,10.0,4.0,6.0,0.0,1.0,0.0,0.0,1.0,5.0,1.0,1.0,1.0,0.0,1.0,0.0,1.0,0.0,carpet,low,new,sare crescent parc,gurgaon,0.8
163.51,3.0,3.0,2.0,1.0,sector 37,8.0,1.0,0.0,0.0,1.0,1.0,0.0,0.0,1.0,0.0,0.0,0.0,1.0,0.0,0.0,0.0,0.0,0.0,0.0,0.0,6.0,10.0,4.0,6.0,0.0,1.0,0.0,0.0,1.0,5.0,1.0,1.0,1.0,0.0,1.0,0.0,1.0,0.0,super built up,high,new,imperia the esfera,gurgaon,0.86
157.01,3.0,2.0,1.0,0.0,sector 86,4.0,1.0,0.0,0.0,1.0,0.0,0.0,0.0,1.0,0.0,0.0,0.0,1.0,0.0,0.0,0.0,0.0,0.0,0.0,0.0,6.0,10.0,4.0,6.0,0.0,1.0,0.0,0.0,1.0,5.0,1.0,1.0,1.0,0.0,1.0,0.0,1.0,0.0,super built up,low,new,ansal heights 86,gurgaon,1.25
312.43,3.0,3.0,3.0,1.0,sector 65,9.0,1.0,0.0,0.0,1.0,0.0,1.0,0.0,1.0,1.0,0.0,1.0,0.0,0.0,1.0,0.0,1.0,0.0,0.0,0.0,6.0,10.0,4.0,6.0,0.0,1.0,0.0,0.0,1.0,5.0,1.0,1.0,1.0,0.0,1.0,0.0,1.0,0.0,super built up,high,old,m3m golfestate,gurgaon,5.9
153.29,3.0,2.0,2.0,1.0,sector 31,49.0,1.0,0.0,0.0,0.0,1.0,0.0,1.0,1.0,0.0,0.0,0.0,0.0,1.0,0.0,1.0,0.0,0.0,0.0,1.0,6.0,10.0,4.0,6.0,0.0,1.0,0.0,0.0,1.0,5.0,1.0,1.0,1.0,0.0,1.0,0.0,1.0,0.0,super built up,low,old,raheja teachers apartments,gurgaon,1.2
135.36,2.0,2.0,3.0,1.0,sector 33,7.0,1.0,0.0,0.0,0.0,0.0,0.0,0.0,1.0,0.0,0.0,0.0,1.0,0.0,0.0,0.0,0.0,0.0,0.0,0.0,6.0,10.0,4.0,6.0,0.0,1.0,0.0,0.0,1.0,5.0,1.0,1.0,1.0,0.0,1.0,0.0,1.0,0.0,super built up,high,mid aged,eldeco accolade,sohna,0.96
181.16,3.0,3.0,2.0,1.0,sector 66,14.0,1.0,0.0,0.0,0.0,0.0,1.0,0.0,1.0,1.0,0.0,1.0,0.0,0.0,0.0,0.0,0.0,1.0,0.0,0.0,6.0,10.0,4.0,6.0,0.0,1.0,0.0,0.0,1.0,5.0,1.0,1.0,1.0,0.0,1.0,0.0,1.0,0.0,super built up,high,new,emaar mgf the palm drive,gurgaon,2.8
60.39,2.0,2.0,2.0,0.0,sector 33,6.0,0.0,0.0,0.0,0.0,0.0,0.0,0.0,0.0,1.0,0.0,0.0,1.0,0.0,0.0,0.0,1.0,0.0,0.0,0.0,6.0,10.0,4.0,6.0,0.0,1.0,0.0,0.0,1.0,5.0,1.0,1.0,1.0,0.0,1.0,0.0,1.0,0.0,super built up,high,new,gls arawali homes,sohna,0.28
157.19,3.0,3.0,2.0,0.0,sector 102,13.0,1.0,0.0,0.0,1.0,1.0,0.0,0.0,1.0,1.0,0.0,0.0,1.0,0.0,1.0,0.0,0.0,1.0,0.0,0.0,6.0,10.0,4.0,6.0,0.0,1.0,0.0,0.0,1.0,5.0,1.0,1.0,1.0,0.0,1.0,0.0,1.0,0.0,super built up,low,new,shapoorji pallonji joyville gurugram,gurgaon,2.03
119.84,3.0,3.0,3.0,1.0,sector 9,49.0,1.0,0.0,0.0,0.0,0.0,0.0,1.0,1.0,0.0,1.0,0.0,0.0,0.0,0.0,1.0,0.0,0.0,0.0,1.0,6.0,10.0,4.0,6.0,0.0,1.0,0.0,0.0,1.0,5.0,1.0,1.0,1.0,0.0,1.0,0.0,1.0,0.0,carpet,mid,old,the new crpf apartments,gurgaon,0.75
176.52,4.0,3.0,3.0,0.0,sector 70,12.0,0.0,0.0,0.0,1.0,0.0,1.0,0.0,1.0,1.0,1.0,1.0,0.0,0.0,0.0,0.0,1.0,0.0,0.0,0.0,6.0,10.0,4.0,6.0,0.0,1.0,0.0,0.0,1.0,5.0,1.0,1.0,1.0,0.0,1.0,0.0,1.0,0.0,carpet,low,new,bptp astaire gardens,gurgaon,1.7
139.35,2.0,2.0,3.0,1.0,sector 112,8.0,1.0,0.0,0.0,0.0,0.0,1.0,0.0,1.0,1.0,1.0,0.0,1.0,0.0,0.0,0.0,0.0,0.0,0.0,0.0,6.0,10.0,4.0,6.0,0.0,1.0,0.0,0.0,1.0,5.0,1.0,1.0,1.0,0.0,1.0,0.0,1.0,0.0,carpet,high,new,experion windchants,gurgaon,3.1
83.61,2.0,2.0,2.0,0.0,sector 99,8.0,0.0,0.0,0.0,1.0,0.0,0.0,0.0,1.0,1.0,0.0,1.0,1.0,0.0,0.0,0.0,0.0,0.0,0.0,0.0,6.0,10.0,4.0,6.0,0.0,1.0,0.0,0.0,1.0,5.0,1.0,1.0,1.0,0.0,1.0,0.0,1.0,0.0,super built up,high,new,pivotal riddhi siddhi,gurgaon,0.4
134.15,2.0,2.0,2.0,0.0,sector 3,11.0,1.0,0.0,0.0,1.0,0.0,1.0,0.0,1.0,1.0,0.0,1.0,1.0,0.0,1.0,0.0,0.0,0.0,0.0,0.0,6.0,10.0,4.0,6.0,0.0,1.0,0.0,0.0,1.0,5.0,1.0,1.0,1.0,0.0,1.0,0.0,1.0,0.0,carpet,mid,mid aged,godrej habitat,gurgaon,1.3
53.51,2.0,2.0,2.0,0.0,sector 33,6.0,0.0,0.0,0.0,0.0,0.0,0.0,0.0,0.0,1.0,0.0,0.0,1.0,0.0,0.0,0.0,1.0,0.0,0.0,0.0,6.0,10.0,4.0,6.0,0.0,1.0,0.0,0.0,1.0,5.0,1.0,1.0,1.0,0.0,1.0,0.0,1.0,0.0,carpet,mid,new,gls arawali homes,sohna,0.26
52.95,2.0,2.0,1.0,0.0,sector 33,10.0,0.0,0.0,0.0,0.0,0.0,0.0,1.0,0.0,0.0,0.0,0.0,0.0,0.0,0.0,0.0,0.0,0.0,0.0,1.0,6.0,10.0,4.0,6.0,0.0,1.0,0.0,0.0,1.0,5.0,1.0,1.0,1.0,0.0,1.0,0.0,1.0,0.0,super built up,high,new,mvn athens,sohna,0.24
74.32,2.0,2.0,1.0,0.0,sector 67,7.0,1.0,0.0,0.0,1.0,0.0,1.0,0.0,1.0,0.0,0.0,1.0,0.0,0.0,0.0,0.0,0.0,1.0,0.0,0.0,6.0,10.0,4.0,6.0,0.0,1.0,0.0,0.0,1.0,5.0,1.0,1.0,1.0,0.0,1.0,0.0,1.0,0.0,carpet,high,new,shree vardhman mantra,gurgaon,0.56
273.41,4.0,5.0,3.0,1.0,sector 31,14.0,1.0,0.0,0.0,1.0,1.0,1.0,0.0,1.0,1.0,0.0,1.0,0.0,0.0,0.0,0.0,0.0,0.0,0.0,0.0,6.0,10.0,4.0,6.0,0.0,1.0,0.0,0.0,1.0,5.0,1.0,1.0,1.0,0.0,1.0,0.0,1.0,0.0,super built up,low,new,raheja atlantis,gurgaon,5.5
217.76,4.0,4.0,3.0,1.0,sector 91,8.0,1.0,0.0,0.0,0.0,0.0,1.0,0.0,1.0,1.0,0.0,1.0,0.0,0.0,0.0,0.0,0.0,0.0,0.0,0.0,6.0,10.0,4.0,6.0,0.0,1.0,0.0,0.0,1.0,5.0,1.0,1.0,1.0,0.0,1.0,0.0,1.0,0.0,carpet,mid,old,dlf new town heights,gurgaon,1.8
179.21,3.0,3.0,1.0,1.0,sector 86,10.0,0.0,0.0,0.0,1.0,0.0,0.0,0.0,1.0,1.0,0.0,0.0,0.0,0.0,1.0,0.0,0.0,0.0,0.0,0.0,6.0,10.0,4.0,6.0,0.0,1.0,0.0,0.0,1.0,5.0,1.0,1.0,1.0,0.0,1.0,0.0,1.0,0.0,super built up,high,new,dlf the skycourt,gurgaon,1.6
137.31,2.0,2.0,1.0,1.0,sector 111,7.0,1.0,0.0,0.0,1.0,0.0,1.0,0.0,1.0,1.0,0.0,0.0,1.0,0.0,0.0,0.0,0.0,0.0,0.0,0.0,6.0,10.0,4.0,6.0,0.0,1.0,0.0,0.0,1.0,5.0,1.0,1.0,1.0,0.0,1.0,0.0,1.0,0.0,super built up,mid,mid aged,tashee capital gateway,gurgaon,0.96
135.36,3.0,2.0,2.0,0.0,sector 109,15.0,1.0,0.0,0.0,0.0,0.0,0.0,0.0,1.0,0.0,0.0,0.0,1.0,0.0,0.0,0.0,0.0,0.0,0.0,0.0,6.0,10.0,4.0,6.0,0.0,1.0,0.0,0.0,1.0,5.0,1.0,1.0,1.0,0.0,1.0,0.0,1.0,0.0,super built up,low,new,raheja atharva,gurgaon,0.79
92.9,3.0,2.0,1.0,0.0,sector 4,50.0,1.0,0.0,0.0,0.0,0.0,0.0,1.0,1.0,0.0,0.0,0.0,0.0,1.0,0.0,1.0,0.0,0.0,0.0,0.0,6.0,10.0,4.0,6.0,0.0,1.0,0.0,0.0,1.0,5.0,1.0,1.0,1.0,0.0,1.0,0.0,1.0,0.0,super built up,low,new,builder floor,gurgaon,0.6
57.88,2.0,2.0,2.0,0.0,sector 33,10.0,1.0,0.0,0.0,1.0,0.0,1.0,0.0,1.0,1.0,0.0,0.0,0.0,0.0,1.0,0.0,0.0,1.0,0.0,0.0,6.0,10.0,4.0,6.0,0.0,1.0,0.0,0.0,1.0,5.0,1.0,1.0,1.0,0.0,1.0,0.0,1.0,0.0,super built up,low,new,breez global heights,sohna,0.42
188.96,3.0,3.0,3.0,0.0,sector 63,13.0,1.0,0.0,0.0,1.0,0.0,1.0,0.0,1.0,1.0,0.0,1.0,0.0,0.0,1.0,0.0,0.0,1.0,0.0,0.0,6.0,10.0,4.0,6.0,0.0,1.0,0.0,0.0,1.0,5.0,1.0,1.0,1.0,0.0,1.0,0.0,1.0,0.0,super built up,low,new,adani brahma samsara vilasa,gurgaon,3.35
399.48,3.0,4.0,3.0,0.0,sector 48,42.0,1.0,0.0,0.0,0.0,0.0,1.0,1.0,0.0,0.0,0.0,0.0,0.0,0.0,0.0,0.0,1.0,0.0,0.0,0.0,6.0,10.0,4.0,6.0,0.0,1.0,0.0,0.0,1.0,5.0,1.0,1.0,1.0,0.0,1.0,0.0,1.0,0.0,carpet,high,old,central park 2 bellevue,gurgaon,5.0
90.12,3.0,2.0,2.0,0.0,sector 70,8.0,1.0,0.0,0.0,0.0,0.0,1.0,0.0,1.0,1.0,0.0,1.0,0.0,0.0,0.0,0.0,0.0,0.0,0.0,0.0,6.0,10.0,4.0,6.0,0.0,1.0,0.0,0.0,1.0,5.0,1.0,1.0,1.0,0.0,1.0,0.0,1.0,0.0,carpet,low,old,tulip orange,gurgaon,1.0
237.55,3.0,4.0,3.0,0.0,sector 48,42.0,1.0,0.0,0.0,0.0,0.0,1.0,1.0,0.0,0.0,0.0,0.0,0.0,0.0,0.0,0.0,1.0,0.0,0.0,0.0,6.0,10.0,4.0,6.0,0.0,1.0,0.0,0.0,1.0,5.0,1.0,1.0,1.0,0.0,1.0,0.0,1.0,0.0,super built up,low,old,central park 2 bellevue,gurgaon,2.75
128.3,2.0,2.0,2.0,0.0,sector 108,13.0,1.0,0.0,0.0,0.0,0.0,1.0,0.0,1.0,1.0,0.0,0.0,1.0,0.0,0.0,0.0,0.0,0.0,1.0,0.0,6.0,10.0,4.0,6.0,0.0,1.0,0.0,0.0,1.0,5.0,1.0,1.0,1.0,0.0,1.0,0.0,1.0,0.0,super built up,high,new,sobha city,gurgaon,2.4
83.61204013377927,3.0,3.0,3.0,1.0,sector 63,12.0,1.0,0.0,0.0,0.0,0.0,0.0,0.0,1.0,1.0,1.0,1.0,1.0,0.0,1.0,0.0,1.0,0.0,0.0,0.0,6.0,10.0,4.0,6.0,0.0,1.0,0.0,0.0,1.0,5.0,1.0,1.0,1.0,0.0,1.0,0.0,1.0,0.0,carpet,mid,mid aged,birla navya,gurgaon,3.15
136.1,2.0,2.0,3.0,1.0,sector 33,6.0,1.0,0.0,0.0,0.0,0.0,0.0,0.0,1.0,1.0,0.0,0.0,0.0,0.0,0.0,0.0,0.0,0.0,0.0,0.0,6.0,10.0,4.0,6.0,0.0,1.0,0.0,0.0,1.0,5.0,1.0,1.0,1.0,0.0,1.0,0.0,1.0,0.0,super built up,low,new,ashiana mulberry,sohna,0.95
83.61204013377927,3.0,2.0,3.0,0.0,sector 33,8.0,1.0,0.0,0.0,1.0,0.0,0.0,0.0,1.0,1.0,0.0,0.0,0.0,0.0,0.0,0.0,0.0,0.0,0.0,0.0,6.0,10.0,4.0,6.0,0.0,1.0,0.0,0.0,1.0,5.0,1.0,1.0,1.0,0.0,1.0,0.0,1.0,0.0,super built up,high,new,godrej nature plus,sohna,1.4
147.72,3.0,3.0,3.0,0.0,sector 33,15.0,1.0,0.0,0.0,0.0,0.0,1.0,0.0,1.0,1.0,0.0,0.0,0.0,0.0,1.0,0.0,1.0,0.0,0.0,0.0,6.0,10.0,4.0,6.0,0.0,1.0,0.0,0.0,1.0,5.0,1.0,1.0,1.0,0.0,1.0,0.0,1.0,0.0,super built up,low,new,central park flower valley,sohna,2.15
215.54,3.0,3.0,3.0,1.0,sector 91,10.0,1.0,0.0,0.0,0.0,0.0,0.0,0.0,1.0,1.0,0.0,0.0,1.0,0.0,1.0,0.0,0.0,0.0,0.0,0.0,6.0,10.0,4.0,6.0,0.0,1.0,0.0,0.0,1.0,5.0,1.0,1.0,1.0,0.0,1.0,0.0,1.0,0.0,carpet,high,new,tarc maceo,gurgaon,1.8
48.77,2.0,2.0,2.0,0.0,sector 99,15.0,1.0,0.0,0.0,0.0,0.0,0.0,1.0,1.0,0.0,1.0,0.0,1.0,1.0,0.0,1.0,0.0,1.0,1.0,0.0,6.0,10.0,4.0,6.0,0.0,1.0,0.0,0.0,1.0,5.0,1.0,1.0,1.0,0.0,1.0,0.0,1.0,0.0,carpet,mid,new,pareena laxmi apartments,gurgaon,0.31
121.24,3.0,3.0,2.0,0.0,sector 37,12.0,1.0,0.0,0.0,0.0,0.0,1.0,0.0,1.0,0.0,0.0,0.0,1.0,0.0,0.0,1.0,0.0,0.0,0.0,0.0,6.0,10.0,4.0,6.0,0.0,1.0,0.0,0.0,1.0,5.0,1.0,1.0,1.0,0.0,1.0,0.0,1.0,0.0,carpet,low,mid aged,signature global city 37d ph 2,gurgaon,1.07
135.36,3.0,2.0,3.0,0.0,sector 33,7.0,1.0,0.0,0.0,0.0,0.0,0.0,0.0,1.0,0.0,0.0,0.0,1.0,0.0,0.0,0.0,0.0,0.0,0.0,0.0,6.0,10.0,4.0,6.0,0.0,1.0,0.0,0.0,1.0,5.0,1.0,1.0,1.0,0.0,1.0,0.0,1.0,0.0,super built up,high,new,eldeco accolade,sohna,1.1
91.79,2.0,2.0,2.0,0.0,sector 50,45.0,1.0,0.0,0.0,0.0,1.0,1.0,1.0,1.0,0.0,0.0,0.0,0.0,0.0,0.0,1.0,0.0,1.0,0.0,0.0,6.0,10.0,4.0,6.0,0.0,1.0,0.0,0.0,1.0,5.0,1.0,1.0,1.0,0.0,1.0,0.0,1.0,0.0,carpet,low,old,woodstock floors,gurgaon,1.05
63.27,2.0,2.0,1.0,0.0,sector 33,10.0,0.0,0.0,0.0,0.0,0.0,0.0,1.0,0.0,0.0,0.0,0.0,0.0,0.0,0.0,0.0,0.0,0.0,0.0,1.0,6.0,10.0,4.0,6.0,0.0,1.0,0.0,0.0,1.0,5.0,1.0,1.0,1.0,0.0,1.0,0.0,1.0,0.0,built up,high,new,mvn athens,sohna,0.25
78.97,2.0,2.0,2.0,0.0,sector 89,3.0,0.0,0.0,0.0,0.0,0.0,0.0,0.0,0.0,0.0,1.0,0.0,0.0,1.0,0.0,0.0,0.0,0.0,0.0,0.0,6.0,10.0,4.0,6.0,0.0,1.0,0.0,0.0,1.0,5.0,1.0,1.0,1.0,0.0,1.0,0.0,1.0,0.0,super built up,low,new,adani aangan galleria,gurgaon,0.42
117.06,2.0,2.0,2.0,0.0,sector 63,12.0,1.0,0.0,0.0,0.0,0.0,0.0,0.0,1.0,1.0,1.0,1.0,1.0,0.0,1.0,0.0,1.0,0.0,0.0,0.0,6.0,10.0,4.0,6.0,0.0,1.0,0.0,0.0,1.0,5.0,1.0,1.0,1.0,0.0,1.0,0.0,1.0,0.0,carpet,low,mid aged,birla navya,gurgaon,2.1
298.4,1.0,1.0,1.0,0.0,sector 95,5.0,1.0,0.0,0.0,0.0,0.0,0.0,0.0,0.0,0.0,0.0,0.0,0.0,1.0,0.0,0.0,0.0,0.0,0.0,0.0,6.0,10.0,4.0,6.0,0.0,1.0,0.0,0.0,1.0,5.0,1.0,1.0,1.0,0.0,1.0,0.0,1.0,0.0,carpet,high,new,ramsons kshitij,gurgaon,0.19
213.68,4.0,4.0,3.0,0.0,sector 51,47.0,1.0,0.0,0.0,0.0,0.0,0.0,1.0,1.0,0.0,0.0,0.0,0.0,1.0,0.0,1.0,0.0,1.0,0.0,1.0,6.0,10.0,4.0,6.0,0.0,1.0,0.0,0.0,1.0,5.0,1.0,1.0,1.0,0.0,1.0,0.0,1.0,0.0,built up,low,new,the arzoo cghs,gurgaon,2.1
189.52,4.0,4.0,3.0,0.0,sector 92,8.0,1.0,0.0,0.0,0.0,0.0,0.0,0.0,0.0,0.0,0.0,0.0,0.0,1.0,0.0,0.0,0.0,0.0,0.0,0.0,6.0,10.0,4.0,6.0,0.0,1.0,0.0,0.0,1.0,5.0,1.0,1.0,1.0,0.0,1.0,0.0,1.0,0.0,carpet,high,new,sare crescent parc,gurgaon,1.44
133.41,3.0,3.0,2.0,0.0,sector 92,8.0,1.0,0.0,0.0,0.0,0.0,0.0,0.0,0.0,0.0,0.0,0.0,0.0,1.0,0.0,0.0,0.0,0.0,0.0,0.0,6.0,10.0,4.0,6.0,0.0,1.0,0.0,0.0,1.0,5.0,1.0,1.0,1.0,0.0,1.0,0.0,1.0,0.0,carpet,mid,new,sare crescent parc,gurgaon,0.71
36.6,1.0,1.0,1.0,0.0,sector 33,10.0,1.0,0.0,0.0,1.0,0.0,1.0,0.0,1.0,1.0,0.0,0.0,0.0,0.0,1.0,0.0,0.0,1.0,0.0,0.0,6.0,10.0,4.0,6.0,0.0,1.0,0.0,0.0,1.0,5.0,1.0,1.0,1.0,0.0,1.0,0.0,1.0,0.0,carpet,low,new,breez global heights,sohna,0.21
169.73,3.0,3.0,3.0,0.0,sector 102,13.0,1.0,0.0,0.0,1.0,1.0,0.0,0.0,1.0,1.0,0.0,0.0,1.0,0.0,1.0,0.0,0.0,1.0,0.0,0.0,6.0,10.0,4.0,6.0,0.0,1.0,0.0,0.0,1.0,5.0,1.0,1.0,1.0,0.0,1.0,0.0,1.0,0.0,super built up,high,mid aged,shapoorji pallonji joyville gurugram,gurgaon,2.5
62.25,2.0,2.0,2.0,0.0,sector 95,12.0,0.0,0.0,0.0,1.0,0.0,0.0,0.0,1.0,1.0,0.0,0.0,1.0,1.0,1.0,0.0,0.0,0.0,0.0,0.0,6.0,10.0,4.0,6.0,0.0,1.0,0.0,0.0,1.0,5.0,1.0,1.0,1.0,0.0,1.0,0.0,1.0,0.0,built up,high,new,signature the roselia,gurgaon,0.42
110.0,3.0,1.0,3.0,0.0,sector 92,8.0,1.0,0.0,0.0,0.0,0.0,0.0,0.0,0.0,0.0,0.0,0.0,0.0,1.0,0.0,0.0,0.0,0.0,0.0,0.0,6.0,10.0,4.0,6.0,0.0,1.0,0.0,0.0,1.0,5.0,1.0,1.0,1.0,0.0,1.0,0.0,1.0,0.0,carpet,low,old,sare homes,gurgaon,0.56
240.43,3.0,3.0,3.0,1.0,sector 1,11.0,1.0,0.0,0.0,0.0,0.0,0.0,0.0,0.0,0.0,0.0,0.0,0.0,1.0,0.0,0.0,0.0,0.0,0.0,1.0,6.0,10.0,4.0,6.0,0.0,1.0,0.0,0.0,1.0,5.0,1.0,1.0,1.0,0.0,1.0,0.0,1.0,0.0,super built up,low,old,hsiidc sidco aravali,manesar,0.9
166.3,3.0,3.0,3.0,0.0,sector 81,9.0,0.0,0.0,0.0,1.0,0.0,0.0,0.0,1.0,0.0,0.0,1.0,1.0,0.0,0.0,0.0,0.0,0.0,0.0,0.0,6.0,10.0,4.0,6.0,0.0,1.0,0.0,0.0,1.0,5.0,1.0,1.0,1.0,0.0,1.0,0.0,1.0,0.0,carpet,high,old,bestech park view ananda,gurgaon,1.35
167.78,3.0,3.0,3.0,0.0,sector 113,18.0,1.0,0.0,0.0,0.0,0.0,0.0,0.0,1.0,0.0,0.0,1.0,0.0,0.0,0.0,1.0,0.0,0.0,0.0,0.0,6.0,10.0,4.0,6.0,0.0,1.0,0.0,0.0,1.0,5.0,1.0,1.0,1.0,0.0,1.0,0.0,1.0,0.0,built up,high,under construction,smartworld one dxp,gurgaon,2.0
162.58,4.0,4.0,2.0,1.0,sector 92,8.0,1.0,0.0,0.0,0.0,0.0,0.0,0.0,0.0,0.0,0.0,0.0,0.0,1.0,0.0,0.0,0.0,0.0,0.0,0.0,6.0,10.0,4.0,6.0,0.0,1.0,0.0,0.0,1.0,5.0,1.0,1.0,1.0,0.0,1.0,0.0,1.0,0.0,super built up,low,old,sare crescent parc,gurgaon,0.87
131.92,2.0,2.0,3.0,0.0,sector 70,15.0,1.0,0.0,0.0,1.0,0.0,1.0,0.0,1.0,1.0,0.0,0.0,0.0,0.0,1.0,0.0,0.0,1.0,0.0,0.0,6.0,10.0,4.0,6.0,0.0,1.0,0.0,0.0,1.0,5.0,1.0,1.0,1.0,0.0,1.0,0.0,1.0,0.0,super built up,high,old,paras irene,gurgaon,1.3
62.25,2.0,2.0,2.0,0.0,sector 95,12.0,0.0,0.0,0.0,1.0,0.0,0.0,0.0,1.0,1.0,0.0,0.0,1.0,1.0,1.0,0.0,0.0,0.0,0.0,0.0,6.0,10.0,4.0,6.0,0.0,1.0,0.0,0.0,1.0,5.0,1.0,1.0,1.0,0.0,1.0,0.0,1.0,0.0,carpet,mid,new,signature the roselia,gurgaon,0.48
126.91,2.0,2.0,3.0,0.0,sector 107,6.0,0.0,0.0,0.0,0.0,0.0,0.0,0.0,1.0,1.0,0.0,0.0,0.0,0.0,0.0,0.0,0.0,0.0,0.0,0.0,6.0,10.0,4.0,6.0,0.0,1.0,0.0,0.0,1.0,5.0,1.0,1.0,1.0,0.0,1.0,0.0,1.0,0.0,super built up,low,old,m3m woodshire,gurgaon,0.94
101.73,2.0,2.0,2.0,0.0,sector 69,42.0,1.0,0.0,0.0,0.0,1.0,1.0,1.0,0.0,0.0,0.0,0.0,0.0,0.0,0.0,1.0,0.0,1.0,0.0,0.0,6.0,10.0,4.0,6.0,0.0,1.0,0.0,0.0,1.0,5.0,1.0,1.0,1.0,0.0,1.0,0.0,1.0,0.0,super built up,mid,mid aged,unitech sunbreeze,gurgaon,0.75
59.37,2.0,2.0,1.0,0.0,sector 71,15.0,1.0,0.0,0.0,0.0,0.0,1.0,1.0,1.0,1.0,0.0,0.0,0.0,1.0,0.0,0.0,0.0,0.0,0.0,0.0,6.0,10.0,4.0,6.0,0.0,1.0,0.0,0.0,1.0,5.0,1.0,1.0,1.0,0.0,1.0,0.0,1.0,0.0,super built up,high,new,signature andour heights,gurgaon,0.65
167.13,3.0,3.0,3.0,0.0,sector 33,15.0,0.0,0.0,0.0,0.0,0.0,1.0,1.0,1.0,0.0,0.0,0.0,0.0,1.0,1.0,0.0,0.0,0.0,0.0,1.0,6.0,10.0,4.0,6.0,0.0,1.0,0.0,0.0,1.0,5.0,1.0,1.0,1.0,0.0,1.0,0.0,1.0,0.0,super built up,mid,new,central park flower valley aqua front towers,sohna,1.7
74.32,3.0,2.0,1.0,0.0,sector 7,50.0,1.0,0.0,0.0,0.0,0.0,0.0,1.0,1.0,0.0,0.0,0.0,0.0,0.0,0.0,0.0,0.0,0.0,0.0,1.0,6.0,10.0,4.0,6.0,0.0,1.0,0.0,0.0,1.0,5.0,1.0,1.0,1.0,0.0,1.0,0.0,1.0,0.0,carpet,low,new,rwa,gurgaon,0.48
102.19,2.0,2.0,1.0,0.0,sector 23,24.0,0.0,0.0,0.0,0.0,1.0,0.0,0.0,0.0,0.0,0.0,0.0,0.0,0.0,0.0,1.0,0.0,0.0,0.0,1.0,6.0,10.0,4.0,6.0,0.0,1.0,0.0,0.0,1.0,5.0,1.0,1.0,1.0,0.0,1.0,0.0,1.0,0.0,super built up,low,old,radhakrishna society,gurgaon,0.55
64.38,1.0,1.0,0.0,0.0,sector 63,10.0,1.0,0.0,0.0,1.0,0.0,1.0,0.0,1.0,1.0,0.0,1.0,0.0,0.0,0.0,0.0,0.0,1.0,0.0,0.0,6.0,10.0,4.0,6.0,0.0,1.0,0.0,0.0,1.0,5.0,1.0,1.0,1.0,0.0,1.0,0.0,1.0,0.0,built up,mid,under construction,aipl joy square,gurgaon,0.7
97.55,2.0,2.0,2.0,0.0,sector 63,13.0,1.0,0.0,0.0,0.0,0.0,1.0,0.0,1.0,1.0,0.0,1.0,0.0,0.0,1.0,0.0,1.0,1.0,0.0,0.0,6.0,10.0,4.0,6.0,0.0,1.0,0.0,0.0,1.0,5.0,1.0,1.0,1.0,0.0,1.0,0.0,1.0,0.0,carpet,low,mid aged,signature global city 63a,gurgaon,1.55
47.38,1.0,1.0,2.0,0.0,sector 51,45.0,1.0,0.0,0.0,0.0,0.0,1.0,1.0,0.0,0.0,0.0,0.0,0.0,0.0,0.0,1.0,0.0,0.0,0.0,0.0,6.0,10.0,4.0,6.0,0.0,1.0,0.0,0.0,1.0,5.0,1.0,1.0,1.0,0.0,1.0,0.0,1.0,0.0,super built up,low,old,housing board colony,gurgaon,0.3
115.66,2.0,2.0,2.0,0.0,sector 83,10.0,0.0,0.0,0.0,1.0,0.0,0.0,0.0,1.0,1.0,0.0,1.0,1.0,0.0,0.0,0.0,0.0,0.0,0.0,0.0,6.0,10.0,4.0,6.0,0.0,1.0,0.0,0.0,1.0,5.0,1.0,1.0,1.0,0.0,1.0,0.0,1.0,0.0,super built up,low,old,vatika gurgaon 21,gurgaon,0.87
120.4,2.0,2.0,2.0,0.0,sector 67,12.0,0.0,0.0,0.0,1.0,0.0,1.0,0.0,1.0,1.0,0.0,1.0,0.0,0.0,1.0,0.0,0.0,0.0,0.0,0.0,6.0,10.0,4.0,6.0,0.0,1.0,0.0,0.0,1.0,5.0,1.0,1.0,1.0,0.0,1.0,0.0,1.0,0.0,built up,high,under construction,ireo the corridors,gurgaon,1.3
325.16,4.0,4.0,2.0,1.0,sector 82,6.0,1.0,0.0,0.0,0.0,0.0,0.0,0.0,0.0,0.0,0.0,0.0,0.0,1.0,0.0,0.0,0.0,0.0,0.0,0.0,6.0,10.0,4.0,6.0,0.0,1.0,0.0,0.0,1.0,5.0,1.0,1.0,1.0,0.0,1.0,0.0,1.0,0.0,carpet,mid,under construction,dlf 76,gurgaon,4.0
199.74,3.0,3.0,3.0,1.0,sector 89,6.0,1.0,0.0,0.0,1.0,0.0,0.0,0.0,1.0,1.0,0.0,0.0,1.0,0.0,0.0,0.0,0.0,0.0,0.0,0.0,6.0,10.0,4.0,6.0,0.0,1.0,0.0,0.0,1.0,5.0,1.0,1.0,1.0,0.0,1.0,0.0,1.0,0.0,super built up,high,new,ats marigold,gurgaon,1.85
181.16,3.0,5.0,0.0,0.0,sector 70,15.0,1.0,0.0,0.0,1.0,0.0,1.0,1.0,0.0,0.0,0.0,0.0,0.0,1.0,0.0,0.0,0.0,0.0,0.0,0.0,6.0,10.0,4.0,6.0,0.0,1.0,0.0,0.0,1.0,5.0,1.0,1.0,1.0,0.0,1.0,0.0,1.0,0.0,built up,high,under construction,shree vardhman victoria,gurgaon,1.75
268.95,3.0,4.0,3.0,0.0,sector 53,15.0,0.0,0.0,0.0,1.0,0.0,1.0,0.0,1.0,1.0,0.0,1.0,0.0,0.0,0.0,0.0,0.0,1.0,0.0,0.0,6.0,10.0,4.0,6.0,0.0,1.0,0.0,0.0,1.0,5.0,1.0,1.0,1.0,0.0,1.0,0.0,1.0,0.0,built up,high,new,parsvnath exotica,gurgaon,4.8
144.65,3.0,2.0,3.0,0.0,sector 33,8.0,1.0,0.0,0.0,1.0,0.0,0.0,0.0,1.0,1.0,0.0,0.0,0.0,0.0,0.0,0.0,0.0,0.0,0.0,0.0,6.0,10.0,4.0,6.0,0.0,1.0,0.0,0.0,1.0,5.0,1.0,1.0,1.0,0.0,1.0,0.0,1.0,0.0,super built up,high,new,godrej nature plus,sohna,1.3
133.32,3.0,3.0,3.0,0.0,sector 37,8.0,1.0,0.0,0.0,1.0,1.0,0.0,0.0,1.0,0.0,0.0,0.0,1.0,0.0,0.0,0.0,0.0,0.0,0.0,0.0,6.0,10.0,4.0,6.0,0.0,1.0,0.0,0.0,1.0,5.0,1.0,1.0,1.0,0.0,1.0,0.0,1.0,0.0,built up,high,under construction,imperia the esfera,gurgaon,0.9
260.22,4.0,4.0,3.0,0.0,sector 54,45.0,1.0,0.0,0.0,0.0,1.0,0.0,1.0,0.0,0.0,0.0,1.0,0.0,1.0,0.0,1.0,1.0,0.0,0.0,0.0,6.0,10.0,4.0,6.0,0.0,1.0,0.0,0.0,1.0,5.0,1.0,1.0,1.0,0.0,1.0,0.0,1.0,0.0,built up,high,under construction,dlf icon,gurgaon,5.8
117.24,2.0,2.0,2.0,0.0,sector 70,14.0,1.0,0.0,0.0,0.0,0.0,1.0,1.0,0.0,0.0,0.0,0.0,0.0,0.0,0.0,1.0,0.0,0.0,0.0,0.0,6.0,10.0,4.0,6.0,0.0,1.0,0.0,0.0,1.0,5.0,1.0,1.0,1.0,0.0,1.0,0.0,1.0,0.0,built up,high,under construction,aipl zen residences,gurgaon,1.4
111.48,2.0,2.0,0.0,0.0,sector 71,15.0,1.0,1.0,0.0,0.0,0.0,1.0,1.0,0.0,1.0,0.0,0.0,0.0,0.0,1.0,0.0,1.0,0.0,0.0,0.0,6.0,10.0,4.0,6.0,0.0,1.0,0.0,0.0,1.0,5.0,1.0,1.0,1.0,0.0,1.0,0.0,1.0,0.0,built up,mid,under construction,chd avenue 71,gurgaon,0.95
144.65,3.0,2.0,3.0,0.0,sector 33,8.0,1.0,0.0,0.0,1.0,0.0,0.0,0.0,1.0,1.0,0.0,0.0,0.0,0.0,0.0,0.0,0.0,0.0,0.0,0.0,6.0,10.0,4.0,6.0,0.0,1.0,0.0,0.0,1.0,5.0,1.0,1.0,1.0,0.0,1.0,0.0,1.0,0.0,super built up,high,new,godrej nature plus,sohna,1.35
157.01,3.0,2.0,1.0,0.0,sector 86,4.0,1.0,0.0,0.0,1.0,0.0,0.0,0.0,1.0,0.0,0.0,0.0,1.0,0.0,0.0,0.0,0.0,0.0,0.0,0.0,6.0,10.0,4.0,6.0,0.0,1.0,0.0,0.0,1.0,5.0,1.0,1.0,1.0,0.0,1.0,0.0,1.0,0.0,carpet,mid,new,ansal heights 86,gurgaon,0.95
125.6,2.0,2.0,3.0,1.0,sector 90,10.0,1.0,0.0,0.0,1.0,0.0,1.0,0.0,1.0,1.0,0.0,0.0,1.0,0.0,1.0,0.0,0.0,0.0,0.0,0.0,6.0,10.0,4.0,6.0,0.0,1.0,0.0,0.0,1.0,5.0,1.0,1.0,1.0,0.0,1.0,0.0,1.0,0.0,super built up,high,new,shree vardhman flora,gurgaon,0.7
258.18,4.0,5.0,3.0,1.0,sector 108,9.0,1.0,0.0,0.0,1.0,0.0,1.0,0.0,1.0,1.0,0.0,0.0,1.0,0.0,0.0,0.0,0.0,0.0,0.0,0.0,6.0,10.0,4.0,6.0,0.0,1.0,0.0,0.0,1.0,5.0,1.0,1.0,1.0,0.0,1.0,0.0,1.0,0.0,super built up,low,new,experion the heartsong,gurgaon,3.0
44.04,1.0,1.0,1.0,0.0,sector 33,5.0,0.0,0.0,0.0,0.0,0.0,0.0,0.0,0.0,0.0,0.0,0.0,0.0,0.0,0.0,0.0,0.0,0.0,0.0,1.0,6.0,10.0,4.0,6.0,0.0,1.0,0.0,0.0,1.0,5.0,1.0,1.0,1.0,0.0,1.0,0.0,1.0,0.0,built up,low,new,hcbs sports ville,sohna,0.2
92.9,2.0,2.0,3.0,0.0,sector 92,8.0,1.0,0.0,0.0,0.0,0.0,0.0,0.0,0.0,0.0,0.0,0.0,0.0,1.0,0.0,0.0,0.0,0.0,0.0,0.0,6.0,10.0,4.0,6.0,0.0,1.0,0.0,0.0,1.0,5.0,1.0,1.0,1.0,0.0,1.0,0.0,1.0,0.0,super built up,low,old,sare crescent parc,gurgaon,0.5
154.68,3.0,3.0,2.0,0.0,sector 113,8.0,1.0,0.0,0.0,1.0,0.0,0.0,0.0,1.0,1.0,1.0,1.0,1.0,0.0,0.0,0.0,0.0,0.0,0.0,0.0,6.0,10.0,4.0,6.0,0.0,1.0,0.0,0.0,1.0,5.0,1.0,1.0,1.0,0.0,1.0,0.0,1.0,0.0,super built up,high,mid aged,m3m capital,gurgaon,2.0
162.58,3.0,3.0,3.0,1.0,sector 89,6.0,1.0,0.0,0.0,1.0,0.0,0.0,0.0,1.0,1.0,0.0,0.0,1.0,0.0,0.0,0.0,0.0,0.0,0.0,0.0,6.0,10.0,4.0,6.0,0.0,1.0,0.0,0.0,1.0,5.0,1.0,1.0,1.0,0.0,1.0,0.0,1.0,0.0,carpet,high,under construction,ats marigold,gurgaon,1.7
67.45,2.0,2.0,2.0,0.0,sector 36,7.0,1.0,0.0,0.0,0.0,0.0,0.0,0.0,0.0,0.0,0.0,0.0,0.0,1.0,0.0,0.0,0.0,0.0,0.0,0.0,6.0,10.0,4.0,6.0,0.0,1.0,0.0,0.0,1.0,5.0,1.0,1.0,1.0,0.0,1.0,0.0,1.0,0.0,super built up,mid,new,avl 36 gurgaon,gurgaon,0.65
367.52,4.0,4.0,3.0,0.0,sector 63,10.0,1.0,0.0,0.0,0.0,0.0,1.0,1.0,0.0,0.0,0.0,0.0,0.0,0.0,0.0,1.0,0.0,0.0,0.0,1.0,6.0,10.0,4.0,6.0,0.0,1.0,0.0,0.0,1.0,5.0,1.0,1.0,1.0,0.0,1.0,0.0,1.0,0.0,built up,high,under construction,dlf the arbour,gurgaon,7.52
213.49,4.0,4.0,3.0,1.0,sector 113,8.0,1.0,0.0,0.0,1.0,0.0,0.0,0.0,1.0,1.0,1.0,1.0,1.0,0.0,0.0,0.0,0.0,0.0,0.0,0.0,6.0,10.0,4.0,6.0,0.0,1.0,0.0,0.0,1.0,5.0,1.0,1.0,1.0,0.0,1.0,0.0,1.0,0.0,carpet,low,new,m3m capital,gurgaon,2.87
83.61204013377927,2.0,2.0,3.0,0.0,sector 33,8.0,1.0,0.0,0.0,1.0,0.0,0.0,0.0,1.0,1.0,0.0,0.0,0.0,0.0,0.0,0.0,0.0,0.0,0.0,0.0,6.0,10.0,4.0,6.0,0.0,1.0,0.0,0.0,1.0,5.0,1.0,1.0,1.0,0.0,1.0,0.0,1.0,0.0,carpet,low,new,godrej nature plus,sohna,1.2
55.74,2.0,1.0,1.0,0.0,sector 69,33.0,1.0,0.0,0.0,0.0,1.0,1.0,1.0,0.0,0.0,0.0,0.0,0.0,0.0,0.0,1.0,0.0,0.0,0.0,0.0,6.0,10.0,4.0,6.0,0.0,1.0,0.0,0.0,1.0,5.0,1.0,1.0,1.0,0.0,1.0,0.0,1.0,0.0,carpet,high,new,tulip lemon,gurgaon,0.6
181.16,3.0,5.0,3.0,0.0,sector 70,15.0,1.0,0.0,0.0,1.0,0.0,1.0,1.0,0.0,0.0,0.0,0.0,0.0,1.0,0.0,0.0,0.0,0.0,0.0,0.0,6.0,10.0,4.0,6.0,0.0,1.0,0.0,0.0,1.0,5.0,1.0,1.0,1.0,0.0,1.0,0.0,1.0,0.0,carpet,high,new,shree vardhman victoria,gurgaon,1.8
55.56,2.0,2.0,1.0,0.0,sector 81,10.0,1.0,0.0,0.0,1.0,0.0,0.0,0.0,1.0,0.0,0.0,0.0,1.0,0.0,1.0,0.0,0.0,0.0,0.0,0.0,6.0,10.0,4.0,6.0,0.0,1.0,0.0,0.0,1.0,5.0,1.0,1.0,1.0,0.0,1.0,0.0,1.0,0.0,super built up,high,new,signature global synera,gurgaon,0.48
321.63,3.0,4.0,3.0,1.0,sector 28,48.0,1.0,0.0,0.0,0.0,0.0,1.0,1.0,0.0,0.0,0.0,1.0,0.0,0.0,0.0,1.0,0.0,0.0,0.0,1.0,6.0,10.0,4.0,6.0,0.0,1.0,0.0,0.0,1.0,5.0,1.0,1.0,1.0,0.0,1.0,0.0,1.0,0.0,super built up,mid,old,sahara grace,gurgaon,4.3
102.47,2.0,2.0,2.0,1.0,sector 89,14.0,1.0,0.0,0.0,1.0,0.0,1.0,0.0,1.0,0.0,1.0,1.0,1.0,0.0,1.0,0.0,0.0,0.0,0.0,0.0,6.0,10.0,4.0,6.0,0.0,1.0,0.0,0.0,1.0,5.0,1.0,1.0,1.0,0.0,1.0,0.0,1.0,0.0,super built up,low,new,smart world gems,gurgaon,0.9
199.74,3.0,3.0,3.0,0.0,sector 70,14.0,1.0,0.0,0.0,0.0,0.0,1.0,1.0,0.0,0.0,0.0,0.0,0.0,0.0,0.0,1.0,0.0,0.0,0.0,0.0,6.0,10.0,4.0,6.0,0.0,1.0,0.0,0.0,1.0,5.0,1.0,1.0,1.0,0.0,1.0,0.0,1.0,0.0,built up,high,under construction,aipl peaceful homes,gurgaon,2.75
157.94,3.0,3.0,3.0,0.0,sector 70,12.0,0.0,0.0,0.0,1.0,0.0,1.0,0.0,1.0,1.0,1.0,1.0,0.0,0.0,0.0,0.0,1.0,0.0,0.0,0.0,6.0,10.0,4.0,6.0,0.0,1.0,0.0,0.0,1.0,5.0,1.0,1.0,1.0,0.0,1.0,0.0,1.0,0.0,super built up,low,new,bptp astaire gardens,gurgaon,1.2
65.03,1.0,1.0,1.0,0.0,sector 106,5.0,0.0,0.0,0.0,0.0,0.0,0.0,0.0,0.0,1.0,1.0,1.0,1.0,0.0,0.0,0.0,0.0,0.0,0.0,0.0,6.0,10.0,4.0,6.0,0.0,1.0,0.0,0.0,1.0,5.0,1.0,1.0,1.0,0.0,1.0,0.0,1.0,0.0,carpet,high,new,viridian the plaza 106,gurgaon,0.46
120.31,3.0,3.0,2.0,0.0,sector 37,10.0,1.0,0.0,0.0,1.0,0.0,1.0,0.0,1.0,1.0,0.0,0.0,1.0,0.0,1.0,0.0,0.0,0.0,0.0,0.0,6.0,10.0,4.0,6.0,0.0,1.0,0.0,0.0,1.0,5.0,1.0,1.0,1.0,0.0,1.0,0.0,1.0,0.0,carpet,low,new,signature global city,gurgaon,1.1
115.66,2.0,2.0,3.0,0.0,sector 68,15.0,1.0,0.0,0.0,1.0,0.0,1.0,0.0,1.0,1.0,0.0,1.0,1.0,0.0,1.0,0.0,0.0,1.0,0.0,0.0,6.0,10.0,4.0,6.0,0.0,1.0,0.0,0.0,1.0,5.0,1.0,1.0,1.0,0.0,1.0,0.0,1.0,0.0,super built up,high,new,pareena mi casa,gurgaon,1.15
42.9,1.0,1.0,0.0,1.0,sector 52,44.0,1.0,0.0,0.0,0.0,0.0,0.0,1.0,1.0,0.0,0.0,1.0,0.0,1.0,0.0,1.0,0.0,0.0,0.0,1.0,6.0,10.0,4.0,6.0,0.0,1.0,0.0,0.0,1.0,5.0,1.0,1.0,1.0,0.0,1.0,0.0,1.0,0.0,carpet,low,old,huda housing board society,gurgaon,0.45
49.33,2.0,2.0,1.0,0.0,sector 33,7.0,1.0,0.0,0.0,1.0,0.0,0.0,0.0,1.0,1.0,0.0,0.0,0.0,0.0,1.0,0.0,0.0,0.0,0.0,0.0,6.0,10.0,4.0,6.0,0.0,1.0,0.0,0.0,1.0,5.0,1.0,1.0,1.0,0.0,1.0,0.0,1.0,0.0,carpet,high,new,signature the serenas,sohna,0.45
67.82,2.0,2.0,0.0,0.0,sector 93,8.0,0.0,0.0,0.0,1.0,0.0,0.0,0.0,1.0,1.0,0.0,0.0,0.0,0.0,0.0,0.0,0.0,0.0,0.0,0.0,6.0,10.0,4.0,6.0,0.0,1.0,0.0,0.0,1.0,5.0,1.0,1.0,1.0,0.0,1.0,0.0,1.0,0.0,built up,high,under construction,signature global orchard avenue,gurgaon,0.4
83.61,2.0,2.0,2.0,0.0,sector 33,13.0,1.0,0.0,0.0,0.0,1.0,1.0,1.0,1.0,0.0,0.0,1.0,1.0,0.0,0.0,1.0,1.0,0.0,0.0,0.0,6.0,10.0,4.0,6.0,0.0,1.0,0.0,0.0,1.0,5.0,1.0,1.0,1.0,0.0,1.0,0.0,1.0,0.0,built up,low,under construction,trisara our homes 3,sohna,0.4
133.13,2.0,2.0,3.0,0.0,sector 65,11.0,1.0,0.0,0.0,1.0,0.0,1.0,0.0,1.0,1.0,0.0,1.0,1.0,0.0,1.0,0.0,0.0,0.0,0.0,0.0,6.0,10.0,4.0,6.0,0.0,1.0,0.0,0.0,1.0,5.0,1.0,1.0,1.0,0.0,1.0,0.0,1.0,0.0,carpet,mid,mid aged,m3m heights,gurgaon,2.25
315.87,3.0,3.0,3.0,0.0,sector 63,13.0,1.0,0.0,0.0,1.0,0.0,1.0,0.0,1.0,1.0,0.0,1.0,0.0,0.0,1.0,0.0,0.0,1.0,0.0,0.0,6.0,10.0,4.0,6.0,0.0,1.0,0.0,0.0,1.0,5.0,1.0,1.0,1.0,0.0,1.0,0.0,1.0,0.0,super built up,low,new,adani brahma samsara vilasa,gurgaon,3.4
167.23,4.0,3.0,0.0,0.0,sector 82,7.0,1.0,0.0,0.0,1.0,0.0,0.0,0.0,1.0,0.0,0.0,0.0,1.0,0.0,0.0,0.0,0.0,0.0,0.0,0.0,6.0,10.0,4.0,6.0,0.0,1.0,0.0,0.0,1.0,5.0,1.0,1.0,1.0,0.0,1.0,0.0,1.0,0.0,built up,low,under construction,vatika independent floors,gurgaon,1.45
102.19,2.0,3.0,0.0,0.0,sector 69,10.0,1.0,0.0,0.0,1.0,0.0,1.0,0.0,1.0,1.0,0.0,0.0,0.0,0.0,1.0,0.0,0.0,0.0,0.0,0.0,6.0,10.0,4.0,6.0,0.0,1.0,0.0,0.0,1.0,5.0,1.0,1.0,1.0,0.0,1.0,0.0,1.0,0.0,built up,high,under construction,tulip violet,gurgaon,1.2
117.15,2.0,2.0,3.0,0.0,sector 65,11.0,1.0,0.0,0.0,1.0,0.0,1.0,0.0,1.0,1.0,0.0,1.0,1.0,0.0,1.0,0.0,0.0,0.0,0.0,0.0,6.0,10.0,4.0,6.0,0.0,1.0,0.0,0.0,1.0,5.0,1.0,1.0,1.0,0.0,1.0,0.0,1.0,0.0,super built up,mid,mid aged,m3m heights,gurgaon,1.9
169.55,3.0,3.0,3.0,0.0,sector 88,14.0,0.0,0.0,0.0,0.0,0.0,0.0,0.0,1.0,0.0,0.0,0.0,0.0,0.0,0.0,0.0,0.0,0.0,0.0,0.0,6.0,10.0,4.0,6.0,0.0,1.0,0.0,0.0,1.0,5.0,1.0,1.0,1.0,0.0,1.0,0.0,1.0,0.0,super built up,high,new,godrej icon,gurgaon,1.65
187.48,3.0,3.0,3.0,1.0,sector 74,7.0,1.0,0.0,0.0,1.0,0.0,1.0,0.0,1.0,1.0,0.0,0.0,1.0,0.0,0.0,0.0,0.0,0.0,0.0,0.0,6.0,10.0,4.0,6.0,0.0,1.0,0.0,0.0,1.0,5.0,1.0,1.0,1.0,0.0,1.0,0.0,1.0,0.0,super built up,high,new,m3m skywalk,gurgaon,2.7
78.53,2.0,2.0,3.0,0.0,sector 33,8.0,1.0,0.0,0.0,0.0,0.0,0.0,0.0,1.0,1.0,1.0,1.0,0.0,0.0,0.0,0.0,0.0,0.0,0.0,0.0,6.0,10.0,4.0,6.0,0.0,1.0,0.0,0.0,1.0,5.0,1.0,1.0,1.0,0.0,1.0,0.0,1.0,0.0,super built up,mid,new,signature global park,sohna,0.54
65.03,1.0,1.0,1.0,0.0,sector 33,5.0,0.0,0.0,0.0,0.0,0.0,0.0,0.0,0.0,0.0,0.0,0.0,0.0,0.0,0.0,0.0,0.0,0.0,0.0,1.0,6.0,10.0,4.0,6.0,0.0,1.0,0.0,0.0,1.0,5.0,1.0,1.0,1.0,0.0,1.0,0.0,1.0,0.0,carpet,low,new,hcbs sports ville,sohna,0.22
44.64,2.0,2.0,2.0,0.0,sector 33,6.0,0.0,0.0,0.0,0.0,0.0,0.0,0.0,0.0,1.0,0.0,0.0,1.0,0.0,0.0,0.0,1.0,0.0,0.0,0.0,6.0,10.0,4.0,6.0,0.0,1.0,0.0,0.0,1.0,5.0,1.0,1.0,1.0,0.0,1.0,0.0,1.0,0.0,carpet,high,new,gls arawali homes,sohna,0.29
27.96,1.0,1.0,1.0,0.0,sector 104,9.0,1.0,0.0,0.0,1.0,0.0,1.0,0.0,1.0,1.0,0.0,0.0,0.0,0.0,1.0,0.0,0.0,0.0,0.0,0.0,6.0,10.0,4.0,6.0,0.0,1.0,0.0,0.0,1.0,5.0,1.0,1.0,1.0,0.0,1.0,0.0,1.0,0.0,built up,low,under construction,zara aavaas,gurgaon,0.2
171.41,3.0,3.0,3.0,0.0,sector 103,7.0,1.0,0.0,0.0,0.0,0.0,0.0,0.0,0.0,0.0,1.0,0.0,0.0,0.0,0.0,0.0,0.0,0.0,0.0,0.0,6.0,10.0,4.0,6.0,0.0,1.0,0.0,0.0,1.0,5.0,1.0,1.0,1.0,0.0,1.0,0.0,1.0,0.0,built up,low,under construction,chintamani,gurgaon,1.57
88.26,2.0,2.0,2.0,0.0,sector 37,10.0,1.0,0.0,0.0,1.0,0.0,1.0,0.0,1.0,1.0,0.0,0.0,1.0,0.0,1.0,0.0,0.0,0.0,0.0,0.0,6.0,10.0,4.0,6.0,0.0,1.0,0.0,0.0,1.0,5.0,1.0,1.0,1.0,0.0,1.0,0.0,1.0,0.0,super built up,low,mid aged,signature global city,gurgaon,0.8
133.78,3.0,3.0,3.0,1.0,sector 37,12.0,1.0,0.0,0.0,0.0,0.0,1.0,0.0,1.0,0.0,0.0,0.0,1.0,0.0,0.0,1.0,0.0,0.0,0.0,0.0,6.0,10.0,4.0,6.0,0.0,1.0,0.0,0.0,1.0,5.0,1.0,1.0,1.0,0.0,1.0,0.0,1.0,0.0,carpet,low,mid aged,signature global city 37d ph 2,gurgaon,1.35
182.74,4.0,4.0,1.0,0.0,sector 69,10.0,1.0,0.0,0.0,1.0,0.0,1.0,0.0,1.0,1.0,0.0,0.0,0.0,0.0,1.0,0.0,0.0,0.0,0.0,0.0,6.0,10.0,4.0,6.0,0.0,1.0,0.0,0.0,1.0,5.0,1.0,1.0,1.0,0.0,1.0,0.0,1.0,0.0,carpet,high,new,tulip violet,gurgaon,2.0
112.41,3.0,2.0,3.0,0.0,sector 33,8.0,1.0,0.0,0.0,0.0,0.0,0.0,0.0,1.0,1.0,1.0,1.0,0.0,0.0,0.0,0.0,0.0,0.0,0.0,0.0,6.0,10.0,4.0,6.0,0.0,1.0,0.0,0.0,1.0,5.0,1.0,1.0,1.0,0.0,1.0,0.0,1.0,0.0,built up,mid,under construction,signature global park,sohna,0.87
117.43,2.0,2.0,2.0,0.0,sector 33,7.0,1.0,0.0,0.0,0.0,0.0,0.0,0.0,1.0,0.0,0.0,0.0,1.0,0.0,0.0,0.0,0.0,0.0,0.0,0.0,6.0,10.0,4.0,6.0,0.0,1.0,0.0,0.0,1.0,5.0,1.0,1.0,1.0,0.0,1.0,0.0,1.0,0.0,super built up,low,new,eldeco accolade,sohna,0.78
111.3,2.0,2.0,2.0,0.0,sector 71,15.0,1.0,1.0,0.0,0.0,0.0,1.0,1.0,0.0,1.0,0.0,0.0,0.0,0.0,1.0,0.0,1.0,0.0,0.0,0.0,6.0,10.0,4.0,6.0,0.0,1.0,0.0,0.0,1.0,5.0,1.0,1.0,1.0,0.0,1.0,0.0,1.0,0.0,super built up,mid,old,chd avenue 71,gurgaon,0.95
218.32,3.0,2.0,3.0,0.0,sector 92,11.0,1.0,0.0,0.0,0.0,0.0,0.0,1.0,1.0,0.0,0.0,0.0,1.0,0.0,0.0,1.0,0.0,0.0,0.0,0.0,6.0,10.0,4.0,6.0,0.0,1.0,0.0,0.0,1.0,5.0,1.0,1.0,1.0,0.0,1.0,0.0,1.0,0.0,built up,high,under construction,raheja navodaya,gurgaon,1.1
199.74,3.0,3.0,3.0,1.0,sector 63,12.0,1.0,0.0,0.0,0.0,0.0,0.0,0.0,1.0,1.0,1.0,1.0,1.0,0.0,1.0,0.0,1.0,0.0,0.0,0.0,6.0,10.0,4.0,6.0,0.0,1.0,0.0,0.0,1.0,5.0,1.0,1.0,1.0,0.0,1.0,0.0,1.0,0.0,super built up,mid,mid aged,birla navya,gurgaon,3.3
6.69,1.0,1.0,0.0,1.0,sector 51,45.0,1.0,0.0,0.0,0.0,0.0,1.0,1.0,0.0,0.0,0.0,0.0,0.0,0.0,0.0,1.0,0.0,0.0,0.0,0.0,6.0,10.0,4.0,6.0,0.0,1.0,0.0,0.0,1.0,5.0,1.0,1.0,1.0,0.0,1.0,0.0,1.0,0.0,carpet,low,old,housing board colony,gurgaon,0.3
198.26,4.0,4.0,3.0,1.0,sector 33,15.0,0.0,0.0,0.0,0.0,0.0,1.0,1.0,1.0,0.0,0.0,0.0,0.0,1.0,1.0,0.0,0.0,0.0,0.0,1.0,6.0,10.0,4.0,6.0,0.0,1.0,0.0,0.0,1.0,5.0,1.0,1.0,1.0,0.0,1.0,0.0,1.0,0.0,carpet,low,new,central park flower valley aqua front towers,sohna,2.96
120.59,3.0,2.0,2.0,0.0,sector 92,11.0,0.0,0.0,0.0,0.0,0.0,0.0,0.0,1.0,1.0,0.0,1.0,1.0,0.0,0.0,0.0,0.0,0.0,0.0,0.0,6.0,10.0,4.0,6.0,0.0,1.0,0.0,0.0,1.0,5.0,1.0,1.0,1.0,0.0,1.0,0.0,1.0,0.0,super built up,high,new,sare green parc phase 3,gurgaon,0.79
120.59,3.0,2.0,2.0,0.0,sector 92,8.0,1.0,0.0,0.0,0.0,0.0,0.0,0.0,0.0,0.0,0.0,0.0,0.0,1.0,0.0,0.0,0.0,0.0,0.0,0.0,6.0,10.0,4.0,6.0,0.0,1.0,0.0,0.0,1.0,5.0,1.0,1.0,1.0,0.0,1.0,0.0,1.0,0.0,super built up,high,new,sare crescent parc royal greens phase 1,gurgaon,0.79
125.42,3.0,3.0,3.0,1.0,sector 33,8.0,1.0,0.0,0.0,1.0,0.0,0.0,0.0,1.0,1.0,0.0,0.0,0.0,0.0,0.0,0.0,0.0,0.0,0.0,0.0,6.0,10.0,4.0,6.0,0.0,1.0,0.0,0.0,1.0,5.0,1.0,1.0,1.0,0.0,1.0,0.0,1.0,0.0,carpet,mid,new,godrej nature plus,sohna,1.7
171.87,3.0,3.0,3.0,0.0,sector 88,7.0,1.0,0.0,0.0,0.0,1.0,0.0,0.0,1.0,0.0,0.0,0.0,1.0,0.0,0.0,0.0,0.0,0.0,0.0,0.0,6.0,10.0,4.0,6.0,0.0,1.0,0.0,0.0,1.0,5.0,1.0,1.0,1.0,0.0,1.0,0.0,1.0,0.0,super built up,mid,new,godrej oasis,gurgaon,1.4
131.46,3.0,3.0,3.0,0.0,sector 92,8.0,1.0,0.0,0.0,0.0,0.0,0.0,0.0,0.0,0.0,0.0,0.0,0.0,1.0,0.0,0.0,0.0,0.0,0.0,0.0,6.0,10.0,4.0,6.0,0.0,1.0,0.0,0.0,1.0,5.0,1.0,1.0,1.0,0.0,1.0,0.0,1.0,0.0,super built up,low,new,sare homes,gurgaon,0.58
248.52,4.0,5.0,2.0,1.0,sector 79,10.0,1.0,0.0,0.0,1.0,0.0,0.0,0.0,1.0,1.0,0.0,0.0,0.0,0.0,0.0,0.0,0.0,0.0,0.0,0.0,6.0,10.0,4.0,6.0,0.0,1.0,0.0,0.0,1.0,5.0,1.0,1.0,1.0,0.0,1.0,0.0,1.0,0.0,built up,mid,new,bestech altura,gurgaon,2.55
156.91,3.0,3.0,3.0,1.0,sector 104,7.0,1.0,0.0,0.0,0.0,1.0,0.0,0.0,1.0,1.0,1.0,1.0,1.0,0.0,0.0,0.0,0.0,0.0,0.0,0.0,6.0,10.0,4.0,6.0,0.0,1.0,0.0,0.0,1.0,5.0,1.0,1.0,1.0,0.0,1.0,0.0,1.0,0.0,super built up,high,new,hero homes,gurgaon,1.9
113.34,2.0,2.0,3.0,0.0,sector 68,10.0,1.0,0.0,0.0,1.0,0.0,1.0,0.0,1.0,1.0,0.0,0.0,0.0,0.0,1.0,0.0,0.0,1.0,0.0,0.0,6.0,10.0,4.0,6.0,0.0,1.0,0.0,0.0,1.0,5.0,1.0,1.0,1.0,0.0,1.0,0.0,1.0,0.0,super built up,mid,new,m3m sierra 68,gurgaon,1.25
185.81,3.0,3.0,3.0,1.0,sector 103,15.0,1.0,0.0,0.0,1.0,1.0,1.0,0.0,1.0,1.0,1.0,1.0,1.0,0.0,1.0,0.0,0.0,0.0,0.0,0.0,6.0,10.0,4.0,6.0,0.0,1.0,0.0,0.0,1.0,5.0,1.0,1.0,1.0,0.0,1.0,0.0,1.0,0.0,super built up,high,new,indiabulls centrum park,gurgaon,1.65
135.08,3.0,3.0,3.0,1.0,sector 92,7.0,1.0,0.0,0.0,0.0,0.0,0.0,0.0,0.0,0.0,0.0,0.0,0.0,1.0,0.0,0.0,0.0,0.0,0.0,0.0,6.0,10.0,4.0,6.0,0.0,1.0,0.0,0.0,1.0,5.0,1.0,1.0,1.0,0.0,1.0,0.0,1.0,0.0,super built up,low,new,sare green parc 2,gurgaon,0.75
218.32,4.0,6.0,3.0,1.0,sector 1,10.0,1.0,0.0,0.0,0.0,0.0,0.0,0.0,0.0,0.0,0.0,0.0,0.0,1.0,0.0,0.0,0.0,0.0,0.0,1.0,6.0,10.0,4.0,6.0,0.0,1.0,0.0,0.0,1.0,5.0,1.0,1.0,1.0,0.0,1.0,0.0,1.0,0.0,carpet,mid,new,dlf express greens,manesar,1.6
142.51,2.0,2.0,3.0,1.0,sector 107,6.0,0.0,0.0,0.0,0.0,0.0,0.0,0.0,1.0,1.0,0.0,0.0,0.0,0.0,0.0,0.0,0.0,0.0,0.0,0.0,6.0,10.0,4.0,6.0,0.0,1.0,0.0,0.0,1.0,5.0,1.0,1.0,1.0,0.0,1.0,0.0,1.0,0.0,super built up,high,new,m3m woodshire,gurgaon,1.15
129.04,3.0,2.0,2.0,0.0,sector 104,7.0,1.0,0.0,0.0,0.0,1.0,0.0,0.0,1.0,1.0,1.0,1.0,1.0,0.0,0.0,0.0,0.0,0.0,0.0,0.0,6.0,10.0,4.0,6.0,0.0,1.0,0.0,0.0,1.0,5.0,1.0,1.0,1.0,0.0,1.0,0.0,1.0,0.0,super built up,mid,mid aged,hero homes,gurgaon,1.4
165.74,3.0,3.0,3.0,1.0,sector 81,15.0,1.0,0.0,0.0,0.0,0.0,0.0,0.0,0.0,0.0,0.0,0.0,0.0,1.0,0.0,0.0,0.0,0.0,0.0,1.0,6.0,10.0,4.0,6.0,0.0,1.0,0.0,0.0,1.0,5.0,1.0,1.0,1.0,0.0,1.0,0.0,1.0,0.0,carpet,low,old,vipul lavanya,gurgaon,1.28
100.43,3.0,2.0,3.0,0.0,sector 33,8.0,1.0,0.0,0.0,0.0,0.0,0.0,0.0,1.0,1.0,1.0,1.0,0.0,0.0,0.0,0.0,0.0,0.0,0.0,0.0,6.0,10.0,4.0,6.0,0.0,1.0,0.0,0.0,1.0,5.0,1.0,1.0,1.0,0.0,1.0,0.0,1.0,0.0,carpet,mid,new,signature global park,sohna,0.75
69.68,2.0,2.0,2.0,0.0,sector 2,11.0,0.0,0.0,0.0,1.0,1.0,0.0,0.0,1.0,0.0,0.0,1.0,0.0,0.0,0.0,0.0,0.0,0.0,0.0,0.0,6.0,10.0,4.0,6.0,0.0,1.0,0.0,0.0,1.0,5.0,1.0,1.0,1.0,0.0,1.0,0.0,1.0,0.0,carpet,low,new,suncity vatsal valley,gurgaon,1.0
55.23,2.0,2.0,3.0,0.0,sector 95,9.0,1.0,0.0,0.0,1.0,0.0,0.0,0.0,1.0,1.0,1.0,1.0,0.0,0.0,0.0,0.0,0.0,0.0,0.0,0.0,6.0,10.0,4.0,6.0,0.0,1.0,0.0,0.0,1.0,5.0,1.0,1.0,1.0,0.0,1.0,0.0,1.0,0.0,carpet,low,new,signature global superbia,gurgaon,0.4
181.16,3.0,4.0,2.0,1.0,sector 70,15.0,1.0,0.0,0.0,1.0,0.0,1.0,1.0,0.0,0.0,0.0,0.0,0.0,1.0,0.0,0.0,0.0,0.0,0.0,0.0,6.0,10.0,4.0,6.0,0.0,1.0,0.0,0.0,1.0,5.0,1.0,1.0,1.0,0.0,1.0,0.0,1.0,0.0,built up,high,new,shree vardhman victoria,gurgaon,1.75
117.15,2.0,2.0,3.0,0.0,sector 65,11.0,1.0,0.0,0.0,1.0,0.0,1.0,0.0,1.0,1.0,0.0,1.0,1.0,0.0,1.0,0.0,0.0,0.0,0.0,0.0,6.0,10.0,4.0,6.0,0.0,1.0,0.0,0.0,1.0,5.0,1.0,1.0,1.0,0.0,1.0,0.0,1.0,0.0,super built up,high,new,m3m heights,gurgaon,2.1
143.91,3.0,3.0,1.0,0.0,sector 61,9.0,1.0,0.0,0.0,1.0,0.0,0.0,0.0,1.0,1.0,1.0,1.0,0.0,0.0,0.0,0.0,0.0,0.0,0.0,0.0,6.0,10.0,4.0,6.0,0.0,1.0,0.0,0.0,1.0,5.0,1.0,1.0,1.0,0.0,1.0,0.0,1.0,0.0,built up,low,under construction,smart world orchard,gurgaon,2.5
330.36,6.0,4.0,2.0,0.0,sector 10,49.0,1.0,0.0,0.0,0.0,0.0,0.0,0.0,1.0,0.0,0.0,0.0,0.0,1.0,0.0,0.0,1.0,0.0,0.0,0.0,6.0,10.0,4.0,6.0,0.0,1.0,0.0,0.0,1.0,5.0,1.0,1.0,1.0,0.0,1.0,0.0,1.0,0.0,carpet,mid,old,karmyogi apartment,gurgaon,2.3
176.52,3.0,4.0,0.0,0.0,sector 83,10.0,0.0,0.0,0.0,1.0,0.0,0.0,0.0,0.0,0.0,0.0,0.0,0.0,0.0,0.0,0.0,0.0,0.0,0.0,0.0,6.0,10.0,4.0,6.0,0.0,1.0,0.0,0.0,1.0,5.0,1.0,1.0,1.0,0.0,1.0,0.0,1.0,0.0,built up,high,under construction,emaar palm gardens,gurgaon,1.8
143.91,3.0,3.0,2.0,1.0,sector 61,9.0,1.0,0.0,0.0,1.0,0.0,0.0,0.0,1.0,1.0,1.0,1.0,0.0,0.0,0.0,0.0,0.0,0.0,0.0,0.0,6.0,10.0,4.0,6.0,0.0,1.0,0.0,0.0,1.0,5.0,1.0,1.0,1.0,0.0,1.0,0.0,1.0,0.0,carpet,low,new,smart world orchard,gurgaon,2.0
142.14,2.0,2.0,3.0,1.0,sector 79,3.0,0.0,0.0,0.0,0.0,0.0,0.0,0.0,0.0,0.0,0.0,0.0,0.0,1.0,0.0,0.0,0.0,0.0,0.0,1.0,6.0,10.0,4.0,6.0,0.0,1.0,0.0,0.0,1.0,5.0,1.0,1.0,1.0,0.0,1.0,0.0,1.0,0.0,carpet,mid,new,supertech araville,gurgaon,1.0
147.44,3.0,3.0,3.0,0.0,sector 85,5.0,0.0,0.0,0.0,0.0,0.0,0.0,0.0,0.0,1.0,0.0,1.0,1.0,0.0,0.0,0.0,0.0,0.0,0.0,0.0,6.0,10.0,4.0,6.0,0.0,1.0,0.0,0.0,1.0,5.0,1.0,1.0,1.0,0.0,1.0,0.0,1.0,0.0,super built up,high,new,orris aster court,gurgaon,0.9
483.1,5.0,5.0,3.0,1.0,sector 25,43.0,1.0,0.0,0.0,0.0,0.0,1.0,1.0,0.0,0.0,0.0,1.0,0.0,0.0,0.0,1.0,0.0,0.0,0.0,1.0,6.0,10.0,4.0,6.0,0.0,1.0,0.0,0.0,1.0,5.0,1.0,1.0,1.0,0.0,1.0,0.0,1.0,0.0,carpet,low,old,dlf beverly park,gurgaon,8.0
86.4,2.0,2.0,1.0,0.0,sector 70,11.0,1.0,0.0,0.0,1.0,0.0,1.0,0.0,1.0,1.0,0.0,0.0,0.0,0.0,0.0,0.0,0.0,0.0,0.0,0.0,6.0,10.0,4.0,6.0,0.0,1.0,0.0,0.0,1.0,5.0,1.0,1.0,1.0,0.0,1.0,0.0,1.0,0.0,built up,high,new,aipl club residences,gurgaon,0.95
222.97,5.0,5.0,2.0,1.0,sector 21,11.0,1.0,0.0,0.0,0.0,0.0,0.0,1.0,0.0,0.0,0.0,0.0,0.0,1.0,0.0,0.0,0.0,0.0,0.0,0.0,6.0,10.0,4.0,6.0,0.0,1.0,0.0,0.0,1.0,5.0,1.0,1.0,1.0,0.0,1.0,0.0,1.0,0.0,built up,low,old,surya vihar rwa,gurgaon,1.3
55.74,2.0,2.0,1.0,0.0,sector 10,50.0,1.0,0.0,0.0,0.0,0.0,0.0,1.0,1.0,0.0,0.0,0.0,0.0,1.0,0.0,1.0,0.0,0.0,0.0,0.0,6.0,10.0,4.0,6.0,0.0,1.0,0.0,0.0,1.0,5.0,1.0,1.0,1.0,0.0,1.0,0.0,1.0,0.0,carpet,low,new,floor type society,gurgaon,0.4
131.92,2.0,2.0,3.0,0.0,sector 79,3.0,0.0,0.0,0.0,0.0,0.0,0.0,0.0,0.0,0.0,0.0,0.0,0.0,1.0,0.0,0.0,0.0,0.0,0.0,1.0,6.0,10.0,4.0,6.0,0.0,1.0,0.0,0.0,1.0,5.0,1.0,1.0,1.0,0.0,1.0,0.0,1.0,0.0,carpet,high,under construction,m3m golf hills,gurgaon,1.45
190.92,3.0,3.0,3.0,0.0,sector 37,10.0,1.0,0.0,0.0,1.0,0.0,1.0,0.0,1.0,1.0,0.0,0.0,1.0,0.0,1.0,0.0,0.0,0.0,0.0,0.0,6.0,10.0,4.0,6.0,0.0,1.0,0.0,0.0,1.0,5.0,1.0,1.0,1.0,0.0,1.0,0.0,1.0,0.0,carpet,mid,mid aged,signature global city,gurgaon,1.25
292.64,4.0,4.0,3.0,0.0,sector 63,13.0,1.0,0.0,0.0,1.0,0.0,1.0,0.0,1.0,1.0,0.0,1.0,0.0,0.0,1.0,0.0,0.0,1.0,0.0,0.0,6.0,10.0,4.0,6.0,0.0,1.0,0.0,0.0,1.0,5.0,1.0,1.0,1.0,0.0,1.0,0.0,1.0,0.0,carpet,low,new,adani brahma samsara vilasa,gurgaon,4.49
222.97,4.0,4.0,2.0,1.0,sector 54,8.0,1.0,0.0,0.0,1.0,0.0,1.0,0.0,1.0,1.0,0.0,1.0,0.0,0.0,0.0,0.0,0.0,0.0,0.0,0.0,6.0,10.0,4.0,6.0,0.0,1.0,0.0,0.0,1.0,5.0,1.0,1.0,1.0,0.0,1.0,0.0,1.0,0.0,carpet,low,mid aged,dlf the grove,gurgaon,6.0
132.85,3.0,3.0,3.0,0.0,sector 2,11.0,0.0,0.0,0.0,1.0,1.0,0.0,0.0,1.0,0.0,0.0,1.0,0.0,0.0,0.0,0.0,0.0,0.0,0.0,0.0,6.0,10.0,4.0,6.0,0.0,1.0,0.0,0.0,1.0,5.0,1.0,1.0,1.0,0.0,1.0,0.0,1.0,0.0,carpet,low,new,suncity vatsal valley,gurgaon,1.53
123.19,3.0,2.0,2.0,0.0,sector 92,11.0,0.0,0.0,0.0,0.0,0.0,0.0,0.0,1.0,1.0,0.0,1.0,1.0,0.0,0.0,0.0,0.0,0.0,0.0,0.0,6.0,10.0,4.0,6.0,0.0,1.0,0.0,0.0,1.0,5.0,1.0,1.0,1.0,0.0,1.0,0.0,1.0,0.0,super built up,mid,new,sare green parc phase 3,gurgaon,0.7
55.74,2.0,2.0,0.0,0.0,sector 84,10.0,1.0,0.0,0.0,0.0,0.0,0.0,0.0,0.0,0.0,0.0,0.0,0.0,1.0,0.0,0.0,0.0,0.0,0.0,1.0,6.0,10.0,4.0,6.0,0.0,1.0,0.0,0.0,1.0,5.0,1.0,1.0,1.0,0.0,1.0,0.0,1.0,0.0,super built up,mid,under construction,pivotal devaan apartments,gurgaon,0.39
76.37,2.0,2.0,3.0,0.0,sector 33,8.0,1.0,0.0,0.0,0.0,0.0,0.0,0.0,1.0,1.0,1.0,1.0,0.0,0.0,0.0,0.0,0.0,0.0,0.0,0.0,6.0,10.0,4.0,6.0,0.0,1.0,0.0,0.0,1.0,5.0,1.0,1.0,1.0,0.0,1.0,0.0,1.0,0.0,carpet,low,new,signature global park,sohna,0.56
315.41,4.0,4.0,2.0,1.0,sector 59,15.0,1.0,0.0,0.0,1.0,0.0,1.0,0.0,1.0,1.0,1.0,1.0,0.0,0.0,0.0,0.0,0.0,0.0,0.0,0.0,6.0,10.0,4.0,6.0,0.0,1.0,0.0,0.0,1.0,5.0,1.0,1.0,1.0,0.0,1.0,0.0,1.0,0.0,super built up,high,new,conscient elevate,gurgaon,6.75
101.36,3.0,2.0,3.0,0.0,sector 92,10.0,1.0,0.0,0.0,1.0,0.0,0.0,0.0,1.0,1.0,0.0,0.0,1.0,0.0,1.0,0.0,0.0,0.0,0.0,0.0,6.0,10.0,4.0,6.0,0.0,1.0,0.0,0.0,1.0,5.0,1.0,1.0,1.0,0.0,1.0,0.0,1.0,0.0,built up,low,mid aged,signature global city 92,gurgaon,0.99
130.06,2.0,2.0,3.0,0.0,sector 85,8.0,1.0,0.0,0.0,1.0,0.0,0.0,0.0,1.0,1.0,0.0,0.0,1.0,0.0,0.0,0.0,0.0,0.0,0.0,0.0,6.0,10.0,4.0,6.0,0.0,1.0,0.0,0.0,1.0,5.0,1.0,1.0,1.0,0.0,1.0,0.0,1.0,0.0,built up,high,under construction,godrej air,gurgaon,1.4
65.03,2.0,2.0,2.0,0.0,sector 67,11.0,0.0,0.0,0.0,1.0,0.0,1.0,0.0,1.0,0.0,0.0,0.0,0.0,1.0,0.0,0.0,0.0,0.0,0.0,0.0,6.0,10.0,4.0,6.0,0.0,1.0,0.0,0.0,1.0,5.0,1.0,1.0,1.0,0.0,1.0,0.0,1.0,0.0,super built up,high,new,pyramid urban,gurgaon,0.6
126.26,3.0,2.0,2.0,0.0,sector 104,7.0,1.0,0.0,0.0,0.0,1.0,0.0,0.0,1.0,1.0,1.0,1.0,1.0,0.0,0.0,0.0,0.0,0.0,0.0,0.0,6.0,10.0,4.0,6.0,0.0,1.0,0.0,0.0,1.0,5.0,1.0,1.0,1.0,0.0,1.0,0.0,1.0,0.0,super built up,high,new,hero homes,gurgaon,1.35
120.31,2.0,2.0,0.0,0.0,sector 79,3.0,0.0,0.0,0.0,0.0,0.0,0.0,0.0,0.0,0.0,0.0,0.0,0.0,1.0,0.0,0.0,0.0,0.0,0.0,1.0,6.0,10.0,4.0,6.0,0.0,1.0,0.0,0.0,1.0,5.0,1.0,1.0,1.0,0.0,1.0,0.0,1.0,0.0,built up,high,under construction,supertech araville,gurgaon,0.72
88.26,2.0,2.0,2.0,0.0,sector 3,48.0,1.0,0.0,0.0,0.0,0.0,0.0,1.0,1.0,0.0,1.0,0.0,0.0,0.0,0.0,1.0,0.0,0.0,0.0,1.0,6.0,10.0,4.0,6.0,0.0,1.0,0.0,0.0,1.0,5.0,1.0,1.0,1.0,0.0,1.0,0.0,1.0,0.0,super built up,low,old,apna enclave,gurgaon,0.58
132.2,3.0,3.0,2.0,1.0,sector 89,9.0,1.0,0.0,0.0,0.0,0.0,0.0,0.0,1.0,1.0,0.0,0.0,1.0,0.0,0.0,0.0,0.0,0.0,0.0,0.0,6.0,10.0,4.0,6.0,0.0,1.0,0.0,0.0,1.0,5.0,1.0,1.0,1.0,0.0,1.0,0.0,1.0,0.0,carpet,low,mid aged,m3m soulitude,gurgaon,1.14
171.41,3.0,3.0,3.0,0.0,sector 103,17.0,1.0,0.0,0.0,0.0,0.0,0.0,1.0,0.0,0.0,1.0,0.0,0.0,0.0,0.0,0.0,0.0,0.0,0.0,1.0,6.0,10.0,4.0,6.0,0.0,1.0,0.0,0.0,1.0,5.0,1.0,1.0,1.0,0.0,1.0,0.0,1.0,0.0,super built up,high,new,on request,gurgaon,1.69
102.1,2.0,2.0,2.0,0.0,sector 33,9.0,1.0,0.0,0.0,1.0,0.0,1.0,0.0,1.0,0.0,0.0,0.0,0.0,0.0,0.0,0.0,0.0,0.0,0.0,0.0,6.0,10.0,4.0,6.0,0.0,1.0,0.0,0.0,1.0,5.0,1.0,1.0,1.0,0.0,1.0,0.0,1.0,0.0,super built up,high,mid aged,raheja maheshwara,sohna,0.48
125.33,2.0,2.0,2.0,0.0,sector 102,13.0,1.0,0.0,0.0,1.0,1.0,0.0,0.0,1.0,1.0,0.0,0.0,1.0,0.0,1.0,0.0,0.0,1.0,0.0,0.0,6.0,10.0,4.0,6.0,0.0,1.0,0.0,0.0,1.0,5.0,1.0,1.0,1.0,0.0,1.0,0.0,1.0,0.0,super built up,high,new,shapoorji pallonji joyville gurugram,gurgaon,1.99
325.16,4.0,4.0,3.0,1.0,sector 24,42.0,1.0,0.0,0.0,0.0,0.0,1.0,1.0,0.0,0.0,0.0,1.0,0.0,0.0,0.0,1.0,0.0,0.0,0.0,1.0,6.0,10.0,4.0,6.0,0.0,1.0,0.0,0.0,1.0,5.0,1.0,1.0,1.0,0.0,1.0,0.0,1.0,0.0,super built up,low,old,dlf 3 apartment,gurgaon,2.5
116.78,2.0,2.0,2.0,0.0,sector 81,15.0,1.0,0.0,0.0,0.0,0.0,0.0,0.0,0.0,0.0,0.0,0.0,0.0,1.0,0.0,0.0,0.0,0.0,0.0,1.0,6.0,10.0,4.0,6.0,0.0,1.0,0.0,0.0,1.0,5.0,1.0,1.0,1.0,0.0,1.0,0.0,1.0,0.0,carpet,mid,old,vipul lavanya,gurgaon,0.75
208.47,3.0,3.0,3.0,0.0,sector 79,10.0,0.0,0.0,0.0,0.0,0.0,0.0,0.0,1.0,1.0,0.0,0.0,0.0,0.0,0.0,0.0,0.0,0.0,1.0,0.0,6.0,10.0,4.0,6.0,0.0,1.0,0.0,0.0,1.0,5.0,1.0,1.0,1.0,0.0,1.0,0.0,1.0,0.0,built up,mid,under construction,godrej 101,gurgaon,2.5
76.37,2.0,2.0,2.0,0.0,sector 33,8.0,1.0,0.0,0.0,0.0,0.0,0.0,0.0,1.0,1.0,1.0,1.0,0.0,0.0,0.0,0.0,0.0,0.0,0.0,0.0,6.0,10.0,4.0,6.0,0.0,1.0,0.0,0.0,1.0,5.0,1.0,1.0,1.0,0.0,1.0,0.0,1.0,0.0,built up,low,under construction,signature global park,sohna,0.58
126.35,2.0,2.0,1.0,0.0,sector 86,4.0,1.0,0.0,0.0,1.0,0.0,0.0,0.0,1.0,0.0,0.0,0.0,1.0,0.0,0.0,0.0,0.0,0.0,0.0,0.0,6.0,10.0,4.0,6.0,0.0,1.0,0.0,0.0,1.0,5.0,1.0,1.0,1.0,0.0,1.0,0.0,1.0,0.0,built up,low,new,ansal heights 86,gurgaon,0.64
169.27,3.0,3.0,3.0,0.0,sector 77,10.0,1.0,0.0,0.0,1.0,0.0,1.0,0.0,1.0,1.0,0.0,0.0,1.0,0.0,0.0,0.0,0.0,0.0,0.0,0.0,6.0,10.0,4.0,6.0,0.0,1.0,0.0,0.0,1.0,5.0,1.0,1.0,1.0,0.0,1.0,0.0,1.0,0.0,built up,high,under construction,umang winter hills,gurgaon,1.2
147.44,3.0,3.0,3.0,0.0,sector 85,5.0,0.0,0.0,0.0,0.0,0.0,0.0,0.0,0.0,1.0,0.0,1.0,1.0,0.0,0.0,0.0,0.0,0.0,0.0,0.0,6.0,10.0,4.0,6.0,0.0,1.0,0.0,0.0,1.0,5.0,1.0,1.0,1.0,0.0,1.0,0.0,1.0,0.0,built up,high,new,orris aster court,gurgaon,0.93
109.63,2.0,2.0,3.0,0.0,sector 68,21.0,1.0,0.0,0.0,0.0,0.0,1.0,1.0,0.0,0.0,0.0,0.0,0.0,0.0,0.0,1.0,0.0,0.0,0.0,0.0,6.0,10.0,4.0,6.0,0.0,1.0,0.0,0.0,1.0,5.0,1.0,1.0,1.0,0.0,1.0,0.0,1.0,0.0,built up,high,new,supertech hues,gurgaon,0.8
38.74,1.0,1.0,1.0,0.0,sector 81,10.0,1.0,0.0,0.0,1.0,0.0,0.0,0.0,1.0,0.0,0.0,0.0,1.0,0.0,1.0,0.0,0.0,0.0,0.0,0.0,6.0,10.0,4.0,6.0,0.0,1.0,0.0,0.0,1.0,5.0,1.0,1.0,1.0,0.0,1.0,0.0,1.0,0.0,super built up,high,new,signature global synera,gurgaon,0.31
91.97,3.0,2.0,1.0,0.0,sector 7,50.0,1.0,0.0,0.0,0.0,0.0,0.0,1.0,1.0,0.0,0.0,0.0,0.0,0.0,0.0,0.0,0.0,0.0,0.0,1.0,6.0,10.0,4.0,6.0,0.0,1.0,0.0,0.0,1.0,5.0,1.0,1.0,1.0,0.0,1.0,0.0,1.0,0.0,carpet,mid,new,"new colony, gurgaon",gurgaon,0.8
54.91,2.0,2.0,1.0,0.0,sector 67,11.0,0.0,0.0,0.0,1.0,0.0,1.0,0.0,1.0,0.0,0.0,0.0,0.0,1.0,0.0,0.0,0.0,0.0,0.0,0.0,6.0,10.0,4.0,6.0,0.0,1.0,0.0,0.0,1.0,5.0,1.0,1.0,1.0,0.0,1.0,0.0,1.0,0.0,carpet,high,new,pyramid urban,gurgaon,0.7
171.87,4.0,3.0,3.0,0.0,sector 9,50.0,1.0,0.0,0.0,0.0,0.0,0.0,1.0,1.0,0.0,1.0,0.0,0.0,0.0,0.0,1.0,0.0,0.0,0.0,1.0,6.0,10.0,4.0,6.0,0.0,1.0,0.0,0.0,1.0,5.0,1.0,1.0,1.0,0.0,1.0,0.0,1.0,0.0,carpet,high,old,oriental valley chs,gurgaon,1.5
36.42,1.0,1.0,1.0,0.0,sector 36,6.0,1.0,0.0,0.0,0.0,0.0,0.0,0.0,0.0,0.0,0.0,0.0,0.0,1.0,0.0,0.0,0.0,0.0,0.0,0.0,6.0,10.0,4.0,6.0,0.0,1.0,0.0,0.0,1.0,5.0,1.0,1.0,1.0,0.0,1.0,0.0,1.0,0.0,carpet,mid,new,avl 36 gurgaon,gurgaon,0.4
102.47,3.0,1.0,0.0,0.0,sector 89,14.0,1.0,0.0,0.0,1.0,0.0,1.0,0.0,1.0,0.0,1.0,1.0,1.0,0.0,1.0,0.0,0.0,0.0,0.0,0.0,6.0,10.0,4.0,6.0,0.0,1.0,0.0,0.0,1.0,5.0,1.0,1.0,1.0,0.0,1.0,0.0,1.0,0.0,built up,low,under construction,smart world gems,gurgaon,1.1
69.68,2.0,2.0,0.0,0.0,sector 103,11.0,0.0,0.0,0.0,0.0,0.0,0.0,0.0,1.0,0.0,0.0,0.0,1.0,0.0,0.0,0.0,0.0,0.0,0.0,0.0,6.0,10.0,4.0,6.0,0.0,1.0,0.0,0.0,1.0,5.0,1.0,1.0,1.0,0.0,1.0,0.0,1.0,0.0,built up,high,under construction,signature global grand iva,gurgaon,0.5
120.77,3.0,2.0,2.0,0.0,sector 33,15.0,1.0,0.0,0.0,0.0,0.0,1.0,0.0,1.0,1.0,0.0,0.0,0.0,0.0,1.0,0.0,1.0,0.0,0.0,0.0,6.0,10.0,4.0,6.0,0.0,1.0,0.0,0.0,1.0,5.0,1.0,1.0,1.0,0.0,1.0,0.0,1.0,0.0,carpet,low,new,central park flower valley,sohna,1.35
148.27,3.0,4.0,3.0,1.0,sector 51,9.0,1.0,0.0,0.0,0.0,1.0,1.0,0.0,1.0,1.0,0.0,1.0,0.0,0.0,0.0,1.0,0.0,0.0,0.0,0.0,6.0,10.0,4.0,6.0,0.0,1.0,0.0,0.0,1.0,5.0,1.0,1.0,1.0,0.0,1.0,0.0,1.0,0.0,carpet,low,old,orchid island,gurgaon,1.7
83.61204013377927,2.0,2.0,2.0,1.0,sector 99,8.0,0.0,0.0,0.0,1.0,0.0,0.0,0.0,1.0,1.0,0.0,1.0,1.0,0.0,0.0,0.0,0.0,0.0,0.0,0.0,6.0,10.0,4.0,6.0,0.0,1.0,0.0,0.0,1.0,5.0,1.0,1.0,1.0,0.0,1.0,0.0,1.0,0.0,carpet,high,new,pivotal riddhi siddhi,gurgaon,0.72
44.87,2.0,2.0,2.0,0.0,sector 84,15.0,1.0,0.0,0.0,0.0,0.0,0.0,1.0,1.0,1.0,0.0,0.0,1.0,1.0,1.0,0.0,0.0,0.0,0.0,0.0,6.0,10.0,4.0,6.0,0.0,1.0,0.0,0.0,1.0,5.0,1.0,1.0,1.0,0.0,1.0,0.0,1.0,0.0,carpet,mid,new,pivotal devaan,gurgaon,0.35
66.89,2.0,2.0,1.0,1.0,sector 8,50.0,1.0,0.0,0.0,0.0,0.0,0.0,1.0,1.0,0.0,0.0,0.0,0.0,0.0,0.0,1.0,0.0,0.0,0.0,0.0,6.0,10.0,4.0,6.0,0.0,1.0,0.0,0.0,1.0,5.0,1.0,1.0,1.0,0.0,1.0,0.0,1.0,0.0,carpet,mid,new,511 sarahah tower,gurgaon,0.6
116.13,2.0,2.0,3.0,0.0,sector 68,10.0,1.0,0.0,0.0,1.0,0.0,1.0,0.0,1.0,1.0,0.0,0.0,0.0,0.0,1.0,0.0,0.0,1.0,0.0,0.0,6.0,10.0,4.0,6.0,0.0,1.0,0.0,0.0,1.0,5.0,1.0,1.0,1.0,0.0,1.0,0.0,1.0,0.0,super built up,low,new,m3m sierra 68,gurgaon,1.2
74.32,2.0,2.0,2.0,0.0,sector 103,11.0,0.0,0.0,0.0,0.0,0.0,0.0,0.0,1.0,0.0,0.0,0.0,1.0,0.0,0.0,0.0,0.0,0.0,0.0,0.0,6.0,10.0,4.0,6.0,0.0,1.0,0.0,0.0,1.0,5.0,1.0,1.0,1.0,0.0,1.0,0.0,1.0,0.0,super built up,high,new,signature global grand iva,gurgaon,0.5
56.21,1.0,1.0,1.0,0.0,sector 56,45.0,1.0,0.0,0.0,0.0,1.0,1.0,1.0,1.0,0.0,0.0,1.0,0.0,1.0,0.0,1.0,1.0,0.0,0.0,1.0,6.0,10.0,4.0,6.0,0.0,1.0,0.0,0.0,1.0,5.0,1.0,1.0,1.0,0.0,1.0,0.0,1.0,0.0,carpet,low,old,kendriya vihar,gurgaon,0.47
269.42,3.0,4.0,3.0,1.0,sector 53,15.0,0.0,0.0,0.0,1.0,0.0,1.0,0.0,1.0,1.0,0.0,1.0,0.0,0.0,0.0,0.0,0.0,1.0,0.0,0.0,6.0,10.0,4.0,6.0,0.0,1.0,0.0,0.0,1.0,5.0,1.0,1.0,1.0,0.0,1.0,0.0,1.0,0.0,carpet,mid,old,parsvnath exotica,gurgaon,5.0
110.09,2.0,2.0,2.0,1.0,sector 66,46.0,1.0,0.0,0.0,0.0,1.0,1.0,1.0,0.0,0.0,0.0,0.0,0.0,0.0,0.0,1.0,0.0,1.0,0.0,0.0,6.0,10.0,4.0,6.0,0.0,1.0,0.0,0.0,1.0,5.0,1.0,1.0,1.0,0.0,1.0,0.0,1.0,0.0,super built up,mid,new,emaar mgf palm studios,gurgaon,1.7
174.19,3.0,3.0,3.0,0.0,sector 37,9.0,1.0,0.0,0.0,1.0,0.0,1.0,0.0,1.0,1.0,1.0,0.0,1.0,0.0,0.0,0.0,0.0,0.0,0.0,0.0,6.0,10.0,4.0,6.0,0.0,1.0,0.0,0.0,1.0,5.0,1.0,1.0,1.0,0.0,1.0,0.0,1.0,0.0,super built up,high,new,ild greens,gurgaon,0.95
179.3,3.0,3.0,1.0,1.0,sector 86,10.0,0.0,0.0,0.0,1.0,0.0,0.0,0.0,1.0,1.0,0.0,0.0,0.0,0.0,1.0,0.0,0.0,0.0,0.0,0.0,6.0,10.0,4.0,6.0,0.0,1.0,0.0,0.0,1.0,5.0,1.0,1.0,1.0,0.0,1.0,0.0,1.0,0.0,super built up,mid,new,dlf the skycourt,gurgaon,2.2
88.72,2.0,2.0,3.0,0.0,sector 81,12.0,0.0,0.0,0.0,0.0,0.0,0.0,0.0,0.0,0.0,0.0,0.0,0.0,1.0,0.0,0.0,0.0,0.0,0.0,1.0,6.0,10.0,4.0,6.0,0.0,1.0,0.0,0.0,1.0,5.0,1.0,1.0,1.0,0.0,1.0,0.0,1.0,0.0,built up,low,under construction,signature global city 81,gurgaon,0.82
195.56,4.0,4.0,3.0,0.0,sector 93,9.0,1.0,0.0,0.0,1.0,0.0,0.0,0.0,1.0,1.0,0.0,0.0,1.0,0.0,1.0,0.0,0.0,0.0,0.0,0.0,6.0,10.0,4.0,6.0,0.0,1.0,0.0,0.0,1.0,5.0,1.0,1.0,1.0,0.0,1.0,0.0,1.0,0.0,built up,high,new,spaze privvy the address,gurgaon,1.25
109.63,2.0,2.0,2.0,0.0,sector 68,25.0,1.0,0.0,0.0,0.0,0.0,1.0,1.0,0.0,0.0,0.0,0.0,0.0,0.0,0.0,1.0,0.0,0.0,0.0,0.0,6.0,10.0,4.0,6.0,0.0,1.0,0.0,0.0,1.0,5.0,1.0,1.0,1.0,0.0,1.0,0.0,1.0,0.0,built up,mid,under construction,supertech new soft launch,gurgaon,0.84
292.64,4.0,3.0,2.0,1.0,sector 65,14.0,0.0,0.0,0.0,0.0,0.0,0.0,0.0,1.0,0.0,0.0,0.0,0.0,0.0,0.0,0.0,0.0,0.0,0.0,0.0,6.0,10.0,4.0,6.0,0.0,1.0,0.0,0.0,1.0,5.0,1.0,1.0,1.0,0.0,1.0,0.0,1.0,0.0,built up,low,new,emaar mgf emerald floors,gurgaon,3.2
235.51,4.0,5.0,3.0,0.0,sector 82,11.0,0.0,0.0,0.0,1.0,0.0,1.0,0.0,1.0,1.0,0.0,0.0,0.0,0.0,1.0,0.0,0.0,0.0,0.0,0.0,6.0,10.0,4.0,6.0,0.0,1.0,0.0,0.0,1.0,5.0,1.0,1.0,1.0,0.0,1.0,0.0,1.0,0.0,built up,low,under construction,mapsko casa bella,gurgaon,1.75
58.44,2.0,2.0,1.0,0.0,sector 33,13.0,1.0,0.0,0.0,0.0,1.0,1.0,1.0,1.0,0.0,0.0,1.0,1.0,0.0,0.0,1.0,1.0,0.0,0.0,0.0,6.0,10.0,4.0,6.0,0.0,1.0,0.0,0.0,1.0,5.0,1.0,1.0,1.0,0.0,1.0,0.0,1.0,0.0,carpet,low,new,trisara our homes 3,sohna,0.35
227.61,3.0,3.0,0.0,0.0,sector 106,20.0,1.0,0.0,0.0,0.0,0.0,0.0,1.0,0.0,0.0,0.0,0.0,0.0,0.0,0.0,1.0,0.0,0.0,0.0,0.0,6.0,10.0,4.0,6.0,0.0,1.0,0.0,0.0,1.0,5.0,1.0,1.0,1.0,0.0,1.0,0.0,1.0,0.0,built up,high,under construction,elan the presidential,gurgaon,3.9
173.64,3.0,3.0,3.0,0.0,sector 48,42.0,1.0,0.0,0.0,0.0,0.0,1.0,1.0,0.0,0.0,0.0,0.0,0.0,0.0,0.0,0.0,1.0,0.0,0.0,0.0,6.0,10.0,4.0,6.0,0.0,1.0,0.0,0.0,1.0,5.0,1.0,1.0,1.0,0.0,1.0,0.0,1.0,0.0,built up,high,under construction,belgravia resort residences,gurgaon,3.45
222.97,4.0,4.0,3.0,1.0,sector 70,10.0,1.0,0.0,0.0,1.0,0.0,1.0,0.0,1.0,1.0,0.0,0.0,0.0,0.0,1.0,0.0,0.0,0.0,0.0,0.0,6.0,10.0,4.0,6.0,0.0,1.0,0.0,0.0,1.0,5.0,1.0,1.0,1.0,0.0,1.0,0.0,1.0,0.0,carpet,high,old,tulip ivory,gurgaon,2.35
162.58,3.0,3.0,3.0,0.0,sector 89,6.0,1.0,0.0,0.0,1.0,0.0,0.0,0.0,1.0,1.0,0.0,0.0,1.0,0.0,0.0,0.0,0.0,0.0,0.0,0.0,6.0,10.0,4.0,6.0,0.0,1.0,0.0,0.0,1.0,5.0,1.0,1.0,1.0,0.0,1.0,0.0,1.0,0.0,super built up,mid,under construction,ats marigold,gurgaon,1.5
121.15,2.0,2.0,3.0,0.0,sector 70,11.0,1.0,0.0,0.0,1.0,0.0,1.0,0.0,1.0,1.0,0.0,0.0,0.0,0.0,1.0,0.0,0.0,0.0,0.0,0.0,6.0,10.0,4.0,6.0,0.0,1.0,0.0,0.0,1.0,5.0,1.0,1.0,1.0,0.0,1.0,0.0,1.0,0.0,super built up,high,new,aipl zen residences,gurgaon,1.34
315.87,4.0,5.0,3.0,1.0,sector 110,15.0,1.0,0.0,0.0,1.0,1.0,0.0,0.0,1.0,1.0,1.0,1.0,1.0,0.0,0.0,0.0,0.0,0.0,0.0,0.0,6.0,10.0,4.0,6.0,0.0,1.0,0.0,0.0,1.0,5.0,1.0,1.0,1.0,0.0,1.0,0.0,1.0,0.0,super built up,low,new,indiabulls enigma,gurgaon,3.4
158.31,3.0,3.0,3.0,0.0,sector 69,13.0,1.0,0.0,0.0,1.0,0.0,1.0,0.0,1.0,1.0,1.0,1.0,0.0,0.0,1.0,0.0,0.0,0.0,0.0,0.0,6.0,10.0,4.0,6.0,0.0,1.0,0.0,0.0,1.0,5.0,1.0,1.0,1.0,0.0,1.0,0.0,1.0,0.0,carpet,high,mid aged,tulip yellow,gurgaon,1.8
148.64,4.0,3.0,2.0,0.0,sector 92,11.0,0.0,0.0,0.0,0.0,0.0,0.0,0.0,1.0,1.0,0.0,1.0,1.0,0.0,0.0,0.0,0.0,0.0,0.0,0.0,6.0,10.0,4.0,6.0,0.0,1.0,0.0,0.0,1.0,5.0,1.0,1.0,1.0,0.0,1.0,0.0,1.0,0.0,carpet,high,new,sare green parc phase 3,gurgaon,1.1
102.47,2.0,2.0,3.0,0.0,sector 89,14.0,1.0,0.0,0.0,1.0,0.0,1.0,0.0,1.0,0.0,1.0,1.0,1.0,0.0,1.0,0.0,0.0,0.0,0.0,0.0,6.0,10.0,4.0,6.0,0.0,1.0,0.0,0.0,1.0,5.0,1.0,1.0,1.0,0.0,1.0,0.0,1.0,0.0,built up,low,new,smart world gems,gurgaon,0.97
250.84,3.0,3.0,3.0,1.0,sector 63,13.0,1.0,0.0,0.0,1.0,0.0,1.0,0.0,1.0,1.0,0.0,1.0,0.0,0.0,1.0,0.0,0.0,1.0,0.0,0.0,6.0,10.0,4.0,6.0,0.0,1.0,0.0,0.0,1.0,5.0,1.0,1.0,1.0,0.0,1.0,0.0,1.0,0.0,built up,mid,new,adani brahma samsara vilasa,gurgaon,3.25
151.43,3.0,3.0,2.0,1.0,sector 61,9.0,1.0,0.0,0.0,1.0,0.0,0.0,0.0,1.0,1.0,1.0,1.0,0.0,0.0,0.0,0.0,0.0,0.0,0.0,0.0,6.0,10.0,4.0,6.0,0.0,1.0,0.0,0.0,1.0,5.0,1.0,1.0,1.0,0.0,1.0,0.0,1.0,0.0,carpet,mid,new,smart world orchard,gurgaon,2.55
117.15,3.0,2.0,2.0,1.0,sector 92,7.0,1.0,0.0,0.0,0.0,0.0,0.0,0.0,0.0,0.0,0.0,0.0,0.0,1.0,0.0,0.0,0.0,0.0,0.0,0.0,6.0,10.0,4.0,6.0,0.0,1.0,0.0,0.0,1.0,5.0,1.0,1.0,1.0,0.0,1.0,0.0,1.0,0.0,super built up,mid,under construction,sare green parc 2,gurgaon,0.61
100.43,2.0,2.0,0.0,0.0,sector 33,8.0,1.0,0.0,0.0,0.0,0.0,0.0,0.0,1.0,1.0,1.0,1.0,0.0,0.0,0.0,0.0,0.0,0.0,0.0,0.0,6.0,10.0,4.0,6.0,0.0,1.0,0.0,0.0,1.0,5.0,1.0,1.0,1.0,0.0,1.0,0.0,1.0,0.0,built up,low,under construction,signature global park,sohna,0.75
204.39,3.0,3.0,3.0,1.0,sector 33,7.0,1.0,0.0,0.0,0.0,0.0,0.0,0.0,1.0,0.0,0.0,0.0,1.0,0.0,0.0,0.0,0.0,0.0,0.0,0.0,6.0,10.0,4.0,6.0,0.0,1.0,0.0,0.0,1.0,5.0,1.0,1.0,1.0,0.0,1.0,0.0,1.0,0.0,carpet,low,new,eldeco accolade,sohna,1.35
146.6,3.0,3.0,2.0,0.0,sector 69,42.0,1.0,0.0,0.0,0.0,1.0,1.0,1.0,0.0,0.0,0.0,0.0,0.0,0.0,0.0,1.0,0.0,1.0,0.0,0.0,6.0,10.0,4.0,6.0,0.0,1.0,0.0,0.0,1.0,5.0,1.0,1.0,1.0,0.0,1.0,0.0,1.0,0.0,built up,low,new,tulip violet,gurgaon,1.65
141.21,3.0,2.0,3.0,0.0,sector 37,9.0,1.0,0.0,0.0,1.0,0.0,1.0,0.0,1.0,0.0,1.0,0.0,1.0,0.0,0.0,0.0,0.0,0.0,0.0,0.0,6.0,10.0,4.0,6.0,0.0,1.0,0.0,0.0,1.0,5.0,1.0,1.0,1.0,0.0,1.0,0.0,1.0,0.0,super built up,high,new,bptp park generations,gurgaon,1.5
183.48,3.0,3.0,3.0,1.0,sector 72,45.0,1.0,0.0,0.0,0.0,1.0,1.0,1.0,0.0,0.0,0.0,0.0,0.0,1.0,0.0,1.0,0.0,1.0,0.0,0.0,6.0,10.0,4.0,6.0,0.0,1.0,0.0,0.0,1.0,5.0,1.0,1.0,1.0,0.0,1.0,0.0,1.0,0.0,super built up,high,old,spaze privy,gurgaon,1.9
622.45,5.0,6.0,3.0,1.0,sector 48,9.0,1.0,0.0,0.0,1.0,0.0,1.0,0.0,1.0,1.0,0.0,1.0,0.0,0.0,0.0,0.0,1.0,0.0,0.0,0.0,6.0,10.0,4.0,6.0,0.0,1.0,0.0,0.0,1.0,5.0,1.0,1.0,1.0,0.0,1.0,0.0,1.0,0.0,carpet,high,new,central park resorts,gurgaon,15.0
162.58,3.0,3.0,3.0,0.0,sector 89,6.0,1.0,0.0,0.0,1.0,0.0,0.0,0.0,1.0,1.0,0.0,0.0,1.0,0.0,0.0,0.0,0.0,0.0,0.0,0.0,6.0,10.0,4.0,6.0,0.0,1.0,0.0,0.0,1.0,5.0,1.0,1.0,1.0,0.0,1.0,0.0,1.0,0.0,super built up,mid,new,ats marigold,gurgaon,1.6
278.71,4.0,5.0,3.0,1.0,sector 111,10.0,1.0,0.0,0.0,1.0,0.0,0.0,0.0,1.0,1.0,0.0,1.0,1.0,0.0,0.0,0.0,0.0,0.0,0.0,0.0,6.0,10.0,4.0,6.0,0.0,1.0,0.0,0.0,1.0,5.0,1.0,1.0,1.0,0.0,1.0,0.0,1.0,0.0,super built up,mid,new,puri diplomatic greens,gurgaon,3.9
88.26,2.0,2.0,2.0,0.0,sector 33,10.0,1.0,0.0,0.0,1.0,0.0,1.0,0.0,1.0,1.0,0.0,0.0,0.0,0.0,1.0,0.0,0.0,1.0,0.0,0.0,6.0,10.0,4.0,6.0,0.0,1.0,0.0,0.0,1.0,5.0,1.0,1.0,1.0,0.0,1.0,0.0,1.0,0.0,super built up,mid,new,breez global heights,sohna,0.46
88.26,2.0,2.0,1.0,0.0,sector 4,48.0,1.0,0.0,0.0,0.0,0.0,0.0,1.0,0.0,0.0,0.0,0.0,0.0,0.0,0.0,1.0,0.0,0.0,0.0,0.0,6.0,10.0,4.0,6.0,0.0,1.0,0.0,0.0,1.0,5.0,1.0,1.0,1.0,0.0,1.0,0.0,1.0,0.0,carpet,mid,new,shri ram apartments,gurgaon,0.32
54.39,2.0,2.0,1.0,0.0,sector 33,14.0,1.0,0.0,0.0,0.0,0.0,1.0,1.0,1.0,0.0,1.0,0.0,0.0,0.0,1.0,0.0,0.0,1.0,0.0,0.0,6.0,10.0,4.0,6.0,0.0,1.0,0.0,0.0,1.0,5.0,1.0,1.0,1.0,0.0,1.0,0.0,1.0,0.0,carpet,high,new,breez global hill view,sohna,0.42
366.97,4.0,4.0,0.0,0.0,sector 63,10.0,1.0,0.0,0.0,0.0,0.0,1.0,1.0,0.0,0.0,0.0,0.0,0.0,0.0,0.0,1.0,0.0,0.0,0.0,1.0,6.0,10.0,4.0,6.0,0.0,1.0,0.0,0.0,1.0,5.0,1.0,1.0,1.0,0.0,1.0,0.0,1.0,0.0,built up,mid,under construction,dlf the arbour,gurgaon,7.8
148.64,3.0,3.0,3.0,0.0,sector 2,9.0,1.0,0.0,0.0,0.0,0.0,1.0,0.0,1.0,0.0,0.0,0.0,0.0,0.0,0.0,1.0,0.0,0.0,0.0,0.0,6.0,10.0,4.0,6.0,0.0,1.0,0.0,0.0,1.0,5.0,1.0,1.0,1.0,0.0,1.0,0.0,1.0,0.0,carpet,high,old,bsf chs,gurgaon,0.95
250.84,4.0,4.0,3.0,0.0,sector 48,45.0,1.0,0.0,0.0,0.0,0.0,1.0,1.0,0.0,0.0,0.0,0.0,0.0,0.0,0.0,0.0,0.0,0.0,0.0,0.0,6.0,10.0,4.0,6.0,0.0,1.0,0.0,0.0,1.0,5.0,1.0,1.0,1.0,0.0,1.0,0.0,1.0,0.0,carpet,low,under construction,kibithu villas,gurgaon,3.45
125.42,3.0,2.0,2.0,0.0,sector 70,8.0,1.0,0.0,0.0,0.0,0.0,1.0,0.0,1.0,1.0,0.0,1.0,0.0,0.0,0.0,0.0,0.0,0.0,0.0,0.0,6.0,10.0,4.0,6.0,0.0,1.0,0.0,0.0,1.0,5.0,1.0,1.0,1.0,0.0,1.0,0.0,1.0,0.0,built up,mid,under construction,tulip orange,gurgaon,1.1
154.78,3.0,2.0,2.0,0.0,sector 1,11.0,1.0,0.0,0.0,0.0,0.0,0.0,0.0,0.0,0.0,0.0,0.0,0.0,1.0,0.0,0.0,0.0,0.0,0.0,1.0,6.0,10.0,4.0,6.0,0.0,1.0,0.0,0.0,1.0,5.0,1.0,1.0,1.0,0.0,1.0,0.0,1.0,0.0,super built up,mid,old,hsiidc sidco shivalik apartments,manesar,0.85
121.7,2.0,2.0,2.0,0.0,sector 91,10.0,1.0,0.0,0.0,0.0,0.0,0.0,0.0,1.0,1.0,0.0,0.0,1.0,0.0,1.0,0.0,0.0,0.0,0.0,0.0,6.0,10.0,4.0,6.0,0.0,1.0,0.0,0.0,1.0,5.0,1.0,1.0,1.0,0.0,1.0,0.0,1.0,0.0,super built up,high,new,tarc maceo,gurgaon,0.95
154.22,3.0,2.0,2.0,0.0,sector 1,17.0,1.0,0.0,0.0,0.0,0.0,0.0,0.0,0.0,0.0,0.0,0.0,0.0,1.0,0.0,0.0,0.0,0.0,0.0,0.0,6.0,10.0,4.0,6.0,0.0,1.0,0.0,0.0,1.0,5.0,1.0,1.0,1.0,0.0,1.0,0.0,1.0,0.0,super built up,mid,old,dnha group housing society,manesar,0.75
105.91,2.0,2.0,2.0,0.0,sector 89,15.0,1.0,0.0,0.0,0.0,0.0,0.0,1.0,1.0,0.0,1.0,0.0,0.0,1.0,0.0,1.0,0.0,0.0,0.0,0.0,6.0,10.0,4.0,6.0,0.0,1.0,0.0,0.0,1.0,5.0,1.0,1.0,1.0,0.0,1.0,0.0,1.0,0.0,super built up,mid,old,nbcc heights,gurgaon,0.75
161.19,3.0,3.0,2.0,0.0,sector 83,10.0,0.0,0.0,0.0,1.0,0.0,0.0,0.0,1.0,1.0,0.0,1.0,1.0,0.0,0.0,0.0,0.0,0.0,0.0,0.0,6.0,10.0,4.0,6.0,0.0,1.0,0.0,0.0,1.0,5.0,1.0,1.0,1.0,0.0,1.0,0.0,1.0,0.0,super built up,mid,new,vatika gurgaon 21,gurgaon,1.4
212.75,3.0,4.0,2.0,1.0,sector 47,43.0,1.0,0.0,0.0,0.0,0.0,1.0,1.0,0.0,0.0,0.0,0.0,0.0,0.0,0.0,0.0,0.0,0.0,0.0,0.0,6.0,10.0,4.0,6.0,0.0,1.0,0.0,0.0,1.0,5.0,1.0,1.0,1.0,0.0,1.0,0.0,1.0,0.0,carpet,low,old,malibu towers,gurgaon,2.45
109.63,2.0,2.0,3.0,0.0,sector 68,21.0,1.0,0.0,0.0,0.0,0.0,1.0,1.0,0.0,0.0,0.0,0.0,0.0,0.0,0.0,1.0,0.0,0.0,0.0,0.0,6.0,10.0,4.0,6.0,0.0,1.0,0.0,0.0,1.0,5.0,1.0,1.0,1.0,0.0,1.0,0.0,1.0,0.0,carpet,high,new,supertech hues,gurgaon,1.0
132.2,3.0,3.0,2.0,1.0,sector 89,9.0,1.0,0.0,0.0,0.0,0.0,0.0,0.0,1.0,1.0,0.0,0.0,1.0,0.0,0.0,0.0,0.0,0.0,0.0,0.0,6.0,10.0,4.0,6.0,0.0,1.0,0.0,0.0,1.0,5.0,1.0,1.0,1.0,0.0,1.0,0.0,1.0,0.0,carpet,low,new,m3m soulitude,gurgaon,1.25
222.97,4.0,4.0,3.0,1.0,sector 69,11.0,1.0,0.0,0.0,1.0,0.0,1.0,0.0,1.0,1.0,1.0,1.0,0.0,0.0,1.0,0.0,0.0,0.0,0.0,0.0,6.0,10.0,4.0,6.0,0.0,1.0,0.0,0.0,1.0,5.0,1.0,1.0,1.0,0.0,1.0,0.0,1.0,0.0,super built up,mid,old,tulip purple,gurgaon,2.6
134.71,3.0,3.0,3.0,1.0,sector 15,49.0,1.0,0.0,0.0,0.0,1.0,0.0,1.0,1.0,0.0,0.0,0.0,0.0,1.0,0.0,1.0,1.0,0.0,0.0,1.0,6.0,10.0,4.0,6.0,0.0,1.0,0.0,0.0,1.0,5.0,1.0,1.0,1.0,0.0,1.0,0.0,1.0,0.0,carpet,low,old,park view apartments,gurgaon,1.6
144.0,3.0,2.0,3.0,0.0,sector 89,11.0,1.0,0.0,0.0,1.0,0.0,1.0,0.0,1.0,1.0,0.0,0.0,1.0,0.0,1.0,0.0,0.0,0.0,0.0,0.0,6.0,10.0,4.0,6.0,0.0,1.0,0.0,0.0,1.0,5.0,1.0,1.0,1.0,0.0,1.0,0.0,1.0,0.0,built up,mid,under construction,tulip petals,gurgaon,1.1
92.9,2.0,3.0,0.0,0.0,sector 2,29.0,0.0,0.0,0.0,0.0,1.0,1.0,1.0,1.0,0.0,1.0,0.0,0.0,0.0,0.0,1.0,0.0,0.0,0.0,0.0,6.0,10.0,4.0,6.0,0.0,1.0,0.0,0.0,1.0,5.0,1.0,1.0,1.0,0.0,1.0,0.0,1.0,0.0,built up,low,under construction,ansal plaza,gurgaon,1.0
235.79,3.0,3.0,2.0,0.0,sector 36,14.0,1.0,0.0,0.0,1.0,0.0,1.0,0.0,1.0,1.0,0.0,1.0,1.0,0.0,1.0,0.0,1.0,0.0,0.0,0.0,6.0,10.0,4.0,6.0,0.0,1.0,0.0,0.0,1.0,5.0,1.0,1.0,1.0,0.0,1.0,0.0,1.0,0.0,super built up,high,new,krisumi waterfall residences,gurgaon,3.65
163.7,3.0,3.0,2.0,1.0,sector 71,15.0,1.0,1.0,0.0,0.0,0.0,1.0,1.0,0.0,1.0,0.0,0.0,0.0,0.0,1.0,0.0,1.0,0.0,0.0,0.0,6.0,10.0,4.0,6.0,0.0,1.0,0.0,0.0,1.0,5.0,1.0,1.0,1.0,0.0,1.0,0.0,1.0,0.0,carpet,low,old,chd avenue 71,gurgaon,1.4
151.43,3.0,3.0,2.0,0.0,sector 61,9.0,1.0,0.0,0.0,1.0,0.0,0.0,0.0,1.0,1.0,1.0,1.0,0.0,0.0,0.0,0.0,0.0,0.0,0.0,0.0,6.0,10.0,4.0,6.0,0.0,1.0,0.0,0.0,1.0,5.0,1.0,1.0,1.0,0.0,1.0,0.0,1.0,0.0,super built up,low,new,smart world orchard,gurgaon,2.6
130.62,2.0,2.0,2.0,0.0,sector 74,7.0,1.0,0.0,0.0,1.0,0.0,1.0,0.0,1.0,1.0,0.0,0.0,1.0,0.0,0.0,0.0,0.0,0.0,0.0,0.0,6.0,10.0,4.0,6.0,0.0,1.0,0.0,0.0,1.0,5.0,1.0,1.0,1.0,0.0,1.0,0.0,1.0,0.0,super built up,high,new,m3m skywalk,gurgaon,1.6
111.48,2.0,2.0,2.0,1.0,sector 2,8.0,1.0,0.0,0.0,1.0,0.0,0.0,0.0,1.0,1.0,0.0,0.0,0.0,0.0,0.0,0.0,0.0,0.0,0.0,0.0,6.0,10.0,4.0,6.0,0.0,1.0,0.0,0.0,1.0,5.0,1.0,1.0,1.0,0.0,1.0,0.0,1.0,0.0,super built up,high,mid aged,supertech hill town,sohna,0.75
123.1,2.0,2.0,2.0,0.0,sector 83,15.0,1.0,0.0,0.0,0.0,0.0,0.0,0.0,1.0,0.0,0.0,0.0,0.0,1.0,0.0,0.0,0.0,0.0,0.0,0.0,6.0,10.0,4.0,6.0,0.0,1.0,0.0,0.0,1.0,5.0,1.0,1.0,1.0,0.0,1.0,0.0,1.0,0.0,super built up,low,new,vatika city homes,gurgaon,0.75
204.39,3.0,4.0,3.0,0.0,sector 66,44.0,1.0,0.0,0.0,0.0,1.0,1.0,1.0,0.0,0.0,0.0,0.0,0.0,0.0,0.0,1.0,0.0,1.0,0.0,0.0,6.0,10.0,4.0,6.0,0.0,1.0,0.0,0.0,1.0,5.0,1.0,1.0,1.0,0.0,1.0,0.0,1.0,0.0,built up,low,new,emaar the palm drive,gurgaon,3.9
80.73,1.0,1.0,1.0,0.0,sector 71,8.0,1.0,0.0,0.0,1.0,0.0,1.0,0.0,1.0,1.0,0.0,1.0,0.0,0.0,0.0,0.0,0.0,0.0,0.0,0.0,6.0,10.0,4.0,6.0,0.0,1.0,0.0,0.0,1.0,5.0,1.0,1.0,1.0,0.0,1.0,0.0,1.0,0.0,built up,high,under construction,m3m sky lofts,gurgaon,1.0
118.45,2.0,2.0,2.0,0.0,sector 33,13.0,1.0,0.0,0.0,1.0,0.0,1.0,0.0,1.0,0.0,0.0,0.0,0.0,1.0,1.0,0.0,0.0,1.0,0.0,0.0,6.0,10.0,4.0,6.0,0.0,1.0,0.0,0.0,1.0,5.0,1.0,1.0,1.0,0.0,1.0,0.0,1.0,0.0,built up,high,under construction,ashiana anmol,sohna,0.9
244.33,4.0,4.0,2.0,1.0,sector 109,8.0,1.0,0.0,0.0,0.0,0.0,1.0,0.0,1.0,1.0,0.0,0.0,0.0,0.0,1.0,0.0,0.0,0.0,0.0,0.0,6.0,10.0,4.0,6.0,0.0,1.0,0.0,0.0,1.0,5.0,1.0,1.0,1.0,0.0,1.0,0.0,1.0,0.0,super built up,high,new,chintels paradiso,gurgaon,1.97
169.08,3.0,3.0,0.0,0.0,sector 37,6.0,1.0,0.0,0.0,1.0,0.0,0.0,0.0,1.0,1.0,0.0,0.0,1.0,0.0,0.0,0.0,0.0,0.0,0.0,0.0,6.0,10.0,4.0,6.0,0.0,1.0,0.0,0.0,1.0,5.0,1.0,1.0,1.0,0.0,1.0,0.0,1.0,0.0,built up,low,new,ild grand,gurgaon,1.35
130.99,2.0,2.0,3.0,0.0,sector 37,15.0,1.0,1.0,0.0,0.0,0.0,1.0,1.0,1.0,0.0,0.0,0.0,0.0,0.0,0.0,1.0,0.0,1.0,0.0,0.0,6.0,10.0,4.0,6.0,0.0,1.0,0.0,0.0,1.0,5.0,1.0,1.0,1.0,0.0,1.0,0.0,1.0,0.0,built up,high,old,ramprastha the edge towers,gurgaon,0.75
128.21,2.0,2.0,2.0,1.0,sector 61,14.0,1.0,0.0,0.0,0.0,0.0,1.0,0.0,1.0,1.0,0.0,1.0,0.0,0.0,1.0,0.0,0.0,1.0,0.0,0.0,6.0,10.0,4.0,6.0,0.0,1.0,0.0,0.0,1.0,5.0,1.0,1.0,1.0,0.0,1.0,0.0,1.0,0.0,carpet,high,new,pioneer park,gurgaon,1.6
55.93,2.0,2.0,1.0,0.0,sector 33,13.0,1.0,0.0,0.0,0.0,1.0,1.0,1.0,1.0,0.0,0.0,1.0,1.0,0.0,0.0,1.0,1.0,0.0,0.0,0.0,6.0,10.0,4.0,6.0,0.0,1.0,0.0,0.0,1.0,5.0,1.0,1.0,1.0,0.0,1.0,0.0,1.0,0.0,carpet,mid,new,trisara our homes 3,sohna,0.4
111.95,2.0,2.0,2.0,0.0,sector 33,13.0,1.0,0.0,0.0,1.0,0.0,1.0,0.0,1.0,0.0,0.0,0.0,0.0,1.0,1.0,0.0,0.0,1.0,0.0,0.0,6.0,10.0,4.0,6.0,0.0,1.0,0.0,0.0,1.0,5.0,1.0,1.0,1.0,0.0,1.0,0.0,1.0,0.0,super built up,mid,new,ashiana anmol,sohna,0.99
218.79,4.0,6.0,3.0,1.0,sector 106,20.0,1.0,0.0,0.0,0.0,0.0,0.0,1.0,0.0,0.0,0.0,0.0,0.0,0.0,0.0,1.0,0.0,0.0,0.0,0.0,6.0,10.0,4.0,6.0,0.0,1.0,0.0,0.0,1.0,5.0,1.0,1.0,1.0,0.0,1.0,0.0,1.0,0.0,super built up,mid,new,paras dews,gurgaon,2.1
118.92,2.0,2.0,2.0,0.0,sector 78,7.0,1.0,0.0,0.0,0.0,0.0,0.0,1.0,0.0,0.0,0.0,1.0,0.0,0.0,0.0,0.0,0.0,0.0,0.0,0.0,6.0,10.0,4.0,6.0,0.0,1.0,0.0,0.0,1.0,5.0,1.0,1.0,1.0,0.0,1.0,0.0,1.0,0.0,carpet,high,old,umang monsoon breeze,gurgaon,0.69
102.47,2.0,2.0,2.0,1.0,sector 89,9.0,1.0,0.0,0.0,0.0,0.0,0.0,0.0,1.0,1.0,0.0,0.0,1.0,0.0,0.0,0.0,0.0,0.0,0.0,0.0,6.0,10.0,4.0,6.0,0.0,1.0,0.0,0.0,1.0,5.0,1.0,1.0,1.0,0.0,1.0,0.0,1.0,0.0,carpet,low,new,m3m soulitude,gurgaon,1.0
69.68,3.0,2.0,3.0,0.0,sector 36,12.0,1.0,0.0,0.0,1.0,0.0,1.0,0.0,1.0,1.0,0.0,1.0,0.0,0.0,0.0,0.0,0.0,0.0,0.0,0.0,6.0,10.0,4.0,6.0,0.0,1.0,0.0,0.0,1.0,5.0,1.0,1.0,1.0,0.0,1.0,0.0,1.0,0.0,carpet,low,new,signature global park 4,sohna,0.85
69.12,2.0,2.0,1.0,0.0,sector 33,5.0,0.0,0.0,0.0,0.0,0.0,0.0,0.0,0.0,0.0,0.0,0.0,0.0,0.0,0.0,0.0,0.0,0.0,0.0,1.0,6.0,10.0,4.0,6.0,0.0,1.0,0.0,0.0,1.0,5.0,1.0,1.0,1.0,0.0,1.0,0.0,1.0,0.0,built up,low,new,hcbs sports ville,sohna,0.32
143.81,2.0,2.0,3.0,0.0,sector 108,8.0,0.0,0.0,0.0,0.0,0.0,0.0,1.0,1.0,1.0,0.0,1.0,0.0,0.0,0.0,0.0,0.0,0.0,0.0,0.0,6.0,10.0,4.0,6.0,0.0,1.0,0.0,0.0,1.0,5.0,1.0,1.0,1.0,0.0,1.0,0.0,1.0,0.0,carpet,low,old,raheja the vedaanta floors,gurgaon,0.7
132.2,3.0,3.0,2.0,0.0,sector 89,9.0,1.0,0.0,0.0,0.0,0.0,0.0,0.0,1.0,1.0,0.0,0.0,1.0,0.0,0.0,0.0,0.0,0.0,0.0,0.0,6.0,10.0,4.0,6.0,0.0,1.0,0.0,0.0,1.0,5.0,1.0,1.0,1.0,0.0,1.0,0.0,1.0,0.0,carpet,low,new,m3m soulitude,gurgaon,1.42
59.84,2.0,2.0,2.0,1.0,sector 95,14.0,0.0,0.0,0.0,0.0,0.0,0.0,0.0,0.0,1.0,1.0,1.0,1.0,0.0,0.0,0.0,1.0,0.0,0.0,1.0,6.0,10.0,4.0,6.0,0.0,1.0,0.0,0.0,1.0,5.0,1.0,1.0,1.0,0.0,1.0,0.0,1.0,0.0,carpet,mid,new,rof ananda,gurgaon,0.38
53.51,2.0,2.0,2.0,0.0,sector 33,6.0,0.0,0.0,0.0,0.0,0.0,0.0,0.0,0.0,1.0,0.0,0.0,1.0,0.0,0.0,0.0,1.0,0.0,0.0,0.0,6.0,10.0,4.0,6.0,0.0,1.0,0.0,0.0,1.0,5.0,1.0,1.0,1.0,0.0,1.0,0.0,1.0,0.0,carpet,mid,new,gls arawali homes,sohna,0.26
394.84,4.0,4.0,3.0,1.0,sector 72,10.0,1.0,0.0,0.0,0.0,0.0,1.0,0.0,1.0,0.0,0.0,1.0,0.0,0.0,1.0,0.0,0.0,0.0,0.0,0.0,6.0,10.0,4.0,6.0,0.0,1.0,0.0,0.0,1.0,5.0,1.0,1.0,1.0,0.0,1.0,0.0,1.0,0.0,super built up,high,new,tata primanti,gurgaon,6.5
199.74,3.0,4.0,2.0,1.0,sector 79,10.0,1.0,0.0,0.0,1.0,0.0,0.0,0.0,1.0,1.0,0.0,0.0,0.0,0.0,0.0,0.0,0.0,0.0,0.0,0.0,6.0,10.0,4.0,6.0,0.0,1.0,0.0,0.0,1.0,5.0,1.0,1.0,1.0,0.0,1.0,0.0,1.0,0.0,carpet,high,new,bestech altura,gurgaon,1.9
117.43,2.0,2.0,3.0,0.0,sector 33,7.0,1.0,0.0,0.0,0.0,0.0,0.0,0.0,1.0,0.0,0.0,0.0,1.0,0.0,0.0,0.0,0.0,0.0,0.0,0.0,6.0,10.0,4.0,6.0,0.0,1.0,0.0,0.0,1.0,5.0,1.0,1.0,1.0,0.0,1.0,0.0,1.0,0.0,super built up,high,new,eldeco accolade,sohna,0.85
97.55,3.0,3.0,1.0,0.0,sector 12,50.0,1.0,0.0,0.0,0.0,0.0,0.0,1.0,1.0,0.0,0.0,0.0,0.0,1.0,0.0,1.0,0.0,0.0,0.0,0.0,6.0,10.0,4.0,6.0,0.0,1.0,0.0,0.0,1.0,5.0,1.0,1.0,1.0,0.0,1.0,0.0,1.0,0.0,carpet,low,new,adarsh nagar,gurgaon,0.65
53.51,2.0,2.0,2.0,0.0,sector 33,6.0,0.0,0.0,0.0,0.0,0.0,0.0,0.0,0.0,1.0,0.0,0.0,1.0,0.0,0.0,0.0,1.0,0.0,0.0,0.0,6.0,10.0,4.0,6.0,0.0,1.0,0.0,0.0,1.0,5.0,1.0,1.0,1.0,0.0,1.0,0.0,1.0,0.0,super built up,high,new,gls arawali homes,sohna,0.35
174.19,3.0,3.0,3.0,0.0,sector 37,9.0,1.0,0.0,0.0,1.0,0.0,1.0,0.0,1.0,1.0,1.0,0.0,1.0,0.0,0.0,0.0,0.0,0.0,0.0,0.0,6.0,10.0,4.0,6.0,0.0,1.0,0.0,0.0,1.0,5.0,1.0,1.0,1.0,0.0,1.0,0.0,1.0,0.0,super built up,mid,new,ild greens,gurgaon,1.05
142.79,3.0,3.0,3.0,0.0,sector 37,29.0,1.0,0.0,0.0,0.0,0.0,0.0,0.0,0.0,0.0,1.0,0.0,0.0,0.0,0.0,0.0,0.0,0.0,0.0,0.0,6.0,10.0,4.0,6.0,0.0,1.0,0.0,0.0,1.0,5.0,1.0,1.0,1.0,0.0,1.0,0.0,1.0,0.0,built up,high,old,piedmont taksila heights,gurgaon,0.9
366.97,4.0,4.0,0.0,0.0,sector 63,10.0,1.0,0.0,0.0,0.0,0.0,1.0,1.0,0.0,0.0,0.0,0.0,0.0,0.0,0.0,1.0,0.0,0.0,0.0,1.0,6.0,10.0,4.0,6.0,0.0,1.0,0.0,0.0,1.0,5.0,1.0,1.0,1.0,0.0,1.0,0.0,1.0,0.0,built up,high,under construction,dlf the arbour,gurgaon,8.5
68.28,2.0,2.0,2.0,0.0,sector 76,6.0,1.0,0.0,0.0,1.0,0.0,1.0,0.0,1.0,1.0,0.0,0.0,0.0,0.0,0.0,0.0,0.0,0.0,0.0,0.0,6.0,10.0,4.0,6.0,0.0,1.0,0.0,0.0,1.0,5.0,1.0,1.0,1.0,0.0,1.0,0.0,1.0,0.0,super built up,high,mid aged,suncity avenue 76,gurgaon,0.75
163.97,4.0,4.0,2.0,0.0,sector 37,23.0,1.0,0.0,0.0,0.0,0.0,0.0,0.0,0.0,0.0,1.0,0.0,0.0,0.0,0.0,0.0,0.0,0.0,0.0,0.0,6.0,10.0,4.0,6.0,0.0,1.0,0.0,0.0,1.0,5.0,1.0,1.0,1.0,0.0,1.0,0.0,1.0,0.0,built up,mid,under construction,ild greens,gurgaon,0.79
162.58,3.0,3.0,3.0,1.0,sector 89,6.0,1.0,0.0,0.0,1.0,0.0,0.0,0.0,1.0,1.0,0.0,0.0,1.0,0.0,0.0,0.0,0.0,0.0,0.0,0.0,6.0,10.0,4.0,6.0,0.0,1.0,0.0,0.0,1.0,5.0,1.0,1.0,1.0,0.0,1.0,0.0,1.0,0.0,carpet,low,new,ats marigold,gurgaon,1.5
215.91,4.0,5.0,3.0,1.0,sector 104,15.0,1.0,0.0,0.0,1.0,0.0,0.0,0.0,1.0,1.0,1.0,1.0,1.0,0.0,1.0,0.0,0.0,0.0,1.0,0.0,6.0,10.0,4.0,6.0,0.0,1.0,0.0,0.0,1.0,5.0,1.0,1.0,1.0,0.0,1.0,0.0,1.0,0.0,carpet,low,new,godrej summit,gurgaon,1.75
199.74,3.0,4.0,3.0,0.0,sector 79,10.0,1.0,0.0,0.0,1.0,0.0,0.0,0.0,1.0,1.0,0.0,0.0,0.0,0.0,0.0,0.0,0.0,0.0,0.0,0.0,6.0,10.0,4.0,6.0,0.0,1.0,0.0,0.0,1.0,5.0,1.0,1.0,1.0,0.0,1.0,0.0,1.0,0.0,super built up,high,mid aged,bestech altura,gurgaon,1.9
155.24,3.0,2.0,3.0,0.0,sector 33,6.0,0.0,0.0,0.0,0.0,0.0,1.0,0.0,1.0,0.0,0.0,0.0,0.0,0.0,1.0,0.0,0.0,0.0,0.0,0.0,6.0,10.0,4.0,6.0,0.0,1.0,0.0,0.0,1.0,5.0,1.0,1.0,1.0,0.0,1.0,0.0,1.0,0.0,super built up,low,new,godrej nature plus serenity,sohna,1.45
213.21,3.0,3.0,1.0,0.0,sector 59,15.0,1.0,0.0,0.0,1.0,0.0,1.0,0.0,1.0,1.0,1.0,1.0,0.0,0.0,0.0,0.0,0.0,0.0,0.0,0.0,6.0,10.0,4.0,6.0,0.0,1.0,0.0,0.0,1.0,5.0,1.0,1.0,1.0,0.0,1.0,0.0,1.0,0.0,carpet,low,mid aged,conscient elevate,gurgaon,4.02
92.9,2.0,2.0,3.0,0.0,sector 92,8.0,1.0,0.0,0.0,0.0,0.0,0.0,0.0,0.0,0.0,1.0,0.0,0.0,1.0,0.0,0.0,0.0,0.0,0.0,0.0,6.0,10.0,4.0,6.0,0.0,1.0,0.0,0.0,1.0,5.0,1.0,1.0,1.0,0.0,1.0,0.0,1.0,0.0,built up,low,under construction,sare crescent parc royal greens phase 1,gurgaon,0.5
204.39,3.0,4.0,3.0,1.0,sector 66,14.0,1.0,0.0,0.0,0.0,0.0,1.0,0.0,1.0,1.0,0.0,1.0,0.0,0.0,0.0,0.0,0.0,1.0,0.0,0.0,6.0,10.0,4.0,6.0,0.0,1.0,0.0,0.0,1.0,5.0,1.0,1.0,1.0,0.0,1.0,0.0,1.0,0.0,super built up,low,old,emaar mgf the palm drive,gurgaon,3.98
69.21,2.0,2.0,3.0,0.0,sector 33,8.0,1.0,0.0,0.0,0.0,0.0,0.0,0.0,1.0,1.0,1.0,1.0,0.0,0.0,0.0,0.0,0.0,0.0,0.0,0.0,6.0,10.0,4.0,6.0,0.0,1.0,0.0,0.0,1.0,5.0,1.0,1.0,1.0,0.0,1.0,0.0,1.0,0.0,carpet,mid,new,signature global park,sohna,0.55
83.61204013377927,2.0,2.0,3.0,1.0,sector 79,10.0,0.0,0.0,0.0,0.0,0.0,0.0,0.0,1.0,1.0,0.0,0.0,0.0,0.0,0.0,0.0,0.0,0.0,1.0,0.0,6.0,10.0,4.0,6.0,0.0,1.0,0.0,0.0,1.0,5.0,1.0,1.0,1.0,0.0,1.0,0.0,1.0,0.0,carpet,high,new,godrej 101,gurgaon,1.47
64.66,2.0,2.0,2.0,0.0,sector 111,15.0,1.0,1.0,0.0,0.0,1.0,1.0,1.0,1.0,0.0,0.0,1.0,0.0,0.0,0.0,0.0,0.0,0.0,0.0,0.0,6.0,10.0,4.0,6.0,0.0,1.0,0.0,0.0,1.0,5.0,1.0,1.0,1.0,0.0,1.0,0.0,1.0,0.0,carpet,high,new,lotus homz,gurgaon,0.7
51.48,2.0,2.0,2.0,0.0,sector 33,14.0,1.0,0.0,0.0,0.0,0.0,1.0,1.0,1.0,0.0,1.0,0.0,0.0,0.0,1.0,0.0,0.0,1.0,0.0,0.0,6.0,10.0,4.0,6.0,0.0,1.0,0.0,0.0,1.0,5.0,1.0,1.0,1.0,0.0,1.0,0.0,1.0,0.0,carpet,mid,new,breez global hill view,sohna,2.6
102.47,2.0,2.0,2.0,1.0,sector 89,14.0,1.0,0.0,0.0,1.0,0.0,1.0,0.0,1.0,0.0,1.0,1.0,1.0,0.0,1.0,0.0,0.0,0.0,0.0,0.0,6.0,10.0,4.0,6.0,0.0,1.0,0.0,0.0,1.0,5.0,1.0,1.0,1.0,0.0,1.0,0.0,1.0,0.0,carpet,low,new,smart world gems,gurgaon,1.1
137.4,2.0,2.0,2.0,0.0,sector 36,11.0,1.0,0.0,0.0,1.0,0.0,0.0,0.0,1.0,1.0,0.0,0.0,1.0,0.0,1.0,0.0,0.0,0.0,0.0,0.0,6.0,10.0,4.0,6.0,0.0,1.0,0.0,0.0,1.0,5.0,1.0,1.0,1.0,0.0,1.0,0.0,1.0,0.0,super built up,high,new,krisumi waterfall residences,gurgaon,2.2
92.9,3.0,2.0,2.0,1.0,sector 95,14.0,0.0,0.0,0.0,0.0,0.0,0.0,0.0,0.0,1.0,1.0,1.0,1.0,0.0,0.0,0.0,1.0,0.0,0.0,1.0,6.0,10.0,4.0,6.0,0.0,1.0,0.0,0.0,1.0,5.0,1.0,1.0,1.0,0.0,1.0,0.0,1.0,0.0,super built up,high,new,rof ananda,gurgaon,0.55
92.9,3.0,2.0,2.0,1.0,sector 95,14.0,0.0,0.0,0.0,0.0,0.0,0.0,0.0,0.0,1.0,1.0,1.0,1.0,0.0,0.0,0.0,1.0,0.0,0.0,1.0,6.0,10.0,4.0,6.0,0.0,1.0,0.0,0.0,1.0,5.0,1.0,1.0,1.0,0.0,1.0,0.0,1.0,0.0,super built up,high,new,rof ananda,gurgaon,0.55
132.2,3.0,3.0,2.0,1.0,sector 89,14.0,1.0,0.0,0.0,1.0,0.0,1.0,0.0,1.0,0.0,1.0,1.0,1.0,0.0,1.0,0.0,0.0,0.0,0.0,0.0,6.0,10.0,4.0,6.0,0.0,1.0,0.0,0.0,1.0,5.0,1.0,1.0,1.0,0.0,1.0,0.0,1.0,0.0,carpet,low,mid aged,smart world gems,gurgaon,1.16
115.66,2.0,2.0,3.0,0.0,sector 68,15.0,1.0,0.0,0.0,1.0,0.0,1.0,0.0,1.0,1.0,0.0,1.0,1.0,0.0,1.0,0.0,0.0,1.0,0.0,0.0,6.0,10.0,4.0,6.0,0.0,1.0,0.0,0.0,1.0,5.0,1.0,1.0,1.0,0.0,1.0,0.0,1.0,0.0,super built up,high,new,pareena mi casa,gurgaon,1.1
83.61204013377927,2.0,2.0,0.0,0.0,sector 33,8.0,1.0,0.0,0.0,1.0,0.0,0.0,0.0,1.0,1.0,0.0,0.0,0.0,0.0,0.0,0.0,0.0,0.0,0.0,0.0,6.0,10.0,4.0,6.0,0.0,1.0,0.0,0.0,1.0,5.0,1.0,1.0,1.0,0.0,1.0,0.0,1.0,0.0,carpet,high,mid aged,godrej nature plus,sohna,1.2
267.1,4.0,4.0,2.0,1.0,sector 45,48.0,1.0,0.0,0.0,0.0,1.0,0.0,1.0,1.0,0.0,0.0,1.0,0.0,1.0,0.0,0.0,0.0,0.0,0.0,1.0,6.0,10.0,4.0,6.0,0.0,1.0,0.0,0.0,1.0,5.0,1.0,1.0,1.0,0.0,1.0,0.0,1.0,0.0,carpet,high,old,antriksh green,gurgaon,2.25
176.52,3.0,4.0,3.0,1.0,sector 76,12.0,0.0,0.0,0.0,0.0,0.0,1.0,0.0,1.0,1.0,1.0,1.0,1.0,0.0,0.0,0.0,1.0,0.0,0.0,0.0,6.0,10.0,4.0,6.0,0.0,1.0,0.0,0.0,1.0,5.0,1.0,1.0,1.0,0.0,1.0,0.0,1.0,0.0,carpet,mid,under construction,whiteland the aspen,gurgaon,3.35
199.74,3.0,4.0,3.0,1.0,sector 79,10.0,1.0,0.0,0.0,1.0,0.0,0.0,0.0,1.0,1.0,0.0,0.0,0.0,0.0,0.0,0.0,0.0,0.0,0.0,0.0,6.0,10.0,4.0,6.0,0.0,1.0,0.0,0.0,1.0,5.0,1.0,1.0,1.0,0.0,1.0,0.0,1.0,0.0,super built up,low,new,bestech altura,gurgaon,2.69
126.35,2.0,2.0,0.0,0.0,sector 86,11.0,1.0,0.0,0.0,0.0,0.0,0.0,0.0,0.0,0.0,0.0,0.0,0.0,1.0,0.0,0.0,0.0,0.0,0.0,1.0,6.0,10.0,4.0,6.0,0.0,1.0,0.0,0.0,1.0,5.0,1.0,1.0,1.0,0.0,1.0,0.0,1.0,0.0,built up,low,under construction,ansal height 86,gurgaon,0.8
59.18,2.0,2.0,0.0,0.0,sector 95,3.0,1.0,0.0,0.0,0.0,0.0,0.0,0.0,0.0,0.0,0.0,0.0,0.0,0.0,0.0,0.0,0.0,0.0,0.0,0.0,6.0,10.0,4.0,6.0,0.0,1.0,0.0,0.0,1.0,5.0,1.0,1.0,1.0,0.0,1.0,0.0,1.0,0.0,built up,mid,under construction,ramsons kshitij,gurgaon,0.35
83.61,2.0,2.0,1.0,0.0,sector 81,15.0,1.0,0.0,0.0,0.0,0.0,0.0,0.0,0.0,0.0,0.0,0.0,0.0,1.0,0.0,0.0,0.0,0.0,0.0,1.0,6.0,10.0,4.0,6.0,0.0,1.0,0.0,0.0,1.0,5.0,1.0,1.0,1.0,0.0,1.0,0.0,1.0,0.0,super built up,high,mid aged,vipul lavanya,gurgaon,0.6
65.96,2.0,2.0,2.0,0.0,sector 33,10.0,1.0,0.0,0.0,1.0,0.0,1.0,0.0,1.0,1.0,0.0,0.0,0.0,0.0,1.0,0.0,0.0,1.0,0.0,0.0,6.0,10.0,4.0,6.0,0.0,1.0,0.0,0.0,1.0,5.0,1.0,1.0,1.0,0.0,1.0,0.0,1.0,0.0,carpet,mid,new,breez global heights,sohna,0.46
199.65,3.0,4.0,3.0,1.0,sector 102,15.0,0.0,0.0,0.0,1.0,0.0,1.0,0.0,1.0,1.0,1.0,1.0,1.0,0.0,1.0,0.0,0.0,0.0,1.0,0.0,6.0,10.0,4.0,6.0,0.0,1.0,0.0,0.0,1.0,5.0,1.0,1.0,1.0,0.0,1.0,0.0,1.0,0.0,super built up,high,new,conscient heritage max,gurgaon,2.5
83.61,2.0,2.0,1.0,0.0,sector 81,13.0,0.0,0.0,0.0,0.0,0.0,0.0,0.0,0.0,0.0,0.0,0.0,0.0,1.0,0.0,0.0,0.0,0.0,0.0,1.0,6.0,10.0,4.0,6.0,0.0,1.0,0.0,0.0,1.0,5.0,1.0,1.0,1.0,0.0,1.0,0.0,1.0,0.0,carpet,high,new,vipul lavanya,gurgaon,0.6
113.81,2.0,2.0,2.0,1.0,sector 68,15.0,1.0,0.0,0.0,1.0,0.0,1.0,0.0,1.0,1.0,0.0,1.0,1.0,0.0,1.0,0.0,0.0,1.0,0.0,0.0,6.0,10.0,4.0,6.0,0.0,1.0,0.0,0.0,1.0,5.0,1.0,1.0,1.0,0.0,1.0,0.0,1.0,0.0,carpet,high,new,pareena mi casa,gurgaon,1.0
152.36,3.0,3.0,3.0,1.0,sector 61,9.0,1.0,0.0,0.0,1.0,0.0,0.0,0.0,1.0,1.0,1.0,1.0,0.0,0.0,0.0,0.0,0.0,0.0,0.0,0.0,6.0,10.0,4.0,6.0,0.0,1.0,0.0,0.0,1.0,5.0,1.0,1.0,1.0,0.0,1.0,0.0,1.0,0.0,carpet,low,mid aged,smart world orchard,gurgaon,2.54
205.69,3.0,2.0,3.0,0.0,sector 57,45.0,1.0,0.0,0.0,0.0,0.0,0.0,1.0,1.0,0.0,0.0,0.0,0.0,1.0,0.0,1.0,0.0,1.0,0.0,1.0,6.0,10.0,4.0,6.0,0.0,1.0,0.0,0.0,1.0,5.0,1.0,1.0,1.0,0.0,1.0,0.0,1.0,0.0,carpet,low,old,ansal sushant residency,gurgaon,1.5
125.6,2.0,2.0,3.0,1.0,sector 90,10.0,1.0,0.0,0.0,1.0,0.0,1.0,0.0,1.0,1.0,0.0,0.0,1.0,0.0,1.0,0.0,0.0,0.0,0.0,0.0,6.0,10.0,4.0,6.0,0.0,1.0,0.0,0.0,1.0,5.0,1.0,1.0,1.0,0.0,1.0,0.0,1.0,0.0,super built up,high,new,shree vardhman flora,gurgaon,0.7
169.83,3.0,3.0,3.0,0.0,sector 65,11.0,1.0,0.0,0.0,1.0,0.0,1.0,0.0,1.0,1.0,0.0,1.0,1.0,0.0,1.0,0.0,0.0,0.0,0.0,0.0,6.0,10.0,4.0,6.0,0.0,1.0,0.0,0.0,1.0,5.0,1.0,1.0,1.0,0.0,1.0,0.0,1.0,0.0,super built up,high,under construction,m3m heights,gurgaon,2.78
44.69,2.0,2.0,0.0,0.0,sector 33,10.0,0.0,0.0,0.0,0.0,0.0,0.0,1.0,0.0,0.0,0.0,0.0,0.0,0.0,0.0,0.0,0.0,0.0,0.0,1.0,6.0,10.0,4.0,6.0,0.0,1.0,0.0,0.0,1.0,5.0,1.0,1.0,1.0,0.0,1.0,0.0,1.0,0.0,built up,high,new,mvn athens,sohna,0.25
185.34,4.0,5.0,3.0,1.0,sector 92,8.0,1.0,0.0,0.0,0.0,0.0,0.0,0.0,0.0,0.0,0.0,0.0,0.0,1.0,0.0,0.0,0.0,0.0,0.0,0.0,6.0,10.0,4.0,6.0,0.0,1.0,0.0,0.0,1.0,5.0,1.0,1.0,1.0,0.0,1.0,0.0,1.0,0.0,super built up,low,new,sare crescent parc,gurgaon,0.9
174.19,3.0,4.0,3.0,1.0,sector 90,10.0,1.0,0.0,0.0,1.0,0.0,1.0,0.0,1.0,1.0,0.0,0.0,1.0,0.0,1.0,0.0,0.0,0.0,0.0,0.0,6.0,10.0,4.0,6.0,0.0,1.0,0.0,0.0,1.0,5.0,1.0,1.0,1.0,0.0,1.0,0.0,1.0,0.0,super built up,low,new,shree vardhman flora,gurgaon,0.96
185.81,3.0,2.0,1.0,1.0,sector 37,5.0,1.0,0.0,0.0,0.0,0.0,0.0,0.0,0.0,0.0,1.0,0.0,0.0,0.0,0.0,0.0,0.0,0.0,0.0,0.0,6.0,10.0,4.0,6.0,0.0,1.0,0.0,0.0,1.0,5.0,1.0,1.0,1.0,0.0,1.0,0.0,1.0,0.0,super built up,high,under construction,ramprastha skyz,gurgaon,1.2
78.97,2.0,2.0,1.0,0.0,sector 23,41.0,0.0,0.0,0.0,0.0,1.0,0.0,1.0,0.0,0.0,0.0,0.0,0.0,0.0,0.0,1.0,0.0,0.0,0.0,1.0,6.0,10.0,4.0,6.0,0.0,1.0,0.0,0.0,1.0,5.0,1.0,1.0,1.0,0.0,1.0,0.0,1.0,0.0,carpet,low,old,ashray apartment,gurgaon,0.64
126.91,2.0,2.0,3.0,1.0,sector 107,6.0,0.0,0.0,0.0,0.0,0.0,0.0,0.0,1.0,1.0,0.0,0.0,0.0,0.0,0.0,0.0,0.0,0.0,0.0,0.0,6.0,10.0,4.0,6.0,0.0,1.0,0.0,0.0,1.0,5.0,1.0,1.0,1.0,0.0,1.0,0.0,1.0,0.0,super built up,high,new,m3m woodshire,gurgaon,0.9
69.68,1.0,1.0,2.0,0.0,sector 102,8.0,1.0,0.0,0.0,0.0,0.0,0.0,0.0,1.0,1.0,0.0,1.0,1.0,0.0,0.0,0.0,0.0,0.0,0.0,0.0,6.0,10.0,4.0,6.0,0.0,1.0,0.0,0.0,1.0,5.0,1.0,1.0,1.0,0.0,1.0,0.0,1.0,0.0,built up,mid,under construction,rof aalayas,gurgaon,0.45
497.03,4.0,4.0,3.0,0.0,sector 2,12.0,0.0,0.0,0.0,1.0,0.0,0.0,0.0,1.0,0.0,0.0,1.0,0.0,0.0,0.0,0.0,0.0,0.0,0.0,0.0,6.0,10.0,4.0,6.0,0.0,1.0,0.0,0.0,1.0,5.0,1.0,1.0,1.0,0.0,1.0,0.0,1.0,0.0,built up,low,old,paras quartier,gurgaon,5.9
44.22,2.0,1.0,0.0,0.0,sector 33,6.0,0.0,0.0,0.0,0.0,0.0,0.0,0.0,0.0,1.0,0.0,0.0,1.0,0.0,0.0,0.0,1.0,0.0,0.0,0.0,6.0,10.0,4.0,6.0,0.0,1.0,0.0,0.0,1.0,5.0,1.0,1.0,1.0,0.0,1.0,0.0,1.0,0.0,built up,low,under construction,gls arawali homes,sohna,0.32
169.08,3.0,3.0,3.0,0.0,sector 37,6.0,1.0,0.0,0.0,1.0,0.0,0.0,0.0,1.0,1.0,0.0,0.0,1.0,0.0,0.0,0.0,0.0,0.0,0.0,0.0,6.0,10.0,4.0,6.0,0.0,1.0,0.0,0.0,1.0,5.0,1.0,1.0,1.0,0.0,1.0,0.0,1.0,0.0,super built up,mid,mid aged,ild grand,gurgaon,1.2
91.97,2.0,2.0,3.0,0.0,sector 95,4.0,1.0,0.0,0.0,0.0,0.0,0.0,0.0,0.0,0.0,0.0,0.0,0.0,1.0,0.0,0.0,0.0,0.0,0.0,0.0,6.0,10.0,4.0,6.0,0.0,1.0,0.0,0.0,1.0,5.0,1.0,1.0,1.0,0.0,1.0,0.0,1.0,0.0,super built up,high,new,sidhartha ncr greens,gurgaon,0.56
138.43,3.0,3.0,3.0,0.0,sector 79,9.0,0.0,0.0,0.0,1.0,0.0,0.0,0.0,1.0,1.0,0.0,1.0,1.0,0.0,0.0,0.0,0.0,0.0,0.0,0.0,6.0,10.0,4.0,6.0,0.0,1.0,0.0,0.0,1.0,5.0,1.0,1.0,1.0,0.0,1.0,0.0,1.0,0.0,carpet,low,new,mapsko mount ville,gurgaon,1.4
100.34,2.0,2.0,2.0,0.0,sector 31,49.0,1.0,0.0,0.0,0.0,1.0,0.0,1.0,1.0,0.0,0.0,0.0,0.0,1.0,0.0,1.0,0.0,0.0,0.0,1.0,6.0,10.0,4.0,6.0,0.0,1.0,0.0,0.0,1.0,5.0,1.0,1.0,1.0,0.0,1.0,0.0,1.0,0.0,carpet,low,old,cghs hewo apartments,gurgaon,1.25
128.67,2.0,2.0,3.0,0.0,sector 33,8.0,1.0,0.0,0.0,1.0,0.0,0.0,0.0,1.0,1.0,0.0,0.0,0.0,0.0,0.0,0.0,0.0,0.0,0.0,0.0,6.0,10.0,4.0,6.0,0.0,1.0,0.0,0.0,1.0,5.0,1.0,1.0,1.0,0.0,1.0,0.0,1.0,0.0,carpet,low,new,godrej nature plus,sohna,1.5
144.0,3.0,2.0,3.0,0.0,sector 68,10.0,1.0,0.0,0.0,1.0,0.0,1.0,0.0,1.0,1.0,0.0,0.0,0.0,0.0,1.0,0.0,0.0,0.0,0.0,0.0,6.0,10.0,4.0,6.0,0.0,1.0,0.0,0.0,1.0,5.0,1.0,1.0,1.0,0.0,1.0,0.0,1.0,0.0,super built up,mid,new,m3m the marina,gurgaon,2.22
168.34,4.0,4.0,3.0,1.0,sector 2,15.0,1.0,0.0,0.0,0.0,1.0,1.0,1.0,1.0,0.0,0.0,0.0,0.0,0.0,0.0,1.0,0.0,0.0,0.0,0.0,6.0,10.0,4.0,6.0,0.0,1.0,0.0,0.0,1.0,5.0,1.0,1.0,1.0,0.0,1.0,0.0,1.0,0.0,carpet,high,old,valley view estate,gurgaon,1.5
168.62,3.0,4.0,3.0,1.0,sector 79,9.0,0.0,0.0,0.0,1.0,0.0,0.0,0.0,1.0,1.0,0.0,1.0,1.0,0.0,0.0,0.0,0.0,0.0,0.0,0.0,6.0,10.0,4.0,6.0,0.0,1.0,0.0,0.0,1.0,5.0,1.0,1.0,1.0,0.0,1.0,0.0,1.0,0.0,super built up,high,new,mapsko mount ville,gurgaon,1.85
106.84,2.0,2.0,2.0,0.0,sector 61,9.0,1.0,0.0,0.0,1.0,0.0,0.0,0.0,1.0,1.0,1.0,1.0,0.0,0.0,0.0,0.0,0.0,0.0,0.0,0.0,6.0,10.0,4.0,6.0,0.0,1.0,0.0,0.0,1.0,5.0,1.0,1.0,1.0,0.0,1.0,0.0,1.0,0.0,carpet,mid,under construction,smart world orchard,gurgaon,1.6
52.68,2.0,2.0,2.0,0.0,sector 33,6.0,0.0,0.0,0.0,0.0,0.0,0.0,0.0,0.0,1.0,0.0,0.0,1.0,0.0,0.0,0.0,1.0,0.0,0.0,0.0,6.0,10.0,4.0,6.0,0.0,1.0,0.0,0.0,1.0,5.0,1.0,1.0,1.0,0.0,1.0,0.0,1.0,0.0,super built up,mid,new,gls arawali homes,sohna,0.3
113.81,3.0,3.0,2.0,0.0,sector 11,50.0,1.0,0.0,0.0,0.0,0.0,0.0,1.0,1.0,0.0,0.0,0.0,0.0,1.0,0.0,1.0,1.0,0.0,0.0,0.0,6.0,10.0,4.0,6.0,0.0,1.0,0.0,0.0,1.0,5.0,1.0,1.0,1.0,0.0,1.0,0.0,1.0,0.0,carpet,low,new,ganga apartment,gurgaon,0.74
246.19,4.0,3.0,3.0,0.0,sector 43,45.0,1.0,0.0,0.0,0.0,1.0,0.0,1.0,1.0,0.0,0.0,1.0,0.0,1.0,0.0,1.0,0.0,0.0,0.0,1.0,6.0,10.0,4.0,6.0,0.0,1.0,0.0,0.0,1.0,5.0,1.0,1.0,1.0,0.0,1.0,0.0,1.0,0.0,built up,mid,old,surbhi apartment,gurgaon,3.2
135.64,2.0,2.0,2.0,0.0,sector 68,50.0,1.0,0.0,0.0,0.0,0.0,0.0,1.0,1.0,0.0,0.0,0.0,0.0,0.0,0.0,0.0,0.0,0.0,0.0,0.0,6.0,10.0,4.0,6.0,0.0,1.0,0.0,0.0,1.0,5.0,1.0,1.0,1.0,0.0,1.0,0.0,1.0,0.0,built up,high,new,espire south,gurgaon,1.32
167.23,3.0,3.0,3.0,0.0,sector 63,13.0,1.0,0.0,0.0,1.0,0.0,1.0,0.0,1.0,1.0,0.0,1.0,0.0,0.0,1.0,0.0,0.0,1.0,0.0,0.0,6.0,10.0,4.0,6.0,0.0,1.0,0.0,0.0,1.0,5.0,1.0,1.0,1.0,0.0,1.0,0.0,1.0,0.0,carpet,low,new,adani brahma samsara vilasa,gurgaon,3.0
132.2,3.0,3.0,2.0,1.0,sector 89,14.0,1.0,0.0,0.0,1.0,0.0,1.0,0.0,1.0,0.0,1.0,1.0,1.0,0.0,1.0,0.0,0.0,0.0,0.0,0.0,6.0,10.0,4.0,6.0,0.0,1.0,0.0,0.0,1.0,5.0,1.0,1.0,1.0,0.0,1.0,0.0,1.0,0.0,built up,low,new,smart world gems,gurgaon,1.2
111.48,3.0,2.0,3.0,0.0,sector 33,6.0,0.0,0.0,0.0,0.0,0.0,1.0,0.0,1.0,0.0,0.0,0.0,0.0,0.0,1.0,0.0,0.0,0.0,0.0,0.0,6.0,10.0,4.0,6.0,0.0,1.0,0.0,0.0,1.0,5.0,1.0,1.0,1.0,0.0,1.0,0.0,1.0,0.0,carpet,high,new,godrej nature plus serenity,sohna,1.39
169.83,3.0,3.0,3.0,0.0,sector 65,9.0,1.0,0.0,0.0,0.0,0.0,1.0,0.0,1.0,1.0,0.0,1.0,0.0,0.0,1.0,0.0,0.0,0.0,0.0,0.0,6.0,10.0,4.0,6.0,0.0,1.0,0.0,0.0,1.0,5.0,1.0,1.0,1.0,0.0,1.0,0.0,1.0,0.0,super built up,high,mid aged,m3m skycity,gurgaon,3.0
197.42,3.0,3.0,3.0,1.0,sector 89,15.0,1.0,0.0,0.0,0.0,0.0,0.0,1.0,1.0,0.0,1.0,0.0,0.0,1.0,0.0,1.0,0.0,0.0,0.0,0.0,6.0,10.0,4.0,6.0,0.0,1.0,0.0,0.0,1.0,5.0,1.0,1.0,1.0,0.0,1.0,0.0,1.0,0.0,super built up,high,new,nbcc heights,gurgaon,1.5
213.68,4.0,4.0,2.0,0.0,sector 56,47.0,1.0,0.0,0.0,0.0,1.0,0.0,1.0,0.0,0.0,0.0,1.0,0.0,1.0,0.0,1.0,1.0,0.0,0.0,1.0,6.0,10.0,4.0,6.0,0.0,1.0,0.0,0.0,1.0,5.0,1.0,1.0,1.0,0.0,1.0,0.0,1.0,0.0,super built up,mid,mid aged,the castle society,gurgaon,2.0
204.39,4.0,5.0,3.0,1.0,sector 28,48.0,1.0,0.0,0.0,0.0,0.0,0.0,1.0,0.0,0.0,0.0,1.0,0.0,0.0,0.0,1.0,1.0,0.0,0.0,1.0,6.0,10.0,4.0,6.0,0.0,1.0,0.0,0.0,1.0,5.0,1.0,1.0,1.0,0.0,1.0,0.0,1.0,0.0,built up,high,old,essel towers,gurgaon,2.75
37.63,1.0,1.0,1.0,0.0,sector 111,15.0,1.0,1.0,0.0,0.0,1.0,1.0,1.0,1.0,0.0,0.0,1.0,0.0,0.0,0.0,0.0,0.0,0.0,0.0,0.0,6.0,10.0,4.0,6.0,0.0,1.0,0.0,0.0,1.0,5.0,1.0,1.0,1.0,0.0,1.0,0.0,1.0,0.0,carpet,high,new,lotus homz,gurgaon,0.36
41.81,1.0,1.0,1.0,0.0,sector 4,48.0,1.0,0.0,0.0,0.0,0.0,0.0,1.0,0.0,0.0,0.0,0.0,0.0,0.0,0.0,1.0,0.0,0.0,0.0,0.0,6.0,10.0,4.0,6.0,0.0,1.0,0.0,0.0,1.0,5.0,1.0,1.0,1.0,0.0,1.0,0.0,1.0,0.0,carpet,low,new,shreeram apartment ii,gurgaon,0.21
27.96,1.0,1.0,2.0,0.0,sector 104,9.0,1.0,0.0,0.0,1.0,0.0,1.0,0.0,1.0,1.0,0.0,0.0,0.0,0.0,1.0,0.0,0.0,0.0,0.0,0.0,6.0,10.0,4.0,6.0,0.0,1.0,0.0,0.0,1.0,5.0,1.0,1.0,1.0,0.0,1.0,0.0,1.0,0.0,built up,mid,new,zara aavaas,gurgaon,0.26
5994.94,2.0,2.0,2.0,1.0,sector 95,14.0,0.0,0.0,0.0,0.0,0.0,0.0,0.0,0.0,1.0,1.0,1.0,1.0,0.0,0.0,0.0,1.0,0.0,0.0,1.0,6.0,10.0,4.0,6.0,0.0,1.0,0.0,0.0,1.0,5.0,1.0,1.0,1.0,0.0,1.0,0.0,1.0,0.0,carpet,high,new,rof ananda,gurgaon,0.38
219.34,3.0,4.0,3.0,1.0,sector 107,6.0,0.0,0.0,0.0,0.0,0.0,0.0,0.0,1.0,1.0,0.0,0.0,0.0,0.0,0.0,0.0,0.0,0.0,0.0,0.0,6.0,10.0,4.0,6.0,0.0,1.0,0.0,0.0,1.0,5.0,1.0,1.0,1.0,0.0,1.0,0.0,1.0,0.0,super built up,low,new,m3m woodshire,gurgaon,1.8
235.79,3.0,4.0,3.0,1.0,sector 36,14.0,1.0,0.0,0.0,1.0,0.0,1.0,0.0,1.0,1.0,0.0,1.0,1.0,0.0,1.0,0.0,1.0,0.0,0.0,0.0,6.0,10.0,4.0,6.0,0.0,1.0,0.0,0.0,1.0,5.0,1.0,1.0,1.0,0.0,1.0,0.0,1.0,0.0,carpet,high,new,krisumi waterfall residences,gurgaon,4.1
146.04,2.0,2.0,3.0,1.0,sector 79,10.0,0.0,0.0,0.0,0.0,0.0,0.0,0.0,1.0,1.0,0.0,0.0,0.0,0.0,0.0,0.0,0.0,0.0,1.0,0.0,6.0,10.0,4.0,6.0,0.0,1.0,0.0,0.0,1.0,5.0,1.0,1.0,1.0,0.0,1.0,0.0,1.0,0.0,super built up,low,new,godrej 101,gurgaon,1.3
69.68,3.0,2.0,2.0,0.0,sector 107,10.0,0.0,0.0,0.0,1.0,0.0,0.0,0.0,1.0,0.0,0.0,0.0,1.0,0.0,0.0,0.0,0.0,0.0,0.0,0.0,6.0,10.0,4.0,6.0,0.0,1.0,0.0,0.0,1.0,5.0,1.0,1.0,1.0,0.0,1.0,0.0,1.0,0.0,built up,high,under construction,signature global solera,gurgaon,0.6
55.93,2.0,2.0,1.0,0.0,sector 107,10.0,0.0,0.0,0.0,1.0,0.0,0.0,0.0,1.0,0.0,0.0,0.0,1.0,0.0,0.0,0.0,0.0,0.0,0.0,0.0,6.0,10.0,4.0,6.0,0.0,1.0,0.0,0.0,1.0,5.0,1.0,1.0,1.0,0.0,1.0,0.0,1.0,0.0,super built up,mid,new,signature global solera,gurgaon,0.4
128.21,2.0,2.0,2.0,1.0,sector 22,14.0,1.0,0.0,0.0,1.0,0.0,1.0,0.0,1.0,1.0,1.0,0.0,1.0,0.0,0.0,0.0,0.0,0.0,0.0,0.0,6.0,10.0,4.0,6.0,0.0,1.0,0.0,0.0,1.0,5.0,1.0,1.0,1.0,0.0,1.0,0.0,1.0,0.0,super built up,high,new,ambience creacions,gurgaon,1.99
128.21,2.0,2.0,2.0,0.0,sector 22,14.0,1.0,0.0,0.0,1.0,0.0,1.0,0.0,1.0,1.0,1.0,0.0,1.0,0.0,0.0,0.0,0.0,0.0,0.0,0.0,6.0,10.0,4.0,6.0,0.0,1.0,0.0,0.0,1.0,5.0,1.0,1.0,1.0,0.0,1.0,0.0,1.0,0.0,super built up,high,new,ambience creacions,gurgaon,1.99
114.27,2.0,2.0,3.0,0.0,sector 33,6.0,1.0,0.0,0.0,0.0,0.0,0.0,0.0,1.0,1.0,0.0,0.0,0.0,0.0,0.0,0.0,0.0,0.0,0.0,0.0,6.0,10.0,4.0,6.0,0.0,1.0,0.0,0.0,1.0,5.0,1.0,1.0,1.0,0.0,1.0,0.0,1.0,0.0,carpet,high,new,ashiana mulberry,sohna,0.74
134.71,3.0,3.0,2.0,1.0,sector 89,9.0,1.0,0.0,0.0,0.0,0.0,0.0,0.0,1.0,1.0,0.0,0.0,1.0,0.0,0.0,0.0,0.0,0.0,0.0,0.0,6.0,10.0,4.0,6.0,0.0,1.0,0.0,0.0,1.0,5.0,1.0,1.0,1.0,0.0,1.0,0.0,1.0,0.0,carpet,mid,mid aged,m3m soulitude,gurgaon,1.28
106.84,2.0,2.0,2.0,1.0,sector 61,9.0,1.0,0.0,0.0,1.0,0.0,0.0,0.0,1.0,1.0,1.0,1.0,0.0,0.0,0.0,0.0,0.0,0.0,0.0,0.0,6.0,10.0,4.0,6.0,0.0,1.0,0.0,0.0,1.0,5.0,1.0,1.0,1.0,0.0,1.0,0.0,1.0,0.0,carpet,mid,new,smart world orchard,gurgaon,1.6
114.64,2.0,2.0,2.0,1.0,sector 89,14.0,0.0,0.0,0.0,0.0,0.0,0.0,0.0,0.0,0.0,0.0,0.0,0.0,0.0,0.0,0.0,0.0,0.0,0.0,0.0,6.0,10.0,4.0,6.0,0.0,1.0,0.0,0.0,1.0,5.0,1.0,1.0,1.0,0.0,1.0,0.0,1.0,0.0,carpet,low,new,ace palm floors,gurgaon,0.97
124.68,2.0,2.0,2.0,0.0,sector 77,10.0,1.0,0.0,0.0,1.0,0.0,1.0,0.0,1.0,1.0,0.0,0.0,1.0,0.0,0.0,0.0,0.0,0.0,0.0,0.0,6.0,10.0,4.0,6.0,0.0,1.0,0.0,0.0,1.0,5.0,1.0,1.0,1.0,0.0,1.0,0.0,1.0,0.0,super built up,high,new,umang winter hills,gurgaon,0.86
117.24,2.0,2.0,2.0,0.0,sector 70,11.0,1.0,0.0,0.0,1.0,0.0,1.0,0.0,1.0,1.0,0.0,0.0,0.0,0.0,1.0,0.0,0.0,0.0,0.0,0.0,6.0,10.0,4.0,6.0,0.0,1.0,0.0,0.0,1.0,5.0,1.0,1.0,1.0,0.0,1.0,0.0,1.0,0.0,carpet,high,new,aipl zen residences,gurgaon,1.25
86.4,2.0,2.0,0.0,0.0,sector 56,22.0,1.0,0.0,0.0,0.0,1.0,1.0,1.0,1.0,0.0,0.0,0.0,0.0,0.0,0.0,1.0,0.0,0.0,0.0,1.0,6.0,10.0,4.0,6.0,0.0,1.0,0.0,0.0,1.0,5.0,1.0,1.0,1.0,0.0,1.0,0.0,1.0,0.0,built up,high,under construction,ansal valley view estate,gurgaon,0.6
199.74,3.0,3.0,3.0,1.0,sector 63,12.0,1.0,0.0,0.0,0.0,0.0,0.0,0.0,1.0,1.0,1.0,1.0,1.0,0.0,1.0,0.0,1.0,0.0,0.0,0.0,6.0,10.0,4.0,6.0,0.0,1.0,0.0,0.0,1.0,5.0,1.0,1.0,1.0,0.0,1.0,0.0,1.0,0.0,super built up,mid,new,birla navya,gurgaon,3.23
29.54,1.0,1.0,0.0,0.0,sector 107,10.0,0.0,0.0,0.0,1.0,0.0,0.0,0.0,1.0,0.0,0.0,0.0,1.0,0.0,0.0,0.0,0.0,0.0,0.0,0.0,6.0,10.0,4.0,6.0,0.0,1.0,0.0,0.0,1.0,5.0,1.0,1.0,1.0,0.0,1.0,0.0,1.0,0.0,built up,mid,under construction,signature global solera,gurgaon,0.25
61.04,2.0,2.0,1.0,0.0,sector 81,10.0,1.0,0.0,0.0,1.0,0.0,0.0,0.0,1.0,0.0,0.0,0.0,1.0,0.0,1.0,0.0,0.0,0.0,0.0,0.0,6.0,10.0,4.0,6.0,0.0,1.0,0.0,0.0,1.0,5.0,1.0,1.0,1.0,0.0,1.0,0.0,1.0,0.0,super built up,mid,new,signature global synera,gurgaon,0.48
121.7,2.0,2.0,3.0,0.0,sector 65,9.0,1.0,0.0,0.0,0.0,0.0,1.0,0.0,1.0,1.0,0.0,1.0,0.0,0.0,1.0,0.0,0.0,0.0,0.0,0.0,6.0,10.0,4.0,6.0,0.0,1.0,0.0,0.0,1.0,5.0,1.0,1.0,1.0,0.0,1.0,0.0,1.0,0.0,carpet,high,new,m3m skycity,gurgaon,1.8
366.97,4.0,4.0,3.0,0.0,sector 63,10.0,1.0,0.0,0.0,0.0,0.0,1.0,1.0,0.0,0.0,0.0,0.0,0.0,0.0,0.0,1.0,0.0,0.0,0.0,1.0,6.0,10.0,4.0,6.0,0.0,1.0,0.0,0.0,1.0,5.0,1.0,1.0,1.0,0.0,1.0,0.0,1.0,0.0,built up,high,under construction,dlf the arbour,gurgaon,7.9
124.49,2.0,2.0,3.0,1.0,sector 37,9.0,1.0,0.0,0.0,1.0,0.0,1.0,0.0,1.0,1.0,1.0,0.0,1.0,0.0,0.0,0.0,0.0,0.0,0.0,0.0,6.0,10.0,4.0,6.0,0.0,1.0,0.0,0.0,1.0,5.0,1.0,1.0,1.0,0.0,1.0,0.0,1.0,0.0,super built up,high,new,ild greens,gurgaon,0.95
59.92,2.0,2.0,2.0,1.0,sector 95,14.0,0.0,0.0,0.0,0.0,0.0,0.0,0.0,0.0,1.0,1.0,1.0,1.0,0.0,0.0,0.0,1.0,0.0,0.0,1.0,6.0,10.0,4.0,6.0,0.0,1.0,0.0,0.0,1.0,5.0,1.0,1.0,1.0,0.0,1.0,0.0,1.0,0.0,carpet,high,new,rof ananda,gurgaon,0.36
38.28,1.0,1.0,1.0,0.0,sector 36,15.0,1.0,0.0,0.0,0.0,0.0,0.0,0.0,0.0,0.0,0.0,0.0,0.0,1.0,0.0,0.0,0.0,0.0,0.0,0.0,6.0,10.0,4.0,6.0,0.0,1.0,0.0,0.0,1.0,5.0,1.0,1.0,1.0,0.0,1.0,0.0,1.0,0.0,carpet,high,new,breez global heights,gurgaon,0.24
60.39,2.0,2.0,3.0,0.0,sector 37,15.0,1.0,0.0,0.0,0.0,0.0,0.0,0.0,1.0,0.0,1.0,0.0,1.0,0.0,0.0,0.0,1.0,0.0,0.0,0.0,6.0,10.0,4.0,6.0,0.0,1.0,0.0,0.0,1.0,5.0,1.0,1.0,1.0,0.0,1.0,0.0,1.0,0.0,super built up,high,new,signature global the millennia,gurgaon,0.65
140.84,2.0,2.0,3.0,1.0,sector 65,11.0,1.0,0.0,0.0,1.0,0.0,1.0,0.0,1.0,1.0,0.0,1.0,1.0,0.0,1.0,0.0,0.0,0.0,0.0,0.0,6.0,10.0,4.0,6.0,0.0,1.0,0.0,0.0,1.0,5.0,1.0,1.0,1.0,0.0,1.0,0.0,1.0,0.0,super built up,high,new,m3m heights,gurgaon,2.01
102.84,2.0,2.0,2.0,1.0,sector 89,14.0,1.0,0.0,0.0,1.0,0.0,1.0,0.0,1.0,0.0,1.0,1.0,1.0,0.0,1.0,0.0,0.0,0.0,0.0,0.0,6.0,10.0,4.0,6.0,0.0,1.0,0.0,0.0,1.0,5.0,1.0,1.0,1.0,0.0,1.0,0.0,1.0,0.0,carpet,low,new,smart world gems,gurgaon,1.0
268.68,3.0,3.0,3.0,0.0,sector 53,9.0,1.0,0.0,0.0,1.0,0.0,0.0,0.0,1.0,0.0,0.0,1.0,0.0,0.0,1.0,0.0,0.0,1.0,0.0,1.0,6.0,10.0,4.0,6.0,0.0,1.0,0.0,0.0,1.0,5.0,1.0,1.0,1.0,0.0,1.0,0.0,1.0,0.0,built up,high,new,tulip monsella,gurgaon,6.02
102.66,2.0,2.0,2.0,0.0,sector 89,14.0,1.0,0.0,0.0,1.0,0.0,1.0,0.0,1.0,0.0,1.0,1.0,1.0,0.0,1.0,0.0,0.0,0.0,0.0,0.0,6.0,10.0,4.0,6.0,0.0,1.0,0.0,0.0,1.0,5.0,1.0,1.0,1.0,0.0,1.0,0.0,1.0,0.0,built up,low,under construction,smart world gems,gurgaon,0.9
272.86,3.0,4.0,3.0,0.0,sector 76,6.0,1.0,0.0,0.0,0.0,0.0,0.0,0.0,0.0,0.0,0.0,0.0,0.0,1.0,0.0,0.0,0.0,0.0,0.0,0.0,6.0,10.0,4.0,6.0,0.0,1.0,0.0,0.0,1.0,5.0,1.0,1.0,1.0,0.0,1.0,0.0,1.0,0.0,built up,high,under construction,whiteland  the aspen,gurgaon,3.5
130.06,2.0,2.0,3.0,0.0,sector 85,8.0,1.0,0.0,0.0,1.0,0.0,0.0,0.0,1.0,1.0,0.0,0.0,1.0,0.0,0.0,0.0,0.0,0.0,0.0,0.0,6.0,10.0,4.0,6.0,0.0,1.0,0.0,0.0,1.0,5.0,1.0,1.0,1.0,0.0,1.0,0.0,1.0,0.0,super built up,high,mid aged,godrej air,gurgaon,1.3
47.9,2.0,2.0,2.0,0.0,sector 86,9.0,0.0,0.0,0.0,1.0,0.0,0.0,0.0,1.0,0.0,0.0,0.0,0.0,0.0,0.0,0.0,0.0,0.0,0.0,0.0,6.0,10.0,4.0,6.0,0.0,1.0,0.0,0.0,1.0,5.0,1.0,1.0,1.0,0.0,1.0,0.0,1.0,0.0,carpet,mid,old,pyramid urban homes 2,gurgaon,0.5
61.13,2.0,2.0,2.0,0.0,sector 33,14.0,1.0,0.0,0.0,0.0,0.0,1.0,1.0,1.0,0.0,1.0,0.0,0.0,0.0,1.0,0.0,0.0,1.0,0.0,0.0,6.0,10.0,4.0,6.0,0.0,1.0,0.0,0.0,1.0,5.0,1.0,1.0,1.0,0.0,1.0,0.0,1.0,0.0,built up,high,new,breez global hill view,sohna,0.35
55.74,1.0,1.0,1.0,0.0,sector 33,5.0,0.0,0.0,0.0,0.0,0.0,0.0,0.0,0.0,0.0,0.0,0.0,0.0,0.0,0.0,0.0,0.0,0.0,0.0,1.0,6.0,10.0,4.0,6.0,0.0,1.0,0.0,0.0,1.0,5.0,1.0,1.0,1.0,0.0,1.0,0.0,1.0,0.0,built up,high,new,hcbs sports ville,sohna,0.25
120.77,2.0,2.0,0.0,0.0,sector 1,8.0,1.0,0.0,0.0,0.0,0.0,0.0,0.0,0.0,0.0,0.0,0.0,0.0,1.0,0.0,0.0,0.0,0.0,0.0,1.0,6.0,10.0,4.0,6.0,0.0,1.0,0.0,0.0,1.0,5.0,1.0,1.0,1.0,0.0,1.0,0.0,1.0,0.0,built up,mid,under construction,eden landmark,manesar,0.5
40.78,1.0,1.0,1.0,0.0,sector 84,15.0,1.0,0.0,0.0,0.0,0.0,0.0,1.0,1.0,1.0,0.0,0.0,1.0,1.0,1.0,0.0,0.0,0.0,0.0,0.0,6.0,10.0,4.0,6.0,0.0,1.0,0.0,0.0,1.0,5.0,1.0,1.0,1.0,0.0,1.0,0.0,1.0,0.0,super built up,high,new,pivotal devaan,gurgaon,0.27
148.64,3.0,2.0,3.0,1.0,sector 56,43.0,1.0,0.0,0.0,0.0,1.0,1.0,1.0,1.0,0.0,0.0,1.0,0.0,1.0,0.0,1.0,1.0,0.0,0.0,1.0,6.0,10.0,4.0,6.0,0.0,1.0,0.0,0.0,1.0,5.0,1.0,1.0,1.0,0.0,1.0,0.0,1.0,0.0,super built up,mid,old,cghs vidya enclave,gurgaon,1.7
102.47,3.0,2.0,3.0,1.0,sector 89,14.0,1.0,0.0,0.0,1.0,0.0,1.0,0.0,1.0,0.0,1.0,1.0,1.0,0.0,1.0,0.0,0.0,0.0,0.0,0.0,6.0,10.0,4.0,6.0,0.0,1.0,0.0,0.0,1.0,5.0,1.0,1.0,1.0,0.0,1.0,0.0,1.0,0.0,super built up,low,new,smart world gems,gurgaon,1.16
126.91,2.0,2.0,3.0,1.0,sector 107,6.0,0.0,0.0,0.0,0.0,0.0,0.0,0.0,1.0,1.0,0.0,0.0,0.0,0.0,0.0,0.0,0.0,0.0,0.0,0.0,6.0,10.0,4.0,6.0,0.0,1.0,0.0,0.0,1.0,5.0,1.0,1.0,1.0,0.0,1.0,0.0,1.0,0.0,super built up,high,new,m3m woodshire,gurgaon,1.01
213.68,5.0,5.0,2.0,1.0,sector 14,50.0,1.0,0.0,0.0,0.0,1.0,0.0,1.0,1.0,0.0,0.0,0.0,0.0,1.0,0.0,1.0,0.0,0.0,0.0,1.0,6.0,10.0,4.0,6.0,0.0,1.0,0.0,0.0,1.0,5.0,1.0,1.0,1.0,0.0,1.0,0.0,1.0,0.0,carpet,low,old,vasant apartment,gurgaon,1.75
52.03,2.0,2.0,2.0,0.0,sector 107,3.0,0.0,0.0,0.0,0.0,0.0,0.0,0.0,0.0,1.0,0.0,0.0,1.0,0.0,0.0,0.0,0.0,0.0,0.0,0.0,6.0,10.0,4.0,6.0,0.0,1.0,0.0,0.0,1.0,5.0,1.0,1.0,1.0,0.0,1.0,0.0,1.0,0.0,carpet,high,new,signature global solera 2,gurgaon,0.5
100.43,3.0,2.0,3.0,0.0,sector 36,12.0,1.0,0.0,0.0,1.0,0.0,1.0,0.0,1.0,1.0,0.0,1.0,0.0,0.0,0.0,0.0,0.0,0.0,0.0,0.0,6.0,10.0,4.0,6.0,0.0,1.0,0.0,0.0,1.0,5.0,1.0,1.0,1.0,0.0,1.0,0.0,1.0,0.0,carpet,low,new,signature global park 4,sohna,0.82
152.83,3.0,4.0,3.0,1.0,sector 85,8.0,1.0,0.0,0.0,1.0,0.0,1.0,0.0,1.0,0.0,0.0,0.0,0.0,0.0,0.0,0.0,0.0,0.0,0.0,0.0,6.0,10.0,4.0,6.0,0.0,1.0,0.0,0.0,1.0,5.0,1.0,1.0,1.0,0.0,1.0,0.0,1.0,0.0,super built up,mid,old,orris carnation residency,gurgaon,1.1
50.07,1.0,1.0,2.0,0.0,sector 47,43.0,1.0,0.0,0.0,0.0,0.0,0.0,1.0,0.0,0.0,0.0,0.0,0.0,0.0,0.0,0.0,1.0,0.0,0.0,0.0,6.0,10.0,4.0,6.0,0.0,1.0,0.0,0.0,1.0,5.0,1.0,1.0,1.0,0.0,1.0,0.0,1.0,0.0,carpet,low,old,irwo westend towers,gurgaon,0.65
106.84,2.0,2.0,2.0,1.0,sector 61,9.0,1.0,0.0,0.0,1.0,0.0,0.0,0.0,1.0,1.0,1.0,1.0,0.0,0.0,0.0,0.0,0.0,0.0,0.0,0.0,6.0,10.0,4.0,6.0,0.0,1.0,0.0,0.0,1.0,5.0,1.0,1.0,1.0,0.0,1.0,0.0,1.0,0.0,carpet,low,new,smart world orchard,gurgaon,1.58
61.41,2.0,2.0,1.0,1.0,sector 30,49.0,1.0,0.0,0.0,0.0,1.0,0.0,1.0,1.0,0.0,0.0,0.0,0.0,1.0,0.0,0.0,0.0,0.0,0.0,1.0,6.0,10.0,4.0,6.0,0.0,1.0,0.0,0.0,1.0,5.0,1.0,1.0,1.0,0.0,1.0,0.0,1.0,0.0,carpet,low,old,afnhb jalvayu vihar,gurgaon,0.85
128.48,2.0,2.0,3.0,0.0,sector 79,5.0,0.0,0.0,0.0,0.0,0.0,0.0,0.0,0.0,0.0,0.0,0.0,0.0,1.0,0.0,0.0,0.0,0.0,0.0,1.0,6.0,10.0,4.0,6.0,0.0,1.0,0.0,0.0,1.0,5.0,1.0,1.0,1.0,0.0,1.0,0.0,1.0,0.0,built up,low,under construction,"godrej 101, sector 79",gurgaon,1.25
41.81,1.0,1.0,1.0,0.0,sector 49,15.0,0.0,0.0,0.0,0.0,1.0,0.0,1.0,1.0,0.0,0.0,0.0,0.0,1.0,0.0,0.0,0.0,0.0,0.0,0.0,6.0,10.0,4.0,6.0,0.0,1.0,0.0,0.0,1.0,5.0,1.0,1.0,1.0,0.0,1.0,0.0,1.0,0.0,carpet,low,new,satya element one,gurgaon,0.87
212.66,3.0,4.0,3.0,1.0,sector 79,11.0,1.0,0.0,0.0,1.0,0.0,1.0,0.0,1.0,1.0,0.0,0.0,1.0,0.0,0.0,0.0,0.0,0.0,1.0,0.0,6.0,10.0,4.0,6.0,0.0,1.0,0.0,0.0,1.0,5.0,1.0,1.0,1.0,0.0,1.0,0.0,1.0,0.0,super built up,mid,new,godrej aria,gurgaon,1.7
222.97,4.0,4.0,3.0,1.0,sector 70,10.0,1.0,0.0,0.0,1.0,0.0,1.0,0.0,1.0,1.0,0.0,0.0,0.0,0.0,1.0,0.0,0.0,0.0,0.0,0.0,6.0,10.0,4.0,6.0,0.0,1.0,0.0,0.0,1.0,5.0,1.0,1.0,1.0,0.0,1.0,0.0,1.0,0.0,carpet,high,old,tulip ivory,gurgaon,2.35
55.46,3.0,2.0,2.0,0.0,sector 88,9.0,1.0,0.0,0.0,1.0,0.0,0.0,0.0,1.0,1.0,0.0,0.0,1.0,0.0,0.0,0.0,0.0,0.0,0.0,0.0,6.0,10.0,4.0,6.0,0.0,1.0,0.0,0.0,1.0,5.0,1.0,1.0,1.0,0.0,1.0,0.0,1.0,0.0,carpet,low,new,breez global heights 88a,gurgaon,0.5
146.04,2.0,2.0,3.0,1.0,sector 79,10.0,0.0,0.0,0.0,0.0,0.0,0.0,0.0,1.0,1.0,0.0,0.0,0.0,0.0,0.0,0.0,0.0,0.0,1.0,0.0,6.0,10.0,4.0,6.0,0.0,1.0,0.0,0.0,1.0,5.0,1.0,1.0,1.0,0.0,1.0,0.0,1.0,0.0,carpet,low,new,godrej 101,gurgaon,1.41
138.89,3.0,2.0,3.0,1.0,sector 92,10.0,1.0,0.0,0.0,1.0,0.0,0.0,0.0,1.0,1.0,0.0,0.0,1.0,0.0,1.0,0.0,0.0,0.0,0.0,0.0,6.0,10.0,4.0,6.0,0.0,1.0,0.0,0.0,1.0,5.0,1.0,1.0,1.0,0.0,1.0,0.0,1.0,0.0,carpet,low,new,signature global city 92,gurgaon,0.99
298.78,4.0,5.0,3.0,1.0,sector 69,10.0,1.0,0.0,0.0,1.0,0.0,1.0,0.0,1.0,1.0,0.0,0.0,0.0,0.0,1.0,0.0,0.0,0.0,0.0,0.0,6.0,10.0,4.0,6.0,0.0,1.0,0.0,0.0,1.0,5.0,1.0,1.0,1.0,0.0,1.0,0.0,1.0,0.0,super built up,high,new,tulip violet,gurgaon,3.25
125.42,3.0,3.0,3.0,0.0,sector 63,12.0,1.0,0.0,0.0,0.0,0.0,0.0,0.0,1.0,1.0,1.0,1.0,1.0,0.0,1.0,0.0,1.0,0.0,0.0,0.0,6.0,10.0,4.0,6.0,0.0,1.0,0.0,0.0,1.0,5.0,1.0,1.0,1.0,0.0,1.0,0.0,1.0,0.0,carpet,low,under construction,birla navya,gurgaon,3.5
181.16,4.0,5.0,3.0,1.0,sector 48,45.0,1.0,0.0,0.0,0.0,1.0,1.0,1.0,0.0,0.0,0.0,0.0,0.0,1.0,0.0,1.0,0.0,1.0,0.0,0.0,6.0,10.0,4.0,6.0,0.0,1.0,0.0,0.0,1.0,5.0,1.0,1.0,1.0,0.0,1.0,0.0,1.0,0.0,carpet,low,old,parsvnath green ville,gurgaon,2.5
70.61,2.0,2.0,1.0,0.0,sector 76,8.0,1.0,0.0,0.0,1.0,0.0,1.0,0.0,1.0,1.0,0.0,0.0,0.0,0.0,0.0,0.0,0.0,0.0,0.0,0.0,6.0,10.0,4.0,6.0,0.0,1.0,0.0,0.0,1.0,5.0,1.0,1.0,1.0,0.0,1.0,0.0,1.0,0.0,carpet,high,mid aged,pyramid pride,gurgaon,0.5
143.91,3.0,3.0,2.0,0.0,sector 61,9.0,0.0,0.0,0.0,0.0,0.0,0.0,0.0,0.0,0.0,0.0,0.0,0.0,1.0,0.0,0.0,0.0,0.0,0.0,1.0,6.0,10.0,4.0,6.0,0.0,1.0,0.0,0.0,1.0,5.0,1.0,1.0,1.0,0.0,1.0,0.0,1.0,0.0,carpet,low,mid aged,suposhaa smartworld orchard,gurgaon,2.25
222.97,5.0,4.0,2.0,0.0,sector 21,16.0,1.0,0.0,0.0,0.0,1.0,0.0,1.0,0.0,0.0,0.0,0.0,0.0,0.0,0.0,0.0,0.0,0.0,0.0,0.0,6.0,10.0,4.0,6.0,0.0,1.0,0.0,0.0,1.0,5.0,1.0,1.0,1.0,0.0,1.0,0.0,1.0,0.0,super built up,low,old,mittal surya vihar,gurgaon,1.4
137.96,3.0,3.0,2.0,0.0,sector 85,8.0,1.0,0.0,0.0,1.0,0.0,1.0,0.0,1.0,0.0,0.0,0.0,0.0,0.0,0.0,0.0,0.0,0.0,0.0,0.0,6.0,10.0,4.0,6.0,0.0,1.0,0.0,0.0,1.0,5.0,1.0,1.0,1.0,0.0,1.0,0.0,1.0,0.0,super built up,high,new,orris carnation residency,gurgaon,0.9
55.93,2.0,2.0,1.0,0.0,sector 33,13.0,1.0,0.0,0.0,0.0,1.0,1.0,1.0,1.0,0.0,0.0,1.0,1.0,0.0,0.0,1.0,1.0,0.0,0.0,0.0,6.0,10.0,4.0,6.0,0.0,1.0,0.0,0.0,1.0,5.0,1.0,1.0,1.0,0.0,1.0,0.0,1.0,0.0,super built up,low,new,trisara our homes 3,sohna,0.36
70.14,1.0,1.0,1.0,0.0,sector 56,45.0,1.0,0.0,0.0,0.0,1.0,1.0,1.0,1.0,0.0,0.0,1.0,0.0,1.0,0.0,1.0,1.0,0.0,0.0,1.0,6.0,10.0,4.0,6.0,0.0,1.0,0.0,0.0,1.0,5.0,1.0,1.0,1.0,0.0,1.0,0.0,1.0,0.0,carpet,mid,old,kendriya vihar,gurgaon,0.65
136.57,2.0,2.0,2.0,1.0,sector 79,9.0,1.0,0.0,0.0,1.0,0.0,1.0,0.0,1.0,0.0,0.0,0.0,1.0,0.0,1.0,0.0,0.0,0.0,1.0,0.0,6.0,10.0,4.0,6.0,0.0,1.0,0.0,0.0,1.0,5.0,1.0,1.0,1.0,0.0,1.0,0.0,1.0,0.0,super built up,mid,new,godrej aria,gurgaon,1.3
126.35,2.0,2.0,1.0,0.0,sector 86,4.0,1.0,0.0,0.0,1.0,0.0,0.0,0.0,1.0,0.0,0.0,0.0,1.0,0.0,0.0,0.0,0.0,0.0,0.0,0.0,6.0,10.0,4.0,6.0,0.0,1.0,0.0,0.0,1.0,5.0,1.0,1.0,1.0,0.0,1.0,0.0,1.0,0.0,super built up,high,new,ansal heights 86,gurgaon,0.67
38.46,1.0,1.0,1.0,0.0,sector 33,10.0,1.0,0.0,0.0,1.0,0.0,1.0,0.0,1.0,1.0,0.0,0.0,0.0,0.0,1.0,0.0,0.0,1.0,0.0,0.0,6.0,10.0,4.0,6.0,0.0,1.0,0.0,0.0,1.0,5.0,1.0,1.0,1.0,0.0,1.0,0.0,1.0,0.0,super built up,low,new,breez global heights,sohna,0.25
56.21,1.0,1.0,1.0,0.0,sector 56,45.0,1.0,0.0,0.0,0.0,1.0,1.0,1.0,1.0,0.0,0.0,1.0,0.0,1.0,0.0,1.0,1.0,0.0,0.0,1.0,6.0,10.0,4.0,6.0,0.0,1.0,0.0,0.0,1.0,5.0,1.0,1.0,1.0,0.0,1.0,0.0,1.0,0.0,carpet,low,old,kendriya vihar,gurgaon,0.58
54.16,1.0,1.0,1.0,0.0,sector 5,48.0,1.0,0.0,0.0,0.0,0.0,0.0,1.0,0.0,0.0,0.0,0.0,0.0,0.0,0.0,1.0,0.0,0.0,0.0,0.0,6.0,10.0,4.0,6.0,0.0,1.0,0.0,0.0,1.0,5.0,1.0,1.0,1.0,0.0,1.0,0.0,1.0,0.0,carpet,low,new,om apartment dayanand colony,gurgaon,0.26
69.68,3.0,2.0,2.0,0.0,sector 86,9.0,0.0,0.0,0.0,1.0,0.0,0.0,0.0,1.0,0.0,0.0,0.0,0.0,0.0,0.0,0.0,0.0,0.0,0.0,0.0,6.0,10.0,4.0,6.0,0.0,1.0,0.0,0.0,1.0,5.0,1.0,1.0,1.0,0.0,1.0,0.0,1.0,0.0,carpet,low,new,pyramid urban homes 2,gurgaon,0.6
55.83,2.0,2.0,1.0,0.0,sector 86,9.0,0.0,0.0,0.0,1.0,0.0,0.0,0.0,1.0,0.0,0.0,0.0,0.0,0.0,0.0,0.0,0.0,0.0,0.0,0.0,6.0,10.0,4.0,6.0,0.0,1.0,0.0,0.0,1.0,5.0,1.0,1.0,1.0,0.0,1.0,0.0,1.0,0.0,carpet,low,new,pyramid urban homes 2,gurgaon,0.5
152.36,3.0,2.0,3.0,1.0,sector 33,8.0,1.0,0.0,0.0,1.0,0.0,0.0,0.0,1.0,1.0,0.0,0.0,0.0,0.0,0.0,0.0,0.0,0.0,0.0,0.0,6.0,10.0,4.0,6.0,0.0,1.0,0.0,0.0,1.0,5.0,1.0,1.0,1.0,0.0,1.0,0.0,1.0,0.0,super built up,mid,new,godrej nature plus,sohna,1.35
149.57,3.0,3.0,2.0,0.0,sector 70,33.0,1.0,0.0,0.0,0.0,1.0,1.0,1.0,0.0,0.0,0.0,0.0,0.0,0.0,0.0,1.0,0.0,0.0,0.0,0.0,6.0,10.0,4.0,6.0,0.0,1.0,0.0,0.0,1.0,5.0,1.0,1.0,1.0,0.0,1.0,0.0,1.0,0.0,super built up,low,new,unitech south park,gurgaon,1.13
279.45,4.0,1.0,0.0,0.0,sector 109,15.0,1.0,0.0,0.0,0.0,0.0,0.0,0.0,1.0,0.0,0.0,0.0,1.0,0.0,0.0,0.0,0.0,0.0,0.0,0.0,6.0,10.0,4.0,6.0,0.0,1.0,0.0,0.0,1.0,5.0,1.0,1.0,1.0,0.0,1.0,0.0,1.0,0.0,built up,low,new,raheja atharva,gurgaon,1.6
116.22,2.0,2.0,2.0,0.0,sector 89,7.0,0.0,0.0,0.0,0.0,0.0,0.0,0.0,0.0,0.0,1.0,0.0,0.0,1.0,0.0,0.0,0.0,0.0,0.0,1.0,6.0,10.0,4.0,6.0,0.0,1.0,0.0,0.0,1.0,5.0,1.0,1.0,1.0,0.0,1.0,0.0,1.0,0.0,carpet,high,mid aged,greenopolis,gurgaon,0.65
51.47,2.0,2.0,2.0,0.0,sector 33,14.0,1.0,0.0,0.0,0.0,0.0,1.0,1.0,1.0,0.0,1.0,0.0,0.0,0.0,1.0,0.0,0.0,1.0,0.0,0.0,6.0,10.0,4.0,6.0,0.0,1.0,0.0,0.0,1.0,5.0,1.0,1.0,1.0,0.0,1.0,0.0,1.0,0.0,carpet,high,new,breez global hill view,sohna,0.32
134.71,2.0,2.0,0.0,0.0,sector 103,15.0,1.0,0.0,0.0,1.0,1.0,1.0,0.0,1.0,1.0,1.0,1.0,1.0,0.0,0.0,0.0,1.0,0.0,0.0,0.0,6.0,10.0,4.0,6.0,0.0,1.0,0.0,0.0,1.0,5.0,1.0,1.0,1.0,0.0,1.0,0.0,1.0,0.0,built up,high,under construction,satya the hermitage,gurgaon,0.8
349.69,4.0,5.0,3.0,1.0,sector 28,48.0,1.0,0.0,0.0,0.0,1.0,1.0,1.0,0.0,0.0,0.0,1.0,0.0,0.0,0.0,1.0,0.0,0.0,0.0,1.0,6.0,10.0,4.0,6.0,0.0,1.0,0.0,0.0,1.0,5.0,1.0,1.0,1.0,0.0,1.0,0.0,1.0,0.0,super built up,mid,old,sahara grace,gurgaon,5.5
146.6,2.0,2.0,0.0,1.0,sector 37,8.0,1.0,0.0,0.0,1.0,1.0,0.0,0.0,1.0,0.0,0.0,0.0,1.0,0.0,0.0,0.0,0.0,0.0,0.0,0.0,6.0,10.0,4.0,6.0,0.0,1.0,0.0,0.0,1.0,5.0,1.0,1.0,1.0,0.0,1.0,0.0,1.0,0.0,built up,high,under construction,imperia the esfera,gurgaon,0.95
117.99,2.0,2.0,1.0,0.0,sector 84,10.0,1.0,0.0,0.0,1.0,1.0,1.0,1.0,1.0,0.0,0.0,0.0,0.0,0.0,0.0,0.0,0.0,0.0,0.0,0.0,6.0,10.0,4.0,6.0,0.0,1.0,0.0,0.0,1.0,5.0,1.0,1.0,1.0,0.0,1.0,0.0,1.0,0.0,super built up,mid,new,alpha corp gurgaonone 84,gurgaon,1.2
106.84,2.0,2.0,1.0,1.0,sector 61,9.0,1.0,0.0,0.0,1.0,0.0,0.0,0.0,1.0,1.0,1.0,1.0,0.0,0.0,0.0,0.0,0.0,0.0,0.0,0.0,6.0,10.0,4.0,6.0,0.0,1.0,0.0,0.0,1.0,5.0,1.0,1.0,1.0,0.0,1.0,0.0,1.0,0.0,super built up,low,mid aged,smart world orchard,gurgaon,1.55
353.59,4.0,5.0,3.0,0.0,sector 43,48.0,1.0,0.0,0.0,0.0,0.0,0.0,1.0,0.0,0.0,0.0,1.0,0.0,0.0,0.0,0.0,1.0,0.0,0.0,1.0,6.0,10.0,4.0,6.0,0.0,1.0,0.0,0.0,1.0,5.0,1.0,1.0,1.0,0.0,1.0,0.0,1.0,0.0,built up,low,under construction,the ivy,gurgaon,6.0
69.03,2.0,2.0,2.0,0.0,sector 33,5.0,0.0,0.0,0.0,0.0,0.0,0.0,0.0,0.0,0.0,0.0,0.0,0.0,0.0,0.0,0.0,0.0,0.0,0.0,1.0,6.0,10.0,4.0,6.0,0.0,1.0,0.0,0.0,1.0,5.0,1.0,1.0,1.0,0.0,1.0,0.0,1.0,0.0,built up,low,under construction,hcbs sports ville,sohna,0.3
155.33,3.0,3.0,2.0,0.0,sector 76,11.0,1.0,0.0,0.0,0.0,0.0,1.0,0.0,1.0,1.0,0.0,1.0,0.0,0.0,0.0,0.0,0.0,0.0,0.0,0.0,6.0,10.0,4.0,6.0,0.0,1.0,0.0,0.0,1.0,5.0,1.0,1.0,1.0,0.0,1.0,0.0,1.0,0.0,built up,low,under construction,whiteland blissville,gurgaon,1.92
126.26,3.0,2.0,2.0,0.0,sector 106,20.0,1.0,0.0,0.0,0.0,0.0,0.0,1.0,0.0,0.0,0.0,0.0,0.0,0.0,0.0,1.0,0.0,0.0,0.0,0.0,6.0,10.0,4.0,6.0,0.0,1.0,0.0,0.0,1.0,5.0,1.0,1.0,1.0,0.0,1.0,0.0,1.0,0.0,built up,mid,under construction,mrg skyline,gurgaon,1.82
62.43,2.0,2.0,1.0,0.0,sector 89,6.0,1.0,0.0,0.0,1.0,0.0,0.0,0.0,1.0,1.0,0.0,0.0,0.0,0.0,0.0,0.0,0.0,0.0,0.0,0.0,6.0,10.0,4.0,6.0,0.0,1.0,0.0,0.0,1.0,5.0,1.0,1.0,1.0,0.0,1.0,0.0,1.0,0.0,built up,mid,new,adani aangan arcade,gurgaon,0.5
46.45,1.0,1.0,1.0,0.0,sector 89,3.0,0.0,0.0,0.0,0.0,0.0,0.0,0.0,0.0,0.0,1.0,0.0,0.0,1.0,0.0,0.0,0.0,0.0,0.0,0.0,6.0,10.0,4.0,6.0,0.0,1.0,0.0,0.0,1.0,5.0,1.0,1.0,1.0,0.0,1.0,0.0,1.0,0.0,super built up,mid,new,adani aangan galleria,gurgaon,0.25
189.52,4.0,3.0,3.0,1.0,sector 92,7.0,1.0,0.0,0.0,0.0,0.0,0.0,0.0,0.0,0.0,0.0,0.0,0.0,1.0,0.0,0.0,0.0,0.0,0.0,0.0,6.0,10.0,4.0,6.0,0.0,1.0,0.0,0.0,1.0,5.0,1.0,1.0,1.0,0.0,1.0,0.0,1.0,0.0,built up,high,under construction,sare green parc 2,gurgaon,1.07
125.42,2.0,3.0,2.0,0.0,sector 90,10.0,1.0,0.0,0.0,1.0,0.0,1.0,0.0,1.0,1.0,0.0,0.0,1.0,0.0,1.0,0.0,0.0,0.0,0.0,0.0,6.0,10.0,4.0,6.0,0.0,1.0,0.0,0.0,1.0,5.0,1.0,1.0,1.0,0.0,1.0,0.0,1.0,0.0,built up,low,under construction,shree vardhman flora,gurgaon,0.8
60.39,1.0,1.0,0.0,0.0,sector 82,10.0,0.0,0.0,0.0,0.0,0.0,0.0,0.0,0.0,0.0,0.0,0.0,0.0,1.0,0.0,0.0,0.0,0.0,0.0,1.0,6.0,10.0,4.0,6.0,0.0,1.0,0.0,0.0,1.0,5.0,1.0,1.0,1.0,0.0,1.0,0.0,1.0,0.0,built up,mid,under construction,spectrum centre,gurgaon,0.62
128.67,2.0,2.0,3.0,0.0,sector 33,8.0,1.0,0.0,0.0,1.0,0.0,0.0,0.0,1.0,1.0,0.0,0.0,0.0,0.0,0.0,0.0,0.0,0.0,0.0,0.0,6.0,10.0,4.0,6.0,0.0,1.0,0.0,0.0,1.0,5.0,1.0,1.0,1.0,0.0,1.0,0.0,1.0,0.0,built up,high,under construction,godrej nature plus,sohna,1.25
102.47,2.0,2.0,0.0,0.0,sector 89,14.0,1.0,0.0,0.0,1.0,0.0,1.0,0.0,1.0,0.0,1.0,1.0,1.0,0.0,1.0,0.0,0.0,0.0,0.0,0.0,6.0,10.0,4.0,6.0,0.0,1.0,0.0,0.0,1.0,5.0,1.0,1.0,1.0,0.0,1.0,0.0,1.0,0.0,built up,low,under construction,smart world gems,gurgaon,0.88
115.66,2.0,2.0,3.0,0.0,sector 82,8.0,1.0,0.0,0.0,1.0,0.0,0.0,0.0,1.0,1.0,0.0,0.0,1.0,0.0,1.0,0.0,0.0,0.0,0.0,0.0,6.0,10.0,4.0,6.0,0.0,1.0,0.0,0.0,1.0,5.0,1.0,1.0,1.0,0.0,1.0,0.0,1.0,0.0,carpet,high,under construction,vatika india next,gurgaon,0.8
128.21,2.0,2.0,2.0,0.0,sector 33,8.0,1.0,0.0,0.0,1.0,0.0,0.0,0.0,1.0,1.0,0.0,0.0,0.0,0.0,0.0,0.0,0.0,0.0,0.0,0.0,6.0,10.0,4.0,6.0,0.0,1.0,0.0,0.0,1.0,5.0,1.0,1.0,1.0,0.0,1.0,0.0,1.0,0.0,carpet,high,under construction,godrej nature plus,sohna,1.1
117.15,3.0,2.0,2.0,0.0,sector 92,49.0,1.0,0.0,0.0,0.0,1.0,1.0,1.0,1.0,0.0,0.0,1.0,0.0,0.0,0.0,0.0,1.0,0.0,0.0,1.0,6.0,10.0,4.0,6.0,0.0,1.0,0.0,0.0,1.0,5.0,1.0,1.0,1.0,0.0,1.0,0.0,1.0,0.0,built up,high,under construction,sare green parc,gurgaon,0.85
483.1,5.0,7.0,3.0,1.0,sector 52,47.0,1.0,0.0,0.0,0.0,1.0,0.0,1.0,0.0,0.0,0.0,1.0,0.0,1.0,0.0,1.0,1.0,0.0,0.0,1.0,6.0,10.0,4.0,6.0,0.0,1.0,0.0,0.0,1.0,5.0,1.0,1.0,1.0,0.0,1.0,0.0,1.0,0.0,carpet,low,old,residency grand,gurgaon,5.0
166.67,3.0,3.0,3.0,0.0,sector 88,7.0,1.0,0.0,0.0,0.0,1.0,0.0,0.0,1.0,0.0,0.0,0.0,1.0,0.0,0.0,0.0,0.0,0.0,0.0,0.0,6.0,10.0,4.0,6.0,0.0,1.0,0.0,0.0,1.0,5.0,1.0,1.0,1.0,0.0,1.0,0.0,1.0,0.0,carpet,high,new,godrej oasis,gurgaon,1.45
1683.59,4.0,5.0,3.0,1.0,sector 85,8.0,1.0,0.0,0.0,1.0,0.0,0.0,0.0,1.0,1.0,0.0,0.0,1.0,0.0,0.0,0.0,0.0,0.0,0.0,0.0,6.0,10.0,4.0,6.0,0.0,1.0,0.0,0.0,1.0,5.0,1.0,1.0,1.0,0.0,1.0,0.0,1.0,0.0,carpet,high,mid aged,godrej air,gurgaon,2.5
132.2,3.0,3.0,3.0,1.0,sector 89,14.0,1.0,0.0,0.0,1.0,0.0,1.0,0.0,1.0,0.0,1.0,1.0,1.0,0.0,1.0,0.0,0.0,0.0,0.0,0.0,6.0,10.0,4.0,6.0,0.0,1.0,0.0,0.0,1.0,5.0,1.0,1.0,1.0,0.0,1.0,0.0,1.0,0.0,super built up,low,mid aged,smart world gems,gurgaon,1.25
83.61,3.0,2.0,2.0,0.0,sector 6,50.0,1.0,0.0,0.0,0.0,0.0,0.0,1.0,1.0,0.0,0.0,0.0,0.0,1.0,0.0,1.0,0.0,0.0,0.0,0.0,6.0,10.0,4.0,6.0,0.0,1.0,0.0,0.0,1.0,5.0,1.0,1.0,1.0,0.0,1.0,0.0,1.0,0.0,carpet,low,old,ss residency,gurgaon,0.48
162.58,3.0,3.0,3.0,1.0,sector 67,12.0,0.0,0.0,0.0,1.0,0.0,1.0,0.0,1.0,1.0,0.0,1.0,0.0,0.0,1.0,0.0,0.0,0.0,0.0,0.0,6.0,10.0,4.0,6.0,0.0,1.0,0.0,0.0,1.0,5.0,1.0,1.0,1.0,0.0,1.0,0.0,1.0,0.0,super built up,high,new,ireo the corridors,gurgaon,2.0
53.88,2.0,2.0,1.0,0.0,sector 33,5.0,0.0,0.0,0.0,0.0,0.0,0.0,0.0,0.0,0.0,0.0,0.0,0.0,0.0,0.0,0.0,0.0,0.0,0.0,1.0,6.0,10.0,4.0,6.0,0.0,1.0,0.0,0.0,1.0,5.0,1.0,1.0,1.0,0.0,1.0,0.0,1.0,0.0,carpet,mid,new,hcbs sports ville,sohna,0.32
126.35,2.0,2.0,1.0,0.0,sector 86,4.0,1.0,0.0,0.0,1.0,0.0,0.0,0.0,1.0,0.0,0.0,0.0,1.0,0.0,0.0,0.0,0.0,0.0,0.0,0.0,6.0,10.0,4.0,6.0,0.0,1.0,0.0,0.0,1.0,5.0,1.0,1.0,1.0,0.0,1.0,0.0,1.0,0.0,super built up,high,new,ansal heights 86,gurgaon,0.82
52.86,2.0,2.0,1.0,0.0,sector 104,9.0,1.0,0.0,0.0,1.0,0.0,1.0,0.0,1.0,1.0,0.0,0.0,0.0,0.0,1.0,0.0,0.0,0.0,0.0,0.0,6.0,10.0,4.0,6.0,0.0,1.0,0.0,0.0,1.0,5.0,1.0,1.0,1.0,0.0,1.0,0.0,1.0,0.0,super built up,high,new,zara aavaas,gurgaon,0.4
83.61204013377927,2.0,2.0,2.0,0.0,sector 33,8.0,1.0,0.0,0.0,1.0,0.0,0.0,0.0,1.0,1.0,0.0,0.0,0.0,0.0,0.0,0.0,0.0,0.0,0.0,0.0,6.0,10.0,4.0,6.0,0.0,1.0,0.0,0.0,1.0,5.0,1.0,1.0,1.0,0.0,1.0,0.0,1.0,0.0,carpet,high,mid aged,godrej nature plus,sohna,1.15
68483.2,2.0,2.0,2.0,0.0,sector 33,5.0,0.0,0.0,0.0,0.0,0.0,0.0,0.0,0.0,0.0,0.0,0.0,0.0,0.0,0.0,0.0,0.0,0.0,0.0,1.0,6.0,10.0,4.0,6.0,0.0,1.0,0.0,0.0,1.0,5.0,1.0,1.0,1.0,0.0,1.0,0.0,1.0,0.0,built up,high,new,hcbs sports ville,sohna,0.35
125.42,3.0,2.0,3.0,1.0,sector 84,3.0,0.0,0.0,0.0,0.0,1.0,1.0,0.0,1.0,0.0,0.0,0.0,0.0,0.0,0.0,0.0,0.0,0.0,0.0,0.0,6.0,10.0,4.0,6.0,0.0,1.0,0.0,0.0,1.0,5.0,1.0,1.0,1.0,0.0,1.0,0.0,1.0,0.0,super built up,high,new,antriksh heights,gurgaon,0.94
144.56,3.0,2.0,2.0,0.0,sector 92,49.0,1.0,0.0,0.0,0.0,1.0,1.0,1.0,1.0,0.0,0.0,1.0,0.0,0.0,0.0,0.0,1.0,0.0,0.0,1.0,6.0,10.0,4.0,6.0,0.0,1.0,0.0,0.0,1.0,5.0,1.0,1.0,1.0,0.0,1.0,0.0,1.0,0.0,built up,high,under construction,sare green parc,gurgaon,0.75
152.36,2.0,2.0,2.0,0.0,sector 85,13.0,1.0,0.0,0.0,1.0,0.0,1.0,0.0,1.0,1.0,0.0,0.0,1.0,0.0,1.0,0.0,0.0,0.0,1.0,0.0,6.0,10.0,4.0,6.0,0.0,1.0,0.0,0.0,1.0,5.0,1.0,1.0,1.0,0.0,1.0,0.0,1.0,0.0,super built up,high,new,ss the leaf,gurgaon,1.3
185.81,3.0,3.0,3.0,1.0,sector 84,12.0,1.0,0.0,0.0,1.0,0.0,0.0,0.0,1.0,1.0,0.0,0.0,1.0,0.0,1.0,0.0,0.0,0.0,0.0,0.0,6.0,10.0,4.0,6.0,0.0,1.0,0.0,0.0,1.0,5.0,1.0,1.0,1.0,0.0,1.0,0.0,1.0,0.0,super built up,low,new,ss almeria,gurgaon,1.5
190.45,3.0,3.0,3.0,1.0,sector 92,8.0,1.0,0.0,0.0,0.0,0.0,0.0,0.0,0.0,0.0,0.0,0.0,0.0,1.0,0.0,0.0,0.0,0.0,0.0,0.0,6.0,10.0,4.0,6.0,0.0,1.0,0.0,0.0,1.0,5.0,1.0,1.0,1.0,0.0,1.0,0.0,1.0,0.0,carpet,high,mid aged,sare petioles,gurgaon,1.25
76.37,2.0,1.0,2.0,0.0,sector 33,8.0,1.0,0.0,0.0,0.0,0.0,0.0,0.0,1.0,1.0,1.0,1.0,0.0,0.0,0.0,0.0,0.0,0.0,0.0,0.0,6.0,10.0,4.0,6.0,0.0,1.0,0.0,0.0,1.0,5.0,1.0,1.0,1.0,0.0,1.0,0.0,1.0,0.0,carpet,low,new,signature global park,sohna,0.65
111.48,2.0,2.0,3.0,1.0,sector 10,49.0,1.0,0.0,0.0,0.0,0.0,0.0,0.0,0.0,0.0,0.0,0.0,0.0,0.0,0.0,0.0,1.0,0.0,0.0,0.0,6.0,10.0,4.0,6.0,0.0,1.0,0.0,0.0,1.0,5.0,1.0,1.0,1.0,0.0,1.0,0.0,1.0,0.0,super built up,high,new,maxworth city residences,gurgaon,0.9
125.42,2.0,2.0,3.0,0.0,sector 88,7.0,1.0,0.0,0.0,0.0,0.0,0.0,0.0,1.0,0.0,0.0,0.0,1.0,0.0,0.0,0.0,0.0,0.0,0.0,0.0,6.0,10.0,4.0,6.0,0.0,1.0,0.0,0.0,1.0,5.0,1.0,1.0,1.0,0.0,1.0,0.0,1.0,0.0,built up,low,new,vatika xpressions,gurgaon,0.92
152.55,3.0,3.0,3.0,1.0,sector 63,6.0,0.0,0.0,0.0,0.0,0.0,0.0,0.0,0.0,1.0,0.0,1.0,0.0,0.0,0.0,0.0,1.0,0.0,0.0,0.0,6.0,10.0,4.0,6.0,0.0,1.0,0.0,0.0,1.0,5.0,1.0,1.0,1.0,0.0,1.0,0.0,1.0,0.0,built up,high,new,dhoot time residency,gurgaon,3.0
76.55,2.0,2.0,2.0,0.0,sector 33,8.0,1.0,0.0,0.0,0.0,0.0,0.0,0.0,1.0,1.0,1.0,1.0,0.0,0.0,0.0,0.0,0.0,0.0,0.0,0.0,6.0,10.0,4.0,6.0,0.0,1.0,0.0,0.0,1.0,5.0,1.0,1.0,1.0,0.0,1.0,0.0,1.0,0.0,carpet,low,new,signature global park,sohna,0.68
97.55,2.0,2.0,0.0,0.0,sector 51,46.0,1.0,0.0,0.0,0.0,0.0,1.0,1.0,0.0,0.0,0.0,0.0,0.0,0.0,0.0,1.0,0.0,0.0,0.0,0.0,6.0,10.0,4.0,6.0,0.0,1.0,0.0,0.0,1.0,5.0,1.0,1.0,1.0,0.0,1.0,0.0,1.0,0.0,carpet,mid,new,samaspurkunj,gurgaon,0.55
132.2,3.0,3.0,3.0,1.0,sector 89,9.0,1.0,0.0,0.0,0.0,0.0,0.0,0.0,1.0,1.0,0.0,0.0,1.0,0.0,0.0,0.0,0.0,0.0,0.0,0.0,6.0,10.0,4.0,6.0,0.0,1.0,0.0,0.0,1.0,5.0,1.0,1.0,1.0,0.0,1.0,0.0,1.0,0.0,built up,mid,mid aged,m3m soulitude,gurgaon,1.33
126.91,2.0,2.0,3.0,0.0,sector 107,6.0,0.0,0.0,0.0,0.0,0.0,0.0,0.0,1.0,1.0,0.0,0.0,0.0,0.0,0.0,0.0,0.0,0.0,0.0,0.0,6.0,10.0,4.0,6.0,0.0,1.0,0.0,0.0,1.0,5.0,1.0,1.0,1.0,0.0,1.0,0.0,1.0,0.0,super built up,high,new,m3m woodshire,gurgaon,0.8
144.0,3.0,2.0,3.0,1.0,sector 89,11.0,1.0,0.0,0.0,1.0,0.0,1.0,0.0,1.0,1.0,0.0,0.0,1.0,0.0,1.0,0.0,0.0,0.0,0.0,0.0,6.0,10.0,4.0,6.0,0.0,1.0,0.0,0.0,1.0,5.0,1.0,1.0,1.0,0.0,1.0,0.0,1.0,0.0,super built up,mid,old,tulip petals,gurgaon,1.55
154.4,3.0,3.0,3.0,0.0,sector 50,43.0,1.0,0.0,0.0,0.0,1.0,1.0,1.0,1.0,0.0,0.0,0.0,0.0,0.0,0.0,1.0,0.0,1.0,0.0,1.0,6.0,10.0,4.0,6.0,0.0,1.0,0.0,0.0,1.0,5.0,1.0,1.0,1.0,0.0,1.0,0.0,1.0,0.0,built up,high,under construction,unitech fresco,gurgaon,1.85
92.72,2.0,2.0,2.0,0.0,sector 92,8.0,1.0,0.0,0.0,0.0,0.0,0.0,0.0,0.0,0.0,0.0,0.0,0.0,1.0,0.0,0.0,0.0,0.0,0.0,0.0,6.0,10.0,4.0,6.0,0.0,1.0,0.0,0.0,1.0,5.0,1.0,1.0,1.0,0.0,1.0,0.0,1.0,0.0,carpet,low,new,sare crescent parc,gurgaon,0.49
144.93,3.0,2.0,3.0,1.0,sector 17,48.0,1.0,0.0,0.0,0.0,0.0,1.0,1.0,0.0,0.0,0.0,1.0,0.0,0.0,0.0,0.0,1.0,0.0,0.0,1.0,6.0,10.0,4.0,6.0,0.0,1.0,0.0,0.0,1.0,5.0,1.0,1.0,1.0,0.0,1.0,0.0,1.0,0.0,super built up,low,old,essel tower,gurgaon,1.85
240.15,3.0,4.0,3.0,1.0,sector 109,11.0,1.0,0.0,0.0,1.0,0.0,0.0,0.0,1.0,1.0,0.0,1.0,1.0,0.0,0.0,0.0,0.0,0.0,1.0,0.0,6.0,10.0,4.0,6.0,0.0,1.0,0.0,0.0,1.0,5.0,1.0,1.0,1.0,0.0,1.0,0.0,1.0,0.0,super built up,high,new,ats tourmaline,gurgaon,2.3
125.42,2.0,2.0,2.0,1.0,sector 67,12.0,0.0,0.0,0.0,1.0,0.0,1.0,0.0,1.0,1.0,0.0,1.0,0.0,0.0,1.0,0.0,0.0,0.0,0.0,0.0,6.0,10.0,4.0,6.0,0.0,1.0,0.0,0.0,1.0,5.0,1.0,1.0,1.0,0.0,1.0,0.0,1.0,0.0,carpet,high,new,ireo the corridors,gurgaon,1.5
128.67,2.0,2.0,3.0,0.0,sector 33,8.0,1.0,0.0,0.0,1.0,0.0,0.0,0.0,1.0,1.0,0.0,0.0,0.0,0.0,0.0,0.0,0.0,0.0,0.0,0.0,6.0,10.0,4.0,6.0,0.0,1.0,0.0,0.0,1.0,5.0,1.0,1.0,1.0,0.0,1.0,0.0,1.0,0.0,carpet,high,under construction,godrej nature plus,sohna,1.25
124.49,2.0,2.0,2.0,0.0,sector 77,10.0,1.0,0.0,0.0,1.0,0.0,1.0,0.0,1.0,1.0,0.0,0.0,1.0,0.0,0.0,0.0,0.0,0.0,0.0,0.0,6.0,10.0,4.0,6.0,0.0,1.0,0.0,0.0,1.0,5.0,1.0,1.0,1.0,0.0,1.0,0.0,1.0,0.0,carpet,low,new,umang winter hills,gurgaon,1.0
182.09,3.0,3.0,3.0,0.0,sector 89,8.0,1.0,0.0,0.0,1.0,0.0,0.0,0.0,1.0,1.0,1.0,0.0,1.0,0.0,0.0,0.0,0.0,0.0,0.0,0.0,6.0,10.0,4.0,6.0,0.0,1.0,0.0,0.0,1.0,5.0,1.0,1.0,1.0,0.0,1.0,0.0,1.0,0.0,super built up,mid,new,vatika seven elements,gurgaon,1.6
236.16,4.0,3.0,3.0,1.0,sector 95,5.0,1.0,0.0,0.0,0.0,0.0,0.0,0.0,0.0,0.0,0.0,0.0,0.0,1.0,0.0,0.0,0.0,0.0,0.0,0.0,6.0,10.0,4.0,6.0,0.0,1.0,0.0,0.0,1.0,5.0,1.0,1.0,1.0,0.0,1.0,0.0,1.0,0.0,carpet,high,new,siddhartha apartment,gurgaon,1.1
151.43,3.0,4.0,2.0,0.0,sector 92,10.0,1.0,0.0,0.0,1.0,0.0,0.0,0.0,1.0,1.0,0.0,0.0,1.0,0.0,1.0,0.0,0.0,0.0,0.0,0.0,6.0,10.0,4.0,6.0,0.0,1.0,0.0,0.0,1.0,5.0,1.0,1.0,1.0,0.0,1.0,0.0,1.0,0.0,super built up,low,mid aged,dlf garden city floors,gurgaon,1.7
246.19,4.0,6.0,3.0,1.0,sector 76,4.0,0.0,0.0,0.0,1.0,0.0,0.0,0.0,1.0,0.0,0.0,0.0,1.0,0.0,0.0,0.0,0.0,0.0,0.0,0.0,6.0,10.0,4.0,6.0,0.0,1.0,0.0,0.0,1.0,5.0,1.0,1.0,1.0,0.0,1.0,0.0,1.0,0.0,super built up,high,new,corona gracieux,gurgaon,1.46
100.43,2.0,2.0,2.0,0.0,sector 63,13.0,1.0,0.0,0.0,0.0,0.0,1.0,0.0,1.0,1.0,0.0,1.0,0.0,0.0,1.0,0.0,1.0,1.0,0.0,0.0,6.0,10.0,4.0,6.0,0.0,1.0,0.0,0.0,1.0,5.0,1.0,1.0,1.0,0.0,1.0,0.0,1.0,0.0,super built up,low,mid aged,signature global city 63a,gurgaon,1.65
83.61204013377927,3.0,3.0,3.0,0.0,sector 88,7.0,1.0,0.0,0.0,0.0,1.0,0.0,0.0,1.0,0.0,0.0,0.0,1.0,0.0,0.0,0.0,0.0,0.0,0.0,0.0,6.0,10.0,4.0,6.0,0.0,1.0,0.0,0.0,1.0,5.0,1.0,1.0,1.0,0.0,1.0,0.0,1.0,0.0,carpet,high,new,godrej oasis,gurgaon,2.65
33.62,1.0,2.0,2.0,0.0,sector 103,11.0,0.0,0.0,0.0,0.0,0.0,0.0,0.0,1.0,0.0,0.0,0.0,1.0,0.0,0.0,0.0,0.0,0.0,0.0,0.0,6.0,10.0,4.0,6.0,0.0,1.0,0.0,0.0,1.0,5.0,1.0,1.0,1.0,0.0,1.0,0.0,1.0,0.0,carpet,mid,new,signature global grand iva,gurgaon,0.3
70.89,3.0,2.0,2.0,0.0,sector 104,9.0,1.0,0.0,0.0,1.0,0.0,1.0,0.0,1.0,1.0,0.0,0.0,0.0,0.0,1.0,0.0,0.0,0.0,0.0,0.0,6.0,10.0,4.0,6.0,0.0,1.0,0.0,0.0,1.0,5.0,1.0,1.0,1.0,0.0,1.0,0.0,1.0,0.0,carpet,mid,new,zara aavaas,gurgaon,0.65
151.43,3.0,3.0,2.0,1.0,sector 61,9.0,1.0,0.0,0.0,1.0,0.0,0.0,0.0,1.0,1.0,1.0,1.0,0.0,0.0,0.0,0.0,0.0,0.0,0.0,0.0,6.0,10.0,4.0,6.0,0.0,1.0,0.0,0.0,1.0,5.0,1.0,1.0,1.0,0.0,1.0,0.0,1.0,0.0,carpet,low,under construction,smart world orchard,gurgaon,2.57
93.83,2.0,2.0,3.0,1.0,sector 92,10.0,1.0,0.0,0.0,1.0,0.0,0.0,0.0,1.0,1.0,0.0,0.0,1.0,0.0,1.0,0.0,0.0,0.0,0.0,0.0,6.0,10.0,4.0,6.0,0.0,1.0,0.0,0.0,1.0,5.0,1.0,1.0,1.0,0.0,1.0,0.0,1.0,0.0,super built up,low,new,signature global city 92,gurgaon,0.78
71.26,2.0,2.0,1.0,1.0,sector 95,3.0,1.0,0.0,0.0,0.0,0.0,0.0,0.0,0.0,0.0,0.0,0.0,0.0,0.0,0.0,0.0,0.0,0.0,0.0,0.0,6.0,10.0,4.0,6.0,0.0,1.0,0.0,0.0,1.0,5.0,1.0,1.0,1.0,0.0,1.0,0.0,1.0,0.0,super built up,high,new,ramsons kshitij,gurgaon,0.33
138.61,2.0,2.0,2.0,0.0,sector 33,7.0,1.0,0.0,0.0,0.0,0.0,0.0,0.0,1.0,0.0,0.0,0.0,1.0,0.0,0.0,0.0,0.0,0.0,0.0,0.0,6.0,10.0,4.0,6.0,0.0,1.0,0.0,0.0,1.0,5.0,1.0,1.0,1.0,0.0,1.0,0.0,1.0,0.0,built up,high,under construction,eldeco accolade,sohna,1.2
83.61,3.0,2.0,1.0,0.0,sector 3,48.0,1.0,0.0,0.0,0.0,0.0,0.0,0.0,0.0,0.0,0.0,0.0,0.0,0.0,0.0,1.0,0.0,0.0,0.0,0.0,6.0,10.0,4.0,6.0,0.0,1.0,0.0,0.0,1.0,5.0,1.0,1.0,1.0,0.0,1.0,0.0,1.0,0.0,carpet,low,new,om appartments,gurgaon,0.4
71.54,2.0,2.0,1.0,0.0,sector 15,50.0,1.0,0.0,0.0,0.0,1.0,0.0,1.0,1.0,0.0,0.0,0.0,0.0,1.0,0.0,1.0,0.0,0.0,0.0,1.0,6.0,10.0,4.0,6.0,0.0,1.0,0.0,0.0,1.0,5.0,1.0,1.0,1.0,0.0,1.0,0.0,1.0,0.0,carpet,low,new,the pearl apartmen,gurgaon,0.43
390.19,4.0,6.0,3.0,1.0,sector 81,9.0,0.0,0.0,0.0,1.0,0.0,0.0,0.0,1.0,0.0,0.0,0.0,1.0,0.0,0.0,0.0,0.0,0.0,0.0,0.0,6.0,10.0,4.0,6.0,0.0,1.0,0.0,0.0,1.0,5.0,1.0,1.0,1.0,0.0,1.0,0.0,1.0,0.0,super built up,high,new,bestech park view grand spa,gurgaon,4.5
60.39,2.0,2.0,2.0,0.0,sector 107,10.0,0.0,0.0,0.0,1.0,0.0,0.0,0.0,1.0,0.0,0.0,0.0,1.0,0.0,0.0,0.0,0.0,0.0,0.0,0.0,6.0,10.0,4.0,6.0,0.0,1.0,0.0,0.0,1.0,5.0,1.0,1.0,1.0,0.0,1.0,0.0,1.0,0.0,super built up,low,new,signature global solera,gurgaon,0.38
92.9,2.0,2.0,2.0,0.0,sector 36,7.0,1.0,0.0,0.0,0.0,0.0,0.0,0.0,0.0,0.0,0.0,0.0,0.0,1.0,0.0,0.0,0.0,0.0,0.0,0.0,6.0,10.0,4.0,6.0,0.0,1.0,0.0,0.0,1.0,5.0,1.0,1.0,1.0,0.0,1.0,0.0,1.0,0.0,super built up,mid,new,avl 36 gurgaon,gurgaon,0.75
234.12,3.0,3.0,3.0,0.0,sector 113,12.0,1.0,0.0,0.0,1.0,0.0,1.0,0.0,1.0,1.0,0.0,1.0,1.0,0.0,0.0,0.0,0.0,0.0,0.0,0.0,6.0,10.0,4.0,6.0,0.0,1.0,0.0,0.0,1.0,5.0,1.0,1.0,1.0,0.0,1.0,0.0,1.0,0.0,super built up,high,new,tata gurgaon gateway,gurgaon,3.21
51.48,2.0,2.0,2.0,0.0,sector 33,14.0,1.0,0.0,0.0,0.0,0.0,1.0,1.0,1.0,0.0,1.0,0.0,0.0,0.0,1.0,0.0,0.0,1.0,0.0,0.0,6.0,10.0,4.0,6.0,0.0,1.0,0.0,0.0,1.0,5.0,1.0,1.0,1.0,0.0,1.0,0.0,1.0,0.0,carpet,high,new,breez global hill view,sohna,0.35
115.11,2.0,2.0,1.0,0.0,sector 78,7.0,1.0,0.0,0.0,0.0,0.0,0.0,1.0,0.0,0.0,0.0,1.0,0.0,0.0,0.0,0.0,0.0,0.0,0.0,0.0,6.0,10.0,4.0,6.0,0.0,1.0,0.0,0.0,1.0,5.0,1.0,1.0,1.0,0.0,1.0,0.0,1.0,0.0,built up,mid,under construction,umang monsoon breeze,gurgaon,0.75
181.72,4.0,3.0,3.0,0.0,sector 92,11.0,0.0,0.0,0.0,0.0,0.0,0.0,0.0,1.0,1.0,0.0,1.0,1.0,0.0,0.0,0.0,0.0,0.0,0.0,0.0,6.0,10.0,4.0,6.0,0.0,1.0,0.0,0.0,1.0,5.0,1.0,1.0,1.0,0.0,1.0,0.0,1.0,0.0,super built up,mid,old,sare green parc phase 3,gurgaon,0.95
165.37,3.0,3.0,0.0,0.0,sector 81,15.0,1.0,0.0,0.0,0.0,0.0,0.0,0.0,0.0,0.0,0.0,0.0,0.0,1.0,0.0,0.0,0.0,0.0,0.0,1.0,6.0,10.0,4.0,6.0,0.0,1.0,0.0,0.0,1.0,5.0,1.0,1.0,1.0,0.0,1.0,0.0,1.0,0.0,built up,mid,under construction,lavanya apartments,gurgaon,0.9
55.46,2.0,2.0,0.0,0.0,sector 93,8.0,0.0,0.0,0.0,1.0,0.0,0.0,0.0,1.0,1.0,0.0,0.0,0.0,0.0,0.0,0.0,0.0,0.0,0.0,0.0,6.0,10.0,4.0,6.0,0.0,1.0,0.0,0.0,1.0,5.0,1.0,1.0,1.0,0.0,1.0,0.0,1.0,0.0,built up,high,under construction,signature global orchard avenue,gurgaon,0.85
151.25,3.0,3.0,2.0,0.0,sector 76,11.0,1.0,0.0,0.0,0.0,0.0,1.0,0.0,1.0,1.0,0.0,1.0,0.0,0.0,0.0,0.0,0.0,0.0,0.0,0.0,6.0,10.0,4.0,6.0,0.0,1.0,0.0,0.0,1.0,5.0,1.0,1.0,1.0,0.0,1.0,0.0,1.0,0.0,built up,low,under construction,whiteland blissville,gurgaon,1.92
132.2,3.0,3.0,2.0,0.0,sector 89,14.0,1.0,0.0,0.0,1.0,0.0,1.0,0.0,1.0,0.0,1.0,1.0,1.0,0.0,1.0,0.0,0.0,0.0,0.0,0.0,6.0,10.0,4.0,6.0,0.0,1.0,0.0,0.0,1.0,5.0,1.0,1.0,1.0,0.0,1.0,0.0,1.0,0.0,built up,low,under construction,smart world gems,gurgaon,1.2
125.42,3.0,3.0,1.0,1.0,sector 37,12.0,1.0,0.0,0.0,0.0,0.0,1.0,0.0,1.0,0.0,0.0,0.0,1.0,0.0,0.0,1.0,0.0,0.0,0.0,0.0,6.0,10.0,4.0,6.0,0.0,1.0,0.0,0.0,1.0,5.0,1.0,1.0,1.0,0.0,1.0,0.0,1.0,0.0,carpet,low,mid aged,signature global city 37d ph 2,gurgaon,1.1
278.43,4.0,4.0,3.0,1.0,sector 54,3.0,0.0,0.0,0.0,0.0,0.0,0.0,0.0,0.0,0.0,0.0,0.0,0.0,0.0,0.0,0.0,0.0,0.0,0.0,1.0,6.0,10.0,4.0,6.0,0.0,1.0,0.0,0.0,1.0,5.0,1.0,1.0,1.0,0.0,1.0,0.0,1.0,0.0,super built up,high,old,dlf royalton tower,gurgaon,6.5
116.13,2.0,2.0,2.0,0.0,sector 61,9.0,1.0,0.0,0.0,1.0,0.0,0.0,0.0,1.0,1.0,1.0,1.0,0.0,0.0,0.0,0.0,0.0,0.0,0.0,0.0,6.0,10.0,4.0,6.0,0.0,1.0,0.0,0.0,1.0,5.0,1.0,1.0,1.0,0.0,1.0,0.0,1.0,0.0,carpet,low,new,smart world orchard,gurgaon,1.85
104.98,2.0,2.0,2.0,0.0,sector 2,11.0,0.0,0.0,0.0,1.0,1.0,0.0,0.0,1.0,0.0,0.0,1.0,0.0,0.0,0.0,0.0,0.0,0.0,0.0,0.0,6.0,10.0,4.0,6.0,0.0,1.0,0.0,0.0,1.0,5.0,1.0,1.0,1.0,0.0,1.0,0.0,1.0,0.0,built up,mid,under construction,suncity vatsal valley,gurgaon,1.38
301.93,4.0,4.0,0.0,0.0,sector 28,45.0,1.0,0.0,0.0,0.0,0.0,1.0,1.0,0.0,0.0,0.0,1.0,0.0,0.0,0.0,1.0,1.0,0.0,0.0,1.0,6.0,10.0,4.0,6.0,0.0,1.0,0.0,0.0,1.0,5.0,1.0,1.0,1.0,0.0,1.0,0.0,1.0,0.0,built up,high,under construction,unitech heritage city,gurgaon,4.26
137.4,2.0,2.0,2.0,0.0,sector 36,14.0,1.0,0.0,0.0,1.0,0.0,1.0,0.0,1.0,1.0,0.0,1.0,1.0,0.0,1.0,0.0,1.0,0.0,0.0,0.0,6.0,10.0,4.0,6.0,0.0,1.0,0.0,0.0,1.0,5.0,1.0,1.0,1.0,0.0,1.0,0.0,1.0,0.0,built up,high,under construction,krisumi waterfall residences,gurgaon,2.3
222.97,3.0,3.0,3.0,0.0,sector 63,12.0,1.0,0.0,0.0,0.0,0.0,0.0,0.0,1.0,1.0,1.0,1.0,1.0,0.0,1.0,0.0,1.0,0.0,0.0,0.0,6.0,10.0,4.0,6.0,0.0,1.0,0.0,0.0,1.0,5.0,1.0,1.0,1.0,0.0,1.0,0.0,1.0,0.0,carpet,low,mid aged,birla navya,gurgaon,3.7
27.99,1.0,2.0,2.0,0.0,sector 104,9.0,1.0,0.0,0.0,1.0,0.0,1.0,0.0,1.0,1.0,0.0,0.0,0.0,0.0,1.0,0.0,0.0,0.0,0.0,0.0,6.0,10.0,4.0,6.0,0.0,1.0,0.0,0.0,1.0,5.0,1.0,1.0,1.0,0.0,1.0,0.0,1.0,0.0,carpet,low,new,zara aavaas,gurgaon,0.22
60.39,2.0,2.0,3.0,0.0,sector 37,15.0,1.0,0.0,0.0,0.0,0.0,0.0,0.0,1.0,0.0,1.0,0.0,1.0,0.0,0.0,0.0,1.0,0.0,0.0,0.0,6.0,10.0,4.0,6.0,0.0,1.0,0.0,0.0,1.0,5.0,1.0,1.0,1.0,0.0,1.0,0.0,1.0,0.0,super built up,mid,new,signature global the millennia,gurgaon,0.6
216.0,3.0,4.0,3.0,1.0,sector 111,25.0,1.0,0.0,0.0,0.0,1.0,0.0,0.0,1.0,0.0,0.0,1.0,0.0,0.0,0.0,1.0,0.0,0.0,0.0,0.0,6.0,10.0,4.0,6.0,0.0,1.0,0.0,0.0,1.0,5.0,1.0,1.0,1.0,0.0,1.0,0.0,1.0,0.0,super built up,high,under construction,kashish manor one,gurgaon,1.65
27.96,1.0,2.0,2.0,0.0,sector 104,9.0,1.0,0.0,0.0,1.0,0.0,1.0,0.0,1.0,1.0,0.0,0.0,0.0,0.0,1.0,0.0,0.0,0.0,0.0,0.0,6.0,10.0,4.0,6.0,0.0,1.0,0.0,0.0,1.0,5.0,1.0,1.0,1.0,0.0,1.0,0.0,1.0,0.0,carpet,low,new,zara aavaas,gurgaon,0.2
148.64,3.0,4.0,3.0,1.0,sector 92,8.0,1.0,0.0,0.0,0.0,0.0,0.0,0.0,0.0,0.0,0.0,0.0,0.0,1.0,0.0,0.0,0.0,0.0,0.0,0.0,6.0,10.0,4.0,6.0,0.0,1.0,0.0,0.0,1.0,5.0,1.0,1.0,1.0,0.0,1.0,0.0,1.0,0.0,carpet,low,old,apartment,gurgaon,0.75
288.0,4.0,5.0,3.0,1.0,sector 48,43.0,1.0,0.0,0.0,0.0,0.0,1.0,1.0,0.0,0.0,0.0,0.0,0.0,0.0,0.0,1.0,0.0,0.0,0.0,0.0,6.0,10.0,4.0,6.0,0.0,1.0,0.0,0.0,1.0,5.0,1.0,1.0,1.0,0.0,1.0,0.0,1.0,0.0,carpet,mid,new,vipul world floors,gurgaon,4.3
181.16,3.0,3.0,3.0,1.0,sector 70,15.0,1.0,0.0,0.0,1.0,0.0,1.0,1.0,0.0,0.0,0.0,0.0,0.0,1.0,0.0,0.0,0.0,0.0,0.0,0.0,6.0,10.0,4.0,6.0,0.0,1.0,0.0,0.0,1.0,5.0,1.0,1.0,1.0,0.0,1.0,0.0,1.0,0.0,super built up,high,new,shree vardhman victoria,gurgaon,1.9
163.51,3.0,4.0,3.0,1.0,sector 28,48.0,1.0,0.0,0.0,0.0,1.0,1.0,1.0,0.0,0.0,0.0,1.0,0.0,0.0,0.0,1.0,0.0,0.0,0.0,1.0,6.0,10.0,4.0,6.0,0.0,1.0,0.0,0.0,1.0,5.0,1.0,1.0,1.0,0.0,1.0,0.0,1.0,0.0,carpet,low,old,essel tower,gurgaon,2.2
222.97,3.0,3.0,3.0,0.0,sector 39,46.0,1.0,0.0,0.0,0.0,0.0,0.0,1.0,0.0,0.0,0.0,0.0,0.0,0.0,0.0,0.0,1.0,0.0,0.0,0.0,6.0,10.0,4.0,6.0,0.0,1.0,0.0,0.0,1.0,5.0,1.0,1.0,1.0,0.0,1.0,0.0,1.0,0.0,built up,low,under construction,milan cghs 9,gurgaon,2.0
78.97,1.0,1.0,1.0,0.0,sector 49,43.0,1.0,0.0,0.0,0.0,0.0,1.0,1.0,0.0,0.0,0.0,0.0,0.0,0.0,0.0,0.0,0.0,0.0,0.0,0.0,6.0,10.0,4.0,6.0,0.0,1.0,0.0,0.0,1.0,5.0,1.0,1.0,1.0,0.0,1.0,0.0,1.0,0.0,built up,high,under construction,element one service,gurgaon,1.0
150.22,3.0,2.0,3.0,1.0,sector 88,14.0,0.0,0.0,0.0,0.0,0.0,0.0,0.0,1.0,0.0,0.0,0.0,0.0,0.0,0.0,0.0,0.0,0.0,0.0,0.0,6.0,10.0,4.0,6.0,0.0,1.0,0.0,0.0,1.0,5.0,1.0,1.0,1.0,0.0,1.0,0.0,1.0,0.0,super built up,high,new,godrej icon,gurgaon,1.62
204.39,3.0,3.0,0.0,0.0,sector 1,25.0,1.0,0.0,0.0,0.0,1.0,0.0,0.0,1.0,0.0,0.0,1.0,0.0,0.0,0.0,1.0,0.0,0.0,0.0,0.0,6.0,10.0,4.0,6.0,0.0,1.0,0.0,0.0,1.0,5.0,1.0,1.0,1.0,0.0,1.0,0.0,1.0,0.0,built up,mid,under construction,dnha cghs,gurgaon,0.85
57.88,2.0,2.0,2.0,0.0,sector 33,47.0,1.0,0.0,0.0,0.0,0.0,0.0,1.0,0.0,0.0,0.0,0.0,0.0,0.0,0.0,0.0,1.0,0.0,0.0,0.0,6.0,10.0,4.0,6.0,0.0,1.0,0.0,0.0,1.0,5.0,1.0,1.0,1.0,0.0,1.0,0.0,1.0,0.0,built up,mid,under construction,breeze global heights,gurgaon,0.4
190.82,3.0,3.0,3.0,1.0,sector 65,9.0,1.0,0.0,0.0,0.0,0.0,1.0,0.0,1.0,1.0,0.0,1.0,0.0,0.0,1.0,0.0,0.0,0.0,0.0,0.0,6.0,10.0,4.0,6.0,0.0,1.0,0.0,0.0,1.0,5.0,1.0,1.0,1.0,0.0,1.0,0.0,1.0,0.0,carpet,high,new,m3m skycity,gurgaon,3.5
142.61,3.0,3.0,3.0,1.0,sector 37,12.0,1.0,0.0,0.0,0.0,0.0,1.0,0.0,1.0,0.0,0.0,0.0,1.0,0.0,0.0,1.0,0.0,0.0,0.0,0.0,6.0,10.0,4.0,6.0,0.0,1.0,0.0,0.0,1.0,5.0,1.0,1.0,1.0,0.0,1.0,0.0,1.0,0.0,built up,low,new,signature global city 37d ph 2,gurgaon,1.36
139.35,3.0,3.0,3.0,0.0,sector 65,46.0,1.0,0.0,0.0,0.0,1.0,1.0,1.0,0.0,0.0,0.0,0.0,0.0,0.0,0.0,1.0,0.0,1.0,0.0,0.0,6.0,10.0,4.0,6.0,0.0,1.0,0.0,0.0,1.0,5.0,1.0,1.0,1.0,0.0,1.0,0.0,1.0,0.0,super built up,high,under construction,pareena micasa,gurgaon,1.3
151.43,3.0,3.0,3.0,0.0,sector 61,9.0,1.0,0.0,0.0,1.0,0.0,0.0,0.0,1.0,1.0,1.0,1.0,0.0,0.0,0.0,0.0,0.0,0.0,0.0,0.0,6.0,10.0,4.0,6.0,0.0,1.0,0.0,0.0,1.0,5.0,1.0,1.0,1.0,0.0,1.0,0.0,1.0,0.0,built up,low,new,smart world orchard,gurgaon,2.41
175.03,3.0,3.0,2.0,0.0,sector 33,15.0,1.0,0.0,0.0,0.0,0.0,1.0,0.0,1.0,1.0,0.0,0.0,0.0,0.0,1.0,0.0,1.0,0.0,0.0,0.0,6.0,10.0,4.0,6.0,0.0,1.0,0.0,0.0,1.0,5.0,1.0,1.0,1.0,0.0,1.0,0.0,1.0,0.0,carpet,low,under construction,central park flower valley,sohna,2.5
232.26,4.0,3.0,1.0,0.0,sector 104,33.0,1.0,0.0,0.0,0.0,0.0,0.0,1.0,0.0,0.0,0.0,0.0,0.0,0.0,0.0,1.0,0.0,0.0,0.0,0.0,6.0,10.0,4.0,6.0,0.0,1.0,0.0,0.0,1.0,5.0,1.0,1.0,1.0,0.0,1.0,0.0,1.0,0.0,super built up,low,new,dlf city,gurgaon,2.02
106.84,2.0,2.0,2.0,1.0,sector 61,9.0,1.0,0.0,0.0,1.0,0.0,0.0,0.0,1.0,1.0,1.0,1.0,0.0,0.0,0.0,0.0,0.0,0.0,0.0,0.0,6.0,10.0,4.0,6.0,0.0,1.0,0.0,0.0,1.0,5.0,1.0,1.0,1.0,0.0,1.0,0.0,1.0,0.0,carpet,mid,new,smart world orchard,gurgaon,1.47
31.6,1.0,1.0,1.0,0.0,sector 33,10.0,0.0,0.0,0.0,0.0,0.0,0.0,1.0,0.0,0.0,0.0,0.0,0.0,0.0,0.0,0.0,0.0,0.0,0.0,1.0,6.0,10.0,4.0,6.0,0.0,1.0,0.0,0.0,1.0,5.0,1.0,1.0,1.0,0.0,1.0,0.0,1.0,0.0,carpet,high,new,mvn athens,sohna,0.24
199.74,3.0,4.0,2.0,0.0,sector 43,14.0,0.0,0.0,0.0,0.0,1.0,1.0,0.0,1.0,1.0,0.0,1.0,0.0,0.0,1.0,0.0,1.0,1.0,0.0,0.0,6.0,10.0,4.0,6.0,0.0,1.0,0.0,0.0,1.0,5.0,1.0,1.0,1.0,0.0,1.0,0.0,1.0,0.0,super built up,mid,mid aged,silverglades hightown residences,gurgaon,4.2
258.27,3.0,4.0,3.0,1.0,sector 99,10.0,1.0,0.0,0.0,1.0,0.0,1.0,0.0,1.0,1.0,0.0,0.0,1.0,0.0,1.0,0.0,0.0,0.0,0.0,0.0,6.0,10.0,4.0,6.0,0.0,1.0,0.0,0.0,1.0,5.0,1.0,1.0,1.0,0.0,1.0,0.0,1.0,0.0,super built up,low,new,vatika sovereign park,gurgaon,2.45
168.62,3.0,3.0,0.0,0.0,sector 79,9.0,0.0,0.0,0.0,1.0,0.0,0.0,0.0,1.0,1.0,0.0,1.0,1.0,0.0,0.0,0.0,0.0,0.0,0.0,0.0,6.0,10.0,4.0,6.0,0.0,1.0,0.0,0.0,1.0,5.0,1.0,1.0,1.0,0.0,1.0,0.0,1.0,0.0,built up,high,under construction,mapsko mount ville,gurgaon,1.65
169.55,3.0,3.0,2.0,0.0,sector 85,8.0,1.0,0.0,0.0,1.0,0.0,0.0,0.0,1.0,1.0,0.0,0.0,1.0,0.0,0.0,0.0,0.0,0.0,0.0,0.0,6.0,10.0,4.0,6.0,0.0,1.0,0.0,0.0,1.0,5.0,1.0,1.0,1.0,0.0,1.0,0.0,1.0,0.0,built up,high,under construction,godrej air,gurgaon,1.75
114.74,2.0,2.0,2.0,1.0,sector 63,13.0,1.0,0.0,0.0,0.0,0.0,1.0,0.0,1.0,1.0,0.0,1.0,0.0,0.0,1.0,0.0,1.0,1.0,0.0,0.0,6.0,10.0,4.0,6.0,0.0,1.0,0.0,0.0,1.0,5.0,1.0,1.0,1.0,0.0,1.0,0.0,1.0,0.0,carpet,low,mid aged,signature global city 63a,gurgaon,1.4
52.86,2.0,2.0,2.0,0.0,sector 95,12.0,0.0,0.0,0.0,1.0,0.0,0.0,0.0,1.0,1.0,0.0,0.0,1.0,1.0,1.0,0.0,0.0,0.0,0.0,0.0,6.0,10.0,4.0,6.0,0.0,1.0,0.0,0.0,1.0,5.0,1.0,1.0,1.0,0.0,1.0,0.0,1.0,0.0,carpet,low,new,signature the roselia,gurgaon,0.45
141.77,3.0,3.0,3.0,0.0,sector 1,10.0,1.0,0.0,0.0,0.0,0.0,0.0,0.0,0.0,0.0,0.0,0.0,0.0,1.0,0.0,0.0,0.0,0.0,0.0,1.0,6.0,10.0,4.0,6.0,0.0,1.0,0.0,0.0,1.0,5.0,1.0,1.0,1.0,0.0,1.0,0.0,1.0,0.0,built up,low,old,sbr apartment,manesar,0.68
103.12,2.0,2.0,3.0,1.0,sector 89,14.0,1.0,0.0,0.0,1.0,0.0,1.0,0.0,1.0,0.0,1.0,1.0,1.0,0.0,1.0,0.0,0.0,0.0,0.0,0.0,6.0,10.0,4.0,6.0,0.0,1.0,0.0,0.0,1.0,5.0,1.0,1.0,1.0,0.0,1.0,0.0,1.0,0.0,carpet,low,new,smart world gems,gurgaon,1.0
212.75,3.0,4.0,3.0,1.0,sector 104,13.0,1.0,0.0,0.0,1.0,0.0,1.0,0.0,1.0,1.0,0.0,1.0,1.0,0.0,1.0,0.0,1.0,0.0,0.0,0.0,6.0,10.0,4.0,6.0,0.0,1.0,0.0,0.0,1.0,5.0,1.0,1.0,1.0,0.0,1.0,0.0,1.0,0.0,super built up,mid,new,ats triumph,gurgaon,2.0
125.42,2.0,2.0,2.0,0.0,sector 33,8.0,1.0,0.0,0.0,1.0,0.0,0.0,0.0,1.0,0.0,0.0,0.0,1.0,0.0,0.0,0.0,0.0,0.0,0.0,0.0,6.0,10.0,4.0,6.0,0.0,1.0,0.0,0.0,1.0,5.0,1.0,1.0,1.0,0.0,1.0,0.0,1.0,0.0,built up,mid,old,silverglades the melia,sohna,0.75
312.15,4.0,4.0,3.0,1.0,sector 99,10.0,1.0,0.0,0.0,1.0,0.0,1.0,0.0,1.0,1.0,0.0,0.0,1.0,0.0,1.0,0.0,0.0,0.0,0.0,0.0,6.0,10.0,4.0,6.0,0.0,1.0,0.0,0.0,1.0,5.0,1.0,1.0,1.0,0.0,1.0,0.0,1.0,0.0,super built up,low,new,vatika sovereign park,gurgaon,3.25
135.36,2.0,2.0,3.0,1.0,sector 33,7.0,1.0,0.0,0.0,0.0,0.0,0.0,0.0,1.0,0.0,0.0,0.0,1.0,0.0,0.0,0.0,0.0,0.0,0.0,0.0,6.0,10.0,4.0,6.0,0.0,1.0,0.0,0.0,1.0,5.0,1.0,1.0,1.0,0.0,1.0,0.0,1.0,0.0,super built up,high,new,eldeco accolade,sohna,1.1
137.5,3.0,2.0,3.0,0.0,sector 86,10.0,1.0,0.0,0.0,1.0,0.0,0.0,0.0,1.0,1.0,0.0,0.0,1.0,0.0,0.0,0.0,0.0,0.0,0.0,0.0,6.0,10.0,4.0,6.0,0.0,1.0,0.0,0.0,1.0,5.0,1.0,1.0,1.0,0.0,1.0,0.0,1.0,0.0,built up,high,new,microtek greenburg,gurgaon,1.45
299.61,4.0,4.0,0.0,0.0,sector 99,10.0,1.0,0.0,0.0,1.0,0.0,1.0,0.0,1.0,1.0,0.0,0.0,1.0,0.0,1.0,0.0,0.0,0.0,0.0,0.0,6.0,10.0,4.0,6.0,0.0,1.0,0.0,0.0,1.0,5.0,1.0,1.0,1.0,0.0,1.0,0.0,1.0,0.0,built up,mid,mid aged,vatika sovereign park,gurgaon,3.2
50.5,2.0,2.0,2.0,0.0,sector 93,8.0,0.0,0.0,0.0,1.0,0.0,0.0,0.0,1.0,1.0,0.0,0.0,0.0,0.0,0.0,0.0,0.0,0.0,0.0,0.0,6.0,10.0,4.0,6.0,0.0,1.0,0.0,0.0,1.0,5.0,1.0,1.0,1.0,0.0,1.0,0.0,1.0,0.0,carpet,high,new,signature global orchard avenue,gurgaon,0.4
102.47,2.0,2.0,2.0,1.0,sector 89,14.0,1.0,0.0,0.0,1.0,0.0,1.0,0.0,1.0,0.0,1.0,1.0,1.0,0.0,1.0,0.0,0.0,0.0,0.0,0.0,6.0,10.0,4.0,6.0,0.0,1.0,0.0,0.0,1.0,5.0,1.0,1.0,1.0,0.0,1.0,0.0,1.0,0.0,carpet,mid,new,smart world gems,gurgaon,0.95
213.21,3.0,4.0,3.0,0.0,sector 59,15.0,1.0,0.0,0.0,1.0,0.0,1.0,0.0,1.0,1.0,1.0,1.0,0.0,0.0,0.0,0.0,0.0,0.0,0.0,0.0,6.0,10.0,4.0,6.0,0.0,1.0,0.0,0.0,1.0,5.0,1.0,1.0,1.0,0.0,1.0,0.0,1.0,0.0,super built up,low,mid aged,conscient elevate,gurgaon,4.25
51.45,2.0,2.0,2.0,0.0,sector 107,3.0,0.0,0.0,0.0,0.0,0.0,0.0,0.0,0.0,1.0,0.0,0.0,1.0,0.0,0.0,0.0,0.0,0.0,0.0,0.0,6.0,10.0,4.0,6.0,0.0,1.0,0.0,0.0,1.0,5.0,1.0,1.0,1.0,0.0,1.0,0.0,1.0,0.0,carpet,high,new,signature global solera 2,gurgaon,0.37
167.69,3.0,4.0,2.0,0.0,sector 93,9.0,1.0,0.0,0.0,1.0,0.0,0.0,0.0,1.0,1.0,0.0,0.0,1.0,0.0,1.0,0.0,0.0,0.0,0.0,0.0,6.0,10.0,4.0,6.0,0.0,1.0,0.0,0.0,1.0,5.0,1.0,1.0,1.0,0.0,1.0,0.0,1.0,0.0,super built up,high,new,spaze privvy the address,gurgaon,1.25
102.19,2.0,2.0,2.0,0.0,sector 69,42.0,1.0,0.0,0.0,0.0,1.0,1.0,1.0,0.0,0.0,0.0,0.0,0.0,0.0,0.0,1.0,0.0,1.0,0.0,0.0,6.0,10.0,4.0,6.0,0.0,1.0,0.0,0.0,1.0,5.0,1.0,1.0,1.0,0.0,1.0,0.0,1.0,0.0,built up,mid,old,surendra avenue 69,gurgaon,0.75
78.97,2.0,2.0,1.0,0.0,sector 110,17.0,1.0,0.0,0.0,0.0,0.0,0.0,0.0,1.0,0.0,0.0,1.0,0.0,0.0,0.0,1.0,0.0,0.0,0.0,1.0,6.0,10.0,4.0,6.0,0.0,1.0,0.0,0.0,1.0,5.0,1.0,1.0,1.0,0.0,1.0,0.0,1.0,0.0,built up,low,new,krishna apartment,gurgaon,0.35
219.81,3.0,4.0,3.0,1.0,sector 79,10.0,0.0,0.0,0.0,0.0,0.0,0.0,0.0,1.0,1.0,0.0,0.0,0.0,0.0,0.0,0.0,0.0,0.0,1.0,0.0,6.0,10.0,4.0,6.0,0.0,1.0,0.0,0.0,1.0,5.0,1.0,1.0,1.0,0.0,1.0,0.0,1.0,0.0,carpet,low,new,godrej 101,gurgaon,2.0
242.11,5.0,5.0,3.0,1.0,sector 82,7.0,1.0,0.0,0.0,0.0,0.0,0.0,0.0,0.0,1.0,0.0,0.0,0.0,0.0,0.0,0.0,0.0,0.0,0.0,0.0,6.0,10.0,4.0,6.0,0.0,1.0,0.0,0.0,1.0,5.0,1.0,1.0,1.0,0.0,1.0,0.0,1.0,0.0,carpet,high,new,dlf the primus,gurgaon,3.5
106.84,2.0,2.0,2.0,0.0,sector 28,45.0,1.0,0.0,0.0,0.0,1.0,0.0,1.0,1.0,0.0,0.0,1.0,0.0,1.0,0.0,1.0,0.0,0.0,0.0,1.0,6.0,10.0,4.0,6.0,0.0,1.0,0.0,0.0,1.0,5.0,1.0,1.0,1.0,0.0,1.0,0.0,1.0,0.0,carpet,high,new,dlf regency park 1,gurgaon,1.91
164.44,3.0,3.0,3.0,0.0,sector 37,15.0,1.0,1.0,0.0,0.0,0.0,1.0,1.0,1.0,0.0,0.0,0.0,0.0,0.0,0.0,1.0,0.0,1.0,0.0,0.0,6.0,10.0,4.0,6.0,0.0,1.0,0.0,0.0,1.0,5.0,1.0,1.0,1.0,0.0,1.0,0.0,1.0,0.0,super built up,high,old,ramprastha the edge towers,gurgaon,1.0
60.39,3.0,3.0,3.0,0.0,sector 33,15.0,1.0,0.0,0.0,0.0,0.0,1.0,0.0,1.0,1.0,0.0,0.0,0.0,0.0,1.0,0.0,1.0,0.0,0.0,0.0,6.0,10.0,4.0,6.0,0.0,1.0,0.0,0.0,1.0,5.0,1.0,1.0,1.0,0.0,1.0,0.0,1.0,0.0,super built up,low,mid aged,central park flower valley,sohna,1.4
52.68,2.0,2.0,2.0,0.0,sector 33,6.0,0.0,0.0,0.0,0.0,0.0,0.0,0.0,0.0,1.0,0.0,0.0,1.0,0.0,0.0,0.0,1.0,0.0,0.0,0.0,6.0,10.0,4.0,6.0,0.0,1.0,0.0,0.0,1.0,5.0,1.0,1.0,1.0,0.0,1.0,0.0,1.0,0.0,super built up,mid,new,gls arawali homes,sohna,0.35
83.61204013377927,2.0,2.0,3.0,1.0,sector 104,15.0,1.0,0.0,0.0,1.0,0.0,0.0,0.0,1.0,1.0,1.0,1.0,1.0,0.0,1.0,0.0,0.0,0.0,1.0,0.0,6.0,10.0,4.0,6.0,0.0,1.0,0.0,0.0,1.0,5.0,1.0,1.0,1.0,0.0,1.0,0.0,1.0,0.0,carpet,high,new,godrej summit,gurgaon,0.82
118.45,2.0,2.0,2.0,0.0,sector 33,13.0,1.0,0.0,0.0,1.0,0.0,1.0,0.0,1.0,0.0,0.0,0.0,0.0,1.0,1.0,0.0,0.0,1.0,0.0,0.0,6.0,10.0,4.0,6.0,0.0,1.0,0.0,0.0,1.0,5.0,1.0,1.0,1.0,0.0,1.0,0.0,1.0,0.0,super built up,high,new,ashiana anmol,sohna,0.88
76.37,2.0,2.0,3.0,0.0,sector 33,8.0,1.0,0.0,0.0,0.0,0.0,0.0,0.0,1.0,1.0,1.0,1.0,0.0,0.0,0.0,0.0,0.0,0.0,0.0,0.0,6.0,10.0,4.0,6.0,0.0,1.0,0.0,0.0,1.0,5.0,1.0,1.0,1.0,0.0,1.0,0.0,1.0,0.0,carpet,low,under construction,signature global park,sohna,0.55
150.5,3.0,3.0,2.0,0.0,sector 67,12.0,0.0,0.0,0.0,0.0,0.0,0.0,0.0,0.0,0.0,0.0,1.0,0.0,0.0,0.0,0.0,0.0,0.0,0.0,0.0,6.0,10.0,4.0,6.0,0.0,1.0,0.0,0.0,1.0,5.0,1.0,1.0,1.0,0.0,1.0,0.0,1.0,0.0,carpet,low,under construction,ansal api esencia,gurgaon,1.2
132.29,2.0,2.0,3.0,0.0,sector 74,7.0,1.0,0.0,0.0,1.0,0.0,1.0,0.0,1.0,1.0,0.0,0.0,1.0,0.0,0.0,0.0,0.0,0.0,0.0,0.0,6.0,10.0,4.0,6.0,0.0,1.0,0.0,0.0,1.0,5.0,1.0,1.0,1.0,0.0,1.0,0.0,1.0,0.0,carpet,high,under construction,m3m skywalk,gurgaon,1.78
126.16,2.0,2.0,2.0,0.0,sector 65,11.0,1.0,0.0,0.0,1.0,0.0,1.0,0.0,1.0,1.0,0.0,1.0,1.0,0.0,1.0,0.0,0.0,0.0,0.0,0.0,6.0,10.0,4.0,6.0,0.0,1.0,0.0,0.0,1.0,5.0,1.0,1.0,1.0,0.0,1.0,0.0,1.0,0.0,built up,high,under construction,m3m heights,gurgaon,1.9
44.75,2.0,2.0,1.0,0.0,sector 33,10.0,0.0,0.0,0.0,0.0,0.0,0.0,1.0,0.0,0.0,0.0,0.0,0.0,0.0,0.0,0.0,0.0,0.0,0.0,1.0,6.0,10.0,4.0,6.0,0.0,1.0,0.0,0.0,1.0,5.0,1.0,1.0,1.0,0.0,1.0,0.0,1.0,0.0,carpet,mid,new,mvn athens,sohna,0.26
99.87,2.0,2.0,2.0,1.0,sector 81,6.0,0.0,0.0,0.0,1.0,0.0,0.0,0.0,1.0,0.0,0.0,0.0,1.0,0.0,0.0,0.0,0.0,0.0,0.0,0.0,6.0,10.0,4.0,6.0,0.0,1.0,0.0,0.0,1.0,5.0,1.0,1.0,1.0,0.0,1.0,0.0,1.0,0.0,carpet,low,mid aged,signature global city 81,gurgaon,0.89
106.84,2.0,2.0,2.0,1.0,sector 61,9.0,1.0,0.0,0.0,1.0,0.0,0.0,0.0,1.0,1.0,1.0,1.0,0.0,0.0,0.0,0.0,0.0,0.0,0.0,0.0,6.0,10.0,4.0,6.0,0.0,1.0,0.0,0.0,1.0,5.0,1.0,1.0,1.0,0.0,1.0,0.0,1.0,0.0,carpet,low,new,smart world orchard,gurgaon,1.6
65.03,4.0,5.0,3.0,0.0,sector 24,41.0,1.0,0.0,0.0,0.0,1.0,0.0,1.0,0.0,0.0,0.0,1.0,0.0,0.0,0.0,1.0,0.0,0.0,0.0,1.0,6.0,10.0,4.0,6.0,0.0,1.0,0.0,0.0,1.0,5.0,1.0,1.0,1.0,0.0,1.0,0.0,1.0,0.0,built up,low,under construction,ambience caitriona,gurgaon,14.0
157.01,3.0,3.0,2.0,0.0,sector 86,4.0,1.0,0.0,0.0,1.0,0.0,0.0,0.0,1.0,0.0,0.0,0.0,1.0,0.0,0.0,0.0,0.0,0.0,0.0,0.0,6.0,10.0,4.0,6.0,0.0,1.0,0.0,0.0,1.0,5.0,1.0,1.0,1.0,0.0,1.0,0.0,1.0,0.0,built up,high,new,ansal heights 86,gurgaon,0.9
184.88,3.0,3.0,3.0,0.0,sector 37,15.0,1.0,1.0,0.0,0.0,0.0,1.0,1.0,1.0,0.0,0.0,0.0,0.0,0.0,0.0,1.0,0.0,1.0,0.0,0.0,6.0,10.0,4.0,6.0,0.0,1.0,0.0,0.0,1.0,5.0,1.0,1.0,1.0,0.0,1.0,0.0,1.0,0.0,built up,high,under construction,ramprastha the edge towers,gurgaon,1.1
99.13,2.0,2.0,2.0,1.0,sector 89,14.0,1.0,0.0,0.0,1.0,0.0,1.0,0.0,1.0,0.0,1.0,1.0,1.0,0.0,1.0,0.0,0.0,0.0,0.0,0.0,6.0,10.0,4.0,6.0,0.0,1.0,0.0,0.0,1.0,5.0,1.0,1.0,1.0,0.0,1.0,0.0,1.0,0.0,super built up,low,mid aged,smart world gems,gurgaon,0.95
64.1,2.0,2.0,1.0,0.0,sector 90,15.0,1.0,0.0,0.0,0.0,0.0,0.0,1.0,1.0,0.0,0.0,0.0,0.0,1.0,0.0,0.0,1.0,1.0,0.0,0.0,6.0,10.0,4.0,6.0,0.0,1.0,0.0,0.0,1.0,5.0,1.0,1.0,1.0,0.0,1.0,0.0,1.0,0.0,carpet,high,new,green court,gurgaon,0.47
292.64,4.0,3.0,3.0,0.0,sector 12,47.0,1.0,0.0,0.0,0.0,1.0,0.0,1.0,1.0,0.0,0.0,1.0,0.0,1.0,0.0,1.0,0.0,0.0,0.0,1.0,6.0,10.0,4.0,6.0,0.0,1.0,0.0,0.0,1.0,5.0,1.0,1.0,1.0,0.0,1.0,0.0,1.0,0.0,built up,mid,under construction,lord krishna,gurgaon,2.7
142.14,2.0,2.0,3.0,1.0,sector 79,3.0,0.0,0.0,0.0,0.0,0.0,0.0,0.0,0.0,0.0,0.0,0.0,0.0,1.0,0.0,0.0,0.0,0.0,0.0,1.0,6.0,10.0,4.0,6.0,0.0,1.0,0.0,0.0,1.0,5.0,1.0,1.0,1.0,0.0,1.0,0.0,1.0,0.0,super built up,mid,new,supertech araville,gurgaon,0.95
202.16,3.0,3.0,3.0,1.0,sector 78,7.0,1.0,0.0,0.0,0.0,0.0,0.0,1.0,0.0,0.0,0.0,1.0,0.0,0.0,0.0,0.0,0.0,0.0,0.0,0.0,6.0,10.0,4.0,6.0,0.0,1.0,0.0,0.0,1.0,5.0,1.0,1.0,1.0,0.0,1.0,0.0,1.0,0.0,super built up,high,old,umang monsoon breeze,gurgaon,1.15
148.92,3.0,3.0,3.0,0.0,sector 37,9.0,1.0,0.0,0.0,1.0,0.0,1.0,0.0,1.0,1.0,1.0,0.0,1.0,0.0,0.0,0.0,0.0,0.0,0.0,0.0,6.0,10.0,4.0,6.0,0.0,1.0,0.0,0.0,1.0,5.0,1.0,1.0,1.0,0.0,1.0,0.0,1.0,0.0,super built up,high,under construction,ild greens,gurgaon,0.9
93.83,3.0,2.0,3.0,0.0,sector 36,12.0,1.0,0.0,0.0,1.0,0.0,1.0,0.0,1.0,1.0,0.0,1.0,0.0,0.0,0.0,0.0,0.0,0.0,0.0,0.0,6.0,10.0,4.0,6.0,0.0,1.0,0.0,0.0,1.0,5.0,1.0,1.0,1.0,0.0,1.0,0.0,1.0,0.0,carpet,low,new,signature global park 4,sohna,1.0
210.61,3.0,3.0,1.0,1.0,sector 109,10.0,1.0,0.0,0.0,0.0,0.0,0.0,0.0,0.0,0.0,1.0,0.0,0.0,0.0,0.0,1.0,0.0,0.0,0.0,0.0,6.0,10.0,4.0,6.0,0.0,1.0,0.0,0.0,1.0,5.0,1.0,1.0,1.0,0.0,1.0,0.0,1.0,0.0,carpet,mid,new,brisk lumbini terrace homes,gurgaon,1.5
185.81,3.0,4.0,2.0,1.0,sector 12,50.0,1.0,0.0,0.0,0.0,0.0,0.0,1.0,1.0,0.0,0.0,0.0,0.0,1.0,0.0,1.0,0.0,0.0,0.0,0.0,6.0,10.0,4.0,6.0,0.0,1.0,0.0,0.0,1.0,5.0,1.0,1.0,1.0,0.0,1.0,0.0,1.0,0.0,built up,low,old,bhagwati sadan,gurgaon,1.15
112.41,2.0,2.0,2.0,1.0,sector 33,15.0,1.0,0.0,0.0,1.0,0.0,1.0,0.0,1.0,0.0,0.0,0.0,0.0,1.0,0.0,0.0,0.0,0.0,0.0,0.0,6.0,10.0,4.0,6.0,0.0,1.0,0.0,0.0,1.0,5.0,1.0,1.0,1.0,0.0,1.0,0.0,1.0,0.0,super built up,low,new,central park flower valley cerise floors,sohna,1.3
263.38,4.0,4.0,3.0,0.0,sector 99,11.0,1.0,0.0,0.0,0.0,0.0,1.0,0.0,1.0,1.0,0.0,1.0,1.0,0.0,1.0,0.0,0.0,0.0,0.0,0.0,6.0,10.0,4.0,6.0,0.0,1.0,0.0,0.0,1.0,5.0,1.0,1.0,1.0,0.0,1.0,0.0,1.0,0.0,built up,low,under construction,assotech blith,gurgaon,1.9
163.51,3.0,4.0,3.0,0.0,sector 28,48.0,1.0,0.0,0.0,0.0,0.0,0.0,1.0,0.0,0.0,0.0,1.0,0.0,0.0,0.0,1.0,1.0,0.0,0.0,1.0,6.0,10.0,4.0,6.0,0.0,1.0,0.0,0.0,1.0,5.0,1.0,1.0,1.0,0.0,1.0,0.0,1.0,0.0,carpet,low,under construction,essel towers,gurgaon,2.2
163.51,3.0,4.0,3.0,0.0,sector 28,48.0,1.0,0.0,0.0,0.0,0.0,0.0,1.0,0.0,0.0,0.0,1.0,0.0,0.0,0.0,1.0,1.0,0.0,0.0,1.0,6.0,10.0,4.0,6.0,0.0,1.0,0.0,0.0,1.0,5.0,1.0,1.0,1.0,0.0,1.0,0.0,1.0,0.0,carpet,low,under construction,essel towers,gurgaon,2.2
445.93,6.0,7.0,3.0,1.0,sector 70,10.0,1.0,0.0,0.0,1.0,0.0,1.0,0.0,1.0,1.0,0.0,0.0,0.0,0.0,1.0,0.0,0.0,0.0,0.0,0.0,6.0,10.0,4.0,6.0,0.0,1.0,0.0,0.0,1.0,5.0,1.0,1.0,1.0,0.0,1.0,0.0,1.0,0.0,carpet,high,new,tulip ivory,gurgaon,5.0
125.42,2.0,2.0,3.0,1.0,sector 84,3.0,0.0,0.0,0.0,0.0,1.0,1.0,0.0,1.0,0.0,0.0,0.0,0.0,0.0,0.0,0.0,0.0,0.0,0.0,0.0,6.0,10.0,4.0,6.0,0.0,1.0,0.0,0.0,1.0,5.0,1.0,1.0,1.0,0.0,1.0,0.0,1.0,0.0,super built up,high,new,antriksh heights,gurgaon,0.85
167.23,4.0,3.0,3.0,1.0,sector 55,42.0,1.0,0.0,0.0,0.0,1.0,1.0,1.0,1.0,0.0,0.0,1.0,0.0,1.0,0.0,1.0,1.0,0.0,0.0,1.0,6.0,10.0,4.0,6.0,0.0,1.0,0.0,0.0,1.0,5.0,1.0,1.0,1.0,0.0,1.0,0.0,1.0,0.0,carpet,high,old,sidhivinayak apartments,gurgaon,1.9
111.48,2.0,2.0,3.0,1.0,sector 10,49.0,1.0,0.0,0.0,0.0,0.0,0.0,0.0,0.0,0.0,0.0,0.0,0.0,0.0,0.0,0.0,1.0,0.0,0.0,0.0,6.0,10.0,4.0,6.0,0.0,1.0,0.0,0.0,1.0,5.0,1.0,1.0,1.0,0.0,1.0,0.0,1.0,0.0,super built up,high,new,maxworth city residences,gurgaon,0.9
152.55,3.0,3.0,3.0,1.0,sector 63,6.0,0.0,0.0,0.0,0.0,0.0,0.0,0.0,0.0,1.0,0.0,1.0,0.0,0.0,0.0,0.0,1.0,0.0,0.0,0.0,6.0,10.0,4.0,6.0,0.0,1.0,0.0,0.0,1.0,5.0,1.0,1.0,1.0,0.0,1.0,0.0,1.0,0.0,built up,high,new,dhoot time residency,gurgaon,3.0
76.55,2.0,2.0,2.0,0.0,sector 33,8.0,1.0,0.0,0.0,0.0,0.0,0.0,0.0,1.0,1.0,1.0,1.0,0.0,0.0,0.0,0.0,0.0,0.0,0.0,0.0,6.0,10.0,4.0,6.0,0.0,1.0,0.0,0.0,1.0,5.0,1.0,1.0,1.0,0.0,1.0,0.0,1.0,0.0,carpet,low,new,signature global park,sohna,0.68
97.55,2.0,2.0,0.0,0.0,sector 51,46.0,1.0,0.0,0.0,0.0,0.0,1.0,1.0,0.0,0.0,0.0,0.0,0.0,0.0,0.0,1.0,0.0,0.0,0.0,0.0,6.0,10.0,4.0,6.0,0.0,1.0,0.0,0.0,1.0,5.0,1.0,1.0,1.0,0.0,1.0,0.0,1.0,0.0,carpet,mid,new,samaspurkunj,gurgaon,0.55
132.2,3.0,3.0,3.0,1.0,sector 89,9.0,1.0,0.0,0.0,0.0,0.0,0.0,0.0,1.0,1.0,0.0,0.0,1.0,0.0,0.0,0.0,0.0,0.0,0.0,0.0,6.0,10.0,4.0,6.0,0.0,1.0,0.0,0.0,1.0,5.0,1.0,1.0,1.0,0.0,1.0,0.0,1.0,0.0,built up,mid,mid aged,m3m soulitude,gurgaon,1.33
126.91,2.0,2.0,3.0,0.0,sector 107,6.0,0.0,0.0,0.0,0.0,0.0,0.0,0.0,1.0,1.0,0.0,0.0,0.0,0.0,0.0,0.0,0.0,0.0,0.0,0.0,6.0,10.0,4.0,6.0,0.0,1.0,0.0,0.0,1.0,5.0,1.0,1.0,1.0,0.0,1.0,0.0,1.0,0.0,super built up,high,new,m3m woodshire,gurgaon,0.9
144.0,3.0,2.0,3.0,1.0,sector 89,11.0,1.0,0.0,0.0,1.0,0.0,1.0,0.0,1.0,1.0,0.0,0.0,1.0,0.0,1.0,0.0,0.0,0.0,0.0,0.0,6.0,10.0,4.0,6.0,0.0,1.0,0.0,0.0,1.0,5.0,1.0,1.0,1.0,0.0,1.0,0.0,1.0,0.0,super built up,mid,old,tulip petals,gurgaon,1.55
92.72,2.0,2.0,2.0,0.0,sector 92,8.0,1.0,0.0,0.0,0.0,0.0,0.0,0.0,0.0,0.0,0.0,0.0,0.0,1.0,0.0,0.0,0.0,0.0,0.0,0.0,6.0,10.0,4.0,6.0,0.0,1.0,0.0,0.0,1.0,5.0,1.0,1.0,1.0,0.0,1.0,0.0,1.0,0.0,carpet,low,new,sare crescent parc,gurgaon,0.49
60.02,2.0,2.0,1.0,1.0,sector 92,4.0,1.0,0.0,0.0,0.0,0.0,0.0,0.0,1.0,0.0,0.0,0.0,0.0,0.0,1.0,0.0,0.0,0.0,0.0,0.0,6.0,10.0,4.0,6.0,0.0,1.0,0.0,0.0,1.0,5.0,1.0,1.0,1.0,0.0,1.0,0.0,1.0,0.0,built up,high,new,gls avenue 51,gurgaon,0.45
240.15,3.0,4.0,3.0,1.0,sector 109,11.0,1.0,0.0,0.0,1.0,0.0,0.0,0.0,1.0,1.0,0.0,1.0,1.0,0.0,0.0,0.0,0.0,0.0,1.0,0.0,6.0,10.0,4.0,6.0,0.0,1.0,0.0,0.0,1.0,5.0,1.0,1.0,1.0,0.0,1.0,0.0,1.0,0.0,super built up,high,new,ats tourmaline,gurgaon,2.3
125.42,2.0,2.0,2.0,1.0,sector 67,12.0,0.0,0.0,0.0,1.0,0.0,1.0,0.0,1.0,1.0,0.0,1.0,0.0,0.0,1.0,0.0,0.0,0.0,0.0,0.0,6.0,10.0,4.0,6.0,0.0,1.0,0.0,0.0,1.0,5.0,1.0,1.0,1.0,0.0,1.0,0.0,1.0,0.0,carpet,high,new,ireo the corridors,gurgaon,1.5
124.49,2.0,2.0,2.0,0.0,sector 77,10.0,1.0,0.0,0.0,1.0,0.0,1.0,0.0,1.0,1.0,0.0,0.0,1.0,0.0,0.0,0.0,0.0,0.0,0.0,0.0,6.0,10.0,4.0,6.0,0.0,1.0,0.0,0.0,1.0,5.0,1.0,1.0,1.0,0.0,1.0,0.0,1.0,0.0,carpet,low,new,umang winter hills,gurgaon,1.0
236.16,4.0,3.0,3.0,1.0,sector 95,5.0,1.0,0.0,0.0,0.0,0.0,0.0,0.0,0.0,0.0,0.0,0.0,0.0,1.0,0.0,0.0,0.0,0.0,0.0,0.0,6.0,10.0,4.0,6.0,0.0,1.0,0.0,0.0,1.0,5.0,1.0,1.0,1.0,0.0,1.0,0.0,1.0,0.0,carpet,high,new,siddhartha apartment,gurgaon,1.1
100.43,2.0,2.0,2.0,0.0,sector 63,13.0,1.0,0.0,0.0,0.0,0.0,1.0,0.0,1.0,1.0,0.0,1.0,0.0,0.0,1.0,0.0,1.0,1.0,0.0,0.0,6.0,10.0,4.0,6.0,0.0,1.0,0.0,0.0,1.0,5.0,1.0,1.0,1.0,0.0,1.0,0.0,1.0,0.0,super built up,low,mid aged,signature global city 63a,gurgaon,1.65
83.61204013377927,3.0,3.0,3.0,0.0,sector 88,7.0,1.0,0.0,0.0,0.0,1.0,0.0,0.0,1.0,0.0,0.0,0.0,1.0,0.0,0.0,0.0,0.0,0.0,0.0,0.0,6.0,10.0,4.0,6.0,0.0,1.0,0.0,0.0,1.0,5.0,1.0,1.0,1.0,0.0,1.0,0.0,1.0,0.0,carpet,high,new,godrej oasis,gurgaon,2.65
33.62,1.0,2.0,2.0,0.0,sector 103,11.0,0.0,0.0,0.0,0.0,0.0,0.0,0.0,1.0,0.0,0.0,0.0,1.0,0.0,0.0,0.0,0.0,0.0,0.0,0.0,6.0,10.0,4.0,6.0,0.0,1.0,0.0,0.0,1.0,5.0,1.0,1.0,1.0,0.0,1.0,0.0,1.0,0.0,carpet,mid,new,signature global grand iva,gurgaon,0.3
93.83,2.0,2.0,3.0,1.0,sector 92,10.0,1.0,0.0,0.0,1.0,0.0,0.0,0.0,1.0,1.0,0.0,0.0,1.0,0.0,1.0,0.0,0.0,0.0,0.0,0.0,6.0,10.0,4.0,6.0,0.0,1.0,0.0,0.0,1.0,5.0,1.0,1.0,1.0,0.0,1.0,0.0,1.0,0.0,super built up,low,new,signature global city 92,gurgaon,0.78
71.26,2.0,2.0,1.0,1.0,sector 95,3.0,1.0,0.0,0.0,0.0,0.0,0.0,0.0,0.0,0.0,0.0,0.0,0.0,0.0,0.0,0.0,0.0,0.0,0.0,0.0,6.0,10.0,4.0,6.0,0.0,1.0,0.0,0.0,1.0,5.0,1.0,1.0,1.0,0.0,1.0,0.0,1.0,0.0,super built up,high,new,ramsons kshitij,gurgaon,0.33
138.61,2.0,2.0,2.0,0.0,sector 33,7.0,1.0,0.0,0.0,0.0,0.0,0.0,0.0,1.0,0.0,0.0,0.0,1.0,0.0,0.0,0.0,0.0,0.0,0.0,0.0,6.0,10.0,4.0,6.0,0.0,1.0,0.0,0.0,1.0,5.0,1.0,1.0,1.0,0.0,1.0,0.0,1.0,0.0,built up,high,under construction,eldeco accolade,sohna,1.2
83.61,3.0,2.0,1.0,0.0,sector 3,48.0,1.0,0.0,0.0,0.0,0.0,0.0,0.0,0.0,0.0,0.0,0.0,0.0,0.0,0.0,1.0,0.0,0.0,0.0,0.0,6.0,10.0,4.0,6.0,0.0,1.0,0.0,0.0,1.0,5.0,1.0,1.0,1.0,0.0,1.0,0.0,1.0,0.0,carpet,low,new,om appartments,gurgaon,0.4
390.19,4.0,6.0,3.0,1.0,sector 81,9.0,0.0,0.0,0.0,1.0,0.0,0.0,0.0,1.0,0.0,0.0,0.0,1.0,0.0,0.0,0.0,0.0,0.0,0.0,0.0,6.0,10.0,4.0,6.0,0.0,1.0,0.0,0.0,1.0,5.0,1.0,1.0,1.0,0.0,1.0,0.0,1.0,0.0,super built up,high,new,bestech park view grand spa,gurgaon,4.5
92.9,2.0,2.0,2.0,0.0,sector 36,7.0,1.0,0.0,0.0,0.0,0.0,0.0,0.0,0.0,0.0,0.0,0.0,0.0,1.0,0.0,0.0,0.0,0.0,0.0,0.0,6.0,10.0,4.0,6.0,0.0,1.0,0.0,0.0,1.0,5.0,1.0,1.0,1.0,0.0,1.0,0.0,1.0,0.0,super built up,mid,new,avl 36 gurgaon,gurgaon,0.75
51.48,2.0,2.0,2.0,0.0,sector 33,14.0,1.0,0.0,0.0,0.0,0.0,1.0,1.0,1.0,0.0,1.0,0.0,0.0,0.0,1.0,0.0,0.0,1.0,0.0,0.0,6.0,10.0,4.0,6.0,0.0,1.0,0.0,0.0,1.0,5.0,1.0,1.0,1.0,0.0,1.0,0.0,1.0,0.0,carpet,high,new,breez global hill view,sohna,0.35
115.11,2.0,2.0,1.0,0.0,sector 78,7.0,1.0,0.0,0.0,0.0,0.0,0.0,1.0,0.0,0.0,0.0,1.0,0.0,0.0,0.0,0.0,0.0,0.0,0.0,0.0,6.0,10.0,4.0,6.0,0.0,1.0,0.0,0.0,1.0,5.0,1.0,1.0,1.0,0.0,1.0,0.0,1.0,0.0,built up,mid,under construction,umang monsoon breeze,gurgaon,0.75
451.23,4.0,6.0,3.0,1.0,sector 112,8.0,1.0,0.0,0.0,0.0,0.0,1.0,0.0,1.0,1.0,1.0,0.0,1.0,0.0,0.0,0.0,0.0,0.0,0.0,0.0,6.0,10.0,4.0,6.0,0.0,1.0,0.0,0.0,1.0,5.0,1.0,1.0,1.0,0.0,1.0,0.0,1.0,0.0,super built up,high,old,experion windchants,gurgaon,5.6
181.72,4.0,3.0,3.0,0.0,sector 92,11.0,0.0,0.0,0.0,0.0,0.0,0.0,0.0,1.0,1.0,0.0,1.0,1.0,0.0,0.0,0.0,0.0,0.0,0.0,0.0,6.0,10.0,4.0,6.0,0.0,1.0,0.0,0.0,1.0,5.0,1.0,1.0,1.0,0.0,1.0,0.0,1.0,0.0,super built up,mid,old,sare green parc phase 3,gurgaon,0.95
165.37,3.0,3.0,0.0,0.0,sector 81,15.0,1.0,0.0,0.0,0.0,0.0,0.0,0.0,0.0,0.0,0.0,0.0,0.0,1.0,0.0,0.0,0.0,0.0,0.0,1.0,6.0,10.0,4.0,6.0,0.0,1.0,0.0,0.0,1.0,5.0,1.0,1.0,1.0,0.0,1.0,0.0,1.0,0.0,built up,mid,under construction,lavanya apartments,gurgaon,0.9
55.46,2.0,2.0,0.0,0.0,sector 93,8.0,0.0,0.0,0.0,1.0,0.0,0.0,0.0,1.0,1.0,0.0,0.0,0.0,0.0,0.0,0.0,0.0,0.0,0.0,0.0,6.0,10.0,4.0,6.0,0.0,1.0,0.0,0.0,1.0,5.0,1.0,1.0,1.0,0.0,1.0,0.0,1.0,0.0,built up,high,under construction,signature global orchard avenue,gurgaon,0.85
132.2,3.0,3.0,2.0,0.0,sector 89,14.0,1.0,0.0,0.0,1.0,0.0,1.0,0.0,1.0,0.0,1.0,1.0,1.0,0.0,1.0,0.0,0.0,0.0,0.0,0.0,6.0,10.0,4.0,6.0,0.0,1.0,0.0,0.0,1.0,5.0,1.0,1.0,1.0,0.0,1.0,0.0,1.0,0.0,built up,low,under construction,smart world gems,gurgaon,1.2
278.43,4.0,4.0,3.0,1.0,sector 54,3.0,0.0,0.0,0.0,0.0,0.0,0.0,0.0,0.0,0.0,0.0,0.0,0.0,0.0,0.0,0.0,0.0,0.0,0.0,1.0,6.0,10.0,4.0,6.0,0.0,1.0,0.0,0.0,1.0,5.0,1.0,1.0,1.0,0.0,1.0,0.0,1.0,0.0,super built up,high,old,dlf royalton tower,gurgaon,6.2
301.93,4.0,4.0,0.0,0.0,sector 28,45.0,1.0,0.0,0.0,0.0,0.0,1.0,1.0,0.0,0.0,0.0,1.0,0.0,0.0,0.0,1.0,1.0,0.0,0.0,1.0,6.0,10.0,4.0,6.0,0.0,1.0,0.0,0.0,1.0,5.0,1.0,1.0,1.0,0.0,1.0,0.0,1.0,0.0,built up,high,under construction,unitech heritage city,gurgaon,4.26
137.4,2.0,2.0,2.0,0.0,sector 36,11.0,1.0,0.0,0.0,1.0,0.0,0.0,0.0,1.0,1.0,0.0,0.0,1.0,0.0,1.0,0.0,0.0,0.0,0.0,0.0,6.0,10.0,4.0,6.0,0.0,1.0,0.0,0.0,1.0,5.0,1.0,1.0,1.0,0.0,1.0,0.0,1.0,0.0,built up,high,under construction,krisumi waterfall residences,gurgaon,2.3
222.97,3.0,3.0,3.0,0.0,sector 63,12.0,1.0,0.0,0.0,0.0,0.0,0.0,0.0,1.0,1.0,1.0,1.0,1.0,0.0,1.0,0.0,1.0,0.0,0.0,0.0,6.0,10.0,4.0,6.0,0.0,1.0,0.0,0.0,1.0,5.0,1.0,1.0,1.0,0.0,1.0,0.0,1.0,0.0,carpet,low,mid aged,birla navya,gurgaon,3.7
27.99,1.0,2.0,2.0,0.0,sector 104,9.0,1.0,0.0,0.0,1.0,0.0,1.0,0.0,1.0,1.0,0.0,0.0,0.0,0.0,1.0,0.0,0.0,0.0,0.0,0.0,6.0,10.0,4.0,6.0,0.0,1.0,0.0,0.0,1.0,5.0,1.0,1.0,1.0,0.0,1.0,0.0,1.0,0.0,carpet,low,new,zara aavaas,gurgaon,0.22
60.39,2.0,2.0,3.0,0.0,sector 37,15.0,1.0,0.0,0.0,0.0,0.0,0.0,0.0,1.0,0.0,1.0,0.0,1.0,0.0,0.0,0.0,1.0,0.0,0.0,0.0,6.0,10.0,4.0,6.0,0.0,1.0,0.0,0.0,1.0,5.0,1.0,1.0,1.0,0.0,1.0,0.0,1.0,0.0,super built up,mid,new,signature global the millennia,gurgaon,0.6
27.96,1.0,2.0,2.0,0.0,sector 104,9.0,1.0,0.0,0.0,1.0,0.0,1.0,0.0,1.0,1.0,0.0,0.0,0.0,0.0,1.0,0.0,0.0,0.0,0.0,0.0,6.0,10.0,4.0,6.0,0.0,1.0,0.0,0.0,1.0,5.0,1.0,1.0,1.0,0.0,1.0,0.0,1.0,0.0,carpet,low,new,zara aavaas,gurgaon,0.2
102.47,2.0,3.0,2.0,1.0,sector 89,14.0,1.0,0.0,0.0,1.0,0.0,1.0,0.0,1.0,0.0,1.0,1.0,1.0,0.0,1.0,0.0,0.0,0.0,0.0,0.0,6.0,10.0,4.0,6.0,0.0,1.0,0.0,0.0,1.0,5.0,1.0,1.0,1.0,0.0,1.0,0.0,1.0,0.0,carpet,mid,new,smart world gems,gurgaon,0.86
148.64,3.0,4.0,3.0,1.0,sector 92,8.0,1.0,0.0,0.0,0.0,0.0,0.0,0.0,0.0,0.0,0.0,0.0,0.0,1.0,0.0,0.0,0.0,0.0,0.0,0.0,6.0,10.0,4.0,6.0,0.0,1.0,0.0,0.0,1.0,5.0,1.0,1.0,1.0,0.0,1.0,0.0,1.0,0.0,carpet,low,old,apartment,gurgaon,0.75
288.0,4.0,5.0,3.0,1.0,sector 48,43.0,1.0,0.0,0.0,0.0,0.0,1.0,1.0,0.0,0.0,0.0,0.0,0.0,0.0,0.0,1.0,0.0,0.0,0.0,0.0,6.0,10.0,4.0,6.0,0.0,1.0,0.0,0.0,1.0,5.0,1.0,1.0,1.0,0.0,1.0,0.0,1.0,0.0,carpet,mid,new,vipul world floors,gurgaon,4.3
181.16,3.0,3.0,3.0,1.0,sector 70,15.0,1.0,0.0,0.0,1.0,0.0,1.0,1.0,0.0,0.0,0.0,0.0,0.0,1.0,0.0,0.0,0.0,0.0,0.0,0.0,6.0,10.0,4.0,6.0,0.0,1.0,0.0,0.0,1.0,5.0,1.0,1.0,1.0,0.0,1.0,0.0,1.0,0.0,super built up,high,new,shree vardhman victoria,gurgaon,1.9
163.51,3.0,4.0,3.0,1.0,sector 28,48.0,1.0,0.0,0.0,0.0,1.0,1.0,1.0,0.0,0.0,0.0,1.0,0.0,0.0,0.0,1.0,0.0,0.0,0.0,1.0,6.0,10.0,4.0,6.0,0.0,1.0,0.0,0.0,1.0,5.0,1.0,1.0,1.0,0.0,1.0,0.0,1.0,0.0,carpet,low,old,essel tower,gurgaon,2.2
222.97,3.0,3.0,3.0,0.0,sector 39,46.0,1.0,0.0,0.0,0.0,0.0,0.0,1.0,0.0,0.0,0.0,0.0,0.0,0.0,0.0,0.0,1.0,0.0,0.0,0.0,6.0,10.0,4.0,6.0,0.0,1.0,0.0,0.0,1.0,5.0,1.0,1.0,1.0,0.0,1.0,0.0,1.0,0.0,built up,low,under construction,milan cghs 9,gurgaon,2.0
78.97,1.0,1.0,1.0,0.0,sector 49,43.0,1.0,0.0,0.0,0.0,0.0,1.0,1.0,0.0,0.0,0.0,0.0,0.0,0.0,0.0,0.0,0.0,0.0,0.0,0.0,6.0,10.0,4.0,6.0,0.0,1.0,0.0,0.0,1.0,5.0,1.0,1.0,1.0,0.0,1.0,0.0,1.0,0.0,built up,high,under construction,element one service,gurgaon,1.0
69.68,3.0,3.0,1.0,0.0,sector 92,4.0,1.0,0.0,0.0,0.0,0.0,0.0,0.0,1.0,0.0,0.0,0.0,0.0,0.0,1.0,0.0,0.0,0.0,0.0,0.0,6.0,10.0,4.0,6.0,0.0,1.0,0.0,0.0,1.0,5.0,1.0,1.0,1.0,0.0,1.0,0.0,1.0,0.0,carpet,high,new,gls avenue 51,gurgaon,0.45
57.88,2.0,2.0,2.0,0.0,sector 33,47.0,1.0,0.0,0.0,0.0,0.0,0.0,1.0,0.0,0.0,0.0,0.0,0.0,0.0,0.0,0.0,1.0,0.0,0.0,0.0,6.0,10.0,4.0,6.0,0.0,1.0,0.0,0.0,1.0,5.0,1.0,1.0,1.0,0.0,1.0,0.0,1.0,0.0,built up,mid,under construction,breeze global heights,gurgaon,0.4
190.82,3.0,3.0,3.0,1.0,sector 65,9.0,1.0,0.0,0.0,0.0,0.0,1.0,0.0,1.0,1.0,0.0,1.0,0.0,0.0,1.0,0.0,0.0,0.0,0.0,0.0,6.0,10.0,4.0,6.0,0.0,1.0,0.0,0.0,1.0,5.0,1.0,1.0,1.0,0.0,1.0,0.0,1.0,0.0,carpet,high,new,m3m skycity,gurgaon,3.5
142.61,3.0,3.0,3.0,1.0,sector 37,12.0,1.0,0.0,0.0,0.0,0.0,1.0,0.0,1.0,0.0,0.0,0.0,1.0,0.0,0.0,1.0,0.0,0.0,0.0,0.0,6.0,10.0,4.0,6.0,0.0,1.0,0.0,0.0,1.0,5.0,1.0,1.0,1.0,0.0,1.0,0.0,1.0,0.0,built up,low,new,signature global city 37d ph 2,gurgaon,1.36
119.19,2.0,3.0,3.0,1.0,sector 108,9.0,1.0,0.0,0.0,1.0,0.0,1.0,0.0,1.0,1.0,0.0,0.0,1.0,0.0,0.0,0.0,0.0,0.0,0.0,0.0,6.0,10.0,4.0,6.0,0.0,1.0,0.0,0.0,1.0,5.0,1.0,1.0,1.0,0.0,1.0,0.0,1.0,0.0,built up,mid,new,experion the heartsong,gurgaon,1.02
88.26,2.0,2.0,2.0,0.0,sector 33,10.0,1.0,0.0,0.0,1.0,0.0,1.0,0.0,1.0,1.0,0.0,0.0,0.0,0.0,1.0,0.0,0.0,1.0,0.0,0.0,6.0,10.0,4.0,6.0,0.0,1.0,0.0,0.0,1.0,5.0,1.0,1.0,1.0,0.0,1.0,0.0,1.0,0.0,super built up,mid,new,breez global heights,sohna,0.4
213.21,3.0,1.0,0.0,0.0,sector 59,15.0,1.0,0.0,0.0,1.0,0.0,1.0,0.0,1.0,1.0,1.0,1.0,0.0,0.0,0.0,0.0,0.0,0.0,0.0,0.0,6.0,10.0,4.0,6.0,0.0,1.0,0.0,0.0,1.0,5.0,1.0,1.0,1.0,0.0,1.0,0.0,1.0,0.0,built up,low,under construction,conscient elevate,gurgaon,3.9
151.43,3.0,3.0,3.0,0.0,sector 61,13.0,1.0,0.0,0.0,1.0,0.0,1.0,0.0,1.0,1.0,1.0,1.0,0.0,0.0,0.0,0.0,0.0,0.0,0.0,0.0,6.0,10.0,4.0,6.0,0.0,1.0,0.0,0.0,1.0,5.0,1.0,1.0,1.0,0.0,1.0,0.0,1.0,0.0,built up,low,new,smart world orchard,gurgaon,2.41
175.03,3.0,3.0,2.0,0.0,sector 33,11.0,1.0,0.0,0.0,1.0,0.0,0.0,0.0,1.0,1.0,1.0,0.0,0.0,0.0,1.0,0.0,0.0,0.0,1.0,0.0,6.0,10.0,4.0,6.0,0.0,1.0,0.0,0.0,1.0,5.0,1.0,1.0,1.0,0.0,1.0,0.0,1.0,0.0,carpet,low,under construction,central park flower valley,sohna,2.5
169.83,3.0,3.0,2.0,0.0,sector 65,11.0,1.0,0.0,0.0,1.0,0.0,1.0,0.0,1.0,1.0,0.0,1.0,1.0,0.0,1.0,0.0,0.0,0.0,0.0,0.0,6.0,10.0,4.0,6.0,0.0,1.0,0.0,0.0,1.0,5.0,1.0,1.0,1.0,0.0,1.0,0.0,1.0,0.0,super built up,mid,mid aged,m3m heights,gurgaon,2.44
163.97,3.0,3.0,3.0,0.0,sector 76,4.0,0.0,0.0,0.0,1.0,0.0,0.0,0.0,1.0,0.0,0.0,0.0,1.0,0.0,0.0,0.0,0.0,0.0,0.0,0.0,6.0,10.0,4.0,6.0,0.0,1.0,0.0,0.0,1.0,5.0,1.0,1.0,1.0,0.0,1.0,0.0,1.0,0.0,super built up,mid,new,corona gracieux,gurgaon,1.05
232.26,4.0,3.0,1.0,0.0,sector 104,33.0,1.0,0.0,0.0,0.0,0.0,0.0,1.0,0.0,0.0,0.0,0.0,0.0,0.0,0.0,1.0,0.0,0.0,0.0,0.0,6.0,10.0,4.0,6.0,0.0,1.0,0.0,0.0,1.0,5.0,1.0,1.0,1.0,0.0,1.0,0.0,1.0,0.0,super built up,low,new,dlf city,gurgaon,2.02
31.6,1.0,1.0,1.0,0.0,sector 33,10.0,0.0,0.0,0.0,0.0,0.0,0.0,1.0,0.0,0.0,0.0,0.0,0.0,0.0,0.0,0.0,0.0,0.0,0.0,1.0,6.0,10.0,4.0,6.0,0.0,1.0,0.0,0.0,1.0,5.0,1.0,1.0,1.0,0.0,1.0,0.0,1.0,0.0,carpet,high,new,mvn athens,sohna,0.24
199.74,3.0,4.0,2.0,0.0,sector 43,14.0,0.0,0.0,0.0,0.0,1.0,1.0,0.0,1.0,1.0,0.0,1.0,0.0,0.0,1.0,0.0,1.0,1.0,0.0,0.0,6.0,10.0,4.0,6.0,0.0,1.0,0.0,0.0,1.0,5.0,1.0,1.0,1.0,0.0,1.0,0.0,1.0,0.0,super built up,mid,mid aged,silverglades hightown residences,gurgaon,4.2
114.74,2.0,2.0,2.0,1.0,sector 63,13.0,1.0,0.0,0.0,0.0,0.0,1.0,0.0,1.0,1.0,0.0,1.0,0.0,0.0,1.0,0.0,1.0,1.0,0.0,0.0,6.0,10.0,4.0,6.0,0.0,1.0,0.0,0.0,1.0,5.0,1.0,1.0,1.0,0.0,1.0,0.0,1.0,0.0,carpet,low,mid aged,signature global city 63a,gurgaon,1.4
52.86,2.0,2.0,2.0,0.0,sector 95,12.0,0.0,0.0,0.0,1.0,0.0,0.0,0.0,1.0,1.0,0.0,0.0,1.0,1.0,1.0,0.0,0.0,0.0,0.0,0.0,6.0,10.0,4.0,6.0,0.0,1.0,0.0,0.0,1.0,5.0,1.0,1.0,1.0,0.0,1.0,0.0,1.0,0.0,carpet,low,new,signature the roselia,gurgaon,0.45
103.12,2.0,2.0,3.0,1.0,sector 89,14.0,1.0,0.0,0.0,1.0,0.0,1.0,0.0,1.0,0.0,1.0,1.0,1.0,0.0,1.0,0.0,0.0,0.0,0.0,0.0,6.0,10.0,4.0,6.0,0.0,1.0,0.0,0.0,1.0,5.0,1.0,1.0,1.0,0.0,1.0,0.0,1.0,0.0,carpet,low,new,smart world gems,gurgaon,1.0
212.75,3.0,4.0,3.0,1.0,sector 104,13.0,1.0,0.0,0.0,1.0,0.0,1.0,0.0,1.0,1.0,0.0,1.0,1.0,0.0,1.0,0.0,1.0,0.0,0.0,0.0,6.0,10.0,4.0,6.0,0.0,1.0,0.0,0.0,1.0,5.0,1.0,1.0,1.0,0.0,1.0,0.0,1.0,0.0,super built up,mid,new,ats triumph,gurgaon,2.0
125.42,2.0,2.0,2.0,0.0,sector 33,8.0,1.0,0.0,0.0,1.0,0.0,0.0,0.0,1.0,0.0,0.0,0.0,1.0,0.0,0.0,0.0,0.0,0.0,0.0,0.0,6.0,10.0,4.0,6.0,0.0,1.0,0.0,0.0,1.0,5.0,1.0,1.0,1.0,0.0,1.0,0.0,1.0,0.0,built up,mid,old,silverglades the melia,sohna,0.75
312.15,4.0,4.0,3.0,1.0,sector 99,10.0,1.0,0.0,0.0,1.0,0.0,1.0,0.0,1.0,1.0,0.0,0.0,1.0,0.0,1.0,0.0,0.0,0.0,0.0,0.0,6.0,10.0,4.0,6.0,0.0,1.0,0.0,0.0,1.0,5.0,1.0,1.0,1.0,0.0,1.0,0.0,1.0,0.0,super built up,low,new,vatika sovereign park,gurgaon,3.25
135.36,2.0,2.0,3.0,1.0,sector 33,7.0,1.0,0.0,0.0,0.0,0.0,0.0,0.0,1.0,0.0,0.0,0.0,1.0,0.0,0.0,0.0,0.0,0.0,0.0,0.0,6.0,10.0,4.0,6.0,0.0,1.0,0.0,0.0,1.0,5.0,1.0,1.0,1.0,0.0,1.0,0.0,1.0,0.0,super built up,high,new,eldeco accolade,sohna,1.1
137.5,3.0,2.0,3.0,0.0,sector 86,10.0,1.0,0.0,0.0,1.0,0.0,0.0,0.0,1.0,1.0,0.0,0.0,1.0,0.0,0.0,0.0,0.0,0.0,0.0,0.0,6.0,10.0,4.0,6.0,0.0,1.0,0.0,0.0,1.0,5.0,1.0,1.0,1.0,0.0,1.0,0.0,1.0,0.0,built up,high,new,microtek greenburg,gurgaon,1.45
299.61,4.0,4.0,0.0,0.0,sector 99,10.0,1.0,0.0,0.0,1.0,0.0,1.0,0.0,1.0,1.0,0.0,0.0,1.0,0.0,1.0,0.0,0.0,0.0,0.0,0.0,6.0,10.0,4.0,6.0,0.0,1.0,0.0,0.0,1.0,5.0,1.0,1.0,1.0,0.0,1.0,0.0,1.0,0.0,built up,mid,mid aged,vatika sovereign park,gurgaon,3.2
50.5,2.0,2.0,2.0,0.0,sector 93,8.0,0.0,0.0,0.0,1.0,0.0,0.0,0.0,1.0,1.0,0.0,0.0,0.0,0.0,0.0,0.0,0.0,0.0,0.0,0.0,6.0,10.0,4.0,6.0,0.0,1.0,0.0,0.0,1.0,5.0,1.0,1.0,1.0,0.0,1.0,0.0,1.0,0.0,carpet,high,new,signature global orchard avenue,gurgaon,0.4
102.47,2.0,2.0,2.0,1.0,sector 89,14.0,1.0,0.0,0.0,1.0,0.0,1.0,0.0,1.0,0.0,1.0,1.0,1.0,0.0,1.0,0.0,0.0,0.0,0.0,0.0,6.0,10.0,4.0,6.0,0.0,1.0,0.0,0.0,1.0,5.0,1.0,1.0,1.0,0.0,1.0,0.0,1.0,0.0,carpet,mid,new,smart world gems,gurgaon,0.95
172.06,3.0,3.0,3.0,0.0,sector 102,13.0,1.0,0.0,0.0,1.0,1.0,0.0,0.0,1.0,1.0,0.0,0.0,1.0,0.0,1.0,0.0,0.0,1.0,0.0,0.0,6.0,10.0,4.0,6.0,0.0,1.0,0.0,0.0,1.0,5.0,1.0,1.0,1.0,0.0,1.0,0.0,1.0,0.0,super built up,high,new,shapoorji pallonji joyville gurugram,gurgaon,2.12
167.69,3.0,4.0,2.0,0.0,sector 93,9.0,1.0,0.0,0.0,1.0,0.0,0.0,0.0,1.0,1.0,0.0,0.0,1.0,0.0,1.0,0.0,0.0,0.0,0.0,0.0,6.0,10.0,4.0,6.0,0.0,1.0,0.0,0.0,1.0,5.0,1.0,1.0,1.0,0.0,1.0,0.0,1.0,0.0,super built up,high,new,spaze privvy the address,gurgaon,1.45
102.19,2.0,2.0,2.0,0.0,sector 69,42.0,1.0,0.0,0.0,0.0,1.0,1.0,1.0,0.0,0.0,0.0,0.0,0.0,0.0,0.0,1.0,0.0,1.0,0.0,0.0,6.0,10.0,4.0,6.0,0.0,1.0,0.0,0.0,1.0,5.0,1.0,1.0,1.0,0.0,1.0,0.0,1.0,0.0,built up,mid,old,surendra avenue 69,gurgaon,0.75
219.81,3.0,4.0,3.0,1.0,sector 79,10.0,0.0,0.0,0.0,0.0,0.0,0.0,0.0,1.0,1.0,0.0,0.0,0.0,0.0,0.0,0.0,0.0,0.0,1.0,0.0,6.0,10.0,4.0,6.0,0.0,1.0,0.0,0.0,1.0,5.0,1.0,1.0,1.0,0.0,1.0,0.0,1.0,0.0,carpet,low,new,godrej 101,gurgaon,2.0
242.11,5.0,5.0,3.0,1.0,sector 82,7.0,1.0,0.0,0.0,0.0,0.0,0.0,0.0,0.0,1.0,0.0,0.0,0.0,0.0,0.0,0.0,0.0,0.0,0.0,0.0,6.0,10.0,4.0,6.0,0.0,1.0,0.0,0.0,1.0,5.0,1.0,1.0,1.0,0.0,1.0,0.0,1.0,0.0,carpet,high,new,dlf the primus,gurgaon,3.5
106.84,2.0,2.0,2.0,0.0,sector 28,45.0,1.0,0.0,0.0,0.0,1.0,0.0,1.0,1.0,0.0,0.0,1.0,0.0,1.0,0.0,1.0,0.0,0.0,0.0,1.0,6.0,10.0,4.0,6.0,0.0,1.0,0.0,0.0,1.0,5.0,1.0,1.0,1.0,0.0,1.0,0.0,1.0,0.0,carpet,high,new,dlf regency park 1,gurgaon,1.91
164.44,3.0,3.0,3.0,0.0,sector 37,15.0,1.0,1.0,0.0,0.0,0.0,1.0,1.0,1.0,0.0,0.0,0.0,0.0,0.0,0.0,1.0,0.0,1.0,0.0,0.0,6.0,10.0,4.0,6.0,0.0,1.0,0.0,0.0,1.0,5.0,1.0,1.0,1.0,0.0,1.0,0.0,1.0,0.0,super built up,high,old,ramprastha the edge towers,gurgaon,1.0
60.39,3.0,3.0,3.0,0.0,sector 33,11.0,1.0,0.0,0.0,1.0,0.0,0.0,0.0,1.0,1.0,1.0,0.0,0.0,0.0,1.0,0.0,0.0,0.0,1.0,0.0,6.0,10.0,4.0,6.0,0.0,1.0,0.0,0.0,1.0,5.0,1.0,1.0,1.0,0.0,1.0,0.0,1.0,0.0,super built up,low,mid aged,central park flower valley,sohna,1.4
52.68,2.0,2.0,2.0,0.0,sector 33,6.0,0.0,0.0,0.0,0.0,0.0,0.0,0.0,0.0,1.0,0.0,0.0,1.0,0.0,0.0,0.0,1.0,0.0,0.0,0.0,6.0,10.0,4.0,6.0,0.0,1.0,0.0,0.0,1.0,5.0,1.0,1.0,1.0,0.0,1.0,0.0,1.0,0.0,super built up,mid,new,gls arawali homes,sohna,0.35
83.61204013377927,2.0,2.0,3.0,1.0,sector 104,15.0,1.0,0.0,0.0,1.0,0.0,0.0,0.0,1.0,1.0,1.0,1.0,1.0,0.0,1.0,0.0,0.0,0.0,1.0,0.0,6.0,10.0,4.0,6.0,0.0,1.0,0.0,0.0,1.0,5.0,1.0,1.0,1.0,0.0,1.0,0.0,1.0,0.0,carpet,high,new,godrej summit,gurgaon,0.82
118.45,2.0,2.0,2.0,0.0,sector 33,13.0,1.0,0.0,0.0,1.0,0.0,1.0,0.0,1.0,0.0,0.0,0.0,0.0,1.0,1.0,0.0,0.0,1.0,0.0,0.0,6.0,10.0,4.0,6.0,0.0,1.0,0.0,0.0,1.0,5.0,1.0,1.0,1.0,0.0,1.0,0.0,1.0,0.0,super built up,high,new,ashiana anmol,sohna,0.88
126.16,2.0,2.0,2.0,0.0,sector 65,11.0,1.0,0.0,0.0,1.0,0.0,1.0,0.0,1.0,1.0,0.0,1.0,1.0,0.0,1.0,0.0,0.0,0.0,0.0,0.0,6.0,10.0,4.0,6.0,0.0,1.0,0.0,0.0,1.0,5.0,1.0,1.0,1.0,0.0,1.0,0.0,1.0,0.0,built up,high,under construction,m3m heights,gurgaon,1.9
44.75,2.0,2.0,1.0,0.0,sector 33,10.0,0.0,0.0,0.0,0.0,0.0,0.0,1.0,0.0,0.0,0.0,0.0,0.0,0.0,0.0,0.0,0.0,0.0,0.0,1.0,6.0,10.0,4.0,6.0,0.0,1.0,0.0,0.0,1.0,5.0,1.0,1.0,1.0,0.0,1.0,0.0,1.0,0.0,carpet,mid,new,mvn athens,sohna,0.26
53.51,2.0,2.0,2.0,0.0,sector 33,6.0,0.0,0.0,0.0,0.0,0.0,0.0,0.0,0.0,1.0,0.0,0.0,1.0,0.0,0.0,0.0,1.0,0.0,0.0,0.0,6.0,10.0,4.0,6.0,0.0,1.0,0.0,0.0,1.0,5.0,1.0,1.0,1.0,0.0,1.0,0.0,1.0,0.0,carpet,low,new,gls arawali homes,sohna,0.27
99.87,2.0,2.0,2.0,1.0,sector 81,6.0,0.0,0.0,0.0,1.0,0.0,0.0,0.0,1.0,0.0,0.0,0.0,1.0,0.0,0.0,0.0,0.0,0.0,0.0,0.0,6.0,10.0,4.0,6.0,0.0,1.0,0.0,0.0,1.0,5.0,1.0,1.0,1.0,0.0,1.0,0.0,1.0,0.0,carpet,low,mid aged,signature global city 81,gurgaon,0.89
65.03,4.0,5.0,3.0,0.0,sector 24,41.0,1.0,0.0,0.0,0.0,1.0,0.0,1.0,0.0,0.0,0.0,1.0,0.0,0.0,0.0,1.0,0.0,0.0,0.0,1.0,6.0,10.0,4.0,6.0,0.0,1.0,0.0,0.0,1.0,5.0,1.0,1.0,1.0,0.0,1.0,0.0,1.0,0.0,built up,low,under construction,ambience caitriona,gurgaon,14.0
157.01,3.0,3.0,2.0,0.0,sector 86,4.0,1.0,0.0,0.0,1.0,0.0,0.0,0.0,1.0,0.0,0.0,0.0,1.0,0.0,0.0,0.0,0.0,0.0,0.0,0.0,6.0,10.0,4.0,6.0,0.0,1.0,0.0,0.0,1.0,5.0,1.0,1.0,1.0,0.0,1.0,0.0,1.0,0.0,built up,high,new,ansal heights 86,gurgaon,0.9
184.88,3.0,3.0,3.0,0.0,sector 37,15.0,1.0,1.0,0.0,0.0,0.0,1.0,1.0,1.0,0.0,0.0,0.0,0.0,0.0,0.0,1.0,0.0,1.0,0.0,0.0,6.0,10.0,4.0,6.0,0.0,1.0,0.0,0.0,1.0,5.0,1.0,1.0,1.0,0.0,1.0,0.0,1.0,0.0,built up,high,under construction,ramprastha the edge towers,gurgaon,1.1
99.13,2.0,2.0,2.0,1.0,sector 89,14.0,1.0,0.0,0.0,1.0,0.0,1.0,0.0,1.0,0.0,1.0,1.0,1.0,0.0,1.0,0.0,0.0,0.0,0.0,0.0,6.0,10.0,4.0,6.0,0.0,1.0,0.0,0.0,1.0,5.0,1.0,1.0,1.0,0.0,1.0,0.0,1.0,0.0,super built up,low,mid aged,smart world gems,gurgaon,0.95
64.1,2.0,2.0,1.0,0.0,sector 90,15.0,1.0,0.0,0.0,0.0,0.0,0.0,1.0,1.0,0.0,0.0,0.0,0.0,1.0,0.0,0.0,1.0,1.0,0.0,0.0,6.0,10.0,4.0,6.0,0.0,1.0,0.0,0.0,1.0,5.0,1.0,1.0,1.0,0.0,1.0,0.0,1.0,0.0,carpet,high,new,green court,gurgaon,0.47
42.5,2.0,2.0,1.0,0.0,sector 33,10.0,0.0,0.0,0.0,0.0,0.0,0.0,1.0,0.0,0.0,0.0,0.0,0.0,0.0,0.0,0.0,0.0,0.0,0.0,1.0,6.0,10.0,4.0,6.0,0.0,1.0,0.0,0.0,1.0,5.0,1.0,1.0,1.0,0.0,1.0,0.0,1.0,0.0,carpet,high,new,mvn athens,sohna,0.27
142.14,2.0,2.0,3.0,1.0,sector 79,3.0,0.0,0.0,0.0,0.0,0.0,0.0,0.0,0.0,0.0,0.0,0.0,0.0,1.0,0.0,0.0,0.0,0.0,0.0,1.0,6.0,10.0,4.0,6.0,0.0,1.0,0.0,0.0,1.0,5.0,1.0,1.0,1.0,0.0,1.0,0.0,1.0,0.0,super built up,mid,new,supertech araville,gurgaon,0.95
202.16,3.0,3.0,3.0,1.0,sector 78,7.0,1.0,0.0,0.0,0.0,0.0,0.0,1.0,0.0,0.0,0.0,1.0,0.0,0.0,0.0,0.0,0.0,0.0,0.0,0.0,6.0,10.0,4.0,6.0,0.0,1.0,0.0,0.0,1.0,5.0,1.0,1.0,1.0,0.0,1.0,0.0,1.0,0.0,super built up,high,old,umang monsoon breeze,gurgaon,1.15
148.92,3.0,3.0,3.0,0.0,sector 37,9.0,1.0,0.0,0.0,1.0,0.0,1.0,0.0,1.0,1.0,1.0,0.0,1.0,0.0,0.0,0.0,0.0,0.0,0.0,0.0,6.0,10.0,4.0,6.0,0.0,1.0,0.0,0.0,1.0,5.0,1.0,1.0,1.0,0.0,1.0,0.0,1.0,0.0,super built up,high,under construction,ild greens,gurgaon,0.9
210.61,3.0,3.0,1.0,1.0,sector 109,10.0,1.0,0.0,0.0,0.0,0.0,0.0,0.0,0.0,0.0,1.0,0.0,0.0,0.0,0.0,1.0,0.0,0.0,0.0,0.0,6.0,10.0,4.0,6.0,0.0,1.0,0.0,0.0,1.0,5.0,1.0,1.0,1.0,0.0,1.0,0.0,1.0,0.0,carpet,mid,new,brisk lumbini terrace homes,gurgaon,1.5
185.81,3.0,4.0,2.0,1.0,sector 12,50.0,1.0,0.0,0.0,0.0,0.0,0.0,1.0,1.0,0.0,0.0,0.0,0.0,1.0,0.0,1.0,0.0,0.0,0.0,0.0,6.0,10.0,4.0,6.0,0.0,1.0,0.0,0.0,1.0,5.0,1.0,1.0,1.0,0.0,1.0,0.0,1.0,0.0,built up,low,old,bhagwati sadan,gurgaon,1.15
263.38,4.0,4.0,3.0,0.0,sector 99,11.0,1.0,0.0,0.0,0.0,0.0,1.0,0.0,1.0,1.0,0.0,1.0,1.0,0.0,1.0,0.0,0.0,0.0,0.0,0.0,6.0,10.0,4.0,6.0,0.0,1.0,0.0,0.0,1.0,5.0,1.0,1.0,1.0,0.0,1.0,0.0,1.0,0.0,built up,low,under construction,assotech blith,gurgaon,1.9
163.51,3.0,4.0,3.0,0.0,sector 28,48.0,1.0,0.0,0.0,0.0,0.0,0.0,1.0,0.0,0.0,0.0,1.0,0.0,0.0,0.0,1.0,1.0,0.0,0.0,1.0,6.0,10.0,4.0,6.0,0.0,1.0,0.0,0.0,1.0,5.0,1.0,1.0,1.0,0.0,1.0,0.0,1.0,0.0,carpet,low,under construction,essel towers,gurgaon,2.2
163.51,3.0,4.0,3.0,0.0,sector 28,48.0,1.0,0.0,0.0,0.0,0.0,0.0,1.0,0.0,0.0,0.0,1.0,0.0,0.0,0.0,1.0,1.0,0.0,0.0,1.0,6.0,10.0,4.0,6.0,0.0,1.0,0.0,0.0,1.0,5.0,1.0,1.0,1.0,0.0,1.0,0.0,1.0,0.0,carpet,low,under construction,essel towers,gurgaon,2.2
445.93,6.0,7.0,3.0,1.0,sector 70,10.0,1.0,0.0,0.0,1.0,0.0,1.0,0.0,1.0,1.0,0.0,0.0,0.0,0.0,1.0,0.0,0.0,0.0,0.0,0.0,6.0,10.0,4.0,6.0,0.0,1.0,0.0,0.0,1.0,5.0,1.0,1.0,1.0,0.0,1.0,0.0,1.0,0.0,carpet,high,new,tulip ivory,gurgaon,5.0
125.42,2.0,2.0,3.0,1.0,sector 84,3.0,0.0,0.0,0.0,0.0,1.0,1.0,0.0,1.0,0.0,0.0,0.0,0.0,0.0,0.0,0.0,0.0,0.0,0.0,0.0,6.0,10.0,4.0,6.0,0.0,1.0,0.0,0.0,1.0,5.0,1.0,1.0,1.0,0.0,1.0,0.0,1.0,0.0,super built up,high,new,antriksh heights,gurgaon,0.85
167.23,4.0,3.0,3.0,1.0,sector 55,42.0,1.0,0.0,0.0,0.0,1.0,1.0,1.0,1.0,0.0,0.0,1.0,0.0,1.0,0.0,1.0,1.0,0.0,0.0,1.0,6.0,10.0,4.0,6.0,0.0,1.0,0.0,0.0,1.0,5.0,1.0,1.0,1.0,0.0,1.0,0.0,1.0,0.0,carpet,high,old,sidhivinayak apartments,gurgaon,1.9
197.42,3.0,4.0,3.0,1.0,sector 70,7.0,1.0,0.0,0.0,1.0,0.0,1.0,0.0,1.0,1.0,0.0,0.0,0.0,0.0,0.0,0.0,0.0,0.0,0.0,0.0,6.0,10.0,4.0,6.0,0.0,1.0,0.0,0.0,1.0,5.0,1.0,1.0,1.0,0.0,1.0,0.0,1.0,0.0,super built up,high,new,krrish florence estate,gurgaon,1.65
146.69,3.0,3.0,2.0,0.0,sector 113,8.0,1.0,0.0,0.0,1.0,0.0,0.0,0.0,1.0,0.0,0.0,0.0,1.0,0.0,0.0,0.0,0.0,0.0,0.0,0.0,6.0,10.0,4.0,6.0,0.0,1.0,0.0,0.0,1.0,5.0,1.0,1.0,1.0,0.0,1.0,0.0,1.0,0.0,super built up,high,mid aged,la vida by tata housing,gurgaon,1.93
111.48,2.0,2.0,2.0,0.0,sector 71,15.0,1.0,1.0,0.0,0.0,0.0,1.0,1.0,0.0,1.0,0.0,0.0,0.0,0.0,1.0,0.0,1.0,0.0,0.0,0.0,6.0,10.0,4.0,6.0,0.0,1.0,0.0,0.0,1.0,5.0,1.0,1.0,1.0,0.0,1.0,0.0,1.0,0.0,super built up,mid,old,chd avenue 71,gurgaon,0.82
43.48,2.0,2.0,2.0,0.0,sector 33,6.0,0.0,0.0,0.0,0.0,0.0,0.0,0.0,0.0,1.0,0.0,0.0,1.0,0.0,0.0,0.0,1.0,0.0,0.0,0.0,6.0,10.0,4.0,6.0,0.0,1.0,0.0,0.0,1.0,5.0,1.0,1.0,1.0,0.0,1.0,0.0,1.0,0.0,carpet,low,new,gls arawali homes,sohna,0.28
44.97,1.0,1.0,0.0,0.0,sector 33,13.0,1.0,0.0,0.0,0.0,1.0,1.0,1.0,1.0,0.0,0.0,1.0,1.0,0.0,0.0,1.0,1.0,0.0,0.0,0.0,6.0,10.0,4.0,6.0,0.0,1.0,0.0,0.0,1.0,5.0,1.0,1.0,1.0,0.0,1.0,0.0,1.0,0.0,built up,low,under construction,trisara our homes 3,sohna,0.21
106.84,2.0,2.0,2.0,1.0,sector 61,9.0,1.0,0.0,0.0,1.0,0.0,0.0,0.0,1.0,1.0,1.0,1.0,0.0,0.0,0.0,0.0,0.0,0.0,0.0,0.0,6.0,10.0,4.0,6.0,0.0,1.0,0.0,0.0,1.0,5.0,1.0,1.0,1.0,0.0,1.0,0.0,1.0,0.0,carpet,low,mid aged,smart world orchard,gurgaon,1.6
116.13,3.0,3.0,3.0,0.0,sector 37,10.0,1.0,0.0,0.0,1.0,0.0,1.0,0.0,1.0,1.0,0.0,0.0,1.0,0.0,1.0,0.0,0.0,0.0,0.0,0.0,6.0,10.0,4.0,6.0,0.0,1.0,0.0,0.0,1.0,5.0,1.0,1.0,1.0,0.0,1.0,0.0,1.0,0.0,carpet,low,mid aged,signature global city,gurgaon,1.1
213.49,4.0,4.0,3.0,1.0,sector 113,8.0,1.0,0.0,0.0,1.0,0.0,0.0,0.0,1.0,1.0,1.0,1.0,1.0,0.0,0.0,0.0,0.0,0.0,0.0,0.0,6.0,10.0,4.0,6.0,0.0,1.0,0.0,0.0,1.0,5.0,1.0,1.0,1.0,0.0,1.0,0.0,1.0,0.0,carpet,high,new,m3m capital,gurgaon,3.25
132.2,2.0,2.0,3.0,0.0,sector 103,15.0,1.0,0.0,0.0,1.0,1.0,1.0,0.0,1.0,1.0,1.0,1.0,1.0,0.0,1.0,0.0,0.0,0.0,0.0,0.0,6.0,10.0,4.0,6.0,0.0,1.0,0.0,0.0,1.0,5.0,1.0,1.0,1.0,0.0,1.0,0.0,1.0,0.0,super built up,low,old,indiabulls centrum park,gurgaon,1.2
55.93,2.0,2.0,2.0,0.0,sector 33,13.0,1.0,0.0,0.0,0.0,1.0,1.0,1.0,1.0,0.0,0.0,1.0,1.0,0.0,0.0,1.0,1.0,0.0,0.0,0.0,6.0,10.0,4.0,6.0,0.0,1.0,0.0,0.0,1.0,5.0,1.0,1.0,1.0,0.0,1.0,0.0,1.0,0.0,built up,low,under construction,trisara our homes 3,sohna,0.38
143.91,3.0,3.0,3.0,1.0,sector 61,9.0,1.0,0.0,0.0,1.0,0.0,0.0,0.0,1.0,1.0,1.0,1.0,0.0,0.0,0.0,0.0,0.0,0.0,0.0,0.0,6.0,10.0,4.0,6.0,0.0,1.0,0.0,0.0,1.0,5.0,1.0,1.0,1.0,0.0,1.0,0.0,1.0,0.0,super built up,low,new,smart world orchard,gurgaon,2.45
102.47,2.0,2.0,2.0,1.0,sector 89,14.0,1.0,0.0,0.0,1.0,0.0,1.0,0.0,1.0,0.0,1.0,1.0,1.0,0.0,1.0,0.0,0.0,0.0,0.0,0.0,6.0,10.0,4.0,6.0,0.0,1.0,0.0,0.0,1.0,5.0,1.0,1.0,1.0,0.0,1.0,0.0,1.0,0.0,carpet,low,mid aged,smart world gems,gurgaon,0.85
273.13,4.0,5.0,2.0,1.0,sector 54,3.0,0.0,0.0,0.0,0.0,0.0,0.0,0.0,0.0,0.0,0.0,0.0,0.0,0.0,0.0,0.0,0.0,0.0,0.0,1.0,6.0,10.0,4.0,6.0,0.0,1.0,0.0,0.0,1.0,5.0,1.0,1.0,1.0,0.0,1.0,0.0,1.0,0.0,super built up,high,new,dlf royalton tower,gurgaon,6.5
60.39,2.0,2.0,1.0,0.0,sector 3,48.0,1.0,0.0,0.0,0.0,0.0,0.0,0.0,0.0,0.0,0.0,0.0,0.0,0.0,0.0,1.0,0.0,0.0,0.0,0.0,6.0,10.0,4.0,6.0,0.0,1.0,0.0,0.0,1.0,5.0,1.0,1.0,1.0,0.0,1.0,0.0,1.0,0.0,super built up,low,new,ashok vihar phase 2,gurgaon,0.28
145.39,3.0,3.0,0.0,0.0,sector 70,4.0,0.0,0.0,0.0,1.0,0.0,0.0,0.0,1.0,0.0,0.0,0.0,0.0,0.0,0.0,0.0,0.0,0.0,0.0,0.0,6.0,10.0,4.0,6.0,0.0,1.0,0.0,0.0,1.0,5.0,1.0,1.0,1.0,0.0,1.0,0.0,1.0,0.0,built up,mid,under construction,unitech vistas,gurgaon,9.0
185.81,4.0,4.0,3.0,0.0,sector 2,15.0,1.0,0.0,0.0,0.0,1.0,1.0,1.0,1.0,0.0,0.0,0.0,0.0,0.0,0.0,1.0,0.0,0.0,0.0,0.0,6.0,10.0,4.0,6.0,0.0,1.0,0.0,0.0,1.0,5.0,1.0,1.0,1.0,0.0,1.0,0.0,1.0,0.0,super built up,high,old,valley view estate,gurgaon,1.5
141.12,2.0,2.0,2.0,1.0,sector 79,3.0,0.0,0.0,0.0,0.0,0.0,0.0,0.0,0.0,0.0,0.0,0.0,0.0,1.0,0.0,0.0,0.0,0.0,0.0,1.0,6.0,10.0,4.0,6.0,0.0,1.0,0.0,0.0,1.0,5.0,1.0,1.0,1.0,0.0,1.0,0.0,1.0,0.0,carpet,high,new,supertech araville,gurgaon,0.8
194.45,4.0,3.0,3.0,1.0,sector 92,8.0,1.0,0.0,0.0,0.0,0.0,0.0,0.0,0.0,0.0,0.0,0.0,0.0,1.0,0.0,0.0,0.0,0.0,0.0,0.0,6.0,10.0,4.0,6.0,0.0,1.0,0.0,0.0,1.0,5.0,1.0,1.0,1.0,0.0,1.0,0.0,1.0,0.0,built up,high,under construction,sare petioles,gurgaon,1.22
66.52,2.0,2.0,2.0,0.0,sector 90,9.0,1.0,0.0,0.0,1.0,0.0,0.0,0.0,1.0,1.0,1.0,1.0,0.0,0.0,0.0,0.0,0.0,0.0,0.0,0.0,6.0,10.0,4.0,6.0,0.0,1.0,0.0,0.0,1.0,5.0,1.0,1.0,1.0,0.0,1.0,0.0,1.0,0.0,carpet,low,mid aged,mrg world ultimus,gurgaon,0.5
126.81,2.0,2.0,3.0,0.0,sector 99,11.0,1.0,0.0,0.0,0.0,0.0,1.0,0.0,1.0,1.0,0.0,1.0,1.0,0.0,1.0,0.0,0.0,0.0,0.0,0.0,6.0,10.0,4.0,6.0,0.0,1.0,0.0,0.0,1.0,5.0,1.0,1.0,1.0,0.0,1.0,0.0,1.0,0.0,super built up,high,mid aged,assotech blith,gurgaon,0.92
120.31,2.0,2.0,3.0,1.0,sector 79,3.0,0.0,0.0,0.0,0.0,0.0,0.0,0.0,0.0,0.0,0.0,0.0,0.0,1.0,0.0,0.0,0.0,0.0,0.0,1.0,6.0,10.0,4.0,6.0,0.0,1.0,0.0,0.0,1.0,5.0,1.0,1.0,1.0,0.0,1.0,0.0,1.0,0.0,super built up,high,new,supertech araville,gurgaon,0.72
126.44,2.0,2.0,3.0,0.0,sector 103,18.0,1.0,0.0,0.0,0.0,0.0,0.0,1.0,0.0,0.0,1.0,0.0,0.0,0.0,0.0,0.0,0.0,0.0,0.0,1.0,6.0,10.0,4.0,6.0,0.0,1.0,0.0,0.0,1.0,5.0,1.0,1.0,1.0,0.0,1.0,0.0,1.0,0.0,super built up,low,new,ansal housing highland park,gurgaon,0.88
140.28,4.0,3.0,3.0,1.0,sector 106,11.0,1.0,0.0,0.0,1.0,0.0,1.0,0.0,1.0,1.0,0.0,1.0,1.0,0.0,1.0,0.0,0.0,0.0,0.0,0.0,6.0,10.0,4.0,6.0,0.0,1.0,0.0,0.0,1.0,5.0,1.0,1.0,1.0,0.0,1.0,0.0,1.0,0.0,carpet,high,old,paras dews,gurgaon,1.35
182.09,3.0,4.0,3.0,0.0,sector 82,11.0,0.0,0.0,0.0,1.0,0.0,1.0,0.0,1.0,1.0,0.0,0.0,0.0,0.0,1.0,0.0,0.0,0.0,0.0,0.0,6.0,10.0,4.0,6.0,0.0,1.0,0.0,0.0,1.0,5.0,1.0,1.0,1.0,0.0,1.0,0.0,1.0,0.0,super built up,high,mid aged,mapsko casa bella,gurgaon,1.25
92.62,2.0,2.0,2.0,0.0,sector 47,45.0,1.0,0.0,0.0,0.0,0.0,1.0,1.0,0.0,0.0,0.0,0.0,0.0,0.0,0.0,0.0,0.0,0.0,0.0,1.0,6.0,10.0,4.0,6.0,0.0,1.0,0.0,0.0,1.0,5.0,1.0,1.0,1.0,0.0,1.0,0.0,1.0,0.0,carpet,low,new,unitech uniworld gardens 2,gurgaon,1.05
121.7,2.0,2.0,3.0,0.0,sector 37,6.0,1.0,0.0,0.0,1.0,0.0,0.0,0.0,1.0,1.0,0.0,0.0,1.0,0.0,0.0,0.0,0.0,0.0,0.0,0.0,6.0,10.0,4.0,6.0,0.0,1.0,0.0,0.0,1.0,5.0,1.0,1.0,1.0,0.0,1.0,0.0,1.0,0.0,built up,high,under construction,ild grand,gurgaon,0.66
101.73,2.0,2.0,2.0,1.0,sector 70,4.0,0.0,0.0,0.0,1.0,0.0,0.0,0.0,1.0,0.0,0.0,0.0,0.0,0.0,0.0,0.0,0.0,0.0,0.0,0.0,6.0,10.0,4.0,6.0,0.0,1.0,0.0,0.0,1.0,5.0,1.0,1.0,1.0,0.0,1.0,0.0,1.0,0.0,super built up,high,mid aged,unitech vistas,gurgaon,0.53
128.21,2.0,2.0,3.0,0.0,sector 37,15.0,1.0,1.0,0.0,0.0,0.0,1.0,1.0,1.0,0.0,0.0,0.0,0.0,0.0,0.0,1.0,0.0,1.0,0.0,0.0,6.0,10.0,4.0,6.0,0.0,1.0,0.0,0.0,1.0,5.0,1.0,1.0,1.0,0.0,1.0,0.0,1.0,0.0,super built up,low,new,ramprastha the edge towers,gurgaon,0.8
132.2,3.0,2.0,0.0,0.0,sector 89,14.0,1.0,0.0,0.0,1.0,0.0,1.0,0.0,1.0,0.0,1.0,1.0,1.0,0.0,1.0,0.0,0.0,0.0,0.0,0.0,6.0,10.0,4.0,6.0,0.0,1.0,0.0,0.0,1.0,5.0,1.0,1.0,1.0,0.0,1.0,0.0,1.0,0.0,built up,low,under construction,smart world gems,gurgaon,1.71
65.03,1.0,1.0,0.0,0.0,sector 83,10.0,1.0,0.0,0.0,0.0,0.0,0.0,0.0,0.0,0.0,0.0,0.0,0.0,1.0,0.0,0.0,0.0,0.0,0.0,1.0,6.0,10.0,4.0,6.0,0.0,1.0,0.0,0.0,1.0,5.0,1.0,1.0,1.0,0.0,1.0,0.0,1.0,0.0,built up,mid,under construction,sapphire eighty three,gurgaon,0.65
185.53,3.0,3.0,0.0,0.0,sector 99,15.0,1.0,0.0,0.0,1.0,1.0,1.0,1.0,1.0,1.0,0.0,0.0,0.0,0.0,1.0,0.0,0.0,0.0,0.0,0.0,6.0,10.0,4.0,6.0,0.0,1.0,0.0,0.0,1.0,5.0,1.0,1.0,1.0,0.0,1.0,0.0,1.0,0.0,built up,high,under construction,pareena coban residences,gurgaon,1.3
128.39,3.0,3.0,3.0,0.0,sector 54,47.0,1.0,0.0,0.0,0.0,1.0,0.0,1.0,0.0,0.0,0.0,1.0,0.0,1.0,0.0,1.0,1.0,0.0,0.0,1.0,6.0,10.0,4.0,6.0,0.0,1.0,0.0,0.0,1.0,5.0,1.0,1.0,1.0,0.0,1.0,0.0,1.0,0.0,built up,low,under construction,dlf the grove,gurgaon,5.7
311.23,4.0,4.0,3.0,0.0,sector 110,15.0,1.0,0.0,0.0,1.0,1.0,0.0,0.0,1.0,1.0,1.0,1.0,1.0,0.0,0.0,0.0,0.0,0.0,0.0,0.0,6.0,10.0,4.0,6.0,0.0,1.0,0.0,0.0,1.0,5.0,1.0,1.0,1.0,0.0,1.0,0.0,1.0,0.0,built up,high,new,indiabulls enigma,gurgaon,4.0
169.83,3.0,3.0,0.0,0.0,sector 65,9.0,1.0,0.0,0.0,0.0,0.0,1.0,0.0,1.0,1.0,0.0,1.0,0.0,0.0,1.0,0.0,0.0,0.0,0.0,0.0,6.0,10.0,4.0,6.0,0.0,1.0,0.0,0.0,1.0,5.0,1.0,1.0,1.0,0.0,1.0,0.0,1.0,0.0,built up,high,under construction,m3m skycity,gurgaon,2.8
55.74,1.0,1.0,2.0,0.0,sector 56,47.0,1.0,0.0,0.0,0.0,1.0,1.0,1.0,0.0,0.0,0.0,1.0,0.0,1.0,0.0,1.0,1.0,0.0,0.0,1.0,6.0,10.0,4.0,6.0,0.0,1.0,0.0,0.0,1.0,5.0,1.0,1.0,1.0,0.0,1.0,0.0,1.0,0.0,carpet,low,under construction,sobha smriti apartments,gurgaon,0.5
76.37,2.0,2.0,3.0,0.0,sector 33,8.0,1.0,0.0,0.0,0.0,0.0,0.0,0.0,1.0,1.0,1.0,1.0,0.0,0.0,0.0,0.0,0.0,0.0,0.0,0.0,6.0,10.0,4.0,6.0,0.0,1.0,0.0,0.0,1.0,5.0,1.0,1.0,1.0,0.0,1.0,0.0,1.0,0.0,built up,low,new,signature global park,sohna,0.65
132.85,2.0,2.0,3.0,0.0,sector 37,9.0,1.0,0.0,0.0,1.0,0.0,1.0,0.0,1.0,1.0,1.0,0.0,1.0,0.0,0.0,0.0,0.0,0.0,0.0,0.0,6.0,10.0,4.0,6.0,0.0,1.0,0.0,0.0,1.0,5.0,1.0,1.0,1.0,0.0,1.0,0.0,1.0,0.0,built up,high,under construction,ild greens,gurgaon,0.75
161.19,3.0,3.0,3.0,0.0,sector 77,10.0,1.0,0.0,0.0,1.0,0.0,1.0,0.0,1.0,1.0,0.0,0.0,1.0,0.0,0.0,0.0,0.0,0.0,0.0,0.0,6.0,10.0,4.0,6.0,0.0,1.0,0.0,0.0,1.0,5.0,1.0,1.0,1.0,0.0,1.0,0.0,1.0,0.0,built up,high,under construction,umang winter hills,gurgaon,1.4
181.16,3.0,4.0,3.0,1.0,sector 70,15.0,1.0,0.0,0.0,1.0,0.0,1.0,1.0,0.0,0.0,0.0,0.0,0.0,1.0,0.0,0.0,0.0,0.0,0.0,0.0,6.0,10.0,4.0,6.0,0.0,1.0,0.0,0.0,1.0,5.0,1.0,1.0,1.0,0.0,1.0,0.0,1.0,0.0,super built up,low,new,shree vardhman victoria,gurgaon,1.8
92.9,2.0,2.0,3.0,0.0,sector 33,8.0,1.0,0.0,0.0,1.0,0.0,0.0,0.0,1.0,1.0,0.0,0.0,0.0,0.0,0.0,0.0,0.0,0.0,0.0,0.0,6.0,10.0,4.0,6.0,0.0,1.0,0.0,0.0,1.0,5.0,1.0,1.0,1.0,0.0,1.0,0.0,1.0,0.0,carpet,low,mid aged,godrej nature plus,sohna,1.2
126.81,2.0,2.0,3.0,0.0,sector 103,15.0,1.0,0.0,0.0,1.0,1.0,1.0,0.0,1.0,1.0,1.0,1.0,1.0,0.0,1.0,0.0,0.0,0.0,0.0,0.0,6.0,10.0,4.0,6.0,0.0,1.0,0.0,0.0,1.0,5.0,1.0,1.0,1.0,0.0,1.0,0.0,1.0,0.0,built up,low,new,indiabulls centrum park,gurgaon,1.05
123.19,3.0,2.0,2.0,0.0,sector 92,8.0,1.0,0.0,0.0,0.0,0.0,0.0,0.0,0.0,0.0,0.0,0.0,0.0,1.0,0.0,0.0,0.0,0.0,0.0,0.0,6.0,10.0,4.0,6.0,0.0,1.0,0.0,0.0,1.0,5.0,1.0,1.0,1.0,0.0,1.0,0.0,1.0,0.0,carpet,high,new,sare crescent parc,gurgaon,0.66
212.75,3.0,3.0,3.0,1.0,sector 104,13.0,1.0,0.0,0.0,1.0,0.0,1.0,0.0,1.0,1.0,0.0,1.0,1.0,0.0,1.0,0.0,1.0,0.0,0.0,0.0,6.0,10.0,4.0,6.0,0.0,1.0,0.0,0.0,1.0,5.0,1.0,1.0,1.0,0.0,1.0,0.0,1.0,0.0,carpet,low,new,ats triumph,gurgaon,1.95
102.47,2.0,2.0,2.0,1.0,sector 89,14.0,1.0,0.0,0.0,1.0,0.0,1.0,0.0,1.0,0.0,1.0,1.0,1.0,0.0,1.0,0.0,0.0,0.0,0.0,0.0,6.0,10.0,4.0,6.0,0.0,1.0,0.0,0.0,1.0,5.0,1.0,1.0,1.0,0.0,1.0,0.0,1.0,0.0,super built up,low,new,smart world gems,gurgaon,0.9
68.84,2.0,2.0,2.0,0.0,sector 76,6.0,1.0,0.0,0.0,1.0,0.0,1.0,0.0,1.0,1.0,0.0,0.0,0.0,0.0,0.0,0.0,0.0,0.0,0.0,0.0,6.0,10.0,4.0,6.0,0.0,1.0,0.0,0.0,1.0,5.0,1.0,1.0,1.0,0.0,1.0,0.0,1.0,0.0,carpet,high,under construction,suncity avenue 76,gurgaon,0.55
146.04,3.0,3.0,0.0,0.0,sector 92,14.0,1.0,0.0,0.0,0.0,0.0,0.0,1.0,1.0,0.0,0.0,0.0,1.0,0.0,0.0,1.0,0.0,0.0,0.0,0.0,6.0,10.0,4.0,6.0,0.0,1.0,0.0,0.0,1.0,5.0,1.0,1.0,1.0,0.0,1.0,0.0,1.0,0.0,built up,mid,under construction,raheja sampada,gurgaon,0.7
52.68,2.0,2.0,0.0,0.0,sector 33,6.0,0.0,0.0,0.0,0.0,0.0,0.0,0.0,0.0,1.0,0.0,0.0,1.0,0.0,0.0,0.0,1.0,0.0,0.0,0.0,6.0,10.0,4.0,6.0,0.0,1.0,0.0,0.0,1.0,5.0,1.0,1.0,1.0,0.0,1.0,0.0,1.0,0.0,built up,high,under construction,gls arawali homes,sohna,0.3
172.15,3.0,3.0,3.0,0.0,sector 78,7.0,1.0,0.0,0.0,0.0,0.0,0.0,1.0,0.0,0.0,0.0,1.0,0.0,0.0,0.0,0.0,0.0,0.0,0.0,0.0,6.0,10.0,4.0,6.0,0.0,1.0,0.0,0.0,1.0,5.0,1.0,1.0,1.0,0.0,1.0,0.0,1.0,0.0,built up,mid,old,umang monsoon breeze,gurgaon,1.05
167.23,3.0,4.0,3.0,1.0,sector 22,14.0,1.0,0.0,0.0,1.0,0.0,1.0,0.0,1.0,1.0,1.0,0.0,1.0,0.0,0.0,0.0,0.0,0.0,0.0,0.0,6.0,10.0,4.0,6.0,0.0,1.0,0.0,0.0,1.0,5.0,1.0,1.0,1.0,0.0,1.0,0.0,1.0,0.0,carpet,high,new,ambience creacions,gurgaon,3.5
197.79,3.0,3.0,3.0,1.0,sector 85,8.0,1.0,0.0,0.0,1.0,0.0,0.0,0.0,1.0,1.0,0.0,0.0,1.0,0.0,0.0,0.0,0.0,0.0,0.0,0.0,6.0,10.0,4.0,6.0,0.0,1.0,0.0,0.0,1.0,5.0,1.0,1.0,1.0,0.0,1.0,0.0,1.0,0.0,built up,high,mid aged,godrej air,gurgaon,2.6
161.09,4.0,4.0,3.0,0.0,sector 92,8.0,1.0,0.0,0.0,0.0,0.0,0.0,0.0,0.0,0.0,1.0,0.0,0.0,1.0,0.0,0.0,0.0,0.0,0.0,0.0,6.0,10.0,4.0,6.0,0.0,1.0,0.0,0.0,1.0,5.0,1.0,1.0,1.0,0.0,1.0,0.0,1.0,0.0,built up,low,new,sare crescent parc royal greens phase 1,gurgaon,0.75
62.34,1.0,2.0,2.0,0.0,sector 49,15.0,0.0,0.0,0.0,0.0,1.0,0.0,1.0,1.0,0.0,0.0,0.0,0.0,1.0,0.0,0.0,0.0,0.0,0.0,0.0,6.0,10.0,4.0,6.0,0.0,1.0,0.0,0.0,1.0,5.0,1.0,1.0,1.0,0.0,1.0,0.0,1.0,0.0,carpet,low,under construction,satya element one,gurgaon,0.94
125.6,2.0,2.0,3.0,1.0,sector 90,10.0,1.0,0.0,0.0,1.0,0.0,1.0,0.0,1.0,1.0,0.0,0.0,1.0,0.0,1.0,0.0,0.0,0.0,0.0,0.0,6.0,10.0,4.0,6.0,0.0,1.0,0.0,0.0,1.0,5.0,1.0,1.0,1.0,0.0,1.0,0.0,1.0,0.0,super built up,high,new,shree vardhman flora,gurgaon,0.7
113.71,2.0,2.0,2.0,0.0,sector 78,7.0,1.0,0.0,0.0,0.0,0.0,0.0,1.0,0.0,0.0,0.0,1.0,0.0,0.0,0.0,0.0,0.0,0.0,0.0,0.0,6.0,10.0,4.0,6.0,0.0,1.0,0.0,0.0,1.0,5.0,1.0,1.0,1.0,0.0,1.0,0.0,1.0,0.0,built up,mid,under construction,umang monsoon breeze,gurgaon,0.7
180.23,3.0,3.0,3.0,1.0,sector 102,10.0,1.0,0.0,0.0,0.0,0.0,0.0,0.0,0.0,0.0,1.0,0.0,0.0,0.0,0.0,0.0,0.0,0.0,0.0,0.0,6.0,10.0,4.0,6.0,0.0,1.0,0.0,0.0,1.0,5.0,1.0,1.0,1.0,0.0,1.0,0.0,1.0,0.0,built up,mid,under construction,ansals highland park,gurgaon,1.2
50.73,2.0,2.0,2.0,1.0,sector 81,6.0,0.0,0.0,0.0,1.0,0.0,0.0,0.0,1.0,0.0,0.0,0.0,1.0,0.0,0.0,0.0,0.0,0.0,0.0,0.0,6.0,10.0,4.0,6.0,0.0,1.0,0.0,0.0,1.0,5.0,1.0,1.0,1.0,0.0,1.0,0.0,1.0,0.0,carpet,mid,mid aged,signature global city 81,gurgaon,0.8
134.15,2.0,2.0,3.0,0.0,sector 3,11.0,1.0,0.0,0.0,1.0,0.0,1.0,0.0,1.0,1.0,0.0,1.0,1.0,0.0,1.0,0.0,0.0,0.0,0.0,0.0,6.0,10.0,4.0,6.0,0.0,1.0,0.0,0.0,1.0,5.0,1.0,1.0,1.0,0.0,1.0,0.0,1.0,0.0,super built up,high,mid aged,godrej habitat,gurgaon,1.2
44.75,2.0,2.0,1.0,1.0,sector 33,10.0,0.0,0.0,0.0,0.0,0.0,0.0,1.0,0.0,0.0,0.0,0.0,0.0,0.0,0.0,0.0,0.0,0.0,0.0,1.0,6.0,10.0,4.0,6.0,0.0,1.0,0.0,0.0,1.0,5.0,1.0,1.0,1.0,0.0,1.0,0.0,1.0,0.0,carpet,high,new,mvn athens,sohna,0.25
139.35,3.0,3.0,3.0,1.0,sector 90,10.0,1.0,0.0,0.0,1.0,0.0,1.0,0.0,1.0,1.0,0.0,0.0,1.0,0.0,1.0,0.0,0.0,0.0,0.0,0.0,6.0,10.0,4.0,6.0,0.0,1.0,0.0,0.0,1.0,5.0,1.0,1.0,1.0,0.0,1.0,0.0,1.0,0.0,carpet,high,new,shree vardhman flora,gurgaon,0.95
91.04,2.0,2.0,1.0,1.0,sector 95,3.0,1.0,0.0,0.0,0.0,0.0,0.0,0.0,0.0,0.0,0.0,0.0,0.0,0.0,0.0,0.0,0.0,0.0,0.0,0.0,6.0,10.0,4.0,6.0,0.0,1.0,0.0,0.0,1.0,5.0,1.0,1.0,1.0,0.0,1.0,0.0,1.0,0.0,super built up,low,new,ramsons kshitij,gurgaon,0.45
153.29,4.0,3.0,3.0,0.0,sector 9,50.0,1.0,0.0,0.0,0.0,0.0,0.0,1.0,1.0,0.0,1.0,0.0,0.0,0.0,0.0,1.0,0.0,0.0,0.0,1.0,6.0,10.0,4.0,6.0,0.0,1.0,0.0,0.0,1.0,5.0,1.0,1.0,1.0,0.0,1.0,0.0,1.0,0.0,carpet,high,new,oriental valley chs,gurgaon,1.5
36.6,1.0,1.0,1.0,0.0,sector 33,10.0,1.0,0.0,0.0,1.0,0.0,1.0,0.0,1.0,1.0,0.0,0.0,0.0,0.0,1.0,0.0,0.0,1.0,0.0,0.0,6.0,10.0,4.0,6.0,0.0,1.0,0.0,0.0,1.0,5.0,1.0,1.0,1.0,0.0,1.0,0.0,1.0,0.0,carpet,mid,new,breez global heights,sohna,0.26
197.42,3.0,3.0,0.0,1.0,sector 48,45.0,1.0,0.0,0.0,0.0,1.0,1.0,1.0,0.0,0.0,0.0,0.0,0.0,1.0,0.0,1.0,0.0,1.0,0.0,0.0,6.0,10.0,4.0,6.0,0.0,1.0,0.0,0.0,1.0,5.0,1.0,1.0,1.0,0.0,1.0,0.0,1.0,0.0,super built up,high,new,parsvnath green ville,gurgaon,2.0
83.61,2.0,2.0,1.0,0.0,sector 4,48.0,1.0,0.0,0.0,0.0,0.0,0.0,1.0,0.0,0.0,0.0,0.0,0.0,0.0,0.0,1.0,0.0,0.0,0.0,0.0,6.0,10.0,4.0,6.0,0.0,1.0,0.0,0.0,1.0,5.0,1.0,1.0,1.0,0.0,1.0,0.0,1.0,0.0,carpet,low,new,shri ram apartments,gurgaon,0.46
158.31,4.0,4.0,3.0,0.0,sector 92,8.0,1.0,0.0,0.0,0.0,0.0,0.0,0.0,0.0,0.0,0.0,0.0,0.0,1.0,0.0,0.0,0.0,0.0,0.0,0.0,6.0,10.0,4.0,6.0,0.0,1.0,0.0,0.0,1.0,5.0,1.0,1.0,1.0,0.0,1.0,0.0,1.0,0.0,carpet,low,old,sare homes,gurgaon,0.8
125.42,2.0,2.0,3.0,1.0,sector 33,8.0,1.0,0.0,0.0,1.0,0.0,0.0,0.0,1.0,0.0,0.0,0.0,1.0,0.0,0.0,0.0,0.0,0.0,0.0,0.0,6.0,10.0,4.0,6.0,0.0,1.0,0.0,0.0,1.0,5.0,1.0,1.0,1.0,0.0,1.0,0.0,1.0,0.0,super built up,high,under construction,silverglades the melia,sohna,0.78
133.82,3.0,3.0,3.0,0.0,sector 92,8.0,1.0,0.0,0.0,0.0,0.0,0.0,0.0,0.0,0.0,0.0,0.0,0.0,1.0,0.0,0.0,0.0,0.0,0.0,0.0,6.0,10.0,4.0,6.0,0.0,1.0,0.0,0.0,1.0,5.0,1.0,1.0,1.0,0.0,1.0,0.0,1.0,0.0,super built up,low,old,sare crescent parc royal greens phase 1,gurgaon,0.65
48.77,1.0,1.0,1.0,0.0,sector 56,47.0,1.0,0.0,0.0,0.0,1.0,1.0,1.0,0.0,0.0,0.0,1.0,0.0,1.0,0.0,1.0,1.0,0.0,0.0,1.0,6.0,10.0,4.0,6.0,0.0,1.0,0.0,0.0,1.0,5.0,1.0,1.0,1.0,0.0,1.0,0.0,1.0,0.0,super built up,low,old,smriti apartment,gurgaon,0.52
115.66,2.0,2.0,3.0,0.0,sector 68,15.0,1.0,0.0,0.0,1.0,0.0,1.0,0.0,1.0,1.0,0.0,1.0,1.0,0.0,1.0,0.0,0.0,1.0,0.0,0.0,6.0,10.0,4.0,6.0,0.0,1.0,0.0,0.0,1.0,5.0,1.0,1.0,1.0,0.0,1.0,0.0,1.0,0.0,super built up,high,new,pareena mi casa,gurgaon,1.1
83.61204013377927,2.0,2.0,3.0,0.0,sector 33,8.0,1.0,0.0,0.0,1.0,0.0,0.0,0.0,1.0,1.0,0.0,0.0,0.0,0.0,0.0,0.0,0.0,0.0,0.0,0.0,6.0,10.0,4.0,6.0,0.0,1.0,0.0,0.0,1.0,5.0,1.0,1.0,1.0,0.0,1.0,0.0,1.0,0.0,carpet,high,mid aged,godrej nature plus,sohna,1.08
287.07,3.0,5.0,3.0,1.0,sector 22,14.0,1.0,0.0,0.0,1.0,0.0,1.0,0.0,1.0,1.0,1.0,0.0,1.0,0.0,0.0,0.0,0.0,0.0,0.0,0.0,6.0,10.0,4.0,6.0,0.0,1.0,0.0,0.0,1.0,5.0,1.0,1.0,1.0,0.0,1.0,0.0,1.0,0.0,super built up,low,new,ambience creacions,gurgaon,3.99
162.58,3.0,3.0,3.0,0.0,sector 109,11.0,1.0,0.0,0.0,1.0,0.0,0.0,0.0,1.0,1.0,0.0,1.0,1.0,0.0,0.0,0.0,0.0,0.0,1.0,0.0,6.0,10.0,4.0,6.0,0.0,1.0,0.0,0.0,1.0,5.0,1.0,1.0,1.0,0.0,1.0,0.0,1.0,0.0,super built up,mid,new,ats tourmaline,gurgaon,1.75
69.68,2.0,2.0,2.0,0.0,sector 33,8.0,1.0,0.0,0.0,0.0,0.0,0.0,0.0,1.0,1.0,1.0,1.0,0.0,0.0,0.0,0.0,0.0,0.0,0.0,0.0,6.0,10.0,4.0,6.0,0.0,1.0,0.0,0.0,1.0,5.0,1.0,1.0,1.0,0.0,1.0,0.0,1.0,0.0,carpet,mid,under construction,signature global park,sohna,0.54
244.33,4.0,4.0,2.0,1.0,sector 109,8.0,1.0,0.0,0.0,0.0,0.0,1.0,0.0,1.0,1.0,0.0,0.0,0.0,0.0,1.0,0.0,0.0,0.0,0.0,0.0,6.0,10.0,4.0,6.0,0.0,1.0,0.0,0.0,1.0,5.0,1.0,1.0,1.0,0.0,1.0,0.0,1.0,0.0,super built up,high,new,chintels paradiso,gurgaon,2.0
258.36,3.0,4.0,3.0,0.0,sector 22,14.0,1.0,0.0,0.0,1.0,0.0,1.0,0.0,1.0,1.0,1.0,0.0,1.0,0.0,0.0,0.0,0.0,0.0,0.0,0.0,6.0,10.0,4.0,6.0,0.0,1.0,0.0,0.0,1.0,5.0,1.0,1.0,1.0,0.0,1.0,0.0,1.0,0.0,super built up,low,new,ambience creacions,gurgaon,3.2
109.63,2.0,2.0,2.0,0.0,sector 68,24.0,1.0,0.0,0.0,0.0,0.0,1.0,1.0,0.0,0.0,0.0,0.0,0.0,0.0,0.0,1.0,0.0,0.0,0.0,0.0,6.0,10.0,4.0,6.0,0.0,1.0,0.0,0.0,1.0,5.0,1.0,1.0,1.0,0.0,1.0,0.0,1.0,0.0,carpet,high,new,supertech hues,gurgaon,1.0
265.7,4.0,4.0,3.0,1.0,sector 102,15.0,0.0,0.0,0.0,1.0,0.0,1.0,0.0,1.0,1.0,1.0,1.0,1.0,0.0,1.0,0.0,0.0,0.0,1.0,0.0,6.0,10.0,4.0,6.0,0.0,1.0,0.0,0.0,1.0,5.0,1.0,1.0,1.0,0.0,1.0,0.0,1.0,0.0,carpet,mid,new,conscient heritage max,gurgaon,3.0
41.81,1.0,1.0,1.0,0.0,sector 33,10.0,0.0,0.0,0.0,0.0,0.0,0.0,1.0,0.0,0.0,0.0,0.0,0.0,0.0,0.0,0.0,0.0,0.0,0.0,1.0,6.0,10.0,4.0,6.0,0.0,1.0,0.0,0.0,1.0,5.0,1.0,1.0,1.0,0.0,1.0,0.0,1.0,0.0,carpet,high,new,mvn athens,sohna,0.21
130.06,2.0,2.0,3.0,1.0,sector 95,8.0,1.0,0.0,0.0,0.0,0.0,0.0,0.0,0.0,0.0,1.0,0.0,0.0,1.0,0.0,0.0,0.0,0.0,0.0,0.0,6.0,10.0,4.0,6.0,0.0,1.0,0.0,0.0,1.0,5.0,1.0,1.0,1.0,0.0,1.0,0.0,1.0,0.0,super built up,high,new,awho shanti vihar,gurgaon,0.82
185.81,4.0,3.0,2.0,0.0,sector 92,8.0,1.0,0.0,0.0,0.0,0.0,0.0,0.0,0.0,0.0,0.0,0.0,0.0,1.0,0.0,0.0,0.0,0.0,0.0,0.0,6.0,10.0,4.0,6.0,0.0,1.0,0.0,0.0,1.0,5.0,1.0,1.0,1.0,0.0,1.0,0.0,1.0,0.0,super built up,high,new,sare homes,gurgaon,0.95
115.66,2.0,2.0,3.0,1.0,sector 68,15.0,1.0,0.0,0.0,1.0,0.0,1.0,0.0,1.0,1.0,0.0,1.0,1.0,0.0,1.0,0.0,0.0,1.0,0.0,0.0,6.0,10.0,4.0,6.0,0.0,1.0,0.0,0.0,1.0,5.0,1.0,1.0,1.0,0.0,1.0,0.0,1.0,0.0,super built up,mid,under construction,pareena mi casa,gurgaon,0.92
246.19,3.0,3.0,3.0,1.0,sector 1,10.0,1.0,0.0,0.0,0.0,0.0,0.0,0.0,0.0,0.0,0.0,0.0,0.0,1.0,0.0,0.0,0.0,0.0,0.0,1.0,6.0,10.0,4.0,6.0,0.0,1.0,0.0,0.0,1.0,5.0,1.0,1.0,1.0,0.0,1.0,0.0,1.0,0.0,carpet,mid,old,deepak minda,manesar,1.25
126.35,2.0,2.0,2.0,0.0,sector 86,4.0,1.0,0.0,0.0,1.0,0.0,0.0,0.0,1.0,0.0,0.0,0.0,1.0,0.0,0.0,0.0,0.0,0.0,0.0,0.0,6.0,10.0,4.0,6.0,0.0,1.0,0.0,0.0,1.0,5.0,1.0,1.0,1.0,0.0,1.0,0.0,1.0,0.0,built up,high,new,ansal heights 86,gurgaon,0.78
54.53,2.0,1.0,2.0,0.0,sector 99,8.0,0.0,0.0,0.0,1.0,0.0,0.0,0.0,1.0,1.0,0.0,1.0,1.0,0.0,0.0,0.0,0.0,0.0,0.0,0.0,6.0,10.0,4.0,6.0,0.0,1.0,0.0,0.0,1.0,5.0,1.0,1.0,1.0,0.0,1.0,0.0,1.0,0.0,carpet,mid,new,pivotal riddhi siddhi,gurgaon,0.5
181.16,4.0,3.0,3.0,0.0,sector 92,8.0,1.0,0.0,0.0,0.0,0.0,0.0,0.0,0.0,0.0,0.0,0.0,0.0,1.0,0.0,0.0,0.0,0.0,0.0,0.0,6.0,10.0,4.0,6.0,0.0,1.0,0.0,0.0,1.0,5.0,1.0,1.0,1.0,0.0,1.0,0.0,1.0,0.0,super built up,high,new,sare homes,gurgaon,0.95
166.2,3.0,3.0,3.0,0.0,sector 33,15.0,0.0,0.0,0.0,0.0,0.0,1.0,1.0,1.0,0.0,0.0,0.0,0.0,1.0,1.0,0.0,0.0,0.0,0.0,1.0,6.0,10.0,4.0,6.0,0.0,1.0,0.0,0.0,1.0,5.0,1.0,1.0,1.0,0.0,1.0,0.0,1.0,0.0,super built up,high,new,central park flower valley aqua front towers,sohna,2.0
65.03,2.0,1.0,2.0,0.0,sector 3,48.0,1.0,0.0,0.0,0.0,0.0,0.0,1.0,0.0,0.0,0.0,0.0,0.0,1.0,0.0,0.0,0.0,0.0,0.0,0.0,6.0,10.0,4.0,6.0,0.0,1.0,0.0,0.0,1.0,5.0,1.0,1.0,1.0,0.0,1.0,0.0,1.0,0.0,super built up,low,new,shyam apartment,gurgaon,0.26
55.74,2.0,1.0,1.0,0.0,sector 110,26.0,1.0,0.0,0.0,0.0,1.0,0.0,1.0,1.0,0.0,1.0,1.0,0.0,0.0,0.0,1.0,0.0,0.0,0.0,0.0,6.0,10.0,4.0,6.0,0.0,1.0,0.0,0.0,1.0,5.0,1.0,1.0,1.0,0.0,1.0,0.0,1.0,0.0,super built up,low,new,city shri ram apartments 1,gurgaon,0.22
117.89,2.0,2.0,3.0,1.0,sector 104,15.0,1.0,0.0,0.0,1.0,0.0,0.0,0.0,1.0,1.0,1.0,1.0,1.0,0.0,1.0,0.0,0.0,0.0,1.0,0.0,6.0,10.0,4.0,6.0,0.0,1.0,0.0,0.0,1.0,5.0,1.0,1.0,1.0,0.0,1.0,0.0,1.0,0.0,super built up,high,under construction,godrej summit,gurgaon,1.1
46.45,1.0,1.0,1.0,1.0,sector 2,41.0,1.0,0.0,0.0,0.0,1.0,1.0,1.0,1.0,0.0,1.0,0.0,0.0,0.0,0.0,1.0,0.0,0.0,0.0,1.0,6.0,10.0,4.0,6.0,0.0,1.0,0.0,0.0,1.0,5.0,1.0,1.0,1.0,0.0,1.0,0.0,1.0,0.0,carpet,low,old,palam vihar extension west zone rwa,gurgaon,0.2
173.73,4.0,5.0,3.0,1.0,sector 92,8.0,1.0,0.0,0.0,0.0,0.0,0.0,0.0,0.0,0.0,0.0,0.0,0.0,1.0,0.0,0.0,0.0,0.0,0.0,0.0,6.0,10.0,4.0,6.0,0.0,1.0,0.0,0.0,1.0,5.0,1.0,1.0,1.0,0.0,1.0,0.0,1.0,0.0,super built up,high,new,sare crescent parc,gurgaon,0.9
52.68,2.0,2.0,2.0,0.0,sector 33,6.0,0.0,0.0,0.0,0.0,0.0,0.0,0.0,0.0,1.0,0.0,0.0,1.0,0.0,0.0,0.0,1.0,0.0,0.0,0.0,6.0,10.0,4.0,6.0,0.0,1.0,0.0,0.0,1.0,5.0,1.0,1.0,1.0,0.0,1.0,0.0,1.0,0.0,super built up,high,new,gls arawali homes,sohna,0.3
172.8,3.0,3.0,3.0,0.0,sector 22,14.0,1.0,0.0,0.0,1.0,0.0,1.0,0.0,1.0,1.0,1.0,0.0,1.0,0.0,0.0,0.0,0.0,0.0,0.0,0.0,6.0,10.0,4.0,6.0,0.0,1.0,0.0,0.0,1.0,5.0,1.0,1.0,1.0,0.0,1.0,0.0,1.0,0.0,super built up,high,new,ambience creacions,gurgaon,2.79
88.26,2.0,2.0,2.0,0.0,sector 33,10.0,1.0,0.0,0.0,1.0,0.0,1.0,0.0,1.0,1.0,0.0,0.0,0.0,0.0,1.0,0.0,0.0,1.0,0.0,0.0,6.0,10.0,4.0,6.0,0.0,1.0,0.0,0.0,1.0,5.0,1.0,1.0,1.0,0.0,1.0,0.0,1.0,0.0,super built up,low,new,breez global heights,sohna,0.39
185.81,4.0,3.0,2.0,0.0,sector 92,8.0,1.0,0.0,0.0,0.0,0.0,0.0,0.0,0.0,0.0,0.0,0.0,0.0,1.0,0.0,0.0,0.0,0.0,0.0,0.0,6.0,10.0,4.0,6.0,0.0,1.0,0.0,0.0,1.0,5.0,1.0,1.0,1.0,0.0,1.0,0.0,1.0,0.0,super built up,high,new,sare homes,gurgaon,0.95
83.61204013377927,2.0,2.0,3.0,0.0,sector 85,8.0,1.0,0.0,0.0,1.0,0.0,0.0,0.0,1.0,1.0,0.0,0.0,1.0,0.0,0.0,0.0,0.0,0.0,0.0,0.0,6.0,10.0,4.0,6.0,0.0,1.0,0.0,0.0,1.0,5.0,1.0,1.0,1.0,0.0,1.0,0.0,1.0,0.0,carpet,high,mid aged,godrej air,gurgaon,1.35
52.95,2.0,2.0,1.0,1.0,sector 3,45.0,1.0,0.0,0.0,0.0,0.0,0.0,1.0,1.0,0.0,1.0,0.0,0.0,0.0,0.0,1.0,0.0,0.0,0.0,1.0,6.0,10.0,4.0,6.0,0.0,1.0,0.0,0.0,1.0,5.0,1.0,1.0,1.0,0.0,1.0,0.0,1.0,0.0,built up,low,new,vidya apartment,gurgaon,0.22
159.79,3.0,3.0,3.0,0.0,sector 2,8.0,1.0,0.0,0.0,1.0,0.0,0.0,0.0,1.0,1.0,0.0,0.0,0.0,0.0,0.0,0.0,0.0,0.0,0.0,0.0,6.0,10.0,4.0,6.0,0.0,1.0,0.0,0.0,1.0,5.0,1.0,1.0,1.0,0.0,1.0,0.0,1.0,0.0,carpet,low,under construction,supertech hill town,sohna,1.5
111.48,2.0,2.0,2.0,0.0,sector 82,6.0,1.0,0.0,0.0,0.0,0.0,0.0,0.0,0.0,0.0,0.0,0.0,0.0,1.0,0.0,0.0,0.0,0.0,0.0,0.0,6.0,10.0,4.0,6.0,0.0,1.0,0.0,0.0,1.0,5.0,1.0,1.0,1.0,0.0,1.0,0.0,1.0,0.0,super built up,low,new,takshila heights sector 37 c,gurgaon,0.67
334.45,2.0,2.0,1.0,1.0,sector 105,50.0,1.0,0.0,0.0,0.0,0.0,0.0,1.0,1.0,0.0,0.0,0.0,0.0,1.0,0.0,1.0,0.0,0.0,0.0,0.0,6.0,10.0,4.0,6.0,0.0,1.0,0.0,0.0,1.0,5.0,1.0,1.0,1.0,0.0,1.0,0.0,1.0,0.0,carpet,low,new,saroop garden,gurgaon,0.95
121.7,2.0,2.0,2.0,0.0,sector 65,9.0,1.0,0.0,0.0,0.0,0.0,1.0,0.0,1.0,1.0,0.0,1.0,0.0,0.0,1.0,0.0,0.0,0.0,0.0,0.0,6.0,10.0,4.0,6.0,0.0,1.0,0.0,0.0,1.0,5.0,1.0,1.0,1.0,0.0,1.0,0.0,1.0,0.0,super built up,high,new,m3m skycity,gurgaon,2.0
163.7,3.0,3.0,2.0,1.0,sector 71,15.0,1.0,1.0,0.0,0.0,0.0,1.0,1.0,0.0,1.0,0.0,0.0,0.0,0.0,1.0,0.0,1.0,0.0,0.0,0.0,6.0,10.0,4.0,6.0,0.0,1.0,0.0,0.0,1.0,5.0,1.0,1.0,1.0,0.0,1.0,0.0,1.0,0.0,super built up,high,old,chd avenue 71,gurgaon,1.15
60.39,1.0,1.0,2.0,0.0,sector 2,10.0,1.0,0.0,0.0,1.0,1.0,0.0,0.0,1.0,1.0,1.0,1.0,0.0,0.0,0.0,0.0,0.0,0.0,0.0,0.0,6.0,10.0,4.0,6.0,0.0,1.0,0.0,0.0,1.0,5.0,1.0,1.0,1.0,0.0,1.0,0.0,1.0,0.0,super built up,mid,old,bestech park view residency,gurgaon,0.55
111.48,2.0,2.0,2.0,1.0,sector 61,9.0,1.0,0.0,0.0,1.0,0.0,0.0,0.0,1.0,1.0,1.0,1.0,0.0,0.0,0.0,0.0,0.0,0.0,0.0,0.0,6.0,10.0,4.0,6.0,0.0,1.0,0.0,0.0,1.0,5.0,1.0,1.0,1.0,0.0,1.0,0.0,1.0,0.0,carpet,low,under construction,smart world orchard,gurgaon,1.5
150.04,3.0,3.0,3.0,0.0,sector 111,20.0,1.0,0.0,0.0,0.0,1.0,0.0,0.0,1.0,0.0,0.0,1.0,0.0,0.0,0.0,1.0,0.0,0.0,0.0,0.0,6.0,10.0,4.0,6.0,0.0,1.0,0.0,0.0,1.0,5.0,1.0,1.0,1.0,0.0,1.0,0.0,1.0,0.0,built up,mid,new,m3m the tree of life,gurgaon,2.35
78.97,2.0,2.0,2.0,0.0,sector 6,49.0,1.0,0.0,0.0,0.0,0.0,0.0,1.0,0.0,0.0,0.0,0.0,0.0,0.0,0.0,1.0,0.0,0.0,0.0,0.0,6.0,10.0,4.0,6.0,0.0,1.0,0.0,0.0,1.0,5.0,1.0,1.0,1.0,0.0,1.0,0.0,1.0,0.0,carpet,low,old,bajrang apartments,gurgaon,0.38
116.13,2.0,2.0,2.0,0.0,sector 81,15.0,1.0,0.0,0.0,0.0,0.0,0.0,0.0,0.0,0.0,0.0,0.0,0.0,1.0,0.0,0.0,0.0,0.0,0.0,1.0,6.0,10.0,4.0,6.0,0.0,1.0,0.0,0.0,1.0,5.0,1.0,1.0,1.0,0.0,1.0,0.0,1.0,0.0,super built up,mid,new,vipul lavanya,gurgaon,1.0
157.94,3.0,2.0,3.0,0.0,sector 37,10.0,0.0,0.0,0.0,1.0,1.0,1.0,0.0,1.0,1.0,0.0,0.0,1.0,0.0,1.0,0.0,0.0,0.0,0.0,0.0,6.0,10.0,4.0,6.0,0.0,1.0,0.0,0.0,1.0,5.0,1.0,1.0,1.0,0.0,1.0,0.0,1.0,0.0,super built up,high,under construction,ramprastha primera,gurgaon,1.02
104.05,3.0,2.0,3.0,0.0,sector 36,12.0,1.0,0.0,0.0,1.0,0.0,1.0,0.0,1.0,1.0,0.0,1.0,0.0,0.0,0.0,0.0,0.0,0.0,0.0,0.0,6.0,10.0,4.0,6.0,0.0,1.0,0.0,0.0,1.0,5.0,1.0,1.0,1.0,0.0,1.0,0.0,1.0,0.0,carpet,low,mid aged,signature global park 4,sohna,0.72
63.64,1.0,1.0,1.0,0.0,sector 80,15.0,1.0,0.0,0.0,0.0,0.0,0.0,0.0,1.0,0.0,0.0,0.0,0.0,1.0,0.0,0.0,0.0,0.0,0.0,0.0,6.0,10.0,4.0,6.0,0.0,1.0,0.0,0.0,1.0,5.0,1.0,1.0,1.0,0.0,1.0,0.0,1.0,0.0,carpet,high,new,elan mercado,gurgaon,0.85
153.29,3.0,3.0,3.0,0.0,sector 10,49.0,1.0,0.0,0.0,0.0,0.0,0.0,0.0,0.0,0.0,1.0,0.0,0.0,0.0,0.0,0.0,1.0,0.0,0.0,0.0,6.0,10.0,4.0,6.0,0.0,1.0,0.0,0.0,1.0,5.0,1.0,1.0,1.0,0.0,1.0,0.0,1.0,0.0,carpet,low,old,sanskriti apartment,gurgaon,1.1
85.01,2.0,2.0,2.0,0.0,sector 102,13.0,1.0,0.0,0.0,1.0,1.0,0.0,0.0,1.0,1.0,0.0,0.0,1.0,0.0,1.0,0.0,0.0,1.0,0.0,0.0,6.0,10.0,4.0,6.0,0.0,1.0,0.0,0.0,1.0,5.0,1.0,1.0,1.0,0.0,1.0,0.0,1.0,0.0,super built up,high,mid aged,shapoorji pallonji joyville gurugram,gurgaon,1.35
37.72,1.0,1.0,1.0,0.0,sector 36,6.0,1.0,0.0,0.0,0.0,0.0,0.0,0.0,0.0,0.0,0.0,0.0,0.0,1.0,0.0,0.0,0.0,0.0,0.0,0.0,6.0,10.0,4.0,6.0,0.0,1.0,0.0,0.0,1.0,5.0,1.0,1.0,1.0,0.0,1.0,0.0,1.0,0.0,super built up,mid,new,avl 36 gurgaon,gurgaon,0.36
139.35,3.0,2.0,3.0,1.0,sector 82,6.0,0.0,0.0,0.0,0.0,0.0,0.0,0.0,1.0,1.0,0.0,0.0,0.0,0.0,0.0,0.0,0.0,0.0,0.0,0.0,6.0,10.0,4.0,6.0,0.0,1.0,0.0,0.0,1.0,5.0,1.0,1.0,1.0,0.0,1.0,0.0,1.0,0.0,carpet,low,new,vatika inxt floors,gurgaon,1.25
176.52,4.0,3.0,3.0,1.0,sector 70,14.0,0.0,0.0,0.0,1.0,1.0,0.0,0.0,0.0,0.0,0.0,0.0,0.0,0.0,0.0,0.0,1.0,0.0,0.0,0.0,6.0,10.0,4.0,6.0,0.0,1.0,0.0,0.0,1.0,5.0,1.0,1.0,1.0,0.0,1.0,0.0,1.0,0.0,carpet,low,new,bptp pedestal,gurgaon,1.9
113.81,2.0,2.0,3.0,0.0,sector 81,15.0,1.0,0.0,0.0,0.0,0.0,0.0,0.0,0.0,0.0,0.0,0.0,0.0,1.0,0.0,0.0,0.0,0.0,0.0,1.0,6.0,10.0,4.0,6.0,0.0,1.0,0.0,0.0,1.0,5.0,1.0,1.0,1.0,0.0,1.0,0.0,1.0,0.0,carpet,high,new,vipul lavanya,gurgaon,0.64
323.49,4.0,4.0,3.0,0.0,sector 85,13.0,1.0,0.0,0.0,1.0,0.0,1.0,0.0,1.0,1.0,0.0,0.0,1.0,0.0,1.0,0.0,0.0,0.0,1.0,0.0,6.0,10.0,4.0,6.0,0.0,1.0,0.0,0.0,1.0,5.0,1.0,1.0,1.0,0.0,1.0,0.0,1.0,0.0,super built up,high,new,ss the leaf,gurgaon,2.7
128.3,2.0,2.0,2.0,0.0,sector 108,13.0,1.0,0.0,0.0,0.0,0.0,1.0,0.0,1.0,1.0,0.0,0.0,1.0,0.0,0.0,0.0,0.0,0.0,1.0,0.0,6.0,10.0,4.0,6.0,0.0,1.0,0.0,0.0,1.0,5.0,1.0,1.0,1.0,0.0,1.0,0.0,1.0,0.0,super built up,low,mid aged,sobha city,gurgaon,2.1
143.91,3.0,3.0,3.0,0.0,sector 61,35.0,1.0,0.0,0.0,0.0,0.0,1.0,1.0,1.0,0.0,0.0,1.0,0.0,1.0,0.0,1.0,0.0,0.0,0.0,1.0,6.0,10.0,4.0,6.0,0.0,1.0,0.0,0.0,1.0,5.0,1.0,1.0,1.0,0.0,1.0,0.0,1.0,0.0,carpet,low,under construction,suposhaa smartworld orchard,gurgaon,2.17
104.05,2.0,2.0,2.0,1.0,sector 61,9.0,1.0,0.0,0.0,1.0,0.0,0.0,0.0,1.0,1.0,1.0,1.0,0.0,0.0,0.0,0.0,0.0,0.0,0.0,0.0,6.0,10.0,4.0,6.0,0.0,1.0,0.0,0.0,1.0,5.0,1.0,1.0,1.0,0.0,1.0,0.0,1.0,0.0,carpet,mid,under construction,smart world orchard,gurgaon,1.7
258.73,3.0,4.0,3.0,0.0,sector 102,7.0,1.0,0.0,0.0,0.0,0.0,0.0,0.0,0.0,0.0,1.0,0.0,0.0,0.0,0.0,0.0,0.0,0.0,0.0,0.0,6.0,10.0,4.0,6.0,0.0,1.0,0.0,0.0,1.0,5.0,1.0,1.0,1.0,0.0,1.0,0.0,1.0,0.0,carpet,mid,under construction,smart world one,gurgaon,1.65
225.75,4.0,4.0,3.0,0.0,sector 52,43.0,1.0,0.0,0.0,0.0,0.0,0.0,1.0,0.0,0.0,0.0,0.0,0.0,1.0,0.0,1.0,0.0,0.0,0.0,1.0,6.0,10.0,4.0,6.0,0.0,1.0,0.0,0.0,1.0,5.0,1.0,1.0,1.0,0.0,1.0,0.0,1.0,0.0,super built up,high,new,ramshanti cooperative society,gurgaon,1.76
98.48,3.0,3.0,2.0,0.0,sector 12,50.0,1.0,0.0,0.0,0.0,0.0,0.0,1.0,1.0,0.0,0.0,0.0,0.0,1.0,0.0,1.0,0.0,0.0,0.0,0.0,6.0,10.0,4.0,6.0,0.0,1.0,0.0,0.0,1.0,5.0,1.0,1.0,1.0,0.0,1.0,0.0,1.0,0.0,carpet,low,new,ss radiance residency,gurgaon,0.6
83.61,2.0,2.0,1.0,0.0,sector 4,48.0,1.0,0.0,0.0,0.0,0.0,0.0,1.0,0.0,0.0,0.0,0.0,0.0,0.0,0.0,1.0,0.0,0.0,0.0,0.0,6.0,10.0,4.0,6.0,0.0,1.0,0.0,0.0,1.0,5.0,1.0,1.0,1.0,0.0,1.0,0.0,1.0,0.0,built up,low,under construction,apna enclave,gurgaon,0.6
241.55,3.0,3.0,3.0,0.0,sector 37,10.0,1.0,0.0,0.0,1.0,0.0,1.0,0.0,1.0,1.0,1.0,0.0,1.0,0.0,0.0,0.0,0.0,1.0,0.0,1.0,6.0,10.0,4.0,6.0,0.0,1.0,0.0,0.0,1.0,5.0,1.0,1.0,1.0,0.0,1.0,0.0,1.0,0.0,super built up,mid,old,bptp amstoria,gurgaon,2.25
125.42,2.0,2.0,3.0,1.0,sector 33,8.0,1.0,0.0,0.0,1.0,0.0,0.0,0.0,1.0,0.0,0.0,0.0,1.0,0.0,0.0,0.0,0.0,0.0,0.0,0.0,6.0,10.0,4.0,6.0,0.0,1.0,0.0,0.0,1.0,5.0,1.0,1.0,1.0,0.0,1.0,0.0,1.0,0.0,super built up,low,new,silverglades the melia,sohna,0.91
69.21,3.0,2.0,2.0,0.0,sector 104,9.0,1.0,0.0,0.0,1.0,0.0,1.0,0.0,1.0,1.0,0.0,0.0,0.0,0.0,1.0,0.0,0.0,0.0,0.0,0.0,6.0,10.0,4.0,6.0,0.0,1.0,0.0,0.0,1.0,5.0,1.0,1.0,1.0,0.0,1.0,0.0,1.0,0.0,super built up,mid,under construction,zara aavaas,gurgaon,0.49
91.97,2.0,2.0,1.0,0.0,sector 2,24.0,1.0,0.0,0.0,0.0,1.0,0.0,0.0,1.0,0.0,0.0,1.0,0.0,0.0,0.0,1.0,0.0,0.0,0.0,0.0,6.0,10.0,4.0,6.0,0.0,1.0,0.0,0.0,1.0,5.0,1.0,1.0,1.0,0.0,1.0,0.0,1.0,0.0,carpet,low,new,rk tower,gurgaon,0.95
54.39,2.0,2.0,1.0,0.0,sector 33,14.0,1.0,0.0,0.0,0.0,0.0,1.0,1.0,1.0,0.0,1.0,0.0,0.0,0.0,1.0,0.0,0.0,1.0,0.0,0.0,6.0,10.0,4.0,6.0,0.0,1.0,0.0,0.0,1.0,5.0,1.0,1.0,1.0,0.0,1.0,0.0,1.0,0.0,carpet,high,new,breez global hill view,sohna,0.3
32.7,1.0,1.0,1.0,0.0,sector 36,6.0,1.0,0.0,0.0,0.0,0.0,0.0,0.0,0.0,0.0,0.0,0.0,0.0,1.0,0.0,0.0,0.0,0.0,0.0,0.0,6.0,10.0,4.0,6.0,0.0,1.0,0.0,0.0,1.0,5.0,1.0,1.0,1.0,0.0,1.0,0.0,1.0,0.0,super built up,low,new,avl 36 gurgaon,gurgaon,0.37
123.1,2.0,2.0,3.0,0.0,sector 76,4.0,0.0,0.0,0.0,1.0,0.0,0.0,0.0,1.0,0.0,0.0,0.0,1.0,0.0,0.0,0.0,0.0,0.0,0.0,0.0,6.0,10.0,4.0,6.0,0.0,1.0,0.0,0.0,1.0,5.0,1.0,1.0,1.0,0.0,1.0,0.0,1.0,0.0,super built up,high,new,corona gracieux,gurgaon,0.75
153.29,3.0,3.0,3.0,0.0,sector 65,46.0,1.0,0.0,0.0,0.0,1.0,1.0,1.0,1.0,0.0,0.0,0.0,0.0,0.0,0.0,1.0,0.0,1.0,0.0,0.0,6.0,10.0,4.0,6.0,0.0,1.0,0.0,0.0,1.0,5.0,1.0,1.0,1.0,0.0,1.0,0.0,1.0,0.0,carpet,low,under construction,emaar mgf emerald floors,gurgaon,2.6
202.16,3.0,3.0,3.0,1.0,sector 78,7.0,1.0,0.0,0.0,0.0,0.0,0.0,1.0,0.0,0.0,0.0,1.0,0.0,0.0,0.0,0.0,0.0,0.0,0.0,0.0,6.0,10.0,4.0,6.0,0.0,1.0,0.0,0.0,1.0,5.0,1.0,1.0,1.0,0.0,1.0,0.0,1.0,0.0,built up,high,old,umang monsoon breeze,gurgaon,1.1
144.0,2.0,2.0,2.0,1.0,sector 104,13.0,1.0,0.0,0.0,1.0,0.0,1.0,0.0,1.0,1.0,1.0,1.0,1.0,0.0,1.0,0.0,0.0,0.0,0.0,0.0,6.0,10.0,4.0,6.0,0.0,1.0,0.0,0.0,1.0,5.0,1.0,1.0,1.0,0.0,1.0,0.0,1.0,0.0,super built up,mid,under construction,puri emerald bay,gurgaon,1.5
143.91,3.0,3.0,2.0,1.0,sector 61,9.0,1.0,0.0,0.0,1.0,0.0,0.0,0.0,1.0,1.0,1.0,1.0,0.0,0.0,0.0,0.0,0.0,0.0,0.0,0.0,6.0,10.0,4.0,6.0,0.0,1.0,0.0,0.0,1.0,5.0,1.0,1.0,1.0,0.0,1.0,0.0,1.0,0.0,super built up,low,new,smart world orchard,gurgaon,2.24
106.84,2.0,2.0,2.0,1.0,sector 61,9.0,1.0,0.0,0.0,1.0,0.0,0.0,0.0,1.0,1.0,1.0,1.0,0.0,0.0,0.0,0.0,0.0,0.0,0.0,0.0,6.0,10.0,4.0,6.0,0.0,1.0,0.0,0.0,1.0,5.0,1.0,1.0,1.0,0.0,1.0,0.0,1.0,0.0,built up,low,new,smart world orchard,gurgaon,1.57
207.08,4.0,4.0,3.0,0.0,sector 53,9.0,1.0,0.0,0.0,1.0,0.0,0.0,0.0,1.0,0.0,0.0,1.0,0.0,0.0,1.0,0.0,0.0,1.0,0.0,1.0,6.0,10.0,4.0,6.0,0.0,1.0,0.0,0.0,1.0,5.0,1.0,1.0,1.0,0.0,1.0,0.0,1.0,0.0,carpet,high,under construction,tulip monsella,gurgaon,7.4
46.45,2.0,2.0,1.0,0.0,sector 110,14.0,1.0,0.0,0.0,0.0,0.0,0.0,1.0,1.0,0.0,0.0,1.0,0.0,0.0,0.0,1.0,0.0,0.0,0.0,0.0,6.0,10.0,4.0,6.0,0.0,1.0,0.0,0.0,1.0,5.0,1.0,1.0,1.0,0.0,1.0,0.0,1.0,0.0,carpet,low,new,my home,gurgaon,0.22
92.9,2.0,2.0,1.0,0.0,sector 33,14.0,1.0,0.0,0.0,0.0,0.0,1.0,1.0,1.0,0.0,1.0,0.0,0.0,0.0,1.0,0.0,0.0,1.0,0.0,0.0,6.0,10.0,4.0,6.0,0.0,1.0,0.0,0.0,1.0,5.0,1.0,1.0,1.0,0.0,1.0,0.0,1.0,0.0,built up,high,new,breez global hill view,sohna,0.32
126.35,2.0,2.0,1.0,1.0,sector 86,4.0,1.0,0.0,0.0,1.0,0.0,0.0,0.0,1.0,0.0,0.0,0.0,1.0,0.0,0.0,0.0,0.0,0.0,0.0,0.0,6.0,10.0,4.0,6.0,0.0,1.0,0.0,0.0,1.0,5.0,1.0,1.0,1.0,0.0,1.0,0.0,1.0,0.0,super built up,high,under construction,ansal heights 86,gurgaon,0.74
117.15,2.0,2.0,3.0,0.0,sector 65,11.0,1.0,0.0,0.0,1.0,0.0,1.0,0.0,1.0,1.0,0.0,1.0,1.0,0.0,1.0,0.0,0.0,0.0,0.0,0.0,6.0,10.0,4.0,6.0,0.0,1.0,0.0,0.0,1.0,5.0,1.0,1.0,1.0,0.0,1.0,0.0,1.0,0.0,super built up,high,under construction,m3m heights,gurgaon,1.95
55.74,1.0,1.0,1.0,0.0,sector 56,47.0,1.0,0.0,0.0,0.0,1.0,1.0,1.0,0.0,0.0,0.0,1.0,0.0,1.0,0.0,1.0,1.0,0.0,0.0,1.0,6.0,10.0,4.0,6.0,0.0,1.0,0.0,0.0,1.0,5.0,1.0,1.0,1.0,0.0,1.0,0.0,1.0,0.0,super built up,low,old,smriti apartment,gurgaon,0.6
88.26,3.0,2.0,1.0,0.0,sector 105,33.0,1.0,0.0,0.0,0.0,0.0,0.0,1.0,1.0,0.0,1.0,0.0,0.0,0.0,0.0,1.0,0.0,0.0,0.0,1.0,6.0,10.0,4.0,6.0,0.0,1.0,0.0,0.0,1.0,5.0,1.0,1.0,1.0,0.0,1.0,0.0,1.0,0.0,carpet,low,new,uphaar homes,gurgaon,0.45
51.38,2.0,1.0,2.0,0.0,sector 99,15.0,1.0,0.0,0.0,0.0,0.0,0.0,1.0,1.0,0.0,1.0,0.0,1.0,1.0,0.0,1.0,0.0,1.0,1.0,0.0,6.0,10.0,4.0,6.0,0.0,1.0,0.0,0.0,1.0,5.0,1.0,1.0,1.0,0.0,1.0,0.0,1.0,0.0,super built up,mid,new,pareena laxmi apartments,gurgaon,0.3
132.2,3.0,3.0,2.0,1.0,sector 89,14.0,1.0,0.0,0.0,1.0,0.0,1.0,0.0,1.0,0.0,1.0,1.0,1.0,0.0,1.0,0.0,0.0,0.0,0.0,0.0,6.0,10.0,4.0,6.0,0.0,1.0,0.0,0.0,1.0,5.0,1.0,1.0,1.0,0.0,1.0,0.0,1.0,0.0,carpet,low,new,smart world gems,gurgaon,1.3
152.36,3.0,3.0,2.0,0.0,sector 41,48.0,1.0,0.0,0.0,0.0,1.0,0.0,1.0,1.0,0.0,0.0,1.0,0.0,1.0,0.0,0.0,0.0,0.0,0.0,1.0,6.0,10.0,4.0,6.0,0.0,1.0,0.0,0.0,1.0,5.0,1.0,1.0,1.0,0.0,1.0,0.0,1.0,0.0,super built up,high,old,unitech the palms,gurgaon,2.75
106.84,2.0,2.0,2.0,0.0,sector 61,9.0,1.0,0.0,0.0,1.0,0.0,0.0,0.0,1.0,1.0,1.0,1.0,0.0,0.0,0.0,0.0,0.0,0.0,0.0,0.0,6.0,10.0,4.0,6.0,0.0,1.0,0.0,0.0,1.0,5.0,1.0,1.0,1.0,0.0,1.0,0.0,1.0,0.0,carpet,mid,under construction,smart world orchard,gurgaon,1.7
83.61204013377927,3.0,3.0,3.0,0.0,sector 88,14.0,0.0,0.0,0.0,0.0,0.0,0.0,0.0,1.0,0.0,0.0,0.0,0.0,0.0,0.0,0.0,0.0,0.0,0.0,0.0,6.0,10.0,4.0,6.0,0.0,1.0,0.0,0.0,1.0,5.0,1.0,1.0,1.0,0.0,1.0,0.0,1.0,0.0,carpet,mid,new,godrej icon,gurgaon,1.75
106.84,2.0,2.0,3.0,0.0,sector 82,7.0,1.0,0.0,0.0,1.0,0.0,0.0,0.0,1.0,0.0,0.0,0.0,1.0,0.0,0.0,0.0,0.0,0.0,0.0,0.0,6.0,10.0,4.0,6.0,0.0,1.0,0.0,0.0,1.0,5.0,1.0,1.0,1.0,0.0,1.0,0.0,1.0,0.0,built up,low,old,vatika independent floors,gurgaon,0.67
182.09,3.0,3.0,3.0,1.0,sector 76,4.0,0.0,0.0,0.0,1.0,0.0,0.0,0.0,1.0,0.0,0.0,0.0,1.0,0.0,0.0,0.0,0.0,0.0,0.0,0.0,6.0,10.0,4.0,6.0,0.0,1.0,0.0,0.0,1.0,5.0,1.0,1.0,1.0,0.0,1.0,0.0,1.0,0.0,super built up,low,new,corona gracieux,gurgaon,1.08
134.71,2.0,3.0,3.0,1.0,sector 99,7.0,1.0,0.0,0.0,1.0,0.0,0.0,0.0,1.0,1.0,0.0,0.0,1.0,0.0,0.0,0.0,0.0,0.0,0.0,0.0,6.0,10.0,4.0,6.0,0.0,1.0,0.0,0.0,1.0,5.0,1.0,1.0,1.0,0.0,1.0,0.0,1.0,0.0,carpet,mid,new,lotus elise,gurgaon,0.95
85.94,2.0,2.0,1.0,0.0,sector 2,20.0,1.0,0.0,0.0,0.0,1.0,1.0,1.0,1.0,0.0,0.0,0.0,0.0,0.0,0.0,1.0,0.0,0.0,0.0,1.0,6.0,10.0,4.0,6.0,0.0,1.0,0.0,0.0,1.0,5.0,1.0,1.0,1.0,0.0,1.0,0.0,1.0,0.0,carpet,high,old,nul,gurgaon,0.56
134.71,2.0,2.0,3.0,1.0,sector 104,15.0,1.0,0.0,0.0,1.0,0.0,0.0,0.0,1.0,1.0,1.0,1.0,1.0,0.0,1.0,0.0,0.0,0.0,1.0,0.0,6.0,10.0,4.0,6.0,0.0,1.0,0.0,0.0,1.0,5.0,1.0,1.0,1.0,0.0,1.0,0.0,1.0,0.0,carpet,high,new,godrej summit,gurgaon,0.85
134.15,2.0,2.0,3.0,0.0,sector 3,11.0,1.0,0.0,0.0,1.0,0.0,1.0,0.0,1.0,1.0,0.0,1.0,1.0,0.0,1.0,0.0,0.0,0.0,0.0,0.0,6.0,10.0,4.0,6.0,0.0,1.0,0.0,0.0,1.0,5.0,1.0,1.0,1.0,0.0,1.0,0.0,1.0,0.0,super built up,high,mid aged,godrej habitat,gurgaon,1.25
180.23,2.0,2.0,3.0,1.0,sector 33,6.0,1.0,0.0,0.0,0.0,0.0,0.0,0.0,1.0,1.0,0.0,0.0,0.0,0.0,0.0,0.0,0.0,0.0,0.0,0.0,6.0,10.0,4.0,6.0,0.0,1.0,0.0,0.0,1.0,5.0,1.0,1.0,1.0,0.0,1.0,0.0,1.0,0.0,super built up,low,new,ashiana mulberry,sohna,1.05
126.35,2.0,2.0,1.0,0.0,sector 86,4.0,1.0,0.0,0.0,1.0,0.0,0.0,0.0,1.0,0.0,0.0,0.0,1.0,0.0,0.0,0.0,0.0,0.0,0.0,0.0,6.0,10.0,4.0,6.0,0.0,1.0,0.0,0.0,1.0,5.0,1.0,1.0,1.0,0.0,1.0,0.0,1.0,0.0,super built up,high,new,ansal heights 86,gurgaon,0.78
100.43,3.0,2.0,3.0,0.0,sector 33,8.0,1.0,0.0,0.0,0.0,0.0,0.0,0.0,1.0,1.0,1.0,1.0,0.0,0.0,0.0,0.0,0.0,0.0,0.0,0.0,6.0,10.0,4.0,6.0,0.0,1.0,0.0,0.0,1.0,5.0,1.0,1.0,1.0,0.0,1.0,0.0,1.0,0.0,super built up,mid,under construction,signature global park,sohna,0.79
51.38,2.0,2.0,2.0,0.0,sector 99,15.0,1.0,0.0,0.0,0.0,0.0,0.0,1.0,1.0,0.0,1.0,0.0,1.0,1.0,0.0,1.0,0.0,1.0,1.0,0.0,6.0,10.0,4.0,6.0,0.0,1.0,0.0,0.0,1.0,5.0,1.0,1.0,1.0,0.0,1.0,0.0,1.0,0.0,super built up,high,new,pareena laxmi apartments,gurgaon,0.32
213.21,3.0,3.0,3.0,0.0,sector 59,15.0,1.0,0.0,0.0,1.0,0.0,1.0,0.0,1.0,1.0,1.0,1.0,0.0,0.0,0.0,0.0,0.0,0.0,0.0,0.0,6.0,10.0,4.0,6.0,0.0,1.0,0.0,0.0,1.0,5.0,1.0,1.0,1.0,0.0,1.0,0.0,1.0,0.0,carpet,low,mid aged,conscient elevate,gurgaon,3.78
53.28,2.0,2.0,1.0,0.0,sector 86,8.0,1.0,0.0,0.0,1.0,0.0,0.0,0.0,1.0,1.0,0.0,0.0,1.0,0.0,0.0,0.0,0.0,0.0,0.0,0.0,6.0,10.0,4.0,6.0,0.0,1.0,0.0,0.0,1.0,5.0,1.0,1.0,1.0,0.0,1.0,0.0,1.0,0.0,carpet,high,under construction,pyramid elite,gurgaon,0.45
83.61204013377927,3.0,4.0,3.0,1.0,sector 33,8.0,1.0,0.0,0.0,1.0,0.0,0.0,0.0,1.0,1.0,0.0,0.0,0.0,0.0,0.0,0.0,0.0,0.0,0.0,0.0,6.0,10.0,4.0,6.0,0.0,1.0,0.0,0.0,1.0,5.0,1.0,1.0,1.0,0.0,1.0,0.0,1.0,0.0,built up,low,new,godrej nature plus,sohna,1.62
88.26,2.0,2.0,1.0,0.0,sector 4,48.0,1.0,0.0,0.0,0.0,0.0,0.0,1.0,0.0,0.0,0.0,0.0,0.0,0.0,0.0,1.0,0.0,0.0,0.0,0.0,6.0,10.0,4.0,6.0,0.0,1.0,0.0,0.0,1.0,5.0,1.0,1.0,1.0,0.0,1.0,0.0,1.0,0.0,carpet,mid,new,shri ram apartments,gurgaon,0.36
150.6,2.0,2.0,3.0,1.0,sector 78,10.0,0.0,0.0,0.0,1.0,0.0,1.0,0.0,1.0,1.0,0.0,0.0,0.0,0.0,0.0,0.0,0.0,0.0,0.0,0.0,6.0,10.0,4.0,6.0,0.0,1.0,0.0,0.0,1.0,5.0,1.0,1.0,1.0,0.0,1.0,0.0,1.0,0.0,super built up,high,under construction,raheja revanta,gurgaon,0.99
104.98,2.0,2.0,2.0,1.0,sector 95,4.0,1.0,0.0,0.0,0.0,0.0,0.0,0.0,0.0,0.0,0.0,0.0,0.0,1.0,0.0,0.0,0.0,0.0,0.0,0.0,6.0,10.0,4.0,6.0,0.0,1.0,0.0,0.0,1.0,5.0,1.0,1.0,1.0,0.0,1.0,0.0,1.0,0.0,carpet,high,new,sidhartha ncr one phase 1,gurgaon,0.55
73.39,2.0,2.0,0.0,0.0,sector 6,49.0,1.0,0.0,0.0,0.0,0.0,0.0,1.0,0.0,0.0,0.0,0.0,0.0,0.0,0.0,1.0,0.0,0.0,0.0,0.0,6.0,10.0,4.0,6.0,0.0,1.0,0.0,0.0,1.0,5.0,1.0,1.0,1.0,0.0,1.0,0.0,1.0,0.0,built up,low,new,divya apartments,gurgaon,0.6
67.63,2.0,2.0,2.0,1.0,sector 95,14.0,0.0,0.0,0.0,0.0,0.0,0.0,0.0,0.0,1.0,1.0,1.0,1.0,0.0,0.0,0.0,1.0,0.0,0.0,1.0,6.0,10.0,4.0,6.0,0.0,1.0,0.0,0.0,1.0,5.0,1.0,1.0,1.0,0.0,1.0,0.0,1.0,0.0,carpet,high,new,rof ananda,gurgaon,0.46
123.19,3.0,3.0,2.0,1.0,sector 89,14.0,1.0,0.0,0.0,1.0,0.0,1.0,0.0,1.0,0.0,1.0,1.0,1.0,0.0,1.0,0.0,0.0,0.0,0.0,0.0,6.0,10.0,4.0,6.0,0.0,1.0,0.0,0.0,1.0,5.0,1.0,1.0,1.0,0.0,1.0,0.0,1.0,0.0,carpet,mid,mid aged,smart world gems,gurgaon,1.13
188.13,3.0,3.0,3.0,1.0,sector 77,5.0,0.0,0.0,0.0,0.0,0.0,0.0,0.0,1.0,0.0,0.0,0.0,0.0,0.0,0.0,0.0,0.0,0.0,0.0,0.0,6.0,10.0,4.0,6.0,0.0,1.0,0.0,0.0,1.0,5.0,1.0,1.0,1.0,0.0,1.0,0.0,1.0,0.0,super built up,high,new,emaar palm heights,gurgaon,2.1
51.02,2.0,2.0,1.0,0.0,sector 95,14.0,0.0,0.0,0.0,0.0,0.0,0.0,0.0,0.0,1.0,1.0,1.0,1.0,0.0,0.0,0.0,1.0,0.0,0.0,1.0,6.0,10.0,4.0,6.0,0.0,1.0,0.0,0.0,1.0,5.0,1.0,1.0,1.0,0.0,1.0,0.0,1.0,0.0,carpet,mid,new,rof ananda,gurgaon,0.38
202.06,4.0,4.0,3.0,1.0,sector 88,6.0,1.0,0.0,0.0,1.0,0.0,0.0,0.0,1.0,1.0,0.0,0.0,1.0,0.0,0.0,0.0,0.0,0.0,0.0,0.0,6.0,10.0,4.0,6.0,0.0,1.0,0.0,0.0,1.0,5.0,1.0,1.0,1.0,0.0,1.0,0.0,1.0,0.0,super built up,high,new,the center court,gurgaon,2.1
69.68,3.0,2.0,1.0,1.0,sector 105,35.0,1.0,0.0,0.0,0.0,0.0,0.0,1.0,1.0,0.0,1.0,0.0,0.0,0.0,0.0,1.0,0.0,0.0,0.0,1.0,6.0,10.0,4.0,6.0,0.0,1.0,0.0,0.0,1.0,5.0,1.0,1.0,1.0,0.0,1.0,0.0,1.0,0.0,carpet,mid,old,uphaar residency 2,gurgaon,0.42
167.23,4.0,3.0,2.0,0.0,sector 9,50.0,1.0,0.0,0.0,0.0,0.0,0.0,1.0,1.0,0.0,1.0,0.0,0.0,0.0,0.0,0.0,0.0,0.0,0.0,1.0,6.0,10.0,4.0,6.0,0.0,1.0,0.0,0.0,1.0,5.0,1.0,1.0,1.0,0.0,1.0,0.0,1.0,0.0,carpet,mid,old,wings apartment,gurgaon,1.2
52.68,2.0,2.0,2.0,0.0,sector 33,6.0,0.0,0.0,0.0,0.0,0.0,0.0,0.0,0.0,1.0,0.0,0.0,1.0,0.0,0.0,0.0,1.0,0.0,0.0,0.0,6.0,10.0,4.0,6.0,0.0,1.0,0.0,0.0,1.0,5.0,1.0,1.0,1.0,0.0,1.0,0.0,1.0,0.0,super built up,low,new,gls arawali homes,sohna,0.28
133.32,2.0,2.0,2.0,1.0,sector 82,10.0,1.0,0.0,0.0,1.0,0.0,1.0,0.0,1.0,1.0,0.0,0.0,0.0,0.0,0.0,0.0,0.0,0.0,1.0,0.0,6.0,10.0,4.0,6.0,0.0,1.0,0.0,0.0,1.0,5.0,1.0,1.0,1.0,0.0,1.0,0.0,1.0,0.0,super built up,high,new,vatika the seven lamps,gurgaon,1.0
178.37,3.0,3.0,3.0,0.0,sector 37,29.0,1.0,0.0,0.0,0.0,0.0,0.0,0.0,0.0,0.0,1.0,0.0,0.0,0.0,0.0,0.0,0.0,0.0,0.0,0.0,6.0,10.0,4.0,6.0,0.0,1.0,0.0,0.0,1.0,5.0,1.0,1.0,1.0,0.0,1.0,0.0,1.0,0.0,super built up,mid,new,piedmont taksila heights,gurgaon,1.05
58.06,2.0,2.0,1.0,0.0,sector 88,6.0,1.0,0.0,0.0,1.0,0.0,0.0,0.0,1.0,1.0,0.0,0.0,0.0,0.0,0.0,0.0,0.0,0.0,0.0,0.0,6.0,10.0,4.0,6.0,0.0,1.0,0.0,0.0,1.0,5.0,1.0,1.0,1.0,0.0,1.0,0.0,1.0,0.0,carpet,low,new,adani aangan arcade,gurgaon,0.45
146.04,3.0,3.0,0.0,0.0,sector 92,11.0,1.0,0.0,0.0,0.0,0.0,0.0,1.0,1.0,0.0,0.0,0.0,1.0,0.0,0.0,1.0,0.0,0.0,0.0,0.0,6.0,10.0,4.0,6.0,0.0,1.0,0.0,0.0,1.0,5.0,1.0,1.0,1.0,0.0,1.0,0.0,1.0,0.0,super built up,high,new,raheja navodaya,gurgaon,0.85
153.01,3.0,3.0,3.0,1.0,sector 104,15.0,1.0,0.0,0.0,1.0,0.0,0.0,0.0,1.0,1.0,1.0,1.0,1.0,0.0,1.0,0.0,0.0,0.0,1.0,0.0,6.0,10.0,4.0,6.0,0.0,1.0,0.0,0.0,1.0,5.0,1.0,1.0,1.0,0.0,1.0,0.0,1.0,0.0,super built up,high,new,godrej summit,gurgaon,1.3
125.42,2.0,2.0,2.0,0.0,sector 33,45.0,1.0,0.0,0.0,0.0,0.0,0.0,1.0,0.0,0.0,0.0,0.0,0.0,0.0,0.0,0.0,1.0,0.0,0.0,0.0,6.0,10.0,4.0,6.0,0.0,1.0,0.0,0.0,1.0,5.0,1.0,1.0,1.0,0.0,1.0,0.0,1.0,0.0,built up,low,under construction,bhemerlei,sohna,0.69
57.97,1.0,1.0,1.0,0.0,sector 2,15.0,1.0,0.0,0.0,0.0,1.0,1.0,1.0,1.0,0.0,0.0,0.0,0.0,0.0,0.0,1.0,0.0,0.0,0.0,0.0,6.0,10.0,4.0,6.0,0.0,1.0,0.0,0.0,1.0,5.0,1.0,1.0,1.0,0.0,1.0,0.0,1.0,0.0,super built up,high,old,valley view estate,gurgaon,0.38
83.61204013377927,2.0,2.0,3.0,1.0,sector 88,7.0,1.0,0.0,0.0,0.0,1.0,0.0,0.0,1.0,0.0,0.0,0.0,1.0,0.0,0.0,0.0,0.0,0.0,0.0,0.0,6.0,10.0,4.0,6.0,0.0,1.0,0.0,0.0,1.0,5.0,1.0,1.0,1.0,0.0,1.0,0.0,1.0,0.0,super built up,high,new,godrej oasis,gurgaon,1.45
188.13,3.0,5.0,3.0,1.0,sector 37,5.0,1.0,0.0,0.0,0.0,0.0,0.0,0.0,0.0,0.0,1.0,0.0,0.0,0.0,0.0,0.0,0.0,0.0,0.0,0.0,6.0,10.0,4.0,6.0,0.0,1.0,0.0,0.0,1.0,5.0,1.0,1.0,1.0,0.0,1.0,0.0,1.0,0.0,super built up,high,under construction,ramprastha skyz,gurgaon,1.0
139.17,2.0,2.0,2.0,0.0,sector 112,8.0,1.0,0.0,0.0,0.0,0.0,0.0,1.0,1.0,0.0,1.0,1.0,0.0,0.0,0.0,1.0,0.0,0.0,0.0,0.0,6.0,10.0,4.0,6.0,0.0,1.0,0.0,0.0,1.0,5.0,1.0,1.0,1.0,0.0,1.0,0.0,1.0,0.0,built up,mid,new,earth copia,gurgaon,0.7
126.81,2.0,2.0,3.0,0.0,sector 99,4.0,1.0,0.0,0.0,0.0,0.0,0.0,0.0,0.0,0.0,1.0,0.0,0.0,0.0,0.0,0.0,0.0,0.0,0.0,0.0,6.0,10.0,4.0,6.0,0.0,1.0,0.0,0.0,1.0,5.0,1.0,1.0,1.0,0.0,1.0,0.0,1.0,0.0,built up,low,under construction,assotech blith,gurgaon,0.82
66.89,1.0,1.0,1.0,0.0,sector 49,42.0,1.0,0.0,0.0,0.0,0.0,1.0,1.0,0.0,0.0,0.0,0.0,0.0,0.0,0.0,0.0,0.0,0.0,0.0,0.0,6.0,10.0,4.0,6.0,0.0,1.0,0.0,0.0,1.0,5.0,1.0,1.0,1.0,0.0,1.0,0.0,1.0,0.0,built up,low,under construction,satya element one,gurgaon,0.8
121.15,2.0,2.0,3.0,1.0,sector 37,19.0,1.0,0.0,0.0,0.0,0.0,0.0,0.0,0.0,0.0,1.0,0.0,0.0,0.0,0.0,0.0,0.0,0.0,0.0,0.0,6.0,10.0,4.0,6.0,0.0,1.0,0.0,0.0,1.0,5.0,1.0,1.0,1.0,0.0,1.0,0.0,1.0,0.0,super built up,mid,under construction,proxima tower,gurgaon,0.6
57.51,2.0,2.0,2.0,0.0,sector 33,5.0,0.0,0.0,0.0,0.0,0.0,0.0,0.0,0.0,0.0,0.0,0.0,0.0,0.0,0.0,0.0,0.0,0.0,0.0,1.0,6.0,10.0,4.0,6.0,0.0,1.0,0.0,0.0,1.0,5.0,1.0,1.0,1.0,0.0,1.0,0.0,1.0,0.0,built up,high,new,hcbs sports ville,sohna,0.27
120.5,2.0,2.0,2.0,0.0,sector 89,7.0,0.0,0.0,0.0,0.0,0.0,0.0,0.0,0.0,0.0,1.0,0.0,0.0,1.0,0.0,0.0,0.0,0.0,0.0,1.0,6.0,10.0,4.0,6.0,0.0,1.0,0.0,0.0,1.0,5.0,1.0,1.0,1.0,0.0,1.0,0.0,1.0,0.0,carpet,mid,under construction,greenopolis,gurgaon,0.8
275.46,3.0,4.0,3.0,1.0,sector 53,10.0,1.0,0.0,0.0,1.0,0.0,1.0,0.0,1.0,1.0,0.0,1.0,0.0,0.0,1.0,0.0,0.0,0.0,0.0,0.0,6.0,10.0,4.0,6.0,0.0,1.0,0.0,0.0,1.0,5.0,1.0,1.0,1.0,0.0,1.0,0.0,1.0,0.0,super built up,high,old,vipul belmonte,gurgaon,6.5
64.1,2.0,2.0,1.0,0.0,sector 82,47.0,1.0,0.0,0.0,0.0,0.0,0.0,1.0,0.0,0.0,0.0,0.0,0.0,0.0,0.0,0.0,0.0,0.0,0.0,1.0,6.0,10.0,4.0,6.0,0.0,1.0,0.0,0.0,1.0,5.0,1.0,1.0,1.0,0.0,1.0,0.0,1.0,0.0,carpet,mid,under construction,green court,gurgaon,0.38
116.87,2.0,3.0,3.0,0.0,sector 63,12.0,1.0,0.0,0.0,0.0,0.0,0.0,0.0,1.0,1.0,1.0,1.0,1.0,0.0,1.0,0.0,1.0,0.0,0.0,0.0,6.0,10.0,4.0,6.0,0.0,1.0,0.0,0.0,1.0,5.0,1.0,1.0,1.0,0.0,1.0,0.0,1.0,0.0,super built up,mid,mid aged,birla navya,gurgaon,2.2
129.88,3.0,3.0,3.0,0.0,sector 61,13.0,1.0,0.0,0.0,1.0,0.0,1.0,0.0,1.0,1.0,1.0,1.0,0.0,0.0,0.0,0.0,0.0,0.0,0.0,0.0,6.0,10.0,4.0,6.0,0.0,1.0,0.0,0.0,1.0,5.0,1.0,1.0,1.0,0.0,1.0,0.0,1.0,0.0,super built up,low,new,smart world orchard,gurgaon,1.9
157.94,2.0,2.0,1.0,0.0,sector 11,50.0,1.0,0.0,0.0,0.0,0.0,0.0,1.0,1.0,0.0,0.0,0.0,0.0,1.0,0.0,1.0,1.0,0.0,0.0,0.0,6.0,10.0,4.0,6.0,0.0,1.0,0.0,0.0,1.0,5.0,1.0,1.0,1.0,0.0,1.0,0.0,1.0,0.0,super built up,low,old,ganga apartment,gurgaon,0.55
53.51,2.0,2.0,2.0,0.0,sector 33,6.0,0.0,0.0,0.0,0.0,0.0,0.0,0.0,0.0,1.0,0.0,0.0,1.0,0.0,0.0,0.0,1.0,0.0,0.0,0.0,6.0,10.0,4.0,6.0,0.0,1.0,0.0,0.0,1.0,5.0,1.0,1.0,1.0,0.0,1.0,0.0,1.0,0.0,super built up,mid,new,gls arawali homes,sohna,0.26
74.32,2.0,2.0,2.0,0.0,sector 33,46.0,1.0,0.0,0.0,0.0,0.0,0.0,0.0,0.0,0.0,0.0,0.0,0.0,0.0,0.0,0.0,1.0,0.0,0.0,0.0,6.0,10.0,4.0,6.0,0.0,1.0,0.0,0.0,1.0,5.0,1.0,1.0,1.0,0.0,1.0,0.0,1.0,0.0,super built up,low,new,shree balaji appartment,gurgaon,0.4
35.3,1.0,1.0,1.0,0.0,sector 95,14.0,0.0,0.0,0.0,0.0,0.0,0.0,0.0,0.0,1.0,1.0,1.0,1.0,0.0,0.0,0.0,1.0,0.0,0.0,1.0,6.0,10.0,4.0,6.0,0.0,1.0,0.0,0.0,1.0,5.0,1.0,1.0,1.0,0.0,1.0,0.0,1.0,0.0,carpet,high,new,rof ananda,gurgaon,0.26
119.38,3.0,3.0,2.0,0.0,sector 37,4.0,0.0,0.0,0.0,0.0,0.0,0.0,0.0,1.0,0.0,0.0,0.0,1.0,0.0,0.0,0.0,0.0,0.0,0.0,0.0,6.0,10.0,4.0,6.0,0.0,1.0,0.0,0.0,1.0,5.0,1.0,1.0,1.0,0.0,1.0,0.0,1.0,0.0,super built up,mid,new,ramprastha the atrium,gurgaon,1.0
46.92,2.0,2.0,3.0,0.0,sector 33,6.0,0.0,0.0,0.0,0.0,0.0,0.0,0.0,0.0,1.0,0.0,1.0,0.0,0.0,0.0,0.0,1.0,0.0,0.0,0.0,6.0,10.0,4.0,6.0,0.0,1.0,0.0,0.0,1.0,5.0,1.0,1.0,1.0,0.0,1.0,0.0,1.0,0.0,carpet,high,under construction,tulsiani easy in homes,sohna,0.4
135.36,2.0,2.0,3.0,1.0,sector 33,7.0,1.0,0.0,0.0,0.0,0.0,0.0,0.0,1.0,0.0,0.0,0.0,1.0,0.0,0.0,0.0,0.0,0.0,0.0,0.0,6.0,10.0,4.0,6.0,0.0,1.0,0.0,0.0,1.0,5.0,1.0,1.0,1.0,0.0,1.0,0.0,1.0,0.0,super built up,high,under construction,eldeco accolade,sohna,0.95
97.55,2.0,2.0,1.0,0.0,sector 57,44.0,1.0,0.0,0.0,0.0,0.0,0.0,1.0,1.0,0.0,0.0,1.0,0.0,1.0,0.0,1.0,0.0,1.0,0.0,1.0,6.0,10.0,4.0,6.0,0.0,1.0,0.0,0.0,1.0,5.0,1.0,1.0,1.0,0.0,1.0,0.0,1.0,0.0,super built up,low,old,ansal harmony homes,gurgaon,1.12
106.37,2.0,2.0,2.0,0.0,sector 2,4.0,1.0,0.0,0.0,1.0,0.0,0.0,0.0,1.0,0.0,0.0,1.0,1.0,0.0,0.0,0.0,0.0,0.0,0.0,0.0,6.0,10.0,4.0,6.0,0.0,1.0,0.0,0.0,1.0,5.0,1.0,1.0,1.0,0.0,1.0,0.0,1.0,0.0,super built up,high,old,mittal cosmos executive apartments,gurgaon,0.75
53.51,2.0,2.0,2.0,0.0,sector 33,6.0,0.0,0.0,0.0,0.0,0.0,0.0,0.0,0.0,1.0,0.0,0.0,1.0,0.0,0.0,0.0,1.0,0.0,0.0,0.0,6.0,10.0,4.0,6.0,0.0,1.0,0.0,0.0,1.0,5.0,1.0,1.0,1.0,0.0,1.0,0.0,1.0,0.0,super built up,high,new,gls arawali homes,sohna,0.35
160.44,3.0,3.0,2.0,1.0,sector 67,12.0,0.0,0.0,0.0,1.0,0.0,1.0,0.0,1.0,1.0,0.0,1.0,0.0,0.0,1.0,0.0,0.0,0.0,0.0,0.0,6.0,10.0,4.0,6.0,0.0,1.0,0.0,0.0,1.0,5.0,1.0,1.0,1.0,0.0,1.0,0.0,1.0,0.0,super built up,mid,under construction,ireo the corridors,gurgaon,2.08
160.72,3.0,3.0,2.0,0.0,sector 78,7.0,1.0,0.0,0.0,0.0,0.0,0.0,1.0,0.0,0.0,0.0,1.0,0.0,0.0,0.0,0.0,0.0,0.0,0.0,0.0,6.0,10.0,4.0,6.0,0.0,1.0,0.0,0.0,1.0,5.0,1.0,1.0,1.0,0.0,1.0,0.0,1.0,0.0,built up,high,new,umang monsoon breeze,gurgaon,0.95
40.04,1.0,1.0,1.0,0.0,sector 95,14.0,0.0,0.0,0.0,0.0,0.0,0.0,0.0,0.0,1.0,1.0,1.0,1.0,0.0,0.0,0.0,1.0,0.0,0.0,1.0,6.0,10.0,4.0,6.0,0.0,1.0,0.0,0.0,1.0,5.0,1.0,1.0,1.0,0.0,1.0,0.0,1.0,0.0,super built up,high,new,rof ananda,gurgaon,0.26
120.77,3.0,3.0,1.0,0.0,sector 3,48.0,1.0,0.0,0.0,0.0,0.0,0.0,1.0,0.0,0.0,0.0,0.0,0.0,0.0,0.0,1.0,0.0,0.0,0.0,0.0,6.0,10.0,4.0,6.0,0.0,1.0,0.0,0.0,1.0,5.0,1.0,1.0,1.0,0.0,1.0,0.0,1.0,0.0,super built up,mid,old,apna enclave,gurgaon,0.8
124.21,3.0,3.0,1.0,1.0,sector 69,42.0,1.0,0.0,0.0,0.0,1.0,1.0,1.0,0.0,0.0,0.0,0.0,0.0,0.0,0.0,1.0,0.0,1.0,0.0,0.0,6.0,10.0,4.0,6.0,0.0,1.0,0.0,0.0,1.0,5.0,1.0,1.0,1.0,0.0,1.0,0.0,1.0,0.0,super built up,high,under construction,unitech sunbreeze,gurgaon,0.74
44.39,1.0,1.0,1.0,0.0,sector 33,5.0,0.0,0.0,0.0,0.0,0.0,0.0,0.0,0.0,0.0,0.0,0.0,0.0,0.0,0.0,0.0,0.0,0.0,0.0,1.0,6.0,10.0,4.0,6.0,0.0,1.0,0.0,0.0,1.0,5.0,1.0,1.0,1.0,0.0,1.0,0.0,1.0,0.0,built up,high,new,hcbs sports ville,sohna,0.22
144.0,3.0,3.0,3.0,1.0,sector 33,8.0,1.0,0.0,0.0,1.0,0.0,0.0,0.0,1.0,1.0,0.0,0.0,0.0,0.0,0.0,0.0,0.0,0.0,0.0,0.0,6.0,10.0,4.0,6.0,0.0,1.0,0.0,0.0,1.0,5.0,1.0,1.0,1.0,0.0,1.0,0.0,1.0,0.0,super built up,mid,under construction,godrej nature plus,sohna,1.5
181.16,4.0,3.0,2.0,0.0,sector 92,8.0,1.0,0.0,0.0,0.0,0.0,0.0,0.0,0.0,0.0,0.0,0.0,0.0,1.0,0.0,0.0,0.0,0.0,0.0,0.0,6.0,10.0,4.0,6.0,0.0,1.0,0.0,0.0,1.0,5.0,1.0,1.0,1.0,0.0,1.0,0.0,1.0,0.0,carpet,low,new,sare crescent parc,gurgaon,1.0
160.44,3.0,3.0,2.0,1.0,sector 67,12.0,0.0,0.0,0.0,1.0,0.0,1.0,0.0,1.0,1.0,0.0,1.0,0.0,0.0,1.0,0.0,0.0,0.0,0.0,0.0,6.0,10.0,4.0,6.0,0.0,1.0,0.0,0.0,1.0,5.0,1.0,1.0,1.0,0.0,1.0,0.0,1.0,0.0,super built up,mid,under construction,ireo the corridors,gurgaon,2.0
104.98,2.0,2.0,2.0,0.0,sector 21,16.0,1.0,0.0,0.0,0.0,1.0,0.0,1.0,0.0,0.0,0.0,0.0,0.0,0.0,0.0,0.0,0.0,0.0,0.0,0.0,6.0,10.0,4.0,6.0,0.0,1.0,0.0,0.0,1.0,5.0,1.0,1.0,1.0,0.0,1.0,0.0,1.0,0.0,carpet,mid,old,mittal surya vihar,gurgaon,0.8
210.15,3.0,3.0,3.0,1.0,sector 80,10.0,1.0,0.0,0.0,0.0,0.0,0.0,0.0,0.0,0.0,0.0,0.0,0.0,1.0,0.0,0.0,0.0,0.0,0.0,1.0,6.0,10.0,4.0,6.0,0.0,1.0,0.0,0.0,1.0,5.0,1.0,1.0,1.0,0.0,1.0,0.0,1.0,0.0,super built up,mid,old,godrej frontier,gurgaon,1.6
37.07,1.0,1.0,1.0,0.0,sector 33,10.0,1.0,0.0,0.0,1.0,0.0,1.0,0.0,1.0,1.0,0.0,0.0,0.0,0.0,1.0,0.0,0.0,1.0,0.0,0.0,6.0,10.0,4.0,6.0,0.0,1.0,0.0,0.0,1.0,5.0,1.0,1.0,1.0,0.0,1.0,0.0,1.0,0.0,carpet,mid,new,breez global heights,sohna,0.28
44.75,2.0,2.0,1.0,0.0,sector 33,10.0,0.0,0.0,0.0,0.0,0.0,0.0,1.0,0.0,0.0,0.0,0.0,0.0,0.0,0.0,0.0,0.0,0.0,0.0,1.0,6.0,10.0,4.0,6.0,0.0,1.0,0.0,0.0,1.0,5.0,1.0,1.0,1.0,0.0,1.0,0.0,1.0,0.0,carpet,low,new,mvn athens,sohna,0.25
63.82,2.0,2.0,1.0,0.0,sector 99,8.0,1.0,0.0,0.0,1.0,0.0,0.0,0.0,1.0,1.0,0.0,0.0,1.0,0.0,0.0,0.0,0.0,0.0,0.0,0.0,6.0,10.0,4.0,6.0,0.0,1.0,0.0,0.0,1.0,5.0,1.0,1.0,1.0,0.0,1.0,0.0,1.0,0.0,super built up,mid,new,prime habitat,gurgaon,0.32
99.96,2.0,2.0,2.0,1.0,sector 95,4.0,1.0,0.0,0.0,0.0,0.0,0.0,0.0,0.0,0.0,0.0,0.0,0.0,1.0,0.0,0.0,0.0,0.0,0.0,0.0,6.0,10.0,4.0,6.0,0.0,1.0,0.0,0.0,1.0,5.0,1.0,1.0,1.0,0.0,1.0,0.0,1.0,0.0,super built up,high,new,sidhartha ncr greens,gurgaon,0.6
102.1,2.0,2.0,2.0,0.0,sector 104,7.0,1.0,0.0,0.0,0.0,1.0,0.0,0.0,1.0,1.0,1.0,1.0,1.0,0.0,0.0,0.0,0.0,0.0,0.0,0.0,6.0,10.0,4.0,6.0,0.0,1.0,0.0,0.0,1.0,5.0,1.0,1.0,1.0,0.0,1.0,0.0,1.0,0.0,super built up,high,mid aged,hero homes,gurgaon,1.2
144.0,3.0,3.0,2.0,0.0,sector 9,41.0,1.0,0.0,0.0,0.0,0.0,0.0,1.0,1.0,0.0,1.0,0.0,0.0,0.0,0.0,1.0,0.0,0.0,0.0,1.0,6.0,10.0,4.0,6.0,0.0,1.0,0.0,0.0,1.0,5.0,1.0,1.0,1.0,0.0,1.0,0.0,1.0,0.0,carpet,mid,old,jammu and kashmir bank employees cghs,gurgaon,0.94
128.21,2.0,2.0,2.0,0.0,sector 22,14.0,1.0,0.0,0.0,1.0,0.0,1.0,0.0,1.0,1.0,1.0,0.0,1.0,0.0,0.0,0.0,0.0,0.0,0.0,0.0,6.0,10.0,4.0,6.0,0.0,1.0,0.0,0.0,1.0,5.0,1.0,1.0,1.0,0.0,1.0,0.0,1.0,0.0,super built up,high,mid aged,ambience creacions,gurgaon,1.75
177.44,3.0,3.0,0.0,0.0,sector 89,7.0,0.0,0.0,0.0,0.0,0.0,0.0,0.0,0.0,0.0,1.0,0.0,0.0,1.0,0.0,0.0,0.0,0.0,0.0,1.0,6.0,10.0,4.0,6.0,0.0,1.0,0.0,0.0,1.0,5.0,1.0,1.0,1.0,0.0,1.0,0.0,1.0,0.0,built up,high,under construction,greenopolis,gurgaon,0.9
185.53,3.0,5.0,3.0,1.0,sector 99,15.0,1.0,0.0,0.0,1.0,1.0,1.0,1.0,1.0,1.0,0.0,0.0,0.0,0.0,1.0,0.0,0.0,0.0,0.0,0.0,6.0,10.0,4.0,6.0,0.0,1.0,0.0,0.0,1.0,5.0,1.0,1.0,1.0,0.0,1.0,0.0,1.0,0.0,super built up,mid,new,pareena coban residences,gurgaon,1.35
171.41,3.0,4.0,2.0,1.0,sector 1,10.0,1.0,0.0,0.0,0.0,0.0,0.0,0.0,0.0,0.0,0.0,0.0,0.0,1.0,0.0,0.0,0.0,0.0,0.0,1.0,6.0,10.0,4.0,6.0,0.0,1.0,0.0,0.0,1.0,5.0,1.0,1.0,1.0,0.0,1.0,0.0,1.0,0.0,super built up,mid,new,dlf express greens,manesar,1.2
133.32,2.0,3.0,3.0,1.0,sector 37,8.0,1.0,0.0,0.0,1.0,1.0,0.0,0.0,1.0,0.0,0.0,0.0,1.0,0.0,0.0,0.0,0.0,0.0,0.0,0.0,6.0,10.0,4.0,6.0,0.0,1.0,0.0,0.0,1.0,5.0,1.0,1.0,1.0,0.0,1.0,0.0,1.0,0.0,super built up,high,under construction,imperia the esfera,gurgaon,0.7
230.4,3.0,4.0,0.0,0.0,sector 1,14.0,1.0,0.0,0.0,0.0,0.0,0.0,0.0,0.0,0.0,0.0,0.0,0.0,0.0,0.0,0.0,0.0,0.0,0.0,0.0,6.0,10.0,4.0,6.0,0.0,1.0,0.0,0.0,1.0,5.0,1.0,1.0,1.0,0.0,1.0,0.0,1.0,0.0,built up,low,new,aditya apartment,manesar,1.0
163.51,3.0,4.0,3.0,1.0,sector 106,20.0,1.0,0.0,0.0,0.0,0.0,0.0,1.0,0.0,0.0,0.0,0.0,0.0,0.0,0.0,1.0,0.0,0.0,0.0,0.0,6.0,10.0,4.0,6.0,0.0,1.0,0.0,0.0,1.0,5.0,1.0,1.0,1.0,0.0,1.0,0.0,1.0,0.0,super built up,high,under construction,paras dews,gurgaon,1.4
131.36,3.0,3.0,3.0,0.0,sector 92,8.0,1.0,0.0,0.0,0.0,0.0,0.0,0.0,0.0,0.0,0.0,0.0,0.0,1.0,0.0,0.0,0.0,0.0,0.0,0.0,6.0,10.0,4.0,6.0,0.0,1.0,0.0,0.0,1.0,5.0,1.0,1.0,1.0,0.0,1.0,0.0,1.0,0.0,carpet,low,old,sare crescent parc,gurgaon,0.65
126.35,2.0,2.0,1.0,1.0,sector 86,4.0,1.0,0.0,0.0,1.0,0.0,0.0,0.0,1.0,0.0,0.0,0.0,1.0,0.0,0.0,0.0,0.0,0.0,0.0,0.0,6.0,10.0,4.0,6.0,0.0,1.0,0.0,0.0,1.0,5.0,1.0,1.0,1.0,0.0,1.0,0.0,1.0,0.0,super built up,high,new,ansal heights 86,gurgaon,0.87
27.87,1.0,1.0,0.0,0.0,sector 40,47.0,1.0,0.0,0.0,0.0,0.0,0.0,1.0,1.0,0.0,0.0,1.0,0.0,0.0,0.0,0.0,0.0,0.0,0.0,0.0,6.0,10.0,4.0,6.0,0.0,1.0,0.0,0.0,1.0,5.0,1.0,1.0,1.0,0.0,1.0,0.0,1.0,0.0,built up,low,under construction,lig flat,gurgaon,1.5
88.26,2.0,2.0,2.0,0.0,sector 3,48.0,1.0,0.0,0.0,0.0,0.0,0.0,1.0,1.0,0.0,1.0,0.0,0.0,0.0,0.0,1.0,0.0,0.0,0.0,1.0,6.0,10.0,4.0,6.0,0.0,1.0,0.0,0.0,1.0,5.0,1.0,1.0,1.0,0.0,1.0,0.0,1.0,0.0,super built up,low,old,apna enclave,gurgaon,0.55
80.55,2.0,2.0,1.0,0.0,sector 23,45.0,1.0,0.0,0.0,0.0,1.0,1.0,1.0,1.0,0.0,1.0,0.0,0.0,0.0,0.0,1.0,0.0,0.0,0.0,1.0,6.0,10.0,4.0,6.0,0.0,1.0,0.0,0.0,1.0,5.0,1.0,1.0,1.0,0.0,1.0,0.0,1.0,0.0,super built up,low,old,shri balaji apartment,gurgaon,0.35
173.26,3.0,3.0,3.0,0.0,sector 70,7.0,1.0,0.0,0.0,1.0,0.0,1.0,0.0,1.0,1.0,0.0,0.0,0.0,0.0,0.0,0.0,0.0,0.0,0.0,0.0,6.0,10.0,4.0,6.0,0.0,1.0,0.0,0.0,1.0,5.0,1.0,1.0,1.0,0.0,1.0,0.0,1.0,0.0,built up,high,under construction,krrish florence estate,gurgaon,1.3
248.05,4.0,5.0,3.0,1.0,sector 103,18.0,1.0,0.0,0.0,0.0,0.0,0.0,1.0,0.0,0.0,1.0,0.0,0.0,0.0,0.0,0.0,0.0,0.0,0.0,1.0,6.0,10.0,4.0,6.0,0.0,1.0,0.0,0.0,1.0,5.0,1.0,1.0,1.0,0.0,1.0,0.0,1.0,0.0,super built up,high,new,ansal housing highland park,gurgaon,2.0
219.16,4.0,5.0,3.0,1.0,sector 1,10.0,1.0,0.0,0.0,0.0,0.0,0.0,0.0,0.0,0.0,0.0,0.0,0.0,1.0,0.0,0.0,0.0,0.0,0.0,1.0,6.0,10.0,4.0,6.0,0.0,1.0,0.0,0.0,1.0,5.0,1.0,1.0,1.0,0.0,1.0,0.0,1.0,0.0,super built up,high,new,dlf express greens,manesar,1.5
191.29,3.0,3.0,3.0,1.0,sector 68,15.0,1.0,0.0,0.0,1.0,0.0,1.0,0.0,1.0,1.0,0.0,1.0,1.0,0.0,1.0,0.0,0.0,1.0,0.0,0.0,6.0,10.0,4.0,6.0,0.0,1.0,0.0,0.0,1.0,5.0,1.0,1.0,1.0,0.0,1.0,0.0,1.0,0.0,carpet,low,under construction,pareena mi casa,gurgaon,1.9
31.59,1.0,1.0,1.0,0.0,sector 95,3.0,1.0,0.0,0.0,0.0,0.0,0.0,0.0,0.0,0.0,0.0,0.0,0.0,0.0,0.0,0.0,0.0,0.0,0.0,0.0,6.0,10.0,4.0,6.0,0.0,1.0,0.0,0.0,1.0,5.0,1.0,1.0,1.0,0.0,1.0,0.0,1.0,0.0,super built up,low,new,ramsons kshitij,gurgaon,0.22
120.77,2.0,3.0,2.0,1.0,sector 2,25.0,1.0,0.0,0.0,0.0,1.0,0.0,0.0,1.0,0.0,0.0,1.0,0.0,0.0,0.0,1.0,0.0,0.0,0.0,0.0,6.0,10.0,4.0,6.0,0.0,1.0,0.0,0.0,1.0,5.0,1.0,1.0,1.0,0.0,1.0,0.0,1.0,0.0,carpet,low,old,ansals duplex flat,gurgaon,0.95
58.16,2.0,2.0,1.0,0.0,sector 90,15.0,1.0,0.0,0.0,0.0,0.0,0.0,1.0,1.0,0.0,0.0,0.0,0.0,1.0,0.0,0.0,1.0,1.0,0.0,0.0,6.0,10.0,4.0,6.0,0.0,1.0,0.0,0.0,1.0,5.0,1.0,1.0,1.0,0.0,1.0,0.0,1.0,0.0,super built up,high,new,green court,gurgaon,0.4
48.22,2.0,2.0,2.0,0.0,sector 33,5.0,0.0,0.0,0.0,0.0,0.0,0.0,0.0,0.0,0.0,0.0,0.0,0.0,0.0,0.0,0.0,0.0,0.0,0.0,1.0,6.0,10.0,4.0,6.0,0.0,1.0,0.0,0.0,1.0,5.0,1.0,1.0,1.0,0.0,1.0,0.0,1.0,0.0,carpet,low,new,hcbs sports ville,sohna,0.32
55.74,1.0,1.0,2.0,0.0,sector 56,47.0,1.0,0.0,0.0,0.0,1.0,1.0,1.0,0.0,0.0,0.0,1.0,0.0,1.0,0.0,1.0,1.0,0.0,0.0,1.0,6.0,10.0,4.0,6.0,0.0,1.0,0.0,0.0,1.0,5.0,1.0,1.0,1.0,0.0,1.0,0.0,1.0,0.0,super built up,low,old,smriti apartment,gurgaon,0.45
184.6,3.0,3.0,3.0,0.0,sector 68,15.0,1.0,0.0,0.0,1.0,0.0,1.0,0.0,1.0,1.0,0.0,1.0,1.0,0.0,1.0,0.0,0.0,1.0,0.0,0.0,6.0,10.0,4.0,6.0,0.0,1.0,0.0,0.0,1.0,5.0,1.0,1.0,1.0,0.0,1.0,0.0,1.0,0.0,super built up,high,under construction,pareena mi casa,gurgaon,1.85
143.81,3.0,3.0,3.0,1.0,sector 95,4.0,1.0,0.0,0.0,0.0,0.0,0.0,0.0,0.0,0.0,0.0,0.0,0.0,1.0,0.0,0.0,0.0,0.0,0.0,0.0,6.0,10.0,4.0,6.0,0.0,1.0,0.0,0.0,1.0,5.0,1.0,1.0,1.0,0.0,1.0,0.0,1.0,0.0,carpet,high,new,sidhartha ncr greens,gurgaon,0.96
232.26,4.0,4.0,3.0,0.0,sector 65,18.0,1.0,0.0,0.0,0.0,0.0,1.0,1.0,0.0,0.0,0.0,0.0,0.0,0.0,0.0,1.0,0.0,0.0,0.0,0.0,6.0,10.0,4.0,6.0,0.0,1.0,0.0,0.0,1.0,5.0,1.0,1.0,1.0,0.0,1.0,0.0,1.0,0.0,built up,low,new,ansals api esencia,gurgaon,2.4
120.31,2.0,2.0,3.0,1.0,sector 79,3.0,0.0,0.0,0.0,0.0,0.0,0.0,0.0,0.0,0.0,0.0,0.0,0.0,1.0,0.0,0.0,0.0,0.0,0.0,1.0,6.0,10.0,4.0,6.0,0.0,1.0,0.0,0.0,1.0,5.0,1.0,1.0,1.0,0.0,1.0,0.0,1.0,0.0,super built up,high,new,supertech araville,gurgaon,0.8
134.34,3.0,2.0,3.0,1.0,sector 104,15.0,1.0,0.0,0.0,1.0,0.0,0.0,0.0,1.0,1.0,1.0,1.0,1.0,0.0,1.0,0.0,0.0,0.0,1.0,0.0,6.0,10.0,4.0,6.0,0.0,1.0,0.0,0.0,1.0,5.0,1.0,1.0,1.0,0.0,1.0,0.0,1.0,0.0,carpet,high,new,godrej summit,gurgaon,1.2
92.9,2.0,2.0,2.0,1.0,sector 92,8.0,1.0,0.0,0.0,0.0,0.0,0.0,0.0,0.0,0.0,0.0,0.0,0.0,1.0,0.0,0.0,0.0,0.0,0.0,0.0,6.0,10.0,4.0,6.0,0.0,1.0,0.0,0.0,1.0,5.0,1.0,1.0,1.0,0.0,1.0,0.0,1.0,0.0,super built up,low,new,sare crescent parc,gurgaon,0.5
176.05,4.0,5.0,3.0,0.0,sector 92,8.0,1.0,0.0,0.0,0.0,0.0,0.0,0.0,0.0,0.0,0.0,0.0,0.0,1.0,0.0,0.0,0.0,0.0,0.0,0.0,6.0,10.0,4.0,6.0,0.0,1.0,0.0,0.0,1.0,5.0,1.0,1.0,1.0,0.0,1.0,0.0,1.0,0.0,built up,high,old,sare crescent parc,gurgaon,0.92
65.03,2.0,2.0,1.0,0.0,sector 90,15.0,1.0,0.0,0.0,0.0,0.0,0.0,1.0,1.0,0.0,0.0,0.0,0.0,1.0,0.0,0.0,1.0,1.0,0.0,0.0,6.0,10.0,4.0,6.0,0.0,1.0,0.0,0.0,1.0,5.0,1.0,1.0,1.0,0.0,1.0,0.0,1.0,0.0,super built up,high,new,green court,gurgaon,0.5
120.31,2.0,2.0,3.0,0.0,sector 79,3.0,0.0,0.0,0.0,0.0,0.0,0.0,0.0,0.0,0.0,0.0,0.0,0.0,1.0,0.0,0.0,0.0,0.0,0.0,1.0,6.0,10.0,4.0,6.0,0.0,1.0,0.0,0.0,1.0,5.0,1.0,1.0,1.0,0.0,1.0,0.0,1.0,0.0,super built up,high,new,supertech araville,gurgaon,0.78
58.9,2.0,2.0,1.0,0.0,sector 81,10.0,1.0,0.0,0.0,1.0,0.0,0.0,0.0,1.0,0.0,0.0,0.0,1.0,0.0,1.0,0.0,0.0,0.0,0.0,0.0,6.0,10.0,4.0,6.0,0.0,1.0,0.0,0.0,1.0,5.0,1.0,1.0,1.0,0.0,1.0,0.0,1.0,0.0,carpet,high,new,signature global synera,gurgaon,0.5
133.78,3.0,2.0,3.0,1.0,sector 104,15.0,1.0,0.0,0.0,1.0,0.0,0.0,0.0,1.0,1.0,1.0,1.0,1.0,0.0,1.0,0.0,0.0,0.0,1.0,0.0,6.0,10.0,4.0,6.0,0.0,1.0,0.0,0.0,1.0,5.0,1.0,1.0,1.0,0.0,1.0,0.0,1.0,0.0,super built up,high,new,godrej summit,gurgaon,1.3
46.17,2.0,2.0,1.0,0.0,sector 99,8.0,1.0,0.0,0.0,1.0,0.0,0.0,0.0,1.0,1.0,0.0,0.0,1.0,0.0,0.0,0.0,0.0,0.0,0.0,0.0,6.0,10.0,4.0,6.0,0.0,1.0,0.0,0.0,1.0,5.0,1.0,1.0,1.0,0.0,1.0,0.0,1.0,0.0,carpet,mid,new,prime habitat,gurgaon,0.27
165.0,4.0,4.0,3.0,0.0,sector 82,23.0,1.0,0.0,0.0,0.0,0.0,0.0,0.0,1.0,0.0,1.0,0.0,0.0,0.0,0.0,0.0,0.0,0.0,0.0,0.0,6.0,10.0,4.0,6.0,0.0,1.0,0.0,0.0,1.0,5.0,1.0,1.0,1.0,0.0,1.0,0.0,1.0,0.0,super built up,low,old,sare homes,gurgaon,0.85
126.35,2.0,2.0,3.0,1.0,sector 81,13.0,0.0,0.0,0.0,0.0,0.0,0.0,0.0,0.0,0.0,0.0,0.0,0.0,1.0,0.0,0.0,0.0,0.0,0.0,1.0,6.0,10.0,4.0,6.0,0.0,1.0,0.0,0.0,1.0,5.0,1.0,1.0,1.0,0.0,1.0,0.0,1.0,0.0,super built up,high,new,bestech park view ananda,gurgaon,0.9
55.74,2.0,2.0,2.0,0.0,sector 37,50.0,1.0,0.0,0.0,0.0,0.0,0.0,1.0,1.0,0.0,0.0,0.0,0.0,1.0,0.0,1.0,0.0,0.0,0.0,0.0,6.0,10.0,4.0,6.0,0.0,1.0,0.0,0.0,1.0,5.0,1.0,1.0,1.0,0.0,1.0,0.0,1.0,0.0,carpet,mid,new,millenia,gurgaon,0.4
185.81,3.0,3.0,1.0,0.0,sector 95,4.0,1.0,0.0,0.0,0.0,0.0,0.0,0.0,0.0,0.0,0.0,0.0,0.0,1.0,0.0,0.0,0.0,0.0,0.0,0.0,6.0,10.0,4.0,6.0,0.0,1.0,0.0,0.0,1.0,5.0,1.0,1.0,1.0,0.0,1.0,0.0,1.0,0.0,built up,high,new,sidhartha ncr one phase 1,gurgaon,0.9
30.19,1.0,1.0,2.0,0.0,sector 71,15.0,1.0,0.0,0.0,0.0,0.0,1.0,1.0,1.0,1.0,0.0,0.0,0.0,1.0,0.0,0.0,0.0,0.0,0.0,0.0,6.0,10.0,4.0,6.0,0.0,1.0,0.0,0.0,1.0,5.0,1.0,1.0,1.0,0.0,1.0,0.0,1.0,0.0,super built up,low,new,signature andour heights,gurgaon,0.39
171.87,3.0,2.0,3.0,1.0,sector 43,47.0,1.0,0.0,0.0,0.0,1.0,0.0,1.0,1.0,0.0,0.0,1.0,0.0,1.0,0.0,1.0,0.0,0.0,0.0,1.0,6.0,10.0,4.0,6.0,0.0,1.0,0.0,0.0,1.0,5.0,1.0,1.0,1.0,0.0,1.0,0.0,1.0,0.0,super built up,mid,old,sanskriti apartments,gurgaon,2.5
176.52,4.0,3.0,2.0,1.0,sector 92,8.0,1.0,0.0,0.0,0.0,0.0,0.0,0.0,0.0,0.0,0.0,0.0,0.0,1.0,0.0,0.0,0.0,0.0,0.0,0.0,6.0,10.0,4.0,6.0,0.0,1.0,0.0,0.0,1.0,5.0,1.0,1.0,1.0,0.0,1.0,0.0,1.0,0.0,super built up,high,new,sare crescent parc,gurgaon,0.8
130.06,2.0,2.0,1.0,0.0,sector 74,9.0,1.0,0.0,0.0,0.0,0.0,1.0,1.0,0.0,0.0,0.0,0.0,0.0,1.0,0.0,0.0,0.0,0.0,0.0,0.0,6.0,10.0,4.0,6.0,0.0,1.0,0.0,0.0,1.0,5.0,1.0,1.0,1.0,0.0,1.0,0.0,1.0,0.0,carpet,high,new,m3m skywalk,gurgaon,1.5
141.49,3.0,3.0,3.0,0.0,sector 92,6.0,1.0,0.0,0.0,0.0,0.0,0.0,0.0,0.0,0.0,0.0,0.0,0.0,1.0,0.0,0.0,0.0,0.0,0.0,0.0,6.0,10.0,4.0,6.0,0.0,1.0,0.0,0.0,1.0,5.0,1.0,1.0,1.0,0.0,1.0,0.0,1.0,0.0,super built up,high,new,sare homes,gurgaon,0.82
157.94,2.0,3.0,3.0,1.0,sector 104,13.0,1.0,0.0,0.0,1.0,0.0,1.0,0.0,1.0,1.0,1.0,1.0,1.0,0.0,1.0,0.0,0.0,0.0,0.0,0.0,6.0,10.0,4.0,6.0,0.0,1.0,0.0,0.0,1.0,5.0,1.0,1.0,1.0,0.0,1.0,0.0,1.0,0.0,super built up,high,new,puri emerald bay,gurgaon,1.8
212.66,3.0,4.0,3.0,1.0,sector 79,11.0,1.0,0.0,0.0,1.0,0.0,1.0,0.0,1.0,1.0,0.0,0.0,1.0,0.0,0.0,0.0,0.0,0.0,1.0,0.0,6.0,10.0,4.0,6.0,0.0,1.0,0.0,0.0,1.0,5.0,1.0,1.0,1.0,0.0,1.0,0.0,1.0,0.0,super built up,high,new,godrej aria,gurgaon,1.95
160.72,3.0,3.0,3.0,0.0,sector 103,17.0,1.0,0.0,0.0,0.0,0.0,0.0,1.0,0.0,0.0,1.0,0.0,0.0,0.0,0.0,0.0,0.0,0.0,0.0,1.0,6.0,10.0,4.0,6.0,0.0,1.0,0.0,0.0,1.0,5.0,1.0,1.0,1.0,0.0,1.0,0.0,1.0,0.0,super built up,mid,under construction,ansal estella,gurgaon,1.5
115.57,4.0,2.0,3.0,0.0,sector 28,48.0,1.0,0.0,0.0,0.0,0.0,0.0,1.0,0.0,0.0,0.0,1.0,0.0,0.0,0.0,0.0,1.0,0.0,0.0,1.0,6.0,10.0,4.0,6.0,0.0,1.0,0.0,0.0,1.0,5.0,1.0,1.0,1.0,0.0,1.0,0.0,1.0,0.0,carpet,low,old,chanderlok society,gurgaon,0.9
144.0,3.0,3.0,2.0,1.0,sector 9,41.0,1.0,0.0,0.0,0.0,0.0,0.0,1.0,1.0,0.0,1.0,0.0,0.0,0.0,0.0,1.0,0.0,0.0,0.0,1.0,6.0,10.0,4.0,6.0,0.0,1.0,0.0,0.0,1.0,5.0,1.0,1.0,1.0,0.0,1.0,0.0,1.0,0.0,super built up,mid,old,jammu and kashmir bank employees cghs,gurgaon,0.95
167.23,3.0,3.0,3.0,0.0,sector 37,9.0,1.0,0.0,0.0,1.0,0.0,1.0,0.0,1.0,1.0,1.0,0.0,1.0,0.0,0.0,0.0,0.0,0.0,0.0,0.0,6.0,10.0,4.0,6.0,0.0,1.0,0.0,0.0,1.0,5.0,1.0,1.0,1.0,0.0,1.0,0.0,1.0,0.0,super built up,low,under construction,ild greens,gurgaon,1.0
102.19,3.0,3.0,2.0,0.0,sector 12,50.0,1.0,0.0,0.0,0.0,0.0,0.0,1.0,1.0,0.0,0.0,0.0,0.0,1.0,0.0,1.0,0.0,0.0,0.0,0.0,6.0,10.0,4.0,6.0,0.0,1.0,0.0,0.0,1.0,5.0,1.0,1.0,1.0,0.0,1.0,0.0,1.0,0.0,super built up,low,new,ss residency,gurgaon,0.53
92.9,3.0,2.0,1.0,0.0,sector 105,30.0,1.0,0.0,0.0,0.0,0.0,0.0,1.0,0.0,0.0,0.0,0.0,0.0,0.0,0.0,1.0,0.0,0.0,0.0,0.0,6.0,10.0,4.0,6.0,0.0,1.0,0.0,0.0,1.0,5.0,1.0,1.0,1.0,0.0,1.0,0.0,1.0,0.0,carpet,low,new,uphar lakshya homes,gurgaon,0.42
142.14,2.0,2.0,3.0,1.0,sector 79,3.0,0.0,0.0,0.0,0.0,0.0,0.0,0.0,0.0,0.0,0.0,0.0,0.0,1.0,0.0,0.0,0.0,0.0,0.0,1.0,6.0,10.0,4.0,6.0,0.0,1.0,0.0,0.0,1.0,5.0,1.0,1.0,1.0,0.0,1.0,0.0,1.0,0.0,super built up,mid,new,supertech araville,gurgaon,1.35
219.07,3.0,4.0,3.0,1.0,sector 37,13.0,0.0,0.0,0.0,1.0,0.0,1.0,0.0,1.0,1.0,1.0,0.0,1.0,0.0,1.0,0.0,0.0,0.0,0.0,0.0,6.0,10.0,4.0,6.0,0.0,1.0,0.0,0.0,1.0,5.0,1.0,1.0,1.0,0.0,1.0,0.0,1.0,0.0,super built up,high,new,corona optus,gurgaon,1.5
209.03,3.0,3.0,2.0,1.0,sector 78,7.0,1.0,0.0,0.0,0.0,0.0,0.0,1.0,0.0,0.0,0.0,1.0,0.0,0.0,0.0,0.0,0.0,0.0,0.0,0.0,6.0,10.0,4.0,6.0,0.0,1.0,0.0,0.0,1.0,5.0,1.0,1.0,1.0,0.0,1.0,0.0,1.0,0.0,super built up,high,old,umang monsoon breeze,gurgaon,1.2
171.87,3.0,3.0,2.0,0.0,sector 88,7.0,1.0,0.0,0.0,0.0,1.0,0.0,0.0,1.0,0.0,0.0,0.0,1.0,0.0,0.0,0.0,0.0,0.0,0.0,0.0,6.0,10.0,4.0,6.0,0.0,1.0,0.0,0.0,1.0,5.0,1.0,1.0,1.0,0.0,1.0,0.0,1.0,0.0,carpet,low,new,godrej oasis,gurgaon,1.5
125.42,2.0,2.0,3.0,0.0,sector 79,50.0,1.0,0.0,0.0,0.0,0.0,0.0,1.0,1.0,0.0,0.0,0.0,0.0,1.0,0.0,1.0,0.0,0.0,0.0,0.0,6.0,10.0,4.0,6.0,0.0,1.0,0.0,0.0,1.0,5.0,1.0,1.0,1.0,0.0,1.0,0.0,1.0,0.0,carpet,mid,new,"godrej aria , sector 79 , gurgaon",gurgaon,1.5
127.28,3.0,2.0,3.0,0.0,sector 92,14.0,1.0,0.0,0.0,0.0,0.0,0.0,1.0,1.0,0.0,0.0,0.0,1.0,0.0,0.0,1.0,0.0,0.0,0.0,0.0,6.0,10.0,4.0,6.0,0.0,1.0,0.0,0.0,1.0,5.0,1.0,1.0,1.0,0.0,1.0,0.0,1.0,0.0,super built up,high,new,raheja sampada,gurgaon,0.9
194.17,4.0,4.0,2.0,1.0,sector 92,11.0,0.0,0.0,0.0,0.0,0.0,0.0,0.0,1.0,1.0,0.0,1.0,1.0,0.0,0.0,0.0,0.0,0.0,0.0,0.0,6.0,10.0,4.0,6.0,0.0,1.0,0.0,0.0,1.0,5.0,1.0,1.0,1.0,0.0,1.0,0.0,1.0,0.0,super built up,high,new,sare green parc phase 3,gurgaon,1.08
139.17,2.0,2.0,2.0,0.0,sector 92,11.0,1.0,0.0,0.0,0.0,0.0,0.0,1.0,1.0,0.0,0.0,0.0,1.0,0.0,0.0,1.0,0.0,0.0,0.0,0.0,6.0,10.0,4.0,6.0,0.0,1.0,0.0,0.0,1.0,5.0,1.0,1.0,1.0,0.0,1.0,0.0,1.0,0.0,built up,mid,new,raheja navodaya,gurgaon,0.62
185.71,4.0,4.0,3.0,0.0,sector 68,15.0,1.0,0.0,0.0,1.0,0.0,1.0,0.0,1.0,1.0,0.0,1.0,1.0,0.0,1.0,0.0,0.0,1.0,0.0,0.0,6.0,10.0,4.0,6.0,0.0,1.0,0.0,0.0,1.0,5.0,1.0,1.0,1.0,0.0,1.0,0.0,1.0,0.0,super built up,high,new,pareena mi casa,gurgaon,1.7
43.2,1.0,1.0,1.0,0.0,sector 2,28.0,1.0,0.0,0.0,0.0,1.0,1.0,1.0,1.0,0.0,1.0,1.0,0.0,0.0,0.0,1.0,0.0,0.0,0.0,0.0,6.0,10.0,4.0,6.0,0.0,1.0,0.0,0.0,1.0,5.0,1.0,1.0,1.0,0.0,1.0,0.0,1.0,0.0,super built up,mid,old,palam vihar society,gurgaon,0.4
92.9,3.0,3.0,1.0,0.0,sector 23,47.0,1.0,0.0,0.0,0.0,1.0,1.0,1.0,1.0,0.0,1.0,0.0,0.0,0.0,0.0,1.0,0.0,0.0,0.0,1.0,6.0,10.0,4.0,6.0,0.0,1.0,0.0,0.0,1.0,5.0,1.0,1.0,1.0,0.0,1.0,0.0,1.0,0.0,super built up,low,old,krishna appartment,gurgaon,0.35
168.25,3.0,4.0,3.0,1.0,sector 103,17.0,1.0,0.0,0.0,0.0,0.0,0.0,1.0,0.0,0.0,1.0,0.0,0.0,0.0,0.0,0.0,0.0,0.0,0.0,1.0,6.0,10.0,4.0,6.0,0.0,1.0,0.0,0.0,1.0,5.0,1.0,1.0,1.0,0.0,1.0,0.0,1.0,0.0,carpet,high,under construction,spire woods now ananda by alpha corp,gurgaon,1.25
103.03,2.0,2.0,2.0,0.0,sector 28,45.0,1.0,0.0,0.0,0.0,1.0,0.0,1.0,1.0,0.0,0.0,1.0,0.0,1.0,0.0,1.0,0.0,0.0,0.0,1.0,6.0,10.0,4.0,6.0,0.0,1.0,0.0,0.0,1.0,5.0,1.0,1.0,1.0,0.0,1.0,0.0,1.0,0.0,built up,low,old,dlf regency park 1,gurgaon,1.35
176.05,3.0,3.0,3.0,1.0,sector 86,4.0,1.0,0.0,0.0,1.0,0.0,0.0,0.0,1.0,0.0,0.0,0.0,1.0,0.0,0.0,0.0,0.0,0.0,0.0,0.0,6.0,10.0,4.0,6.0,0.0,1.0,0.0,0.0,1.0,5.0,1.0,1.0,1.0,0.0,1.0,0.0,1.0,0.0,super built up,high,under construction,ansal heights 86,gurgaon,1.05
362.79,5.0,5.0,3.0,1.0,sector 48,45.0,1.0,0.0,0.0,0.0,1.0,1.0,1.0,0.0,0.0,0.0,0.0,0.0,1.0,0.0,1.0,0.0,1.0,0.0,0.0,6.0,10.0,4.0,6.0,0.0,1.0,0.0,0.0,1.0,5.0,1.0,1.0,1.0,0.0,1.0,0.0,1.0,0.0,super built up,mid,old,parsvnath green ville,gurgaon,3.3
343.74,3.0,4.0,3.0,1.0,sector 24,42.0,1.0,0.0,0.0,0.0,0.0,0.0,1.0,0.0,0.0,0.0,1.0,0.0,0.0,0.0,1.0,0.0,0.0,0.0,1.0,6.0,10.0,4.0,6.0,0.0,1.0,0.0,0.0,1.0,5.0,1.0,1.0,1.0,0.0,1.0,0.0,1.0,0.0,built up,high,old,ambience lagoon,gurgaon,5.8
290.14,4.0,6.0,3.0,1.0,sector 54,13.0,0.0,0.0,0.0,1.0,0.0,0.0,0.0,1.0,0.0,0.0,1.0,0.0,0.0,0.0,0.0,0.0,0.0,0.0,0.0,6.0,10.0,4.0,6.0,0.0,1.0,0.0,0.0,1.0,5.0,1.0,1.0,1.0,0.0,1.0,0.0,1.0,0.0,super built up,mid,new,dlf the crest,gurgaon,11.0
