area_sqm,bedroom,bathroom,balcony,addl_room,sector,landmark_count,has_hospital_or_clinic,has_police_stn,has_fire_stn,has_mall,has_market,has_park,has_bank_or_atm,has_institute,has_airport,has_rly_stn,has_metro_stn,has_expy,has_petrol_pump,has_hotel,has_temple_or_church,has_famous_chowk,has_club,has_stadium,has_restro_cafe,area_type,floor_rise,age,society,city,price_cr
83.61,2.0,2.0,1.0,0.0,sector 7,50.0,1.0,0.0,0.0,0.0,0.0,0.0,1.0,1.0,0.0,0.0,0.0,0.0,0.0,0.0,1.0,0.0,0.0,0.0,1.0,carpet,mid,new,maa bhagwati residency,gurgaon,0.765
60.39,2.0,2.0,1.0,0.0,sector 3,48.0,1.0,0.0,0.0,0.0,0.0,0.0,1.0,0.0,0.0,0.0,0.0,0.0,0.0,0.0,1.0,0.0,0.0,0.0,0.0,carpet,low,old,apna enclave,gurgaon,0.85
55.28,2.0,2.0,3.0,0.0,sector 33,6.0,0.0,0.0,0.0,0.0,0.0,0.0,0.0,0.0,1.0,0.0,1.0,0.0,0.0,0.0,0.0,1.0,0.0,0.0,0.0,carpet,high,new,tulsiani easy in homes,sohna,0.68
111.48,2.0,2.0,2.0,1.0,sector 61,9.0,1.0,0.0,0.0,1.0,0.0,0.0,0.0,1.0,1.0,1.0,1.0,0.0,0.0,0.0,0.0,0.0,0.0,0.0,0.0,carpet,low,mid aged,smart world orchard,gurgaon,2.499
124.95,2.0,2.0,3.0,1.0,sector 92,11.0,1.0,0.0,0.0,0.0,0.0,0.0,0.0,0.0,0.0,0.0,0.0,0.0,1.0,0.0,0.0,0.0,0.0,0.0,1.0,super built up,mid,under construction,parkwood westend,gurgaon,1.19
139.35,3.0,3.0,3.0,0.0,sector 102,7.0,1.0,0.0,0.0,0.0,0.0,0.0,0.0,0.0,0.0,1.0,0.0,0.0,0.0,0.0,0.0,0.0,0.0,0.0,0.0,super built up,mid,new,the cocoon,gurgaon,3.4
212.75,3.0,4.0,3.0,0.0,sector 104,13.0,1.0,0.0,0.0,1.0,0.0,1.0,0.0,1.0,1.0,0.0,1.0,1.0,0.0,1.0,0.0,1.0,0.0,0.0,0.0,carpet,high,new,ats triumph,gurgaon,3.06
125.42,2.0,4.0,3.0,1.0,sector 88,7.0,1.0,0.0,0.0,0.0,0.0,0.0,0.0,1.0,0.0,0.0,0.0,1.0,0.0,0.0,0.0,0.0,0.0,0.0,0.0,built up,low,under construction,vatika xpressions,gurgaon,1.87
261.34,3.0,3.0,2.0,1.0,sector 78,10.0,0.0,0.0,0.0,1.0,0.0,1.0,0.0,1.0,1.0,0.0,0.0,0.0,0.0,0.0,0.0,0.0,0.0,0.0,0.0,built up,high,mid aged,raheja revanta,gurgaon,8.075
99.87,2.0,2.0,2.0,0.0,sector 81,6.0,0.0,0.0,0.0,1.0,0.0,0.0,0.0,1.0,0.0,0.0,0.0,1.0,0.0,0.0,0.0,0.0,0.0,0.0,0.0,carpet,low,mid aged,signature global city 81,gurgaon,1.632
48.22,2.0,2.0,1.0,0.0,sector 33,5.0,0.0,0.0,0.0,0.0,0.0,0.0,0.0,0.0,0.0,0.0,0.0,0.0,0.0,0.0,0.0,0.0,0.0,0.0,1.0,carpet,mid,new,hcbs sports ville,sohna,0.49299999999999994
180.7,3.0,3.0,3.0,0.0,sector 79,3.0,0.0,0.0,0.0,0.0,0.0,0.0,0.0,0.0,0.0,0.0,0.0,0.0,1.0,0.0,0.0,0.0,0.0,0.0,1.0,carpet,mid,new,supertech araville,gurgaon,2.295
120.77,2.0,2.0,3.0,1.0,sector 90,10.0,1.0,0.0,0.0,1.0,0.0,1.0,0.0,1.0,1.0,0.0,0.0,1.0,0.0,1.0,0.0,0.0,0.0,0.0,0.0,super built up,high,new,shree vardhman flora,gurgaon,1.19
217.67,4.0,5.0,3.0,0.0,sector 108,13.0,1.0,0.0,0.0,0.0,0.0,1.0,0.0,1.0,1.0,0.0,0.0,1.0,0.0,0.0,0.0,0.0,0.0,1.0,0.0,built up,high,under construction,sobha city,gurgaon,6.715
59.37,1.0,1.0,0.0,0.0,sector 62,43.0,1.0,0.0,0.0,0.0,1.0,1.0,1.0,1.0,0.0,0.0,0.0,0.0,0.0,0.0,1.0,0.0,1.0,0.0,1.0,built up,low,under construction,senate court,gurgaon,1.53
85.01,2.0,2.0,2.0,0.0,sector 102,13.0,1.0,0.0,0.0,1.0,1.0,0.0,0.0,1.0,1.0,0.0,0.0,1.0,0.0,1.0,0.0,0.0,1.0,0.0,0.0,carpet,high,mid aged,shapoorji pallonji joyville gurugram,gurgaon,1.785
195.1,3.0,3.0,3.0,1.0,sector 33,11.0,1.0,0.0,0.0,1.0,0.0,0.0,0.0,1.0,1.0,1.0,0.0,0.0,0.0,1.0,0.0,0.0,0.0,1.0,0.0,super built up,high,new,central park flower valley,sohna,3.74
102.47,2.0,2.0,2.0,1.0,sector 89,14.0,1.0,0.0,0.0,1.0,0.0,1.0,0.0,1.0,0.0,1.0,1.0,1.0,0.0,1.0,0.0,0.0,0.0,0.0,0.0,carpet,mid,new,smart world gems,gurgaon,1.7169999999999999
199.74,3.0,4.0,3.0,1.0,sector 79,10.0,1.0,0.0,0.0,1.0,0.0,0.0,0.0,1.0,1.0,0.0,0.0,0.0,0.0,0.0,0.0,0.0,0.0,0.0,0.0,super built up,high,new,bestech altura,gurgaon,3.145
102.47,2.0,3.0,3.0,0.0,sector 89,14.0,1.0,0.0,0.0,1.0,0.0,1.0,0.0,1.0,0.0,1.0,1.0,1.0,0.0,1.0,0.0,0.0,0.0,0.0,0.0,super built up,mid,mid aged,smart world gems,gurgaon,1.462
188.13,3.0,3.0,3.0,1.0,sector 102,10.0,1.0,0.0,0.0,1.0,0.0,0.0,0.0,1.0,1.0,1.0,0.0,1.0,0.0,1.0,0.0,0.0,0.0,1.0,0.0,carpet,high,new,emaar imperial gardens,gurgaon,3.145
205.97,3.0,3.0,3.0,1.0,sector 113,8.0,1.0,0.0,0.0,1.0,0.0,0.0,0.0,1.0,0.0,0.0,0.0,1.0,0.0,0.0,0.0,0.0,0.0,0.0,0.0,super built up,high,new,la vida by tata housing,gurgaon,4.845
311.69,3.0,4.0,2.0,0.0,sector 65,9.0,1.0,0.0,0.0,1.0,0.0,1.0,0.0,1.0,1.0,0.0,1.0,0.0,0.0,1.0,0.0,1.0,0.0,0.0,0.0,built up,high,under construction,m3m golfestate,gurgaon,10.455
267.56,3.0,5.0,3.0,1.0,sector 48,15.0,1.0,0.0,0.0,1.0,0.0,1.0,0.0,1.0,0.0,0.0,0.0,0.0,0.0,0.0,0.0,0.0,0.0,0.0,0.0,carpet,mid,old,central park resort belgravia residences,gurgaon,10.625
69.68,2.0,2.0,2.0,0.0,sector 37,32.0,1.0,0.0,0.0,0.0,0.0,0.0,0.0,0.0,0.0,1.0,0.0,0.0,0.0,0.0,0.0,0.0,0.0,0.0,0.0,carpet,mid,new,apex builders,gurgaon,0.714
98.11,2.0,2.0,0.0,0.0,sector 3,48.0,1.0,0.0,0.0,0.0,0.0,0.0,1.0,0.0,0.0,0.0,0.0,0.0,0.0,0.0,1.0,0.0,0.0,0.0,0.0,built up,mid,under construction,godrej habitat,gurgaon,2.295
55.18,2.0,2.0,2.0,0.0,sector 110,16.0,1.0,0.0,0.0,0.0,0.0,0.0,0.0,1.0,0.0,0.0,1.0,0.0,0.0,0.0,1.0,0.0,0.0,0.0,0.0,carpet,low,new,ompee k s residency,gurgaon,2.72
297.29,4.0,4.0,3.0,1.0,sector 43,44.0,1.0,0.0,0.0,0.0,1.0,0.0,1.0,1.0,0.0,0.0,1.0,0.0,1.0,0.0,1.0,0.0,0.0,0.0,1.0,super built up,high,old,bhawna cghs,gurgaon,5.5249999999999995
58.11,2.0,2.0,1.0,0.0,sector 88,6.0,1.0,0.0,0.0,1.0,0.0,0.0,0.0,1.0,1.0,0.0,0.0,0.0,0.0,0.0,0.0,0.0,0.0,0.0,0.0,carpet,high,new,adani aangan arcade,gurgaon,0.765
120.77,3.0,2.0,2.0,0.0,sector 92,49.0,1.0,0.0,0.0,0.0,1.0,1.0,1.0,1.0,0.0,0.0,1.0,0.0,0.0,0.0,0.0,1.0,0.0,0.0,1.0,built up,high,under construction,sare green parc,gurgaon,1.4449999999999998
120.77,2.0,2.0,3.0,0.0,sector 90,10.0,1.0,0.0,0.0,1.0,0.0,1.0,0.0,1.0,1.0,0.0,0.0,1.0,0.0,1.0,0.0,0.0,0.0,0.0,0.0,carpet,high,under construction,shree vardhman flora,gurgaon,1.275
109.63,2.0,2.0,3.0,1.0,sector 68,24.0,1.0,0.0,0.0,0.0,0.0,1.0,1.0,0.0,0.0,0.0,0.0,0.0,0.0,0.0,1.0,0.0,0.0,0.0,0.0,super built up,high,under construction,supertech hues,gurgaon,1.394
188.59,3.0,3.0,2.0,1.0,sector 109,8.0,1.0,0.0,0.0,0.0,0.0,1.0,0.0,1.0,1.0,0.0,0.0,0.0,0.0,1.0,0.0,0.0,0.0,0.0,0.0,super built up,high,old,chintels paradiso,gurgaon,3.06
60.85,2.0,2.0,2.0,0.0,sector 33,14.0,1.0,0.0,0.0,0.0,0.0,1.0,1.0,1.0,0.0,1.0,0.0,0.0,0.0,1.0,0.0,0.0,1.0,0.0,0.0,super built up,mid,new,breez global hill view,sohna,0.51
126.81,2.0,2.0,3.0,0.0,sector 37,9.0,1.0,0.0,0.0,1.0,0.0,1.0,0.0,1.0,1.0,1.0,0.0,1.0,0.0,0.0,0.0,0.0,0.0,0.0,0.0,super built up,low,old,ild greens,gurgaon,1.326
122.63,3.0,3.0,2.0,1.0,sector 43,45.0,1.0,0.0,0.0,0.0,1.0,0.0,1.0,1.0,0.0,0.0,1.0,0.0,1.0,0.0,1.0,0.0,0.0,0.0,1.0,carpet,low,old,ansal sushant lok ci,gurgaon,3.4
112.41,2.0,2.0,3.0,0.0,sector 33,6.0,1.0,0.0,0.0,0.0,0.0,0.0,0.0,1.0,1.0,0.0,0.0,0.0,0.0,0.0,0.0,0.0,0.0,0.0,0.0,carpet,high,new,ashiana mulberry,sohna,1.258
185.99,3.0,3.0,3.0,1.0,sector 106,9.0,1.0,0.0,0.0,1.0,0.0,1.0,0.0,1.0,0.0,1.0,1.0,1.0,0.0,0.0,0.0,0.0,0.0,0.0,0.0,carpet,mid,new,godrej meridien,gurgaon,5.44
182.09,4.0,4.0,3.0,1.0,sector 82,11.0,0.0,0.0,0.0,1.0,0.0,1.0,0.0,1.0,1.0,0.0,0.0,0.0,0.0,1.0,0.0,0.0,0.0,0.0,0.0,super built up,low,new,mapsko casa bella,gurgaon,2.21
65.03,2.0,2.0,2.0,0.0,sector 3,46.0,1.0,0.0,0.0,0.0,0.0,0.0,1.0,1.0,0.0,1.0,0.0,0.0,0.0,0.0,1.0,0.0,0.0,0.0,1.0,carpet,low,new,pooja apartment,gurgaon,0.425
112.48,3.0,2.0,3.0,0.0,sector 33,8.0,1.0,0.0,0.0,0.0,0.0,0.0,0.0,1.0,1.0,1.0,1.0,0.0,0.0,0.0,0.0,0.0,0.0,0.0,0.0,built up,low,new,signature global park,sohna,1.615
253.35,4.0,4.0,3.0,1.0,sector 90,6.0,1.0,0.0,0.0,0.0,0.0,0.0,0.0,1.0,1.0,0.0,0.0,0.0,0.0,1.0,0.0,0.0,0.0,0.0,0.0,carpet,high,new,dlf new town heights 1,gurgaon,3.383
128.67,2.0,2.0,2.0,0.0,sector 106,11.0,1.0,0.0,0.0,1.0,0.0,1.0,0.0,1.0,1.0,0.0,1.0,1.0,0.0,1.0,0.0,0.0,0.0,0.0,0.0,carpet,mid,new,paras dews,gurgaon,1.785
169.92,3.0,3.0,3.0,0.0,sector 85,8.0,1.0,0.0,0.0,1.0,0.0,0.0,0.0,1.0,1.0,0.0,0.0,1.0,0.0,0.0,0.0,0.0,0.0,0.0,0.0,carpet,high,mid aged,godrej air,gurgaon,3.111
195.1,3.0,3.0,3.0,1.0,sector 82,7.0,1.0,0.0,0.0,0.0,0.0,0.0,0.0,0.0,1.0,0.0,0.0,0.0,0.0,0.0,0.0,0.0,0.0,0.0,0.0,carpet,high,new,dlf the primus,gurgaon,3.8249999999999997
153.29,3.0,3.0,3.0,1.0,sector 65,6.0,1.0,0.0,0.0,0.0,0.0,0.0,0.0,0.0,1.0,0.0,0.0,0.0,0.0,1.0,0.0,0.0,0.0,0.0,0.0,carpet,low,new,emaar mgf emerald floors premier,gurgaon,4.76
102.19,2.0,2.0,2.0,0.0,sector 28,45.0,1.0,0.0,0.0,0.0,1.0,0.0,1.0,1.0,0.0,0.0,1.0,0.0,1.0,0.0,1.0,0.0,0.0,0.0,1.0,carpet,low,new,dlf regency park 1,gurgaon,2.72
142.14,2.0,2.0,3.0,1.0,sector 79,3.0,0.0,0.0,0.0,0.0,0.0,0.0,0.0,0.0,0.0,0.0,0.0,0.0,1.0,0.0,0.0,0.0,0.0,0.0,1.0,carpet,mid,new,supertech araville,gurgaon,1.4109999999999998
104.05,3.0,2.0,2.0,0.0,sector 33,8.0,1.0,0.0,0.0,0.0,0.0,0.0,0.0,1.0,1.0,1.0,1.0,0.0,0.0,0.0,0.0,0.0,0.0,0.0,0.0,carpet,low,new,signature global park,sohna,1.4109999999999998
116.13,2.0,3.0,2.0,0.0,sector 10,49.0,1.0,0.0,0.0,0.0,0.0,0.0,0.0,1.0,0.0,0.0,0.0,0.0,1.0,0.0,0.0,1.0,0.0,0.0,0.0,carpet,high,new,maxworth city residences,gurgaon,1.36
246.29,4.0,4.0,3.0,0.0,sector 1,10.0,1.0,0.0,0.0,0.0,0.0,0.0,0.0,0.0,0.0,0.0,0.0,0.0,1.0,0.0,0.0,0.0,0.0,0.0,1.0,carpet,mid,old,deepak minda,manesar,2.125
42.74,1.0,1.0,1.0,0.0,sector 21,48.0,1.0,0.0,0.0,0.0,0.0,0.0,1.0,0.0,0.0,0.0,0.0,0.0,0.0,0.0,1.0,0.0,0.0,0.0,0.0,carpet,low,new,shree shyam residency,gurgaon,0.391
41.81,1.0,1.0,1.0,0.0,sector 84,15.0,1.0,0.0,0.0,0.0,0.0,0.0,1.0,1.0,1.0,0.0,0.0,1.0,1.0,1.0,0.0,0.0,0.0,0.0,0.0,carpet,high,new,pivotal devaan,gurgaon,0.51
145.86,3.0,4.0,1.0,1.0,sector 33,13.0,0.0,0.0,0.0,1.0,0.0,1.0,0.0,1.0,1.0,0.0,1.0,1.0,0.0,0.0,0.0,0.0,0.0,0.0,0.0,super built up,low,new,unitech the residences,gurgaon,2.635
111.3,2.0,2.0,2.0,1.0,sector 71,15.0,1.0,1.0,0.0,0.0,0.0,1.0,1.0,0.0,1.0,0.0,0.0,0.0,0.0,1.0,0.0,1.0,0.0,0.0,0.0,super built up,high,new,chd avenue 71,gurgaon,1.343
83.61,2.0,2.0,2.0,1.0,sector 7,50.0,1.0,0.0,0.0,0.0,0.0,0.0,1.0,1.0,0.0,0.0,0.0,0.0,1.0,0.0,1.0,0.0,0.0,0.0,0.0,super built up,low,old,"gokuldham society, bahadurgarh",gurgaon,0.85
134.71,2.0,2.0,3.0,1.0,sector 33,8.0,1.0,0.0,0.0,1.0,0.0,0.0,0.0,1.0,0.0,0.0,0.0,1.0,0.0,0.0,0.0,0.0,0.0,0.0,0.0,super built up,high,mid aged,silverglades the melia,sohna,1.7169999999999999
176.24,4.0,5.0,3.0,1.0,sector 92,8.0,1.0,0.0,0.0,0.0,0.0,0.0,0.0,0.0,0.0,0.0,0.0,0.0,1.0,0.0,0.0,0.0,0.0,0.0,0.0,super built up,mid,old,sare crescent parc royal greens phase 1,gurgaon,1.615
117.06,2.0,2.0,2.0,0.0,sector 77,10.0,1.0,0.0,0.0,1.0,0.0,1.0,0.0,1.0,1.0,0.0,0.0,1.0,0.0,0.0,0.0,0.0,0.0,0.0,0.0,super built up,low,new,umang winter hills,gurgaon,1.683
160.26,3.0,3.0,3.0,0.0,sector 37,5.0,1.0,0.0,0.0,0.0,0.0,0.0,0.0,0.0,0.0,1.0,0.0,0.0,0.0,0.0,0.0,0.0,0.0,0.0,0.0,super built up,mid,mid aged,ramprastha skyz,gurgaon,1.87
204.39,4.0,4.0,3.0,0.0,sector 67,11.0,1.0,0.0,0.0,1.0,0.0,1.0,0.0,1.0,1.0,0.0,0.0,0.0,0.0,1.0,0.0,0.0,0.0,0.0,0.0,super built up,low,new,4s aradhya homes,gurgaon,3.23
174.19,3.0,3.0,3.0,0.0,sector 37,9.0,1.0,0.0,0.0,1.0,0.0,1.0,0.0,1.0,1.0,1.0,0.0,1.0,0.0,0.0,0.0,0.0,0.0,0.0,0.0,super built up,mid,under construction,ild greens,gurgaon,1.7
209.03,3.0,3.0,3.0,0.0,sector 57,5.0,0.0,0.0,0.0,0.0,0.0,0.0,0.0,1.0,0.0,0.0,0.0,0.0,0.0,0.0,0.0,0.0,0.0,0.0,1.0,super built up,high,old,bptp freedom park life,gurgaon,4.25
98.16,2.0,2.0,2.0,0.0,sector 3,11.0,1.0,0.0,0.0,1.0,0.0,1.0,0.0,1.0,1.0,0.0,1.0,1.0,0.0,1.0,0.0,0.0,0.0,0.0,0.0,super built up,high,mid aged,godrej habitat,gurgaon,1.87
52.03,2.0,2.0,2.0,0.0,sector 95,3.0,1.0,0.0,0.0,0.0,0.0,0.0,0.0,0.0,0.0,0.0,0.0,0.0,0.0,0.0,0.0,0.0,0.0,0.0,0.0,super built up,high,new,ramsons kshitij,gurgaon,0.49299999999999994
127.28,3.0,2.0,3.0,0.0,sector 92,14.0,1.0,0.0,0.0,0.0,0.0,0.0,1.0,1.0,0.0,0.0,0.0,1.0,0.0,0.0,1.0,0.0,0.0,0.0,0.0,super built up,mid,new,raheja sampada,gurgaon,1.105
49.38,2.0,2.0,2.0,0.0,sector 33,7.0,1.0,0.0,0.0,1.0,0.0,0.0,0.0,1.0,1.0,0.0,0.0,0.0,0.0,1.0,0.0,0.0,0.0,0.0,0.0,carpet,mid,new,signature the serenas,sohna,0.85
53.42,2.0,2.0,1.0,0.0,sector 99,15.0,1.0,0.0,0.0,0.0,0.0,0.0,1.0,1.0,0.0,1.0,0.0,1.0,1.0,0.0,1.0,0.0,1.0,1.0,0.0,super built up,low,new,pareena laxmi apartments,gurgaon,0.544
134.9,2.0,3.0,3.0,1.0,sector 103,15.0,1.0,0.0,0.0,1.0,1.0,1.0,0.0,1.0,1.0,1.0,1.0,1.0,0.0,0.0,0.0,1.0,0.0,0.0,0.0,carpet,low,new,satya the hermitage,gurgaon,1.581
132.2,3.0,3.0,2.0,0.0,sector 89,14.0,1.0,0.0,0.0,1.0,0.0,1.0,0.0,1.0,0.0,1.0,1.0,1.0,0.0,1.0,0.0,0.0,0.0,0.0,0.0,carpet,low,new,smart world gems,gurgaon,2.04
59.46,2.0,2.0,2.0,0.0,sector 33,6.0,0.0,0.0,0.0,0.0,0.0,0.0,0.0,0.0,1.0,0.0,0.0,1.0,0.0,0.0,0.0,1.0,0.0,0.0,0.0,carpet,mid,new,gls arawali homes,sohna,0.51
76.37,2.0,2.0,3.0,0.0,sector 33,8.0,1.0,0.0,0.0,0.0,0.0,0.0,0.0,1.0,1.0,1.0,1.0,0.0,0.0,0.0,0.0,0.0,0.0,0.0,0.0,carpet,low,new,signature global park,sohna,0.9520000000000001
200.58,3.0,4.0,3.0,0.0,sector 49,15.0,1.0,0.0,0.0,1.0,0.0,1.0,0.0,1.0,1.0,0.0,1.0,1.0,0.0,1.0,0.0,0.0,1.0,0.0,0.0,super built up,mid,old,bestech park view city 2,gurgaon,4.59
181.16,3.0,4.0,3.0,1.0,sector 90,10.0,1.0,0.0,0.0,1.0,0.0,1.0,0.0,1.0,1.0,0.0,0.0,1.0,0.0,1.0,0.0,0.0,0.0,0.0,0.0,super built up,high,new,shree vardhman flora,gurgaon,1.7
120.77,3.0,2.0,2.0,0.0,sector 30,49.0,1.0,0.0,0.0,0.0,1.0,0.0,1.0,1.0,0.0,0.0,0.0,0.0,1.0,0.0,0.0,0.0,0.0,0.0,1.0,built up,low,old,afnhb jalvayu vihar,gurgaon,2.465
132.2,3.0,3.0,0.0,0.0,sector 89,9.0,1.0,0.0,0.0,0.0,0.0,0.0,0.0,1.0,1.0,0.0,0.0,1.0,0.0,0.0,0.0,0.0,0.0,0.0,0.0,built up,mid,under construction,m3m soulitude,gurgaon,2.125
5401.48,2.0,2.0,1.0,0.0,sector 86,8.0,1.0,0.0,0.0,1.0,0.0,0.0,0.0,1.0,1.0,0.0,0.0,1.0,0.0,0.0,0.0,0.0,0.0,0.0,0.0,carpet,high,under construction,pyramid elite,gurgaon,0.782
34.095,5.0,5.0,3.0,1.0,sector 66,5.0,1.0,0.0,0.0,0.0,0.0,0.0,0.0,1.0,1.0,0.0,1.0,0.0,0.0,0.0,0.0,0.0,0.0,0.0,0.0,super built up,high,new,emaar mgf palm terraces,gurgaon,7.6499999999999995
92.9,2.0,2.0,1.0,0.0,sector 15,48.0,1.0,0.0,0.0,0.0,0.0,0.0,1.0,1.0,0.0,0.0,0.0,0.0,0.0,0.0,1.0,1.0,0.0,0.0,0.0,super built up,low,new,anamika enclave,gurgaon,1.088
69.03,2.0,2.0,1.0,0.0,sector 33,5.0,0.0,0.0,0.0,0.0,0.0,0.0,0.0,0.0,0.0,0.0,0.0,0.0,0.0,0.0,0.0,0.0,0.0,0.0,1.0,built up,high,new,hcbs sports ville,sohna,0.47600000000000003
209.03,3.0,4.0,3.0,1.0,sector 61,8.0,1.0,0.0,0.0,0.0,0.0,0.0,0.0,1.0,1.0,0.0,1.0,0.0,0.0,0.0,0.0,0.0,0.0,0.0,0.0,super built up,high,under construction,puri the aravallis,gurgaon,6.579
202.25,3.0,3.0,1.0,0.0,sector 109,10.0,1.0,0.0,0.0,0.0,0.0,0.0,0.0,0.0,0.0,1.0,0.0,0.0,0.0,0.0,1.0,0.0,0.0,0.0,0.0,carpet,mid,old,brisk lumbini terrace homes,gurgaon,2.3459999999999996
60.39,2.0,2.0,1.0,0.0,sector 4,48.0,1.0,0.0,0.0,0.0,0.0,0.0,1.0,0.0,0.0,0.0,0.0,0.0,0.0,0.0,1.0,0.0,0.0,0.0,0.0,carpet,low,new,huda ashok vihar phase 1,gurgaon,0.731
83.61,2.0,1.0,1.0,1.0,sector 110,30.0,1.0,0.0,0.0,0.0,1.0,0.0,1.0,1.0,0.0,1.0,1.0,0.0,0.0,0.0,1.0,0.0,0.0,0.0,0.0,carpet,low,new,my home,gurgaon,0.47600000000000003
103.87,2.0,2.0,2.0,0.0,sector 37,10.0,1.0,0.0,0.0,1.0,0.0,1.0,0.0,1.0,1.0,0.0,0.0,1.0,0.0,1.0,0.0,0.0,0.0,0.0,0.0,carpet,mid,under construction,signature global city,gurgaon,1.87
133.13,2.0,2.0,2.0,0.0,sector 65,11.0,1.0,0.0,0.0,1.0,0.0,1.0,0.0,1.0,1.0,0.0,1.0,1.0,0.0,1.0,0.0,0.0,0.0,0.0,0.0,built up,high,under construction,m3m heights,gurgaon,3.4
104.05,3.0,2.0,2.0,0.0,sector 33,8.0,1.0,0.0,0.0,0.0,0.0,0.0,0.0,1.0,1.0,1.0,1.0,0.0,0.0,0.0,0.0,0.0,0.0,0.0,0.0,super built up,low,mid aged,signature global park,sohna,1.53
104.05,3.0,2.0,0.0,0.0,sector 33,8.0,1.0,0.0,0.0,0.0,0.0,0.0,0.0,1.0,1.0,1.0,1.0,0.0,0.0,0.0,0.0,0.0,0.0,0.0,0.0,built up,low,mid aged,signature global park,sohna,1.53
185.43,3.0,3.0,0.0,0.0,sector 33,8.0,1.0,0.0,0.0,1.0,0.0,0.0,0.0,1.0,1.0,0.0,0.0,0.0,0.0,0.0,0.0,0.0,0.0,0.0,0.0,built up,low,under construction,godrej nature plus,sohna,2.975
253.35,4.0,4.0,3.0,0.0,sector 90,6.0,1.0,0.0,0.0,0.0,0.0,0.0,0.0,1.0,1.0,0.0,0.0,0.0,0.0,1.0,0.0,0.0,0.0,0.0,0.0,super built up,high,old,dlf new town heights 1,gurgaon,3.06
166.2,3.0,3.0,2.0,0.0,sector 33,15.0,0.0,0.0,0.0,0.0,0.0,1.0,1.0,1.0,0.0,0.0,0.0,0.0,1.0,1.0,0.0,0.0,0.0,0.0,1.0,super built up,mid,under construction,central park flower valley aqua front towers,sohna,3.57
128.21,2.0,2.0,2.0,0.0,sector 22,14.0,1.0,0.0,0.0,1.0,0.0,1.0,0.0,1.0,1.0,1.0,0.0,1.0,0.0,0.0,0.0,0.0,0.0,0.0,0.0,carpet,high,new,ambience creacions,gurgaon,3.4
143.07,3.0,3.0,2.0,0.0,sector 63,13.0,1.0,0.0,0.0,0.0,0.0,1.0,0.0,1.0,1.0,0.0,1.0,0.0,0.0,1.0,0.0,1.0,1.0,0.0,0.0,built up,low,mid aged,signature global city 63a,gurgaon,3.4
151.34,3.0,3.0,3.0,1.0,sector 88,7.0,1.0,0.0,0.0,0.0,1.0,0.0,0.0,1.0,0.0,0.0,0.0,1.0,0.0,0.0,0.0,0.0,0.0,0.0,0.0,super built up,mid,new,godrej oasis,gurgaon,2.193
169.83,3.0,3.0,3.0,0.0,sector 65,9.0,1.0,0.0,0.0,0.0,0.0,1.0,0.0,1.0,1.0,0.0,1.0,0.0,0.0,1.0,0.0,0.0,0.0,0.0,0.0,super built up,high,mid aged,m3m skycity,gurgaon,4.845
181.16,3.0,3.0,3.0,0.0,sector 79,3.0,0.0,0.0,0.0,0.0,0.0,0.0,0.0,0.0,0.0,0.0,0.0,0.0,1.0,0.0,0.0,0.0,0.0,0.0,1.0,carpet,low,new,supertech araville,gurgaon,1.87
111.48,2.0,2.0,2.0,1.0,sector 61,9.0,1.0,0.0,0.0,1.0,0.0,0.0,0.0,1.0,1.0,1.0,1.0,0.0,0.0,0.0,0.0,0.0,0.0,0.0,0.0,carpet,low,mid aged,smart world orchard,gurgaon,2.8049999999999997
30.1,1.0,1.0,2.0,0.0,sector 33,5.0,0.0,0.0,0.0,0.0,0.0,0.0,0.0,0.0,0.0,0.0,0.0,0.0,0.0,0.0,0.0,0.0,0.0,0.0,1.0,carpet,low,new,hcbs sports ville,sohna,0.408
185.81,3.0,4.0,3.0,1.0,sector 77,6.0,1.0,0.0,0.0,1.0,0.0,0.0,0.0,1.0,1.0,0.0,0.0,0.0,0.0,0.0,0.0,0.0,0.0,0.0,0.0,super built up,high,new,emaar palm premier,gurgaon,3.57
179.21,3.0,3.0,3.0,1.0,sector 33,8.0,1.0,0.0,0.0,1.0,0.0,0.0,0.0,1.0,1.0,0.0,0.0,0.0,0.0,0.0,0.0,0.0,0.0,0.0,0.0,carpet,high,new,godrej nature plus,sohna,3.23
83.61204013377927,2.0,2.0,3.0,0.0,sector 79,11.0,1.0,0.0,0.0,1.0,0.0,1.0,0.0,1.0,1.0,0.0,0.0,1.0,0.0,0.0,0.0,0.0,0.0,1.0,0.0,super built up,high,new,godrej aria,gurgaon,1.87
65.03,2.0,2.0,1.0,1.0,sector 95,3.0,1.0,0.0,0.0,0.0,0.0,0.0,0.0,0.0,0.0,0.0,0.0,0.0,0.0,0.0,0.0,0.0,0.0,0.0,0.0,super built up,high,new,ramsons kshitij,gurgaon,0.544
89.65,1.0,1.0,2.0,0.0,sector 109,22.0,1.0,0.0,0.0,0.0,0.0,0.0,0.0,0.0,0.0,1.0,0.0,0.0,0.0,0.0,1.0,0.0,0.0,0.0,1.0,built up,high,under construction,conscient one,gurgaon,2.8899999999999997
48.68,2.0,2.0,2.0,0.0,sector 99,15.0,1.0,0.0,0.0,0.0,0.0,0.0,1.0,1.0,0.0,1.0,0.0,1.0,1.0,0.0,1.0,0.0,1.0,1.0,0.0,super built up,low,new,pareena laxmi apartments,gurgaon,0.544
54.01,2.0,2.0,1.0,0.0,sector 86,8.0,1.0,0.0,0.0,1.0,0.0,0.0,0.0,1.0,1.0,0.0,0.0,1.0,0.0,0.0,0.0,0.0,0.0,0.0,0.0,carpet,mid,mid aged,pyramid elite,gurgaon,0.765
111.28,1.0,2.0,2.0,0.0,sector 78,10.0,0.0,0.0,0.0,1.0,0.0,1.0,0.0,1.0,1.0,0.0,0.0,0.0,0.0,0.0,0.0,0.0,0.0,0.0,0.0,super built up,high,under construction,raheja revanta,gurgaon,2.04
121.7,2.0,2.0,2.0,0.0,sector 65,9.0,1.0,0.0,0.0,0.0,0.0,1.0,0.0,1.0,1.0,0.0,1.0,0.0,0.0,1.0,0.0,0.0,0.0,0.0,0.0,super built up,high,new,m3m skycity,gurgaon,3.57
52884.41,2.0,2.0,2.0,0.0,sector 95,12.0,0.0,0.0,0.0,1.0,0.0,0.0,0.0,1.0,1.0,0.0,0.0,1.0,1.0,1.0,0.0,0.0,0.0,0.0,0.0,carpet,low,new,signature the roselia,gurgaon,0.765
0.6968000000000001,2.0,2.0,1.0,0.0,sector 4,48.0,1.0,0.0,0.0,0.0,0.0,0.0,1.0,0.0,0.0,0.0,0.0,0.0,0.0,0.0,1.0,0.0,0.0,0.0,0.0,carpet,low,new,not applicable,gurgaon,0.714
144.65,3.0,2.0,3.0,0.0,sector 33,8.0,1.0,0.0,0.0,1.0,0.0,0.0,0.0,1.0,1.0,0.0,0.0,0.0,0.0,0.0,0.0,0.0,0.0,0.0,0.0,carpet,high,new,godrej nature plus,sohna,2.635
133.78,3.0,3.0,2.0,0.0,sector 102,12.0,1.0,0.0,0.0,1.0,1.0,1.0,0.0,1.0,1.0,0.0,0.0,1.0,0.0,1.0,0.0,0.0,0.0,0.0,0.0,super built up,low,mid aged,ramprastha city,gurgaon,2.21
241.27,4.0,4.0,3.0,1.0,sector 113,17.0,1.0,0.0,0.0,0.0,0.0,0.0,0.0,1.0,0.0,1.0,1.0,0.0,0.0,0.0,1.0,0.0,0.0,0.0,0.0,carpet,high,new,smartworld 1dxp,gurgaon,4.675
180.23,3.0,3.0,3.0,1.0,sector 103,18.0,1.0,0.0,0.0,0.0,0.0,0.0,1.0,0.0,0.0,1.0,0.0,0.0,0.0,0.0,0.0,0.0,0.0,0.0,1.0,super built up,low,new,ansal housing highland park,gurgaon,2.125
52.68,3.0,2.0,2.0,0.0,sector 63,8.0,1.0,0.0,0.0,1.0,0.0,0.0,0.0,1.0,0.0,0.0,1.0,0.0,0.0,0.0,0.0,0.0,0.0,0.0,0.0,carpet,high,under construction,czar mahira homes 63a,gurgaon,0.714
57.88,2.0,2.0,1.0,0.0,sector 33,10.0,1.0,0.0,0.0,1.0,0.0,1.0,0.0,1.0,1.0,0.0,0.0,0.0,0.0,1.0,0.0,0.0,1.0,0.0,0.0,super built up,mid,new,breez global heights,sohna,0.68
58.44,2.0,2.0,1.0,0.0,sector 33,13.0,1.0,0.0,0.0,0.0,1.0,1.0,1.0,1.0,0.0,0.0,1.0,1.0,0.0,0.0,1.0,1.0,0.0,0.0,0.0,carpet,mid,new,trisara our homes 3,sohna,0.5780000000000001
132.2,3.0,3.0,3.0,1.0,sector 89,9.0,1.0,0.0,0.0,0.0,0.0,0.0,0.0,1.0,1.0,0.0,0.0,1.0,0.0,0.0,0.0,0.0,0.0,0.0,0.0,super built up,low,new,m3m soulitude,gurgaon,2.125
134.71,3.0,3.0,3.0,0.0,sector 77,10.0,1.0,0.0,0.0,1.0,0.0,1.0,0.0,1.0,1.0,0.0,0.0,1.0,0.0,0.0,0.0,0.0,0.0,0.0,0.0,super built up,mid,new,emaar mgf palm hills,gurgaon,2.55
130.06,3.0,3.0,2.0,0.0,sector 102,12.0,1.0,0.0,0.0,1.0,1.0,1.0,0.0,1.0,1.0,0.0,0.0,1.0,0.0,1.0,0.0,0.0,0.0,0.0,0.0,super built up,low,mid aged,ramprastha city,gurgaon,2.21
185.81,3.0,3.0,3.0,0.0,sector 99,15.0,1.0,0.0,0.0,1.0,1.0,1.0,1.0,1.0,1.0,0.0,0.0,0.0,0.0,1.0,0.0,0.0,0.0,0.0,0.0,super built up,mid,mid aged,pareena coban residences,gurgaon,2.72
118.54,2.0,2.0,2.0,0.0,sector 113,8.0,1.0,0.0,0.0,1.0,0.0,0.0,0.0,1.0,0.0,0.0,0.0,1.0,0.0,0.0,0.0,0.0,0.0,0.0,0.0,carpet,high,new,la vida by tata housing,gurgaon,2.55
118.54,2.0,2.0,2.0,0.0,sector 113,8.0,1.0,0.0,0.0,1.0,0.0,0.0,0.0,1.0,0.0,0.0,0.0,1.0,0.0,0.0,0.0,0.0,0.0,0.0,0.0,super built up,high,new,la vida by tata housing,gurgaon,2.55
116.96,2.0,2.0,0.0,0.0,sector 104,46.0,1.0,0.0,0.0,0.0,0.0,0.0,1.0,0.0,0.0,0.0,0.0,0.0,0.0,0.0,1.0,0.0,0.0,0.0,0.0,built up,high,under construction,godrej summit premia towers,gurgaon,1.53
152.36,4.0,4.0,3.0,0.0,sector 52,44.0,1.0,0.0,0.0,0.0,1.0,0.0,1.0,1.0,0.0,0.0,0.0,0.0,1.0,0.0,1.0,0.0,0.0,0.0,1.0,super built up,low,old,ardee city,gurgaon,2.55
56.67,1.0,1.0,0.0,0.0,sector 67,7.0,1.0,0.0,0.0,1.0,0.0,0.0,0.0,1.0,1.0,0.0,0.0,1.0,0.0,0.0,0.0,0.0,0.0,0.0,0.0,built up,low,under construction,m3m one key resiments,gurgaon,1.36
157.01,3.0,2.0,1.0,0.0,sector 86,4.0,1.0,0.0,0.0,1.0,0.0,0.0,0.0,1.0,0.0,0.0,0.0,1.0,0.0,0.0,0.0,0.0,0.0,0.0,0.0,super built up,high,new,ansal heights 86,gurgaon,2.125
44.76,2.0,2.0,1.0,0.0,sector 33,10.0,0.0,0.0,0.0,0.0,0.0,0.0,1.0,0.0,0.0,0.0,0.0,0.0,0.0,0.0,0.0,0.0,0.0,0.0,1.0,carpet,low,new,mvn athens,sohna,0.442
49.33,2.0,2.0,1.0,0.0,sector 33,7.0,1.0,0.0,0.0,1.0,0.0,0.0,0.0,1.0,1.0,0.0,0.0,0.0,0.0,1.0,0.0,0.0,0.0,0.0,0.0,carpet,high,new,signature the serenas,sohna,0.714
179.77,3.0,3.0,2.0,0.0,sector 43,45.0,1.0,0.0,0.0,0.0,1.0,0.0,1.0,1.0,0.0,0.0,1.0,0.0,1.0,0.0,1.0,0.0,0.0,0.0,1.0,super built up,low,new,sushant lok 1 builder floors,gurgaon,4.25
181.16,3.0,3.0,2.0,1.0,sector 78,7.0,1.0,0.0,0.0,0.0,0.0,0.0,1.0,0.0,0.0,0.0,1.0,0.0,0.0,0.0,0.0,0.0,0.0,0.0,0.0,super built up,low,old,umang monsoon breeze,gurgaon,1.53
54.91,2.0,2.0,1.0,1.0,sector 92,4.0,1.0,0.0,0.0,0.0,0.0,0.0,0.0,1.0,0.0,0.0,0.0,0.0,0.0,1.0,0.0,0.0,0.0,0.0,0.0,carpet,mid,new,gls avenue 51,gurgaon,0.714
50.73,2.0,2.0,1.0,0.0,sector 107,10.0,0.0,0.0,0.0,1.0,0.0,0.0,0.0,1.0,0.0,0.0,0.0,1.0,0.0,0.0,0.0,0.0,0.0,0.0,0.0,super built up,high,new,signature global solera,gurgaon,0.85
142.14,2.0,2.0,3.0,1.0,sector 79,3.0,0.0,0.0,0.0,0.0,0.0,0.0,0.0,0.0,0.0,0.0,0.0,0.0,1.0,0.0,0.0,0.0,0.0,0.0,1.0,super built up,mid,new,supertech araville,gurgaon,1.53
177.44,3.0,3.0,3.0,1.0,sector 89,7.0,0.0,0.0,0.0,0.0,0.0,0.0,0.0,0.0,0.0,1.0,0.0,0.0,1.0,0.0,0.0,0.0,0.0,0.0,1.0,carpet,low,new,greenopolis,gurgaon,2.21
166.2,3.0,3.0,3.0,0.0,sector 33,15.0,0.0,0.0,0.0,0.0,0.0,1.0,1.0,1.0,0.0,0.0,0.0,0.0,1.0,1.0,0.0,0.0,0.0,0.0,1.0,super built up,high,under construction,central park flower valley aqua front towers,sohna,2.8899999999999997
189.52,4.0,3.0,0.0,0.0,sector 92,8.0,1.0,0.0,0.0,0.0,0.0,0.0,0.0,0.0,0.0,0.0,0.0,0.0,1.0,0.0,0.0,0.0,0.0,0.0,0.0,built up,high,mid aged,sare homes,gurgaon,2.125
404.13,4.0,4.0,3.0,1.0,sector 82,9.0,1.0,0.0,0.0,0.0,0.0,0.0,0.0,0.0,0.0,0.0,0.0,0.0,1.0,0.0,0.0,0.0,0.0,0.0,1.0,super built up,mid,under construction,vatika sovereign next sector-82 a gurgaon,gurgaon,4.947
232.26,3.0,4.0,2.0,1.0,sector 12,50.0,1.0,0.0,0.0,0.0,0.0,0.0,1.0,1.0,0.0,0.0,0.0,0.0,1.0,0.0,1.0,0.0,0.0,0.0,0.0,super built up,low,old,bhagwati sadan,gurgaon,1.9549999999999998
89.0,3.0,3.0,3.0,1.0,sector 89,14.0,1.0,0.0,0.0,1.0,0.0,1.0,0.0,1.0,0.0,1.0,1.0,1.0,0.0,1.0,0.0,0.0,0.0,0.0,0.0,carpet,low,mid aged,smart world gems,gurgaon,2.04
113.81,2.0,2.0,3.0,0.0,sector 33,45.0,1.0,0.0,0.0,0.0,0.0,0.0,1.0,0.0,0.0,0.0,0.0,0.0,0.0,0.0,0.0,1.0,0.0,0.0,0.0,carpet,high,new,micasa sec 68,sohna,2.55
162.67,3.0,3.0,3.0,0.0,sector 33,7.0,1.0,0.0,0.0,0.0,0.0,0.0,0.0,1.0,0.0,0.0,0.0,1.0,0.0,0.0,0.0,0.0,0.0,0.0,0.0,super built up,high,new,eldeco accolade,sohna,2.21
156.91,3.0,3.0,3.0,0.0,sector 104,7.0,1.0,0.0,0.0,0.0,1.0,0.0,0.0,1.0,1.0,1.0,1.0,1.0,0.0,0.0,0.0,0.0,0.0,0.0,0.0,super built up,low,mid aged,hero homes,gurgaon,2.975
65.03,2.0,2.0,1.0,1.0,sector 3,48.0,1.0,0.0,0.0,0.0,0.0,0.0,0.0,0.0,0.0,0.0,0.0,0.0,0.0,0.0,1.0,0.0,0.0,0.0,0.0,carpet,mid,new,shyam sadan,gurgaon,0.935
169.83,3.0,3.0,3.0,0.0,sector 65,11.0,1.0,0.0,0.0,1.0,0.0,1.0,0.0,1.0,1.0,0.0,1.0,1.0,0.0,1.0,0.0,0.0,0.0,0.0,0.0,super built up,high,mid aged,m3m heights,gurgaon,4.25
75.25,2.0,2.0,1.0,0.0,sector 33,48.0,1.0,0.0,0.0,0.0,0.0,0.0,0.0,1.0,0.0,0.0,0.0,0.0,1.0,0.0,0.0,1.0,0.0,0.0,0.0,super built up,low,old,hanumanta apartment,gurgaon,0.731
92.9,3.0,3.0,2.0,0.0,sector 37,15.0,1.0,0.0,0.0,0.0,0.0,0.0,0.0,0.0,0.0,1.0,0.0,0.0,0.0,0.0,0.0,0.0,0.0,0.0,0.0,super built up,high,new,ashiyara 2,gurgaon,0.765
203.55,4.0,3.0,3.0,0.0,sector 37,11.0,1.0,0.0,0.0,1.0,0.0,1.0,0.0,1.0,1.0,0.0,0.0,1.0,0.0,1.0,0.0,0.0,0.0,0.0,0.0,super built up,mid,mid aged,bptp terra,gurgaon,3.315
58.16,2.0,2.0,1.0,0.0,sector 90,15.0,1.0,0.0,0.0,0.0,0.0,0.0,1.0,1.0,0.0,0.0,0.0,0.0,1.0,0.0,0.0,1.0,1.0,0.0,0.0,carpet,low,new,green court,gurgaon,0.765
145.86,3.0,2.0,3.0,0.0,sector 79,3.0,0.0,0.0,0.0,0.0,0.0,0.0,0.0,0.0,0.0,0.0,0.0,0.0,1.0,0.0,0.0,0.0,0.0,0.0,1.0,built up,high,under construction,m3m golf hills phase 1,gurgaon,2.8899999999999997
167.23,3.0,2.0,3.0,0.0,sector 9,50.0,1.0,0.0,0.0,0.0,0.0,0.0,1.0,1.0,0.0,1.0,0.0,0.0,0.0,0.0,0.0,0.0,0.0,0.0,1.0,carpet,mid,old,abhinav group housing society,gurgaon,1.87
48.31,2.0,2.0,1.0,0.0,sector 86,9.0,0.0,0.0,0.0,1.0,0.0,0.0,0.0,1.0,0.0,0.0,0.0,0.0,0.0,0.0,0.0,0.0,0.0,0.0,0.0,carpet,high,new,pyramid urban homes 2,gurgaon,0.85
169.83,3.0,3.0,3.0,0.0,sector 65,11.0,1.0,0.0,0.0,1.0,0.0,1.0,0.0,1.0,1.0,0.0,1.0,1.0,0.0,1.0,0.0,0.0,0.0,0.0,0.0,super built up,high,mid aged,m3m heights,gurgaon,4.76
83.61204013377927,3.0,2.0,3.0,1.0,sector 33,8.0,1.0,0.0,0.0,1.0,0.0,0.0,0.0,1.0,1.0,0.0,0.0,0.0,0.0,0.0,0.0,0.0,0.0,0.0,0.0,built up,high,under construction,godrej nature plus,sohna,2.465
151.43,3.0,3.0,2.0,0.0,sector 61,13.0,1.0,0.0,0.0,1.0,0.0,1.0,0.0,1.0,1.0,1.0,1.0,0.0,0.0,0.0,0.0,0.0,0.0,0.0,0.0,carpet,low,mid aged,smart world orchard,gurgaon,3.74
118.45,2.0,2.0,2.0,0.0,sector 33,13.0,1.0,0.0,0.0,1.0,0.0,1.0,0.0,1.0,0.0,0.0,0.0,0.0,1.0,1.0,0.0,0.0,1.0,0.0,0.0,super built up,high,new,ashiana anmol,sohna,1.53
161.19,3.0,3.0,3.0,1.0,sector 77,10.0,1.0,0.0,0.0,1.0,0.0,1.0,0.0,1.0,1.0,0.0,0.0,1.0,0.0,0.0,0.0,0.0,0.0,0.0,0.0,super built up,mid,new,umang winter hills,gurgaon,2.295
213.68,4.0,4.0,0.0,0.0,sector 67,23.0,1.0,0.0,0.0,0.0,0.0,1.0,1.0,0.0,0.0,0.0,0.0,0.0,0.0,0.0,1.0,0.0,0.0,0.0,0.0,carpet,mid,under construction,aardhya homesh,gurgaon,3.145
35.3,1.0,1.0,1.0,0.0,sector 95,14.0,0.0,0.0,0.0,0.0,0.0,0.0,0.0,0.0,1.0,1.0,1.0,1.0,0.0,0.0,0.0,1.0,0.0,0.0,1.0,super built up,mid,new,rof ananda,gurgaon,0.425
102.66,2.0,2.0,3.0,1.0,sector 89,14.0,1.0,0.0,0.0,1.0,0.0,1.0,0.0,1.0,0.0,1.0,1.0,1.0,0.0,1.0,0.0,0.0,0.0,0.0,0.0,carpet,low,new,smart world gems,gurgaon,1.496
126.81,2.0,2.0,2.0,1.0,sector 99,11.0,1.0,0.0,0.0,0.0,0.0,1.0,0.0,1.0,1.0,0.0,1.0,1.0,0.0,1.0,0.0,0.0,0.0,0.0,0.0,super built up,low,new,assotech blith,gurgaon,1.9549999999999998
121.98,3.0,3.0,3.0,0.0,sector 17,49.0,1.0,0.0,0.0,0.0,0.0,0.0,0.0,1.0,0.0,0.0,0.0,0.0,1.0,0.0,1.0,0.0,0.0,0.0,1.0,super built up,mid,old,essel tower,gurgaon,2.72
116.31,2.0,2.0,2.0,0.0,sector 99,13.0,1.0,0.0,0.0,1.0,0.0,0.0,0.0,1.0,1.0,1.0,0.0,1.0,0.0,1.0,0.0,0.0,0.0,1.0,0.0,super built up,low,new,raheja vanya,gurgaon,1.4449999999999998
92.9,2.0,2.0,2.0,0.0,sector 82,6.0,0.0,0.0,0.0,0.0,0.0,0.0,0.0,1.0,1.0,0.0,0.0,0.0,0.0,0.0,0.0,0.0,0.0,0.0,0.0,built up,low,under construction,vatika inxt floors,gurgaon,1.275
418.06,4.0,4.0,3.0,1.0,sector 2,28.0,1.0,0.0,0.0,0.0,1.0,1.0,1.0,1.0,0.0,1.0,1.0,0.0,0.0,0.0,1.0,0.0,0.0,0.0,0.0,carpet,low,new,palam vihar society,gurgaon,5.695
171.87,3.0,3.0,3.0,0.0,sector 88,7.0,1.0,0.0,0.0,0.0,1.0,0.0,0.0,1.0,0.0,0.0,0.0,1.0,0.0,0.0,0.0,0.0,0.0,0.0,0.0,super built up,high,new,godrej oasis,gurgaon,2.55
219.62,4.0,4.0,3.0,1.0,sector 91,8.0,1.0,0.0,0.0,0.0,0.0,1.0,0.0,1.0,1.0,0.0,1.0,0.0,0.0,0.0,0.0,0.0,0.0,0.0,0.0,super built up,high,old,dlf new town heights,gurgaon,2.8049999999999997
253.35,4.0,4.0,3.0,1.0,sector 91,8.0,1.0,0.0,0.0,0.0,0.0,1.0,0.0,1.0,1.0,0.0,1.0,0.0,0.0,0.0,0.0,0.0,0.0,0.0,0.0,super built up,high,old,dlf new town heights,gurgaon,3.4
260.13,4.0,4.0,3.0,1.0,sector 1,50.0,1.0,0.0,0.0,0.0,0.0,0.0,1.0,1.0,0.0,0.0,0.0,0.0,1.0,0.0,1.0,0.0,0.0,0.0,0.0,carpet,high,new,sonata group housing society sector 1 manesar,gurgaon,2.975
109.63,2.0,2.0,2.0,0.0,sector 68,24.0,1.0,0.0,0.0,0.0,0.0,1.0,1.0,0.0,0.0,0.0,0.0,0.0,0.0,0.0,1.0,0.0,0.0,0.0,0.0,carpet,low,new,supertech hues,gurgaon,1.53
173.26,3.0,3.0,3.0,0.0,sector 70,7.0,1.0,0.0,0.0,1.0,0.0,1.0,0.0,1.0,1.0,0.0,0.0,0.0,0.0,0.0,0.0,0.0,0.0,0.0,0.0,super built up,high,under construction,krrish florence estate,gurgaon,2.125
142.79,3.0,3.0,3.0,0.0,sector 37,32.0,1.0,0.0,0.0,0.0,0.0,0.0,0.0,0.0,0.0,1.0,0.0,0.0,0.0,0.0,0.0,0.0,0.0,0.0,0.0,carpet,high,new,piedmont taksila heights,gurgaon,1.7
223.71,3.0,5.0,3.0,0.0,sector 85,13.0,1.0,0.0,0.0,1.0,0.0,1.0,0.0,1.0,1.0,0.0,0.0,1.0,0.0,1.0,0.0,0.0,0.0,1.0,0.0,super built up,low,new,ss the leaf,gurgaon,3.655
76.74,1.0,1.0,1.0,0.0,sector 67,23.0,1.0,0.0,0.0,0.0,0.0,1.0,1.0,0.0,0.0,0.0,0.0,0.0,0.0,0.0,1.0,0.0,1.0,0.0,0.0,built up,high,new,m3m urbana,gurgaon,1.7
117.24,2.0,2.0,3.0,0.0,sector 70,11.0,1.0,0.0,0.0,1.0,0.0,1.0,0.0,1.0,1.0,0.0,0.0,0.0,0.0,1.0,0.0,0.0,0.0,0.0,0.0,super built up,high,new,aipl zen residences,gurgaon,2.8049999999999997
205.78,4.0,3.0,3.0,0.0,sector 90,14.0,0.0,0.0,0.0,0.0,1.0,0.0,0.0,0.0,0.0,0.0,0.0,0.0,0.0,0.0,0.0,0.0,0.0,0.0,0.0,carpet,high,old,dlf regal gardens,gurgaon,3.043
83.61204013377927,3.0,3.0,3.0,0.0,sector 85,8.0,1.0,0.0,0.0,1.0,0.0,0.0,0.0,1.0,1.0,0.0,0.0,1.0,0.0,0.0,0.0,0.0,0.0,0.0,0.0,carpet,high,under construction,godrej air,gurgaon,3.06
132.85,3.0,3.0,3.0,0.0,sector 2,11.0,0.0,0.0,0.0,1.0,1.0,0.0,0.0,1.0,0.0,0.0,1.0,0.0,0.0,0.0,0.0,0.0,0.0,0.0,0.0,built up,mid,under construction,suncity vatsal valley,gurgaon,2.465
54.35,1.0,1.0,1.0,0.0,sector 21,48.0,1.0,0.0,0.0,0.0,0.0,0.0,1.0,0.0,0.0,0.0,0.0,0.0,0.0,0.0,1.0,0.0,0.0,0.0,0.0,super built up,low,new,shree shyam residency,gurgaon,0.374
65.03,2.0,2.0,1.0,0.0,sector 7,50.0,1.0,0.0,0.0,0.0,0.0,0.0,1.0,1.0,0.0,0.0,0.0,0.0,0.0,0.0,0.0,0.0,0.0,0.0,1.0,built up,low,new,project krishna colony,gurgaon,0.612
54.53,2.0,2.0,1.0,0.0,sector 33,10.0,0.0,0.0,0.0,0.0,0.0,0.0,1.0,0.0,0.0,0.0,0.0,0.0,0.0,0.0,0.0,0.0,0.0,0.0,1.0,built up,high,new,mvn athens,sohna,0.425
142.51,3.0,3.0,3.0,1.0,sector 79,12.0,1.0,0.0,0.0,1.0,0.0,1.0,0.0,1.0,1.0,0.0,0.0,1.0,0.0,0.0,0.0,0.0,0.0,1.0,0.0,super built up,low,new,m3m antalya hills,gurgaon,1.9549999999999998
87.89,3.0,3.0,0.0,0.0,sector 33,50.0,1.0,0.0,0.0,0.0,0.0,0.0,1.0,1.0,0.0,0.0,0.0,0.0,1.0,0.0,1.0,0.0,0.0,0.0,0.0,carpet,low,under construction,central park flower valley,sohna,2.8049999999999997
213.49,4.0,4.0,3.0,1.0,sector 113,8.0,1.0,0.0,0.0,1.0,0.0,0.0,0.0,1.0,1.0,1.0,1.0,1.0,0.0,0.0,0.0,0.0,0.0,0.0,0.0,carpet,high,new,m3m capital,gurgaon,4.93
122.63,2.0,2.0,3.0,1.0,sector 92,5.0,0.0,0.0,0.0,0.0,0.0,0.0,0.0,0.0,0.0,0.0,0.0,1.0,0.0,0.0,0.0,0.0,0.0,0.0,0.0,super built up,high,under construction,ansal heights,gurgaon,1.02
222.97,3.0,3.0,0.0,0.0,sector 47,43.0,1.0,0.0,0.0,0.0,0.0,1.0,1.0,0.0,0.0,0.0,0.0,0.0,0.0,0.0,0.0,0.0,0.0,0.0,0.0,carpet,low,old,malibu towne,gurgaon,4.08
117.24,2.0,2.0,3.0,0.0,sector 70,14.0,1.0,0.0,0.0,0.0,0.0,1.0,1.0,0.0,0.0,0.0,0.0,0.0,0.0,0.0,1.0,0.0,0.0,0.0,0.0,carpet,high,under construction,aipl zen residences,gurgaon,2.125
133.13,2.0,2.0,3.0,0.0,sector 65,11.0,1.0,0.0,0.0,1.0,0.0,1.0,0.0,1.0,1.0,0.0,1.0,1.0,0.0,1.0,0.0,0.0,0.0,0.0,0.0,built up,high,under construction,m3m heights,gurgaon,3.655
69.03,2.0,2.0,1.0,0.0,sector 33,5.0,0.0,0.0,0.0,0.0,0.0,0.0,0.0,0.0,0.0,0.0,0.0,0.0,0.0,0.0,0.0,0.0,0.0,0.0,1.0,built up,mid,under construction,hcbs sports ville,sohna,0.51
69.68,2.0,2.0,2.0,0.0,sector 33,5.0,0.0,0.0,0.0,0.0,0.0,0.0,0.0,0.0,0.0,0.0,0.0,0.0,0.0,0.0,0.0,0.0,0.0,0.0,1.0,built up,high,under construction,hcbs sports ville,sohna,0.646
111.48,2.0,2.0,3.0,0.0,sector 54,45.0,1.0,0.0,0.0,0.0,1.0,1.0,1.0,1.0,0.0,0.0,0.0,0.0,0.0,0.0,1.0,0.0,1.0,0.0,1.0,built up,mid,under construction,jmd empire,gurgaon,2.55
88.26,2.0,2.0,1.0,0.0,sector 4,48.0,1.0,0.0,0.0,0.0,0.0,0.0,1.0,0.0,0.0,0.0,0.0,0.0,0.0,0.0,1.0,0.0,0.0,0.0,0.0,built up,mid,under construction,housing apna enclave,gurgaon,0.663
222.97,3.0,4.0,0.0,0.0,sector 99,11.0,1.0,0.0,0.0,0.0,0.0,1.0,0.0,1.0,1.0,0.0,1.0,1.0,0.0,1.0,0.0,0.0,0.0,0.0,0.0,built up,high,under construction,assotech blith,gurgaon,2.72
185.71,4.0,4.0,3.0,0.0,sector 68,15.0,1.0,0.0,0.0,1.0,0.0,1.0,0.0,1.0,1.0,0.0,1.0,1.0,0.0,1.0,0.0,0.0,1.0,0.0,0.0,super built up,low,new,pareena mi casa,gurgaon,2.8899999999999997
213.86,3.0,3.0,3.0,1.0,sector 54,47.0,1.0,0.0,0.0,0.0,1.0,1.0,1.0,0.0,0.0,0.0,1.0,0.0,1.0,0.0,1.0,1.0,0.0,0.0,1.0,carpet,high,old,suncity heights,gurgaon,5.5249999999999995
65.96,2.0,2.0,3.0,0.0,sector 111,15.0,1.0,1.0,0.0,0.0,1.0,1.0,1.0,1.0,0.0,0.0,1.0,0.0,0.0,0.0,0.0,0.0,0.0,0.0,0.0,carpet,high,new,lotus homz,gurgaon,1.02
92.9,2.0,2.0,0.0,0.0,sector 95,4.0,1.0,0.0,0.0,0.0,0.0,0.0,0.0,0.0,0.0,0.0,0.0,0.0,1.0,0.0,0.0,0.0,0.0,0.0,0.0,super built up,low,under construction,ramson kshitij sec-95 gurugram,gurgaon,0.459
99.31,2.0,1.0,1.0,0.0,sector 28,49.0,1.0,0.0,0.0,0.0,1.0,1.0,1.0,0.0,0.0,0.0,1.0,0.0,0.0,0.0,1.0,0.0,0.0,0.0,1.0,carpet,low,old,maruti vihar colony,gurgaon,1.615
133.13,2.0,2.0,3.0,1.0,sector 65,11.0,1.0,0.0,0.0,1.0,0.0,1.0,0.0,1.0,1.0,0.0,1.0,1.0,0.0,1.0,0.0,0.0,0.0,0.0,0.0,super built up,mid,new,m3m heights,gurgaon,4.505
50.73,2.0,2.0,1.0,0.0,sector 79,3.0,0.0,0.0,0.0,0.0,0.0,0.0,0.0,0.0,0.0,0.0,0.0,0.0,1.0,0.0,0.0,0.0,0.0,0.0,1.0,built up,mid,new,supertech basera,gurgaon,0.612
55.74,2.0,2.0,3.0,0.0,sector 37,15.0,1.0,0.0,0.0,0.0,0.0,0.0,0.0,1.0,0.0,1.0,0.0,1.0,0.0,0.0,0.0,1.0,0.0,0.0,0.0,super built up,low,new,signature global the millennia,gurgaon,0.935
72.46,3.0,3.0,3.0,0.0,sector 89,9.0,1.0,0.0,0.0,0.0,0.0,0.0,0.0,1.0,1.0,0.0,0.0,1.0,0.0,0.0,0.0,0.0,0.0,0.0,0.0,carpet,low,mid aged,m3m soulitude,gurgaon,2.244
116.33,2.0,2.0,3.0,1.0,sector 99,13.0,1.0,0.0,0.0,1.0,0.0,0.0,0.0,1.0,1.0,1.0,0.0,1.0,0.0,1.0,0.0,0.0,0.0,1.0,0.0,super built up,low,mid aged,raheja vanya,gurgaon,1.003
78.97,2.0,2.0,1.0,0.0,sector 4,48.0,1.0,0.0,0.0,0.0,0.0,0.0,1.0,0.0,0.0,0.0,0.0,0.0,0.0,0.0,1.0,0.0,0.0,0.0,0.0,carpet,mid,new,"ganpati apartment  2, laxman vihar phase 1",gurgaon,0.765
119.38,3.0,3.0,2.0,0.0,sector 37,4.0,0.0,0.0,0.0,0.0,0.0,0.0,0.0,1.0,0.0,0.0,0.0,1.0,0.0,0.0,0.0,0.0,0.0,0.0,0.0,super built up,high,new,ramprastha the atrium,gurgaon,1.53
134.9,2.0,2.0,3.0,1.0,sector 33,7.0,1.0,0.0,0.0,0.0,0.0,0.0,0.0,1.0,0.0,0.0,0.0,1.0,0.0,0.0,0.0,0.0,0.0,0.0,0.0,super built up,mid,new,eldeco accolade,sohna,1.615
169.83,3.0,3.0,3.0,0.0,sector 65,11.0,1.0,0.0,0.0,1.0,0.0,1.0,0.0,1.0,1.0,0.0,1.0,1.0,0.0,1.0,0.0,0.0,0.0,0.0,0.0,super built up,high,mid aged,m3m heights,gurgaon,5.1
189.52,3.0,3.0,2.0,1.0,sector 65,11.0,1.0,0.0,0.0,1.0,0.0,1.0,0.0,1.0,1.0,0.0,1.0,1.0,0.0,1.0,0.0,0.0,0.0,0.0,0.0,super built up,high,mid aged,m3m heights,gurgaon,6.239
477.52,5.0,6.0,3.0,1.0,sector 82,12.0,1.0,0.0,0.0,1.0,0.0,1.0,0.0,1.0,1.0,0.0,0.0,0.0,0.0,0.0,0.0,0.0,0.0,0.0,0.0,carpet,mid,new,vatika sovereign next,gurgaon,6.545
169.83,3.0,3.0,3.0,0.0,sector 65,11.0,1.0,0.0,0.0,1.0,0.0,1.0,0.0,1.0,1.0,0.0,1.0,1.0,0.0,1.0,0.0,0.0,0.0,0.0,0.0,super built up,high,new,m3m heights,gurgaon,5.593
117.15,2.0,2.0,3.0,0.0,sector 65,11.0,1.0,0.0,0.0,1.0,0.0,1.0,0.0,1.0,1.0,0.0,1.0,1.0,0.0,1.0,0.0,0.0,0.0,0.0,0.0,super built up,high,under construction,m3m heights,gurgaon,3.961
169.83,3.0,3.0,3.0,0.0,sector 65,11.0,1.0,0.0,0.0,1.0,0.0,1.0,0.0,1.0,1.0,0.0,1.0,1.0,0.0,1.0,0.0,0.0,0.0,0.0,0.0,super built up,high,new,m3m heights,gurgaon,4.743
269.42,4.0,4.0,3.0,0.0,sector 41,49.0,1.0,0.0,0.0,0.0,1.0,1.0,1.0,1.0,0.0,0.0,1.0,0.0,1.0,0.0,0.0,0.0,0.0,0.0,1.0,built up,low,under construction,south city 1 floors,gurgaon,5.779999999999999
91.97,2.0,2.0,1.0,1.0,sector 12,14.0,1.0,0.0,0.0,0.0,0.0,0.0,0.0,0.0,0.0,0.0,0.0,0.0,0.0,0.0,0.0,0.0,0.0,0.0,0.0,carpet,low,new,allure homes,gurgaon,1.224
52.81,2.0,2.0,1.0,0.0,sector 104,9.0,1.0,0.0,0.0,1.0,0.0,1.0,0.0,1.0,1.0,0.0,0.0,0.0,0.0,1.0,0.0,0.0,0.0,0.0,0.0,super built up,mid,new,zara aavaas,gurgaon,0.68
126.72,2.0,2.0,2.0,0.0,sector 95,4.0,1.0,0.0,0.0,0.0,0.0,0.0,0.0,0.0,0.0,0.0,0.0,0.0,1.0,0.0,0.0,0.0,0.0,0.0,0.0,super built up,high,new,sidhartha ncr one phase 1,gurgaon,0.9520000000000001
150.5,3.0,3.0,3.0,1.0,sector 71,15.0,1.0,1.0,0.0,0.0,0.0,1.0,1.0,0.0,1.0,0.0,0.0,0.0,0.0,1.0,0.0,1.0,0.0,0.0,0.0,super built up,high,new,chd avenue 71,gurgaon,1.87
121.7,2.0,2.0,3.0,1.0,sector 37,15.0,1.0,1.0,0.0,0.0,0.0,1.0,1.0,1.0,0.0,0.0,0.0,0.0,0.0,0.0,1.0,0.0,1.0,0.0,0.0,super built up,high,new,ramprastha the edge towers,gurgaon,1.2069999999999999
120.31,2.0,2.0,3.0,1.0,sector 79,3.0,0.0,0.0,0.0,0.0,0.0,0.0,0.0,0.0,0.0,0.0,0.0,0.0,1.0,0.0,0.0,0.0,0.0,0.0,1.0,super built up,high,new,supertech araville,gurgaon,1.326
63.17,2.0,2.0,3.0,0.0,sector 37,12.0,1.0,0.0,0.0,1.0,0.0,1.0,0.0,1.0,1.0,0.0,0.0,1.0,0.0,0.0,0.0,1.0,0.0,0.0,0.0,carpet,low,under construction,imperia aashiyara,gurgaon,0.68
146.69,3.0,2.0,2.0,0.0,sector 113,8.0,1.0,0.0,0.0,1.0,0.0,0.0,0.0,1.0,0.0,0.0,0.0,1.0,0.0,0.0,0.0,0.0,0.0,0.0,0.0,super built up,mid,new,la vida by tata housing,gurgaon,3.145
83.89,2.0,2.0,1.0,0.0,sector 102,13.0,1.0,0.0,0.0,1.0,1.0,0.0,0.0,1.0,1.0,0.0,0.0,1.0,0.0,1.0,0.0,0.0,1.0,0.0,0.0,super built up,high,mid aged,shapoorji pallonji joyville gurugram,gurgaon,1.87
106.84,2.0,2.0,2.0,1.0,sector 61,9.0,1.0,0.0,0.0,1.0,0.0,0.0,0.0,1.0,1.0,1.0,1.0,0.0,0.0,0.0,0.0,0.0,0.0,0.0,0.0,built up,low,mid aged,smart world orchard,gurgaon,2.397
180.7,3.0,3.0,3.0,0.0,sector 79,3.0,0.0,0.0,0.0,0.0,0.0,0.0,0.0,0.0,0.0,0.0,0.0,0.0,1.0,0.0,0.0,0.0,0.0,0.0,1.0,carpet,low,new,supertech araville,gurgaon,2.465
148.64,3.0,3.0,2.0,0.0,sector 61,9.0,1.0,0.0,0.0,1.0,0.0,0.0,0.0,1.0,1.0,1.0,1.0,0.0,0.0,0.0,0.0,0.0,0.0,0.0,0.0,carpet,low,mid aged,smart world orchard,gurgaon,3.74
103.12,2.0,2.0,3.0,0.0,sector 33,13.0,0.0,0.0,0.0,1.0,0.0,1.0,0.0,1.0,1.0,0.0,1.0,1.0,0.0,0.0,0.0,0.0,0.0,0.0,0.0,super built up,high,old,unitech the residences,gurgaon,1.87
188.13,3.0,4.0,3.0,1.0,sector 102,10.0,1.0,0.0,0.0,1.0,0.0,0.0,0.0,1.0,1.0,1.0,0.0,1.0,0.0,1.0,0.0,0.0,0.0,1.0,0.0,carpet,high,new,emaar imperial gardens,gurgaon,3.4849999999999994
111.48,3.0,2.0,3.0,0.0,sector 92,8.0,1.0,0.0,0.0,0.0,0.0,0.0,0.0,0.0,0.0,0.0,0.0,0.0,1.0,0.0,0.0,0.0,0.0,0.0,0.0,carpet,mid,old,sare homes,gurgaon,1.02
154.22,2.0,3.0,3.0,1.0,sector 89,7.0,0.0,0.0,0.0,0.0,0.0,0.0,0.0,0.0,0.0,1.0,0.0,0.0,1.0,0.0,0.0,0.0,0.0,0.0,1.0,super built up,high,under construction,greenopolis,gurgaon,1.36
54.16,2.0,2.0,2.0,0.0,sector 84,15.0,1.0,0.0,0.0,0.0,0.0,0.0,1.0,1.0,1.0,0.0,0.0,1.0,1.0,1.0,0.0,0.0,0.0,0.0,0.0,super built up,high,new,pivotal devaan,gurgaon,0.697
150.69,3.0,3.0,3.0,1.0,sector 73,42.0,1.0,0.0,0.0,0.0,0.0,1.0,1.0,0.0,0.0,0.0,0.0,0.0,0.0,0.0,0.0,0.0,0.0,0.0,0.0,built up,low,under construction,today callidora,gurgaon,1.53
83.61,2.0,2.0,1.0,0.0,sector 7,50.0,1.0,0.0,0.0,0.0,0.0,0.0,1.0,1.0,0.0,0.0,0.0,0.0,0.0,0.0,1.0,0.0,0.0,0.0,1.0,carpet,low,new,"m m residency, krishna colony, gurgaon",gurgaon,0.918
100.43,3.0,2.0,2.0,0.0,sector 36,12.0,1.0,0.0,0.0,1.0,0.0,1.0,0.0,1.0,1.0,0.0,1.0,0.0,0.0,0.0,0.0,0.0,0.0,0.0,0.0,super built up,low,new,signature global park 4,sohna,1.394
137.96,3.0,3.0,3.0,0.0,sector 71,15.0,1.0,1.0,0.0,0.0,0.0,1.0,1.0,0.0,1.0,0.0,0.0,0.0,0.0,1.0,0.0,1.0,0.0,0.0,0.0,super built up,low,new,chd avenue 71,gurgaon,1.7
190.45,3.0,4.0,3.0,1.0,sector 56,45.0,1.0,0.0,0.0,0.0,1.0,1.0,1.0,0.0,0.0,0.0,1.0,0.0,1.0,0.0,1.0,1.0,0.0,0.0,1.0,carpet,mid,old,park royal apartment,gurgaon,3.145
164.9,3.0,3.0,2.0,0.0,sector 83,9.0,0.0,0.0,0.0,1.0,0.0,0.0,0.0,1.0,0.0,0.0,0.0,0.0,0.0,0.0,0.0,0.0,0.0,1.0,0.0,carpet,low,new,vatika boulevard residences and heights,gurgaon,2.4139999999999997
78.97,2.0,2.0,3.0,0.0,sector 37,15.0,1.0,0.0,0.0,0.0,0.0,0.0,0.0,1.0,0.0,1.0,0.0,1.0,0.0,0.0,0.0,1.0,0.0,0.0,0.0,super built up,low,new,signature global the millennia,gurgaon,0.935
133.13,2.0,2.0,3.0,1.0,sector 65,11.0,1.0,0.0,0.0,1.0,0.0,1.0,0.0,1.0,1.0,0.0,1.0,1.0,0.0,1.0,0.0,0.0,0.0,0.0,0.0,carpet,high,under construction,m3m heights,gurgaon,3.893
85.01,2.0,2.0,2.0,0.0,sector 102,13.0,1.0,0.0,0.0,1.0,1.0,0.0,0.0,1.0,1.0,0.0,0.0,1.0,0.0,1.0,0.0,0.0,1.0,0.0,0.0,super built up,high,new,shapoorji pallonji joyville gurugram,gurgaon,1.649
273.13,3.0,4.0,3.0,1.0,sector 53,9.0,1.0,0.0,0.0,1.0,0.0,0.0,0.0,1.0,0.0,0.0,1.0,0.0,0.0,1.0,0.0,0.0,1.0,0.0,1.0,super built up,high,new,tulip monsella,gurgaon,14.025
62.71,2.0,2.0,1.0,0.0,sector 3,48.0,1.0,0.0,0.0,0.0,0.0,0.0,0.0,0.0,0.0,0.0,0.0,0.0,0.0,0.0,1.0,0.0,0.0,0.0,0.0,carpet,low,new,shyamkunj ashok vihar pahse 2,gurgaon,0.51
106.93,2.0,2.0,3.0,0.0,sector 33,8.0,1.0,0.0,0.0,1.0,0.0,0.0,0.0,1.0,1.0,0.0,0.0,0.0,0.0,0.0,0.0,0.0,0.0,0.0,0.0,carpet,low,under construction,godrej nature plus,sohna,2.8049999999999997
117.06,2.0,2.0,2.0,0.0,sector 65,11.0,1.0,0.0,0.0,1.0,0.0,1.0,0.0,1.0,1.0,0.0,1.0,1.0,0.0,1.0,0.0,0.0,0.0,0.0,0.0,super built up,high,mid aged,m3m heights,gurgaon,3.383
74.32,2.0,2.0,3.0,0.0,sector 68,10.0,1.0,0.0,0.0,1.0,0.0,1.0,0.0,1.0,1.0,0.0,0.0,0.0,0.0,1.0,0.0,0.0,0.0,0.0,0.0,carpet,high,new,m3m the marina,gurgaon,1.7
148.64,3.0,3.0,3.0,1.0,sector 62,11.0,1.0,0.0,0.0,1.0,0.0,1.0,0.0,1.0,1.0,0.0,1.0,0.0,0.0,0.0,0.0,0.0,0.0,0.0,0.0,carpet,high,mid aged,emaar digihomes,gurgaon,7.225
218.32,4.0,4.0,3.0,1.0,sector 78,7.0,1.0,0.0,0.0,0.0,0.0,0.0,1.0,0.0,0.0,0.0,1.0,0.0,0.0,0.0,0.0,0.0,0.0,0.0,0.0,super built up,low,new,umang monsoon breeze,gurgaon,2.125
124.49,3.0,3.0,3.0,0.0,sector 83,15.0,0.0,0.0,0.0,0.0,0.0,0.0,1.0,1.0,1.0,0.0,0.0,0.0,0.0,0.0,0.0,0.0,0.0,0.0,0.0,carpet,low,old,mapsko paradise,gurgaon,1.615
125.42,3.0,2.0,2.0,0.0,sector 4,48.0,1.0,0.0,0.0,0.0,0.0,0.0,1.0,0.0,0.0,0.0,0.0,0.0,0.0,0.0,1.0,0.0,0.0,0.0,0.0,carpet,low,new,cancon enclave,gurgaon,1.785
269.88,4.0,5.0,3.0,1.0,sector 72,10.0,1.0,0.0,0.0,0.0,0.0,1.0,0.0,1.0,0.0,0.0,1.0,0.0,0.0,1.0,0.0,0.0,0.0,0.0,0.0,super built up,high,new,tata primanti,gurgaon,6.969999999999999
66.52,2.0,2.0,2.0,0.0,sector 90,9.0,1.0,0.0,0.0,1.0,0.0,0.0,0.0,1.0,1.0,1.0,1.0,0.0,0.0,0.0,0.0,0.0,0.0,0.0,0.0,carpet,low,mid aged,mrg world ultimus,gurgaon,0.85
260.13,4.0,3.0,3.0,1.0,sector 1,11.0,1.0,0.0,0.0,0.0,0.0,0.0,0.0,0.0,0.0,0.0,0.0,0.0,1.0,0.0,0.0,0.0,0.0,0.0,1.0,carpet,high,new,sonata group housing gh 24,manesar,2.8049999999999997
146.32,3.0,3.0,3.0,1.0,sector 70,14.0,0.0,0.0,0.0,1.0,1.0,0.0,0.0,0.0,0.0,0.0,0.0,0.0,0.0,0.0,0.0,1.0,0.0,0.0,0.0,carpet,low,new,bptp pedestal,gurgaon,2.72
143.91,3.0,2.0,3.0,0.0,sector 61,13.0,1.0,0.0,0.0,1.0,0.0,1.0,0.0,1.0,1.0,1.0,1.0,0.0,0.0,0.0,0.0,0.0,0.0,0.0,0.0,super built up,low,mid aged,smart world orchard,gurgaon,3.57
229.19,4.0,4.0,3.0,0.0,sector 1,11.0,1.0,0.0,0.0,0.0,0.0,0.0,0.0,0.0,0.0,0.0,0.0,0.0,1.0,0.0,0.0,0.0,0.0,0.0,1.0,super built up,mid,old,hsiidc sidco aravali,manesar,1.53
125.51,2.0,2.0,3.0,0.0,sector 79,11.0,1.0,0.0,0.0,1.0,0.0,1.0,0.0,1.0,1.0,0.0,0.0,1.0,0.0,0.0,0.0,0.0,0.0,1.0,0.0,super built up,mid,new,godrej aria,gurgaon,1.87
126.81,2.0,2.0,3.0,0.0,sector 99,11.0,1.0,0.0,0.0,0.0,0.0,1.0,0.0,1.0,1.0,0.0,1.0,1.0,0.0,1.0,0.0,0.0,0.0,0.0,0.0,super built up,high,mid aged,assotech blith,gurgaon,1.564
117.06,3.0,3.0,2.0,0.0,sector 92,8.0,1.0,0.0,0.0,0.0,0.0,0.0,0.0,0.0,0.0,0.0,0.0,0.0,1.0,0.0,0.0,0.0,0.0,0.0,0.0,built up,high,under construction,sare crescent parc,gurgaon,1.19
145.39,3.0,4.0,2.0,0.0,sector 70,4.0,0.0,0.0,0.0,1.0,0.0,0.0,0.0,1.0,0.0,0.0,0.0,0.0,0.0,0.0,0.0,0.0,0.0,0.0,0.0,super built up,high,mid aged,unitech vistas,gurgaon,1.683
120.31,2.0,2.0,3.0,1.0,sector 79,3.0,0.0,0.0,0.0,0.0,0.0,0.0,0.0,0.0,0.0,0.0,0.0,0.0,1.0,0.0,0.0,0.0,0.0,0.0,1.0,super built up,high,new,supertech araville,gurgaon,1.224
126.44,2.0,2.0,3.0,0.0,sector 103,18.0,1.0,0.0,0.0,0.0,0.0,0.0,1.0,0.0,0.0,1.0,0.0,0.0,0.0,0.0,0.0,0.0,0.0,0.0,1.0,super built up,low,new,ansal housing highland park,gurgaon,1.496
123.19,3.0,2.0,2.0,0.0,sector 69,42.0,1.0,0.0,0.0,0.0,1.0,1.0,1.0,0.0,0.0,0.0,0.0,0.0,0.0,0.0,1.0,0.0,1.0,0.0,0.0,carpet,high,old,tulip white,gurgaon,1.547
182.09,3.0,4.0,3.0,0.0,sector 82,11.0,0.0,0.0,0.0,1.0,0.0,1.0,0.0,1.0,1.0,0.0,0.0,0.0,0.0,1.0,0.0,0.0,0.0,0.0,0.0,super built up,high,mid aged,mapsko casa bella,gurgaon,2.125
92.62,2.0,2.0,2.0,0.0,sector 47,45.0,1.0,0.0,0.0,0.0,0.0,1.0,1.0,0.0,0.0,0.0,0.0,0.0,0.0,0.0,0.0,0.0,0.0,0.0,1.0,carpet,low,new,unitech uniworld gardens 2,gurgaon,1.785
121.7,2.0,2.0,3.0,0.0,sector 37,6.0,1.0,0.0,0.0,1.0,0.0,0.0,0.0,1.0,1.0,0.0,0.0,1.0,0.0,0.0,0.0,0.0,0.0,0.0,0.0,built up,high,under construction,ild grand,gurgaon,1.122
121.7,2.0,2.0,0.0,0.0,sector 113,8.0,1.0,0.0,0.0,1.0,0.0,0.0,0.0,1.0,1.0,1.0,1.0,1.0,0.0,0.0,0.0,0.0,0.0,0.0,0.0,built up,mid,under construction,m3m capital,gurgaon,3.111
101.73,2.0,2.0,2.0,1.0,sector 70,4.0,0.0,0.0,0.0,1.0,0.0,0.0,0.0,1.0,0.0,0.0,0.0,0.0,0.0,0.0,0.0,0.0,0.0,0.0,0.0,super built up,high,mid aged,unitech vistas,gurgaon,0.901
128.21,2.0,2.0,3.0,0.0,sector 37,15.0,1.0,1.0,0.0,0.0,0.0,1.0,1.0,1.0,0.0,0.0,0.0,0.0,0.0,0.0,1.0,0.0,1.0,0.0,0.0,super built up,low,new,ramprastha the edge towers,gurgaon,1.36
132.2,3.0,2.0,0.0,0.0,sector 89,14.0,1.0,0.0,0.0,1.0,0.0,1.0,0.0,1.0,0.0,1.0,1.0,1.0,0.0,1.0,0.0,0.0,0.0,0.0,0.0,built up,low,under construction,smart world gems,gurgaon,2.907
65.03,1.0,1.0,0.0,0.0,sector 83,10.0,1.0,0.0,0.0,0.0,0.0,0.0,0.0,0.0,0.0,0.0,0.0,0.0,1.0,0.0,0.0,0.0,0.0,0.0,1.0,built up,mid,under construction,sapphire eighty three,gurgaon,1.105
185.53,3.0,3.0,0.0,0.0,sector 99,15.0,1.0,0.0,0.0,1.0,1.0,1.0,1.0,1.0,1.0,0.0,0.0,0.0,0.0,1.0,0.0,0.0,0.0,0.0,0.0,built up,high,under construction,pareena coban residences,gurgaon,2.21
128.39,3.0,3.0,3.0,0.0,sector 54,47.0,1.0,0.0,0.0,0.0,1.0,0.0,1.0,0.0,0.0,0.0,1.0,0.0,1.0,0.0,1.0,1.0,0.0,0.0,1.0,built up,low,under construction,dlf the grove,gurgaon,9.69
74.69,1.0,1.0,2.0,0.0,sector 63,10.0,1.0,0.0,0.0,0.0,0.0,1.0,1.0,0.0,0.0,0.0,0.0,0.0,0.0,0.0,1.0,0.0,0.0,0.0,1.0,built up,mid,under construction,baani city center,gurgaon,1.496
311.23,4.0,4.0,3.0,0.0,sector 110,15.0,1.0,0.0,0.0,1.0,1.0,0.0,0.0,1.0,1.0,1.0,1.0,1.0,0.0,0.0,0.0,0.0,0.0,0.0,0.0,built up,high,new,indiabulls enigma,gurgaon,6.8
223.71,3.0,4.0,3.0,1.0,sector 85,13.0,1.0,0.0,0.0,1.0,0.0,1.0,0.0,1.0,1.0,0.0,0.0,1.0,0.0,1.0,0.0,0.0,0.0,1.0,0.0,super built up,mid,new,ss the leaf,gurgaon,3.2809999999999997
241.55,4.0,4.0,3.0,1.0,sector 113,17.0,1.0,0.0,0.0,0.0,0.0,0.0,0.0,1.0,0.0,1.0,1.0,0.0,0.0,0.0,1.0,0.0,0.0,0.0,0.0,super built up,high,new,smart world one dxp,gurgaon,5.865
204.39,3.0,3.0,3.0,1.0,sector 56,43.0,1.0,0.0,0.0,0.0,1.0,1.0,1.0,1.0,0.0,0.0,1.0,0.0,1.0,0.0,1.0,1.0,0.0,0.0,1.0,built up,mid,old,sukhshanti apartment,gurgaon,2.8899999999999997
357.12,3.0,5.0,3.0,1.0,sector 65,9.0,1.0,0.0,0.0,1.0,0.0,1.0,0.0,1.0,1.0,0.0,1.0,0.0,0.0,1.0,0.0,1.0,0.0,0.0,0.0,carpet,low,new,m3m golfestate,gurgaon,10.455
165.37,3.0,3.0,3.0,0.0,sector 2,10.0,1.0,0.0,0.0,1.0,1.0,0.0,0.0,1.0,1.0,1.0,1.0,0.0,0.0,0.0,0.0,0.0,0.0,0.0,0.0,super built up,mid,old,bestech park view residency,gurgaon,2.38
185.81,3.0,3.0,2.0,1.0,sector 84,12.0,1.0,0.0,0.0,1.0,0.0,0.0,0.0,1.0,1.0,0.0,0.0,1.0,0.0,1.0,0.0,0.0,0.0,0.0,0.0,super built up,low,new,ss almeria,gurgaon,2.516
402.08,4.0,4.0,3.0,1.0,sector 33,44.0,1.0,0.0,0.0,0.0,0.0,0.0,1.0,0.0,0.0,0.0,0.0,0.0,0.0,0.0,0.0,1.0,0.0,0.0,0.0,carpet,high,old,jmd gardens,gurgaon,5.5249999999999995
162.58,3.0,2.0,3.0,0.0,sector 45,45.0,1.0,0.0,0.0,0.0,1.0,1.0,1.0,0.0,0.0,0.0,0.0,0.0,1.0,0.0,1.0,0.0,1.0,0.0,0.0,carpet,low,old,cghs agrim apartment,gurgaon,2.533
227.8,3.0,3.0,3.0,1.0,sector 67,11.0,1.0,0.0,0.0,1.0,0.0,1.0,0.0,1.0,1.0,0.0,0.0,0.0,0.0,1.0,0.0,0.0,0.0,0.0,0.0,carpet,high,new,ireo victory valley,gurgaon,5.933
140.1,2.0,2.0,3.0,0.0,sector 62,11.0,1.0,0.0,0.0,1.0,0.0,1.0,0.0,1.0,1.0,0.0,1.0,0.0,0.0,0.0,0.0,0.0,0.0,0.0,0.0,carpet,high,under construction,emaar digihomes,gurgaon,3.655
139.35,2.0,2.0,3.0,0.0,sector 33,8.0,1.0,0.0,0.0,1.0,0.0,0.0,0.0,1.0,1.0,0.0,0.0,0.0,0.0,0.0,0.0,0.0,0.0,0.0,0.0,super built up,high,under construction,godrej nature plus,sohna,2.38
130.71,3.0,3.0,2.0,0.0,sector 54,15.0,1.0,1.0,0.0,1.0,0.0,1.0,1.0,0.0,0.0,0.0,0.0,0.0,0.0,0.0,1.0,0.0,1.0,0.0,0.0,super built up,mid,old,dlf carlton estate,gurgaon,3.4
151.43,3.0,3.0,2.0,1.0,sector 61,9.0,1.0,0.0,0.0,1.0,0.0,0.0,0.0,1.0,1.0,1.0,1.0,0.0,0.0,0.0,0.0,0.0,0.0,0.0,0.0,super built up,low,mid aged,smart world orchard,gurgaon,3.9099999999999997
69.21,2.0,1.0,3.0,0.0,sector 33,8.0,1.0,0.0,0.0,0.0,0.0,0.0,0.0,1.0,1.0,1.0,1.0,0.0,0.0,0.0,0.0,0.0,0.0,0.0,0.0,carpet,low,new,signature global park,sohna,0.918
167.78,4.0,3.0,3.0,1.0,sector 9,50.0,1.0,0.0,0.0,0.0,0.0,0.0,1.0,1.0,0.0,0.0,0.0,0.0,0.0,0.0,1.0,0.0,0.0,0.0,1.0,carpet,low,old,railway officers rpf society,gurgaon,2.125
83.61204013377927,2.0,2.0,1.0,0.0,sector 85,8.0,1.0,0.0,0.0,1.0,0.0,0.0,0.0,1.0,1.0,0.0,0.0,1.0,0.0,0.0,0.0,0.0,0.0,0.0,0.0,built up,high,mid aged,godrej air,gurgaon,1.785
134.71,3.0,4.0,3.0,1.0,sector 77,10.0,1.0,0.0,0.0,1.0,0.0,1.0,0.0,1.0,1.0,0.0,0.0,1.0,0.0,0.0,0.0,0.0,0.0,0.0,0.0,carpet,low,new,emaar mgf palm hills,gurgaon,2.125
102.19,1.0,1.0,1.0,1.0,sector 28,48.0,1.0,0.0,0.0,0.0,0.0,0.0,1.0,0.0,0.0,0.0,1.0,0.0,0.0,0.0,1.0,1.0,0.0,0.0,1.0,super built up,low,old,maruti vihar,gurgaon,1.7
213.68,5.0,5.0,2.0,1.0,sector 14,50.0,1.0,0.0,0.0,0.0,1.0,0.0,1.0,1.0,0.0,0.0,0.0,0.0,1.0,0.0,1.0,0.0,0.0,0.0,1.0,carpet,low,old,vasant appartments,gurgaon,2.8899999999999997
258.83,4.0,6.0,2.0,1.0,sector 86,4.0,1.0,0.0,0.0,1.0,0.0,0.0,0.0,1.0,0.0,0.0,0.0,1.0,0.0,0.0,0.0,0.0,0.0,0.0,0.0,super built up,high,new,ansal heights 86,gurgaon,2.21
172.06,3.0,3.0,3.0,0.0,sector 102,13.0,1.0,0.0,0.0,1.0,1.0,0.0,0.0,1.0,1.0,0.0,0.0,1.0,0.0,1.0,0.0,0.0,1.0,0.0,0.0,built up,high,new,shapoorji pallonji joyville gurugram,gurgaon,3.604
116.1,3.0,4.0,3.0,1.0,sector 61,8.0,1.0,0.0,0.0,0.0,0.0,0.0,0.0,1.0,1.0,0.0,1.0,0.0,0.0,0.0,0.0,0.0,0.0,0.0,0.0,carpet,high,new,puri the aravallis,gurgaon,6.63
242.01,3.0,3.0,3.0,1.0,sector 50,9.0,1.0,0.0,0.0,0.0,0.0,1.0,0.0,1.0,1.0,1.0,1.0,0.0,0.0,0.0,0.0,0.0,0.0,0.0,0.0,super built up,high,old,the close north,gurgaon,5.1
143.91,3.0,3.0,2.0,0.0,sector 61,9.0,1.0,0.0,0.0,1.0,0.0,0.0,0.0,1.0,1.0,1.0,1.0,0.0,0.0,0.0,0.0,0.0,0.0,0.0,0.0,carpet,mid,new,smart world orchard,gurgaon,3.74
153.29,3.0,3.0,3.0,1.0,sector 102,10.0,1.0,0.0,0.0,1.0,0.0,1.0,0.0,1.0,1.0,0.0,0.0,1.0,0.0,0.0,0.0,0.0,0.0,0.0,0.0,super built up,mid,new,emaar gurgaon greens,gurgaon,2.295
155.24,3.0,2.0,2.0,0.0,sector 33,8.0,1.0,0.0,0.0,1.0,0.0,0.0,0.0,1.0,1.0,0.0,0.0,0.0,0.0,0.0,0.0,0.0,0.0,0.0,0.0,carpet,high,new,godrej nature plus,sohna,2.839
125.42,2.0,2.0,2.0,0.0,sector 103,17.0,1.0,0.0,0.0,0.0,0.0,0.0,1.0,0.0,0.0,1.0,0.0,0.0,0.0,0.0,0.0,0.0,0.0,0.0,1.0,super built up,low,new,landmark the residency,gurgaon,1.53
191.38,4.0,4.0,3.0,1.0,sector 113,8.0,1.0,0.0,0.0,1.0,0.0,0.0,0.0,1.0,1.0,1.0,1.0,1.0,0.0,0.0,0.0,0.0,0.0,0.0,0.0,built up,high,new,m3m capital,gurgaon,4.029
185.81,3.0,3.0,3.0,1.0,sector 102,10.0,1.0,0.0,0.0,1.0,0.0,0.0,0.0,1.0,1.0,1.0,0.0,1.0,0.0,1.0,0.0,0.0,0.0,1.0,0.0,carpet,high,new,emaar imperial gardens,gurgaon,3.366
195.1,4.0,4.0,3.0,1.0,sector 25,43.0,1.0,0.0,0.0,0.0,0.0,1.0,1.0,0.0,0.0,0.0,1.0,0.0,0.0,0.0,1.0,0.0,0.0,0.0,1.0,carpet,high,old,dlf belvedere towers,gurgaon,6.29
255.48,4.0,4.0,3.0,0.0,sector 111,24.0,1.0,0.0,0.0,0.0,1.0,0.0,0.0,1.0,0.0,0.0,1.0,0.0,0.0,0.0,1.0,0.0,0.0,0.0,0.0,carpet,high,new,m3m crown,gurgaon,7.939
146.04,2.0,2.0,3.0,0.0,sector 79,10.0,0.0,0.0,0.0,0.0,0.0,0.0,0.0,1.0,1.0,0.0,0.0,0.0,0.0,0.0,0.0,0.0,0.0,1.0,0.0,super built up,mid,new,godrej 101,gurgaon,2.193
173.73,3.0,3.0,3.0,1.0,sector 48,9.0,1.0,0.0,0.0,1.0,0.0,1.0,0.0,1.0,1.0,0.0,1.0,0.0,0.0,0.0,0.0,1.0,0.0,0.0,0.0,super built up,high,new,central park resorts,gurgaon,6.205
204.39,3.0,3.0,3.0,1.0,sector 56,43.0,1.0,0.0,0.0,0.0,1.0,1.0,1.0,1.0,0.0,0.0,1.0,0.0,1.0,0.0,1.0,1.0,0.0,0.0,1.0,built up,mid,old,sukhshanti apartment,gurgaon,2.8899999999999997
357.12,3.0,5.0,3.0,1.0,sector 65,9.0,1.0,0.0,0.0,1.0,0.0,1.0,0.0,1.0,1.0,0.0,1.0,0.0,0.0,1.0,0.0,1.0,0.0,0.0,0.0,carpet,low,new,m3m golfestate,gurgaon,10.455
165.37,3.0,3.0,3.0,0.0,sector 2,10.0,1.0,0.0,0.0,1.0,1.0,0.0,0.0,1.0,1.0,1.0,1.0,0.0,0.0,0.0,0.0,0.0,0.0,0.0,0.0,super built up,mid,old,bestech park view residency,gurgaon,2.38
185.81,3.0,3.0,2.0,1.0,sector 84,12.0,1.0,0.0,0.0,1.0,0.0,0.0,0.0,1.0,1.0,0.0,0.0,1.0,0.0,1.0,0.0,0.0,0.0,0.0,0.0,super built up,low,new,ss almeria,gurgaon,2.516
227.8,3.0,3.0,3.0,1.0,sector 67,11.0,1.0,0.0,0.0,1.0,0.0,1.0,0.0,1.0,1.0,0.0,0.0,0.0,0.0,1.0,0.0,0.0,0.0,0.0,0.0,carpet,high,new,ireo victory valley,gurgaon,5.933
140.1,2.0,2.0,3.0,0.0,sector 62,11.0,1.0,0.0,0.0,1.0,0.0,1.0,0.0,1.0,1.0,0.0,1.0,0.0,0.0,0.0,0.0,0.0,0.0,0.0,0.0,carpet,high,under construction,emaar digihomes,gurgaon,3.655
130.71,3.0,3.0,2.0,0.0,sector 54,15.0,1.0,1.0,0.0,1.0,0.0,1.0,1.0,0.0,0.0,0.0,0.0,0.0,0.0,0.0,1.0,0.0,1.0,0.0,0.0,super built up,mid,old,dlf carlton estate,gurgaon,3.4
69.21,2.0,1.0,3.0,0.0,sector 33,8.0,1.0,0.0,0.0,0.0,0.0,0.0,0.0,1.0,1.0,1.0,1.0,0.0,0.0,0.0,0.0,0.0,0.0,0.0,0.0,carpet,low,new,signature global park,sohna,0.918
167.78,4.0,3.0,3.0,1.0,sector 9,50.0,1.0,0.0,0.0,0.0,0.0,0.0,1.0,1.0,0.0,0.0,0.0,0.0,0.0,0.0,1.0,0.0,0.0,0.0,1.0,carpet,low,old,railway officers rpf society,gurgaon,2.125
83.61204013377927,2.0,2.0,1.0,0.0,sector 85,8.0,1.0,0.0,0.0,1.0,0.0,0.0,0.0,1.0,1.0,0.0,0.0,1.0,0.0,0.0,0.0,0.0,0.0,0.0,0.0,built up,high,mid aged,godrej air,gurgaon,1.785
134.71,3.0,4.0,3.0,1.0,sector 77,10.0,1.0,0.0,0.0,1.0,0.0,1.0,0.0,1.0,1.0,0.0,0.0,1.0,0.0,0.0,0.0,0.0,0.0,0.0,0.0,carpet,low,new,emaar mgf palm hills,gurgaon,2.125
102.19,1.0,1.0,1.0,1.0,sector 28,48.0,1.0,0.0,0.0,0.0,0.0,0.0,1.0,0.0,0.0,0.0,1.0,0.0,0.0,0.0,1.0,1.0,0.0,0.0,1.0,super built up,low,old,maruti vihar,gurgaon,1.7
213.68,5.0,5.0,2.0,1.0,sector 14,50.0,1.0,0.0,0.0,0.0,1.0,0.0,1.0,1.0,0.0,0.0,0.0,0.0,1.0,0.0,1.0,0.0,0.0,0.0,1.0,carpet,low,old,vasant appartments,gurgaon,2.8899999999999997
258.83,4.0,6.0,2.0,1.0,sector 86,4.0,1.0,0.0,0.0,1.0,0.0,0.0,0.0,1.0,0.0,0.0,0.0,1.0,0.0,0.0,0.0,0.0,0.0,0.0,0.0,super built up,high,new,ansal heights 86,gurgaon,2.21
172.06,3.0,3.0,3.0,0.0,sector 102,13.0,1.0,0.0,0.0,1.0,1.0,0.0,0.0,1.0,1.0,0.0,0.0,1.0,0.0,1.0,0.0,0.0,1.0,0.0,0.0,built up,high,new,shapoorji pallonji joyville gurugram,gurgaon,3.604
242.01,3.0,3.0,3.0,1.0,sector 50,9.0,1.0,0.0,0.0,0.0,0.0,1.0,0.0,1.0,1.0,1.0,1.0,0.0,0.0,0.0,0.0,0.0,0.0,0.0,0.0,super built up,high,old,the close north,gurgaon,5.1
153.29,3.0,3.0,3.0,1.0,sector 102,10.0,1.0,0.0,0.0,1.0,0.0,1.0,0.0,1.0,1.0,0.0,0.0,1.0,0.0,0.0,0.0,0.0,0.0,0.0,0.0,super built up,mid,new,emaar gurgaon greens,gurgaon,2.295
125.42,2.0,2.0,2.0,0.0,sector 103,17.0,1.0,0.0,0.0,0.0,0.0,0.0,1.0,0.0,0.0,1.0,0.0,0.0,0.0,0.0,0.0,0.0,0.0,0.0,1.0,super built up,low,new,landmark the residency,gurgaon,1.53
185.81,3.0,3.0,3.0,1.0,sector 102,10.0,1.0,0.0,0.0,1.0,0.0,0.0,0.0,1.0,1.0,1.0,0.0,1.0,0.0,1.0,0.0,0.0,0.0,1.0,0.0,carpet,high,new,emaar imperial gardens,gurgaon,3.366
195.1,4.0,4.0,3.0,1.0,sector 25,43.0,1.0,0.0,0.0,0.0,0.0,1.0,1.0,0.0,0.0,0.0,1.0,0.0,0.0,0.0,1.0,0.0,0.0,0.0,1.0,carpet,high,old,dlf belvedere towers,gurgaon,6.29
146.04,2.0,2.0,3.0,0.0,sector 79,10.0,0.0,0.0,0.0,0.0,0.0,0.0,0.0,1.0,1.0,0.0,0.0,0.0,0.0,0.0,0.0,0.0,0.0,1.0,0.0,super built up,mid,new,godrej 101,gurgaon,2.193
268.68,3.0,3.0,3.0,0.0,sector 53,9.0,1.0,0.0,0.0,1.0,0.0,0.0,0.0,1.0,0.0,0.0,1.0,0.0,0.0,1.0,0.0,0.0,1.0,0.0,1.0,super built up,low,under construction,tulip monsella,gurgaon,9.52
199.09,4.0,4.0,3.0,1.0,sector 92,45.0,1.0,0.0,0.0,0.0,1.0,1.0,1.0,1.0,0.0,0.0,0.0,0.0,0.0,0.0,1.0,0.0,1.0,0.0,0.0,super built up,high,new,sare crescent parc royal greens phase 1,gurgaon,2.125
121.15,2.0,2.0,3.0,1.0,sector 70,11.0,1.0,0.0,0.0,1.0,0.0,1.0,0.0,1.0,1.0,0.0,0.0,0.0,0.0,0.0,0.0,0.0,0.0,0.0,0.0,carpet,high,new,aipl club residences,gurgaon,2.159
163.32,3.0,2.0,3.0,1.0,sector 108,9.0,1.0,0.0,0.0,1.0,0.0,1.0,0.0,1.0,1.0,0.0,0.0,1.0,0.0,0.0,0.0,0.0,0.0,0.0,0.0,super built up,low,new,experion the heartsong,gurgaon,2.3120000000000003
116.13,3.0,3.0,3.0,0.0,sector 37,10.0,1.0,0.0,0.0,1.0,0.0,1.0,0.0,1.0,1.0,0.0,0.0,1.0,0.0,1.0,0.0,0.0,0.0,0.0,0.0,built up,mid,mid aged,signature global city,gurgaon,1.7
422.99,4.0,5.0,3.0,1.0,sector 48,15.0,1.0,1.0,0.0,1.0,0.0,1.0,1.0,1.0,1.0,0.0,1.0,0.0,1.0,0.0,1.0,0.0,0.0,0.0,0.0,super built up,high,old,bestech park view city,gurgaon,7.225
176.52,3.0,3.0,3.0,0.0,sector 83,10.0,0.0,0.0,0.0,1.0,0.0,0.0,0.0,0.0,0.0,0.0,0.0,0.0,0.0,0.0,0.0,0.0,0.0,0.0,0.0,super built up,high,new,emaar palm gardens,gurgaon,3.06
161.93,3.0,4.0,2.0,1.0,sector 71,15.0,1.0,1.0,0.0,0.0,0.0,1.0,1.0,0.0,1.0,0.0,0.0,0.0,0.0,1.0,0.0,1.0,0.0,0.0,0.0,super built up,high,new,chd avenue 71,gurgaon,2.125
42.53,2.0,2.0,1.0,1.0,sector 33,10.0,0.0,0.0,0.0,0.0,0.0,0.0,1.0,0.0,0.0,0.0,0.0,0.0,0.0,0.0,0.0,0.0,0.0,0.0,1.0,carpet,mid,new,mvn athens,sohna,0.459
281.03,3.0,3.0,1.0,1.0,sector 59,15.0,1.0,0.0,0.0,1.0,0.0,1.0,1.0,1.0,1.0,0.0,1.0,0.0,0.0,0.0,0.0,0.0,1.0,0.0,0.0,super built up,high,mid aged,mahindra luminare,gurgaon,9.35
184.88,3.0,3.0,3.0,0.0,sector 92,11.0,1.0,0.0,0.0,0.0,0.0,0.0,1.0,1.0,0.0,0.0,0.0,1.0,0.0,0.0,1.0,0.0,0.0,0.0,0.0,super built up,low,new,raheja navodaya,gurgaon,1.4449999999999998
128.67,2.0,2.0,2.0,0.0,sector 33,8.0,1.0,0.0,0.0,1.0,0.0,0.0,0.0,1.0,1.0,0.0,0.0,0.0,0.0,0.0,0.0,0.0,0.0,0.0,0.0,super built up,high,mid aged,godrej nature plus,sohna,1.819
76.74,1.0,1.0,1.0,0.0,sector 67,23.0,1.0,0.0,0.0,0.0,0.0,1.0,1.0,0.0,0.0,0.0,0.0,0.0,0.0,0.0,1.0,0.0,1.0,0.0,0.0,built up,high,new,m3m urbana,gurgaon,1.615
119.19,2.0,3.0,3.0,1.0,sector 108,9.0,1.0,0.0,0.0,1.0,0.0,1.0,0.0,1.0,1.0,0.0,0.0,1.0,0.0,0.0,0.0,0.0,0.0,0.0,0.0,super built up,low,new,experion the heartsong,gurgaon,1.4789999999999999
217.76,4.0,5.0,3.0,1.0,sector 108,13.0,1.0,0.0,0.0,0.0,0.0,1.0,0.0,1.0,1.0,0.0,0.0,1.0,0.0,0.0,0.0,0.0,0.0,1.0,0.0,super built up,high,new,sobha city,gurgaon,6.969999999999999
106.84,2.0,2.0,2.0,1.0,sector 61,9.0,1.0,0.0,0.0,1.0,0.0,0.0,0.0,1.0,1.0,1.0,1.0,0.0,0.0,0.0,0.0,0.0,0.0,0.0,0.0,carpet,mid,mid aged,smart world orchard,gurgaon,2.499
204.39,3.0,4.0,3.0,1.0,sector 66,14.0,1.0,0.0,0.0,0.0,0.0,1.0,0.0,1.0,1.0,0.0,1.0,0.0,0.0,0.0,0.0,0.0,1.0,0.0,0.0,super built up,mid,new,emaar mgf the palm drive,gurgaon,5.865
145.39,2.0,2.0,3.0,1.0,sector 2,10.0,1.0,0.0,0.0,1.0,1.0,0.0,0.0,1.0,1.0,1.0,1.0,0.0,0.0,0.0,0.0,0.0,0.0,0.0,0.0,super built up,mid,old,bestech park view residency,gurgaon,2.006
178.37,3.0,4.0,3.0,1.0,sector 2,10.0,1.0,0.0,0.0,1.0,1.0,0.0,0.0,1.0,1.0,1.0,1.0,0.0,0.0,0.0,0.0,0.0,0.0,0.0,0.0,super built up,mid,old,bestech park view residency,gurgaon,2.635
219.07,3.0,4.0,3.0,1.0,sector 67,10.0,1.0,0.0,0.0,1.0,0.0,1.0,0.0,1.0,1.0,0.0,0.0,0.0,0.0,1.0,0.0,0.0,1.0,0.0,0.0,super built up,high,new,m3m merlin,gurgaon,5.763
179.21,3.0,3.0,3.0,1.0,sector 86,10.0,0.0,0.0,0.0,1.0,0.0,0.0,0.0,1.0,1.0,0.0,0.0,0.0,0.0,1.0,0.0,0.0,0.0,0.0,0.0,super built up,high,new,dlf the skycourt,gurgaon,2.618
153.29,3.0,3.0,3.0,1.0,sector 102,10.0,1.0,0.0,0.0,1.0,0.0,1.0,0.0,1.0,1.0,0.0,0.0,1.0,0.0,0.0,0.0,0.0,0.0,0.0,0.0,super built up,mid,new,emaar gurgaon greens,gurgaon,2.4139999999999997
139.35,3.0,3.0,2.0,0.0,sector 30,49.0,1.0,0.0,0.0,0.0,1.0,1.0,1.0,1.0,0.0,0.0,1.0,0.0,1.0,0.0,0.0,0.0,0.0,0.0,1.0,super built up,low,old,afnhb jalvayu vihar,gurgaon,2.21
165.09,3.0,3.0,2.0,1.0,sector 28,47.0,1.0,0.0,0.0,0.0,1.0,0.0,1.0,0.0,0.0,0.0,1.0,0.0,0.0,0.0,1.0,0.0,0.0,0.0,1.0,super built up,high,old,dlf regency park 2,gurgaon,3.8249999999999997
250.65,3.0,4.0,3.0,1.0,sector 67,11.0,1.0,0.0,0.0,1.0,0.0,1.0,0.0,1.0,1.0,0.0,0.0,0.0,0.0,1.0,0.0,0.0,0.0,0.0,0.0,super built up,high,new,ireo victory valley,gurgaon,5.95
232.26,4.0,6.0,3.0,1.0,sector 22,14.0,1.0,0.0,0.0,1.0,0.0,1.0,0.0,1.0,1.0,1.0,0.0,1.0,0.0,0.0,0.0,0.0,0.0,0.0,0.0,carpet,high,new,ambience creacions,gurgaon,8.16
111.2,2.0,2.0,2.0,0.0,sector 92,10.0,1.0,0.0,0.0,1.0,0.0,0.0,0.0,1.0,1.0,0.0,0.0,1.0,0.0,1.0,0.0,0.0,0.0,0.0,0.0,super built up,low,new,signature global city 92,gurgaon,1.326
167.23,3.0,3.0,2.0,0.0,sector 9,45.0,1.0,0.0,0.0,0.0,1.0,0.0,1.0,1.0,0.0,0.0,1.0,0.0,1.0,0.0,1.0,0.0,0.0,0.0,1.0,super built up,low,old,the khushboo cooperative housing society ltd,gurgaon,1.496
241.36,3.0,3.0,3.0,1.0,sector 102,11.0,1.0,0.0,0.0,1.0,0.0,1.0,0.0,1.0,1.0,0.0,0.0,1.0,0.0,1.0,0.0,0.0,0.0,0.0,0.0,super built up,low,new,adani m2k oyster grande,gurgaon,4.42
229.47,4.0,4.0,3.0,1.0,sector 25,43.0,1.0,0.0,0.0,0.0,0.0,1.0,1.0,0.0,0.0,0.0,1.0,0.0,0.0,0.0,1.0,0.0,0.0,0.0,1.0,carpet,low,old,dlf belvedere towers,gurgaon,5.779999999999999
186.08,3.0,4.0,2.0,0.0,sector 108,13.0,1.0,0.0,0.0,0.0,0.0,1.0,0.0,1.0,1.0,0.0,0.0,1.0,0.0,0.0,0.0,0.0,0.0,1.0,0.0,super built up,high,new,sobha city,gurgaon,4.93
179.21,3.0,3.0,3.0,1.0,sector 86,10.0,0.0,0.0,0.0,1.0,0.0,0.0,0.0,1.0,1.0,0.0,0.0,0.0,0.0,1.0,0.0,0.0,0.0,0.0,0.0,super built up,high,new,dlf the skycourt,gurgaon,2.55
124.49,3.0,3.0,3.0,0.0,sector 2,11.0,0.0,0.0,0.0,1.0,1.0,0.0,0.0,1.0,0.0,0.0,1.0,0.0,0.0,0.0,0.0,0.0,0.0,0.0,0.0,carpet,low,new,suncity vatsal valley,gurgaon,2.176
157.47,3.0,3.0,3.0,1.0,sector 113,8.0,1.0,0.0,0.0,1.0,0.0,0.0,0.0,1.0,1.0,1.0,1.0,1.0,0.0,0.0,0.0,0.0,0.0,0.0,0.0,super built up,low,new,m3m capital,gurgaon,4.2669999999999995
325.16,4.0,5.0,3.0,1.0,sector 24,42.0,1.0,0.0,0.0,0.0,1.0,0.0,1.0,0.0,0.0,0.0,1.0,0.0,0.0,0.0,1.0,0.0,0.0,0.0,1.0,carpet,low,new,dlf city plots phase 3,gurgaon,11.049999999999999
232.26,3.0,3.0,1.0,1.0,sector 25,47.0,1.0,0.0,0.0,0.0,0.0,1.0,1.0,0.0,0.0,0.0,1.0,0.0,0.0,0.0,1.0,1.0,0.0,0.0,1.0,carpet,high,old,unitech heritage city,gurgaon,6.170999999999999
199.74,3.0,3.0,3.0,1.0,sector 79,10.0,1.0,0.0,0.0,1.0,0.0,0.0,0.0,1.0,1.0,0.0,0.0,0.0,0.0,0.0,0.0,0.0,0.0,0.0,0.0,super built up,mid,new,bestech altura,gurgaon,3.145
267.1,4.0,6.0,3.0,1.0,sector 103,15.0,1.0,0.0,0.0,1.0,1.0,1.0,0.0,1.0,1.0,1.0,1.0,1.0,0.0,1.0,0.0,0.0,0.0,0.0,0.0,super built up,mid,new,indiabulls centrum park,gurgaon,4.165
196.95,3.0,4.0,2.0,1.0,sector 85,15.0,1.0,0.0,0.0,1.0,0.0,0.0,0.0,1.0,1.0,0.0,1.0,0.0,0.0,0.0,0.0,1.0,0.0,0.0,0.0,super built up,mid,new,orris aster court premier,gurgaon,2.3459999999999996
497.03,4.0,4.0,3.0,1.0,sector 2,11.0,1.0,0.0,0.0,1.0,0.0,1.0,0.0,1.0,1.0,0.0,1.0,0.0,0.0,0.0,0.0,0.0,0.0,0.0,0.0,super built up,high,new,paras quartier,gurgaon,10.030000000000001
454.3,4.0,6.0,3.0,1.0,sector 82,11.0,0.0,0.0,0.0,1.0,0.0,1.0,0.0,1.0,1.0,0.0,0.0,0.0,0.0,1.0,0.0,0.0,0.0,0.0,0.0,super built up,high,new,mapsko casa bella,gurgaon,5.1
163.51,4.0,4.0,3.0,0.0,sector 1,25.0,1.0,0.0,0.0,0.0,1.0,0.0,0.0,1.0,0.0,0.0,1.0,0.0,0.0,0.0,1.0,0.0,0.0,0.0,0.0,carpet,high,old,samadhan shri kamal cghs,gurgaon,3.4169999999999994
163.42,4.0,4.0,3.0,0.0,sector 38,46.0,1.0,0.0,0.0,0.0,0.0,0.0,1.0,0.0,0.0,0.0,0.0,0.0,0.0,0.0,0.0,1.0,0.0,0.0,0.0,carpet,high,old,navjyoti apartment,gurgaon,3.57
297.29,3.0,4.0,3.0,1.0,sector 24,42.0,1.0,0.0,0.0,0.0,0.0,0.0,1.0,0.0,0.0,0.0,1.0,0.0,0.0,0.0,1.0,0.0,0.0,0.0,1.0,super built up,low,old,ambience lagoon,gurgaon,7.225
192.31,3.0,4.0,3.0,1.0,sector 49,13.0,1.0,0.0,0.0,1.0,0.0,0.0,1.0,1.0,0.0,0.0,0.0,0.0,0.0,1.0,1.0,0.0,0.0,0.0,0.0,super built up,high,new,orchid petals,gurgaon,4.335
218.32,4.0,3.0,3.0,1.0,sector 52,43.0,1.0,0.0,0.0,0.0,0.0,0.0,1.0,0.0,0.0,0.0,0.0,0.0,1.0,0.0,1.0,0.0,0.0,0.0,1.0,super built up,mid,old,friends apartment,gurgaon,3.4
235.7,3.0,4.0,3.0,1.0,sector 50,15.0,0.0,0.0,1.0,0.0,1.0,0.0,1.0,1.0,0.0,0.0,0.0,0.0,1.0,0.0,1.0,0.0,0.0,0.0,0.0,carpet,mid,old,the close south,gurgaon,5.5249999999999995
156.91,3.0,3.0,3.0,0.0,sector 102,49.0,1.0,0.0,0.0,0.0,1.0,0.0,1.0,1.0,0.0,0.0,0.0,0.0,0.0,0.0,1.0,0.0,0.0,0.0,0.0,super built up,low,new,hero homes,gurgaon,2.72
178.37,3.0,4.0,3.0,1.0,sector 2,10.0,1.0,0.0,0.0,1.0,1.0,0.0,0.0,1.0,1.0,1.0,1.0,0.0,0.0,0.0,0.0,0.0,0.0,0.0,0.0,super built up,high,old,bestech park view residency,gurgaon,2.55
217.67,3.0,3.0,2.0,1.0,sector 108,13.0,1.0,0.0,0.0,0.0,0.0,1.0,0.0,1.0,1.0,0.0,0.0,1.0,0.0,0.0,0.0,0.0,0.0,1.0,0.0,super built up,high,new,sobha city,gurgaon,6.375
131.55,2.0,2.0,3.0,0.0,sector 2,10.0,1.0,0.0,0.0,1.0,1.0,0.0,0.0,1.0,1.0,1.0,1.0,0.0,0.0,0.0,0.0,0.0,0.0,0.0,0.0,carpet,high,old,bestech park view residency,gurgaon,1.615
120.77,4.0,3.0,3.0,0.0,sector 15,49.0,1.0,0.0,0.0,0.0,1.0,0.0,1.0,1.0,0.0,0.0,0.0,0.0,1.0,0.0,1.0,1.0,0.0,0.0,1.0,carpet,low,old,cghs rail vihar,gurgaon,2.38
179.21,3.0,4.0,3.0,1.0,sector 86,10.0,0.0,0.0,0.0,1.0,0.0,0.0,0.0,1.0,1.0,0.0,0.0,0.0,0.0,1.0,0.0,0.0,0.0,0.0,0.0,super built up,high,new,dlf the skycourt,gurgaon,2.652
153.29,3.0,3.0,3.0,1.0,sector 102,10.0,1.0,0.0,0.0,1.0,0.0,1.0,0.0,1.0,1.0,0.0,0.0,1.0,0.0,0.0,0.0,0.0,0.0,0.0,0.0,super built up,high,new,emaar gurgaon greens,gurgaon,2.295
125.33,2.0,2.0,2.0,0.0,sector 102,13.0,1.0,0.0,0.0,1.0,1.0,0.0,0.0,1.0,1.0,0.0,0.0,1.0,0.0,1.0,0.0,0.0,1.0,0.0,0.0,super built up,high,new,shapoorji pallonji joyville gurugram,gurgaon,2.38
165.09,3.0,3.0,2.0,1.0,sector 28,45.0,1.0,0.0,0.0,0.0,1.0,0.0,1.0,1.0,0.0,0.0,1.0,0.0,1.0,0.0,1.0,0.0,0.0,0.0,1.0,super built up,high,old,dlf regency park 2,gurgaon,3.8419999999999996
138.61,2.0,2.0,2.0,1.0,sector 33,7.0,1.0,0.0,0.0,0.0,0.0,0.0,0.0,1.0,0.0,0.0,0.0,1.0,0.0,0.0,0.0,0.0,0.0,0.0,0.0,built up,high,new,eldeco accolade,sohna,2.04
226.96,4.0,4.0,3.0,1.0,sector 37,11.0,1.0,0.0,0.0,1.0,0.0,1.0,0.0,1.0,1.0,0.0,0.0,1.0,0.0,1.0,0.0,0.0,0.0,0.0,0.0,super built up,high,new,bptp terra,gurgaon,3.536
223.71,3.0,4.0,3.0,1.0,sector 85,13.0,1.0,0.0,0.0,1.0,0.0,1.0,0.0,1.0,1.0,0.0,0.0,1.0,0.0,1.0,0.0,0.0,0.0,1.0,0.0,super built up,high,new,ss the leaf,gurgaon,2.975
234.77,3.0,3.0,3.0,1.0,sector 67,11.0,1.0,0.0,0.0,1.0,0.0,1.0,0.0,1.0,1.0,0.0,0.0,0.0,0.0,1.0,0.0,0.0,0.0,0.0,0.0,super built up,mid,new,ireo victory valley,gurgaon,5.083
140.12,2.0,2.0,2.0,1.0,sector 62,11.0,1.0,0.0,0.0,1.0,0.0,1.0,0.0,1.0,1.0,0.0,1.0,0.0,0.0,0.0,0.0,0.0,0.0,0.0,0.0,super built up,high,new,emaar digihomes,gurgaon,3.57
223.99,3.0,3.0,3.0,1.0,sector 67,11.0,1.0,0.0,0.0,1.0,0.0,1.0,0.0,1.0,1.0,0.0,0.0,0.0,0.0,1.0,0.0,0.0,0.0,0.0,0.0,super built up,high,new,ireo victory valley,gurgaon,4.8790000000000004
165.09,3.0,3.0,2.0,1.0,sector 28,47.0,1.0,0.0,0.0,0.0,1.0,0.0,1.0,0.0,0.0,0.0,1.0,0.0,0.0,0.0,1.0,0.0,0.0,0.0,1.0,super built up,high,old,dlf regency park 2,gurgaon,3.995
232.26,3.0,4.0,3.0,0.0,sector 24,42.0,1.0,0.0,0.0,0.0,0.0,0.0,1.0,0.0,0.0,0.0,1.0,0.0,0.0,0.0,1.0,0.0,0.0,0.0,1.0,carpet,low,old,lagoon apartment,gurgaon,5.1
408.77,4.0,6.0,3.0,0.0,sector 24,42.0,1.0,0.0,0.0,0.0,0.0,0.0,1.0,0.0,0.0,0.0,1.0,0.0,0.0,0.0,1.0,0.0,0.0,0.0,1.0,carpet,mid,old,lagoon apartment,gurgaon,10.2
153.29,3.0,3.0,3.0,1.0,sector 65,6.0,1.0,0.0,0.0,0.0,0.0,0.0,0.0,0.0,1.0,0.0,0.0,0.0,0.0,1.0,0.0,0.0,0.0,0.0,0.0,built up,low,new,emaar mgf emerald floors premier,gurgaon,3.995
310.67,3.0,4.0,3.0,1.0,sector 103,15.0,1.0,0.0,0.0,1.0,1.0,1.0,0.0,1.0,1.0,1.0,1.0,1.0,0.0,1.0,0.0,0.0,0.0,0.0,0.0,carpet,high,new,indiabulls centrum park,gurgaon,3.23
137.03,3.0,3.0,2.0,1.0,sector 85,8.0,1.0,0.0,0.0,1.0,0.0,1.0,0.0,1.0,0.0,0.0,0.0,0.0,0.0,0.0,0.0,0.0,0.0,0.0,0.0,super built up,high,old,orris carnation residency,gurgaon,1.224
141.77,3.0,2.0,3.0,0.0,sector 1,10.0,1.0,0.0,0.0,0.0,0.0,0.0,0.0,0.0,0.0,0.0,0.0,0.0,1.0,0.0,0.0,0.0,0.0,0.0,1.0,carpet,mid,old,sbr minda sec 1 imt manesar,manesar,1.105
194.35,3.0,4.0,3.0,1.0,sector 81,9.0,1.0,0.0,0.0,0.0,0.0,0.0,0.0,1.0,1.0,0.0,1.0,0.0,0.0,0.0,0.0,0.0,0.0,0.0,0.0,super built up,high,new,dlf the ultima,gurgaon,3.9779999999999998
191.38,4.0,5.0,3.0,1.0,sector 113,8.0,1.0,0.0,0.0,1.0,0.0,0.0,0.0,1.0,1.0,1.0,1.0,1.0,0.0,0.0,0.0,0.0,0.0,0.0,0.0,built up,high,new,m3m capital,gurgaon,4.369
203.55,3.0,3.0,3.0,1.0,sector 37,11.0,1.0,0.0,0.0,1.0,0.0,1.0,0.0,1.0,1.0,0.0,0.0,1.0,0.0,1.0,0.0,0.0,0.0,0.0,0.0,built up,mid,new,bptp terra,gurgaon,2.907
355.82,5.0,5.0,3.0,1.0,sector 110,15.0,1.0,0.0,0.0,1.0,1.0,0.0,0.0,1.0,1.0,1.0,1.0,1.0,0.0,0.0,0.0,0.0,0.0,0.0,0.0,super built up,mid,new,indiabulls enigma,gurgaon,6.443
241.55,4.0,4.0,3.0,1.0,sector 56,47.0,1.0,0.0,0.0,0.0,1.0,0.0,1.0,0.0,0.0,0.0,1.0,0.0,1.0,0.0,1.0,1.0,0.0,0.0,1.0,built up,mid,old,the lions cghs,gurgaon,3.4849999999999994
276.76,3.0,3.0,3.0,1.0,sector 65,9.0,1.0,0.0,0.0,1.0,0.0,1.0,0.0,1.0,1.0,0.0,1.0,0.0,0.0,1.0,0.0,1.0,0.0,0.0,0.0,super built up,high,new,m3m golfestate,gurgaon,8.84
204.39,3.0,3.0,3.0,1.0,sector 66,14.0,1.0,0.0,0.0,0.0,0.0,1.0,0.0,1.0,1.0,0.0,1.0,0.0,0.0,0.0,0.0,0.0,1.0,0.0,0.0,super built up,high,new,emaar mgf the palm drive,gurgaon,5.44
91.97,2.0,2.0,1.0,0.0,sector 30,49.0,1.0,0.0,0.0,0.0,1.0,0.0,1.0,1.0,0.0,0.0,0.0,0.0,1.0,0.0,0.0,0.0,0.0,0.0,1.0,super built up,low,old,afnhb jalvayu vihar,gurgaon,1.1729999999999998
260.31,3.0,3.0,2.0,1.0,sector 112,8.0,1.0,0.0,0.0,0.0,0.0,1.0,0.0,1.0,1.0,1.0,0.0,1.0,0.0,0.0,0.0,0.0,0.0,0.0,0.0,super built up,high,new,experion windchants,gurgaon,6.375
260.31,3.0,4.0,3.0,1.0,sector 112,8.0,1.0,0.0,0.0,0.0,0.0,1.0,0.0,1.0,1.0,1.0,0.0,1.0,0.0,0.0,0.0,0.0,0.0,0.0,0.0,super built up,high,new,experion windchants,gurgaon,6.205
440.27,4.0,5.0,3.0,1.0,sector 112,8.0,1.0,0.0,0.0,0.0,0.0,1.0,0.0,1.0,1.0,1.0,0.0,1.0,0.0,0.0,0.0,0.0,0.0,0.0,0.0,super built up,mid,new,experion windchants,gurgaon,9.333
194.63,4.0,4.0,3.0,1.0,sector 84,3.0,0.0,0.0,0.0,0.0,1.0,1.0,0.0,1.0,0.0,0.0,0.0,0.0,0.0,0.0,0.0,0.0,0.0,0.0,0.0,super built up,low,new,antriksh heights,gurgaon,1.785
192.58,3.0,4.0,2.0,0.0,sector 108,13.0,1.0,0.0,0.0,0.0,0.0,1.0,0.0,1.0,1.0,0.0,0.0,1.0,0.0,0.0,0.0,0.0,0.0,1.0,0.0,super built up,high,new,sobha city,gurgaon,5.695
193.8,3.0,3.0,3.0,1.0,sector 47,42.0,1.0,0.0,0.0,0.0,0.0,0.0,1.0,0.0,0.0,0.0,0.0,0.0,0.0,0.0,0.0,1.0,0.0,0.0,0.0,super built up,high,old,unitech uniworld gardens,gurgaon,4.08
209.12,3.0,3.0,3.0,1.0,sector 56,45.0,1.0,0.0,0.0,0.0,1.0,1.0,1.0,1.0,0.0,0.0,1.0,0.0,1.0,0.0,1.0,1.0,0.0,0.0,1.0,built up,mid,old,park royal apartment,gurgaon,2.907
380.44,5.0,6.0,3.0,0.0,sector 106,11.0,1.0,0.0,0.0,0.0,0.0,0.0,0.0,0.0,0.0,1.0,0.0,0.0,0.0,0.0,0.0,0.0,0.0,0.0,0.0,super built up,high,under construction,elan the presidential,gurgaon,10.709999999999999
215.35,3.0,3.0,2.0,1.0,sector 109,15.0,1.0,0.0,0.0,0.0,0.0,0.0,0.0,1.0,0.0,0.0,0.0,1.0,0.0,0.0,0.0,0.0,0.0,0.0,0.0,carpet,mid,old,raheja atharva,gurgaon,3.74
315.87,4.0,4.0,3.0,1.0,sector 110,15.0,1.0,0.0,0.0,1.0,1.0,0.0,0.0,1.0,1.0,1.0,1.0,1.0,0.0,0.0,0.0,0.0,0.0,0.0,0.0,super built up,high,new,indiabulls enigma,gurgaon,5.5249999999999995
369.75,4.0,5.0,3.0,1.0,sector 48,9.0,1.0,0.0,0.0,1.0,0.0,1.0,0.0,1.0,1.0,0.0,1.0,0.0,0.0,0.0,0.0,1.0,0.0,0.0,0.0,carpet,low,new,central park resorts,gurgaon,19.125
222.97,3.0,3.0,3.0,1.0,sector 33,15.0,1.0,0.0,0.0,0.0,0.0,1.0,0.0,1.0,1.0,0.0,0.0,0.0,0.0,1.0,0.0,1.0,0.0,0.0,0.0,carpet,low,new,central park flower valley,sohna,5.609999999999999
178.37,3.0,4.0,3.0,1.0,sector 2,10.0,1.0,0.0,0.0,1.0,1.0,0.0,0.0,1.0,1.0,1.0,1.0,0.0,0.0,0.0,0.0,0.0,0.0,0.0,0.0,super built up,mid,old,bestech park view residency,gurgaon,2.5669999999999997
153.29,3.0,3.0,3.0,1.0,sector 102,10.0,1.0,0.0,0.0,1.0,0.0,1.0,0.0,1.0,1.0,0.0,0.0,1.0,0.0,0.0,0.0,0.0,0.0,0.0,0.0,super built up,mid,new,emaar gurgaon greens,gurgaon,2.3459999999999996
306.58,3.0,3.0,3.0,1.0,sector 66,14.0,1.0,0.0,0.0,0.0,0.0,1.0,0.0,1.0,1.0,0.0,1.0,0.0,0.0,0.0,0.0,0.0,1.0,0.0,0.0,super built up,high,new,emaar mgf the palm drive,gurgaon,7.819999999999999
153.29,3.0,3.0,3.0,1.0,sector 102,10.0,1.0,0.0,0.0,1.0,0.0,1.0,0.0,1.0,1.0,0.0,0.0,1.0,0.0,0.0,0.0,0.0,0.0,0.0,0.0,super built up,high,new,emaar gurgaon greens,gurgaon,2.38
183.48,4.0,4.0,3.0,1.0,sector 65,6.0,1.0,0.0,0.0,0.0,0.0,0.0,0.0,0.0,1.0,0.0,0.0,0.0,0.0,1.0,0.0,0.0,0.0,0.0,0.0,super built up,mid,new,emaar mgf emerald floors premier,gurgaon,5.95
166.3,3.0,4.0,2.0,1.0,sector 82,10.0,0.0,0.0,0.0,1.0,0.0,0.0,0.0,1.0,0.0,0.0,0.0,0.0,0.0,0.0,0.0,0.0,0.0,0.0,0.0,super built up,high,new,mapsko royale ville,gurgaon,1.683
153.29,3.0,3.0,3.0,1.0,sector 65,6.0,1.0,0.0,0.0,0.0,0.0,0.0,0.0,0.0,1.0,0.0,0.0,0.0,0.0,1.0,0.0,0.0,0.0,0.0,0.0,carpet,mid,new,emaar mgf emerald floors premier,gurgaon,4.505
180.6,3.0,3.0,2.0,1.0,sector 45,47.0,1.0,0.0,0.0,0.0,0.0,0.0,1.0,0.0,0.0,0.0,0.0,0.0,0.0,0.0,0.0,0.0,0.0,0.0,0.0,super built up,low,new,unitech greenwood city,gurgaon,4.08
199.74,3.0,3.0,3.0,1.0,sector 109,11.0,1.0,0.0,0.0,1.0,0.0,0.0,0.0,1.0,1.0,0.0,1.0,1.0,0.0,0.0,0.0,0.0,0.0,1.0,0.0,super built up,high,new,ats tourmaline,gurgaon,2.8049999999999997
167.78,4.0,3.0,3.0,1.0,sector 9,44.0,1.0,0.0,0.0,0.0,0.0,0.0,1.0,1.0,0.0,1.0,0.0,0.0,0.0,0.0,1.0,0.0,0.0,0.0,1.0,carpet,low,old,railway officers rpf society,gurgaon,2.125
240.51,3.0,3.0,3.0,1.0,sector 62,11.0,1.0,0.0,0.0,1.0,0.0,1.0,0.0,1.0,1.0,0.0,1.0,0.0,0.0,0.0,0.0,0.0,0.0,0.0,0.0,super built up,high,new,emaar digihomes,gurgaon,6.8
176.52,3.0,3.0,3.0,1.0,sector 83,10.0,0.0,0.0,0.0,1.0,0.0,0.0,0.0,0.0,0.0,0.0,0.0,0.0,0.0,0.0,0.0,0.0,0.0,0.0,0.0,super built up,mid,new,emaar palm gardens,gurgaon,3.06
253.07,4.0,3.0,3.0,1.0,sector 91,10.0,1.0,0.0,0.0,0.0,0.0,0.0,0.0,1.0,1.0,0.0,0.0,1.0,0.0,1.0,0.0,0.0,0.0,0.0,0.0,super built up,high,new,tarc maceo,gurgaon,2.975
153.29,3.0,3.0,2.0,1.0,sector 65,6.0,1.0,0.0,0.0,0.0,0.0,0.0,0.0,0.0,1.0,0.0,0.0,0.0,0.0,1.0,0.0,0.0,0.0,0.0,0.0,built up,mid,new,emaar mgf emerald floors premier,gurgaon,3.995
402.92,4.0,5.0,3.0,1.0,sector 62,12.0,1.0,0.0,0.0,1.0,0.0,1.0,0.0,1.0,1.0,0.0,0.0,0.0,0.0,1.0,0.0,0.0,1.0,0.0,0.0,super built up,mid,new,pioneer urban presidia,gurgaon,12.155000000000001
181.16,4.0,3.0,3.0,1.0,sector 77,10.0,1.0,0.0,0.0,1.0,0.0,1.0,0.0,1.0,1.0,0.0,0.0,1.0,0.0,0.0,0.0,0.0,0.0,0.0,0.0,super built up,high,new,emaar mgf palm hills,gurgaon,2.788
153.29,3.0,3.0,2.0,1.0,sector 65,6.0,1.0,0.0,0.0,0.0,0.0,0.0,0.0,0.0,1.0,0.0,0.0,0.0,0.0,1.0,0.0,0.0,0.0,0.0,0.0,super built up,low,new,emaar mgf emerald floors premier,gurgaon,4.76
293.57,4.0,6.0,3.0,1.0,sector 54,11.0,1.0,0.0,0.0,1.0,0.0,1.0,0.0,1.0,1.0,1.0,1.0,0.0,0.0,0.0,0.0,1.0,1.0,0.0,0.0,super built up,high,old,la lagune,gurgaon,11.475
222.97,3.0,4.0,3.0,1.0,sector 67,10.0,1.0,0.0,0.0,1.0,0.0,1.0,0.0,1.0,1.0,0.0,0.0,0.0,0.0,1.0,0.0,0.0,1.0,0.0,0.0,super built up,high,new,m3m merlin,gurgaon,5.95
159.51,3.0,3.0,3.0,1.0,sector 65,8.0,0.0,0.0,0.0,0.0,0.0,0.0,0.0,1.0,0.0,0.0,1.0,0.0,0.0,0.0,0.0,0.0,0.0,0.0,0.0,carpet,mid,new,m3m latitude,gurgaon,7.819999999999999
185.81,3.0,3.0,3.0,1.0,sector 74,7.0,1.0,0.0,0.0,1.0,0.0,1.0,0.0,1.0,1.0,0.0,0.0,1.0,0.0,0.0,0.0,0.0,0.0,0.0,0.0,super built up,mid,new,m3m skywalk,gurgaon,3.8249999999999997
194.35,3.0,3.0,3.0,1.0,sector 82,7.0,1.0,0.0,0.0,0.0,0.0,0.0,0.0,0.0,1.0,0.0,0.0,0.0,0.0,0.0,0.0,0.0,0.0,0.0,0.0,super built up,high,new,dlf the primus,gurgaon,3.74
242.11,4.0,4.0,3.0,1.0,sector 82,7.0,1.0,0.0,0.0,0.0,0.0,0.0,0.0,0.0,1.0,0.0,0.0,0.0,0.0,0.0,0.0,0.0,0.0,0.0,0.0,super built up,low,new,dlf the primus,gurgaon,4.845
205.78,4.0,4.0,3.0,0.0,sector 90,14.0,0.0,0.0,0.0,0.0,1.0,0.0,0.0,0.0,0.0,0.0,0.0,0.0,0.0,0.0,0.0,0.0,0.0,0.0,0.0,super built up,high,new,dlf regal gardens,gurgaon,2.992
128.67,2.0,2.0,3.0,0.0,sector 106,11.0,1.0,0.0,0.0,1.0,0.0,1.0,0.0,1.0,1.0,0.0,1.0,1.0,0.0,1.0,0.0,0.0,0.0,0.0,0.0,super built up,low,new,paras dews,gurgaon,1.7
264.87,4.0,4.0,3.0,1.0,sector 61,14.0,1.0,0.0,0.0,0.0,0.0,1.0,0.0,1.0,1.0,0.0,1.0,0.0,0.0,1.0,0.0,0.0,1.0,0.0,0.0,super built up,low,old,pioneer park,gurgaon,6.12
223.71,3.0,4.0,3.0,1.0,sector 85,13.0,1.0,0.0,0.0,1.0,0.0,1.0,0.0,1.0,1.0,0.0,0.0,1.0,0.0,1.0,0.0,0.0,0.0,1.0,0.0,super built up,mid,new,ss the leaf,gurgaon,3.026
150.5,3.0,3.0,3.0,1.0,sector 71,15.0,1.0,1.0,0.0,0.0,0.0,1.0,1.0,0.0,1.0,0.0,0.0,0.0,0.0,1.0,0.0,1.0,0.0,0.0,0.0,super built up,high,old,chd avenue 71,gurgaon,1.666
223.25,3.0,3.0,3.0,1.0,sector 60,7.0,1.0,0.0,0.0,0.0,0.0,1.0,0.0,1.0,1.0,0.0,1.0,0.0,0.0,0.0,0.0,0.0,0.0,0.0,0.0,super built up,low,new,ireo skyon,gurgaon,4.794
202.99,3.0,4.0,3.0,1.0,sector 72,10.0,1.0,0.0,0.0,0.0,0.0,1.0,0.0,1.0,0.0,0.0,1.0,0.0,0.0,1.0,0.0,0.0,0.0,0.0,0.0,super built up,high,new,tata primanti,gurgaon,5.457
146.69,3.0,2.0,2.0,1.0,sector 113,8.0,1.0,0.0,0.0,1.0,0.0,0.0,0.0,1.0,0.0,0.0,0.0,1.0,0.0,0.0,0.0,0.0,0.0,0.0,0.0,super built up,high,new,la vida by tata housing,gurgaon,3.23
160.35,3.0,3.0,2.0,1.0,sector 90,14.0,0.0,0.0,0.0,0.0,1.0,0.0,0.0,0.0,0.0,0.0,0.0,0.0,0.0,0.0,0.0,0.0,0.0,0.0,0.0,super built up,high,new,dlf regal gardens,gurgaon,2.0229999999999997
166.3,3.0,3.0,3.0,1.0,sector 81,9.0,0.0,0.0,0.0,1.0,0.0,0.0,0.0,1.0,0.0,0.0,1.0,1.0,0.0,0.0,0.0,0.0,0.0,0.0,0.0,super built up,high,old,bestech park view ananda,gurgaon,2.295
222.97,4.0,5.0,3.0,1.0,sector 69,11.0,1.0,0.0,0.0,1.0,0.0,1.0,0.0,1.0,1.0,1.0,1.0,0.0,0.0,1.0,0.0,0.0,0.0,0.0,0.0,super built up,mid,new,tulip purple,gurgaon,3.06
166.3,3.0,3.0,3.0,1.0,sector 103,15.0,1.0,0.0,0.0,1.0,1.0,1.0,0.0,1.0,1.0,1.0,1.0,1.0,0.0,1.0,0.0,0.0,0.0,0.0,0.0,super built up,low,new,indiabulls centrum park,gurgaon,2.295
236.44,3.0,3.0,3.0,1.0,sector 109,11.0,1.0,0.0,0.0,0.0,0.0,0.0,0.0,0.0,0.0,1.0,0.0,0.0,0.0,0.0,0.0,0.0,0.0,0.0,0.0,super built up,high,new,sbtl caladium,gurgaon,2.8899999999999997
225.29,4.0,5.0,3.0,1.0,sector 82,10.0,1.0,0.0,0.0,1.0,0.0,1.0,0.0,1.0,1.0,0.0,0.0,0.0,0.0,0.0,0.0,0.0,0.0,1.0,0.0,super built up,high,new,vatika the seven lamps,gurgaon,2.72
189.99,3.0,4.0,3.0,1.0,sector 60,7.0,1.0,0.0,0.0,0.0,0.0,1.0,0.0,1.0,1.0,0.0,1.0,0.0,0.0,0.0,0.0,0.0,0.0,0.0,0.0,super built up,mid,old,ireo skyon,gurgaon,4.505
103.59,2.0,2.0,2.0,1.0,sector 85,8.0,1.0,0.0,0.0,1.0,0.0,1.0,0.0,1.0,0.0,0.0,0.0,0.0,0.0,0.0,0.0,0.0,0.0,0.0,0.0,super built up,mid,new,orris carnation residency,gurgaon,0.935
153.29,3.0,3.0,3.0,1.0,sector 102,10.0,1.0,0.0,0.0,1.0,0.0,1.0,0.0,1.0,1.0,0.0,0.0,1.0,0.0,0.0,0.0,0.0,0.0,0.0,0.0,super built up,mid,new,emaar gurgaon greens,gurgaon,2.38
145.39,2.0,2.0,3.0,1.0,sector 2,10.0,1.0,0.0,0.0,1.0,1.0,0.0,0.0,1.0,1.0,1.0,1.0,0.0,0.0,0.0,0.0,0.0,0.0,0.0,0.0,super built up,mid,old,bestech park view residency,gurgaon,2.142
257.16,4.0,5.0,3.0,1.0,sector 107,6.0,0.0,0.0,0.0,0.0,0.0,0.0,0.0,1.0,1.0,0.0,0.0,0.0,0.0,0.0,0.0,0.0,0.0,0.0,0.0,super built up,high,new,m3m woodshire,gurgaon,2.8899999999999997
258.36,3.0,3.0,3.0,0.0,sector 22,14.0,1.0,0.0,0.0,1.0,0.0,1.0,0.0,1.0,1.0,1.0,0.0,1.0,0.0,0.0,0.0,0.0,0.0,0.0,0.0,super built up,low,new,ambience creacions,gurgaon,6.969999999999999
132.2,2.0,2.0,3.0,1.0,sector 103,15.0,1.0,0.0,0.0,1.0,1.0,1.0,0.0,1.0,1.0,1.0,1.0,1.0,0.0,1.0,0.0,0.0,0.0,0.0,0.0,super built up,mid,new,indiabulls centrum park,gurgaon,1.7169999999999999
185.53,3.0,5.0,3.0,1.0,sector 99,15.0,1.0,0.0,0.0,1.0,1.0,1.0,1.0,1.0,1.0,0.0,0.0,0.0,0.0,1.0,0.0,0.0,0.0,0.0,0.0,super built up,high,new,pareena coban residences,gurgaon,2.465
177.44,3.0,3.0,3.0,1.0,sector 48,45.0,1.0,0.0,0.0,0.0,1.0,1.0,1.0,0.0,0.0,0.0,0.0,0.0,1.0,0.0,1.0,0.0,1.0,0.0,0.0,super built up,high,old,parsvnath green ville,gurgaon,2.72
185.81,3.0,3.0,3.0,1.0,sector 66,14.0,1.0,0.0,0.0,0.0,0.0,1.0,0.0,1.0,1.0,0.0,1.0,0.0,0.0,0.0,0.0,0.0,1.0,0.0,0.0,super built up,mid,new,emaar mgf the palm drive,gurgaon,5.083
180.42,3.0,4.0,3.0,1.0,sector 102,15.0,0.0,0.0,0.0,1.0,0.0,1.0,0.0,1.0,1.0,1.0,1.0,1.0,0.0,1.0,0.0,0.0,0.0,1.0,0.0,super built up,high,new,conscient heritage max,gurgaon,3.23
129.6,3.0,3.0,3.0,1.0,sector 65,8.0,1.0,0.0,0.0,1.0,0.0,0.0,0.0,1.0,1.0,0.0,1.0,0.0,0.0,0.0,0.0,0.0,1.0,0.0,0.0,super built up,high,new,emaar mgf emerald estate,gurgaon,2.975
168.9,3.0,3.0,3.0,0.0,sector 90,14.0,0.0,0.0,0.0,0.0,1.0,0.0,0.0,0.0,0.0,0.0,0.0,0.0,0.0,0.0,0.0,0.0,0.0,0.0,0.0,super built up,mid,new,dlf regal gardens,gurgaon,2.21
223.99,3.0,3.0,3.0,1.0,sector 67,11.0,1.0,0.0,0.0,1.0,0.0,1.0,0.0,1.0,1.0,0.0,0.0,0.0,0.0,1.0,0.0,0.0,0.0,0.0,0.0,super built up,high,new,ireo victory valley,gurgaon,5.015000000000001
219.07,3.0,4.0,3.0,1.0,sector 67,10.0,1.0,0.0,0.0,1.0,0.0,1.0,0.0,1.0,1.0,0.0,0.0,0.0,0.0,1.0,0.0,0.0,1.0,0.0,0.0,super built up,high,new,m3m merlin,gurgaon,5.779999999999999
219.07,3.0,4.0,3.0,1.0,sector 67,10.0,1.0,0.0,0.0,1.0,0.0,1.0,0.0,1.0,1.0,0.0,0.0,0.0,0.0,1.0,0.0,0.0,1.0,0.0,0.0,super built up,high,new,m3m merlin,gurgaon,5.643999999999999
131.46,2.0,2.0,3.0,0.0,sector 2,10.0,1.0,0.0,0.0,1.0,1.0,0.0,0.0,1.0,1.0,1.0,1.0,0.0,0.0,0.0,0.0,0.0,0.0,0.0,0.0,super built up,low,old,bestech park view residency,gurgaon,1.615
130.62,2.0,2.0,3.0,1.0,sector 74,7.0,1.0,0.0,0.0,1.0,0.0,1.0,0.0,1.0,1.0,0.0,0.0,1.0,0.0,0.0,0.0,0.0,0.0,0.0,0.0,super built up,high,new,m3m skywalk,gurgaon,2.635
132.29,2.0,2.0,3.0,1.0,sector 74,7.0,1.0,0.0,0.0,1.0,0.0,1.0,0.0,1.0,1.0,0.0,0.0,1.0,0.0,0.0,0.0,0.0,0.0,0.0,0.0,super built up,high,new,m3m skywalk,gurgaon,2.618
187.48,3.0,3.0,3.0,1.0,sector 74,7.0,1.0,0.0,0.0,1.0,0.0,1.0,0.0,1.0,1.0,0.0,0.0,1.0,0.0,0.0,0.0,0.0,0.0,0.0,0.0,super built up,high,new,m3m skywalk,gurgaon,4.165
227.61,3.0,4.0,3.0,1.0,sector 104,13.0,1.0,0.0,0.0,1.0,0.0,1.0,0.0,1.0,1.0,1.0,1.0,1.0,0.0,1.0,0.0,0.0,0.0,0.0,0.0,super built up,mid,new,puri emerald bay,gurgaon,4.42
223.71,3.0,4.0,3.0,0.0,sector 85,13.0,1.0,0.0,0.0,1.0,0.0,1.0,0.0,1.0,1.0,0.0,0.0,1.0,0.0,1.0,0.0,0.0,0.0,1.0,0.0,super built up,high,new,ss the leaf,gurgaon,3.111
152.36,2.0,2.0,3.0,0.0,sector 85,13.0,1.0,0.0,0.0,1.0,0.0,1.0,0.0,1.0,1.0,0.0,0.0,1.0,0.0,1.0,0.0,0.0,0.0,1.0,0.0,super built up,mid,new,ss the leaf,gurgaon,1.853
223.71,3.0,4.0,3.0,0.0,sector 85,13.0,1.0,0.0,0.0,1.0,0.0,1.0,0.0,1.0,1.0,0.0,0.0,1.0,0.0,1.0,0.0,0.0,0.0,1.0,0.0,super built up,mid,new,ss the leaf,gurgaon,3.1790000000000003
155.24,2.0,2.0,3.0,1.0,sector 85,13.0,1.0,0.0,0.0,1.0,0.0,1.0,0.0,1.0,1.0,0.0,0.0,1.0,0.0,1.0,0.0,0.0,0.0,1.0,0.0,super built up,mid,new,ss the leaf,gurgaon,1.785
223.71,3.0,4.0,3.0,1.0,sector 85,13.0,1.0,0.0,0.0,1.0,0.0,1.0,0.0,1.0,1.0,0.0,0.0,1.0,0.0,1.0,0.0,0.0,0.0,1.0,0.0,super built up,mid,new,ss the leaf,gurgaon,3.009
187.48,3.0,3.0,3.0,1.0,sector 74,7.0,1.0,0.0,0.0,1.0,0.0,1.0,0.0,1.0,1.0,0.0,0.0,1.0,0.0,0.0,0.0,0.0,0.0,0.0,0.0,super built up,high,new,m3m skywalk,gurgaon,3.74
68.28,1.0,1.0,1.0,0.0,sector 2,24.0,1.0,0.0,0.0,0.0,1.0,0.0,0.0,1.0,0.0,0.0,1.0,0.0,0.0,0.0,1.0,0.0,0.0,0.0,0.0,super built up,mid,old,ansal api celebrity suites,gurgaon,1.02
278.71,4.0,4.0,3.0,1.0,sector 47,44.0,1.0,0.0,0.0,0.0,0.0,0.0,1.0,0.0,0.0,0.0,0.0,0.0,0.0,0.0,0.0,1.0,0.0,0.0,0.0,super built up,mid,old,cghs airport apartment,gurgaon,3.06
141.77,3.0,2.0,3.0,0.0,sector 1,7.0,0.0,0.0,0.0,0.0,0.0,0.0,0.0,0.0,0.0,1.0,0.0,0.0,1.0,0.0,0.0,0.0,0.0,0.0,1.0,carpet,mid,old,sbr minda sec-1 imt manesar,manesar,1.088
196.49,3.0,3.0,3.0,1.0,sector 1,11.0,1.0,0.0,0.0,0.0,0.0,0.0,0.0,0.0,0.0,0.0,0.0,0.0,1.0,0.0,0.0,0.0,0.0,0.0,1.0,super built up,low,old,prasha apartments,manesar,1.275
289.11,3.0,3.0,3.0,1.0,sector 65,9.0,1.0,0.0,0.0,1.0,0.0,1.0,0.0,1.0,1.0,0.0,1.0,0.0,0.0,1.0,0.0,1.0,0.0,0.0,0.0,super built up,high,new,m3m golfestate,gurgaon,8.415000000000001
349.59,3.0,5.0,2.0,1.0,sector 112,8.0,1.0,0.0,0.0,0.0,0.0,1.0,0.0,1.0,1.0,1.0,0.0,1.0,0.0,0.0,0.0,0.0,0.0,0.0,0.0,super built up,high,new,experion windchants,gurgaon,7.225
440.27,4.0,6.0,3.0,1.0,sector 112,8.0,1.0,0.0,0.0,0.0,0.0,1.0,0.0,1.0,1.0,1.0,0.0,1.0,0.0,0.0,0.0,0.0,0.0,0.0,0.0,super built up,high,new,experion windchants,gurgaon,9.027
153.29,3.0,3.0,3.0,1.0,sector 102,10.0,1.0,0.0,0.0,1.0,0.0,1.0,0.0,1.0,1.0,0.0,0.0,1.0,0.0,0.0,0.0,0.0,0.0,0.0,0.0,super built up,high,new,emaar gurgaon greens,gurgaon,2.38
226.78,2.0,3.0,2.0,1.0,sector 112,8.0,1.0,0.0,0.0,0.0,0.0,1.0,0.0,1.0,1.0,1.0,0.0,1.0,0.0,0.0,0.0,0.0,0.0,0.0,0.0,super built up,high,new,experion windchants,gurgaon,4.76
360.46,5.0,5.0,2.0,1.0,sector 110,15.0,1.0,0.0,0.0,1.0,1.0,0.0,0.0,1.0,1.0,1.0,1.0,1.0,0.0,0.0,0.0,0.0,0.0,0.0,0.0,super built up,high,new,indiabulls enigma,gurgaon,6.969999999999999
315.87,4.0,5.0,3.0,1.0,sector 110,15.0,1.0,0.0,0.0,1.0,1.0,0.0,0.0,1.0,1.0,1.0,1.0,1.0,0.0,0.0,0.0,0.0,0.0,0.0,0.0,super built up,high,new,indiabulls enigma,gurgaon,5.779999999999999
221.57,3.0,3.0,3.0,1.0,sector 60,7.0,1.0,0.0,0.0,0.0,0.0,1.0,0.0,1.0,1.0,0.0,1.0,0.0,0.0,0.0,0.0,0.0,0.0,0.0,0.0,super built up,high,new,ireo skyon,gurgaon,5.185
301.93,4.0,4.0,3.0,1.0,sector 72,10.0,1.0,0.0,0.0,0.0,0.0,1.0,0.0,1.0,0.0,0.0,1.0,0.0,0.0,1.0,0.0,0.0,0.0,0.0,0.0,super built up,mid,new,tata primanti,gurgaon,7.225
154.22,3.0,3.0,3.0,1.0,sector 82,7.0,1.0,0.0,0.0,1.0,0.0,0.0,0.0,1.0,0.0,0.0,0.0,1.0,0.0,0.0,0.0,0.0,0.0,0.0,0.0,carpet,low,new,vatika independent floors,gurgaon,1.9719999999999998
483.1,5.0,6.0,3.0,1.0,sector 51,47.0,1.0,0.0,0.0,0.0,0.0,1.0,1.0,1.0,0.0,0.0,0.0,0.0,1.0,0.0,1.0,0.0,1.0,0.0,1.0,built up,high,old,citizen apartment,gurgaon,6.034999999999999
175.49,3.0,4.0,3.0,1.0,sector 102,11.0,1.0,0.0,0.0,1.0,0.0,1.0,0.0,1.0,1.0,0.0,0.0,1.0,0.0,1.0,0.0,0.0,0.0,0.0,0.0,super built up,high,new,adani m2k oyster grande,gurgaon,3.06
172.06,3.0,3.0,3.0,0.0,sector 102,13.0,1.0,0.0,0.0,1.0,1.0,0.0,0.0,1.0,1.0,0.0,0.0,1.0,0.0,1.0,0.0,0.0,1.0,0.0,0.0,super built up,low,new,shapoorji pallonji joyville gurugram,gurgaon,2.975
126.26,2.0,2.0,3.0,0.0,sector 102,13.0,1.0,0.0,0.0,1.0,1.0,0.0,0.0,1.0,1.0,0.0,0.0,1.0,0.0,1.0,0.0,0.0,1.0,0.0,0.0,super built up,high,new,shapoorji pallonji joyville gurugram,gurgaon,2.04
153.29,3.0,3.0,3.0,1.0,sector 102,10.0,1.0,0.0,0.0,1.0,0.0,1.0,0.0,1.0,1.0,0.0,0.0,1.0,0.0,0.0,0.0,0.0,0.0,0.0,0.0,super built up,mid,new,emaar gurgaon greens,gurgaon,2.584
209.03,3.0,3.0,3.0,1.0,sector 56,47.0,1.0,0.0,0.0,0.0,1.0,1.0,1.0,0.0,0.0,0.0,1.0,0.0,1.0,0.0,1.0,1.0,0.0,0.0,1.0,super built up,mid,old,kiran residency,gurgaon,2.635
195.38,3.0,3.0,3.0,1.0,sector 81,9.0,1.0,0.0,0.0,0.0,0.0,0.0,0.0,1.0,1.0,0.0,1.0,0.0,0.0,0.0,0.0,0.0,0.0,0.0,0.0,super built up,high,new,dlf the ultima,gurgaon,4.08
195.38,3.0,3.0,3.0,1.0,sector 81,9.0,1.0,0.0,0.0,0.0,0.0,0.0,0.0,1.0,1.0,0.0,1.0,0.0,0.0,0.0,0.0,0.0,0.0,0.0,0.0,super built up,high,new,dlf the ultima,gurgaon,3.995
195.38,3.0,3.0,3.0,1.0,sector 81,9.0,1.0,0.0,0.0,0.0,0.0,0.0,0.0,1.0,1.0,0.0,1.0,0.0,0.0,0.0,0.0,0.0,0.0,0.0,0.0,super built up,high,new,dlf the ultima,gurgaon,3.8759999999999994
162.58,3.0,3.0,2.0,0.0,sector 84,13.0,1.0,0.0,0.0,1.0,0.0,1.0,0.0,1.0,1.0,0.0,0.0,1.0,0.0,0.0,0.0,0.0,0.0,1.0,0.0,super built up,high,new,ss the coralwood,gurgaon,1.87
195.38,3.0,3.0,3.0,1.0,sector 81,9.0,1.0,0.0,0.0,0.0,0.0,0.0,0.0,1.0,1.0,0.0,1.0,0.0,0.0,0.0,0.0,0.0,0.0,0.0,0.0,super built up,high,new,dlf the ultima,gurgaon,3.9099999999999997
219.34,3.0,4.0,3.0,1.0,sector 107,6.0,0.0,0.0,0.0,0.0,0.0,0.0,0.0,1.0,1.0,0.0,0.0,0.0,0.0,0.0,0.0,0.0,0.0,0.0,0.0,super built up,high,new,m3m woodshire,gurgaon,2.295
227.61,3.0,4.0,3.0,1.0,sector 104,13.0,1.0,0.0,0.0,1.0,0.0,1.0,0.0,1.0,1.0,1.0,1.0,1.0,0.0,1.0,0.0,0.0,0.0,0.0,0.0,super built up,high,new,puri emerald bay,gurgaon,4.165
142.51,2.0,2.0,3.0,1.0,sector 107,6.0,0.0,0.0,0.0,0.0,0.0,0.0,0.0,1.0,1.0,0.0,0.0,0.0,0.0,0.0,0.0,0.0,0.0,0.0,0.0,super built up,high,new,m3m woodshire,gurgaon,1.53
183.48,4.0,4.0,3.0,1.0,sector 65,6.0,1.0,0.0,0.0,0.0,0.0,0.0,0.0,0.0,1.0,0.0,0.0,0.0,0.0,1.0,0.0,0.0,0.0,0.0,0.0,carpet,low,new,emaar mgf emerald floors premier,gurgaon,4.76
127.83,3.0,3.0,2.0,1.0,sector 50,44.0,1.0,0.0,0.0,0.0,1.0,1.0,1.0,1.0,0.0,0.0,0.0,0.0,0.0,0.0,1.0,0.0,1.0,0.0,1.0,super built up,high,new,eros wembley estate,gurgaon,2.38
165.37,3.0,3.0,3.0,0.0,sector 2,10.0,1.0,0.0,0.0,1.0,1.0,0.0,0.0,1.0,1.0,1.0,1.0,0.0,0.0,0.0,0.0,0.0,0.0,0.0,0.0,super built up,mid,old,bestech park view residency,gurgaon,2.3120000000000003
131.46,2.0,2.0,3.0,0.0,sector 2,10.0,1.0,0.0,0.0,1.0,1.0,0.0,0.0,1.0,1.0,1.0,1.0,0.0,0.0,0.0,0.0,0.0,0.0,0.0,0.0,super built up,high,old,bestech park view residency,gurgaon,1.666
60.48,1.0,1.0,2.0,0.0,sector 2,10.0,1.0,0.0,0.0,1.0,1.0,0.0,0.0,1.0,1.0,1.0,1.0,0.0,0.0,0.0,0.0,0.0,0.0,0.0,0.0,carpet,mid,old,bestech park view residency,gurgaon,0.9520000000000001
269.42,4.0,4.0,3.0,1.0,sector 84,10.0,1.0,0.0,0.0,1.0,1.0,1.0,1.0,1.0,0.0,0.0,0.0,0.0,0.0,0.0,0.0,0.0,0.0,0.0,0.0,carpet,high,new,alpha corp gurgaonone 84,gurgaon,3.74
246.19,3.0,3.0,3.0,1.0,sector 1,10.0,1.0,0.0,0.0,0.0,0.0,0.0,0.0,0.0,0.0,0.0,0.0,0.0,1.0,0.0,0.0,0.0,0.0,0.0,1.0,carpet,mid,old,deepak minda,manesar,2.04
166.3,3.0,3.0,3.0,1.0,sector 103,15.0,1.0,0.0,0.0,1.0,1.0,1.0,0.0,1.0,1.0,1.0,1.0,1.0,0.0,1.0,0.0,0.0,0.0,0.0,0.0,super built up,high,new,indiabulls centrum park,gurgaon,2.261
146.6,2.0,3.0,3.0,1.0,sector 37,8.0,1.0,0.0,0.0,1.0,1.0,0.0,0.0,1.0,0.0,0.0,0.0,1.0,0.0,0.0,0.0,0.0,0.0,0.0,0.0,super built up,high,new,imperia the esfera,gurgaon,1.4789999999999999
152.36,2.0,2.0,3.0,1.0,sector 85,13.0,1.0,0.0,0.0,1.0,0.0,1.0,0.0,1.0,1.0,0.0,0.0,1.0,0.0,1.0,0.0,0.0,0.0,1.0,0.0,super built up,high,new,ss the leaf,gurgaon,1.853
181.16,3.0,3.0,2.0,1.0,sector 66,14.0,1.0,0.0,0.0,0.0,0.0,1.0,0.0,1.0,1.0,0.0,1.0,0.0,0.0,0.0,0.0,0.0,1.0,0.0,0.0,super built up,high,new,emaar mgf the palm drive,gurgaon,5.1
176.52,3.0,3.0,3.0,1.0,sector 83,10.0,0.0,0.0,0.0,1.0,0.0,0.0,0.0,0.0,0.0,0.0,0.0,0.0,0.0,0.0,0.0,0.0,0.0,0.0,0.0,super built up,high,new,emaar palm gardens,gurgaon,2.975
176.52,3.0,3.0,3.0,1.0,sector 83,10.0,0.0,0.0,0.0,1.0,0.0,0.0,0.0,0.0,0.0,0.0,0.0,0.0,0.0,0.0,0.0,0.0,0.0,0.0,0.0,super built up,mid,new,emaar palm gardens,gurgaon,2.975
260.13,4.0,5.0,3.0,1.0,sector 60,7.0,1.0,0.0,0.0,0.0,0.0,1.0,0.0,1.0,1.0,0.0,1.0,0.0,0.0,0.0,0.0,0.0,0.0,0.0,0.0,super built up,high,old,ireo skyon,gurgaon,6.46
278.24,4.0,5.0,3.0,1.0,sector 81,9.0,1.0,0.0,0.0,0.0,0.0,0.0,0.0,1.0,1.0,0.0,1.0,0.0,0.0,0.0,0.0,0.0,0.0,0.0,0.0,super built up,mid,new,dlf the ultima,gurgaon,5.95
205.78,4.0,4.0,3.0,0.0,sector 90,14.0,0.0,0.0,0.0,0.0,1.0,0.0,0.0,0.0,0.0,0.0,0.0,0.0,0.0,0.0,0.0,0.0,0.0,0.0,0.0,super built up,high,new,dlf regal gardens,gurgaon,3.026
152.36,2.0,2.0,3.0,1.0,sector 85,13.0,1.0,0.0,0.0,1.0,0.0,1.0,0.0,1.0,1.0,0.0,0.0,1.0,0.0,1.0,0.0,0.0,0.0,1.0,0.0,super built up,high,new,ss the leaf,gurgaon,1.836
261.24,4.0,4.0,3.0,1.0,sector 85,13.0,1.0,0.0,0.0,1.0,0.0,1.0,0.0,1.0,1.0,0.0,0.0,1.0,0.0,1.0,0.0,0.0,0.0,1.0,0.0,super built up,low,new,ss the leaf,gurgaon,3.4509999999999996
161.74,2.0,2.0,3.0,1.0,sector 85,13.0,1.0,0.0,0.0,1.0,0.0,1.0,0.0,1.0,1.0,0.0,0.0,1.0,0.0,1.0,0.0,0.0,0.0,1.0,0.0,super built up,high,new,ss the leaf,gurgaon,1.9040000000000001
261.24,4.0,5.0,3.0,1.0,sector 85,13.0,1.0,0.0,0.0,1.0,0.0,1.0,0.0,1.0,1.0,0.0,0.0,1.0,0.0,1.0,0.0,0.0,0.0,1.0,0.0,super built up,low,new,ss the leaf,gurgaon,3.4
161.74,2.0,3.0,3.0,1.0,sector 85,13.0,1.0,0.0,0.0,1.0,0.0,1.0,0.0,1.0,1.0,0.0,0.0,1.0,0.0,1.0,0.0,0.0,0.0,1.0,0.0,super built up,mid,new,ss the leaf,gurgaon,1.768
196.95,3.0,4.0,2.0,1.0,sector 85,15.0,1.0,0.0,0.0,1.0,0.0,0.0,0.0,1.0,1.0,0.0,1.0,0.0,0.0,0.0,0.0,1.0,0.0,0.0,0.0,super built up,mid,new,orris aster court premier,gurgaon,2.125
141.58,2.0,3.0,2.0,1.0,sector 60,7.0,1.0,0.0,0.0,0.0,0.0,1.0,0.0,1.0,1.0,0.0,1.0,0.0,0.0,0.0,0.0,0.0,0.0,0.0,0.0,super built up,low,new,ireo skyon,gurgaon,3.4849999999999994
243.87,4.0,5.0,3.0,1.0,sector 72,10.0,1.0,0.0,0.0,0.0,0.0,1.0,0.0,1.0,0.0,0.0,1.0,0.0,0.0,1.0,0.0,0.0,0.0,0.0,0.0,super built up,high,new,tata primanti,gurgaon,5.423
269.88,4.0,5.0,3.0,1.0,sector 72,10.0,1.0,0.0,0.0,0.0,0.0,1.0,0.0,1.0,0.0,0.0,1.0,0.0,0.0,1.0,0.0,0.0,0.0,0.0,0.0,super built up,high,new,tata primanti,gurgaon,6.545
243.87,4.0,4.0,3.0,1.0,sector 72,10.0,1.0,0.0,0.0,0.0,0.0,1.0,0.0,1.0,0.0,0.0,1.0,0.0,0.0,1.0,0.0,0.0,0.0,0.0,0.0,super built up,high,old,tata primanti,gurgaon,5.44
188.13,3.0,3.0,3.0,1.0,sector 84,3.0,0.0,0.0,0.0,0.0,1.0,1.0,0.0,1.0,0.0,0.0,0.0,0.0,0.0,0.0,0.0,0.0,0.0,0.0,0.0,super built up,high,new,antriksh heights,gurgaon,1.496
104.52,2.0,2.0,2.0,0.0,sector 84,3.0,0.0,0.0,0.0,0.0,1.0,1.0,0.0,1.0,0.0,0.0,0.0,0.0,0.0,0.0,0.0,0.0,0.0,0.0,0.0,super built up,high,new,antriksh heights,gurgaon,0.833
181.16,3.0,4.0,3.0,1.0,sector 70,15.0,1.0,0.0,0.0,1.0,0.0,1.0,1.0,0.0,0.0,0.0,0.0,0.0,1.0,0.0,0.0,0.0,0.0,0.0,0.0,super built up,high,new,shree vardhman victoria,gurgaon,2.8049999999999997
247.12,3.0,4.0,3.0,1.0,sector 81,9.0,0.0,0.0,0.0,1.0,0.0,0.0,0.0,1.0,0.0,0.0,0.0,1.0,0.0,0.0,0.0,0.0,0.0,0.0,0.0,super built up,high,new,bestech park view grand spa,gurgaon,3.995
168.15,3.0,3.0,3.0,0.0,sector 81,9.0,0.0,0.0,0.0,1.0,0.0,0.0,0.0,1.0,0.0,0.0,1.0,1.0,0.0,0.0,0.0,0.0,0.0,0.0,0.0,super built up,mid,new,bestech park view ananda,gurgaon,2.38
166.3,3.0,4.0,2.0,1.0,sector 82,10.0,0.0,0.0,0.0,1.0,0.0,0.0,0.0,1.0,0.0,0.0,0.0,0.0,0.0,0.0,0.0,0.0,0.0,0.0,0.0,super built up,high,new,mapsko royale ville,gurgaon,1.649
192.22,3.0,3.0,3.0,0.0,sector 50,9.0,1.0,0.0,0.0,0.0,0.0,1.0,0.0,1.0,1.0,1.0,1.0,0.0,0.0,0.0,0.0,0.0,0.0,0.0,0.0,super built up,high,old,the close north,gurgaon,3.995
244.8,4.0,5.0,3.0,1.0,sector 67,11.0,0.0,0.0,0.0,1.0,0.0,0.0,0.0,1.0,0.0,0.0,0.0,0.0,0.0,0.0,0.0,0.0,0.0,0.0,0.0,super built up,high,old,bestech park view spa next,gurgaon,5.643999999999999
183.95,3.0,3.0,2.0,1.0,sector 83,10.0,0.0,0.0,0.0,1.0,0.0,0.0,0.0,1.0,1.0,0.0,1.0,1.0,0.0,0.0,0.0,0.0,0.0,0.0,0.0,super built up,high,old,vatika gurgaon 21,gurgaon,2.125
190.17,3.0,3.0,3.0,1.0,sector 67,10.0,1.0,0.0,0.0,1.0,0.0,1.0,0.0,1.0,1.0,0.0,0.0,0.0,0.0,1.0,0.0,0.0,1.0,0.0,0.0,super built up,mid,old,m3m merlin,gurgaon,4.76
221.11,3.0,3.0,3.0,1.0,sector 65,8.0,0.0,0.0,0.0,0.0,0.0,0.0,0.0,1.0,0.0,0.0,1.0,0.0,0.0,0.0,0.0,0.0,0.0,0.0,0.0,super built up,high,new,m3m latitude,gurgaon,7.99
153.29,3.0,3.0,3.0,1.0,sector 102,10.0,1.0,0.0,0.0,1.0,0.0,1.0,0.0,1.0,1.0,0.0,0.0,1.0,0.0,0.0,0.0,0.0,0.0,0.0,0.0,super built up,mid,new,emaar gurgaon greens,gurgaon,2.21
115.11,2.0,2.0,1.0,1.0,sector 78,7.0,1.0,0.0,0.0,0.0,0.0,0.0,1.0,0.0,0.0,0.0,1.0,0.0,0.0,0.0,0.0,0.0,0.0,0.0,0.0,super built up,mid,old,umang monsoon breeze,gurgaon,1.054
153.66,3.0,2.0,2.0,1.0,sector 78,7.0,1.0,0.0,0.0,0.0,0.0,0.0,1.0,0.0,0.0,0.0,1.0,0.0,0.0,0.0,0.0,0.0,0.0,0.0,0.0,super built up,mid,old,umang monsoon breeze,gurgaon,1.36
176.52,3.0,3.0,3.0,1.0,sector 83,10.0,0.0,0.0,0.0,1.0,0.0,0.0,0.0,0.0,0.0,0.0,0.0,0.0,0.0,0.0,0.0,0.0,0.0,0.0,0.0,super built up,mid,new,emaar palm gardens,gurgaon,2.941
390.19,4.0,4.0,3.0,1.0,sector 81,7.0,1.0,0.0,0.0,1.0,0.0,0.0,0.0,1.0,0.0,0.0,1.0,0.0,0.0,0.0,0.0,0.0,0.0,0.0,0.0,super built up,high,new,bestech spa signature,gurgaon,7.565
247.12,3.0,4.0,3.0,1.0,sector 81,9.0,0.0,0.0,0.0,1.0,0.0,0.0,0.0,1.0,0.0,0.0,0.0,1.0,0.0,0.0,0.0,0.0,0.0,0.0,0.0,super built up,mid,new,bestech park view grand spa,gurgaon,3.9099999999999997
195.38,3.0,3.0,3.0,1.0,sector 81,9.0,1.0,0.0,0.0,0.0,0.0,0.0,0.0,1.0,1.0,0.0,1.0,0.0,0.0,0.0,0.0,0.0,0.0,0.0,0.0,super built up,mid,new,dlf the ultima,gurgaon,3.74
195.38,3.0,3.0,3.0,1.0,sector 81,9.0,1.0,0.0,0.0,0.0,0.0,0.0,0.0,1.0,1.0,0.0,1.0,0.0,0.0,0.0,0.0,0.0,0.0,0.0,0.0,super built up,high,new,dlf the ultima,gurgaon,3.604
195.38,3.0,3.0,3.0,1.0,sector 81,9.0,1.0,0.0,0.0,0.0,0.0,0.0,0.0,1.0,1.0,0.0,1.0,0.0,0.0,0.0,0.0,0.0,0.0,0.0,0.0,super built up,high,new,dlf the ultima,gurgaon,3.8249999999999997
216.0,4.0,4.0,3.0,1.0,sector 92,11.0,1.0,0.0,0.0,1.0,0.0,1.0,0.0,1.0,1.0,0.0,0.0,1.0,0.0,1.0,0.0,0.0,0.0,0.0,0.0,super built up,high,new,bestech park view sanskruti,gurgaon,3.23
390.19,4.0,4.0,3.0,1.0,sector 81,7.0,1.0,0.0,0.0,1.0,0.0,0.0,0.0,1.0,0.0,0.0,1.0,0.0,0.0,0.0,0.0,0.0,0.0,0.0,0.0,super built up,mid,new,bestech spa signature,gurgaon,7.48
213.68,4.0,3.0,3.0,1.0,sector 54,47.0,1.0,0.0,0.0,0.0,1.0,1.0,1.0,0.0,0.0,0.0,1.0,0.0,1.0,0.0,1.0,1.0,0.0,0.0,1.0,super built up,low,old,swarn jayanti cghs,gurgaon,2.975
218.32,3.0,4.0,3.0,1.0,sector 70,11.0,1.0,0.0,0.0,1.0,0.0,1.0,0.0,1.0,1.0,0.0,0.0,0.0,0.0,0.0,0.0,0.0,0.0,0.0,0.0,super built up,high,new,aipl the peaceful homes,gurgaon,4.76
287.07,3.0,5.0,3.0,1.0,sector 22,14.0,1.0,0.0,0.0,1.0,0.0,1.0,0.0,1.0,1.0,1.0,0.0,1.0,0.0,0.0,0.0,0.0,0.0,0.0,0.0,super built up,mid,new,ambience creacions,gurgaon,7.8709999999999996
140.0,2.0,2.0,3.0,1.0,sector 68,10.0,1.0,0.0,0.0,1.0,0.0,1.0,0.0,1.0,1.0,0.0,0.0,0.0,0.0,1.0,0.0,0.0,0.0,0.0,0.0,super built up,high,new,m3m the marina,gurgaon,2.244
161.93,3.0,3.0,3.0,1.0,sector 71,15.0,1.0,1.0,0.0,0.0,0.0,1.0,1.0,0.0,1.0,0.0,0.0,0.0,0.0,1.0,0.0,1.0,0.0,0.0,0.0,super built up,mid,old,chd avenue 71,gurgaon,1.9719999999999998
45.43,2.0,2.0,2.0,0.0,sector 107,10.0,0.0,0.0,0.0,1.0,0.0,0.0,0.0,1.0,0.0,0.0,0.0,1.0,0.0,0.0,0.0,0.0,0.0,0.0,0.0,carpet,high,new,signature global solera,gurgaon,0.459
45.43,2.0,2.0,2.0,0.0,sector 107,10.0,0.0,0.0,0.0,1.0,0.0,0.0,0.0,1.0,0.0,0.0,0.0,1.0,0.0,0.0,0.0,0.0,0.0,0.0,0.0,carpet,mid,new,signature global solera,gurgaon,0.47600000000000003
188.13,3.0,3.0,3.0,1.0,sector 77,5.0,0.0,0.0,0.0,0.0,0.0,0.0,0.0,1.0,0.0,0.0,0.0,0.0,0.0,0.0,0.0,0.0,0.0,0.0,0.0,super built up,low,new,emaar palm heights,gurgaon,3.043
181.16,4.0,4.0,3.0,1.0,sector 77,10.0,1.0,0.0,0.0,1.0,0.0,1.0,0.0,1.0,1.0,0.0,0.0,1.0,0.0,0.0,0.0,0.0,0.0,0.0,0.0,super built up,low,new,emaar mgf palm hills,gurgaon,2.635
179.21,3.0,3.0,3.0,1.0,sector 86,10.0,0.0,0.0,0.0,1.0,0.0,0.0,0.0,1.0,1.0,0.0,0.0,0.0,0.0,1.0,0.0,0.0,0.0,0.0,0.0,super built up,high,new,dlf the skycourt,gurgaon,2.635
250.0,3.0,4.0,3.0,1.0,sector 113,8.0,1.0,0.0,0.0,1.0,0.0,0.0,0.0,1.0,0.0,0.0,0.0,1.0,0.0,0.0,0.0,0.0,0.0,0.0,0.0,super built up,high,new,la vida by tata housing,gurgaon,5.695
204.39,3.0,4.0,3.0,1.0,sector 66,14.0,1.0,0.0,0.0,0.0,0.0,1.0,0.0,1.0,1.0,0.0,1.0,0.0,0.0,0.0,0.0,0.0,1.0,0.0,0.0,super built up,mid,new,emaar mgf the palm drive,gurgaon,5.95
268.95,3.0,4.0,3.0,1.0,sector 53,15.0,0.0,0.0,0.0,1.0,0.0,1.0,0.0,1.0,1.0,0.0,1.0,0.0,0.0,0.0,0.0,0.0,1.0,0.0,0.0,super built up,high,new,parsvnath exotica,gurgaon,8.16
171.87,3.0,3.0,3.0,1.0,sector 54,47.0,1.0,0.0,0.0,0.0,1.0,1.0,1.0,0.0,0.0,0.0,1.0,0.0,1.0,0.0,1.0,1.0,0.0,0.0,1.0,super built up,mid,old,shree arihant apartment,gurgaon,2.55
249.91,3.0,4.0,3.0,1.0,sector 113,8.0,1.0,0.0,0.0,1.0,0.0,0.0,0.0,1.0,0.0,0.0,0.0,1.0,0.0,0.0,0.0,0.0,0.0,0.0,0.0,super built up,mid,new,la vida by tata housing,gurgaon,4.726
225.57,4.0,4.0,3.0,1.0,sector 110,6.0,1.0,0.0,0.0,1.0,0.0,1.0,0.0,1.0,1.0,0.0,0.0,1.0,0.0,0.0,0.0,0.0,0.0,0.0,0.0,super built up,low,new,mahindra aura,gurgaon,3.8249999999999997
199.74,3.0,3.0,3.0,1.0,sector 70,11.0,1.0,0.0,0.0,1.0,0.0,1.0,0.0,1.0,1.0,0.0,0.0,0.0,0.0,0.0,0.0,0.0,0.0,0.0,0.0,super built up,high,new,aipl the peaceful homes,gurgaon,4.335
222.04,4.0,4.0,3.0,1.0,sector 83,10.0,0.0,0.0,0.0,1.0,0.0,0.0,0.0,1.0,1.0,0.0,1.0,1.0,0.0,0.0,0.0,0.0,0.0,0.0,0.0,super built up,high,old,vatika gurgaon 21,gurgaon,2.125
115.66,2.0,2.0,2.0,1.0,sector 83,10.0,0.0,0.0,0.0,1.0,0.0,0.0,0.0,1.0,1.0,0.0,1.0,1.0,0.0,0.0,0.0,0.0,0.0,0.0,0.0,super built up,high,old,vatika gurgaon 21,gurgaon,1.4449999999999998
538.84,4.0,5.0,3.0,1.0,sector 2,14.0,0.0,0.0,0.0,0.0,0.0,0.0,0.0,1.0,0.0,0.0,0.0,0.0,0.0,0.0,0.0,0.0,0.0,0.0,1.0,super built up,low,new,krrish provence estate,gurgaon,8.924999999999999
125.51,2.0,4.0,2.0,0.0,sector 79,11.0,1.0,0.0,0.0,1.0,0.0,1.0,0.0,1.0,1.0,0.0,0.0,1.0,0.0,0.0,0.0,0.0,0.0,1.0,0.0,super built up,low,new,godrej aria,gurgaon,2.21
123.19,3.0,2.0,2.0,0.0,sector 92,11.0,0.0,0.0,0.0,0.0,0.0,0.0,0.0,1.0,1.0,0.0,1.0,1.0,0.0,0.0,0.0,0.0,0.0,0.0,0.0,super built up,low,new,sare green parc phase 3,gurgaon,1.275
250.65,3.0,4.0,3.0,1.0,sector 67,11.0,1.0,0.0,0.0,1.0,0.0,1.0,0.0,1.0,1.0,0.0,0.0,0.0,0.0,1.0,0.0,0.0,0.0,0.0,0.0,super built up,high,new,ireo victory valley,gurgaon,6.205
253.35,4.0,4.0,3.0,0.0,sector 90,6.0,1.0,0.0,0.0,0.0,0.0,0.0,0.0,1.0,1.0,0.0,0.0,0.0,0.0,1.0,0.0,0.0,0.0,0.0,0.0,super built up,mid,old,dlf new town heights 1,gurgaon,2.8049999999999997
179.3,3.0,3.0,3.0,1.0,sector 90,6.0,1.0,0.0,0.0,0.0,0.0,0.0,0.0,1.0,1.0,0.0,0.0,0.0,0.0,1.0,0.0,0.0,0.0,0.0,0.0,super built up,high,new,dlf new town heights 1,gurgaon,2.125
219.62,4.0,4.0,3.0,1.0,sector 90,6.0,1.0,0.0,0.0,0.0,0.0,0.0,0.0,1.0,1.0,0.0,0.0,0.0,0.0,1.0,0.0,0.0,0.0,0.0,0.0,super built up,high,old,dlf new town heights 1,gurgaon,2.4139999999999997
163.04,3.0,3.0,3.0,1.0,sector 90,14.0,0.0,0.0,0.0,0.0,1.0,0.0,0.0,0.0,0.0,0.0,0.0,0.0,0.0,0.0,0.0,0.0,0.0,0.0,0.0,super built up,low,new,dlf regal gardens,gurgaon,2.159
205.78,4.0,4.0,3.0,1.0,sector 90,14.0,0.0,0.0,0.0,0.0,1.0,0.0,0.0,0.0,0.0,0.0,0.0,0.0,0.0,0.0,0.0,0.0,0.0,0.0,0.0,super built up,high,new,dlf regal gardens,gurgaon,2.8049999999999997
163.04,3.0,3.0,3.0,1.0,sector 90,14.0,0.0,0.0,0.0,0.0,1.0,0.0,0.0,0.0,0.0,0.0,0.0,0.0,0.0,0.0,0.0,0.0,0.0,0.0,0.0,super built up,high,new,dlf regal gardens,gurgaon,2.108
242.01,3.0,3.0,3.0,1.0,sector 50,9.0,1.0,0.0,0.0,0.0,0.0,1.0,0.0,1.0,1.0,1.0,1.0,0.0,0.0,0.0,0.0,0.0,0.0,0.0,0.0,super built up,low,old,the close north,gurgaon,4.59
203.55,3.0,3.0,3.0,1.0,sector 37,11.0,1.0,0.0,0.0,1.0,0.0,1.0,0.0,1.0,1.0,0.0,0.0,1.0,0.0,1.0,0.0,0.0,0.0,0.0,0.0,super built up,high,new,bptp terra,gurgaon,3.366
226.78,2.0,2.0,3.0,1.0,sector 112,8.0,1.0,0.0,0.0,0.0,0.0,1.0,0.0,1.0,1.0,1.0,0.0,1.0,0.0,0.0,0.0,0.0,0.0,0.0,0.0,super built up,high,new,experion windchants,gurgaon,4.25
153.29,3.0,4.0,3.0,1.0,sector 65,6.0,1.0,0.0,0.0,0.0,0.0,0.0,0.0,0.0,1.0,0.0,0.0,0.0,0.0,1.0,0.0,0.0,0.0,0.0,0.0,carpet,low,new,emaar mgf emerald floors premier,gurgaon,3.893
190.17,3.0,3.0,3.0,1.0,sector 67,10.0,1.0,0.0,0.0,1.0,0.0,1.0,0.0,1.0,1.0,0.0,0.0,0.0,0.0,1.0,0.0,0.0,1.0,0.0,0.0,super built up,high,new,m3m merlin,gurgaon,5.066
159.79,3.0,3.0,3.0,1.0,sector 83,10.0,0.0,0.0,0.0,1.0,0.0,0.0,0.0,0.0,0.0,0.0,0.0,0.0,0.0,0.0,0.0,0.0,0.0,0.0,0.0,super built up,mid,new,emaar palm gardens,gurgaon,2.295
139.35,3.0,3.0,3.0,1.0,sector 56,46.0,1.0,0.0,0.0,0.0,1.0,1.0,1.0,0.0,0.0,0.0,1.0,0.0,1.0,0.0,1.0,1.0,0.0,0.0,1.0,super built up,low,old,shri banke bihari society,gurgaon,2.329
185.81,3.0,3.0,3.0,1.0,sector 56,44.0,1.0,0.0,0.0,0.0,1.0,1.0,1.0,1.0,0.0,0.0,1.0,0.0,1.0,0.0,1.0,0.0,0.0,0.0,1.0,super built up,mid,old,kiran residency,gurgaon,2.635
297.29,3.0,4.0,3.0,1.0,sector 24,42.0,1.0,0.0,0.0,0.0,0.0,0.0,1.0,0.0,0.0,0.0,1.0,0.0,0.0,0.0,1.0,0.0,0.0,0.0,1.0,super built up,low,old,ambience lagoon,gurgaon,7.225
174.38,3.0,3.0,3.0,1.0,sector 82,10.0,1.0,0.0,0.0,1.0,0.0,1.0,0.0,1.0,1.0,0.0,0.0,0.0,0.0,0.0,0.0,0.0,0.0,1.0,0.0,super built up,low,new,vatika the seven lamps,gurgaon,2.176
172.06,3.0,3.0,3.0,1.0,sector 102,13.0,1.0,0.0,0.0,1.0,1.0,0.0,0.0,1.0,1.0,0.0,0.0,1.0,0.0,1.0,0.0,0.0,1.0,0.0,0.0,super built up,high,new,shapoorji pallonji joyville gurugram,gurgaon,3.315
247.12,3.0,4.0,3.0,1.0,sector 81,9.0,0.0,0.0,0.0,1.0,0.0,0.0,0.0,1.0,0.0,0.0,0.0,1.0,0.0,0.0,0.0,0.0,0.0,0.0,0.0,super built up,mid,new,bestech park view grand spa,gurgaon,3.995
276.76,3.0,3.0,3.0,1.0,sector 65,9.0,1.0,0.0,0.0,1.0,0.0,1.0,0.0,1.0,1.0,0.0,1.0,0.0,0.0,1.0,0.0,1.0,0.0,0.0,0.0,super built up,high,new,m3m golfestate,gurgaon,8.5
168.62,3.0,3.0,1.0,1.0,sector 37,8.0,1.0,0.0,0.0,1.0,1.0,0.0,0.0,1.0,0.0,0.0,0.0,1.0,0.0,0.0,0.0,0.0,0.0,0.0,0.0,super built up,high,new,imperia the esfera,gurgaon,1.683
253.35,4.0,4.0,3.0,1.0,sector 90,6.0,1.0,0.0,0.0,0.0,0.0,0.0,0.0,1.0,1.0,0.0,0.0,0.0,0.0,1.0,0.0,0.0,0.0,0.0,0.0,super built up,high,new,dlf new town heights 1,gurgaon,3.315
322.37,4.0,5.0,3.0,1.0,sector 81,9.0,0.0,0.0,0.0,1.0,0.0,0.0,0.0,1.0,0.0,0.0,0.0,1.0,0.0,0.0,0.0,0.0,0.0,0.0,0.0,super built up,mid,new,bestech park view grand spa,gurgaon,5.609999999999999
316.8,4.0,4.0,3.0,1.0,sector 67,11.0,1.0,0.0,0.0,1.0,0.0,1.0,0.0,1.0,1.0,0.0,0.0,0.0,0.0,1.0,0.0,0.0,0.0,0.0,0.0,super built up,high,new,ireo victory valley,gurgaon,8.075
130.06,2.0,2.0,3.0,1.0,sector 74,7.0,1.0,0.0,0.0,1.0,0.0,1.0,0.0,1.0,1.0,0.0,0.0,1.0,0.0,0.0,0.0,0.0,0.0,0.0,0.0,super built up,high,new,m3m skywalk,gurgaon,2.55
219.62,4.0,4.0,3.0,1.0,sector 90,6.0,1.0,0.0,0.0,0.0,0.0,0.0,0.0,1.0,1.0,0.0,0.0,0.0,0.0,1.0,0.0,0.0,0.0,0.0,0.0,super built up,high,old,dlf new town heights 1,gurgaon,2.618
179.3,3.0,4.0,3.0,1.0,sector 86,15.0,1.0,0.0,0.0,0.0,0.0,0.0,1.0,1.0,1.0,0.0,0.0,0.0,0.0,0.0,0.0,0.0,0.0,0.0,0.0,super built up,high,new,dlf new town heights 2,gurgaon,2.159
162.02,3.0,3.0,3.0,0.0,sector 90,14.0,0.0,0.0,0.0,0.0,1.0,0.0,0.0,0.0,0.0,0.0,0.0,0.0,0.0,0.0,0.0,0.0,0.0,0.0,0.0,super built up,high,new,dlf regal gardens,gurgaon,1.9889999999999999
168.9,3.0,3.0,3.0,1.0,sector 82,7.0,1.0,0.0,0.0,0.0,0.0,0.0,0.0,0.0,1.0,0.0,0.0,0.0,0.0,0.0,0.0,0.0,0.0,0.0,0.0,super built up,high,new,dlf the primus,gurgaon,3.06
126.44,2.0,2.0,3.0,1.0,sector 103,18.0,1.0,0.0,0.0,0.0,0.0,0.0,1.0,0.0,0.0,1.0,0.0,0.0,0.0,0.0,0.0,0.0,0.0,0.0,1.0,super built up,low,new,ansal housing highland park,gurgaon,1.36
165.0,3.0,3.0,3.0,1.0,sector 48,15.0,1.0,1.0,0.0,1.0,0.0,1.0,1.0,1.0,1.0,0.0,1.0,0.0,1.0,0.0,1.0,0.0,0.0,0.0,0.0,super built up,high,old,bestech park view city,gurgaon,2.992
199.65,3.0,4.0,3.0,1.0,sector 102,15.0,0.0,0.0,0.0,1.0,0.0,1.0,0.0,1.0,1.0,1.0,1.0,1.0,0.0,1.0,0.0,0.0,0.0,1.0,0.0,super built up,high,new,conscient heritage max,gurgaon,3.774
106.84,2.0,2.0,3.0,1.0,sector 28,45.0,1.0,0.0,0.0,0.0,1.0,0.0,1.0,1.0,0.0,0.0,1.0,0.0,1.0,0.0,1.0,0.0,0.0,0.0,1.0,super built up,high,old,dlf regency park 1,gurgaon,2.108
146.04,2.0,2.0,3.0,1.0,sector 79,10.0,0.0,0.0,0.0,0.0,0.0,0.0,0.0,1.0,1.0,0.0,0.0,0.0,0.0,0.0,0.0,0.0,0.0,1.0,0.0,super built up,mid,new,godrej 101,gurgaon,1.9040000000000001
175.49,3.0,4.0,3.0,1.0,sector 102,11.0,1.0,0.0,0.0,1.0,0.0,1.0,0.0,1.0,1.0,0.0,0.0,1.0,0.0,1.0,0.0,0.0,0.0,0.0,0.0,super built up,high,new,adani m2k oyster grande,gurgaon,3.23
106.84,2.0,2.0,2.0,1.0,sector 28,45.0,1.0,0.0,0.0,0.0,1.0,0.0,1.0,1.0,0.0,0.0,1.0,0.0,1.0,0.0,1.0,0.0,0.0,0.0,1.0,super built up,high,old,dlf regency park 1,gurgaon,2.295
194.63,3.0,3.0,3.0,1.0,sector 109,15.0,0.0,0.0,0.0,0.0,1.0,0.0,1.0,1.0,1.0,0.0,0.0,0.0,1.0,0.0,1.0,0.0,1.0,1.0,0.0,super built up,high,new,ats kocoon,gurgaon,3.774
119.19,2.0,3.0,3.0,1.0,sector 108,9.0,1.0,0.0,0.0,1.0,0.0,1.0,0.0,1.0,1.0,0.0,0.0,1.0,0.0,0.0,0.0,0.0,0.0,0.0,0.0,super built up,mid,new,experion the heartsong,gurgaon,1.53
199.74,3.0,4.0,3.0,1.0,sector 109,11.0,1.0,0.0,0.0,1.0,0.0,0.0,0.0,1.0,1.0,0.0,1.0,1.0,0.0,0.0,0.0,0.0,0.0,1.0,0.0,super built up,low,new,ats tourmaline,gurgaon,2.975
127.74,2.0,2.0,2.0,1.0,sector 85,5.0,0.0,0.0,0.0,0.0,0.0,0.0,0.0,0.0,1.0,0.0,1.0,1.0,0.0,0.0,0.0,0.0,0.0,0.0,0.0,super built up,mid,new,orris aster court,gurgaon,1.139
226.31,3.0,3.0,3.0,1.0,sector 67,11.0,1.0,0.0,0.0,1.0,0.0,1.0,0.0,1.0,1.0,0.0,0.0,0.0,0.0,1.0,0.0,0.0,0.0,0.0,0.0,super built up,high,old,ireo victory valley,gurgaon,5.015000000000001
166.76,3.0,3.0,3.0,1.0,sector 61,14.0,1.0,0.0,0.0,0.0,0.0,1.0,0.0,1.0,1.0,0.0,1.0,0.0,0.0,1.0,0.0,0.0,1.0,0.0,0.0,super built up,high,old,pioneer park,gurgaon,3.468
319.03,4.0,4.0,3.0,1.0,sector 84,10.0,1.0,0.0,0.0,1.0,1.0,1.0,1.0,1.0,0.0,0.0,0.0,0.0,0.0,0.0,0.0,0.0,0.0,0.0,0.0,super built up,high,new,alpha corp gurgaonone 84,gurgaon,3.8080000000000003
150.22,2.0,2.0,3.0,1.0,sector 88,14.0,0.0,0.0,0.0,0.0,0.0,0.0,0.0,1.0,0.0,0.0,0.0,0.0,0.0,0.0,0.0,0.0,0.0,0.0,0.0,super built up,low,new,godrej icon,gurgaon,2.227
129.6,3.0,3.0,3.0,1.0,sector 65,8.0,1.0,0.0,0.0,1.0,0.0,0.0,0.0,1.0,1.0,0.0,1.0,0.0,0.0,0.0,0.0,0.0,1.0,0.0,0.0,super built up,mid,new,emaar mgf emerald estate,gurgaon,2.8899999999999997
148.64,3.0,3.0,2.0,1.0,sector 83,10.0,0.0,0.0,0.0,1.0,0.0,0.0,0.0,1.0,1.0,0.0,1.0,1.0,0.0,0.0,0.0,0.0,0.0,0.0,0.0,carpet,high,new,vatika gurgaon 21,gurgaon,2.0229999999999997
188.13,3.0,3.0,3.0,1.0,sector 77,5.0,0.0,0.0,0.0,0.0,0.0,0.0,0.0,1.0,0.0,0.0,0.0,0.0,0.0,0.0,0.0,0.0,0.0,0.0,0.0,super built up,high,new,emaar palm heights,gurgaon,2.975
161.19,3.0,3.0,2.0,0.0,sector 83,10.0,0.0,0.0,0.0,1.0,0.0,0.0,0.0,1.0,1.0,0.0,1.0,1.0,0.0,0.0,0.0,0.0,0.0,0.0,0.0,super built up,high,old,vatika gurgaon 21,gurgaon,1.9040000000000001
212.47,3.0,3.0,3.0,1.0,sector 1,10.0,1.0,0.0,0.0,0.0,0.0,0.0,0.0,0.0,0.0,0.0,0.0,0.0,1.0,0.0,0.0,0.0,0.0,0.0,1.0,super built up,high,old,green campus chs,manesar,1.564
212.47,3.0,3.0,3.0,1.0,sector 1,10.0,1.0,0.0,0.0,0.0,0.0,0.0,0.0,0.0,0.0,0.0,0.0,0.0,1.0,0.0,0.0,0.0,0.0,0.0,1.0,super built up,mid,old,green campus chs,manesar,1.53
227.61,3.0,4.0,3.0,1.0,sector 104,13.0,1.0,0.0,0.0,1.0,0.0,1.0,0.0,1.0,1.0,1.0,1.0,1.0,0.0,1.0,0.0,0.0,0.0,0.0,0.0,super built up,high,old,puri emerald bay,gurgaon,3.9099999999999997
157.94,2.0,3.0,3.0,1.0,sector 104,13.0,1.0,0.0,0.0,1.0,0.0,1.0,0.0,1.0,1.0,1.0,1.0,1.0,0.0,1.0,0.0,0.0,0.0,0.0,0.0,super built up,high,new,puri emerald bay,gurgaon,2.686
360.46,5.0,5.0,3.0,1.0,sector 110,15.0,1.0,0.0,0.0,1.0,1.0,0.0,0.0,1.0,1.0,1.0,1.0,1.0,0.0,0.0,0.0,0.0,0.0,0.0,0.0,super built up,mid,new,indiabulls enigma,gurgaon,7.225
196.95,3.0,4.0,3.0,1.0,sector 92,11.0,1.0,0.0,0.0,1.0,0.0,1.0,0.0,1.0,1.0,0.0,0.0,1.0,0.0,1.0,0.0,0.0,0.0,0.0,0.0,super built up,high,new,bestech park view sanskruti,gurgaon,2.856
290.79,4.0,4.0,3.0,1.0,sector 67,11.0,1.0,0.0,0.0,1.0,0.0,1.0,0.0,1.0,1.0,0.0,0.0,0.0,0.0,1.0,0.0,0.0,0.0,0.0,0.0,super built up,high,new,ireo victory valley,gurgaon,7.734999999999999
218.32,4.0,4.0,3.0,1.0,sector 67,11.0,0.0,0.0,0.0,1.0,0.0,0.0,0.0,1.0,0.0,0.0,0.0,0.0,0.0,0.0,0.0,0.0,0.0,0.0,0.0,super built up,mid,old,bestech park view spa next,gurgaon,4.845
179.77,3.0,4.0,3.0,1.0,sector 67,11.0,0.0,0.0,0.0,1.0,0.0,0.0,0.0,1.0,0.0,0.0,0.0,0.0,0.0,0.0,0.0,0.0,0.0,0.0,0.0,super built up,high,old,bestech park view spa next,gurgaon,3.995
194.35,3.0,4.0,3.0,1.0,sector 81,9.0,1.0,0.0,0.0,0.0,0.0,0.0,0.0,1.0,1.0,0.0,1.0,0.0,0.0,0.0,0.0,0.0,0.0,0.0,0.0,super built up,mid,new,dlf the ultima,gurgaon,3.9099999999999997
195.1,3.0,4.0,3.0,1.0,sector 81,9.0,1.0,0.0,0.0,0.0,0.0,0.0,0.0,1.0,1.0,0.0,1.0,0.0,0.0,0.0,0.0,0.0,0.0,0.0,0.0,super built up,high,new,dlf the ultima,gurgaon,3.8419999999999996
287.07,3.0,4.0,3.0,1.0,sector 22,14.0,1.0,0.0,0.0,1.0,0.0,1.0,0.0,1.0,1.0,1.0,0.0,1.0,0.0,0.0,0.0,0.0,0.0,0.0,0.0,super built up,mid,new,ambience creacions,gurgaon,8.126
222.97,4.0,5.0,3.0,1.0,sector 70,10.0,1.0,0.0,0.0,1.0,0.0,1.0,0.0,1.0,1.0,0.0,0.0,0.0,0.0,1.0,0.0,0.0,0.0,0.0,0.0,super built up,mid,old,tulip ivory,gurgaon,3.4
260.13,4.0,4.0,3.0,1.0,sector 60,7.0,1.0,0.0,0.0,0.0,0.0,1.0,0.0,1.0,1.0,0.0,1.0,0.0,0.0,0.0,0.0,0.0,0.0,0.0,0.0,super built up,high,new,ireo skyon,gurgaon,6.375
278.71,4.0,5.0,3.0,1.0,sector 22,14.0,1.0,0.0,0.0,1.0,0.0,1.0,0.0,1.0,1.0,1.0,0.0,1.0,0.0,0.0,0.0,0.0,0.0,0.0,0.0,carpet,high,new,ambience creacions,gurgaon,10.472
264.77,3.0,3.0,3.0,1.0,sector 65,9.0,1.0,0.0,0.0,1.0,0.0,1.0,0.0,1.0,1.0,0.0,1.0,0.0,0.0,1.0,0.0,1.0,0.0,0.0,0.0,super built up,high,old,m3m golfestate,gurgaon,9.01
124.68,2.0,2.0,2.0,1.0,sector 77,10.0,1.0,0.0,0.0,1.0,0.0,1.0,0.0,1.0,1.0,0.0,0.0,1.0,0.0,0.0,0.0,0.0,0.0,0.0,0.0,super built up,high,new,umang winter hills,gurgaon,1.275
138.43,3.0,3.0,3.0,1.0,sector 79,9.0,0.0,0.0,0.0,1.0,0.0,0.0,0.0,1.0,1.0,0.0,1.0,1.0,0.0,0.0,0.0,0.0,0.0,0.0,0.0,super built up,high,new,mapsko mount ville,gurgaon,2.125
219.81,3.0,4.0,3.0,1.0,sector 79,10.0,0.0,0.0,0.0,0.0,0.0,0.0,0.0,1.0,1.0,0.0,0.0,0.0,0.0,0.0,0.0,0.0,0.0,1.0,0.0,super built up,high,new,godrej 101,gurgaon,3.4
138.43,3.0,3.0,3.0,1.0,sector 79,9.0,0.0,0.0,0.0,1.0,0.0,0.0,0.0,1.0,1.0,0.0,1.0,1.0,0.0,0.0,0.0,0.0,0.0,0.0,0.0,super built up,high,new,mapsko mount ville,gurgaon,2.21
185.81,3.0,4.0,3.0,1.0,sector 39,47.0,1.0,0.0,0.0,0.0,0.0,0.0,1.0,0.0,0.0,0.0,0.0,0.0,0.0,0.0,0.0,1.0,0.0,0.0,0.0,carpet,low,old,city heights,gurgaon,2.975
297.29,5.0,4.0,3.0,1.0,sector 39,47.0,1.0,0.0,0.0,0.0,0.0,0.0,1.0,0.0,0.0,0.0,0.0,0.0,0.0,0.0,0.0,1.0,0.0,0.0,0.0,carpet,high,old,kw royal court,gurgaon,3.4
181.16,3.0,3.0,3.0,1.0,sector 70,15.0,1.0,0.0,0.0,1.0,0.0,1.0,1.0,0.0,0.0,0.0,0.0,0.0,1.0,0.0,0.0,0.0,0.0,0.0,0.0,super built up,mid,new,shree vardhman victoria,gurgaon,3.026
142.51,2.0,2.0,3.0,1.0,sector 84,10.0,1.0,0.0,0.0,1.0,1.0,1.0,1.0,1.0,0.0,0.0,0.0,0.0,0.0,0.0,0.0,0.0,0.0,0.0,0.0,super built up,high,new,alpha corp gurgaonone 84,gurgaon,1.9549999999999998
195.1,3.0,3.0,3.0,1.0,sector 47,43.0,1.0,0.0,0.0,0.0,0.0,0.0,1.0,0.0,0.0,0.0,0.0,0.0,0.0,0.0,0.0,1.0,0.0,0.0,0.0,super built up,low,old,cghs airport apartment,gurgaon,2.8049999999999997
28.06,1.0,1.0,1.0,0.0,sector 92,4.0,1.0,0.0,0.0,0.0,0.0,0.0,0.0,1.0,0.0,0.0,0.0,0.0,0.0,1.0,0.0,0.0,0.0,0.0,0.0,carpet,high,new,gls avenue 51,gurgaon,0.357
185.81,3.0,4.0,3.0,1.0,sector 43,45.0,1.0,0.0,0.0,0.0,1.0,0.0,1.0,1.0,0.0,0.0,1.0,0.0,1.0,0.0,1.0,0.0,0.0,0.0,1.0,carpet,mid,old,kamroon court,gurgaon,4.675
218.32,4.0,4.0,3.0,1.0,sector 67,11.0,0.0,0.0,0.0,1.0,0.0,0.0,0.0,1.0,0.0,0.0,0.0,0.0,0.0,0.0,0.0,0.0,0.0,0.0,0.0,super built up,high,new,bestech park view spa next,gurgaon,4.6240000000000006
193.8,3.0,4.0,3.0,1.0,sector 47,42.0,1.0,0.0,0.0,0.0,0.0,1.0,1.0,0.0,0.0,0.0,0.0,0.0,0.0,0.0,0.0,0.0,0.0,0.0,0.0,super built up,high,old,unitech uniworld gardens,gurgaon,4.08
236.9,3.0,3.0,3.0,1.0,sector 72,10.0,1.0,0.0,0.0,0.0,0.0,1.0,0.0,1.0,0.0,0.0,1.0,0.0,0.0,1.0,0.0,0.0,0.0,0.0,0.0,super built up,high,old,tata primanti,gurgaon,6.969999999999999
167.41,3.0,4.0,3.0,1.0,sector 71,15.0,1.0,1.0,0.0,0.0,0.0,1.0,1.0,0.0,1.0,0.0,0.0,0.0,0.0,1.0,0.0,1.0,0.0,0.0,0.0,super built up,high,old,chd avenue 71,gurgaon,1.9040000000000001
125.42,2.0,2.0,3.0,1.0,sector 90,10.0,1.0,0.0,0.0,1.0,0.0,1.0,0.0,1.0,1.0,0.0,0.0,1.0,0.0,1.0,0.0,0.0,0.0,0.0,0.0,super built up,high,old,shree vardhman flora,gurgaon,1.105
929.03,5.0,6.0,3.0,1.0,sector 2,14.0,0.0,0.0,0.0,0.0,0.0,0.0,0.0,1.0,0.0,0.0,0.0,0.0,0.0,0.0,0.0,0.0,0.0,0.0,1.0,super built up,high,new,krrish provence estate,gurgaon,12.75
288.0,4.0,5.0,3.0,1.0,sector 54,13.0,0.0,0.0,0.0,1.0,0.0,0.0,0.0,1.0,0.0,0.0,1.0,0.0,0.0,0.0,0.0,0.0,0.0,0.0,0.0,carpet,mid,new,dlf the crest,gurgaon,18.7
158.12,3.0,3.0,3.0,1.0,sector 90,14.0,0.0,0.0,0.0,0.0,1.0,0.0,0.0,0.0,0.0,0.0,0.0,0.0,0.0,0.0,0.0,0.0,0.0,0.0,0.0,super built up,mid,new,dlf regal gardens,gurgaon,2.142
205.78,4.0,4.0,3.0,0.0,sector 90,14.0,0.0,0.0,0.0,0.0,1.0,0.0,0.0,0.0,0.0,0.0,0.0,0.0,0.0,0.0,0.0,0.0,0.0,0.0,0.0,super built up,mid,old,dlf regal gardens,gurgaon,3.06
312.43,3.0,3.0,3.0,1.0,sector 65,9.0,1.0,0.0,0.0,1.0,0.0,1.0,0.0,1.0,1.0,0.0,1.0,0.0,0.0,1.0,0.0,1.0,0.0,0.0,0.0,super built up,high,new,m3m golfestate,gurgaon,10.030000000000001
221.39,4.0,4.0,3.0,1.0,sector 49,15.0,1.0,0.0,0.0,1.0,0.0,1.0,0.0,1.0,1.0,0.0,1.0,1.0,0.0,1.0,0.0,0.0,1.0,0.0,0.0,super built up,mid,old,bestech park view city 2,gurgaon,4.93
179.21,3.0,3.0,3.0,1.0,sector 86,10.0,0.0,0.0,0.0,1.0,0.0,0.0,0.0,1.0,1.0,0.0,0.0,0.0,0.0,1.0,0.0,0.0,0.0,0.0,0.0,super built up,high,new,dlf the skycourt,gurgaon,2.703
198.07,3.0,3.0,3.0,1.0,sector 81,9.0,1.0,0.0,0.0,0.0,0.0,0.0,0.0,1.0,1.0,0.0,1.0,0.0,0.0,0.0,0.0,0.0,0.0,0.0,0.0,super built up,low,new,dlf the ultima,gurgaon,3.7569999999999997
176.52,3.0,3.0,3.0,1.0,sector 83,10.0,0.0,0.0,0.0,1.0,0.0,0.0,0.0,0.0,0.0,0.0,0.0,0.0,0.0,0.0,0.0,0.0,0.0,0.0,0.0,super built up,mid,new,emaar palm gardens,gurgaon,2.516
119.19,2.0,3.0,3.0,1.0,sector 108,9.0,1.0,0.0,0.0,1.0,0.0,1.0,0.0,1.0,1.0,0.0,0.0,1.0,0.0,0.0,0.0,0.0,0.0,0.0,0.0,super built up,mid,new,experion the heartsong,gurgaon,1.666
172.06,3.0,3.0,3.0,0.0,sector 102,13.0,1.0,0.0,0.0,1.0,1.0,0.0,0.0,1.0,1.0,0.0,0.0,1.0,0.0,1.0,0.0,0.0,1.0,0.0,0.0,super built up,low,new,shapoorji pallonji joyville gurugram,gurgaon,3.468
237.83,4.0,5.0,3.0,1.0,sector 85,15.0,1.0,0.0,0.0,1.0,0.0,0.0,0.0,1.0,1.0,0.0,1.0,0.0,0.0,0.0,0.0,1.0,0.0,0.0,0.0,super built up,mid,new,orris aster court premier,gurgaon,2.55
237.83,4.0,5.0,3.0,1.0,sector 85,15.0,1.0,0.0,0.0,1.0,0.0,0.0,0.0,1.0,1.0,0.0,1.0,0.0,0.0,0.0,0.0,1.0,0.0,0.0,0.0,super built up,high,new,orris aster court premier,gurgaon,2.533
196.95,3.0,4.0,2.0,1.0,sector 85,15.0,1.0,0.0,0.0,1.0,0.0,0.0,0.0,1.0,1.0,0.0,1.0,0.0,0.0,0.0,0.0,1.0,0.0,0.0,0.0,super built up,mid,new,orris aster court premier,gurgaon,2.04
181.16,3.0,4.0,3.0,1.0,sector 90,10.0,1.0,0.0,0.0,1.0,0.0,1.0,0.0,1.0,1.0,0.0,0.0,1.0,0.0,1.0,0.0,0.0,0.0,0.0,0.0,super built up,high,new,shree vardhman flora,gurgaon,1.462
183.48,4.0,4.0,3.0,0.0,sector 85,8.0,1.0,0.0,0.0,1.0,0.0,1.0,0.0,1.0,0.0,0.0,0.0,0.0,0.0,0.0,0.0,0.0,0.0,0.0,0.0,super built up,high,old,orris carnation residency,gurgaon,1.53
182.55,3.0,4.0,3.0,1.0,sector 95,5.0,0.0,0.0,0.0,0.0,0.0,0.0,0.0,0.0,1.0,0.0,1.0,1.0,0.0,0.0,0.0,0.0,0.0,0.0,0.0,super built up,mid,new,saan verdante,gurgaon,3.4
186.74,4.0,4.0,2.0,0.0,sector 69,10.0,1.0,0.0,0.0,1.0,0.0,1.0,0.0,1.0,1.0,0.0,0.0,0.0,0.0,1.0,0.0,0.0,0.0,0.0,0.0,super built up,high,new,tulip violet,gurgaon,3.145
227.61,3.0,4.0,3.0,1.0,sector 104,13.0,1.0,0.0,0.0,1.0,0.0,1.0,0.0,1.0,1.0,1.0,1.0,1.0,0.0,1.0,0.0,0.0,0.0,0.0,0.0,super built up,high,new,puri emerald bay,gurgaon,4.505
153.29,3.0,3.0,3.0,1.0,sector 102,10.0,1.0,0.0,0.0,1.0,0.0,1.0,0.0,1.0,1.0,0.0,0.0,1.0,0.0,0.0,0.0,0.0,0.0,0.0,0.0,super built up,mid,new,emaar gurgaon greens,gurgaon,2.55
162.12,3.0,3.0,3.0,1.0,sector 109,15.0,0.0,0.0,0.0,0.0,1.0,0.0,1.0,1.0,1.0,0.0,0.0,0.0,1.0,0.0,1.0,0.0,1.0,1.0,0.0,super built up,high,new,ats kocoon,gurgaon,2.975
144.0,2.0,2.0,2.0,0.0,sector 104,13.0,1.0,0.0,0.0,1.0,0.0,1.0,0.0,1.0,1.0,1.0,1.0,1.0,0.0,1.0,0.0,0.0,0.0,0.0,0.0,super built up,high,new,puri emerald bay,gurgaon,2.244
122.63,2.0,2.0,2.0,1.0,sector 83,15.0,1.0,0.0,0.0,0.0,0.0,0.0,0.0,1.0,0.0,0.0,0.0,0.0,1.0,0.0,0.0,0.0,0.0,0.0,0.0,super built up,high,old,vatika city homes,gurgaon,1.36
163.32,3.0,2.0,3.0,1.0,sector 108,9.0,1.0,0.0,0.0,1.0,0.0,1.0,0.0,1.0,1.0,0.0,0.0,1.0,0.0,0.0,0.0,0.0,0.0,0.0,0.0,super built up,high,new,experion the heartsong,gurgaon,2.04
402.92,4.0,4.0,3.0,1.0,sector 62,12.0,1.0,0.0,0.0,1.0,0.0,1.0,0.0,1.0,1.0,0.0,0.0,0.0,0.0,1.0,0.0,0.0,1.0,0.0,0.0,super built up,low,old,pioneer urban presidia,gurgaon,11.049999999999999
163.51,3.0,4.0,3.0,1.0,sector 106,11.0,1.0,0.0,0.0,1.0,0.0,1.0,0.0,1.0,1.0,0.0,1.0,1.0,0.0,1.0,0.0,0.0,0.0,0.0,0.0,super built up,high,new,paras dews,gurgaon,1.9889999999999999
176.52,3.0,4.0,3.0,1.0,sector 106,11.0,1.0,0.0,0.0,1.0,0.0,1.0,0.0,1.0,1.0,0.0,1.0,1.0,0.0,1.0,0.0,0.0,0.0,0.0,0.0,super built up,mid,new,paras dews,gurgaon,1.9549999999999998
205.97,3.0,3.0,3.0,1.0,sector 113,8.0,1.0,0.0,0.0,1.0,0.0,0.0,0.0,1.0,0.0,0.0,0.0,1.0,0.0,0.0,0.0,0.0,0.0,0.0,0.0,super built up,high,new,la vida by tata housing,gurgaon,4.216
139.35,3.0,3.0,3.0,1.0,sector 56,46.0,1.0,0.0,0.0,0.0,1.0,1.0,1.0,0.0,0.0,0.0,1.0,0.0,1.0,0.0,1.0,1.0,0.0,0.0,1.0,super built up,mid,old,shri banke bihari society,gurgaon,2.295
123.1,2.0,2.0,3.0,1.0,sector 103,15.0,1.0,0.0,0.0,1.0,1.0,1.0,0.0,1.0,1.0,1.0,1.0,1.0,0.0,1.0,0.0,0.0,0.0,0.0,0.0,super built up,high,new,indiabulls centrum park,gurgaon,1.9549999999999998
186.08,3.0,4.0,2.0,0.0,sector 108,13.0,1.0,0.0,0.0,0.0,0.0,1.0,0.0,1.0,1.0,0.0,0.0,1.0,0.0,0.0,0.0,0.0,0.0,1.0,0.0,super built up,high,new,sobha city,gurgaon,5.015000000000001
219.07,3.0,4.0,3.0,1.0,sector 67,10.0,1.0,0.0,0.0,1.0,0.0,1.0,0.0,1.0,1.0,0.0,0.0,0.0,0.0,1.0,0.0,0.0,1.0,0.0,0.0,super built up,high,new,m3m merlin,gurgaon,5.779999999999999
190.27,3.0,3.0,3.0,1.0,sector 67,10.0,1.0,0.0,0.0,1.0,0.0,1.0,0.0,1.0,1.0,0.0,0.0,0.0,0.0,1.0,0.0,0.0,1.0,0.0,0.0,super built up,low,new,m3m merlin,gurgaon,4.76
194.63,3.0,4.0,3.0,1.0,sector 109,15.0,0.0,0.0,0.0,0.0,1.0,0.0,1.0,1.0,1.0,0.0,0.0,0.0,1.0,0.0,1.0,0.0,1.0,1.0,0.0,super built up,high,new,ats kocoon,gurgaon,3.655
157.19,3.0,3.0,3.0,0.0,sector 102,13.0,1.0,0.0,0.0,1.0,1.0,0.0,0.0,1.0,1.0,0.0,0.0,1.0,0.0,1.0,0.0,0.0,1.0,0.0,0.0,super built up,low,new,shapoorji pallonji joyville gurugram,gurgaon,2.992
274.06,4.0,5.0,3.0,1.0,sector 111,10.0,1.0,0.0,0.0,1.0,0.0,0.0,0.0,1.0,1.0,0.0,1.0,1.0,0.0,0.0,0.0,0.0,0.0,0.0,0.0,super built up,high,new,puri diplomatic greens,gurgaon,5.865
311.23,4.0,5.0,3.0,1.0,sector 110,15.0,1.0,0.0,0.0,1.0,1.0,0.0,0.0,1.0,1.0,1.0,1.0,1.0,0.0,0.0,0.0,0.0,0.0,0.0,0.0,super built up,mid,new,indiabulls enigma,gurgaon,5.609999999999999
212.75,3.0,4.0,3.0,1.0,sector 104,13.0,1.0,0.0,0.0,1.0,0.0,1.0,0.0,1.0,1.0,0.0,1.0,1.0,0.0,1.0,0.0,1.0,0.0,0.0,0.0,super built up,high,new,ats triumph,gurgaon,2.975
292.64,4.0,4.0,3.0,1.0,sector 104,13.0,1.0,0.0,0.0,1.0,0.0,1.0,0.0,1.0,1.0,0.0,1.0,1.0,0.0,1.0,0.0,1.0,0.0,0.0,0.0,super built up,high,new,ats triumph,gurgaon,4.726
218.79,4.0,6.0,3.0,1.0,sector 106,11.0,1.0,0.0,0.0,1.0,0.0,1.0,0.0,1.0,1.0,0.0,1.0,1.0,0.0,1.0,0.0,0.0,0.0,0.0,0.0,super built up,high,new,paras dews,gurgaon,2.4139999999999997
200.86,4.0,4.0,3.0,0.0,sector 102,13.0,1.0,0.0,0.0,1.0,1.0,0.0,0.0,1.0,1.0,0.0,0.0,1.0,0.0,1.0,0.0,0.0,1.0,0.0,0.0,super built up,high,new,shapoorji pallonji joyville gurugram,gurgaon,4.08
258.18,4.0,5.0,3.0,0.0,sector 108,9.0,1.0,0.0,0.0,1.0,0.0,1.0,0.0,1.0,1.0,0.0,0.0,1.0,0.0,0.0,0.0,0.0,0.0,0.0,0.0,super built up,high,new,experion the heartsong,gurgaon,3.8759999999999994
128.3,2.0,2.0,2.0,0.0,sector 108,13.0,1.0,0.0,0.0,0.0,0.0,1.0,0.0,1.0,1.0,0.0,0.0,1.0,0.0,0.0,0.0,0.0,0.0,1.0,0.0,super built up,high,new,sobha city,gurgaon,3.23
192.5,3.0,3.0,3.0,0.0,sector 108,13.0,1.0,0.0,0.0,0.0,0.0,1.0,0.0,1.0,1.0,0.0,0.0,1.0,0.0,0.0,0.0,0.0,0.0,1.0,0.0,super built up,high,new,sobha city,gurgaon,5.5249999999999995
236.44,3.0,3.0,3.0,1.0,sector 109,12.0,1.0,0.0,0.0,0.0,0.0,0.0,0.0,0.0,0.0,1.0,0.0,0.0,0.0,0.0,0.0,0.0,0.0,0.0,0.0,super built up,high,new,sbtl caladium,gurgaon,2.72
603.87,4.0,5.0,3.0,0.0,sector 104,13.0,1.0,0.0,0.0,1.0,0.0,1.0,0.0,1.0,1.0,0.0,1.0,1.0,0.0,1.0,0.0,1.0,0.0,0.0,0.0,carpet,high,new,ats triumph,gurgaon,7.565
126.91,2.0,2.0,3.0,0.0,sector 107,6.0,0.0,0.0,0.0,0.0,0.0,0.0,0.0,1.0,1.0,0.0,0.0,0.0,0.0,0.0,0.0,0.0,0.0,0.0,0.0,super built up,mid,new,m3m woodshire,gurgaon,1.394
59.92,3.0,2.0,2.0,1.0,sector 107,10.0,0.0,0.0,0.0,1.0,0.0,0.0,0.0,1.0,0.0,0.0,0.0,1.0,0.0,0.0,0.0,0.0,0.0,0.0,0.0,carpet,mid,new,signature global solera,gurgaon,0.85
59.92,3.0,2.0,2.0,1.0,sector 107,10.0,0.0,0.0,0.0,1.0,0.0,0.0,0.0,1.0,0.0,0.0,0.0,1.0,0.0,0.0,0.0,0.0,0.0,0.0,0.0,carpet,mid,new,signature global solera,gurgaon,0.884
45.43,2.0,2.0,2.0,0.0,sector 107,10.0,0.0,0.0,0.0,1.0,0.0,0.0,0.0,1.0,0.0,0.0,0.0,1.0,0.0,0.0,0.0,0.0,0.0,0.0,0.0,carpet,mid,new,signature global solera,gurgaon,0.47600000000000003
45.43,2.0,2.0,2.0,0.0,sector 107,10.0,0.0,0.0,0.0,1.0,0.0,0.0,0.0,1.0,0.0,0.0,0.0,1.0,0.0,0.0,0.0,0.0,0.0,0.0,0.0,carpet,low,new,signature global solera,gurgaon,0.49299999999999994
97.55,2.0,2.0,3.0,1.0,sector 108,9.0,1.0,0.0,0.0,1.0,0.0,1.0,0.0,1.0,1.0,0.0,0.0,1.0,0.0,0.0,0.0,0.0,0.0,0.0,0.0,carpet,high,new,experion the heartsong,gurgaon,1.649
126.91,2.0,2.0,3.0,0.0,sector 107,6.0,0.0,0.0,0.0,0.0,0.0,0.0,0.0,1.0,1.0,0.0,0.0,0.0,0.0,0.0,0.0,0.0,0.0,0.0,0.0,super built up,mid,new,m3m woodshire,gurgaon,1.36
153.29,3.0,3.0,3.0,1.0,sector 102,10.0,1.0,0.0,0.0,1.0,0.0,1.0,0.0,1.0,1.0,0.0,0.0,1.0,0.0,0.0,0.0,0.0,0.0,0.0,0.0,super built up,high,new,emaar gurgaon greens,gurgaon,2.465
78.97,3.0,2.0,1.0,0.0,sector 110,24.0,1.0,0.0,0.0,0.0,1.0,0.0,0.0,1.0,0.0,0.0,1.0,0.0,0.0,0.0,1.0,0.0,0.0,0.0,1.0,carpet,low,new,laxmi apartment,gurgaon,0.935
144.0,2.0,2.0,3.0,1.0,sector 99,15.0,1.0,0.0,0.0,1.0,1.0,1.0,1.0,1.0,1.0,0.0,0.0,0.0,0.0,1.0,0.0,0.0,0.0,0.0,0.0,super built up,high,new,pareena coban residences,gurgaon,1.87
137.87,2.0,2.0,2.0,1.0,sector 67,12.0,0.0,0.0,0.0,1.0,0.0,1.0,0.0,1.0,1.0,0.0,1.0,0.0,0.0,1.0,0.0,0.0,0.0,0.0,0.0,super built up,high,new,ireo the corridors,gurgaon,2.38
146.6,3.0,3.0,2.0,1.0,sector 69,10.0,1.0,0.0,0.0,1.0,0.0,1.0,0.0,1.0,1.0,0.0,0.0,0.0,0.0,1.0,0.0,0.0,0.0,0.0,0.0,super built up,high,new,tulip violet,gurgaon,2.4139999999999997
239.32,4.0,5.0,3.0,1.0,sector 82,7.0,1.0,0.0,0.0,0.0,0.0,0.0,0.0,0.0,1.0,0.0,0.0,0.0,0.0,0.0,0.0,0.0,0.0,0.0,0.0,super built up,high,new,dlf the primus,gurgaon,5.015000000000001
226.78,2.0,2.0,3.0,0.0,sector 112,8.0,1.0,0.0,0.0,0.0,0.0,1.0,0.0,1.0,1.0,1.0,0.0,1.0,0.0,0.0,0.0,0.0,0.0,0.0,0.0,super built up,high,new,experion windchants,gurgaon,4.42
163.7,3.0,3.0,3.0,0.0,sector 103,12.0,1.0,0.0,0.0,0.0,0.0,0.0,0.0,0.0,0.0,1.0,0.0,0.0,0.0,0.0,0.0,0.0,0.0,0.0,0.0,super built up,mid,new,ansal housing highland park,gurgaon,1.87
126.91,2.0,2.0,3.0,1.0,sector 107,6.0,0.0,0.0,0.0,0.0,0.0,0.0,0.0,1.0,1.0,0.0,0.0,0.0,0.0,0.0,0.0,0.0,0.0,0.0,0.0,super built up,high,new,m3m woodshire,gurgaon,1.275
180.51,3.0,3.0,3.0,1.0,sector 107,6.0,0.0,0.0,0.0,0.0,0.0,0.0,0.0,1.0,1.0,0.0,0.0,0.0,0.0,0.0,0.0,0.0,0.0,0.0,0.0,super built up,mid,new,m3m woodshire,gurgaon,2.21
219.34,3.0,4.0,3.0,1.0,sector 107,6.0,0.0,0.0,0.0,0.0,0.0,0.0,0.0,1.0,1.0,0.0,0.0,0.0,0.0,0.0,0.0,0.0,0.0,0.0,0.0,super built up,mid,new,m3m woodshire,gurgaon,2.533
151.25,2.0,2.0,3.0,1.0,sector 88,7.0,1.0,0.0,0.0,0.0,1.0,0.0,0.0,1.0,0.0,0.0,0.0,1.0,0.0,0.0,0.0,0.0,0.0,0.0,0.0,super built up,high,new,godrej oasis,gurgaon,2.0229999999999997
150.13,2.0,2.0,3.0,1.0,sector 88,7.0,1.0,0.0,0.0,0.0,1.0,0.0,0.0,1.0,0.0,0.0,0.0,1.0,0.0,0.0,0.0,0.0,0.0,0.0,0.0,super built up,high,new,godrej oasis,gurgaon,1.9549999999999998
184.97,3.0,4.0,3.0,1.0,sector 103,15.0,1.0,0.0,0.0,1.0,1.0,1.0,0.0,1.0,1.0,1.0,1.0,1.0,0.0,0.0,0.0,1.0,0.0,0.0,0.0,super built up,low,new,satya the hermitage,gurgaon,1.7
115.66,2.0,2.0,2.0,1.0,sector 83,10.0,0.0,0.0,0.0,1.0,0.0,0.0,0.0,1.0,1.0,0.0,1.0,1.0,0.0,0.0,0.0,0.0,0.0,0.0,0.0,super built up,low,new,vatika gurgaon 21,gurgaon,1.326
183.95,3.0,3.0,2.0,1.0,sector 83,10.0,0.0,0.0,0.0,1.0,0.0,0.0,0.0,1.0,1.0,0.0,1.0,1.0,0.0,0.0,0.0,0.0,0.0,0.0,0.0,super built up,low,new,vatika gurgaon 21,gurgaon,1.9549999999999998
199.65,3.0,4.0,3.0,1.0,sector 102,15.0,0.0,0.0,0.0,1.0,0.0,1.0,0.0,1.0,1.0,1.0,1.0,1.0,0.0,1.0,0.0,0.0,0.0,1.0,0.0,super built up,high,new,conscient heritage max,gurgaon,3.74
185.81,3.0,3.0,3.0,1.0,sector 54,47.0,1.0,0.0,0.0,0.0,1.0,1.0,1.0,0.0,0.0,0.0,1.0,0.0,1.0,0.0,1.0,1.0,0.0,0.0,1.0,super built up,low,old,shree arihant apartment,gurgaon,2.635
146.6,3.0,3.0,2.0,1.0,sector 69,10.0,1.0,0.0,0.0,1.0,0.0,1.0,0.0,1.0,1.0,0.0,0.0,0.0,0.0,1.0,0.0,0.0,0.0,0.0,0.0,super built up,high,new,tulip violet,gurgaon,2.635
139.35,3.0,2.0,3.0,0.0,sector 69,42.0,1.0,0.0,0.0,0.0,1.0,1.0,1.0,0.0,0.0,0.0,0.0,0.0,0.0,0.0,1.0,0.0,1.0,0.0,0.0,super built up,low,new,tulip white,gurgaon,1.53
194.07,3.0,3.0,3.0,1.0,sector 1,10.0,1.0,0.0,0.0,0.0,0.0,0.0,0.0,0.0,0.0,0.0,0.0,0.0,1.0,0.0,0.0,0.0,0.0,0.0,1.0,carpet,mid,old,denso haryana housing society,manesar,1.53
199.74,3.0,3.0,3.0,1.0,sector 1,26.0,1.0,0.0,0.0,0.0,1.0,0.0,0.0,1.0,0.0,0.0,1.0,0.0,0.0,0.0,1.0,0.0,0.0,0.0,1.0,super built up,mid,old,the nav manesar apartment,gurgaon,1.4449999999999998
223.25,3.0,3.0,3.0,1.0,sector 60,7.0,1.0,0.0,0.0,0.0,0.0,1.0,0.0,1.0,1.0,0.0,1.0,0.0,0.0,0.0,0.0,0.0,0.0,0.0,0.0,super built up,mid,new,ireo skyon,gurgaon,5.1
126.81,2.0,2.0,2.0,1.0,sector 60,7.0,1.0,0.0,0.0,0.0,0.0,1.0,0.0,1.0,1.0,0.0,1.0,0.0,0.0,0.0,0.0,0.0,0.0,0.0,0.0,super built up,low,new,ireo skyon,gurgaon,3.604
169.27,3.0,3.0,3.0,0.0,sector 77,10.0,1.0,0.0,0.0,1.0,0.0,1.0,0.0,1.0,1.0,0.0,0.0,1.0,0.0,0.0,0.0,0.0,0.0,0.0,0.0,super built up,mid,new,umang winter hills,gurgaon,1.785
223.71,3.0,4.0,3.0,1.0,sector 85,13.0,1.0,0.0,0.0,1.0,0.0,1.0,0.0,1.0,1.0,0.0,0.0,1.0,0.0,1.0,0.0,0.0,0.0,1.0,0.0,super built up,high,new,ss the leaf,gurgaon,2.8049999999999997
182.37,3.0,3.0,3.0,1.0,sector 84,10.0,1.0,0.0,0.0,1.0,1.0,1.0,1.0,1.0,0.0,0.0,0.0,0.0,0.0,0.0,0.0,0.0,0.0,0.0,0.0,super built up,high,new,alpha corp gurgaonone 84,gurgaon,2.55
219.07,3.0,4.0,3.0,1.0,sector 67,10.0,1.0,0.0,0.0,1.0,0.0,1.0,0.0,1.0,1.0,0.0,0.0,0.0,0.0,1.0,0.0,0.0,1.0,0.0,0.0,super built up,high,new,m3m merlin,gurgaon,5.779999999999999
219.07,3.0,4.0,3.0,1.0,sector 67,10.0,1.0,0.0,0.0,1.0,0.0,1.0,0.0,1.0,1.0,0.0,0.0,0.0,0.0,1.0,0.0,0.0,1.0,0.0,0.0,super built up,high,new,m3m merlin,gurgaon,5.95
227.8,3.0,4.0,3.0,1.0,sector 67,11.0,1.0,0.0,0.0,1.0,0.0,1.0,0.0,1.0,1.0,0.0,0.0,0.0,0.0,1.0,0.0,0.0,0.0,0.0,0.0,super built up,high,new,ireo victory valley,gurgaon,5.3549999999999995
239.23,4.0,4.0,3.0,1.0,sector 54,7.0,1.0,0.0,0.0,1.0,0.0,0.0,0.0,1.0,1.0,0.0,1.0,0.0,0.0,0.0,0.0,0.0,0.0,0.0,0.0,super built up,high,old,dlf the icon,gurgaon,8.924999999999999
190.17,3.0,3.0,3.0,1.0,sector 67,10.0,1.0,0.0,0.0,1.0,0.0,1.0,0.0,1.0,1.0,0.0,0.0,0.0,0.0,1.0,0.0,0.0,1.0,0.0,0.0,super built up,mid,new,m3m merlin,gurgaon,4.726
179.77,3.0,3.0,3.0,1.0,sector 92,5.0,0.0,0.0,0.0,0.0,0.0,0.0,0.0,0.0,0.0,0.0,0.0,1.0,0.0,0.0,0.0,0.0,0.0,0.0,0.0,super built up,high,new,ansal heights,gurgaon,1.224
185.81,3.0,3.0,3.0,1.0,sector 56,46.0,1.0,0.0,0.0,0.0,1.0,1.0,1.0,0.0,0.0,0.0,1.0,0.0,1.0,0.0,1.0,1.0,0.0,0.0,1.0,super built up,mid,old,professors enclave cghs,gurgaon,2.635
130.06,3.0,3.0,3.0,1.0,sector 43,48.0,1.0,0.0,0.0,0.0,1.0,1.0,1.0,1.0,0.0,0.0,1.0,0.0,1.0,0.0,0.0,1.0,0.0,0.0,1.0,super built up,mid,old,ansal maple heights,gurgaon,2.55
221.57,3.0,4.0,2.0,1.0,sector 67,11.0,1.0,0.0,0.0,1.0,0.0,1.0,0.0,1.0,1.0,0.0,0.0,0.0,0.0,1.0,0.0,0.0,0.0,0.0,0.0,super built up,high,new,ireo victory valley,gurgaon,5.185
201.04,3.0,4.0,2.0,1.0,sector 58,13.0,1.0,0.0,0.0,1.0,0.0,1.0,0.0,1.0,1.0,0.0,1.0,0.0,0.0,0.0,0.0,0.0,0.0,0.0,0.0,super built up,high,new,ireo the grand arch,gurgaon,6.511
189.34,3.0,3.0,2.0,1.0,sector 74,7.0,1.0,0.0,0.0,1.0,0.0,1.0,0.0,1.0,1.0,0.0,0.0,1.0,0.0,0.0,0.0,0.0,0.0,0.0,0.0,super built up,high,new,m3m skywalk,gurgaon,3.8249999999999997
181.16,4.0,4.0,3.0,1.0,sector 83,10.0,0.0,0.0,0.0,1.0,0.0,0.0,0.0,1.0,1.0,0.0,1.0,1.0,0.0,0.0,0.0,0.0,0.0,0.0,0.0,carpet,high,new,vatika gurgaon 21,gurgaon,2.38
260.31,3.0,5.0,3.0,1.0,sector 112,8.0,1.0,0.0,0.0,0.0,0.0,1.0,0.0,1.0,1.0,1.0,0.0,1.0,0.0,0.0,0.0,0.0,0.0,0.0,0.0,super built up,high,new,experion windchants,gurgaon,6.375
183.58,3.0,3.0,3.0,1.0,sector 70,14.0,1.0,0.0,0.0,0.0,0.0,1.0,1.0,0.0,0.0,0.0,0.0,0.0,0.0,0.0,1.0,0.0,0.0,0.0,0.0,super built up,mid,new,capital residences 360,gurgaon,2.5669999999999997
214.14,3.0,3.0,3.0,1.0,sector 48,15.0,1.0,1.0,0.0,1.0,0.0,1.0,1.0,1.0,1.0,0.0,1.0,0.0,1.0,0.0,1.0,0.0,0.0,0.0,0.0,super built up,mid,new,bestech park view city,gurgaon,4.59
250.09,4.0,4.0,3.0,1.0,sector 113,8.0,1.0,0.0,0.0,1.0,0.0,0.0,0.0,1.0,0.0,0.0,0.0,1.0,0.0,0.0,0.0,0.0,0.0,0.0,0.0,carpet,high,new,la vida by tata housing,gurgaon,5.695
146.6,3.0,3.0,2.0,1.0,sector 69,10.0,1.0,0.0,0.0,1.0,0.0,1.0,0.0,1.0,1.0,0.0,0.0,0.0,0.0,1.0,0.0,0.0,0.0,0.0,0.0,super built up,high,new,tulip violet,gurgaon,2.55
247.12,3.0,4.0,3.0,1.0,sector 81,9.0,0.0,0.0,0.0,1.0,0.0,0.0,0.0,1.0,0.0,0.0,0.0,1.0,0.0,0.0,0.0,0.0,0.0,0.0,0.0,super built up,high,new,bestech park view grand spa,gurgaon,3.74
211.17,4.0,4.0,3.0,0.0,sector 82,7.0,1.0,0.0,0.0,0.0,0.0,0.0,0.0,0.0,1.0,0.0,0.0,0.0,0.0,0.0,0.0,0.0,0.0,0.0,0.0,super built up,high,new,dlf the primus,gurgaon,4.335
55.56,2.0,2.0,2.0,1.0,sector 81,10.0,1.0,0.0,0.0,1.0,0.0,0.0,0.0,1.0,0.0,0.0,0.0,1.0,0.0,1.0,0.0,0.0,0.0,0.0,0.0,carpet,mid,new,signature global synera,gurgaon,0.765
161.19,3.0,3.0,2.0,0.0,sector 83,10.0,0.0,0.0,0.0,1.0,0.0,0.0,0.0,1.0,1.0,0.0,1.0,1.0,0.0,0.0,0.0,0.0,0.0,0.0,0.0,super built up,high,new,vatika gurgaon 21,gurgaon,2.006
117.99,2.0,2.0,3.0,0.0,sector 84,10.0,1.0,0.0,0.0,1.0,1.0,1.0,1.0,1.0,0.0,0.0,0.0,0.0,0.0,0.0,0.0,0.0,0.0,0.0,0.0,super built up,mid,new,alpha corp gurgaonone 84,gurgaon,1.4449999999999998
182.37,3.0,3.0,3.0,1.0,sector 84,10.0,1.0,0.0,0.0,1.0,1.0,1.0,1.0,1.0,0.0,0.0,0.0,0.0,0.0,0.0,0.0,0.0,0.0,0.0,0.0,super built up,mid,new,alpha corp gurgaonone 84,gurgaon,2.533
314.94,4.0,5.0,3.0,1.0,sector 53,15.0,0.0,0.0,0.0,1.0,0.0,1.0,0.0,1.0,1.0,0.0,1.0,0.0,0.0,0.0,0.0,0.0,1.0,0.0,0.0,super built up,high,new,parsvnath exotica,gurgaon,11.049999999999999
210.52,4.0,4.0,3.0,1.0,sector 92,8.0,1.0,0.0,0.0,0.0,0.0,0.0,0.0,0.0,0.0,0.0,0.0,0.0,1.0,0.0,0.0,0.0,0.0,0.0,0.0,carpet,high,new,sare homes,gurgaon,2.006
141.49,3.0,3.0,3.0,1.0,sector 92,8.0,1.0,0.0,0.0,0.0,0.0,0.0,0.0,0.0,0.0,0.0,0.0,0.0,1.0,0.0,0.0,0.0,0.0,0.0,0.0,carpet,mid,new,sare homes,gurgaon,1.36
222.04,4.0,4.0,3.0,1.0,sector 83,10.0,0.0,0.0,0.0,1.0,0.0,0.0,0.0,1.0,1.0,0.0,1.0,1.0,0.0,0.0,0.0,0.0,0.0,0.0,0.0,super built up,mid,new,vatika gurgaon 21,gurgaon,2.4139999999999997
301.56,3.0,3.0,3.0,1.0,sector 65,9.0,1.0,0.0,0.0,1.0,0.0,1.0,0.0,1.0,1.0,0.0,1.0,0.0,0.0,1.0,0.0,1.0,0.0,0.0,0.0,super built up,low,new,m3m golfestate,gurgaon,8.5
179.21,3.0,3.0,1.0,1.0,sector 86,10.0,0.0,0.0,0.0,1.0,0.0,0.0,0.0,1.0,1.0,0.0,0.0,0.0,0.0,1.0,0.0,0.0,0.0,0.0,0.0,super built up,high,new,dlf the skycourt,gurgaon,2.924
130.06,3.0,3.0,3.0,1.0,sector 65,10.0,1.0,0.0,0.0,1.0,0.0,1.0,0.0,1.0,1.0,0.0,0.0,0.0,0.0,1.0,0.0,0.0,0.0,0.0,0.0,carpet,low,new,emaar emerald hills,gurgaon,3.315
124.49,3.0,3.0,3.0,1.0,sector 83,15.0,0.0,0.0,0.0,0.0,0.0,0.0,1.0,1.0,1.0,0.0,0.0,0.0,0.0,0.0,0.0,0.0,0.0,0.0,0.0,super built up,high,new,mapsko paradise,gurgaon,1.275
203.55,3.0,3.0,3.0,1.0,sector 37,11.0,1.0,0.0,0.0,1.0,0.0,1.0,0.0,1.0,1.0,0.0,0.0,1.0,0.0,1.0,0.0,0.0,0.0,0.0,0.0,super built up,high,new,bptp terra,gurgaon,2.924
297.1,4.0,5.0,3.0,1.0,sector 102,11.0,1.0,0.0,0.0,1.0,0.0,1.0,0.0,1.0,1.0,0.0,0.0,1.0,0.0,1.0,0.0,0.0,0.0,0.0,0.0,super built up,high,new,adani m2k oyster grande,gurgaon,4.25
188.13,3.0,4.0,3.0,1.0,sector 102,10.0,1.0,0.0,0.0,1.0,0.0,0.0,0.0,1.0,1.0,1.0,0.0,1.0,0.0,1.0,0.0,0.0,0.0,1.0,0.0,super built up,high,new,emaar imperial gardens,gurgaon,2.8899999999999997
124.12,2.0,2.0,2.0,1.0,sector 50,7.0,1.0,0.0,0.0,0.0,0.0,1.0,0.0,1.0,1.0,0.0,1.0,0.0,0.0,0.0,0.0,0.0,0.0,0.0,0.0,super built up,high,old,unitech fresco,gurgaon,1.9379999999999997
124.95,3.0,3.0,3.0,1.0,sector 43,45.0,1.0,0.0,0.0,0.0,1.0,0.0,1.0,1.0,0.0,0.0,1.0,0.0,1.0,0.0,1.0,0.0,0.0,0.0,1.0,super built up,low,old,ansal maple crescent,gurgaon,2.295
41.62,2.0,2.0,1.0,0.0,sector 99,8.0,1.0,0.0,0.0,1.0,0.0,0.0,0.0,1.0,1.0,0.0,0.0,1.0,0.0,0.0,0.0,0.0,0.0,0.0,0.0,carpet,high,new,prime habitat,gurgaon,0.459
218.88,4.0,4.0,3.0,1.0,sector 86,15.0,1.0,0.0,0.0,0.0,0.0,0.0,1.0,1.0,1.0,0.0,0.0,0.0,0.0,0.0,0.0,0.0,0.0,0.0,0.0,super built up,high,new,dlf new town heights 2,gurgaon,2.38
179.3,3.0,4.0,3.0,1.0,sector 86,15.0,1.0,0.0,0.0,0.0,0.0,0.0,1.0,1.0,1.0,0.0,0.0,0.0,0.0,0.0,0.0,0.0,0.0,0.0,0.0,super built up,low,new,dlf new town heights 2,gurgaon,2.125
161.74,2.0,2.0,3.0,1.0,sector 85,13.0,1.0,0.0,0.0,1.0,0.0,1.0,0.0,1.0,1.0,0.0,0.0,1.0,0.0,1.0,0.0,0.0,0.0,1.0,0.0,super built up,high,new,ss the leaf,gurgaon,2.006
152.36,2.0,2.0,3.0,1.0,sector 85,13.0,1.0,0.0,0.0,1.0,0.0,1.0,0.0,1.0,1.0,0.0,0.0,1.0,0.0,1.0,0.0,0.0,0.0,1.0,0.0,super built up,high,new,ss the leaf,gurgaon,1.87
180.51,3.0,3.0,3.0,0.0,sector 107,6.0,0.0,0.0,0.0,0.0,0.0,0.0,0.0,1.0,1.0,0.0,0.0,0.0,0.0,0.0,0.0,0.0,0.0,0.0,0.0,super built up,mid,old,m3m woodshire,gurgaon,2.057
315.87,4.0,4.0,3.0,1.0,sector 110,15.0,1.0,0.0,0.0,1.0,1.0,0.0,0.0,1.0,1.0,1.0,1.0,1.0,0.0,0.0,0.0,0.0,0.0,0.0,0.0,super built up,high,old,indiabulls enigma,gurgaon,5.865
172.06,3.0,3.0,3.0,0.0,sector 102,13.0,1.0,0.0,0.0,1.0,1.0,0.0,0.0,1.0,1.0,0.0,0.0,1.0,0.0,1.0,0.0,0.0,1.0,0.0,0.0,super built up,high,new,shapoorji pallonji joyville gurugram,gurgaon,3.315
274.06,4.0,5.0,3.0,1.0,sector 111,10.0,1.0,0.0,0.0,1.0,0.0,0.0,0.0,1.0,1.0,0.0,1.0,1.0,0.0,0.0,0.0,0.0,0.0,0.0,0.0,super built up,high,old,puri diplomatic greens,gurgaon,6.205
165.09,3.0,3.0,3.0,1.0,sector 28,47.0,1.0,0.0,0.0,0.0,1.0,0.0,1.0,0.0,0.0,0.0,1.0,0.0,0.0,0.0,1.0,0.0,0.0,0.0,1.0,built up,mid,old,dlf regency park 2,gurgaon,3.9099999999999997
204.39,3.0,4.0,3.0,1.0,sector 66,14.0,1.0,0.0,0.0,0.0,0.0,1.0,0.0,1.0,1.0,0.0,1.0,0.0,0.0,0.0,0.0,0.0,1.0,0.0,0.0,super built up,high,new,emaar mgf the palm drive,gurgaon,5.779999999999999
162.67,3.0,3.0,3.0,0.0,sector 33,7.0,1.0,0.0,0.0,0.0,0.0,0.0,0.0,1.0,0.0,0.0,0.0,1.0,0.0,0.0,0.0,0.0,0.0,0.0,0.0,super built up,mid,new,eldeco accolade,sohna,1.9379999999999997
135.36,2.0,2.0,3.0,1.0,sector 33,7.0,1.0,0.0,0.0,0.0,0.0,0.0,0.0,1.0,0.0,0.0,0.0,1.0,0.0,0.0,0.0,0.0,0.0,0.0,0.0,super built up,high,new,eldeco accolade,sohna,1.632
249.91,3.0,4.0,3.0,1.0,sector 113,8.0,1.0,0.0,0.0,1.0,0.0,0.0,0.0,1.0,0.0,0.0,0.0,1.0,0.0,0.0,0.0,0.0,0.0,0.0,0.0,super built up,low,new,la vida by tata housing,gurgaon,5.185
205.97,3.0,4.0,3.0,1.0,sector 113,8.0,1.0,0.0,0.0,1.0,0.0,0.0,0.0,1.0,0.0,0.0,0.0,1.0,0.0,0.0,0.0,0.0,0.0,0.0,0.0,super built up,low,new,la vida by tata housing,gurgaon,3.995
144.0,2.0,2.0,3.0,1.0,sector 99,15.0,1.0,0.0,0.0,1.0,1.0,1.0,1.0,1.0,1.0,0.0,0.0,0.0,0.0,1.0,0.0,0.0,0.0,0.0,0.0,super built up,low,new,pareena coban residences,gurgaon,1.785
144.0,2.0,2.0,3.0,1.0,sector 99,15.0,1.0,0.0,0.0,1.0,1.0,1.0,1.0,1.0,1.0,0.0,0.0,0.0,0.0,1.0,0.0,0.0,0.0,0.0,0.0,super built up,low,new,pareena coban residences,gurgaon,1.734
185.53,3.0,5.0,3.0,1.0,sector 99,15.0,1.0,0.0,0.0,1.0,1.0,1.0,1.0,1.0,1.0,0.0,0.0,0.0,0.0,1.0,0.0,0.0,0.0,0.0,0.0,super built up,low,new,pareena coban residences,gurgaon,1.836
146.79,2.0,2.0,2.0,1.0,sector 113,12.0,1.0,0.0,0.0,1.0,0.0,1.0,0.0,1.0,1.0,0.0,1.0,1.0,0.0,0.0,0.0,0.0,0.0,0.0,0.0,super built up,high,new,tata gurgaon gateway,gurgaon,2.975
206.71,3.0,3.0,3.0,0.0,sector 113,12.0,1.0,0.0,0.0,1.0,0.0,1.0,0.0,1.0,1.0,0.0,1.0,1.0,0.0,0.0,0.0,0.0,0.0,0.0,0.0,super built up,high,new,tata gurgaon gateway,gurgaon,4.165
609.91,5.0,6.0,3.0,0.0,sector 113,12.0,1.0,0.0,0.0,1.0,0.0,1.0,0.0,1.0,1.0,0.0,1.0,1.0,0.0,0.0,0.0,0.0,0.0,0.0,0.0,carpet,high,old,tata gurgaon gateway,gurgaon,10.2
162.12,3.0,3.0,3.0,0.0,sector 109,15.0,0.0,0.0,0.0,0.0,1.0,0.0,1.0,1.0,1.0,0.0,0.0,0.0,1.0,0.0,1.0,0.0,1.0,1.0,0.0,super built up,high,new,ats kocoon,gurgaon,2.856
112.88,2.0,2.0,2.0,0.0,sector 102,13.0,1.0,0.0,0.0,1.0,1.0,0.0,0.0,1.0,1.0,0.0,0.0,1.0,0.0,1.0,0.0,0.0,1.0,0.0,0.0,super built up,high,new,shapoorji pallonji joyville gurugram,gurgaon,2.142
180.42,3.0,4.0,3.0,1.0,sector 102,15.0,0.0,0.0,0.0,1.0,0.0,1.0,0.0,1.0,1.0,1.0,1.0,1.0,0.0,1.0,0.0,0.0,0.0,1.0,0.0,super built up,high,new,conscient heritage max,gurgaon,3.094
204.39,3.0,4.0,2.0,1.0,sector 111,10.0,1.0,0.0,0.0,1.0,0.0,0.0,0.0,1.0,1.0,0.0,1.0,1.0,0.0,0.0,0.0,0.0,0.0,0.0,0.0,super built up,high,new,puri diplomatic greens,gurgaon,4.386
146.14,2.0,2.0,3.0,1.0,sector 113,8.0,1.0,0.0,0.0,1.0,0.0,0.0,0.0,1.0,0.0,0.0,0.0,1.0,0.0,0.0,0.0,0.0,0.0,0.0,0.0,super built up,high,new,la vida by tata housing,gurgaon,2.975
158.96,3.0,3.0,2.0,0.0,sector 108,13.0,1.0,0.0,0.0,0.0,0.0,1.0,0.0,1.0,1.0,0.0,0.0,1.0,0.0,0.0,0.0,0.0,0.0,1.0,0.0,super built up,high,new,sobha city,gurgaon,4.42
186.08,3.0,4.0,2.0,0.0,sector 108,13.0,1.0,0.0,0.0,0.0,0.0,1.0,0.0,1.0,1.0,0.0,0.0,1.0,0.0,0.0,0.0,0.0,0.0,1.0,0.0,super built up,high,new,sobha city,gurgaon,4.93
219.34,3.0,4.0,3.0,1.0,sector 107,6.0,0.0,0.0,0.0,0.0,0.0,0.0,0.0,1.0,1.0,0.0,0.0,0.0,0.0,0.0,0.0,0.0,0.0,0.0,0.0,super built up,mid,new,m3m woodshire,gurgaon,2.38
292.64,4.0,5.0,3.0,1.0,sector 109,11.0,1.0,0.0,0.0,1.0,0.0,0.0,0.0,1.0,1.0,0.0,1.0,1.0,0.0,0.0,0.0,0.0,0.0,1.0,0.0,super built up,high,new,ats tourmaline,gurgaon,5.015000000000001
240.15,3.0,4.0,3.0,1.0,sector 109,11.0,1.0,0.0,0.0,1.0,0.0,0.0,0.0,1.0,1.0,0.0,1.0,1.0,0.0,0.0,0.0,0.0,0.0,1.0,0.0,super built up,high,new,ats tourmaline,gurgaon,3.8249999999999997
162.58,3.0,3.0,3.0,0.0,sector 109,11.0,1.0,0.0,0.0,1.0,0.0,0.0,0.0,1.0,1.0,0.0,1.0,1.0,0.0,0.0,0.0,0.0,0.0,1.0,0.0,super built up,high,new,ats tourmaline,gurgaon,2.38
174.66,3.0,2.0,3.0,0.0,sector 109,11.0,1.0,0.0,0.0,0.0,0.0,0.0,0.0,0.0,0.0,1.0,0.0,0.0,0.0,0.0,0.0,0.0,0.0,0.0,0.0,super built up,high,new,sbtl caladium,gurgaon,2.142
183.02,4.0,4.0,1.0,0.0,sector 69,10.0,1.0,0.0,0.0,1.0,0.0,1.0,0.0,1.0,1.0,0.0,0.0,0.0,0.0,1.0,0.0,0.0,0.0,0.0,0.0,super built up,high,new,tulip violet,gurgaon,2.8899999999999997
146.6,3.0,3.0,2.0,1.0,sector 69,10.0,1.0,0.0,0.0,1.0,0.0,1.0,0.0,1.0,1.0,0.0,0.0,0.0,0.0,1.0,0.0,0.0,0.0,0.0,0.0,super built up,low,new,tulip violet,gurgaon,2.431
145.67,3.0,3.0,1.0,1.0,sector 69,10.0,1.0,0.0,0.0,1.0,0.0,1.0,0.0,1.0,1.0,0.0,0.0,0.0,0.0,1.0,0.0,0.0,0.0,0.0,0.0,super built up,high,new,tulip violet,gurgaon,2.21
145.67,3.0,3.0,1.0,1.0,sector 69,10.0,1.0,0.0,0.0,1.0,0.0,1.0,0.0,1.0,1.0,0.0,0.0,0.0,0.0,1.0,0.0,0.0,0.0,0.0,0.0,super built up,high,new,tulip violet,gurgaon,2.244
186.74,4.0,4.0,2.0,0.0,sector 69,10.0,1.0,0.0,0.0,1.0,0.0,1.0,0.0,1.0,1.0,0.0,0.0,0.0,0.0,1.0,0.0,0.0,0.0,0.0,0.0,super built up,high,new,tulip violet,gurgaon,3.4
149.39,3.0,3.0,2.0,1.0,sector 69,10.0,1.0,0.0,0.0,1.0,0.0,1.0,0.0,1.0,1.0,0.0,0.0,0.0,0.0,1.0,0.0,0.0,0.0,0.0,0.0,super built up,low,new,tulip violet,gurgaon,2.431
266.82,4.0,4.0,3.0,1.0,sector 81,9.0,1.0,0.0,0.0,0.0,0.0,0.0,0.0,1.0,1.0,0.0,1.0,0.0,0.0,0.0,0.0,0.0,0.0,0.0,0.0,super built up,high,new,dlf the ultima,gurgaon,5.882
198.07,3.0,3.0,3.0,1.0,sector 81,9.0,1.0,0.0,0.0,0.0,0.0,0.0,0.0,1.0,1.0,0.0,1.0,0.0,0.0,0.0,0.0,0.0,0.0,0.0,0.0,super built up,mid,new,dlf the ultima,gurgaon,3.8249999999999997
162.12,3.0,3.0,3.0,0.0,sector 109,15.0,0.0,0.0,0.0,0.0,1.0,0.0,1.0,1.0,1.0,0.0,0.0,0.0,1.0,0.0,1.0,0.0,1.0,1.0,0.0,super built up,high,old,ats kocoon,gurgaon,2.8899999999999997
236.44,3.0,3.0,3.0,0.0,sector 109,11.0,1.0,0.0,0.0,0.0,0.0,0.0,0.0,0.0,0.0,1.0,0.0,0.0,0.0,0.0,0.0,0.0,0.0,0.0,0.0,super built up,high,new,sbtl caladium,gurgaon,3.06
174.66,3.0,2.0,3.0,0.0,sector 109,11.0,1.0,0.0,0.0,0.0,0.0,0.0,0.0,0.0,0.0,1.0,0.0,0.0,0.0,0.0,0.0,0.0,0.0,0.0,0.0,super built up,high,new,sbtl caladium,gurgaon,2.295
276.76,3.0,4.0,3.0,1.0,sector 65,9.0,1.0,0.0,0.0,1.0,0.0,1.0,0.0,1.0,1.0,0.0,1.0,0.0,0.0,1.0,0.0,1.0,0.0,0.0,0.0,super built up,high,old,m3m golfestate,gurgaon,9.18
195.1,3.0,3.0,3.0,1.0,sector 54,43.0,1.0,0.0,0.0,0.0,1.0,0.0,1.0,0.0,0.0,0.0,1.0,0.0,1.0,0.0,1.0,1.0,0.0,0.0,1.0,super built up,low,old,shree arihant apartment,gurgaon,2.635
156.26,2.0,2.0,2.0,0.0,sector 74,7.0,1.0,0.0,0.0,1.0,0.0,1.0,0.0,1.0,1.0,0.0,0.0,1.0,0.0,0.0,0.0,0.0,0.0,0.0,0.0,super built up,high,new,m3m skywalk,gurgaon,2.72
222.97,4.0,4.0,3.0,1.0,sector 56,46.0,1.0,0.0,0.0,0.0,1.0,1.0,1.0,0.0,0.0,0.0,1.0,0.0,1.0,0.0,1.0,1.0,0.0,0.0,1.0,super built up,mid,new,the lions cghs,gurgaon,3.5529999999999995
204.39,3.0,3.0,3.0,1.0,sector 54,43.0,1.0,0.0,0.0,0.0,1.0,1.0,1.0,1.0,0.0,0.0,1.0,0.0,1.0,0.0,1.0,1.0,0.0,0.0,1.0,super built up,mid,old,sunischit apartments,gurgaon,2.975
159.79,3.0,3.0,3.0,1.0,sector 83,10.0,0.0,0.0,0.0,1.0,0.0,0.0,0.0,0.0,0.0,0.0,0.0,0.0,0.0,0.0,0.0,0.0,0.0,0.0,0.0,super built up,mid,new,emaar palm gardens,gurgaon,2.3459999999999996
153.29,3.0,3.0,3.0,1.0,sector 65,6.0,1.0,0.0,0.0,0.0,0.0,0.0,0.0,0.0,1.0,0.0,0.0,0.0,0.0,1.0,0.0,0.0,0.0,0.0,0.0,super built up,low,new,emaar mgf emerald floors premier,gurgaon,3.8249999999999997
195.38,3.0,4.0,3.0,1.0,sector 81,9.0,1.0,0.0,0.0,0.0,0.0,0.0,0.0,1.0,1.0,0.0,1.0,0.0,0.0,0.0,0.0,0.0,0.0,0.0,0.0,super built up,high,new,dlf the ultima,gurgaon,4.08
176.52,3.0,3.0,3.0,1.0,sector 83,10.0,0.0,0.0,0.0,1.0,0.0,0.0,0.0,0.0,0.0,0.0,0.0,0.0,0.0,0.0,0.0,0.0,0.0,0.0,0.0,super built up,mid,new,emaar palm gardens,gurgaon,2.924
172.24,3.0,4.0,3.0,1.0,sector 78,7.0,1.0,0.0,0.0,0.0,0.0,0.0,1.0,0.0,0.0,0.0,1.0,0.0,0.0,0.0,0.0,0.0,0.0,0.0,0.0,super built up,high,old,umang monsoon breeze,gurgaon,1.496
348.39,5.0,7.0,3.0,1.0,sector 83,10.0,0.0,0.0,0.0,1.0,0.0,0.0,0.0,0.0,0.0,0.0,0.0,0.0,0.0,0.0,0.0,0.0,0.0,0.0,0.0,super built up,high,new,emaar palm gardens,gurgaon,5.3549999999999995
168.25,3.0,3.0,3.0,1.0,sector 37,11.0,1.0,0.0,0.0,1.0,0.0,1.0,0.0,1.0,1.0,0.0,0.0,1.0,0.0,1.0,0.0,0.0,0.0,0.0,0.0,super built up,high,new,bptp terra,gurgaon,2.924
131.46,2.0,2.0,3.0,0.0,sector 74,7.0,1.0,0.0,0.0,1.0,0.0,1.0,0.0,1.0,1.0,0.0,0.0,1.0,0.0,0.0,0.0,0.0,0.0,0.0,0.0,super built up,high,new,m3m skywalk,gurgaon,2.499
167.41,3.0,4.0,3.0,1.0,sector 71,15.0,1.0,1.0,0.0,0.0,0.0,1.0,1.0,0.0,1.0,0.0,0.0,0.0,0.0,1.0,0.0,1.0,0.0,0.0,0.0,super built up,low,old,chd avenue 71,gurgaon,1.87
203.74,4.0,4.0,3.0,1.0,sector 71,15.0,1.0,1.0,0.0,0.0,0.0,1.0,1.0,0.0,1.0,0.0,0.0,0.0,0.0,1.0,0.0,1.0,0.0,0.0,0.0,super built up,high,old,chd avenue 71,gurgaon,2.244
218.32,4.0,4.0,3.0,1.0,sector 71,15.0,1.0,1.0,0.0,0.0,0.0,1.0,1.0,0.0,1.0,0.0,0.0,0.0,0.0,1.0,0.0,1.0,0.0,0.0,0.0,super built up,mid,old,chd avenue 71,gurgaon,2.21
218.32,4.0,4.0,3.0,1.0,sector 71,15.0,1.0,1.0,0.0,0.0,0.0,1.0,1.0,0.0,1.0,0.0,0.0,0.0,0.0,1.0,0.0,1.0,0.0,0.0,0.0,super built up,high,old,chd avenue 71,gurgaon,2.295
256.78,4.0,4.0,3.0,1.0,sector 66,15.0,1.0,0.0,0.0,0.0,1.0,0.0,1.0,1.0,0.0,0.0,0.0,0.0,0.0,0.0,0.0,0.0,0.0,0.0,0.0,super built up,low,new,bptp mansions park prime,gurgaon,5.1
179.21,3.0,3.0,3.0,1.0,sector 86,10.0,0.0,0.0,0.0,1.0,0.0,0.0,0.0,1.0,1.0,0.0,0.0,0.0,0.0,1.0,0.0,0.0,0.0,0.0,0.0,super built up,high,new,dlf the skycourt,gurgaon,2.72
221.39,4.0,4.0,3.0,1.0,sector 49,15.0,1.0,0.0,0.0,1.0,0.0,1.0,0.0,1.0,1.0,0.0,1.0,1.0,0.0,1.0,0.0,0.0,1.0,0.0,0.0,super built up,mid,old,bestech park view city 2,gurgaon,5.1
240.43,3.0,3.0,3.0,1.0,sector 1,10.0,1.0,0.0,0.0,0.0,0.0,0.0,0.0,0.0,0.0,0.0,0.0,0.0,1.0,0.0,0.0,0.0,0.0,0.0,1.0,super built up,high,old,hsiidc sidco aravali,manesar,1.53
204.39,3.0,4.0,3.0,1.0,sector 54,47.0,1.0,0.0,0.0,0.0,1.0,1.0,1.0,0.0,0.0,0.0,1.0,0.0,1.0,0.0,1.0,1.0,0.0,0.0,1.0,super built up,mid,old,sunischit apartments,gurgaon,2.975
172.06,3.0,3.0,3.0,0.0,sector 102,13.0,1.0,0.0,0.0,1.0,1.0,0.0,0.0,1.0,1.0,0.0,0.0,1.0,0.0,1.0,0.0,0.0,1.0,0.0,0.0,super built up,high,new,shapoorji pallonji joyville gurugram,gurgaon,3.4
157.19,3.0,3.0,3.0,0.0,sector 102,13.0,1.0,0.0,0.0,1.0,1.0,0.0,0.0,1.0,1.0,0.0,0.0,1.0,0.0,1.0,0.0,0.0,1.0,0.0,0.0,super built up,mid,new,shapoorji pallonji joyville gurugram,gurgaon,3.06
162.12,3.0,3.0,3.0,0.0,sector 109,15.0,0.0,0.0,0.0,0.0,1.0,0.0,1.0,1.0,1.0,0.0,0.0,0.0,1.0,0.0,1.0,0.0,1.0,1.0,0.0,super built up,high,new,ats kocoon,gurgaon,2.72
150.04,3.0,3.0,3.0,0.0,sector 110,6.0,1.0,0.0,0.0,1.0,0.0,1.0,0.0,1.0,1.0,0.0,0.0,1.0,0.0,0.0,0.0,0.0,0.0,0.0,0.0,super built up,high,new,mahindra aura,gurgaon,2.38
189.71,3.0,3.0,3.0,1.0,sector 110,6.0,1.0,0.0,0.0,1.0,0.0,1.0,0.0,1.0,1.0,0.0,0.0,1.0,0.0,0.0,0.0,0.0,0.0,0.0,0.0,super built up,mid,new,mahindra aura,gurgaon,3.06
218.32,4.0,4.0,3.0,1.0,sector 67,11.0,0.0,0.0,0.0,1.0,0.0,0.0,0.0,1.0,0.0,0.0,0.0,0.0,0.0,0.0,0.0,0.0,0.0,0.0,0.0,super built up,high,old,bestech park view spa next,gurgaon,4.59
179.3,3.0,3.0,3.0,0.0,sector 86,10.0,0.0,0.0,0.0,1.0,0.0,0.0,0.0,1.0,1.0,0.0,0.0,0.0,0.0,1.0,0.0,0.0,0.0,0.0,0.0,super built up,mid,new,dlf the skycourt,gurgaon,2.635
166.3,3.0,4.0,2.0,1.0,sector 82,10.0,0.0,0.0,0.0,1.0,0.0,0.0,0.0,1.0,0.0,0.0,0.0,0.0,0.0,0.0,0.0,0.0,0.0,0.0,0.0,super built up,high,new,mapsko royale ville,gurgaon,1.9549999999999998
153.29,3.0,3.0,3.0,0.0,sector 102,10.0,1.0,0.0,0.0,1.0,0.0,1.0,0.0,1.0,1.0,0.0,0.0,1.0,0.0,0.0,0.0,0.0,0.0,0.0,0.0,super built up,high,new,emaar gurgaon greens,gurgaon,2.533
185.81,3.0,4.0,2.0,1.0,sector 102,10.0,1.0,0.0,0.0,1.0,0.0,0.0,0.0,1.0,1.0,1.0,0.0,1.0,0.0,1.0,0.0,0.0,0.0,1.0,0.0,super built up,high,new,emaar imperial gardens,gurgaon,3.247
161.65,3.0,3.0,3.0,1.0,sector 83,15.0,1.0,0.0,0.0,0.0,0.0,0.0,0.0,1.0,0.0,0.0,0.0,0.0,1.0,0.0,0.0,0.0,0.0,0.0,0.0,super built up,high,old,vatika city homes,gurgaon,1.785
267.1,4.0,6.0,3.0,1.0,sector 103,15.0,1.0,0.0,0.0,1.0,1.0,1.0,0.0,1.0,1.0,1.0,1.0,1.0,0.0,1.0,0.0,0.0,0.0,0.0,0.0,super built up,mid,new,indiabulls centrum park,gurgaon,3.638
131.46,2.0,2.0,3.0,0.0,sector 2,10.0,1.0,0.0,0.0,1.0,1.0,0.0,0.0,1.0,1.0,1.0,1.0,0.0,0.0,0.0,0.0,0.0,0.0,0.0,0.0,super built up,high,old,bestech park view residency,gurgaon,1.734
60.39,1.0,1.0,2.0,0.0,sector 2,10.0,1.0,0.0,0.0,1.0,1.0,0.0,0.0,1.0,1.0,1.0,1.0,0.0,0.0,0.0,0.0,0.0,0.0,0.0,0.0,carpet,mid,old,bestech park view residency,gurgaon,0.9520000000000001
144.0,2.0,3.0,2.0,1.0,sector 60,7.0,1.0,0.0,0.0,0.0,0.0,1.0,0.0,1.0,1.0,0.0,1.0,0.0,0.0,0.0,0.0,0.0,0.0,0.0,0.0,super built up,mid,new,ireo skyon,gurgaon,4.25
157.94,3.0,3.0,3.0,0.0,sector 61,14.0,1.0,0.0,0.0,0.0,0.0,1.0,0.0,1.0,1.0,0.0,1.0,0.0,0.0,1.0,0.0,0.0,1.0,0.0,0.0,super built up,high,old,pioneer park,gurgaon,3.4
159.51,3.0,4.0,3.0,1.0,sector 63,6.0,0.0,0.0,0.0,0.0,0.0,0.0,0.0,0.0,1.0,0.0,1.0,0.0,0.0,0.0,0.0,1.0,0.0,0.0,0.0,super built up,high,old,dhoot time residency,gurgaon,3.74
186.08,3.0,4.0,3.0,1.0,sector 108,9.0,1.0,0.0,0.0,1.0,0.0,1.0,0.0,1.0,1.0,0.0,0.0,1.0,0.0,0.0,0.0,0.0,0.0,0.0,0.0,super built up,low,old,experion the heartsong,gurgaon,2.8049999999999997
145.39,2.0,2.0,2.0,0.0,sector 70,11.0,1.0,0.0,0.0,1.0,0.0,1.0,0.0,1.0,1.0,0.0,0.0,0.0,0.0,0.0,0.0,0.0,0.0,0.0,0.0,super built up,high,old,aipl the peaceful homes,gurgaon,2.72
120.77,2.0,2.0,2.0,0.0,sector 82,10.0,1.0,0.0,0.0,1.0,0.0,1.0,0.0,1.0,1.0,0.0,0.0,0.0,0.0,0.0,0.0,0.0,0.0,1.0,0.0,super built up,high,new,vatika the seven lamps,gurgaon,1.4449999999999998
153.29,3.0,3.0,3.0,1.0,sector 102,10.0,1.0,0.0,0.0,1.0,0.0,1.0,0.0,1.0,1.0,0.0,0.0,1.0,0.0,0.0,0.0,0.0,0.0,0.0,0.0,super built up,low,new,emaar gurgaon greens,gurgaon,2.38
132.85,3.0,3.0,2.0,0.0,sector 54,14.0,1.0,0.0,0.0,1.0,0.0,0.0,1.0,1.0,1.0,0.0,0.0,0.0,0.0,0.0,0.0,0.0,0.0,0.0,0.0,super built up,high,old,dlf wellington estate,gurgaon,3.5529999999999995
191.47,3.0,3.0,3.0,1.0,sector 49,13.0,1.0,0.0,0.0,1.0,0.0,0.0,1.0,1.0,0.0,0.0,0.0,0.0,0.0,1.0,1.0,0.0,0.0,0.0,0.0,super built up,mid,old,orchid petals,gurgaon,4.2669999999999995
204.39,3.0,3.0,3.0,1.0,sector 54,47.0,1.0,0.0,0.0,0.0,1.0,1.0,1.0,0.0,0.0,0.0,1.0,0.0,1.0,0.0,1.0,1.0,0.0,0.0,1.0,super built up,mid,old,sunischit apartments,gurgaon,2.8729999999999998
131.46,2.0,2.0,3.0,0.0,sector 2,10.0,1.0,0.0,0.0,1.0,1.0,0.0,0.0,1.0,1.0,1.0,1.0,0.0,0.0,0.0,0.0,0.0,0.0,0.0,0.0,super built up,high,old,bestech park view residency,gurgaon,1.666
258.18,4.0,4.0,3.0,1.0,sector 108,9.0,1.0,0.0,0.0,1.0,0.0,1.0,0.0,1.0,1.0,0.0,0.0,1.0,0.0,0.0,0.0,0.0,0.0,0.0,0.0,super built up,high,new,experion the heartsong,gurgaon,3.4
167.69,3.0,3.0,3.0,0.0,sector 49,13.0,1.0,0.0,0.0,1.0,0.0,0.0,1.0,1.0,0.0,0.0,0.0,0.0,0.0,1.0,1.0,0.0,0.0,0.0,0.0,super built up,low,old,orchid petals,gurgaon,3.315
126.53,3.0,3.0,1.0,1.0,sector 54,15.0,1.0,1.0,0.0,1.0,0.0,1.0,1.0,0.0,0.0,0.0,0.0,0.0,0.0,0.0,1.0,0.0,1.0,0.0,0.0,super built up,low,old,dlf carlton estate,gurgaon,3.57
185.81,3.0,3.0,3.0,1.0,sector 56,44.0,1.0,0.0,0.0,0.0,1.0,1.0,1.0,1.0,0.0,0.0,1.0,0.0,1.0,0.0,1.0,0.0,0.0,0.0,1.0,super built up,mid,old,kiran residency,gurgaon,2.635
202.71,3.0,4.0,3.0,1.0,sector 49,14.0,1.0,0.0,0.0,0.0,0.0,1.0,1.0,0.0,0.0,0.0,0.0,0.0,0.0,0.0,0.0,0.0,0.0,0.0,0.0,super built up,high,old,vatika city,gurgaon,3.366
222.97,4.0,4.0,3.0,0.0,sector 56,46.0,1.0,0.0,0.0,0.0,1.0,1.0,1.0,0.0,0.0,0.0,1.0,0.0,1.0,0.0,1.0,1.0,0.0,0.0,1.0,carpet,high,old,the lions cghs,gurgaon,3.4849999999999994
213.68,3.0,3.0,3.0,0.0,sector 52,43.0,1.0,0.0,0.0,0.0,0.0,0.0,1.0,0.0,0.0,0.0,0.0,0.0,1.0,0.0,1.0,0.0,0.0,0.0,1.0,carpet,high,new,pgr shree kripaluji apartment,gurgaon,2.38
162.58,3.0,3.0,3.0,1.0,sector 109,11.0,1.0,0.0,0.0,1.0,0.0,0.0,0.0,1.0,1.0,0.0,1.0,1.0,0.0,0.0,0.0,0.0,0.0,1.0,0.0,super built up,high,new,ats tourmaline,gurgaon,2.38
267.1,4.0,6.0,3.0,1.0,sector 103,15.0,1.0,0.0,0.0,1.0,1.0,1.0,0.0,1.0,1.0,1.0,1.0,1.0,0.0,1.0,0.0,0.0,0.0,0.0,0.0,super built up,high,new,indiabulls centrum park,gurgaon,4.012
162.12,3.0,3.0,3.0,1.0,sector 109,15.0,0.0,0.0,0.0,0.0,1.0,0.0,1.0,1.0,1.0,0.0,0.0,0.0,1.0,0.0,1.0,0.0,1.0,1.0,0.0,super built up,high,new,ats kocoon,gurgaon,2.8049999999999997
205.78,3.0,4.0,2.0,1.0,sector 111,10.0,1.0,0.0,0.0,1.0,0.0,0.0,0.0,1.0,1.0,0.0,1.0,1.0,0.0,0.0,0.0,0.0,0.0,0.0,0.0,super built up,mid,new,puri diplomatic greens,gurgaon,4.505
292.64,4.0,4.0,3.0,1.0,sector 104,13.0,1.0,0.0,0.0,1.0,0.0,1.0,0.0,1.0,1.0,0.0,1.0,1.0,0.0,1.0,0.0,1.0,0.0,0.0,0.0,super built up,high,new,ats triumph,gurgaon,4.471
227.61,3.0,4.0,3.0,1.0,sector 104,13.0,1.0,0.0,0.0,1.0,0.0,1.0,0.0,1.0,1.0,1.0,1.0,1.0,0.0,1.0,0.0,0.0,0.0,0.0,0.0,super built up,mid,new,puri emerald bay,gurgaon,3.8249999999999997
292.64,4.0,4.0,3.0,1.0,sector 104,13.0,1.0,0.0,0.0,1.0,0.0,1.0,0.0,1.0,1.0,0.0,1.0,1.0,0.0,1.0,0.0,1.0,0.0,0.0,0.0,super built up,high,new,ats triumph,gurgaon,4.335
137.59,2.0,2.0,3.0,1.0,sector 103,15.0,1.0,0.0,0.0,1.0,1.0,1.0,0.0,1.0,1.0,1.0,1.0,1.0,0.0,1.0,0.0,0.0,0.0,0.0,0.0,super built up,high,new,indiabulls centrum park,gurgaon,1.9549999999999998
185.81,3.0,3.0,3.0,1.0,sector 56,46.0,1.0,0.0,0.0,0.0,1.0,1.0,1.0,0.0,0.0,0.0,1.0,0.0,1.0,0.0,1.0,1.0,0.0,0.0,1.0,super built up,mid,old,sagar apartment,gurgaon,2.465
292.64,4.0,4.0,3.0,1.0,sector 104,13.0,1.0,0.0,0.0,1.0,0.0,1.0,0.0,1.0,1.0,0.0,1.0,1.0,0.0,1.0,0.0,1.0,0.0,0.0,0.0,super built up,high,new,ats triumph,gurgaon,4.42
153.29,3.0,4.0,3.0,1.0,sector 102,10.0,1.0,0.0,0.0,1.0,0.0,1.0,0.0,1.0,1.0,0.0,0.0,1.0,0.0,0.0,0.0,0.0,0.0,0.0,0.0,super built up,mid,new,emaar gurgaon greens,gurgaon,2.635
131.92,2.0,2.0,3.0,0.0,sector 70,15.0,1.0,0.0,0.0,1.0,0.0,1.0,0.0,1.0,1.0,0.0,0.0,0.0,0.0,1.0,0.0,0.0,1.0,0.0,0.0,super built up,mid,old,paras irene,gurgaon,2.04
181.16,3.0,3.0,3.0,1.0,sector 70,15.0,1.0,0.0,0.0,1.0,0.0,1.0,1.0,0.0,0.0,0.0,0.0,0.0,1.0,0.0,0.0,0.0,0.0,0.0,0.0,super built up,mid,new,shree vardhman victoria,gurgaon,2.635
181.16,3.0,4.0,3.0,1.0,sector 70,15.0,1.0,0.0,0.0,1.0,0.0,1.0,1.0,0.0,0.0,0.0,0.0,0.0,1.0,0.0,0.0,0.0,0.0,0.0,0.0,super built up,mid,new,shree vardhman victoria,gurgaon,2.8049999999999997
152.36,2.0,2.0,3.0,1.0,sector 85,13.0,1.0,0.0,0.0,1.0,0.0,1.0,0.0,1.0,1.0,0.0,0.0,1.0,0.0,1.0,0.0,0.0,0.0,1.0,0.0,super built up,mid,new,ss the leaf,gurgaon,1.785
158.12,3.0,3.0,3.0,1.0,sector 90,14.0,0.0,0.0,0.0,0.0,1.0,0.0,0.0,0.0,0.0,0.0,0.0,0.0,0.0,0.0,0.0,0.0,0.0,0.0,0.0,super built up,mid,new,dlf regal gardens,gurgaon,2.193
65.03,2.0,2.0,2.0,1.0,sector 67,11.0,0.0,0.0,0.0,1.0,0.0,1.0,0.0,1.0,0.0,0.0,0.0,0.0,1.0,0.0,0.0,0.0,0.0,0.0,0.0,carpet,high,new,pyramid urban,gurgaon,0.9520000000000001
162.02,3.0,3.0,2.0,1.0,sector 90,14.0,0.0,0.0,0.0,0.0,1.0,0.0,0.0,0.0,0.0,0.0,0.0,0.0,0.0,0.0,0.0,0.0,0.0,0.0,0.0,super built up,high,new,dlf regal gardens,gurgaon,2.142
366.97,4.0,6.0,3.0,1.0,sector 85,13.0,1.0,0.0,0.0,1.0,0.0,1.0,0.0,1.0,1.0,0.0,0.0,1.0,0.0,1.0,0.0,0.0,0.0,1.0,0.0,super built up,mid,new,ss the leaf,gurgaon,3.247
366.97,4.0,6.0,3.0,1.0,sector 85,13.0,1.0,0.0,0.0,1.0,0.0,1.0,0.0,1.0,1.0,0.0,0.0,1.0,0.0,1.0,0.0,0.0,0.0,1.0,0.0,super built up,high,new,ss the leaf,gurgaon,3.74
223.71,3.0,4.0,3.0,1.0,sector 85,13.0,1.0,0.0,0.0,1.0,0.0,1.0,0.0,1.0,1.0,0.0,0.0,1.0,0.0,1.0,0.0,0.0,0.0,1.0,0.0,super built up,high,new,ss the leaf,gurgaon,3.366
152.36,2.0,2.0,3.0,1.0,sector 85,13.0,1.0,0.0,0.0,1.0,0.0,1.0,0.0,1.0,1.0,0.0,0.0,1.0,0.0,1.0,0.0,0.0,0.0,1.0,0.0,super built up,high,new,ss the leaf,gurgaon,1.887
194.35,3.0,4.0,3.0,1.0,sector 81,9.0,1.0,0.0,0.0,0.0,0.0,0.0,0.0,1.0,1.0,0.0,1.0,0.0,0.0,0.0,0.0,0.0,0.0,0.0,0.0,super built up,high,new,dlf the ultima,gurgaon,3.8249999999999997
162.58,3.0,3.0,3.0,1.0,sector 84,13.0,1.0,0.0,0.0,1.0,0.0,1.0,0.0,1.0,1.0,0.0,0.0,1.0,0.0,0.0,0.0,0.0,0.0,1.0,0.0,super built up,mid,new,ss the coralwood,gurgaon,1.785
211.17,4.0,4.0,3.0,1.0,sector 82,7.0,1.0,0.0,0.0,0.0,0.0,0.0,0.0,0.0,1.0,0.0,0.0,0.0,0.0,0.0,0.0,0.0,0.0,0.0,0.0,super built up,low,new,dlf the primus,gurgaon,4.42
152.36,2.0,2.0,3.0,1.0,sector 85,13.0,1.0,0.0,0.0,1.0,0.0,1.0,0.0,1.0,1.0,0.0,0.0,1.0,0.0,1.0,0.0,0.0,0.0,1.0,0.0,super built up,high,new,ss the leaf,gurgaon,1.768
162.02,3.0,3.0,2.0,1.0,sector 90,14.0,0.0,0.0,0.0,0.0,1.0,0.0,0.0,0.0,0.0,0.0,0.0,0.0,0.0,0.0,0.0,0.0,0.0,0.0,0.0,super built up,high,new,dlf regal gardens,gurgaon,2.125
260.31,3.0,3.0,2.0,0.0,sector 112,8.0,1.0,0.0,0.0,0.0,0.0,1.0,0.0,1.0,1.0,1.0,0.0,1.0,0.0,0.0,0.0,0.0,0.0,0.0,0.0,super built up,high,new,experion windchants,gurgaon,5.779999999999999
158.21,3.0,3.0,3.0,1.0,sector 90,14.0,0.0,0.0,0.0,0.0,1.0,0.0,0.0,0.0,0.0,0.0,0.0,0.0,0.0,0.0,0.0,0.0,0.0,0.0,0.0,super built up,high,old,dlf regal gardens,gurgaon,2.125
46.54,2.0,2.0,1.0,1.0,sector 86,9.0,0.0,0.0,0.0,1.0,0.0,0.0,0.0,1.0,0.0,0.0,0.0,0.0,0.0,0.0,0.0,0.0,0.0,0.0,0.0,carpet,mid,new,pyramid urban homes 2,gurgaon,0.714
115.66,2.0,2.0,2.0,1.0,sector 83,10.0,0.0,0.0,0.0,1.0,0.0,0.0,0.0,1.0,1.0,0.0,1.0,1.0,0.0,0.0,0.0,0.0,0.0,0.0,0.0,super built up,high,new,vatika gurgaon 21,gurgaon,1.275
205.78,4.0,4.0,3.0,1.0,sector 90,14.0,0.0,0.0,0.0,0.0,1.0,0.0,0.0,0.0,0.0,0.0,0.0,0.0,0.0,0.0,0.0,0.0,0.0,0.0,0.0,super built up,high,old,dlf regal gardens,gurgaon,2.8899999999999997
121.7,2.0,2.0,2.0,1.0,sector 91,10.0,1.0,0.0,0.0,0.0,0.0,0.0,0.0,1.0,1.0,0.0,0.0,1.0,0.0,1.0,0.0,0.0,0.0,0.0,0.0,super built up,high,new,tarc maceo,gurgaon,1.4789999999999999
158.12,3.0,3.0,3.0,1.0,sector 90,14.0,0.0,0.0,0.0,0.0,1.0,0.0,0.0,0.0,0.0,0.0,0.0,0.0,0.0,0.0,0.0,0.0,0.0,0.0,0.0,super built up,high,old,dlf regal gardens,gurgaon,2.125
194.35,3.0,4.0,3.0,1.0,sector 81,9.0,1.0,0.0,0.0,0.0,0.0,0.0,0.0,1.0,1.0,0.0,1.0,0.0,0.0,0.0,0.0,0.0,0.0,0.0,0.0,super built up,high,new,dlf the ultima,gurgaon,3.995
212.75,3.0,4.0,3.0,1.0,sector 104,13.0,1.0,0.0,0.0,1.0,0.0,1.0,0.0,1.0,1.0,0.0,1.0,1.0,0.0,1.0,0.0,1.0,0.0,0.0,0.0,super built up,high,new,ats triumph,gurgaon,2.941
128.67,2.0,2.0,3.0,1.0,sector 106,11.0,1.0,0.0,0.0,1.0,0.0,1.0,0.0,1.0,1.0,0.0,1.0,1.0,0.0,1.0,0.0,0.0,0.0,0.0,0.0,super built up,mid,new,paras dews,gurgaon,1.649
218.79,4.0,4.0,3.0,1.0,sector 106,11.0,1.0,0.0,0.0,1.0,0.0,1.0,0.0,1.0,1.0,0.0,1.0,1.0,0.0,1.0,0.0,0.0,0.0,0.0,0.0,super built up,high,new,paras dews,gurgaon,2.295
185.53,3.0,5.0,3.0,1.0,sector 99,15.0,1.0,0.0,0.0,1.0,1.0,1.0,1.0,1.0,1.0,0.0,0.0,0.0,0.0,1.0,0.0,0.0,0.0,0.0,0.0,super built up,high,new,pareena coban residences,gurgaon,2.244
118.45,2.0,2.0,3.0,0.0,sector 33,7.0,1.0,0.0,0.0,0.0,0.0,0.0,0.0,1.0,0.0,0.0,0.0,1.0,0.0,0.0,0.0,0.0,0.0,0.0,0.0,super built up,high,new,eldeco accolade,sohna,1.224
135.36,2.0,2.0,2.0,1.0,sector 33,7.0,1.0,0.0,0.0,0.0,0.0,0.0,0.0,1.0,0.0,0.0,0.0,1.0,0.0,0.0,0.0,0.0,0.0,0.0,0.0,super built up,mid,new,eldeco accolade,sohna,1.326
301.28,3.0,4.0,3.0,1.0,sector 65,9.0,1.0,0.0,0.0,1.0,0.0,1.0,0.0,1.0,1.0,0.0,1.0,0.0,0.0,1.0,0.0,1.0,0.0,0.0,0.0,super built up,low,new,m3m golfestate,gurgaon,9.35
198.07,3.0,4.0,3.0,1.0,sector 81,9.0,1.0,0.0,0.0,0.0,0.0,0.0,0.0,1.0,1.0,0.0,1.0,0.0,0.0,0.0,0.0,0.0,0.0,0.0,0.0,super built up,high,new,dlf the ultima,gurgaon,3.9099999999999997
126.72,2.0,2.0,2.0,0.0,sector 95,4.0,1.0,0.0,0.0,0.0,0.0,0.0,0.0,0.0,0.0,0.0,0.0,0.0,1.0,0.0,0.0,0.0,0.0,0.0,0.0,super built up,mid,new,sidhartha ncr one phase 1,gurgaon,0.731
142.51,2.0,2.0,3.0,1.0,sector 107,6.0,0.0,0.0,0.0,0.0,0.0,0.0,0.0,1.0,1.0,0.0,0.0,0.0,0.0,0.0,0.0,0.0,0.0,0.0,0.0,super built up,mid,new,m3m woodshire,gurgaon,1.666
126.91,2.0,2.0,3.0,1.0,sector 107,6.0,0.0,0.0,0.0,0.0,0.0,0.0,0.0,1.0,1.0,0.0,0.0,0.0,0.0,0.0,0.0,0.0,0.0,0.0,0.0,super built up,mid,new,m3m woodshire,gurgaon,1.36
292.64,4.0,4.0,3.0,1.0,sector 104,13.0,1.0,0.0,0.0,1.0,0.0,1.0,0.0,1.0,1.0,0.0,1.0,1.0,0.0,1.0,0.0,1.0,0.0,0.0,0.0,super built up,high,new,ats triumph,gurgaon,4.505
153.29,3.0,3.0,2.0,1.0,sector 54,15.0,1.0,1.0,0.0,1.0,1.0,0.0,1.0,1.0,1.0,0.0,1.0,0.0,1.0,1.0,0.0,1.0,0.0,0.0,0.0,super built up,low,old,dlf exclusive floors,gurgaon,3.995
180.51,3.0,3.0,3.0,1.0,sector 107,6.0,0.0,0.0,0.0,0.0,0.0,0.0,0.0,1.0,1.0,0.0,0.0,0.0,0.0,0.0,0.0,0.0,0.0,0.0,0.0,super built up,low,new,m3m woodshire,gurgaon,2.193
212.75,3.0,4.0,3.0,1.0,sector 104,13.0,1.0,0.0,0.0,1.0,0.0,1.0,0.0,1.0,1.0,0.0,1.0,1.0,0.0,1.0,0.0,1.0,0.0,0.0,0.0,super built up,high,new,ats triumph,gurgaon,3.111
219.34,3.0,4.0,3.0,1.0,sector 107,6.0,0.0,0.0,0.0,0.0,0.0,0.0,0.0,1.0,1.0,0.0,0.0,0.0,0.0,0.0,0.0,0.0,0.0,0.0,0.0,super built up,mid,new,m3m woodshire,gurgaon,2.363
161.19,3.0,3.0,2.0,1.0,sector 83,10.0,0.0,0.0,0.0,1.0,0.0,0.0,0.0,1.0,1.0,0.0,1.0,1.0,0.0,0.0,0.0,0.0,0.0,0.0,0.0,super built up,mid,new,vatika gurgaon 21,gurgaon,1.9040000000000001
215.54,3.0,4.0,3.0,1.0,sector 91,10.0,1.0,0.0,0.0,0.0,0.0,0.0,0.0,1.0,1.0,0.0,0.0,1.0,0.0,1.0,0.0,0.0,0.0,0.0,0.0,super built up,low,new,tarc maceo,gurgaon,2.55
253.07,4.0,4.0,3.0,1.0,sector 91,10.0,1.0,0.0,0.0,0.0,0.0,0.0,0.0,1.0,1.0,0.0,0.0,1.0,0.0,1.0,0.0,0.0,0.0,0.0,0.0,super built up,high,new,tarc maceo,gurgaon,3.23
194.45,3.0,3.0,3.0,1.0,sector 50,9.0,1.0,0.0,0.0,0.0,0.0,1.0,0.0,1.0,1.0,1.0,1.0,0.0,0.0,0.0,0.0,0.0,0.0,0.0,0.0,super built up,high,old,the close north,gurgaon,3.995
68.28,1.0,1.0,1.0,0.0,sector 2,24.0,1.0,0.0,0.0,0.0,1.0,0.0,0.0,1.0,0.0,0.0,1.0,0.0,0.0,0.0,1.0,0.0,0.0,0.0,0.0,super built up,mid,old,ansal api celebrity suites,gurgaon,1.02
127.28,3.0,3.0,1.0,0.0,sector 28,3.0,0.0,0.0,0.0,1.0,0.0,1.0,0.0,0.0,0.0,0.0,1.0,0.0,0.0,0.0,0.0,0.0,0.0,0.0,0.0,super built up,high,old,dlf ridgewood estate,gurgaon,3.4
132.29,2.0,2.0,3.0,1.0,sector 74,7.0,1.0,0.0,0.0,1.0,0.0,1.0,0.0,1.0,1.0,0.0,0.0,1.0,0.0,0.0,0.0,0.0,0.0,0.0,0.0,super built up,high,new,m3m skywalk,gurgaon,2.669
184.88,3.0,3.0,3.0,1.0,sector 37,13.0,0.0,0.0,0.0,1.0,0.0,1.0,0.0,1.0,1.0,1.0,0.0,1.0,0.0,1.0,0.0,0.0,0.0,0.0,0.0,carpet,high,new,corona optus,gurgaon,2.448
161.19,3.0,3.0,3.0,0.0,sector 37,13.0,0.0,0.0,0.0,1.0,0.0,1.0,0.0,1.0,1.0,1.0,0.0,1.0,0.0,1.0,0.0,0.0,0.0,0.0,0.0,super built up,mid,new,corona optus,gurgaon,2.142
114.27,2.0,2.0,2.0,0.0,sector 68,10.0,1.0,0.0,0.0,1.0,0.0,1.0,0.0,1.0,1.0,0.0,0.0,0.0,0.0,1.0,0.0,0.0,1.0,0.0,0.0,super built up,high,new,m3m sierra 68,gurgaon,1.785
314.94,4.0,4.0,3.0,1.0,sector 53,15.0,0.0,0.0,0.0,1.0,0.0,1.0,0.0,1.0,1.0,0.0,1.0,0.0,0.0,0.0,0.0,0.0,1.0,0.0,0.0,super built up,mid,old,parsvnath exotica,gurgaon,10.948
390.19,4.0,4.0,3.0,1.0,sector 62,11.0,1.0,0.0,0.0,1.0,0.0,1.0,0.0,1.0,1.0,0.0,0.0,0.0,0.0,1.0,0.0,0.0,1.0,0.0,0.0,built up,high,new,pioneer araya,gurgaon,12.851999999999999
227.61,3.0,3.0,3.0,1.0,sector 54,15.0,0.0,0.0,0.0,1.0,0.0,1.0,1.0,1.0,0.0,1.0,0.0,1.0,1.0,0.0,0.0,1.0,1.0,0.0,0.0,built up,low,old,dlf trinity towers,gurgaon,6.46
251.21,4.0,4.0,2.0,1.0,sector 54,15.0,1.0,0.0,0.0,0.0,1.0,0.0,1.0,1.0,0.0,0.0,1.0,0.0,0.0,0.0,0.0,1.0,0.0,0.0,0.0,super built up,high,old,dlf park place,gurgaon,11.475
120.77,2.0,2.0,3.0,1.0,sector 90,10.0,1.0,0.0,0.0,1.0,0.0,1.0,0.0,1.0,1.0,0.0,0.0,1.0,0.0,1.0,0.0,0.0,0.0,0.0,0.0,super built up,high,new,shree vardhman flora,gurgaon,1.088
199.74,3.0,4.0,3.0,1.0,sector 109,11.0,1.0,0.0,0.0,1.0,0.0,0.0,0.0,1.0,1.0,0.0,1.0,1.0,0.0,0.0,0.0,0.0,0.0,1.0,0.0,super built up,mid,new,ats tourmaline,gurgaon,2.975
185.81,3.0,4.0,3.0,1.0,sector 56,45.0,1.0,0.0,0.0,0.0,1.0,1.0,1.0,1.0,0.0,0.0,1.0,0.0,1.0,0.0,1.0,1.0,0.0,0.0,1.0,super built up,mid,old,kiran residency,gurgaon,2.618
153.29,3.0,3.0,3.0,1.0,sector 102,10.0,1.0,0.0,0.0,1.0,0.0,1.0,0.0,1.0,1.0,0.0,0.0,1.0,0.0,0.0,0.0,0.0,0.0,0.0,0.0,super built up,mid,new,emaar gurgaon greens,gurgaon,2.38
85.01,2.0,2.0,2.0,0.0,sector 102,13.0,1.0,0.0,0.0,1.0,1.0,0.0,0.0,1.0,1.0,0.0,0.0,1.0,0.0,1.0,0.0,0.0,1.0,0.0,0.0,super built up,high,new,shapoorji pallonji joyville gurugram,gurgaon,1.649
126.26,2.0,2.0,2.0,0.0,sector 102,13.0,1.0,0.0,0.0,1.0,1.0,0.0,0.0,1.0,1.0,0.0,0.0,1.0,0.0,1.0,0.0,0.0,1.0,0.0,0.0,super built up,high,new,shapoorji pallonji joyville gurugram,gurgaon,2.295
180.42,3.0,4.0,3.0,1.0,sector 102,15.0,0.0,0.0,0.0,1.0,0.0,1.0,0.0,1.0,1.0,1.0,1.0,1.0,0.0,1.0,0.0,0.0,0.0,1.0,0.0,super built up,high,new,conscient heritage max,gurgaon,2.975
267.1,4.0,6.0,3.0,1.0,sector 103,15.0,1.0,0.0,0.0,1.0,1.0,1.0,0.0,1.0,1.0,1.0,1.0,1.0,0.0,1.0,0.0,0.0,0.0,0.0,0.0,super built up,mid,new,indiabulls centrum park,gurgaon,3.74
162.12,3.0,3.0,3.0,0.0,sector 108,13.0,1.0,0.0,0.0,0.0,0.0,1.0,0.0,1.0,1.0,0.0,0.0,1.0,0.0,0.0,0.0,0.0,0.0,1.0,0.0,super built up,high,new,sobha city,gurgaon,4.165
218.79,4.0,6.0,3.0,1.0,sector 106,11.0,1.0,0.0,0.0,1.0,0.0,1.0,0.0,1.0,1.0,0.0,1.0,1.0,0.0,1.0,0.0,0.0,0.0,0.0,0.0,super built up,high,new,paras dews,gurgaon,2.55
205.97,3.0,4.0,3.0,1.0,sector 113,8.0,1.0,0.0,0.0,1.0,0.0,0.0,0.0,1.0,0.0,0.0,0.0,1.0,0.0,0.0,0.0,0.0,0.0,0.0,0.0,super built up,mid,new,la vida by tata housing,gurgaon,4.08
205.97,3.0,3.0,3.0,1.0,sector 113,8.0,1.0,0.0,0.0,1.0,0.0,0.0,0.0,1.0,0.0,0.0,0.0,1.0,0.0,0.0,0.0,0.0,0.0,0.0,0.0,super built up,low,new,la vida by tata housing,gurgaon,4.165
250.0,3.0,3.0,3.0,1.0,sector 113,8.0,1.0,0.0,0.0,1.0,0.0,0.0,0.0,1.0,0.0,0.0,0.0,1.0,0.0,0.0,0.0,0.0,0.0,0.0,0.0,super built up,low,new,la vida by tata housing,gurgaon,5.1
146.69,3.0,2.0,2.0,0.0,sector 113,8.0,1.0,0.0,0.0,1.0,0.0,0.0,0.0,1.0,0.0,0.0,0.0,1.0,0.0,0.0,0.0,0.0,0.0,0.0,0.0,super built up,low,new,la vida by tata housing,gurgaon,2.8049999999999997
128.67,2.0,2.0,3.0,0.0,sector 106,11.0,1.0,0.0,0.0,1.0,0.0,1.0,0.0,1.0,1.0,0.0,1.0,1.0,0.0,1.0,0.0,0.0,0.0,0.0,0.0,super built up,low,new,paras dews,gurgaon,1.496
128.67,2.0,2.0,3.0,0.0,sector 106,11.0,1.0,0.0,0.0,1.0,0.0,1.0,0.0,1.0,1.0,0.0,1.0,1.0,0.0,1.0,0.0,0.0,0.0,0.0,0.0,super built up,low,new,paras dews,gurgaon,1.496
163.51,3.0,4.0,3.0,1.0,sector 106,11.0,1.0,0.0,0.0,1.0,0.0,1.0,0.0,1.0,1.0,0.0,1.0,1.0,0.0,1.0,0.0,0.0,0.0,0.0,0.0,super built up,high,new,paras dews,gurgaon,2.176
218.79,4.0,5.0,3.0,1.0,sector 106,11.0,1.0,0.0,0.0,1.0,0.0,1.0,0.0,1.0,1.0,0.0,1.0,1.0,0.0,1.0,0.0,0.0,0.0,0.0,0.0,super built up,mid,new,paras dews,gurgaon,2.278
218.79,4.0,5.0,3.0,1.0,sector 106,11.0,1.0,0.0,0.0,1.0,0.0,1.0,0.0,1.0,1.0,0.0,1.0,1.0,0.0,1.0,0.0,0.0,0.0,0.0,0.0,super built up,high,new,paras dews,gurgaon,2.244
163.51,3.0,4.0,3.0,1.0,sector 106,11.0,1.0,0.0,0.0,1.0,0.0,1.0,0.0,1.0,1.0,0.0,1.0,1.0,0.0,1.0,0.0,0.0,0.0,0.0,0.0,super built up,high,new,paras dews,gurgaon,1.9209999999999998
218.51,4.0,5.0,3.0,1.0,sector 99,15.0,1.0,0.0,0.0,1.0,1.0,1.0,1.0,1.0,1.0,0.0,0.0,0.0,0.0,1.0,0.0,0.0,0.0,0.0,0.0,super built up,low,new,pareena coban residences,gurgaon,2.3459999999999996
185.53,3.0,3.0,3.0,1.0,sector 99,15.0,1.0,0.0,0.0,1.0,1.0,1.0,1.0,1.0,1.0,0.0,0.0,0.0,0.0,1.0,0.0,0.0,0.0,0.0,0.0,super built up,low,new,pareena coban residences,gurgaon,1.9719999999999998
205.97,3.0,3.0,3.0,1.0,sector 113,8.0,1.0,0.0,0.0,1.0,0.0,0.0,0.0,1.0,0.0,0.0,0.0,1.0,0.0,0.0,0.0,0.0,0.0,0.0,0.0,super built up,low,new,la vida by tata housing,gurgaon,3.961
249.91,3.0,4.0,3.0,1.0,sector 113,8.0,1.0,0.0,0.0,1.0,0.0,0.0,0.0,1.0,0.0,0.0,0.0,1.0,0.0,0.0,0.0,0.0,0.0,0.0,0.0,super built up,high,new,la vida by tata housing,gurgaon,5.185
169.78,3.0,2.0,1.0,1.0,sector 83,10.0,1.0,0.0,0.0,1.0,0.0,1.0,0.0,1.0,1.0,0.0,0.0,0.0,0.0,0.0,0.0,0.0,0.0,0.0,0.0,super built up,mid,new,vatika lifestyle homes,gurgaon,2.125
150.5,3.0,3.0,2.0,1.0,sector 79,9.0,0.0,0.0,0.0,1.0,0.0,0.0,0.0,1.0,1.0,0.0,1.0,1.0,0.0,0.0,0.0,0.0,0.0,0.0,0.0,super built up,low,new,mapsko mount ville,gurgaon,2.125
163.04,3.0,3.0,2.0,1.0,sector 83,10.0,1.0,0.0,0.0,1.0,0.0,1.0,0.0,1.0,1.0,0.0,0.0,0.0,0.0,0.0,0.0,0.0,0.0,0.0,0.0,super built up,high,new,vatika lifestyle homes,gurgaon,1.785
138.43,3.0,3.0,3.0,1.0,sector 79,9.0,0.0,0.0,0.0,1.0,0.0,0.0,0.0,1.0,1.0,0.0,1.0,1.0,0.0,0.0,0.0,0.0,0.0,0.0,0.0,super built up,high,new,mapsko mount ville,gurgaon,2.125
138.43,3.0,3.0,3.0,1.0,sector 79,9.0,0.0,0.0,0.0,1.0,0.0,0.0,0.0,1.0,1.0,0.0,1.0,1.0,0.0,0.0,0.0,0.0,0.0,0.0,0.0,super built up,high,new,mapsko mount ville,gurgaon,1.87
159.79,3.0,3.0,3.0,1.0,sector 83,10.0,0.0,0.0,0.0,1.0,0.0,0.0,0.0,0.0,0.0,0.0,0.0,0.0,0.0,0.0,0.0,0.0,0.0,0.0,0.0,super built up,high,new,emaar palm gardens,gurgaon,2.21
319.03,4.0,4.0,3.0,1.0,sector 84,10.0,1.0,0.0,0.0,1.0,1.0,1.0,1.0,1.0,0.0,0.0,0.0,0.0,0.0,0.0,0.0,0.0,0.0,0.0,0.0,super built up,high,new,alpha corp gurgaonone 84,gurgaon,3.8759999999999994
155.24,2.0,2.0,2.0,1.0,sector 85,13.0,1.0,0.0,0.0,1.0,0.0,1.0,0.0,1.0,1.0,0.0,0.0,1.0,0.0,1.0,0.0,0.0,0.0,1.0,0.0,super built up,mid,new,ss the leaf,gurgaon,2.04
164.62,2.0,2.0,3.0,1.0,sector 85,13.0,1.0,0.0,0.0,1.0,0.0,1.0,0.0,1.0,1.0,0.0,0.0,1.0,0.0,1.0,0.0,0.0,0.0,1.0,0.0,super built up,high,new,ss the leaf,gurgaon,2.074
152.36,2.0,2.0,3.0,1.0,sector 85,13.0,1.0,0.0,0.0,1.0,0.0,1.0,0.0,1.0,1.0,0.0,0.0,1.0,0.0,1.0,0.0,0.0,0.0,1.0,0.0,super built up,high,new,ss the leaf,gurgaon,1.87
161.74,2.0,2.0,3.0,1.0,sector 85,13.0,1.0,0.0,0.0,1.0,0.0,1.0,0.0,1.0,1.0,0.0,0.0,1.0,0.0,1.0,0.0,0.0,0.0,1.0,0.0,super built up,high,new,ss the leaf,gurgaon,1.9549999999999998
140.28,3.0,3.0,3.0,1.0,sector 79,9.0,0.0,0.0,0.0,1.0,0.0,0.0,0.0,1.0,1.0,0.0,1.0,1.0,0.0,0.0,0.0,0.0,0.0,0.0,0.0,super built up,high,new,mapsko mount ville,gurgaon,2.04
159.79,3.0,3.0,3.0,1.0,sector 83,10.0,0.0,0.0,0.0,1.0,0.0,0.0,0.0,0.0,0.0,0.0,0.0,0.0,0.0,0.0,0.0,0.0,0.0,0.0,0.0,super built up,low,new,emaar palm gardens,gurgaon,2.38
163.04,3.0,3.0,2.0,1.0,sector 83,10.0,1.0,0.0,0.0,1.0,0.0,1.0,0.0,1.0,1.0,0.0,0.0,0.0,0.0,0.0,0.0,0.0,0.0,0.0,0.0,super built up,high,new,vatika lifestyle homes,gurgaon,1.87
161.65,3.0,3.0,2.0,1.0,sector 83,15.0,1.0,0.0,0.0,0.0,0.0,0.0,0.0,1.0,0.0,0.0,0.0,0.0,1.0,0.0,0.0,0.0,0.0,0.0,0.0,super built up,low,new,vatika city homes,gurgaon,1.7
178.65,3.0,4.0,3.0,1.0,sector 84,10.0,1.0,0.0,0.0,1.0,1.0,1.0,1.0,1.0,0.0,0.0,0.0,0.0,0.0,0.0,0.0,0.0,0.0,0.0,0.0,super built up,high,new,alpha corp gurgaonone 84,gurgaon,2.584
176.52,3.0,4.0,3.0,1.0,sector 83,10.0,0.0,0.0,0.0,1.0,0.0,0.0,0.0,0.0,0.0,0.0,0.0,0.0,0.0,0.0,0.0,0.0,0.0,0.0,0.0,super built up,mid,new,emaar palm gardens,gurgaon,3.06
171.87,3.0,3.0,3.0,1.0,sector 83,10.0,0.0,0.0,0.0,1.0,0.0,0.0,0.0,0.0,0.0,0.0,0.0,0.0,0.0,0.0,0.0,0.0,0.0,0.0,0.0,super built up,mid,new,emaar palm gardens,gurgaon,2.72
168.62,3.0,4.0,3.0,1.0,sector 79,9.0,0.0,0.0,0.0,1.0,0.0,0.0,0.0,1.0,1.0,0.0,1.0,1.0,0.0,0.0,0.0,0.0,0.0,0.0,0.0,super built up,high,new,mapsko mount ville,gurgaon,2.635
150.5,3.0,3.0,2.0,1.0,sector 79,9.0,0.0,0.0,0.0,1.0,0.0,0.0,0.0,1.0,1.0,0.0,1.0,1.0,0.0,0.0,0.0,0.0,0.0,0.0,0.0,super built up,mid,new,mapsko mount ville,gurgaon,2.21
247.12,3.0,4.0,3.0,1.0,sector 81,9.0,0.0,0.0,0.0,1.0,0.0,0.0,0.0,1.0,0.0,0.0,0.0,1.0,0.0,0.0,0.0,0.0,0.0,0.0,0.0,super built up,high,new,bestech park view grand spa,gurgaon,3.8249999999999997
382.3,5.0,5.0,3.0,1.0,sector 49,13.0,1.0,0.0,0.0,1.0,0.0,0.0,1.0,1.0,0.0,0.0,0.0,0.0,0.0,1.0,1.0,0.0,0.0,0.0,0.0,super built up,high,new,orchid petals,gurgaon,8.143
158.21,3.0,3.0,3.0,1.0,sector 90,14.0,0.0,0.0,0.0,0.0,1.0,0.0,0.0,0.0,0.0,0.0,0.0,0.0,0.0,0.0,0.0,0.0,0.0,0.0,0.0,super built up,high,new,dlf regal gardens,gurgaon,2.125
175.59,3.0,3.0,3.0,0.0,sector 91,10.0,1.0,0.0,0.0,0.0,0.0,0.0,0.0,1.0,1.0,0.0,0.0,1.0,0.0,1.0,0.0,0.0,0.0,0.0,0.0,super built up,mid,new,tarc maceo,gurgaon,2.38
191.94,3.0,3.0,3.0,1.0,sector 88,7.0,1.0,0.0,0.0,0.0,1.0,0.0,0.0,1.0,0.0,0.0,0.0,1.0,0.0,0.0,0.0,0.0,0.0,0.0,0.0,carpet,mid,new,godrej oasis,gurgaon,2.3459999999999996
166.39,3.0,3.0,3.0,0.0,sector 88,7.0,1.0,0.0,0.0,0.0,1.0,0.0,0.0,1.0,0.0,0.0,0.0,1.0,0.0,0.0,0.0,0.0,0.0,0.0,0.0,carpet,mid,new,godrej oasis,gurgaon,2.21
139.63,2.0,2.0,2.0,1.0,sector 79,11.0,1.0,0.0,0.0,1.0,0.0,1.0,0.0,1.0,1.0,0.0,0.0,1.0,0.0,0.0,0.0,0.0,0.0,1.0,0.0,super built up,mid,new,godrej aria,gurgaon,1.7
134.71,2.0,2.0,3.0,1.0,sector 88,7.0,1.0,0.0,0.0,0.0,1.0,0.0,0.0,1.0,0.0,0.0,0.0,1.0,0.0,0.0,0.0,0.0,0.0,0.0,0.0,carpet,mid,new,godrej oasis,gurgaon,1.7
121.42,2.0,2.0,2.0,0.0,sector 88,7.0,1.0,0.0,0.0,0.0,1.0,0.0,0.0,1.0,0.0,0.0,0.0,1.0,0.0,0.0,0.0,0.0,0.0,0.0,0.0,carpet,mid,new,godrej oasis,gurgaon,1.615
136.75,2.0,3.0,3.0,1.0,sector 66,15.0,1.0,0.0,0.0,0.0,1.0,0.0,1.0,1.0,0.0,0.0,0.0,0.0,0.0,0.0,0.0,0.0,0.0,0.0,0.0,super built up,high,new,ireo uptown,gurgaon,3.145
181.16,4.0,3.0,3.0,1.0,sector 77,10.0,1.0,0.0,0.0,1.0,0.0,1.0,0.0,1.0,1.0,0.0,0.0,1.0,0.0,0.0,0.0,0.0,0.0,0.0,0.0,super built up,high,new,emaar mgf palm hills,gurgaon,2.8049999999999997
180.51,3.0,3.0,3.0,0.0,sector 107,6.0,0.0,0.0,0.0,0.0,0.0,0.0,0.0,1.0,1.0,0.0,0.0,0.0,0.0,0.0,0.0,0.0,0.0,0.0,0.0,super built up,high,new,m3m woodshire,gurgaon,2.244
142.51,2.0,2.0,3.0,1.0,sector 107,6.0,0.0,0.0,0.0,0.0,0.0,0.0,0.0,1.0,1.0,0.0,0.0,0.0,0.0,0.0,0.0,0.0,0.0,0.0,0.0,super built up,mid,new,m3m woodshire,gurgaon,1.734
283.82,4.0,5.0,3.0,0.0,sector 109,11.0,1.0,0.0,0.0,0.0,0.0,0.0,0.0,0.0,0.0,1.0,0.0,0.0,0.0,0.0,0.0,0.0,0.0,0.0,0.0,super built up,high,new,sbtl caladium,gurgaon,3.1959999999999997
199.65,3.0,4.0,3.0,1.0,sector 102,15.0,0.0,0.0,0.0,1.0,0.0,1.0,0.0,1.0,1.0,1.0,1.0,1.0,0.0,1.0,0.0,0.0,0.0,1.0,0.0,super built up,high,new,conscient heritage max,gurgaon,3.655
204.39,3.0,4.0,2.0,1.0,sector 111,10.0,1.0,0.0,0.0,1.0,0.0,0.0,0.0,1.0,1.0,0.0,1.0,1.0,0.0,0.0,0.0,0.0,0.0,0.0,0.0,super built up,high,old,puri diplomatic greens,gurgaon,4.386
157.94,3.0,3.0,2.0,0.0,sector 111,10.0,1.0,0.0,0.0,1.0,0.0,0.0,0.0,1.0,1.0,0.0,1.0,1.0,0.0,0.0,0.0,0.0,0.0,0.0,0.0,super built up,high,new,puri diplomatic greens,gurgaon,3.8249999999999997
199.74,3.0,4.0,3.0,1.0,sector 109,11.0,1.0,0.0,0.0,1.0,0.0,0.0,0.0,1.0,1.0,0.0,1.0,1.0,0.0,0.0,0.0,0.0,0.0,1.0,0.0,super built up,high,new,ats tourmaline,gurgaon,2.975
119.19,2.0,3.0,3.0,0.0,sector 108,9.0,1.0,0.0,0.0,1.0,0.0,1.0,0.0,1.0,1.0,0.0,0.0,1.0,0.0,0.0,0.0,0.0,0.0,0.0,0.0,super built up,high,new,experion the heartsong,gurgaon,1.581
349.59,3.0,5.0,3.0,1.0,sector 112,8.0,1.0,0.0,0.0,0.0,0.0,1.0,0.0,1.0,1.0,1.0,0.0,1.0,0.0,0.0,0.0,0.0,0.0,0.0,0.0,super built up,mid,new,experion windchants,gurgaon,8.075
199.74,3.0,4.0,3.0,1.0,sector 79,10.0,1.0,0.0,0.0,1.0,0.0,0.0,0.0,1.0,1.0,0.0,0.0,0.0,0.0,0.0,0.0,0.0,0.0,0.0,0.0,super built up,mid,new,bestech altura,gurgaon,2.924
394.84,4.0,4.0,3.0,1.0,sector 72,10.0,1.0,0.0,0.0,0.0,0.0,1.0,0.0,1.0,0.0,0.0,1.0,0.0,0.0,1.0,0.0,0.0,0.0,0.0,0.0,super built up,low,new,tata primanti,gurgaon,11.475
111.48,2.0,2.0,2.0,1.0,sector 62,11.0,1.0,0.0,0.0,1.0,0.0,1.0,0.0,1.0,1.0,0.0,1.0,0.0,0.0,0.0,0.0,0.0,0.0,0.0,0.0,built up,mid,new,emaar digihomes,gurgaon,4.165
261.24,4.0,5.0,3.0,0.0,sector 85,13.0,1.0,0.0,0.0,1.0,0.0,1.0,0.0,1.0,1.0,0.0,0.0,1.0,0.0,1.0,0.0,0.0,0.0,1.0,0.0,super built up,mid,new,ss the leaf,gurgaon,3.74
311.69,4.0,4.0,3.0,1.0,sector 72,10.0,1.0,0.0,0.0,0.0,0.0,1.0,0.0,1.0,0.0,0.0,1.0,0.0,0.0,1.0,0.0,0.0,0.0,0.0,0.0,super built up,high,new,tata primanti,gurgaon,8.924999999999999
408.77,4.0,4.0,3.0,1.0,sector 72,10.0,1.0,0.0,0.0,0.0,0.0,1.0,0.0,1.0,0.0,0.0,1.0,0.0,0.0,1.0,0.0,0.0,0.0,0.0,0.0,super built up,low,new,tata primanti,gurgaon,8.5
418.06,4.0,4.0,3.0,1.0,sector 72,10.0,1.0,0.0,0.0,0.0,0.0,1.0,0.0,1.0,0.0,0.0,1.0,0.0,0.0,1.0,0.0,0.0,0.0,0.0,0.0,built up,low,old,tata primanti,gurgaon,8.5
205.97,3.0,4.0,3.0,1.0,sector 113,8.0,1.0,0.0,0.0,1.0,0.0,0.0,0.0,1.0,0.0,0.0,0.0,1.0,0.0,0.0,0.0,0.0,0.0,0.0,0.0,built up,mid,new,la vida by tata housing,gurgaon,4.59
238.48,4.0,4.0,3.0,1.0,sector 48,15.0,1.0,1.0,0.0,1.0,0.0,1.0,1.0,1.0,1.0,0.0,1.0,0.0,1.0,0.0,1.0,0.0,0.0,0.0,0.0,super built up,high,old,bestech park view city,gurgaon,4.505
128.21,2.0,2.0,2.0,1.0,sector 22,14.0,1.0,0.0,0.0,1.0,0.0,1.0,0.0,1.0,1.0,1.0,0.0,1.0,0.0,0.0,0.0,0.0,0.0,0.0,0.0,super built up,high,new,ambience creacions,gurgaon,2.8049999999999997
172.8,3.0,3.0,3.0,1.0,sector 22,14.0,1.0,0.0,0.0,1.0,0.0,1.0,0.0,1.0,1.0,1.0,0.0,1.0,0.0,0.0,0.0,0.0,0.0,0.0,0.0,super built up,high,new,ambience creacions,gurgaon,4.335
172.8,3.0,3.0,3.0,0.0,sector 22,14.0,1.0,0.0,0.0,1.0,0.0,1.0,0.0,1.0,1.0,1.0,0.0,1.0,0.0,0.0,0.0,0.0,0.0,0.0,0.0,super built up,mid,new,ambience creacions,gurgaon,4.335
287.07,3.0,4.0,3.0,1.0,sector 22,14.0,1.0,0.0,0.0,1.0,0.0,1.0,0.0,1.0,1.0,1.0,0.0,1.0,0.0,0.0,0.0,0.0,0.0,0.0,0.0,super built up,mid,new,ambience creacions,gurgaon,7.31
186.74,4.0,4.0,2.0,1.0,sector 69,10.0,1.0,0.0,0.0,1.0,0.0,1.0,0.0,1.0,1.0,0.0,0.0,0.0,0.0,1.0,0.0,0.0,0.0,0.0,0.0,super built up,high,new,tulip violet,gurgaon,2.8899999999999997
128.21,2.0,2.0,2.0,1.0,sector 22,14.0,1.0,0.0,0.0,1.0,0.0,1.0,0.0,1.0,1.0,1.0,0.0,1.0,0.0,0.0,0.0,0.0,0.0,0.0,0.0,super built up,high,new,ambience creacions,gurgaon,4.08
146.6,2.0,3.0,3.0,1.0,sector 37,8.0,1.0,0.0,0.0,1.0,1.0,0.0,0.0,1.0,0.0,0.0,0.0,1.0,0.0,0.0,0.0,0.0,0.0,0.0,0.0,super built up,mid,new,imperia the esfera,gurgaon,1.4789999999999999
163.79,3.0,3.0,3.0,1.0,sector 37,13.0,0.0,0.0,0.0,1.0,0.0,1.0,0.0,1.0,1.0,1.0,0.0,1.0,0.0,1.0,0.0,0.0,0.0,0.0,0.0,super built up,mid,new,corona optus,gurgaon,2.125
168.62,3.0,5.0,3.0,1.0,sector 37,8.0,1.0,0.0,0.0,1.0,1.0,0.0,0.0,1.0,0.0,0.0,0.0,1.0,0.0,0.0,0.0,0.0,0.0,0.0,0.0,super built up,mid,new,imperia the esfera,gurgaon,1.683
153.29,3.0,3.0,3.0,1.0,sector 102,10.0,1.0,0.0,0.0,1.0,0.0,1.0,0.0,1.0,1.0,0.0,0.0,1.0,0.0,0.0,0.0,0.0,0.0,0.0,0.0,super built up,mid,new,emaar gurgaon greens,gurgaon,2.363
242.01,3.0,3.0,3.0,1.0,sector 50,9.0,1.0,0.0,0.0,0.0,0.0,1.0,0.0,1.0,1.0,1.0,1.0,0.0,0.0,0.0,0.0,0.0,0.0,0.0,0.0,super built up,mid,old,the close north,gurgaon,4.59
203.55,4.0,4.0,3.0,1.0,sector 37,11.0,1.0,0.0,0.0,1.0,0.0,1.0,0.0,1.0,1.0,0.0,0.0,1.0,0.0,1.0,0.0,0.0,0.0,0.0,0.0,super built up,mid,new,bptp terra,gurgaon,2.975
203.55,4.0,3.0,3.0,1.0,sector 37,11.0,1.0,0.0,0.0,1.0,0.0,1.0,0.0,1.0,1.0,0.0,0.0,1.0,0.0,1.0,0.0,0.0,0.0,0.0,0.0,super built up,high,new,bptp terra,gurgaon,2.635
203.55,4.0,3.0,3.0,1.0,sector 37,11.0,1.0,0.0,0.0,1.0,0.0,1.0,0.0,1.0,1.0,0.0,0.0,1.0,0.0,1.0,0.0,0.0,0.0,0.0,0.0,super built up,mid,new,bptp terra,gurgaon,2.72
162.58,3.0,3.0,3.0,0.0,sector 109,11.0,1.0,0.0,0.0,1.0,0.0,0.0,0.0,1.0,1.0,0.0,1.0,1.0,0.0,0.0,0.0,0.0,0.0,1.0,0.0,super built up,mid,new,ats tourmaline,gurgaon,2.38
178.84,3.0,3.0,3.0,1.0,sector 70,12.0,0.0,0.0,0.0,1.0,0.0,1.0,0.0,1.0,1.0,1.0,1.0,0.0,0.0,0.0,0.0,1.0,0.0,0.0,0.0,built up,low,new,bptp astaire gardens,gurgaon,3.06
257.16,4.0,5.0,3.0,1.0,sector 107,6.0,0.0,0.0,0.0,0.0,0.0,0.0,0.0,1.0,1.0,0.0,0.0,0.0,0.0,0.0,0.0,0.0,0.0,0.0,0.0,super built up,high,new,m3m woodshire,gurgaon,2.8049999999999997
219.99,3.0,5.0,3.0,1.0,sector 30,15.0,1.0,1.0,0.0,0.0,1.0,1.0,1.0,1.0,0.0,0.0,1.0,0.0,0.0,1.0,1.0,0.0,0.0,0.0,0.0,super built up,high,old,unitech uniworld city,gurgaon,6.034999999999999
213.68,4.0,4.0,3.0,1.0,sector 54,7.0,1.0,0.0,0.0,1.0,0.0,0.0,0.0,1.0,1.0,0.0,1.0,0.0,0.0,0.0,0.0,0.0,0.0,0.0,0.0,carpet,high,old,dlf the icon,gurgaon,10.2
163.14,3.0,4.0,3.0,1.0,sector 48,15.0,1.0,1.0,0.0,1.0,0.0,1.0,1.0,1.0,1.0,0.0,1.0,0.0,1.0,0.0,1.0,0.0,0.0,0.0,0.0,carpet,low,old,bestech park view city,gurgaon,3.06
218.32,3.0,4.0,3.0,1.0,sector 70,11.0,1.0,0.0,0.0,1.0,0.0,1.0,0.0,1.0,1.0,0.0,0.0,0.0,0.0,0.0,0.0,0.0,0.0,0.0,0.0,super built up,high,new,aipl the peaceful homes,gurgaon,4.25
218.32,4.0,3.0,3.0,1.0,sector 39,47.0,1.0,0.0,0.0,0.0,0.0,0.0,1.0,0.0,0.0,0.0,0.0,0.0,0.0,0.0,0.0,1.0,0.0,0.0,0.0,carpet,high,old,hector trimurti heights,gurgaon,2.55
163.04,3.0,2.0,2.0,0.0,sector 83,10.0,1.0,0.0,0.0,1.0,0.0,1.0,0.0,1.0,1.0,0.0,0.0,0.0,0.0,0.0,0.0,0.0,0.0,0.0,0.0,super built up,low,old,vatika lifestyle homes,gurgaon,1.768
54.91,2.0,2.0,1.0,1.0,sector 67,11.0,0.0,0.0,0.0,1.0,0.0,1.0,0.0,1.0,0.0,0.0,0.0,0.0,1.0,0.0,0.0,0.0,0.0,0.0,0.0,carpet,mid,new,pyramid urban,gurgaon,0.901
181.16,3.0,5.0,3.0,1.0,sector 70,15.0,1.0,0.0,0.0,1.0,0.0,1.0,1.0,0.0,0.0,0.0,0.0,0.0,1.0,0.0,0.0,0.0,0.0,0.0,0.0,super built up,high,new,shree vardhman victoria,gurgaon,2.788
183.48,4.0,4.0,3.0,1.0,sector 65,6.0,1.0,0.0,0.0,0.0,0.0,0.0,0.0,0.0,1.0,0.0,0.0,0.0,0.0,1.0,0.0,0.0,0.0,0.0,0.0,super built up,mid,new,emaar mgf emerald floors premier,gurgaon,4.93
153.29,3.0,3.0,3.0,1.0,sector 65,6.0,1.0,0.0,0.0,0.0,0.0,0.0,0.0,0.0,1.0,0.0,0.0,0.0,0.0,1.0,0.0,0.0,0.0,0.0,0.0,super built up,mid,new,emaar mgf emerald floors premier,gurgaon,4.012
184.23,3.0,4.0,3.0,1.0,sector 54,15.0,1.0,0.0,0.0,0.0,1.0,0.0,1.0,1.0,0.0,0.0,1.0,0.0,0.0,0.0,0.0,1.0,0.0,0.0,0.0,super built up,mid,old,dlf park place,gurgaon,8.245
183.95,3.0,3.0,2.0,1.0,sector 83,10.0,0.0,0.0,0.0,1.0,0.0,0.0,0.0,1.0,1.0,0.0,1.0,1.0,0.0,0.0,0.0,0.0,0.0,0.0,0.0,super built up,low,new,vatika gurgaon 21,gurgaon,2.125
181.16,3.0,3.0,2.0,1.0,sector 90,10.0,1.0,0.0,0.0,1.0,0.0,1.0,0.0,1.0,1.0,0.0,0.0,1.0,0.0,1.0,0.0,0.0,0.0,0.0,0.0,carpet,mid,new,shree vardhman flora,gurgaon,1.564
195.93,3.0,3.0,3.0,1.0,sector 81,9.0,1.0,0.0,0.0,0.0,0.0,0.0,0.0,1.0,1.0,0.0,1.0,0.0,0.0,0.0,0.0,0.0,0.0,0.0,0.0,carpet,high,new,dlf the ultima,gurgaon,4.59
125.6,2.0,3.0,2.0,1.0,sector 90,10.0,1.0,0.0,0.0,1.0,0.0,1.0,0.0,1.0,1.0,0.0,0.0,1.0,0.0,1.0,0.0,0.0,0.0,0.0,0.0,carpet,mid,new,shree vardhman flora,gurgaon,1.19
161.74,2.0,2.0,2.0,0.0,sector 85,13.0,1.0,0.0,0.0,1.0,0.0,1.0,0.0,1.0,1.0,0.0,0.0,1.0,0.0,1.0,0.0,0.0,0.0,1.0,0.0,carpet,high,new,ss the leaf,gurgaon,2.125
261.24,4.0,4.0,3.0,1.0,sector 85,13.0,1.0,0.0,0.0,1.0,0.0,1.0,0.0,1.0,1.0,0.0,0.0,1.0,0.0,1.0,0.0,0.0,0.0,1.0,0.0,super built up,high,new,ss the leaf,gurgaon,3.9099999999999997
223.71,3.0,4.0,3.0,1.0,sector 85,13.0,1.0,0.0,0.0,1.0,0.0,1.0,0.0,1.0,1.0,0.0,0.0,1.0,0.0,1.0,0.0,0.0,0.0,1.0,0.0,super built up,high,new,ss the leaf,gurgaon,3.4
161.19,3.0,3.0,2.0,1.0,sector 83,10.0,0.0,0.0,0.0,1.0,0.0,0.0,0.0,1.0,1.0,0.0,1.0,1.0,0.0,0.0,0.0,0.0,0.0,0.0,0.0,super built up,high,new,vatika gurgaon 21,gurgaon,1.836
129.6,3.0,3.0,3.0,1.0,sector 65,8.0,1.0,0.0,0.0,1.0,0.0,0.0,0.0,1.0,1.0,0.0,1.0,0.0,0.0,0.0,0.0,0.0,1.0,0.0,0.0,super built up,high,new,emaar mgf emerald estate,gurgaon,2.941
94.76,2.0,2.0,2.0,1.0,sector 65,8.0,1.0,0.0,0.0,1.0,0.0,0.0,0.0,1.0,1.0,0.0,1.0,0.0,0.0,0.0,0.0,0.0,1.0,0.0,0.0,super built up,mid,new,emaar mgf emerald estate,gurgaon,2.21
183.48,4.0,4.0,3.0,1.0,sector 65,6.0,1.0,0.0,0.0,0.0,0.0,0.0,0.0,0.0,1.0,0.0,0.0,0.0,0.0,1.0,0.0,0.0,0.0,0.0,0.0,super built up,mid,new,emaar mgf emerald floors premier,gurgaon,4.845
153.29,3.0,3.0,3.0,1.0,sector 65,6.0,1.0,0.0,0.0,0.0,0.0,0.0,0.0,0.0,1.0,0.0,0.0,0.0,0.0,1.0,0.0,0.0,0.0,0.0,0.0,super built up,low,new,emaar mgf emerald floors premier,gurgaon,3.8249999999999997
153.29,3.0,3.0,3.0,1.0,sector 65,6.0,1.0,0.0,0.0,0.0,0.0,0.0,0.0,0.0,1.0,0.0,0.0,0.0,0.0,1.0,0.0,0.0,0.0,0.0,0.0,super built up,low,new,emaar mgf emerald floors premier,gurgaon,3.995
183.48,4.0,4.0,3.0,1.0,sector 65,6.0,1.0,0.0,0.0,0.0,0.0,0.0,0.0,0.0,1.0,0.0,0.0,0.0,0.0,1.0,0.0,0.0,0.0,0.0,0.0,super built up,low,new,emaar mgf emerald floors premier,gurgaon,4.76
153.29,3.0,3.0,3.0,1.0,sector 65,6.0,1.0,0.0,0.0,0.0,0.0,0.0,0.0,0.0,1.0,0.0,0.0,0.0,0.0,1.0,0.0,0.0,0.0,0.0,0.0,super built up,low,new,emaar mgf emerald floors premier,gurgaon,3.995
183.48,4.0,4.0,3.0,1.0,sector 65,6.0,1.0,0.0,0.0,0.0,0.0,0.0,0.0,0.0,1.0,0.0,0.0,0.0,0.0,1.0,0.0,0.0,0.0,0.0,0.0,super built up,low,new,emaar mgf emerald floors premier,gurgaon,4.675
153.29,3.0,3.0,3.0,1.0,sector 65,6.0,1.0,0.0,0.0,0.0,0.0,0.0,0.0,0.0,1.0,0.0,0.0,0.0,0.0,1.0,0.0,0.0,0.0,0.0,0.0,super built up,low,new,emaar mgf emerald floors premier,gurgaon,4.012
223.9,4.0,4.0,3.0,1.0,sector 66,8.0,1.0,0.0,0.0,1.0,0.0,1.0,0.0,1.0,1.0,0.0,1.0,0.0,0.0,0.0,0.0,0.0,0.0,0.0,0.0,super built up,low,new,emaar mgf palm terraces select,gurgaon,5.779999999999999
124.68,2.0,2.0,2.0,0.0,sector 77,10.0,1.0,0.0,0.0,1.0,0.0,1.0,0.0,1.0,1.0,0.0,0.0,1.0,0.0,0.0,0.0,0.0,0.0,0.0,0.0,super built up,high,new,umang winter hills,gurgaon,1.36
557.42,4.0,4.0,3.0,1.0,sector 2,27.0,1.0,0.0,0.0,0.0,1.0,1.0,1.0,1.0,0.0,0.0,0.0,0.0,0.0,0.0,1.0,0.0,0.0,0.0,1.0,super built up,mid,new,.,gurgaon,11.9
174.38,3.0,4.0,3.0,1.0,sector 50,7.0,1.0,0.0,0.0,0.0,0.0,1.0,0.0,1.0,1.0,0.0,1.0,0.0,0.0,0.0,0.0,0.0,0.0,0.0,0.0,super built up,mid,old,unitech fresco,gurgaon,3.06
230.4,3.0,4.0,3.0,1.0,sector 50,9.0,1.0,0.0,0.0,0.0,0.0,1.0,0.0,1.0,1.0,1.0,1.0,0.0,0.0,0.0,0.0,0.0,0.0,0.0,0.0,super built up,mid,old,the close north,gurgaon,4.505
161.19,3.0,3.0,3.0,1.0,sector 83,10.0,0.0,0.0,0.0,1.0,0.0,0.0,0.0,1.0,1.0,0.0,1.0,1.0,0.0,0.0,0.0,0.0,0.0,0.0,0.0,super built up,low,new,vatika gurgaon 21,gurgaon,1.785
166.67,3.0,3.0,3.0,1.0,sector 50,7.0,1.0,0.0,0.0,0.0,0.0,1.0,0.0,1.0,1.0,0.0,1.0,0.0,0.0,0.0,0.0,0.0,0.0,0.0,0.0,super built up,high,old,unitech fresco,gurgaon,3.1959999999999997
142.51,2.0,2.0,3.0,1.0,sector 84,10.0,1.0,0.0,0.0,1.0,1.0,1.0,1.0,1.0,0.0,0.0,0.0,0.0,0.0,0.0,0.0,0.0,0.0,0.0,0.0,super built up,high,new,alpha corp gurgaonone 84,gurgaon,1.9549999999999998
222.04,4.0,4.0,3.0,1.0,sector 83,10.0,0.0,0.0,0.0,1.0,0.0,0.0,0.0,1.0,1.0,0.0,1.0,1.0,0.0,0.0,0.0,0.0,0.0,0.0,0.0,super built up,low,new,vatika gurgaon 21,gurgaon,2.261
251.86,3.0,4.0,2.0,1.0,sector 50,12.0,1.0,0.0,0.0,1.0,0.0,1.0,0.0,1.0,1.0,0.0,1.0,0.0,0.0,1.0,0.0,0.0,0.0,0.0,0.0,super built up,high,new,unitech harmony,gurgaon,4.42
242.01,3.0,3.0,3.0,1.0,sector 50,9.0,1.0,0.0,0.0,0.0,0.0,1.0,0.0,1.0,1.0,1.0,1.0,0.0,0.0,0.0,0.0,0.0,0.0,0.0,0.0,super built up,high,old,the close north,gurgaon,5.049
186.74,4.0,4.0,2.0,1.0,sector 69,10.0,1.0,0.0,0.0,1.0,0.0,1.0,0.0,1.0,1.0,0.0,0.0,0.0,0.0,1.0,0.0,0.0,0.0,0.0,0.0,super built up,high,new,tulip violet,gurgaon,3.06
186.74,4.0,4.0,2.0,1.0,sector 69,10.0,1.0,0.0,0.0,1.0,0.0,1.0,0.0,1.0,1.0,0.0,0.0,0.0,0.0,1.0,0.0,0.0,0.0,0.0,0.0,super built up,high,new,tulip violet,gurgaon,3.026
146.6,3.0,3.0,2.0,1.0,sector 69,10.0,1.0,0.0,0.0,1.0,0.0,1.0,0.0,1.0,1.0,0.0,0.0,0.0,0.0,1.0,0.0,0.0,0.0,0.0,0.0,super built up,mid,new,tulip violet,gurgaon,2.584
146.6,3.0,3.0,2.0,1.0,sector 69,10.0,1.0,0.0,0.0,1.0,0.0,1.0,0.0,1.0,1.0,0.0,0.0,0.0,0.0,1.0,0.0,0.0,0.0,0.0,0.0,super built up,high,new,tulip violet,gurgaon,2.635
179.3,3.0,3.0,1.0,1.0,sector 86,10.0,0.0,0.0,0.0,1.0,0.0,0.0,0.0,1.0,1.0,0.0,0.0,0.0,0.0,1.0,0.0,0.0,0.0,0.0,0.0,super built up,high,new,dlf the skycourt,gurgaon,2.635
43.48,1.0,1.0,1.0,0.0,sector 83,10.0,1.0,0.0,0.0,0.0,0.0,0.0,0.0,0.0,0.0,0.0,0.0,0.0,1.0,0.0,0.0,0.0,0.0,0.0,1.0,carpet,mid,new,sapphire eighty three,gurgaon,0.68
199.74,3.0,3.0,3.0,1.0,sector 70,11.0,1.0,0.0,0.0,1.0,0.0,1.0,0.0,1.0,1.0,0.0,0.0,0.0,0.0,0.0,0.0,0.0,0.0,0.0,0.0,super built up,high,new,aipl the peaceful homes,gurgaon,4.08
200.67,3.0,3.0,3.0,1.0,sector 82,10.0,1.0,0.0,0.0,1.0,0.0,1.0,0.0,1.0,1.0,0.0,0.0,0.0,0.0,0.0,0.0,0.0,0.0,1.0,0.0,super built up,high,new,vatika the seven lamps,gurgaon,2.329
209.16,3.0,4.0,3.0,1.0,sector 49,14.0,1.0,0.0,0.0,0.0,0.0,1.0,1.0,0.0,0.0,0.0,0.0,0.0,0.0,0.0,0.0,0.0,0.0,0.0,0.0,super built up,high,old,vatika city,gurgaon,4.505
168.71,3.0,4.0,3.0,1.0,sector 104,15.0,1.0,0.0,0.0,1.0,0.0,0.0,0.0,1.0,1.0,1.0,1.0,1.0,0.0,1.0,0.0,0.0,0.0,1.0,0.0,carpet,high,new,godrej summit,gurgaon,1.9719999999999998
167.23,3.0,4.0,3.0,1.0,sector 104,15.0,1.0,0.0,0.0,1.0,0.0,0.0,0.0,1.0,1.0,1.0,1.0,1.0,0.0,1.0,0.0,0.0,0.0,1.0,0.0,carpet,mid,new,godrej summit,gurgaon,1.785
250.84,4.0,5.0,3.0,1.0,sector 104,15.0,1.0,0.0,0.0,1.0,0.0,0.0,0.0,1.0,1.0,1.0,1.0,1.0,0.0,1.0,0.0,0.0,0.0,1.0,0.0,carpet,high,new,godrej summit,gurgaon,2.295
250.09,4.0,5.0,3.0,1.0,sector 104,15.0,1.0,0.0,0.0,1.0,0.0,0.0,0.0,1.0,1.0,1.0,1.0,1.0,0.0,1.0,0.0,0.0,0.0,1.0,0.0,carpet,high,new,godrej summit,gurgaon,2.295
181.16,3.0,3.0,3.0,1.0,sector 66,14.0,1.0,0.0,0.0,0.0,0.0,1.0,0.0,1.0,1.0,0.0,1.0,0.0,0.0,0.0,0.0,0.0,1.0,0.0,0.0,super built up,high,new,emaar mgf the palm drive,gurgaon,4.845
54.16,2.0,2.0,1.0,0.0,sector 84,15.0,1.0,0.0,0.0,0.0,0.0,0.0,1.0,1.0,1.0,0.0,0.0,1.0,1.0,1.0,0.0,0.0,0.0,0.0,0.0,super built up,mid,new,pivotal devaan,gurgaon,0.595
126.91,2.0,2.0,3.0,0.0,sector 107,6.0,0.0,0.0,0.0,0.0,0.0,0.0,0.0,1.0,1.0,0.0,0.0,0.0,0.0,0.0,0.0,0.0,0.0,0.0,0.0,super built up,low,new,m3m woodshire,gurgaon,1.496
239.6,3.0,4.0,3.0,1.0,sector 102,11.0,1.0,0.0,0.0,1.0,0.0,1.0,0.0,1.0,1.0,0.0,0.0,1.0,0.0,1.0,0.0,0.0,0.0,0.0,0.0,super built up,low,new,adani m2k oyster grande,gurgaon,4.08
260.96,4.0,5.0,3.0,1.0,sector 60,7.0,1.0,0.0,0.0,0.0,0.0,1.0,0.0,1.0,1.0,0.0,1.0,0.0,0.0,0.0,0.0,0.0,0.0,0.0,0.0,super built up,high,new,ireo skyon,gurgaon,6.12
497.03,4.0,4.0,3.0,1.0,sector 2,11.0,1.0,0.0,0.0,1.0,0.0,1.0,0.0,1.0,1.0,0.0,1.0,0.0,0.0,0.0,0.0,0.0,0.0,0.0,0.0,super built up,high,new,paras quartier,gurgaon,12.75
118.54,2.0,2.0,2.0,0.0,sector 113,8.0,1.0,0.0,0.0,1.0,0.0,0.0,0.0,1.0,0.0,0.0,0.0,1.0,0.0,0.0,0.0,0.0,0.0,0.0,0.0,super built up,mid,new,la vida by tata housing,gurgaon,2.465
185.53,3.0,3.0,3.0,0.0,sector 50,9.0,1.0,0.0,0.0,0.0,0.0,1.0,0.0,1.0,1.0,1.0,1.0,0.0,0.0,0.0,0.0,0.0,0.0,0.0,0.0,super built up,high,old,the close north,gurgaon,3.995
133.32,2.0,2.0,2.0,1.0,sector 82,10.0,1.0,0.0,0.0,1.0,0.0,1.0,0.0,1.0,1.0,0.0,0.0,0.0,0.0,0.0,0.0,0.0,0.0,1.0,0.0,super built up,high,new,vatika the seven lamps,gurgaon,1.5979999999999999
120.77,2.0,2.0,2.0,0.0,sector 82,10.0,1.0,0.0,0.0,1.0,0.0,1.0,0.0,1.0,1.0,0.0,0.0,0.0,0.0,0.0,0.0,0.0,0.0,1.0,0.0,super built up,high,new,vatika the seven lamps,gurgaon,1.36
231.42,3.0,4.0,3.0,1.0,sector 50,15.0,0.0,0.0,1.0,0.0,1.0,0.0,1.0,1.0,0.0,0.0,0.0,0.0,1.0,0.0,1.0,0.0,0.0,0.0,0.0,super built up,mid,old,the close south,gurgaon,5.27
200.67,3.0,3.0,3.0,1.0,sector 82,10.0,1.0,0.0,0.0,1.0,0.0,1.0,0.0,1.0,1.0,0.0,0.0,0.0,0.0,0.0,0.0,0.0,0.0,1.0,0.0,super built up,high,new,vatika the seven lamps,gurgaon,2.363
133.32,2.0,2.0,3.0,1.0,sector 82,10.0,1.0,0.0,0.0,1.0,0.0,1.0,0.0,1.0,1.0,0.0,0.0,0.0,0.0,0.0,0.0,0.0,0.0,1.0,0.0,super built up,high,new,vatika the seven lamps,gurgaon,1.5979999999999999
120.59,2.0,2.0,2.0,0.0,sector 82,10.0,1.0,0.0,0.0,1.0,0.0,1.0,0.0,1.0,1.0,0.0,0.0,0.0,0.0,0.0,0.0,0.0,0.0,1.0,0.0,super built up,high,new,vatika the seven lamps,gurgaon,1.326
132.85,2.0,2.0,2.0,1.0,sector 82,10.0,1.0,0.0,0.0,1.0,0.0,1.0,0.0,1.0,1.0,0.0,0.0,0.0,0.0,0.0,0.0,0.0,0.0,1.0,0.0,super built up,high,new,vatika the seven lamps,gurgaon,1.462
121.89,2.0,2.0,2.0,0.0,sector 85,5.0,0.0,0.0,0.0,0.0,0.0,0.0,0.0,0.0,1.0,0.0,1.0,1.0,0.0,0.0,0.0,0.0,0.0,0.0,0.0,super built up,mid,new,orris aster court,gurgaon,1.1560000000000001
208.47,3.0,4.0,3.0,1.0,sector 79,10.0,0.0,0.0,0.0,0.0,0.0,0.0,0.0,1.0,1.0,0.0,0.0,0.0,0.0,0.0,0.0,0.0,0.0,1.0,0.0,super built up,mid,new,godrej 101,gurgaon,3.4509999999999996
152.83,3.0,4.0,3.0,1.0,sector 85,8.0,1.0,0.0,0.0,1.0,0.0,1.0,0.0,1.0,0.0,0.0,0.0,0.0,0.0,0.0,0.0,0.0,0.0,0.0,0.0,super built up,mid,new,orris carnation residency,gurgaon,1.36
125.42,2.0,2.0,3.0,1.0,sector 90,10.0,1.0,0.0,0.0,1.0,0.0,1.0,0.0,1.0,1.0,0.0,0.0,1.0,0.0,1.0,0.0,0.0,0.0,0.0,0.0,super built up,high,new,shree vardhman flora,gurgaon,1.088
162.58,3.0,3.0,2.0,0.0,sector 84,13.0,1.0,0.0,0.0,1.0,0.0,1.0,0.0,1.0,1.0,0.0,0.0,1.0,0.0,0.0,0.0,0.0,0.0,1.0,0.0,super built up,high,new,ss the coralwood,gurgaon,1.7169999999999999
239.23,4.0,5.0,2.0,1.0,sector 90,10.0,1.0,0.0,0.0,1.0,0.0,1.0,0.0,1.0,1.0,0.0,0.0,1.0,0.0,1.0,0.0,0.0,0.0,0.0,0.0,super built up,high,new,shree vardhman flora,gurgaon,2.159
115.66,2.0,2.0,2.0,0.0,sector 83,10.0,0.0,0.0,0.0,1.0,0.0,0.0,0.0,1.0,1.0,0.0,1.0,1.0,0.0,0.0,0.0,0.0,0.0,0.0,0.0,super built up,mid,old,vatika gurgaon 21,gurgaon,1.428
223.71,3.0,4.0,3.0,1.0,sector 85,13.0,1.0,0.0,0.0,1.0,0.0,1.0,0.0,1.0,1.0,0.0,0.0,1.0,0.0,1.0,0.0,0.0,0.0,1.0,0.0,super built up,mid,old,ss the leaf,gurgaon,3.009
186.74,4.0,4.0,2.0,1.0,sector 69,10.0,1.0,0.0,0.0,1.0,0.0,1.0,0.0,1.0,1.0,0.0,0.0,0.0,0.0,1.0,0.0,0.0,0.0,0.0,0.0,super built up,low,new,tulip violet,gurgaon,2.856
183.02,4.0,4.0,1.0,1.0,sector 69,10.0,1.0,0.0,0.0,1.0,0.0,1.0,0.0,1.0,1.0,0.0,0.0,0.0,0.0,1.0,0.0,0.0,0.0,0.0,0.0,super built up,high,new,tulip violet,gurgaon,2.8219999999999996
146.6,3.0,3.0,2.0,1.0,sector 69,10.0,1.0,0.0,0.0,1.0,0.0,1.0,0.0,1.0,1.0,0.0,0.0,0.0,0.0,1.0,0.0,0.0,0.0,0.0,0.0,super built up,low,new,tulip violet,gurgaon,2.38
195.1,3.0,4.0,3.0,1.0,sector 81,9.0,1.0,0.0,0.0,0.0,0.0,0.0,0.0,1.0,1.0,0.0,1.0,0.0,0.0,0.0,0.0,0.0,0.0,0.0,0.0,super built up,high,new,dlf the ultima,gurgaon,3.893
179.3,3.0,3.0,3.0,1.0,sector 90,6.0,1.0,0.0,0.0,0.0,0.0,0.0,0.0,1.0,1.0,0.0,0.0,0.0,0.0,1.0,0.0,0.0,0.0,0.0,0.0,super built up,mid,new,dlf new town heights 1,gurgaon,2.057
109.63,3.0,3.0,2.0,0.0,sector 92,8.0,1.0,0.0,0.0,0.0,0.0,0.0,0.0,0.0,0.0,0.0,0.0,0.0,1.0,0.0,0.0,0.0,0.0,0.0,0.0,super built up,low,new,sare homes,gurgaon,0.85
124.68,2.0,2.0,2.0,1.0,sector 77,10.0,1.0,0.0,0.0,1.0,0.0,1.0,0.0,1.0,1.0,0.0,0.0,1.0,0.0,0.0,0.0,0.0,0.0,0.0,0.0,super built up,mid,new,umang winter hills,gurgaon,1.2069999999999999
183.48,4.0,4.0,3.0,1.0,sector 65,6.0,1.0,0.0,0.0,0.0,0.0,0.0,0.0,0.0,1.0,0.0,0.0,0.0,0.0,1.0,0.0,0.0,0.0,0.0,0.0,super built up,low,new,emaar mgf emerald floors premier,gurgaon,5.1
163.04,3.0,3.0,3.0,0.0,sector 90,14.0,0.0,0.0,0.0,0.0,1.0,0.0,0.0,0.0,0.0,0.0,0.0,0.0,0.0,0.0,0.0,0.0,0.0,0.0,0.0,super built up,high,new,dlf regal gardens,gurgaon,2.04
306.58,3.0,3.0,3.0,1.0,sector 72,10.0,1.0,0.0,0.0,0.0,0.0,1.0,0.0,1.0,0.0,0.0,1.0,0.0,0.0,1.0,0.0,0.0,0.0,0.0,0.0,super built up,low,old,tata primanti,gurgaon,5.5249999999999995
136.1,2.0,2.0,3.0,1.0,sector 33,6.0,1.0,0.0,0.0,0.0,0.0,0.0,0.0,1.0,1.0,0.0,0.0,0.0,0.0,0.0,0.0,0.0,0.0,0.0,0.0,super built up,mid,old,ashiana mulberry,sohna,1.53
160.72,3.0,3.0,3.0,0.0,sector 33,6.0,1.0,0.0,0.0,0.0,0.0,0.0,0.0,1.0,1.0,0.0,0.0,0.0,0.0,0.0,0.0,0.0,0.0,0.0,0.0,super built up,mid,new,ashiana mulberry,sohna,1.819
152.36,2.0,2.0,3.0,0.0,sector 85,13.0,1.0,0.0,0.0,1.0,0.0,1.0,0.0,1.0,1.0,0.0,0.0,1.0,0.0,1.0,0.0,0.0,0.0,1.0,0.0,super built up,high,new,ss the leaf,gurgaon,2.04
261.24,4.0,5.0,3.0,1.0,sector 85,13.0,1.0,0.0,0.0,1.0,0.0,1.0,0.0,1.0,1.0,0.0,0.0,1.0,0.0,1.0,0.0,0.0,0.0,1.0,0.0,super built up,low,new,ss the leaf,gurgaon,3.655
183.02,4.0,4.0,1.0,0.0,sector 69,10.0,1.0,0.0,0.0,1.0,0.0,1.0,0.0,1.0,1.0,0.0,0.0,0.0,0.0,1.0,0.0,0.0,0.0,0.0,0.0,super built up,high,new,tulip violet,gurgaon,2.924
142.88,3.0,3.0,1.0,1.0,sector 69,10.0,1.0,0.0,0.0,1.0,0.0,1.0,0.0,1.0,1.0,0.0,0.0,0.0,0.0,1.0,0.0,0.0,0.0,0.0,0.0,super built up,high,new,tulip violet,gurgaon,2.3120000000000003
183.02,4.0,4.0,1.0,0.0,sector 69,10.0,1.0,0.0,0.0,1.0,0.0,1.0,0.0,1.0,1.0,0.0,0.0,0.0,0.0,1.0,0.0,0.0,0.0,0.0,0.0,super built up,high,new,tulip violet,gurgaon,2.975
183.02,4.0,4.0,1.0,0.0,sector 69,10.0,1.0,0.0,0.0,1.0,0.0,1.0,0.0,1.0,1.0,0.0,0.0,0.0,0.0,1.0,0.0,0.0,0.0,0.0,0.0,super built up,high,new,tulip violet,gurgaon,2.975
142.88,3.0,3.0,1.0,1.0,sector 69,10.0,1.0,0.0,0.0,1.0,0.0,1.0,0.0,1.0,1.0,0.0,0.0,0.0,0.0,1.0,0.0,0.0,0.0,0.0,0.0,super built up,high,new,tulip violet,gurgaon,2.3459999999999996
145.67,3.0,3.0,1.0,1.0,sector 69,10.0,1.0,0.0,0.0,1.0,0.0,1.0,0.0,1.0,1.0,0.0,0.0,0.0,0.0,1.0,0.0,0.0,0.0,0.0,0.0,super built up,high,new,tulip violet,gurgaon,2.193
146.6,3.0,3.0,1.0,1.0,sector 69,10.0,1.0,0.0,0.0,1.0,0.0,1.0,0.0,1.0,1.0,0.0,0.0,0.0,0.0,1.0,0.0,0.0,0.0,0.0,0.0,super built up,high,new,tulip violet,gurgaon,2.329
145.67,3.0,3.0,1.0,1.0,sector 69,10.0,1.0,0.0,0.0,1.0,0.0,1.0,0.0,1.0,1.0,0.0,0.0,0.0,0.0,1.0,0.0,0.0,0.0,0.0,0.0,super built up,high,new,tulip violet,gurgaon,2.244
142.88,3.0,3.0,1.0,1.0,sector 69,10.0,1.0,0.0,0.0,1.0,0.0,1.0,0.0,1.0,1.0,0.0,0.0,0.0,0.0,1.0,0.0,0.0,0.0,0.0,0.0,super built up,high,new,tulip violet,gurgaon,2.21
179.3,3.0,3.0,3.0,1.0,sector 86,15.0,1.0,0.0,0.0,0.0,0.0,0.0,1.0,1.0,1.0,0.0,0.0,0.0,0.0,0.0,0.0,0.0,0.0,0.0,0.0,super built up,high,old,dlf new town heights 2,gurgaon,2.21
179.21,3.0,3.0,1.0,0.0,sector 86,10.0,0.0,0.0,0.0,1.0,0.0,0.0,0.0,1.0,1.0,0.0,0.0,0.0,0.0,1.0,0.0,0.0,0.0,0.0,0.0,super built up,high,new,dlf the skycourt,gurgaon,2.55
186.74,4.0,4.0,2.0,1.0,sector 69,10.0,1.0,0.0,0.0,1.0,0.0,1.0,0.0,1.0,1.0,0.0,0.0,0.0,0.0,1.0,0.0,0.0,0.0,0.0,0.0,super built up,low,new,tulip violet,gurgaon,2.856
146.6,3.0,3.0,2.0,1.0,sector 69,10.0,1.0,0.0,0.0,1.0,0.0,1.0,0.0,1.0,1.0,0.0,0.0,0.0,0.0,1.0,0.0,0.0,0.0,0.0,0.0,super built up,high,new,tulip violet,gurgaon,2.38
176.52,3.0,3.0,1.0,1.0,sector 86,10.0,0.0,0.0,0.0,1.0,0.0,0.0,0.0,1.0,1.0,0.0,0.0,0.0,0.0,1.0,0.0,0.0,0.0,0.0,0.0,super built up,high,new,dlf the skycourt,gurgaon,2.55
59.92,3.0,2.0,2.0,1.0,sector 107,10.0,0.0,0.0,0.0,1.0,0.0,0.0,0.0,1.0,0.0,0.0,0.0,1.0,0.0,0.0,0.0,0.0,0.0,0.0,0.0,carpet,mid,new,signature global solera,gurgaon,0.85
55.93,2.0,2.0,1.0,1.0,sector 107,10.0,0.0,0.0,0.0,1.0,0.0,0.0,0.0,1.0,0.0,0.0,0.0,1.0,0.0,0.0,0.0,0.0,0.0,0.0,0.0,super built up,mid,new,signature global solera,gurgaon,0.612
430.33,4.0,5.0,3.0,1.0,sector 72,45.0,1.0,0.0,0.0,0.0,1.0,1.0,1.0,0.0,0.0,0.0,0.0,0.0,1.0,0.0,1.0,0.0,1.0,0.0,0.0,super built up,high,old,spaze privy,gurgaon,5.27
51.02,2.0,2.0,1.0,1.0,sector 95,14.0,0.0,0.0,0.0,0.0,0.0,0.0,0.0,0.0,1.0,1.0,1.0,1.0,0.0,0.0,0.0,1.0,0.0,0.0,1.0,carpet,mid,new,rof ananda,gurgaon,0.527
123.19,3.0,3.0,3.0,1.0,sector 92,8.0,1.0,0.0,0.0,0.0,0.0,0.0,0.0,0.0,0.0,0.0,0.0,0.0,1.0,0.0,0.0,0.0,0.0,0.0,0.0,carpet,low,new,sare homes,gurgaon,1.2069999999999999
170.2,3.0,3.0,1.0,0.0,sector 83,10.0,1.0,0.0,0.0,1.0,0.0,1.0,0.0,1.0,1.0,0.0,0.0,0.0,0.0,0.0,0.0,0.0,0.0,0.0,0.0,super built up,mid,old,vatika lifestyle homes,gurgaon,1.9549999999999998
163.04,3.0,2.0,2.0,0.0,sector 83,10.0,1.0,0.0,0.0,1.0,0.0,1.0,0.0,1.0,1.0,0.0,0.0,0.0,0.0,0.0,0.0,0.0,0.0,0.0,0.0,super built up,low,old,vatika lifestyle homes,gurgaon,1.785
167.23,3.0,3.0,3.0,0.0,sector 61,14.0,1.0,0.0,0.0,0.0,0.0,1.0,0.0,1.0,1.0,0.0,1.0,0.0,0.0,1.0,0.0,0.0,1.0,0.0,0.0,super built up,high,new,pioneer park,gurgaon,3.57
45.43,2.0,2.0,2.0,0.0,sector 107,10.0,0.0,0.0,0.0,1.0,0.0,0.0,0.0,1.0,0.0,0.0,0.0,1.0,0.0,0.0,0.0,0.0,0.0,0.0,0.0,carpet,high,new,signature global solera,gurgaon,0.47600000000000003
45.43,2.0,2.0,2.0,0.0,sector 107,10.0,0.0,0.0,0.0,1.0,0.0,0.0,0.0,1.0,0.0,0.0,0.0,1.0,0.0,0.0,0.0,0.0,0.0,0.0,0.0,carpet,high,new,signature global solera,gurgaon,0.47600000000000003
45.43,2.0,2.0,2.0,0.0,sector 107,10.0,0.0,0.0,0.0,1.0,0.0,0.0,0.0,1.0,0.0,0.0,0.0,1.0,0.0,0.0,0.0,0.0,0.0,0.0,0.0,carpet,high,new,signature global solera,gurgaon,0.47600000000000003
45.43,2.0,2.0,2.0,0.0,sector 107,10.0,0.0,0.0,0.0,1.0,0.0,0.0,0.0,1.0,0.0,0.0,0.0,1.0,0.0,0.0,0.0,0.0,0.0,0.0,0.0,carpet,high,new,signature global solera,gurgaon,0.47600000000000003
33.45,1.0,1.0,1.0,0.0,sector 103,11.0,0.0,0.0,0.0,0.0,0.0,0.0,0.0,1.0,0.0,0.0,0.0,1.0,0.0,0.0,0.0,0.0,0.0,0.0,0.0,carpet,mid,new,signature global grand iva,gurgaon,0.408
50.82,2.0,2.0,2.0,0.0,sector 107,10.0,0.0,0.0,0.0,1.0,0.0,0.0,0.0,1.0,0.0,0.0,0.0,1.0,0.0,0.0,0.0,0.0,0.0,0.0,0.0,carpet,high,new,signature global solera,gurgaon,0.612
59.92,3.0,2.0,2.0,1.0,sector 107,10.0,0.0,0.0,0.0,1.0,0.0,0.0,0.0,1.0,0.0,0.0,0.0,1.0,0.0,0.0,0.0,0.0,0.0,0.0,0.0,carpet,high,new,signature global solera,gurgaon,0.867
50.82,2.0,2.0,2.0,0.0,sector 107,10.0,0.0,0.0,0.0,1.0,0.0,0.0,0.0,1.0,0.0,0.0,0.0,1.0,0.0,0.0,0.0,0.0,0.0,0.0,0.0,carpet,high,new,signature global solera,gurgaon,0.595
45.43,2.0,2.0,2.0,0.0,sector 107,10.0,0.0,0.0,0.0,1.0,0.0,0.0,0.0,1.0,0.0,0.0,0.0,1.0,0.0,0.0,0.0,0.0,0.0,0.0,0.0,carpet,high,new,signature global solera,gurgaon,0.47600000000000003
50.82,2.0,2.0,2.0,0.0,sector 107,10.0,0.0,0.0,0.0,1.0,0.0,0.0,0.0,1.0,0.0,0.0,0.0,1.0,0.0,0.0,0.0,0.0,0.0,0.0,0.0,carpet,high,new,signature global solera,gurgaon,0.612
153.29,3.0,3.0,3.0,1.0,sector 65,6.0,1.0,0.0,0.0,0.0,0.0,0.0,0.0,0.0,1.0,0.0,0.0,0.0,0.0,1.0,0.0,0.0,0.0,0.0,0.0,carpet,low,new,emaar mgf emerald floors premier,gurgaon,3.4
256.78,4.0,4.0,3.0,1.0,sector 66,15.0,1.0,0.0,0.0,0.0,1.0,0.0,1.0,1.0,0.0,0.0,0.0,0.0,0.0,0.0,0.0,0.0,0.0,0.0,0.0,super built up,mid,new,bptp mansions park prime,gurgaon,4.59
282.7,3.0,4.0,3.0,1.0,sector 65,9.0,1.0,0.0,0.0,1.0,0.0,1.0,0.0,1.0,1.0,0.0,1.0,0.0,0.0,1.0,0.0,1.0,0.0,0.0,0.0,super built up,high,old,m3m golfestate,gurgaon,8.398
186.74,4.0,4.0,2.0,0.0,sector 69,10.0,1.0,0.0,0.0,1.0,0.0,1.0,0.0,1.0,1.0,0.0,0.0,0.0,0.0,1.0,0.0,0.0,0.0,0.0,0.0,super built up,high,new,tulip violet,gurgaon,2.975
239.23,4.0,5.0,2.0,1.0,sector 90,10.0,1.0,0.0,0.0,1.0,0.0,1.0,0.0,1.0,1.0,0.0,0.0,1.0,0.0,1.0,0.0,0.0,0.0,0.0,0.0,super built up,high,new,shree vardhman flora,gurgaon,2.125
174.19,3.0,4.0,3.0,1.0,sector 90,10.0,1.0,0.0,0.0,1.0,0.0,1.0,0.0,1.0,1.0,0.0,0.0,1.0,0.0,1.0,0.0,0.0,0.0,0.0,0.0,super built up,mid,new,shree vardhman flora,gurgaon,1.564
229.94,4.0,5.0,2.0,1.0,sector 90,10.0,1.0,0.0,0.0,1.0,0.0,1.0,0.0,1.0,1.0,0.0,0.0,1.0,0.0,1.0,0.0,0.0,0.0,0.0,0.0,super built up,high,new,shree vardhman flora,gurgaon,2.21
44.78,2.0,2.0,1.0,0.0,sector 69,33.0,1.0,0.0,0.0,0.0,1.0,1.0,1.0,0.0,0.0,0.0,0.0,0.0,0.0,0.0,1.0,0.0,0.0,0.0,0.0,carpet,mid,new,tulip lemon,gurgaon,1.054
222.97,4.0,5.0,3.0,1.0,sector 69,11.0,1.0,0.0,0.0,1.0,0.0,1.0,0.0,1.0,1.0,1.0,1.0,0.0,0.0,1.0,0.0,0.0,0.0,0.0,0.0,super built up,mid,new,tulip purple,gurgaon,3.264
222.97,4.0,4.0,3.0,1.0,sector 56,46.0,1.0,0.0,0.0,0.0,1.0,1.0,1.0,0.0,0.0,0.0,1.0,0.0,1.0,0.0,1.0,1.0,0.0,0.0,1.0,super built up,high,new,the lions cghs,gurgaon,3.4
222.97,4.0,5.0,3.0,1.0,sector 70,10.0,1.0,0.0,0.0,1.0,0.0,1.0,0.0,1.0,1.0,0.0,0.0,0.0,0.0,1.0,0.0,0.0,0.0,0.0,0.0,super built up,low,new,tulip ivory,gurgaon,3.4
227.15,3.0,4.0,3.0,1.0,sector 1,10.0,1.0,0.0,0.0,0.0,0.0,0.0,0.0,0.0,0.0,0.0,0.0,0.0,1.0,0.0,0.0,0.0,0.0,0.0,1.0,carpet,low,new,professional society,manesar,1.275
223.71,3.0,4.0,3.0,1.0,sector 85,13.0,1.0,0.0,0.0,1.0,0.0,1.0,0.0,1.0,1.0,0.0,0.0,1.0,0.0,1.0,0.0,0.0,0.0,1.0,0.0,super built up,low,new,ss the leaf,gurgaon,3.145
130.44,2.0,2.0,3.0,1.0,sector 91,10.0,1.0,0.0,0.0,0.0,0.0,0.0,0.0,1.0,1.0,0.0,0.0,1.0,0.0,1.0,0.0,0.0,0.0,0.0,0.0,super built up,high,new,tarc maceo,gurgaon,1.513
196.95,3.0,4.0,2.0,1.0,sector 85,15.0,1.0,0.0,0.0,1.0,0.0,0.0,0.0,1.0,1.0,0.0,1.0,0.0,0.0,0.0,0.0,1.0,0.0,0.0,0.0,super built up,mid,new,orris aster court premier,gurgaon,2.125
157.19,3.0,3.0,3.0,0.0,sector 102,13.0,1.0,0.0,0.0,1.0,1.0,0.0,0.0,1.0,1.0,0.0,0.0,1.0,0.0,1.0,0.0,0.0,1.0,0.0,0.0,super built up,high,new,shapoorji pallonji joyville gurugram,gurgaon,3.655
223.99,3.0,3.0,3.0,1.0,sector 67,11.0,1.0,0.0,0.0,1.0,0.0,1.0,0.0,1.0,1.0,0.0,0.0,0.0,0.0,1.0,0.0,0.0,0.0,0.0,0.0,super built up,high,new,ireo victory valley,gurgaon,5.185
190.17,3.0,3.0,3.0,1.0,sector 67,10.0,1.0,0.0,0.0,1.0,0.0,1.0,0.0,1.0,1.0,0.0,0.0,0.0,0.0,1.0,0.0,0.0,1.0,0.0,0.0,super built up,high,new,m3m merlin,gurgaon,4.505
68.28,2.0,2.0,3.0,0.0,sector 81,10.0,1.0,0.0,0.0,1.0,0.0,0.0,0.0,1.0,0.0,0.0,0.0,1.0,0.0,1.0,0.0,0.0,0.0,0.0,0.0,super built up,mid,new,signature global synera,gurgaon,0.833
153.75,3.0,3.0,3.0,0.0,sector 70,11.0,1.0,0.0,0.0,1.0,0.0,1.0,0.0,1.0,1.0,0.0,0.0,0.0,0.0,1.0,0.0,0.0,0.0,0.0,0.0,super built up,high,new,aipl zen residences,gurgaon,3.094
68.28,2.0,2.0,3.0,0.0,sector 81,10.0,1.0,0.0,0.0,1.0,0.0,0.0,0.0,1.0,0.0,0.0,0.0,1.0,0.0,1.0,0.0,0.0,0.0,0.0,0.0,super built up,mid,new,signature global synera,gurgaon,0.85
169.27,3.0,3.0,3.0,1.0,sector 77,10.0,1.0,0.0,0.0,1.0,0.0,1.0,0.0,1.0,1.0,0.0,0.0,1.0,0.0,0.0,0.0,0.0,0.0,0.0,0.0,super built up,high,new,umang winter hills,gurgaon,1.564
181.16,3.0,4.0,3.0,1.0,sector 70,15.0,1.0,0.0,0.0,1.0,0.0,1.0,1.0,0.0,0.0,0.0,0.0,0.0,1.0,0.0,0.0,0.0,0.0,0.0,0.0,super built up,low,new,shree vardhman victoria,gurgaon,2.8049999999999997
134.71,2.0,2.0,2.0,1.0,sector 70,14.0,1.0,0.0,0.0,0.0,0.0,1.0,1.0,0.0,0.0,0.0,0.0,0.0,0.0,0.0,1.0,0.0,0.0,0.0,0.0,super built up,high,new,capital residences 360,gurgaon,1.87
183.58,3.0,3.0,3.0,1.0,sector 70,14.0,1.0,0.0,0.0,0.0,0.0,1.0,1.0,0.0,0.0,0.0,0.0,0.0,0.0,0.0,1.0,0.0,0.0,0.0,0.0,super built up,high,new,capital residences 360,gurgaon,2.635
132.39,3.0,3.0,2.0,1.0,sector 70,12.0,0.0,0.0,0.0,1.0,0.0,1.0,0.0,1.0,1.0,1.0,1.0,0.0,0.0,0.0,0.0,1.0,0.0,0.0,0.0,super built up,low,new,bptp astaire gardens,gurgaon,2.125
171.68,4.0,4.0,3.0,1.0,sector 70,12.0,0.0,0.0,0.0,1.0,0.0,1.0,0.0,1.0,1.0,1.0,1.0,0.0,0.0,0.0,0.0,1.0,0.0,0.0,0.0,super built up,low,new,bptp astaire gardens,gurgaon,2.72
125.42,2.0,2.0,3.0,1.0,sector 70,15.0,1.0,0.0,0.0,1.0,0.0,1.0,1.0,0.0,0.0,0.0,0.0,0.0,1.0,0.0,0.0,0.0,0.0,0.0,0.0,super built up,high,new,shree vardhman victoria,gurgaon,1.9549999999999998
181.16,3.0,3.0,3.0,1.0,sector 70,15.0,1.0,0.0,0.0,1.0,0.0,1.0,1.0,0.0,0.0,0.0,0.0,0.0,1.0,0.0,0.0,0.0,0.0,0.0,0.0,super built up,high,new,shree vardhman victoria,gurgaon,2.72
390.19,4.0,5.0,3.0,1.0,sector 81,9.0,0.0,0.0,0.0,1.0,0.0,0.0,0.0,1.0,0.0,0.0,0.0,1.0,0.0,0.0,0.0,0.0,0.0,0.0,0.0,super built up,high,new,bestech park view grand spa,gurgaon,6.8
247.12,3.0,4.0,3.0,1.0,sector 81,9.0,0.0,0.0,0.0,1.0,0.0,0.0,0.0,1.0,0.0,0.0,0.0,1.0,0.0,0.0,0.0,0.0,0.0,0.0,0.0,super built up,high,new,bestech park view grand spa,gurgaon,3.774
295.9,4.0,5.0,2.0,1.0,sector 81,9.0,0.0,0.0,0.0,1.0,0.0,0.0,0.0,1.0,0.0,0.0,0.0,1.0,0.0,0.0,0.0,0.0,0.0,0.0,0.0,super built up,mid,new,bestech park view grand spa,gurgaon,5.1
133.32,2.0,2.0,2.0,1.0,sector 82,10.0,1.0,0.0,0.0,1.0,0.0,1.0,0.0,1.0,1.0,0.0,0.0,0.0,0.0,0.0,0.0,0.0,0.0,1.0,0.0,super built up,high,new,vatika the seven lamps,gurgaon,1.7
512.27,5.0,7.0,3.0,1.0,sector 62,11.0,1.0,0.0,0.0,1.0,0.0,1.0,0.0,1.0,1.0,0.0,0.0,0.0,0.0,1.0,0.0,0.0,1.0,0.0,0.0,super built up,high,new,pioneer araya,gurgaon,18.275
435.72,4.0,6.0,3.0,1.0,sector 62,11.0,1.0,0.0,0.0,1.0,0.0,1.0,0.0,1.0,1.0,0.0,0.0,0.0,0.0,1.0,0.0,0.0,1.0,0.0,0.0,super built up,high,new,pioneer araya,gurgaon,15.538
397.53,4.0,6.0,3.0,1.0,sector 62,11.0,1.0,0.0,0.0,1.0,0.0,1.0,0.0,1.0,1.0,0.0,0.0,0.0,0.0,1.0,0.0,0.0,1.0,0.0,0.0,super built up,high,new,pioneer araya,gurgaon,14.194999999999999
190.45,3.0,3.0,3.0,1.0,sector 1,11.0,1.0,0.0,0.0,0.0,0.0,0.0,0.0,0.0,0.0,0.0,0.0,0.0,1.0,0.0,0.0,0.0,0.0,0.0,1.0,super built up,low,old,hsiidc sidco shivalik apartments,manesar,1.2409999999999999
241.55,3.0,4.0,3.0,1.0,sector 1,11.0,1.0,0.0,0.0,0.0,0.0,0.0,0.0,0.0,0.0,0.0,0.0,0.0,1.0,0.0,0.0,0.0,0.0,0.0,1.0,super built up,mid,old,imt view society,manesar,1.615
116.13,2.0,2.0,3.0,0.0,sector 1,11.0,1.0,0.0,0.0,0.0,0.0,0.0,0.0,0.0,0.0,0.0,0.0,0.0,1.0,0.0,0.0,0.0,0.0,0.0,1.0,super built up,mid,old,hsiidc sidco shivalik apartments,manesar,0.816
240.43,3.0,3.0,3.0,1.0,sector 1,11.0,1.0,0.0,0.0,0.0,0.0,0.0,0.0,0.0,0.0,0.0,0.0,0.0,1.0,0.0,0.0,0.0,0.0,0.0,1.0,super built up,low,old,hsiidc sidco aravali,manesar,1.462
240.43,3.0,3.0,3.0,1.0,sector 1,11.0,1.0,0.0,0.0,0.0,0.0,0.0,0.0,0.0,0.0,0.0,0.0,0.0,1.0,0.0,0.0,0.0,0.0,0.0,1.0,super built up,low,old,hsiidc sidco aravali,manesar,1.377
190.17,3.0,3.0,3.0,1.0,sector 67,10.0,1.0,0.0,0.0,1.0,0.0,1.0,0.0,1.0,1.0,0.0,0.0,0.0,0.0,1.0,0.0,0.0,1.0,0.0,0.0,super built up,high,new,m3m merlin,gurgaon,4.93
46.45,1.0,1.0,2.0,0.0,sector 71,15.0,1.0,0.0,0.0,0.0,0.0,1.0,1.0,1.0,1.0,0.0,0.0,0.0,1.0,0.0,0.0,0.0,0.0,0.0,0.0,super built up,low,new,signature andour heights,gurgaon,0.629
65.03,2.0,2.0,1.0,0.0,sector 71,15.0,1.0,0.0,0.0,0.0,0.0,1.0,1.0,1.0,1.0,0.0,0.0,0.0,1.0,0.0,0.0,0.0,0.0,0.0,0.0,super built up,mid,old,signature andour heights,gurgaon,1.003
55.74,2.0,2.0,1.0,1.0,sector 71,15.0,1.0,0.0,0.0,0.0,0.0,1.0,1.0,1.0,1.0,0.0,0.0,0.0,1.0,0.0,0.0,0.0,0.0,0.0,0.0,super built up,mid,new,signature andour heights,gurgaon,1.02
41.81,1.0,1.0,2.0,0.0,sector 71,15.0,1.0,0.0,0.0,0.0,0.0,1.0,1.0,1.0,1.0,0.0,0.0,0.0,1.0,0.0,0.0,0.0,0.0,0.0,0.0,built up,low,new,signature andour heights,gurgaon,0.629
126.91,2.0,2.0,3.0,0.0,sector 107,6.0,0.0,0.0,0.0,0.0,0.0,0.0,0.0,1.0,1.0,0.0,0.0,0.0,0.0,0.0,0.0,0.0,0.0,0.0,0.0,super built up,mid,new,m3m woodshire,gurgaon,1.53
181.16,3.0,5.0,3.0,1.0,sector 70,15.0,1.0,0.0,0.0,1.0,0.0,1.0,1.0,0.0,0.0,0.0,0.0,0.0,1.0,0.0,0.0,0.0,0.0,0.0,0.0,super built up,high,new,shree vardhman victoria,gurgaon,2.8219999999999996
253.35,4.0,4.0,3.0,1.0,sector 90,6.0,1.0,0.0,0.0,0.0,0.0,0.0,0.0,1.0,1.0,0.0,0.0,0.0,0.0,1.0,0.0,0.0,0.0,0.0,0.0,super built up,high,old,dlf new town heights 1,gurgaon,3.4
181.16,3.0,5.0,3.0,1.0,sector 70,15.0,1.0,0.0,0.0,1.0,0.0,1.0,1.0,0.0,0.0,0.0,0.0,0.0,1.0,0.0,0.0,0.0,0.0,0.0,0.0,super built up,mid,old,shree vardhman victoria,gurgaon,2.839
120.77,2.0,2.0,2.0,0.0,sector 70,15.0,1.0,0.0,0.0,1.0,0.0,1.0,1.0,0.0,0.0,0.0,0.0,0.0,1.0,0.0,0.0,0.0,0.0,0.0,0.0,carpet,high,new,shree vardhman victoria,gurgaon,1.87
181.16,3.0,5.0,3.0,1.0,sector 70,15.0,1.0,0.0,0.0,1.0,0.0,1.0,1.0,0.0,0.0,0.0,0.0,0.0,1.0,0.0,0.0,0.0,0.0,0.0,0.0,super built up,mid,new,shree vardhman victoria,gurgaon,2.72
125.42,2.0,2.0,3.0,1.0,sector 70,15.0,1.0,0.0,0.0,1.0,0.0,1.0,1.0,0.0,0.0,0.0,0.0,0.0,1.0,0.0,0.0,0.0,0.0,0.0,0.0,super built up,high,new,shree vardhman victoria,gurgaon,1.819
186.74,4.0,4.0,2.0,0.0,sector 69,10.0,1.0,0.0,0.0,1.0,0.0,1.0,0.0,1.0,1.0,0.0,0.0,0.0,0.0,1.0,0.0,0.0,0.0,0.0,0.0,super built up,mid,new,tulip violet,gurgaon,2.992
146.6,3.0,3.0,2.0,1.0,sector 69,10.0,1.0,0.0,0.0,1.0,0.0,1.0,0.0,1.0,1.0,0.0,0.0,0.0,0.0,1.0,0.0,0.0,0.0,0.0,0.0,super built up,mid,new,tulip violet,gurgaon,2.635
538.84,4.0,5.0,3.0,1.0,sector 2,14.0,0.0,0.0,0.0,0.0,0.0,0.0,0.0,1.0,0.0,0.0,0.0,0.0,0.0,0.0,0.0,0.0,0.0,0.0,1.0,super built up,high,new,krrish provence estate,gurgaon,9.35
51.1,2.0,2.0,1.0,1.0,sector 99,8.0,1.0,0.0,0.0,1.0,0.0,0.0,0.0,1.0,1.0,0.0,0.0,1.0,0.0,0.0,0.0,0.0,0.0,0.0,0.0,carpet,mid,new,prime habitat,gurgaon,0.442
112.88,2.0,2.0,2.0,0.0,sector 102,13.0,1.0,0.0,0.0,1.0,1.0,0.0,0.0,1.0,1.0,0.0,0.0,1.0,0.0,1.0,0.0,0.0,1.0,0.0,0.0,super built up,high,new,shapoorji pallonji joyville gurugram,gurgaon,2.125
199.65,3.0,4.0,3.0,1.0,sector 102,15.0,0.0,0.0,0.0,1.0,0.0,1.0,0.0,1.0,1.0,1.0,1.0,1.0,0.0,1.0,0.0,0.0,0.0,1.0,0.0,super built up,high,new,conscient heritage max,gurgaon,3.57
128.67,2.0,2.0,3.0,0.0,sector 106,11.0,1.0,0.0,0.0,1.0,0.0,1.0,0.0,1.0,1.0,0.0,1.0,1.0,0.0,1.0,0.0,0.0,0.0,0.0,0.0,super built up,low,new,paras dews,gurgaon,1.615
128.67,2.0,2.0,3.0,0.0,sector 106,11.0,1.0,0.0,0.0,1.0,0.0,1.0,0.0,1.0,1.0,0.0,1.0,1.0,0.0,1.0,0.0,0.0,0.0,0.0,0.0,super built up,low,new,paras dews,gurgaon,1.564
163.51,3.0,4.0,3.0,1.0,sector 106,11.0,1.0,0.0,0.0,1.0,0.0,1.0,0.0,1.0,1.0,0.0,1.0,1.0,0.0,1.0,0.0,0.0,0.0,0.0,0.0,super built up,mid,new,paras dews,gurgaon,2.125
128.67,2.0,2.0,3.0,0.0,sector 106,11.0,1.0,0.0,0.0,1.0,0.0,1.0,0.0,1.0,1.0,0.0,1.0,1.0,0.0,1.0,0.0,0.0,0.0,0.0,0.0,super built up,low,new,paras dews,gurgaon,1.4789999999999999
163.51,3.0,4.0,3.0,1.0,sector 106,11.0,1.0,0.0,0.0,1.0,0.0,1.0,0.0,1.0,1.0,0.0,1.0,1.0,0.0,1.0,0.0,0.0,0.0,0.0,0.0,super built up,high,new,paras dews,gurgaon,2.04
128.21,2.0,2.0,3.0,1.0,sector 37,15.0,1.0,1.0,0.0,0.0,0.0,1.0,1.0,1.0,0.0,0.0,0.0,0.0,0.0,0.0,1.0,0.0,1.0,0.0,0.0,super built up,high,new,ramprastha the edge towers,gurgaon,1.36
164.44,3.0,3.0,3.0,1.0,sector 37,15.0,1.0,1.0,0.0,0.0,0.0,1.0,1.0,1.0,0.0,0.0,0.0,0.0,0.0,0.0,1.0,0.0,1.0,0.0,0.0,super built up,mid,new,ramprastha the edge towers,gurgaon,1.666
118.54,2.0,2.0,2.0,0.0,sector 113,8.0,1.0,0.0,0.0,1.0,0.0,0.0,0.0,1.0,0.0,0.0,0.0,1.0,0.0,0.0,0.0,0.0,0.0,0.0,0.0,super built up,low,new,la vida by tata housing,gurgaon,2.244
185.81,3.0,3.0,3.0,1.0,sector 56,46.0,1.0,0.0,0.0,0.0,1.0,1.0,1.0,0.0,0.0,0.0,1.0,0.0,1.0,0.0,1.0,1.0,0.0,0.0,1.0,super built up,mid,old,shri banke bihari society,gurgaon,2.295
274.06,4.0,5.0,3.0,1.0,sector 111,10.0,1.0,0.0,0.0,1.0,0.0,0.0,0.0,1.0,1.0,0.0,1.0,1.0,0.0,0.0,0.0,0.0,0.0,0.0,0.0,super built up,high,new,puri diplomatic greens,gurgaon,5.865
247.12,3.0,4.0,3.0,1.0,sector 81,9.0,0.0,0.0,0.0,1.0,0.0,0.0,0.0,1.0,0.0,0.0,0.0,1.0,0.0,0.0,0.0,0.0,0.0,0.0,0.0,super built up,high,new,bestech park view grand spa,gurgaon,4.08
266.82,4.0,4.0,3.0,1.0,sector 81,9.0,1.0,0.0,0.0,0.0,0.0,0.0,0.0,1.0,1.0,0.0,1.0,0.0,0.0,0.0,0.0,0.0,0.0,0.0,0.0,super built up,high,new,dlf the ultima,gurgaon,5.865
198.07,3.0,3.0,3.0,1.0,sector 81,9.0,1.0,0.0,0.0,0.0,0.0,0.0,0.0,1.0,1.0,0.0,1.0,0.0,0.0,0.0,0.0,0.0,0.0,0.0,0.0,super built up,high,new,dlf the ultima,gurgaon,3.8249999999999997
161.19,3.0,3.0,3.0,1.0,sector 37,13.0,0.0,0.0,0.0,1.0,0.0,1.0,0.0,1.0,1.0,1.0,0.0,1.0,0.0,1.0,0.0,0.0,0.0,0.0,0.0,super built up,low,new,corona optus,gurgaon,2.125
184.88,3.0,3.0,3.0,1.0,sector 37,13.0,0.0,0.0,0.0,1.0,0.0,1.0,0.0,1.0,1.0,1.0,0.0,1.0,0.0,1.0,0.0,0.0,0.0,0.0,0.0,super built up,low,new,corona optus,gurgaon,2.431
163.79,3.0,3.0,3.0,1.0,sector 37,13.0,0.0,0.0,0.0,1.0,0.0,1.0,0.0,1.0,1.0,1.0,0.0,1.0,0.0,1.0,0.0,0.0,0.0,0.0,0.0,super built up,low,new,corona optus,gurgaon,2.159
184.88,3.0,3.0,3.0,1.0,sector 37,13.0,0.0,0.0,0.0,1.0,0.0,1.0,0.0,1.0,1.0,1.0,0.0,1.0,0.0,1.0,0.0,0.0,0.0,0.0,0.0,super built up,low,new,corona optus,gurgaon,2.431
161.19,3.0,3.0,3.0,1.0,sector 37,13.0,0.0,0.0,0.0,1.0,0.0,1.0,0.0,1.0,1.0,1.0,0.0,1.0,0.0,1.0,0.0,0.0,0.0,0.0,0.0,super built up,low,new,corona optus,gurgaon,2.125
184.88,3.0,3.0,3.0,1.0,sector 37,13.0,0.0,0.0,0.0,1.0,0.0,1.0,0.0,1.0,1.0,1.0,0.0,1.0,0.0,1.0,0.0,0.0,0.0,0.0,0.0,super built up,low,new,corona optus,gurgaon,2.448
163.79,3.0,3.0,3.0,1.0,sector 37,13.0,0.0,0.0,0.0,1.0,0.0,1.0,0.0,1.0,1.0,1.0,0.0,1.0,0.0,1.0,0.0,0.0,0.0,0.0,0.0,super built up,low,new,corona optus,gurgaon,2.159
189.06,3.0,4.0,3.0,1.0,sector 37,8.0,1.0,0.0,0.0,1.0,1.0,0.0,0.0,1.0,0.0,0.0,0.0,1.0,0.0,0.0,0.0,0.0,0.0,0.0,0.0,super built up,high,new,imperia the esfera,gurgaon,1.87
241.55,4.0,5.0,3.0,1.0,sector 37,8.0,1.0,0.0,0.0,1.0,1.0,0.0,0.0,1.0,0.0,0.0,0.0,1.0,0.0,0.0,0.0,0.0,0.0,0.0,0.0,super built up,high,new,imperia the esfera,gurgaon,2.38
168.62,3.0,4.0,3.0,1.0,sector 37,8.0,1.0,0.0,0.0,1.0,1.0,0.0,0.0,1.0,0.0,0.0,0.0,1.0,0.0,0.0,0.0,0.0,0.0,0.0,0.0,super built up,high,new,imperia the esfera,gurgaon,1.683
146.6,2.0,3.0,3.0,1.0,sector 37,8.0,1.0,0.0,0.0,1.0,1.0,0.0,0.0,1.0,0.0,0.0,0.0,1.0,0.0,0.0,0.0,0.0,0.0,0.0,0.0,super built up,high,new,imperia the esfera,gurgaon,1.462
168.62,3.0,4.0,3.0,1.0,sector 37,8.0,1.0,0.0,0.0,1.0,1.0,0.0,0.0,1.0,0.0,0.0,0.0,1.0,0.0,0.0,0.0,0.0,0.0,0.0,0.0,super built up,high,new,imperia the esfera,gurgaon,1.666
146.6,2.0,3.0,3.0,1.0,sector 37,8.0,1.0,0.0,0.0,1.0,1.0,0.0,0.0,1.0,0.0,0.0,0.0,1.0,0.0,0.0,0.0,0.0,0.0,0.0,0.0,super built up,high,new,imperia the esfera,gurgaon,1.4449999999999998
185.62,4.0,3.0,3.0,1.0,sector 37,11.0,1.0,0.0,0.0,1.0,0.0,1.0,0.0,1.0,1.0,0.0,0.0,1.0,0.0,1.0,0.0,0.0,0.0,0.0,0.0,super built up,high,new,bptp terra,gurgaon,3.043
168.25,3.0,3.0,3.0,1.0,sector 37,11.0,1.0,0.0,0.0,1.0,0.0,1.0,0.0,1.0,1.0,0.0,0.0,1.0,0.0,1.0,0.0,0.0,0.0,0.0,0.0,super built up,high,new,bptp terra,gurgaon,2.55
203.55,4.0,3.0,3.0,1.0,sector 37,11.0,1.0,0.0,0.0,1.0,0.0,1.0,0.0,1.0,1.0,0.0,0.0,1.0,0.0,1.0,0.0,0.0,0.0,0.0,0.0,super built up,high,new,bptp terra,gurgaon,3.009
168.25,3.0,3.0,3.0,1.0,sector 37,11.0,1.0,0.0,0.0,1.0,0.0,1.0,0.0,1.0,1.0,0.0,0.0,1.0,0.0,1.0,0.0,0.0,0.0,0.0,0.0,super built up,high,new,bptp terra,gurgaon,2.55
170.2,3.0,3.0,3.0,1.0,sector 37,11.0,1.0,0.0,0.0,1.0,0.0,1.0,0.0,1.0,1.0,0.0,0.0,1.0,0.0,1.0,0.0,0.0,0.0,0.0,0.0,super built up,high,new,bptp terra,gurgaon,2.533
203.55,4.0,3.0,3.0,1.0,sector 37,11.0,1.0,0.0,0.0,1.0,0.0,1.0,0.0,1.0,1.0,0.0,0.0,1.0,0.0,1.0,0.0,0.0,0.0,0.0,0.0,super built up,high,new,bptp terra,gurgaon,3.06
155.24,2.0,2.0,2.0,0.0,sector 85,13.0,1.0,0.0,0.0,1.0,0.0,1.0,0.0,1.0,1.0,0.0,0.0,1.0,0.0,1.0,0.0,0.0,0.0,1.0,0.0,super built up,high,new,ss the leaf,gurgaon,1.802
164.62,2.0,2.0,3.0,0.0,sector 85,13.0,1.0,0.0,0.0,1.0,0.0,1.0,0.0,1.0,1.0,0.0,0.0,1.0,0.0,1.0,0.0,0.0,0.0,1.0,0.0,super built up,high,new,ss the leaf,gurgaon,1.9379999999999997
54.16,2.0,2.0,1.0,1.0,sector 84,15.0,1.0,0.0,0.0,0.0,0.0,0.0,1.0,1.0,1.0,0.0,0.0,1.0,1.0,1.0,0.0,0.0,0.0,0.0,0.0,super built up,high,new,pivotal devaan,gurgaon,0.612
44.87,2.0,2.0,1.0,1.0,sector 84,15.0,1.0,0.0,0.0,0.0,0.0,0.0,1.0,1.0,1.0,0.0,0.0,1.0,1.0,1.0,0.0,0.0,0.0,0.0,0.0,carpet,low,new,pivotal devaan,gurgaon,0.5780000000000001
54.16,2.0,2.0,1.0,1.0,sector 84,15.0,1.0,0.0,0.0,0.0,0.0,0.0,1.0,1.0,1.0,0.0,0.0,1.0,1.0,1.0,0.0,0.0,0.0,0.0,0.0,super built up,low,new,pivotal devaan,gurgaon,0.5780000000000001
54.16,2.0,2.0,1.0,1.0,sector 84,15.0,1.0,0.0,0.0,0.0,0.0,0.0,1.0,1.0,1.0,0.0,0.0,1.0,1.0,1.0,0.0,0.0,0.0,0.0,0.0,super built up,high,new,pivotal devaan,gurgaon,0.595
152.36,2.0,2.0,3.0,0.0,sector 85,13.0,1.0,0.0,0.0,1.0,0.0,1.0,0.0,1.0,1.0,0.0,0.0,1.0,0.0,1.0,0.0,0.0,0.0,1.0,0.0,super built up,high,new,ss the leaf,gurgaon,1.785
204.39,3.0,3.0,2.0,0.0,sector 49,14.0,1.0,0.0,0.0,0.0,0.0,1.0,1.0,0.0,0.0,0.0,0.0,0.0,0.0,0.0,0.0,0.0,0.0,0.0,0.0,carpet,low,old,vatika city,gurgaon,2.924
181.16,3.0,5.0,3.0,1.0,sector 70,15.0,1.0,0.0,0.0,1.0,0.0,1.0,1.0,0.0,0.0,0.0,0.0,0.0,1.0,0.0,0.0,0.0,0.0,0.0,0.0,super built up,high,new,shree vardhman victoria,gurgaon,2.635
181.16,3.0,5.0,3.0,1.0,sector 70,15.0,1.0,0.0,0.0,1.0,0.0,1.0,1.0,0.0,0.0,0.0,0.0,0.0,1.0,0.0,0.0,0.0,0.0,0.0,0.0,super built up,mid,new,shree vardhman victoria,gurgaon,2.55
199.74,4.0,4.0,3.0,1.0,sector 56,46.0,1.0,0.0,0.0,0.0,1.0,1.0,1.0,0.0,0.0,0.0,1.0,0.0,1.0,0.0,1.0,1.0,0.0,0.0,1.0,super built up,mid,new,the lions cghs,gurgaon,3.4849999999999994
227.61,3.0,2.0,3.0,1.0,sector 56,47.0,1.0,0.0,0.0,0.0,1.0,0.0,1.0,0.0,0.0,0.0,1.0,0.0,1.0,0.0,1.0,1.0,0.0,0.0,1.0,super built up,mid,new,mariners home,gurgaon,3.5869999999999997
217.67,3.0,4.0,2.0,1.0,sector 108,13.0,1.0,0.0,0.0,0.0,0.0,1.0,0.0,1.0,1.0,0.0,0.0,1.0,0.0,0.0,0.0,0.0,0.0,1.0,0.0,super built up,high,new,sobha city,gurgaon,6.715
140.1,2.0,2.0,3.0,1.0,sector 62,11.0,1.0,0.0,0.0,1.0,0.0,1.0,0.0,1.0,1.0,0.0,1.0,0.0,0.0,0.0,0.0,0.0,0.0,0.0,0.0,super built up,high,new,emaar digihomes,gurgaon,3.57
312.43,3.0,3.0,3.0,1.0,sector 65,9.0,1.0,0.0,0.0,1.0,0.0,1.0,0.0,1.0,1.0,0.0,1.0,0.0,0.0,1.0,0.0,1.0,0.0,0.0,0.0,super built up,high,old,m3m golfestate,gurgaon,10.455
312.43,3.0,3.0,3.0,1.0,sector 65,9.0,1.0,0.0,0.0,1.0,0.0,1.0,0.0,1.0,1.0,0.0,1.0,0.0,0.0,1.0,0.0,1.0,0.0,0.0,0.0,super built up,high,old,m3m golfestate,gurgaon,10.37
167.13,3.0,3.0,3.0,1.0,sector 82,7.0,1.0,0.0,0.0,0.0,0.0,0.0,0.0,0.0,1.0,0.0,0.0,0.0,0.0,0.0,0.0,0.0,0.0,0.0,0.0,super built up,mid,new,dlf the primus,gurgaon,2.703
185.81,3.0,4.0,3.0,1.0,sector 77,10.0,1.0,0.0,0.0,1.0,0.0,1.0,0.0,1.0,1.0,0.0,0.0,1.0,0.0,0.0,0.0,0.0,0.0,0.0,0.0,super built up,mid,new,emaar mgf palm hills,gurgaon,1.836
188.13,3.0,4.0,3.0,1.0,sector 77,10.0,1.0,0.0,0.0,1.0,0.0,1.0,0.0,1.0,1.0,0.0,0.0,1.0,0.0,0.0,0.0,0.0,0.0,0.0,0.0,super built up,mid,new,emaar mgf palm hills,gurgaon,1.853
86.4,2.0,2.0,2.0,0.0,sector 70,11.0,1.0,0.0,0.0,1.0,0.0,1.0,0.0,1.0,1.0,0.0,0.0,0.0,0.0,0.0,0.0,0.0,0.0,0.0,0.0,super built up,mid,new,aipl club residences,gurgaon,1.4449999999999998
217.67,3.0,5.0,2.0,1.0,sector 108,13.0,1.0,0.0,0.0,0.0,0.0,1.0,0.0,1.0,1.0,0.0,0.0,1.0,0.0,0.0,0.0,0.0,0.0,1.0,0.0,super built up,high,new,sobha city,gurgaon,6.715
158.96,3.0,3.0,2.0,0.0,sector 108,13.0,1.0,0.0,0.0,0.0,0.0,1.0,0.0,1.0,1.0,0.0,0.0,1.0,0.0,0.0,0.0,0.0,0.0,1.0,0.0,super built up,high,new,sobha city,gurgaon,4.25
241.55,4.0,4.0,3.0,1.0,sector 56,46.0,1.0,0.0,0.0,0.0,1.0,1.0,1.0,0.0,0.0,0.0,1.0,0.0,1.0,0.0,1.0,1.0,0.0,0.0,1.0,super built up,mid,new,the lions cghs,gurgaon,3.4849999999999994
278.71,4.0,4.0,3.0,1.0,sector 56,46.0,1.0,0.0,0.0,0.0,1.0,1.0,1.0,0.0,0.0,0.0,1.0,0.0,1.0,0.0,1.0,1.0,0.0,0.0,1.0,super built up,low,new,meditech apartment,gurgaon,4.165
185.81,3.0,3.0,3.0,1.0,sector 56,45.0,1.0,0.0,0.0,0.0,1.0,1.0,1.0,1.0,0.0,0.0,1.0,0.0,1.0,0.0,1.0,1.0,0.0,0.0,1.0,super built up,mid,new,kiran residency,gurgaon,2.55
176.52,3.0,3.0,3.0,1.0,sector 52,47.0,1.0,0.0,0.0,0.0,1.0,0.0,1.0,0.0,0.0,0.0,1.0,0.0,1.0,0.0,1.0,1.0,0.0,0.0,1.0,super built up,mid,new,shree kirpalu gi sector 52,gurgaon,2.465
152.36,2.0,2.0,3.0,0.0,sector 85,13.0,1.0,0.0,0.0,1.0,0.0,1.0,0.0,1.0,1.0,0.0,0.0,1.0,0.0,1.0,0.0,0.0,0.0,1.0,0.0,super built up,mid,new,ss the leaf,gurgaon,2.04
153.29,3.0,3.0,3.0,1.0,sector 65,6.0,1.0,0.0,0.0,0.0,0.0,0.0,0.0,0.0,1.0,0.0,0.0,0.0,0.0,1.0,0.0,0.0,0.0,0.0,0.0,super built up,low,new,emaar mgf emerald floors premier,gurgaon,4.08
198.07,3.0,3.0,2.0,1.0,sector 81,9.0,1.0,0.0,0.0,0.0,0.0,0.0,0.0,1.0,1.0,0.0,1.0,0.0,0.0,0.0,0.0,0.0,0.0,0.0,0.0,super built up,high,new,dlf the ultima,gurgaon,4.25
159.79,3.0,3.0,3.0,1.0,sector 83,10.0,0.0,0.0,0.0,1.0,0.0,0.0,0.0,0.0,0.0,0.0,0.0,0.0,0.0,0.0,0.0,0.0,0.0,0.0,0.0,super built up,mid,new,emaar palm gardens,gurgaon,2.635
176.52,3.0,3.0,3.0,1.0,sector 83,10.0,0.0,0.0,0.0,1.0,0.0,0.0,0.0,0.0,0.0,0.0,0.0,0.0,0.0,0.0,0.0,0.0,0.0,0.0,0.0,super built up,mid,new,emaar palm gardens,gurgaon,2.992
176.52,3.0,3.0,3.0,1.0,sector 83,10.0,0.0,0.0,0.0,1.0,0.0,0.0,0.0,0.0,0.0,0.0,0.0,0.0,0.0,0.0,0.0,0.0,0.0,0.0,0.0,super built up,mid,new,emaar palm gardens,gurgaon,2.992
210.15,3.0,4.0,2.0,1.0,sector 80,10.0,1.0,0.0,0.0,0.0,0.0,0.0,0.0,0.0,0.0,0.0,0.0,0.0,1.0,0.0,0.0,0.0,0.0,0.0,1.0,super built up,high,old,godrej frontier,gurgaon,2.38
179.12,3.0,3.0,3.0,1.0,sector 80,10.0,1.0,0.0,0.0,0.0,0.0,0.0,0.0,0.0,0.0,0.0,0.0,0.0,1.0,0.0,0.0,0.0,0.0,0.0,1.0,super built up,high,old,godrej frontier,gurgaon,1.87
198.07,3.0,3.0,2.0,1.0,sector 81,9.0,1.0,0.0,0.0,0.0,0.0,0.0,0.0,1.0,1.0,0.0,1.0,0.0,0.0,0.0,0.0,0.0,0.0,0.0,0.0,super built up,high,new,dlf the ultima,gurgaon,4.165
201.04,3.0,4.0,1.0,1.0,sector 58,13.0,1.0,0.0,0.0,1.0,0.0,1.0,0.0,1.0,1.0,0.0,1.0,0.0,0.0,0.0,0.0,0.0,0.0,0.0,0.0,super built up,high,old,ireo the grand arch,gurgaon,6.46
216.37,3.0,4.0,3.0,1.0,sector 54,15.0,1.0,0.0,0.0,0.0,1.0,0.0,1.0,1.0,0.0,0.0,1.0,0.0,0.0,0.0,0.0,1.0,0.0,0.0,0.0,super built up,high,new,dlf park place,gurgaon,9.775
378.3,4.0,5.0,3.0,1.0,sector 54,9.0,1.0,0.0,0.0,1.0,0.0,0.0,0.0,0.0,1.0,0.0,1.0,0.0,0.0,1.0,0.0,0.0,1.0,0.0,0.0,super built up,high,old,dlf the belaire,gurgaon,17.0
249.44,3.0,4.0,3.0,1.0,sector 28,11.0,1.0,0.0,0.0,1.0,0.0,0.0,0.0,1.0,1.0,0.0,1.0,0.0,0.0,0.0,0.0,1.0,0.0,0.0,0.0,super built up,high,new,suncity platinum towers,gurgaon,10.54
176.52,3.0,3.0,3.0,1.0,sector 83,10.0,0.0,0.0,0.0,1.0,0.0,0.0,0.0,0.0,0.0,0.0,0.0,0.0,0.0,0.0,0.0,0.0,0.0,0.0,0.0,super built up,mid,new,emaar palm gardens,gurgaon,2.975
198.07,3.0,3.0,2.0,1.0,sector 81,9.0,1.0,0.0,0.0,0.0,0.0,0.0,0.0,1.0,1.0,0.0,1.0,0.0,0.0,0.0,0.0,0.0,0.0,0.0,0.0,super built up,high,new,dlf the ultima,gurgaon,4.08
176.52,3.0,3.0,3.0,1.0,sector 83,10.0,0.0,0.0,0.0,1.0,0.0,0.0,0.0,0.0,0.0,0.0,0.0,0.0,0.0,0.0,0.0,0.0,0.0,0.0,0.0,super built up,mid,new,emaar palm gardens,gurgaon,2.975
210.15,3.0,4.0,2.0,1.0,sector 80,10.0,1.0,0.0,0.0,0.0,0.0,0.0,0.0,0.0,0.0,0.0,0.0,0.0,1.0,0.0,0.0,0.0,0.0,0.0,1.0,super built up,mid,old,godrej frontier,gurgaon,2.38
4270.38,2.0,2.0,1.0,1.0,sector 95,3.0,1.0,0.0,0.0,0.0,0.0,0.0,0.0,0.0,0.0,0.0,0.0,0.0,0.0,0.0,0.0,0.0,0.0,0.0,0.0,carpet,high,new,ramsons kshitij,gurgaon,0.408
29.839999999999996,1.0,1.0,1.0,0.0,sector 95,3.0,1.0,0.0,0.0,0.0,0.0,0.0,0.0,0.0,0.0,0.0,0.0,0.0,0.0,0.0,0.0,0.0,0.0,0.0,0.0,carpet,high,new,ramsons kshitij,gurgaon,0.306
56479.1,2.0,2.0,1.0,1.0,sector 95,5.0,1.0,0.0,0.0,0.0,0.0,0.0,0.0,0.0,0.0,0.0,0.0,0.0,1.0,0.0,0.0,0.0,0.0,0.0,0.0,carpet,low,new,ramsons kshitij,gurgaon,0.527
51.019600000000004,2.0,2.0,1.0,0.0,sector 95,14.0,0.0,0.0,0.0,0.0,0.0,0.0,0.0,0.0,1.0,1.0,1.0,1.0,0.0,0.0,0.0,1.0,0.0,0.0,1.0,carpet,high,new,rof ananda,gurgaon,0.561
598.4069999999999,3.0,2.0,1.0,0.0,sector 95,14.0,0.0,0.0,0.0,0.0,0.0,0.0,0.0,0.0,1.0,1.0,1.0,1.0,0.0,0.0,0.0,1.0,0.0,0.0,1.0,carpet,high,new,rof ananda,gurgaon,0.646
319.596,1.0,1.0,1.0,0.0,sector 95,14.0,0.0,0.0,0.0,0.0,0.0,0.0,0.0,0.0,1.0,1.0,1.0,1.0,0.0,0.0,0.0,1.0,0.0,0.0,1.0,carpet,high,new,rof ananda,gurgaon,0.357
3.401,1.0,1.0,1.0,0.0,sector 95,14.0,0.0,0.0,0.0,0.0,0.0,0.0,0.0,0.0,1.0,1.0,1.0,1.0,0.0,0.0,0.0,1.0,0.0,0.0,1.0,carpet,high,new,rof ananda,gurgaon,0.34
150.5,3.0,3.0,3.0,1.0,sector 71,15.0,1.0,1.0,0.0,0.0,0.0,1.0,1.0,0.0,1.0,0.0,0.0,0.0,0.0,1.0,0.0,1.0,0.0,0.0,0.0,super built up,mid,new,chd avenue 71,gurgaon,2.04
112.88,2.0,2.0,3.0,0.0,sector 102,13.0,1.0,0.0,0.0,1.0,1.0,0.0,0.0,1.0,1.0,0.0,0.0,1.0,0.0,1.0,0.0,0.0,1.0,0.0,0.0,super built up,mid,new,shapoorji pallonji joyville gurugram,gurgaon,2.142
166.3,3.0,3.0,3.0,1.0,sector 103,15.0,1.0,0.0,0.0,1.0,1.0,1.0,0.0,1.0,1.0,1.0,1.0,1.0,0.0,1.0,0.0,0.0,0.0,0.0,0.0,super built up,high,new,indiabulls centrum park,gurgaon,2.278
292.64,4.0,4.0,3.0,1.0,sector 104,13.0,1.0,0.0,0.0,1.0,0.0,1.0,0.0,1.0,1.0,0.0,1.0,1.0,0.0,1.0,0.0,1.0,0.0,0.0,0.0,super built up,high,new,ats triumph,gurgaon,4.25
274.06,4.0,5.0,3.0,1.0,sector 111,10.0,1.0,0.0,0.0,1.0,0.0,0.0,0.0,1.0,1.0,0.0,1.0,1.0,0.0,0.0,0.0,0.0,0.0,0.0,0.0,super built up,high,new,puri diplomatic greens,gurgaon,6.29
139.35,3.0,2.0,2.0,0.0,sector 1,11.0,1.0,0.0,0.0,0.0,0.0,0.0,0.0,0.0,0.0,0.0,0.0,0.0,1.0,0.0,0.0,0.0,0.0,0.0,1.0,super built up,mid,old,hsiidc sidco shivalik apartments,manesar,1.02
319.03,4.0,4.0,3.0,1.0,sector 84,10.0,1.0,0.0,0.0,1.0,1.0,1.0,1.0,1.0,0.0,0.0,0.0,0.0,0.0,0.0,0.0,0.0,0.0,0.0,0.0,super built up,high,new,alpha corp gurgaonone 84,gurgaon,3.74
278.71,4.0,6.0,3.0,1.0,sector 54,9.0,1.0,0.0,0.0,1.0,0.0,0.0,0.0,0.0,1.0,0.0,1.0,0.0,0.0,1.0,0.0,0.0,1.0,0.0,0.0,super built up,high,old,dlf the belaire,gurgaon,11.9
292.64,4.0,4.0,3.0,1.0,sector 104,13.0,1.0,0.0,0.0,1.0,0.0,1.0,0.0,1.0,1.0,0.0,1.0,1.0,0.0,1.0,0.0,1.0,0.0,0.0,0.0,super built up,high,new,ats triumph,gurgaon,4.42
281.03,3.0,4.0,3.0,1.0,sector 59,15.0,1.0,0.0,0.0,1.0,0.0,1.0,1.0,1.0,1.0,0.0,1.0,0.0,0.0,0.0,0.0,0.0,1.0,0.0,0.0,carpet,high,new,mahindra luminare,gurgaon,9.86
181.16,3.0,3.0,3.0,1.0,sector 70,15.0,1.0,0.0,0.0,1.0,0.0,1.0,1.0,0.0,0.0,0.0,0.0,0.0,1.0,0.0,0.0,0.0,0.0,0.0,0.0,super built up,high,new,shree vardhman victoria,gurgaon,3.06
132.29,2.0,2.0,2.0,0.0,sector 74,7.0,1.0,0.0,0.0,1.0,0.0,1.0,0.0,1.0,1.0,0.0,0.0,1.0,0.0,0.0,0.0,0.0,0.0,0.0,0.0,super built up,high,new,m3m skywalk,gurgaon,2.38
261.24,4.0,4.0,3.0,1.0,sector 85,13.0,1.0,0.0,0.0,1.0,0.0,1.0,0.0,1.0,1.0,0.0,0.0,1.0,0.0,1.0,0.0,0.0,0.0,1.0,0.0,super built up,mid,new,ss the leaf,gurgaon,3.4849999999999994
161.74,2.0,3.0,3.0,1.0,sector 85,13.0,1.0,0.0,0.0,1.0,0.0,1.0,0.0,1.0,1.0,0.0,0.0,1.0,0.0,1.0,0.0,0.0,0.0,1.0,0.0,super built up,high,new,ss the leaf,gurgaon,1.9889999999999999
179.21,3.0,3.0,1.0,1.0,sector 86,10.0,0.0,0.0,0.0,1.0,0.0,0.0,0.0,1.0,1.0,0.0,0.0,0.0,0.0,1.0,0.0,0.0,0.0,0.0,0.0,super built up,high,new,dlf the skycourt,gurgaon,2.686
158.12,3.0,3.0,3.0,1.0,sector 90,14.0,0.0,0.0,0.0,0.0,1.0,0.0,0.0,0.0,0.0,0.0,0.0,0.0,0.0,0.0,0.0,0.0,0.0,0.0,0.0,super built up,high,new,dlf regal gardens,gurgaon,2.125
59.84,3.0,2.0,1.0,1.0,sector 95,14.0,0.0,0.0,0.0,0.0,0.0,0.0,0.0,0.0,1.0,1.0,1.0,1.0,0.0,0.0,0.0,1.0,0.0,0.0,1.0,carpet,mid,new,rof ananda,gurgaon,0.629
59.84,3.0,2.0,1.0,1.0,sector 95,14.0,0.0,0.0,0.0,0.0,0.0,0.0,0.0,0.0,1.0,1.0,1.0,1.0,0.0,0.0,0.0,1.0,0.0,0.0,1.0,carpet,low,new,rof ananda,gurgaon,0.646
51.02,2.0,2.0,1.0,1.0,sector 95,14.0,0.0,0.0,0.0,0.0,0.0,0.0,0.0,0.0,1.0,1.0,1.0,1.0,0.0,0.0,0.0,1.0,0.0,0.0,1.0,carpet,high,new,rof ananda,gurgaon,0.544
51.02,2.0,2.0,1.0,1.0,sector 95,14.0,0.0,0.0,0.0,0.0,0.0,0.0,0.0,0.0,1.0,1.0,1.0,1.0,0.0,0.0,0.0,1.0,0.0,0.0,1.0,carpet,high,new,rof ananda,gurgaon,0.544
34.01,1.0,1.0,1.0,1.0,sector 95,14.0,0.0,0.0,0.0,0.0,0.0,0.0,0.0,0.0,1.0,1.0,1.0,1.0,0.0,0.0,0.0,1.0,0.0,0.0,1.0,carpet,high,new,rof ananda,gurgaon,0.34
34.01,1.0,1.0,1.0,1.0,sector 95,14.0,0.0,0.0,0.0,0.0,0.0,0.0,0.0,0.0,1.0,1.0,1.0,1.0,0.0,0.0,0.0,1.0,0.0,0.0,1.0,carpet,low,new,rof ananda,gurgaon,0.34
213.68,3.0,5.0,3.0,1.0,sector 82,10.0,0.0,0.0,0.0,1.0,0.0,0.0,0.0,1.0,0.0,0.0,0.0,0.0,0.0,0.0,0.0,0.0,0.0,0.0,0.0,super built up,high,new,mapsko royale ville,gurgaon,2.074
178.19,3.0,3.0,3.0,1.0,sector 84,10.0,1.0,0.0,0.0,1.0,0.0,1.0,0.0,1.0,1.0,0.0,0.0,1.0,0.0,0.0,0.0,0.0,0.0,0.0,0.0,super built up,mid,new,spaze privy at4,gurgaon,2.295
59.37,2.0,2.0,1.0,0.0,sector 71,15.0,1.0,0.0,0.0,0.0,0.0,1.0,1.0,1.0,1.0,0.0,0.0,0.0,1.0,0.0,0.0,0.0,0.0,0.0,0.0,super built up,mid,new,signature andour heights,gurgaon,0.935
194.17,4.0,4.0,2.0,1.0,sector 92,8.0,1.0,0.0,0.0,0.0,0.0,0.0,0.0,0.0,0.0,0.0,0.0,0.0,1.0,0.0,0.0,0.0,0.0,0.0,0.0,carpet,high,new,sare homes,gurgaon,1.9040000000000001
191.1,4.0,4.0,3.0,1.0,sector 92,8.0,1.0,0.0,0.0,0.0,0.0,0.0,0.0,0.0,0.0,0.0,0.0,0.0,1.0,0.0,0.0,0.0,0.0,0.0,0.0,carpet,mid,new,sare homes,gurgaon,1.87
120.59,3.0,3.0,2.0,1.0,sector 92,8.0,1.0,0.0,0.0,0.0,0.0,0.0,0.0,0.0,0.0,0.0,0.0,0.0,1.0,0.0,0.0,0.0,0.0,0.0,0.0,carpet,high,new,sare homes,gurgaon,1.1560000000000001
211.82,4.0,3.0,3.0,1.0,sector 92,8.0,1.0,0.0,0.0,0.0,0.0,0.0,0.0,0.0,0.0,0.0,0.0,0.0,1.0,0.0,0.0,0.0,0.0,0.0,0.0,carpet,high,new,sare homes,gurgaon,2.0229999999999997
58.71,2.0,2.0,1.0,1.0,sector 102,12.0,1.0,0.0,0.0,0.0,0.0,0.0,0.0,1.0,1.0,0.0,0.0,0.0,0.0,0.0,1.0,1.0,1.0,0.0,0.0,super built up,mid,new,suncity avenue 102,gurgaon,0.816
292.64,4.0,4.0,3.0,1.0,sector 109,15.0,0.0,0.0,0.0,0.0,1.0,0.0,1.0,1.0,1.0,0.0,0.0,0.0,1.0,0.0,1.0,0.0,1.0,1.0,0.0,built up,mid,new,ats kocoon,gurgaon,5.015000000000001
145.39,2.0,2.0,3.0,1.0,sector 2,10.0,1.0,0.0,0.0,1.0,1.0,0.0,0.0,1.0,1.0,1.0,1.0,0.0,0.0,0.0,0.0,0.0,0.0,0.0,0.0,super built up,high,old,bestech park view residency,gurgaon,1.666
178.37,3.0,4.0,3.0,1.0,sector 2,10.0,1.0,0.0,0.0,1.0,1.0,0.0,0.0,1.0,1.0,1.0,1.0,0.0,0.0,0.0,0.0,0.0,0.0,0.0,0.0,super built up,high,old,bestech park view residency,gurgaon,2.635
131.46,2.0,2.0,3.0,0.0,sector 2,10.0,1.0,0.0,0.0,1.0,1.0,0.0,0.0,1.0,1.0,1.0,1.0,0.0,0.0,0.0,0.0,0.0,0.0,0.0,0.0,super built up,high,old,bestech park view residency,gurgaon,1.7169999999999999
178.37,3.0,4.0,3.0,1.0,sector 2,10.0,1.0,0.0,0.0,1.0,1.0,0.0,0.0,1.0,1.0,1.0,1.0,0.0,0.0,0.0,0.0,0.0,0.0,0.0,0.0,super built up,high,old,bestech park view residency,gurgaon,2.5669999999999997
165.37,3.0,3.0,3.0,0.0,sector 2,10.0,1.0,0.0,0.0,1.0,1.0,0.0,0.0,1.0,1.0,1.0,1.0,0.0,0.0,0.0,0.0,0.0,0.0,0.0,0.0,super built up,high,old,bestech park view residency,gurgaon,2.38
178.37,3.0,4.0,3.0,1.0,sector 2,10.0,1.0,0.0,0.0,1.0,1.0,0.0,0.0,1.0,1.0,1.0,1.0,0.0,0.0,0.0,0.0,0.0,0.0,0.0,0.0,super built up,high,old,bestech park view residency,gurgaon,2.703
60.48,1.0,2.0,2.0,0.0,sector 2,10.0,1.0,0.0,0.0,1.0,1.0,0.0,0.0,1.0,1.0,1.0,1.0,0.0,0.0,0.0,0.0,0.0,0.0,0.0,0.0,carpet,mid,old,bestech park view residency,gurgaon,0.9520000000000001
199.65,3.0,4.0,3.0,1.0,sector 102,15.0,0.0,0.0,0.0,1.0,0.0,1.0,0.0,1.0,1.0,1.0,1.0,1.0,0.0,1.0,0.0,0.0,0.0,1.0,0.0,super built up,high,new,conscient heritage max,gurgaon,3.4
153.29,3.0,4.0,3.0,1.0,sector 102,10.0,1.0,0.0,0.0,1.0,0.0,1.0,0.0,1.0,1.0,0.0,0.0,1.0,0.0,0.0,0.0,0.0,0.0,0.0,0.0,super built up,high,new,emaar gurgaon greens,gurgaon,2.295
253.35,3.0,3.0,3.0,1.0,sector 102,10.0,1.0,0.0,0.0,1.0,0.0,1.0,0.0,1.0,1.0,1.0,0.0,1.0,0.0,0.0,0.0,0.0,1.0,0.0,1.0,super built up,low,new,bptp amstoria,gurgaon,3.23
180.42,3.0,4.0,3.0,1.0,sector 102,15.0,0.0,0.0,0.0,1.0,0.0,1.0,0.0,1.0,1.0,1.0,1.0,1.0,0.0,1.0,0.0,0.0,0.0,1.0,0.0,super built up,high,new,conscient heritage max,gurgaon,2.8899999999999997
163.51,3.0,3.0,3.0,1.0,sector 106,11.0,1.0,0.0,0.0,1.0,0.0,1.0,0.0,1.0,1.0,0.0,1.0,1.0,0.0,1.0,0.0,0.0,0.0,0.0,0.0,super built up,high,new,paras dews,gurgaon,1.9549999999999998
175.59,3.0,3.0,3.0,0.0,sector 84,13.0,1.0,0.0,0.0,1.0,0.0,1.0,0.0,1.0,1.0,0.0,0.0,1.0,0.0,0.0,0.0,0.0,0.0,1.0,0.0,super built up,high,old,ss the coralwood,gurgaon,1.87
153.29,3.0,3.0,3.0,1.0,sector 102,10.0,1.0,0.0,0.0,1.0,0.0,1.0,0.0,1.0,1.0,0.0,0.0,1.0,0.0,0.0,0.0,0.0,0.0,0.0,0.0,super built up,mid,new,emaar gurgaon greens,gurgaon,2.21
266.07,4.0,5.0,3.0,1.0,sector 58,13.0,1.0,0.0,0.0,1.0,0.0,1.0,0.0,1.0,1.0,0.0,1.0,0.0,0.0,0.0,0.0,0.0,0.0,0.0,0.0,carpet,high,new,ireo the grand arch,gurgaon,8.245
127.74,2.0,2.0,1.0,1.0,sector 58,13.0,1.0,0.0,0.0,1.0,0.0,1.0,0.0,1.0,1.0,0.0,1.0,0.0,0.0,0.0,0.0,0.0,0.0,0.0,0.0,carpet,mid,new,ireo the grand arch,gurgaon,3.74
163.32,3.0,3.0,3.0,1.0,sector 108,9.0,1.0,0.0,0.0,1.0,0.0,1.0,0.0,1.0,1.0,0.0,0.0,1.0,0.0,0.0,0.0,0.0,0.0,0.0,0.0,super built up,low,new,experion the heartsong,gurgaon,2.125
186.08,3.0,3.0,3.0,1.0,sector 108,9.0,1.0,0.0,0.0,1.0,0.0,1.0,0.0,1.0,1.0,0.0,0.0,1.0,0.0,0.0,0.0,0.0,0.0,0.0,0.0,super built up,mid,new,experion the heartsong,gurgaon,2.635
172.06,3.0,3.0,3.0,1.0,sector 102,13.0,1.0,0.0,0.0,1.0,1.0,0.0,0.0,1.0,1.0,0.0,0.0,1.0,0.0,1.0,0.0,0.0,1.0,0.0,0.0,super built up,high,new,shapoorji pallonji joyville gurugram,gurgaon,3.23
185.34,3.0,4.0,3.0,1.0,sector 92,11.0,1.0,0.0,0.0,1.0,0.0,1.0,0.0,1.0,1.0,0.0,0.0,1.0,0.0,1.0,0.0,0.0,0.0,0.0,0.0,super built up,high,new,bestech park view sanskruti,gurgaon,2.72
195.1,4.0,5.0,3.0,1.0,sector 66,14.0,1.0,0.0,0.0,0.0,0.0,1.0,0.0,1.0,1.0,0.0,1.0,0.0,0.0,0.0,0.0,0.0,1.0,0.0,0.0,super built up,high,new,emaar mgf the palm drive,gurgaon,5.1
127.74,2.0,2.0,2.0,0.0,sector 58,13.0,1.0,0.0,0.0,1.0,0.0,1.0,0.0,1.0,1.0,0.0,1.0,0.0,0.0,0.0,0.0,0.0,0.0,0.0,0.0,super built up,mid,new,ireo the grand arch,gurgaon,3.74
450.39,4.0,6.0,3.0,1.0,sector 112,8.0,1.0,0.0,0.0,0.0,0.0,1.0,0.0,1.0,1.0,1.0,0.0,1.0,0.0,0.0,0.0,0.0,0.0,0.0,0.0,super built up,high,new,experion windchants,gurgaon,8.84
165.09,3.0,4.0,3.0,1.0,sector 28,47.0,1.0,0.0,0.0,0.0,1.0,0.0,1.0,0.0,0.0,0.0,1.0,0.0,0.0,0.0,1.0,0.0,0.0,0.0,1.0,super built up,high,old,dlf regency park 2,gurgaon,3.995
183.48,4.0,4.0,3.0,1.0,sector 65,6.0,1.0,0.0,0.0,0.0,0.0,0.0,0.0,0.0,1.0,0.0,0.0,0.0,0.0,1.0,0.0,0.0,0.0,0.0,0.0,carpet,low,new,emaar mgf emerald floors premier,gurgaon,4.709
153.29,3.0,3.0,3.0,1.0,sector 65,6.0,1.0,0.0,0.0,0.0,0.0,0.0,0.0,0.0,1.0,0.0,0.0,0.0,0.0,1.0,0.0,0.0,0.0,0.0,0.0,carpet,mid,new,emaar mgf emerald floors premier,gurgaon,4.59
153.29,3.0,3.0,3.0,1.0,sector 65,6.0,1.0,0.0,0.0,0.0,0.0,0.0,0.0,0.0,1.0,0.0,0.0,0.0,0.0,1.0,0.0,0.0,0.0,0.0,0.0,carpet,low,new,emaar mgf emerald floors premier,gurgaon,3.995
183.48,4.0,4.0,3.0,1.0,sector 65,6.0,1.0,0.0,0.0,0.0,0.0,0.0,0.0,0.0,1.0,0.0,0.0,0.0,0.0,1.0,0.0,0.0,0.0,0.0,0.0,carpet,low,new,emaar mgf emerald floors premier,gurgaon,4.743
153.29,3.0,4.0,3.0,1.0,sector 65,6.0,1.0,0.0,0.0,0.0,0.0,0.0,0.0,0.0,1.0,0.0,0.0,0.0,0.0,1.0,0.0,0.0,0.0,0.0,0.0,carpet,low,new,emaar mgf emerald floors premier,gurgaon,3.9099999999999997
222.97,3.0,4.0,3.0,1.0,sector 56,47.0,1.0,0.0,0.0,0.0,1.0,0.0,1.0,0.0,0.0,0.0,1.0,0.0,1.0,0.0,1.0,1.0,0.0,0.0,1.0,super built up,high,old,the lions cghs,gurgaon,3.57
120.77,3.0,2.0,2.0,1.0,sector 56,47.0,1.0,0.0,0.0,0.0,1.0,1.0,1.0,0.0,0.0,0.0,1.0,0.0,1.0,0.0,1.0,1.0,0.0,0.0,1.0,super built up,low,old,rail vihar cghs,gurgaon,2.295
227.61,3.0,4.0,3.0,1.0,sector 104,13.0,1.0,0.0,0.0,1.0,0.0,1.0,0.0,1.0,1.0,1.0,1.0,1.0,0.0,1.0,0.0,0.0,0.0,0.0,0.0,super built up,high,new,puri emerald bay,gurgaon,3.791
244.43,4.0,4.0,3.0,1.0,sector 108,9.0,1.0,0.0,0.0,1.0,0.0,1.0,0.0,1.0,1.0,0.0,0.0,1.0,0.0,0.0,0.0,0.0,0.0,0.0,0.0,built up,low,new,experion the heartsong,gurgaon,3.536
163.32,3.0,3.0,3.0,1.0,sector 108,9.0,1.0,0.0,0.0,1.0,0.0,1.0,0.0,1.0,1.0,0.0,0.0,1.0,0.0,0.0,0.0,0.0,0.0,0.0,0.0,super built up,mid,new,experion the heartsong,gurgaon,2.21
58.71,2.0,2.0,1.0,1.0,sector 102,12.0,1.0,0.0,0.0,0.0,0.0,0.0,0.0,1.0,1.0,0.0,0.0,0.0,0.0,0.0,1.0,1.0,1.0,0.0,0.0,super built up,mid,new,suncity avenue 102,gurgaon,0.816
158.96,3.0,3.0,3.0,1.0,sector 108,13.0,1.0,0.0,0.0,0.0,0.0,1.0,0.0,1.0,1.0,0.0,0.0,1.0,0.0,0.0,0.0,0.0,0.0,1.0,0.0,built up,high,new,sobha city,gurgaon,3.961
225.75,3.0,3.0,3.0,1.0,sector 48,45.0,1.0,0.0,0.0,0.0,1.0,1.0,1.0,0.0,0.0,0.0,0.0,0.0,1.0,0.0,1.0,0.0,1.0,0.0,0.0,super built up,mid,old,parsvnath green ville,gurgaon,2.975
177.44,3.0,3.0,3.0,1.0,sector 48,44.0,1.0,0.0,0.0,0.0,0.0,1.0,1.0,0.0,0.0,0.0,0.0,0.0,0.0,0.0,1.0,0.0,0.0,0.0,0.0,super built up,high,old,parsvnath green ville,gurgaon,2.72
158.59,3.0,3.0,3.0,0.0,sector 48,44.0,1.0,0.0,0.0,0.0,0.0,1.0,1.0,0.0,0.0,0.0,0.0,0.0,0.0,0.0,1.0,0.0,0.0,0.0,0.0,super built up,low,old,parsvnath green ville,gurgaon,2.55
167.69,3.0,3.0,3.0,1.0,sector 49,13.0,1.0,0.0,0.0,1.0,0.0,0.0,1.0,1.0,0.0,0.0,0.0,0.0,0.0,1.0,1.0,0.0,0.0,0.0,0.0,super built up,low,old,orchid petals,gurgaon,3.23
260.13,4.0,5.0,3.0,1.0,sector 60,7.0,1.0,0.0,0.0,0.0,0.0,1.0,0.0,1.0,1.0,0.0,1.0,0.0,0.0,0.0,0.0,0.0,0.0,0.0,0.0,super built up,high,new,ireo skyon,gurgaon,6.29
260.13,4.0,5.0,3.0,1.0,sector 60,7.0,1.0,0.0,0.0,0.0,0.0,1.0,0.0,1.0,1.0,0.0,1.0,0.0,0.0,0.0,0.0,0.0,0.0,0.0,0.0,super built up,high,new,ireo skyon,gurgaon,6.375
219.07,3.0,4.0,3.0,1.0,sector 67,10.0,1.0,0.0,0.0,1.0,0.0,1.0,0.0,1.0,1.0,0.0,0.0,0.0,0.0,1.0,0.0,0.0,1.0,0.0,0.0,super built up,high,new,m3m merlin,gurgaon,5.779999999999999
194.63,3.0,4.0,3.0,1.0,sector 109,15.0,0.0,0.0,0.0,0.0,1.0,0.0,1.0,1.0,1.0,0.0,0.0,0.0,1.0,0.0,1.0,0.0,1.0,1.0,0.0,super built up,high,new,ats kocoon,gurgaon,3.74
115.66,2.0,2.0,2.0,1.0,sector 83,10.0,0.0,0.0,0.0,1.0,0.0,0.0,0.0,1.0,1.0,0.0,1.0,1.0,0.0,0.0,0.0,0.0,0.0,0.0,0.0,super built up,high,new,vatika gurgaon 21,gurgaon,1.4109999999999998
153.29,3.0,3.0,3.0,1.0,sector 102,10.0,1.0,0.0,0.0,1.0,0.0,1.0,0.0,1.0,1.0,0.0,0.0,1.0,0.0,0.0,0.0,0.0,0.0,0.0,0.0,super built up,mid,new,emaar gurgaon greens,gurgaon,2.465
169.73,3.0,3.0,3.0,0.0,sector 102,13.0,1.0,0.0,0.0,1.0,1.0,0.0,0.0,1.0,1.0,0.0,0.0,1.0,0.0,1.0,0.0,0.0,1.0,0.0,0.0,super built up,low,new,shapoorji pallonji joyville gurugram,gurgaon,3.009
85.01,2.0,2.0,2.0,0.0,sector 102,13.0,1.0,0.0,0.0,1.0,1.0,0.0,0.0,1.0,1.0,0.0,0.0,1.0,0.0,1.0,0.0,0.0,1.0,0.0,0.0,super built up,high,new,shapoorji pallonji joyville gurugram,gurgaon,1.649
241.36,3.0,3.0,3.0,1.0,sector 102,11.0,1.0,0.0,0.0,1.0,0.0,1.0,0.0,1.0,1.0,0.0,0.0,1.0,0.0,1.0,0.0,0.0,0.0,0.0,0.0,super built up,high,new,adani m2k oyster grande,gurgaon,3.995
175.49,3.0,4.0,3.0,1.0,sector 102,11.0,1.0,0.0,0.0,1.0,0.0,1.0,0.0,1.0,1.0,0.0,0.0,1.0,0.0,1.0,0.0,0.0,0.0,0.0,0.0,super built up,high,new,adani m2k oyster grande,gurgaon,3.23
46.54,2.0,2.0,1.0,1.0,sector 86,9.0,0.0,0.0,0.0,1.0,0.0,0.0,0.0,1.0,0.0,0.0,0.0,0.0,0.0,0.0,0.0,0.0,0.0,0.0,0.0,carpet,mid,new,pyramid urban homes 2,gurgaon,0.731
181.16,3.0,5.0,3.0,1.0,sector 70,15.0,1.0,0.0,0.0,1.0,0.0,1.0,1.0,0.0,0.0,0.0,0.0,0.0,1.0,0.0,0.0,0.0,0.0,0.0,0.0,super built up,high,new,shree vardhman victoria,gurgaon,2.754
223.71,3.0,4.0,3.0,1.0,sector 85,13.0,1.0,0.0,0.0,1.0,0.0,1.0,0.0,1.0,1.0,0.0,0.0,1.0,0.0,1.0,0.0,0.0,0.0,1.0,0.0,super built up,mid,new,ss the leaf,gurgaon,3.2809999999999997
223.71,3.0,4.0,3.0,1.0,sector 85,13.0,1.0,0.0,0.0,1.0,0.0,1.0,0.0,1.0,1.0,0.0,0.0,1.0,0.0,1.0,0.0,0.0,0.0,1.0,0.0,super built up,high,new,ss the leaf,gurgaon,3.383
125.42,2.0,2.0,3.0,1.0,sector 70,15.0,1.0,0.0,0.0,1.0,0.0,1.0,1.0,0.0,0.0,0.0,0.0,0.0,1.0,0.0,0.0,0.0,0.0,0.0,0.0,super built up,low,new,shree vardhman victoria,gurgaon,2.0909999999999997
181.16,3.0,5.0,3.0,1.0,sector 70,15.0,1.0,0.0,0.0,1.0,0.0,1.0,1.0,0.0,0.0,0.0,0.0,0.0,1.0,0.0,0.0,0.0,0.0,0.0,0.0,super built up,high,new,shree vardhman victoria,gurgaon,2.771
181.16,3.0,5.0,3.0,1.0,sector 70,15.0,1.0,0.0,0.0,1.0,0.0,1.0,1.0,0.0,0.0,0.0,0.0,0.0,1.0,0.0,0.0,0.0,0.0,0.0,0.0,super built up,low,new,shree vardhman victoria,gurgaon,2.788
125.42,2.0,2.0,3.0,1.0,sector 70,15.0,1.0,0.0,0.0,1.0,0.0,1.0,1.0,0.0,0.0,0.0,0.0,0.0,1.0,0.0,0.0,0.0,0.0,0.0,0.0,super built up,low,new,shree vardhman victoria,gurgaon,2.125
283.82,4.0,4.0,3.0,1.0,sector 109,11.0,1.0,0.0,0.0,0.0,0.0,0.0,0.0,0.0,0.0,1.0,0.0,0.0,0.0,0.0,0.0,0.0,0.0,0.0,0.0,super built up,high,new,sbtl caladium,gurgaon,3.23
174.66,3.0,2.0,2.0,0.0,sector 109,11.0,1.0,0.0,0.0,0.0,0.0,0.0,0.0,0.0,0.0,1.0,0.0,0.0,0.0,0.0,0.0,0.0,0.0,0.0,0.0,super built up,high,new,sbtl caladium,gurgaon,2.04
236.44,3.0,3.0,2.0,1.0,sector 109,11.0,1.0,0.0,0.0,0.0,0.0,0.0,0.0,0.0,0.0,1.0,0.0,0.0,0.0,0.0,0.0,0.0,0.0,0.0,0.0,super built up,high,new,sbtl caladium,gurgaon,2.771
162.02,3.0,3.0,2.0,1.0,sector 90,14.0,0.0,0.0,0.0,0.0,1.0,0.0,0.0,0.0,0.0,0.0,0.0,0.0,0.0,0.0,0.0,0.0,0.0,0.0,0.0,super built up,high,new,dlf regal gardens,gurgaon,2.0909999999999997
46.54,2.0,2.0,1.0,1.0,sector 86,9.0,0.0,0.0,0.0,1.0,0.0,0.0,0.0,1.0,0.0,0.0,0.0,0.0,0.0,0.0,0.0,0.0,0.0,0.0,0.0,carpet,mid,new,pyramid urban homes 2,gurgaon,0.731
152.36,2.0,2.0,3.0,1.0,sector 85,13.0,1.0,0.0,0.0,1.0,0.0,1.0,0.0,1.0,1.0,0.0,0.0,1.0,0.0,1.0,0.0,0.0,0.0,1.0,0.0,super built up,high,new,ss the leaf,gurgaon,1.819
237.83,4.0,5.0,3.0,1.0,sector 85,15.0,1.0,0.0,0.0,1.0,0.0,0.0,0.0,1.0,1.0,0.0,1.0,0.0,0.0,0.0,0.0,1.0,0.0,0.0,0.0,super built up,high,new,orris aster court premier,gurgaon,2.941
196.95,3.0,4.0,2.0,1.0,sector 85,15.0,1.0,0.0,0.0,1.0,0.0,0.0,0.0,1.0,1.0,0.0,1.0,0.0,0.0,0.0,0.0,1.0,0.0,0.0,0.0,super built up,low,new,orris aster court premier,gurgaon,2.465
167.13,3.0,3.0,3.0,1.0,sector 82,7.0,1.0,0.0,0.0,0.0,0.0,0.0,0.0,0.0,1.0,0.0,0.0,0.0,0.0,0.0,0.0,0.0,0.0,0.0,0.0,super built up,high,old,dlf the primus,gurgaon,3.1790000000000003
168.9,3.0,3.0,3.0,1.0,sector 82,7.0,1.0,0.0,0.0,0.0,0.0,0.0,0.0,0.0,1.0,0.0,0.0,0.0,0.0,0.0,0.0,0.0,0.0,0.0,0.0,super built up,high,old,dlf the primus,gurgaon,3.145
205.78,4.0,4.0,3.0,1.0,sector 90,14.0,0.0,0.0,0.0,0.0,1.0,0.0,0.0,0.0,0.0,0.0,0.0,0.0,0.0,0.0,0.0,0.0,0.0,0.0,0.0,super built up,low,new,dlf regal gardens,gurgaon,2.975
137.5,2.0,2.0,3.0,1.0,sector 86,10.0,1.0,0.0,0.0,1.0,0.0,0.0,0.0,1.0,1.0,0.0,0.0,1.0,0.0,0.0,0.0,0.0,0.0,0.0,0.0,super built up,high,new,microtek greenburg,gurgaon,2.0909999999999997
137.5,2.0,2.0,3.0,1.0,sector 86,10.0,1.0,0.0,0.0,1.0,0.0,0.0,0.0,1.0,1.0,0.0,0.0,1.0,0.0,0.0,0.0,0.0,0.0,0.0,0.0,super built up,high,old,microtek greenburg,gurgaon,2.125
450.39,4.0,6.0,3.0,1.0,sector 112,8.0,1.0,0.0,0.0,0.0,0.0,1.0,0.0,1.0,1.0,1.0,0.0,1.0,0.0,0.0,0.0,0.0,0.0,0.0,0.0,super built up,high,new,experion windchants,gurgaon,9.52
168.15,3.0,3.0,3.0,1.0,sector 81,9.0,0.0,0.0,0.0,1.0,0.0,0.0,0.0,1.0,0.0,0.0,1.0,1.0,0.0,0.0,0.0,0.0,0.0,0.0,0.0,super built up,high,new,bestech park view ananda,gurgaon,2.465
239.32,4.0,4.0,3.0,1.0,sector 82,7.0,1.0,0.0,0.0,0.0,0.0,0.0,0.0,0.0,1.0,0.0,0.0,0.0,0.0,0.0,0.0,0.0,0.0,0.0,0.0,super built up,high,old,dlf the primus,gurgaon,4.59
46.54,2.0,2.0,1.0,1.0,sector 86,9.0,0.0,0.0,0.0,1.0,0.0,0.0,0.0,1.0,0.0,0.0,0.0,0.0,0.0,0.0,0.0,0.0,0.0,0.0,0.0,carpet,low,new,pyramid urban homes 2,gurgaon,0.714
259.39,4.0,4.0,3.0,1.0,sector 81,9.0,1.0,0.0,0.0,0.0,0.0,0.0,0.0,1.0,1.0,0.0,1.0,0.0,0.0,0.0,0.0,0.0,0.0,0.0,0.0,super built up,high,old,dlf the ultima,gurgaon,5.865
255.76,4.0,4.0,3.0,1.0,sector 81,9.0,1.0,0.0,0.0,0.0,0.0,0.0,0.0,1.0,1.0,0.0,1.0,0.0,0.0,0.0,0.0,0.0,0.0,0.0,0.0,super built up,high,old,dlf the ultima,gurgaon,5.5249999999999995
85.94,2.0,2.0,1.0,0.0,sector 37,4.0,1.0,0.0,0.0,1.0,0.0,0.0,0.0,1.0,0.0,0.0,0.0,0.0,0.0,0.0,0.0,0.0,0.0,0.0,0.0,super built up,mid,new,apex our homes,gurgaon,0.595
85.94,2.0,2.0,1.0,0.0,sector 37,4.0,1.0,0.0,0.0,1.0,0.0,0.0,0.0,1.0,0.0,0.0,0.0,0.0,0.0,0.0,0.0,0.0,0.0,0.0,0.0,super built up,low,new,apex our homes,gurgaon,0.561
167.23,3.0,3.0,3.0,0.0,sector 37,10.0,0.0,0.0,0.0,1.0,1.0,1.0,0.0,1.0,1.0,0.0,0.0,1.0,0.0,1.0,0.0,0.0,0.0,0.0,0.0,super built up,mid,new,ramprastha primera,gurgaon,1.87
167.23,3.0,3.0,3.0,0.0,sector 37,10.0,0.0,0.0,0.0,1.0,1.0,1.0,0.0,1.0,1.0,0.0,0.0,1.0,0.0,1.0,0.0,0.0,0.0,0.0,0.0,super built up,high,new,ramprastha primera,gurgaon,1.836
168.25,3.0,3.0,3.0,0.0,sector 37,11.0,1.0,0.0,0.0,1.0,0.0,1.0,0.0,1.0,1.0,0.0,0.0,1.0,0.0,1.0,0.0,0.0,0.0,0.0,0.0,super built up,mid,new,bptp terra,gurgaon,2.38
203.55,4.0,3.0,3.0,0.0,sector 37,11.0,1.0,0.0,0.0,1.0,0.0,1.0,0.0,1.0,1.0,0.0,0.0,1.0,0.0,1.0,0.0,0.0,0.0,0.0,0.0,super built up,mid,new,bptp terra,gurgaon,2.8049999999999997
203.55,4.0,4.0,3.0,0.0,sector 37,11.0,1.0,0.0,0.0,1.0,0.0,1.0,0.0,1.0,1.0,0.0,0.0,1.0,0.0,1.0,0.0,0.0,0.0,0.0,0.0,super built up,high,new,bptp terra,gurgaon,2.839
168.25,3.0,3.0,3.0,0.0,sector 37,11.0,1.0,0.0,0.0,1.0,0.0,1.0,0.0,1.0,1.0,0.0,0.0,1.0,0.0,1.0,0.0,0.0,0.0,0.0,0.0,super built up,high,new,bptp terra,gurgaon,2.465
241.36,3.0,3.0,3.0,1.0,sector 102,11.0,1.0,0.0,0.0,1.0,0.0,1.0,0.0,1.0,1.0,0.0,0.0,1.0,0.0,1.0,0.0,0.0,0.0,0.0,0.0,super built up,high,new,adani m2k oyster grande,gurgaon,4.436999999999999
157.47,3.0,3.0,3.0,1.0,sector 103,15.0,1.0,0.0,0.0,1.0,1.0,1.0,0.0,1.0,1.0,1.0,1.0,1.0,0.0,1.0,0.0,0.0,0.0,0.0,0.0,super built up,mid,new,indiabulls centrum park,gurgaon,2.244
153.29,3.0,3.0,3.0,1.0,sector 102,10.0,1.0,0.0,0.0,1.0,0.0,1.0,0.0,1.0,1.0,0.0,0.0,1.0,0.0,0.0,0.0,0.0,0.0,0.0,0.0,super built up,high,new,emaar gurgaon greens,gurgaon,2.465
4534.69,1.0,1.0,2.0,1.0,sector 33,7.0,1.0,0.0,0.0,1.0,0.0,0.0,0.0,1.0,1.0,0.0,0.0,0.0,0.0,1.0,0.0,0.0,0.0,0.0,0.0,carpet,low,new,signature the serenas,sohna,0.47600000000000003
11.743,2.0,2.0,3.0,1.0,sector 33,7.0,1.0,0.0,0.0,0.0,0.0,0.0,0.0,1.0,0.0,0.0,0.0,1.0,0.0,0.0,0.0,0.0,0.0,0.0,0.0,super built up,mid,new,eldeco accolade,sohna,1.2409999999999999
135.36,2.0,2.0,3.0,1.0,sector 33,7.0,1.0,0.0,0.0,0.0,0.0,0.0,0.0,1.0,0.0,0.0,0.0,1.0,0.0,0.0,0.0,0.0,0.0,0.0,0.0,super built up,high,new,eldeco accolade,sohna,1.224
117.43,2.0,2.0,3.0,1.0,sector 33,7.0,1.0,0.0,0.0,0.0,0.0,0.0,0.0,1.0,0.0,0.0,0.0,1.0,0.0,0.0,0.0,0.0,0.0,0.0,0.0,super built up,high,new,eldeco accolade,sohna,1.122
133.69,3.0,3.0,3.0,1.0,sector 33,8.0,1.0,0.0,0.0,0.0,0.0,0.0,0.0,1.0,1.0,1.0,1.0,0.0,0.0,0.0,0.0,0.0,0.0,0.0,0.0,carpet,low,new,signature global park,sohna,1.53
112.41,3.0,3.0,3.0,1.0,sector 33,8.0,1.0,0.0,0.0,0.0,0.0,0.0,0.0,1.0,1.0,1.0,1.0,0.0,0.0,0.0,0.0,0.0,0.0,0.0,0.0,carpet,low,new,signature global park,sohna,1.326
107.12,3.0,3.0,3.0,1.0,sector 33,8.0,1.0,0.0,0.0,0.0,0.0,0.0,0.0,1.0,1.0,1.0,1.0,0.0,0.0,0.0,0.0,0.0,0.0,0.0,0.0,carpet,low,new,signature global park,sohna,1.19
78.5,2.0,2.0,2.0,1.0,sector 33,8.0,1.0,0.0,0.0,0.0,0.0,0.0,0.0,1.0,1.0,1.0,1.0,0.0,0.0,0.0,0.0,0.0,0.0,0.0,0.0,carpet,low,new,signature global park,sohna,0.901
76.37,2.0,2.0,2.0,1.0,sector 33,8.0,1.0,0.0,0.0,0.0,0.0,0.0,0.0,1.0,1.0,1.0,1.0,0.0,0.0,0.0,0.0,0.0,0.0,0.0,0.0,carpet,low,new,signature global park,sohna,0.884
133.69,3.0,3.0,3.0,1.0,sector 33,8.0,1.0,0.0,0.0,0.0,0.0,0.0,0.0,1.0,1.0,1.0,1.0,0.0,0.0,0.0,0.0,0.0,0.0,0.0,0.0,carpet,low,new,signature global park,sohna,1.53
76.37,2.0,2.0,2.0,1.0,sector 33,8.0,1.0,0.0,0.0,0.0,0.0,0.0,0.0,1.0,1.0,1.0,1.0,0.0,0.0,0.0,0.0,0.0,0.0,0.0,0.0,carpet,low,new,signature global park,sohna,0.884
161.19,3.0,4.0,3.0,0.0,sector 37,13.0,0.0,0.0,0.0,1.0,0.0,1.0,0.0,1.0,1.0,1.0,0.0,1.0,0.0,1.0,0.0,0.0,0.0,0.0,0.0,super built up,high,new,corona optus,gurgaon,2.04
163.97,3.0,4.0,3.0,0.0,sector 37,13.0,0.0,0.0,0.0,1.0,0.0,1.0,0.0,1.0,1.0,1.0,0.0,1.0,0.0,1.0,0.0,0.0,0.0,0.0,0.0,super built up,mid,new,corona optus,gurgaon,2.074
184.88,3.0,3.0,3.0,1.0,sector 37,13.0,0.0,0.0,0.0,1.0,0.0,1.0,0.0,1.0,1.0,1.0,0.0,1.0,0.0,1.0,0.0,0.0,0.0,0.0,0.0,super built up,mid,new,corona optus,gurgaon,2.38
117.89,2.0,2.0,3.0,1.0,sector 33,7.0,1.0,0.0,0.0,0.0,0.0,0.0,0.0,1.0,0.0,0.0,0.0,1.0,0.0,0.0,0.0,0.0,0.0,0.0,0.0,super built up,high,new,eldeco accolade,sohna,1.2409999999999999
135.36,2.0,2.0,3.0,1.0,sector 33,7.0,1.0,0.0,0.0,0.0,0.0,0.0,0.0,1.0,0.0,0.0,0.0,1.0,0.0,0.0,0.0,0.0,0.0,0.0,0.0,super built up,high,new,eldeco accolade,sohna,1.224
117.43,2.0,2.0,3.0,0.0,sector 33,7.0,1.0,0.0,0.0,0.0,0.0,0.0,0.0,1.0,0.0,0.0,0.0,1.0,0.0,0.0,0.0,0.0,0.0,0.0,0.0,carpet,high,new,eldeco accolade,sohna,1.224
112.41,2.0,2.0,3.0,1.0,sector 33,8.0,1.0,0.0,0.0,0.0,0.0,0.0,0.0,1.0,1.0,1.0,1.0,0.0,0.0,0.0,0.0,0.0,0.0,0.0,0.0,super built up,low,new,signature global park,sohna,1.224
78.5,2.0,2.0,2.0,1.0,sector 33,8.0,1.0,0.0,0.0,0.0,0.0,0.0,0.0,1.0,1.0,1.0,1.0,0.0,0.0,0.0,0.0,0.0,0.0,0.0,0.0,carpet,mid,new,signature global park,sohna,0.918
112.41,2.0,2.0,3.0,1.0,sector 33,8.0,1.0,0.0,0.0,0.0,0.0,0.0,0.0,1.0,1.0,1.0,1.0,0.0,0.0,0.0,0.0,0.0,0.0,0.0,0.0,super built up,mid,new,signature global park,sohna,1.139
112.41,3.0,3.0,3.0,1.0,sector 33,8.0,1.0,0.0,0.0,0.0,0.0,0.0,0.0,1.0,1.0,1.0,1.0,0.0,0.0,0.0,0.0,0.0,0.0,0.0,0.0,carpet,low,new,signature global park,sohna,1.326
107.12,2.0,2.0,2.0,1.0,sector 33,8.0,1.0,0.0,0.0,0.0,0.0,0.0,0.0,1.0,1.0,1.0,1.0,0.0,0.0,0.0,0.0,0.0,0.0,0.0,0.0,super built up,low,new,signature global park,sohna,1.105
274.06,4.0,5.0,3.0,1.0,sector 111,10.0,1.0,0.0,0.0,1.0,0.0,0.0,0.0,1.0,1.0,0.0,1.0,1.0,0.0,0.0,0.0,0.0,0.0,0.0,0.0,super built up,high,new,puri diplomatic greens,gurgaon,5.95
346.62,4.0,4.0,3.0,1.0,sector 66,15.0,1.0,0.0,0.0,0.0,1.0,0.0,1.0,1.0,0.0,0.0,0.0,0.0,0.0,0.0,0.0,0.0,0.0,0.0,0.0,super built up,high,new,ireo uptown,gurgaon,8.245
253.35,4.0,4.0,3.0,1.0,sector 90,6.0,1.0,0.0,0.0,0.0,0.0,0.0,0.0,1.0,1.0,0.0,0.0,0.0,0.0,1.0,0.0,0.0,0.0,0.0,0.0,super built up,high,new,dlf new town heights 1,gurgaon,3.23
185.53,3.0,5.0,3.0,1.0,sector 99,15.0,1.0,0.0,0.0,1.0,1.0,1.0,1.0,1.0,1.0,0.0,0.0,0.0,0.0,1.0,0.0,0.0,0.0,0.0,0.0,super built up,mid,new,pareena coban residences,gurgaon,2.652
269.88,4.0,5.0,3.0,1.0,sector 72,10.0,1.0,0.0,0.0,0.0,0.0,1.0,0.0,1.0,0.0,0.0,1.0,0.0,0.0,1.0,0.0,0.0,0.0,0.0,0.0,super built up,high,new,tata primanti,gurgaon,6.8
190.17,3.0,3.0,3.0,1.0,sector 67,10.0,1.0,0.0,0.0,1.0,0.0,1.0,0.0,1.0,1.0,0.0,0.0,0.0,0.0,1.0,0.0,0.0,1.0,0.0,0.0,super built up,mid,new,m3m merlin,gurgaon,5.1
199.28,3.0,3.0,3.0,1.0,sector 72,10.0,1.0,0.0,0.0,0.0,0.0,1.0,0.0,1.0,0.0,0.0,1.0,0.0,0.0,1.0,0.0,0.0,0.0,0.0,0.0,super built up,high,new,tata primanti,gurgaon,5.609999999999999
178.37,3.0,4.0,2.0,1.0,sector 66,14.0,0.0,0.0,0.0,1.0,0.0,0.0,0.0,0.0,0.0,0.0,0.0,0.0,0.0,0.0,0.0,0.0,0.0,0.0,0.0,super built up,high,new,emaar mgf the enclave,gurgaon,3.57
178.37,3.0,4.0,2.0,1.0,sector 66,14.0,0.0,0.0,0.0,1.0,0.0,0.0,0.0,0.0,0.0,0.0,0.0,0.0,0.0,0.0,0.0,0.0,0.0,0.0,0.0,super built up,high,new,emaar mgf the enclave,gurgaon,3.23
170.66,3.0,2.0,3.0,1.0,sector 66,15.0,1.0,0.0,0.0,0.0,1.0,0.0,1.0,1.0,0.0,0.0,0.0,0.0,0.0,0.0,0.0,0.0,0.0,0.0,0.0,super built up,mid,new,ireo uptown,gurgaon,4.08
130.06,2.0,2.0,3.0,1.0,sector 74,7.0,1.0,0.0,0.0,1.0,0.0,1.0,0.0,1.0,1.0,0.0,0.0,1.0,0.0,0.0,0.0,0.0,0.0,0.0,0.0,super built up,mid,new,m3m skywalk,gurgaon,2.584
130.06,2.0,2.0,3.0,1.0,sector 74,7.0,1.0,0.0,0.0,1.0,0.0,1.0,0.0,1.0,1.0,0.0,0.0,1.0,0.0,0.0,0.0,0.0,0.0,0.0,0.0,super built up,high,new,m3m skywalk,gurgaon,2.516
247.12,3.0,4.0,3.0,1.0,sector 81,9.0,0.0,0.0,0.0,1.0,0.0,0.0,0.0,1.0,0.0,0.0,0.0,1.0,0.0,0.0,0.0,0.0,0.0,0.0,0.0,super built up,high,new,bestech park view grand spa,gurgaon,3.893
201.04,3.0,4.0,3.0,1.0,sector 58,13.0,1.0,0.0,0.0,1.0,0.0,1.0,0.0,1.0,1.0,0.0,1.0,0.0,0.0,0.0,0.0,0.0,0.0,0.0,0.0,super built up,mid,old,ireo the grand arch,gurgaon,6.8
315.87,4.0,5.0,3.0,1.0,sector 110,15.0,1.0,0.0,0.0,1.0,1.0,0.0,0.0,1.0,1.0,1.0,1.0,1.0,0.0,0.0,0.0,0.0,0.0,0.0,0.0,super built up,mid,new,indiabulls enigma,gurgaon,6.12
132.85,3.0,3.0,2.0,0.0,sector 2,11.0,0.0,0.0,0.0,1.0,1.0,0.0,0.0,1.0,0.0,0.0,1.0,0.0,0.0,0.0,0.0,0.0,0.0,0.0,0.0,super built up,low,new,suncity vatsal valley,gurgaon,2.3459999999999996
194.63,3.0,4.0,3.0,1.0,sector 109,15.0,0.0,0.0,0.0,0.0,1.0,0.0,1.0,1.0,1.0,0.0,0.0,0.0,1.0,0.0,1.0,0.0,1.0,1.0,0.0,super built up,high,new,ats kocoon,gurgaon,3.74
360.46,5.0,5.0,3.0,1.0,sector 110,15.0,1.0,0.0,0.0,1.0,1.0,0.0,0.0,1.0,1.0,1.0,1.0,1.0,0.0,0.0,0.0,0.0,0.0,0.0,0.0,super built up,mid,new,indiabulls enigma,gurgaon,7.633
315.87,4.0,5.0,3.0,1.0,sector 110,15.0,1.0,0.0,0.0,1.0,1.0,0.0,0.0,1.0,1.0,1.0,1.0,1.0,0.0,0.0,0.0,0.0,0.0,0.0,0.0,super built up,mid,new,indiabulls enigma,gurgaon,5.933
315.87,4.0,5.0,3.0,1.0,sector 110,15.0,1.0,0.0,0.0,1.0,1.0,0.0,0.0,1.0,1.0,1.0,1.0,1.0,0.0,0.0,0.0,0.0,0.0,0.0,0.0,super built up,mid,new,indiabulls enigma,gurgaon,6.29
153.29,3.0,3.0,3.0,1.0,sector 102,10.0,1.0,0.0,0.0,1.0,0.0,1.0,0.0,1.0,1.0,0.0,0.0,1.0,0.0,0.0,0.0,0.0,0.0,0.0,0.0,super built up,mid,new,emaar gurgaon greens,gurgaon,2.4139999999999997
296.55,4.0,4.0,3.0,1.0,sector 67,11.0,1.0,0.0,0.0,1.0,0.0,1.0,0.0,1.0,1.0,0.0,0.0,0.0,0.0,1.0,0.0,0.0,0.0,0.0,0.0,super built up,high,new,ireo victory valley,gurgaon,7.6499999999999995
212.75,3.0,3.0,3.0,1.0,sector 104,13.0,1.0,0.0,0.0,1.0,0.0,1.0,0.0,1.0,1.0,0.0,1.0,1.0,0.0,1.0,0.0,1.0,0.0,0.0,0.0,super built up,high,new,ats triumph,gurgaon,3.145
292.64,4.0,4.0,3.0,1.0,sector 104,13.0,1.0,0.0,0.0,1.0,0.0,1.0,0.0,1.0,1.0,0.0,1.0,1.0,0.0,1.0,0.0,1.0,0.0,0.0,0.0,super built up,high,new,ats triumph,gurgaon,4.454
165.83,3.0,3.0,3.0,0.0,sector 83,10.0,0.0,0.0,0.0,1.0,0.0,0.0,0.0,1.0,1.0,0.0,1.0,1.0,0.0,0.0,0.0,0.0,0.0,0.0,0.0,super built up,mid,new,vatika gurgaon 21,gurgaon,1.87
144.84,2.0,2.0,3.0,1.0,sector 79,10.0,0.0,0.0,0.0,0.0,0.0,0.0,0.0,1.0,1.0,0.0,0.0,0.0,0.0,0.0,0.0,0.0,0.0,1.0,0.0,super built up,mid,new,godrej 101,gurgaon,2.261
146.04,2.0,2.0,3.0,1.0,sector 79,10.0,0.0,0.0,0.0,0.0,0.0,0.0,0.0,1.0,1.0,0.0,0.0,0.0,0.0,0.0,0.0,0.0,0.0,1.0,0.0,super built up,low,new,godrej 101,gurgaon,2.278
128.48,2.0,2.0,3.0,0.0,sector 79,10.0,0.0,0.0,0.0,0.0,0.0,0.0,0.0,1.0,1.0,0.0,0.0,0.0,0.0,0.0,0.0,0.0,0.0,1.0,0.0,super built up,mid,new,godrej 101,gurgaon,2.006
134.24,2.0,2.0,3.0,0.0,sector 83,10.0,0.0,0.0,0.0,1.0,0.0,0.0,0.0,1.0,1.0,0.0,1.0,1.0,0.0,0.0,0.0,0.0,0.0,0.0,0.0,super built up,mid,new,vatika gurgaon 21,gurgaon,1.615
134.24,2.0,2.0,3.0,0.0,sector 83,10.0,0.0,0.0,0.0,1.0,0.0,0.0,0.0,1.0,1.0,0.0,1.0,1.0,0.0,0.0,0.0,0.0,0.0,0.0,0.0,super built up,mid,new,vatika gurgaon 21,gurgaon,1.666
163.51,3.0,4.0,3.0,1.0,sector 106,11.0,1.0,0.0,0.0,1.0,0.0,1.0,0.0,1.0,1.0,0.0,1.0,1.0,0.0,1.0,0.0,0.0,0.0,0.0,0.0,super built up,high,new,paras dews,gurgaon,1.9549999999999998
123.19,3.0,2.0,3.0,1.0,sector 69,42.0,1.0,0.0,0.0,0.0,1.0,1.0,1.0,0.0,0.0,0.0,0.0,0.0,0.0,0.0,1.0,0.0,1.0,0.0,0.0,carpet,mid,new,tulip white,gurgaon,1.53
292.64,4.0,4.0,3.0,1.0,sector 104,13.0,1.0,0.0,0.0,1.0,0.0,1.0,0.0,1.0,1.0,0.0,1.0,1.0,0.0,1.0,0.0,1.0,0.0,0.0,0.0,super built up,high,new,ats triumph,gurgaon,4.284
219.81,3.0,4.0,3.0,1.0,sector 79,10.0,0.0,0.0,0.0,0.0,0.0,0.0,0.0,1.0,1.0,0.0,0.0,0.0,0.0,0.0,0.0,0.0,0.0,1.0,0.0,super built up,mid,new,godrej 101,gurgaon,3.4169999999999994
210.15,3.0,4.0,3.0,1.0,sector 79,10.0,0.0,0.0,0.0,0.0,0.0,0.0,0.0,1.0,1.0,0.0,0.0,0.0,0.0,0.0,0.0,0.0,0.0,1.0,0.0,super built up,mid,new,godrej 101,gurgaon,3.2809999999999997
139.82,3.0,3.0,3.0,0.0,sector 79,10.0,0.0,0.0,0.0,0.0,0.0,0.0,0.0,1.0,1.0,0.0,0.0,0.0,0.0,0.0,0.0,0.0,0.0,1.0,0.0,super built up,mid,new,godrej 101,gurgaon,2.176
208.47,3.0,4.0,3.0,1.0,sector 79,10.0,0.0,0.0,0.0,0.0,0.0,0.0,0.0,1.0,1.0,0.0,0.0,0.0,0.0,0.0,0.0,0.0,0.0,1.0,0.0,super built up,mid,new,godrej 101,gurgaon,3.247
146.04,3.0,3.0,3.0,0.0,sector 79,10.0,0.0,0.0,0.0,0.0,0.0,0.0,0.0,1.0,1.0,0.0,0.0,0.0,0.0,0.0,0.0,0.0,0.0,1.0,0.0,super built up,mid,new,godrej 101,gurgaon,2.278
162.12,3.0,3.0,3.0,0.0,sector 109,15.0,0.0,0.0,0.0,0.0,1.0,0.0,1.0,1.0,1.0,0.0,0.0,0.0,1.0,0.0,1.0,0.0,1.0,1.0,0.0,super built up,high,new,ats kocoon,gurgaon,2.8899999999999997
204.39,3.0,3.0,3.0,1.0,sector 66,14.0,1.0,0.0,0.0,0.0,0.0,1.0,0.0,1.0,1.0,0.0,1.0,0.0,0.0,0.0,0.0,0.0,1.0,0.0,0.0,super built up,mid,old,emaar mgf the palm drive,gurgaon,5.95
216.0,4.0,3.0,3.0,1.0,sector 92,11.0,1.0,0.0,0.0,1.0,0.0,1.0,0.0,1.0,1.0,0.0,0.0,1.0,0.0,1.0,0.0,0.0,0.0,0.0,0.0,super built up,high,new,bestech park view sanskruti,gurgaon,3.111
134.43,3.0,4.0,3.0,1.0,sector 90,6.0,1.0,0.0,0.0,0.0,0.0,0.0,0.0,1.0,1.0,0.0,0.0,0.0,0.0,1.0,0.0,0.0,0.0,0.0,0.0,carpet,high,old,dlf new town heights 1,gurgaon,2.125
139.35,3.0,4.0,3.0,1.0,sector 83,10.0,0.0,0.0,0.0,1.0,0.0,0.0,0.0,0.0,0.0,0.0,0.0,0.0,0.0,0.0,0.0,0.0,0.0,0.0,0.0,carpet,mid,new,emaar palm gardens,gurgaon,3.06
159.79,3.0,3.0,3.0,1.0,sector 83,10.0,0.0,0.0,0.0,1.0,0.0,0.0,0.0,0.0,0.0,0.0,0.0,0.0,0.0,0.0,0.0,0.0,0.0,0.0,0.0,super built up,high,new,emaar palm gardens,gurgaon,2.38
130.06,2.0,2.0,3.0,1.0,sector 74,7.0,1.0,0.0,0.0,1.0,0.0,1.0,0.0,1.0,1.0,0.0,0.0,1.0,0.0,0.0,0.0,0.0,0.0,0.0,0.0,super built up,high,new,m3m skywalk,gurgaon,2.618
227.61,3.0,4.0,3.0,1.0,sector 53,10.0,1.0,0.0,0.0,1.0,0.0,1.0,0.0,1.0,1.0,0.0,1.0,0.0,0.0,1.0,0.0,0.0,0.0,0.0,0.0,super built up,mid,old,vipul belmonte,gurgaon,10.2
174.19,3.0,4.0,3.0,1.0,sector 54,15.0,1.0,0.0,0.0,0.0,1.0,0.0,1.0,1.0,0.0,0.0,1.0,0.0,0.0,0.0,0.0,1.0,0.0,0.0,0.0,super built up,high,new,dlf park place,gurgaon,8.245
174.19,3.0,4.0,3.0,1.0,sector 54,15.0,1.0,0.0,0.0,0.0,1.0,0.0,1.0,1.0,0.0,0.0,1.0,0.0,0.0,0.0,0.0,1.0,0.0,0.0,0.0,super built up,mid,new,dlf park place,gurgaon,8.262
228.91,3.0,3.0,3.0,1.0,sector 48,9.0,1.0,0.0,0.0,1.0,0.0,1.0,0.0,1.0,1.0,0.0,1.0,0.0,0.0,0.0,0.0,1.0,0.0,0.0,0.0,super built up,high,old,central park resorts,gurgaon,8.755
365.2,4.0,4.0,3.0,1.0,sector 48,9.0,1.0,0.0,0.0,1.0,0.0,1.0,0.0,1.0,1.0,0.0,1.0,0.0,0.0,0.0,0.0,1.0,0.0,0.0,0.0,super built up,high,old,central park resorts,gurgaon,15.81
165.0,3.0,4.0,2.0,1.0,sector 48,15.0,1.0,1.0,0.0,1.0,0.0,1.0,1.0,1.0,1.0,0.0,1.0,0.0,1.0,0.0,1.0,0.0,0.0,0.0,0.0,super built up,mid,new,bestech park view city,gurgaon,3.026
130.06,3.0,3.0,3.0,1.0,sector 49,14.0,1.0,0.0,0.0,0.0,0.0,1.0,1.0,0.0,0.0,0.0,0.0,0.0,0.0,0.0,0.0,0.0,0.0,0.0,0.0,carpet,high,old,vatika city,gurgaon,3.043
171.87,3.0,3.0,2.0,1.0,sector 55,46.0,1.0,0.0,0.0,0.0,1.0,1.0,1.0,0.0,0.0,0.0,1.0,0.0,1.0,0.0,1.0,1.0,0.0,0.0,1.0,super built up,mid,old,siddhi vinayak apartments,gurgaon,2.448
185.81,4.0,3.0,3.0,1.0,sector 56,46.0,1.0,0.0,0.0,0.0,1.0,1.0,1.0,0.0,0.0,0.0,1.0,0.0,1.0,0.0,1.0,1.0,0.0,0.0,1.0,super built up,low,old,madhur jeevan apartments,gurgaon,2.703
222.97,4.0,4.0,3.0,1.0,sector 56,47.0,1.0,0.0,0.0,0.0,1.0,0.0,1.0,0.0,0.0,0.0,1.0,0.0,1.0,0.0,1.0,1.0,0.0,0.0,1.0,super built up,mid,old,the lions cghs,gurgaon,3.383
185.81,3.0,3.0,2.0,1.0,sector 56,46.0,1.0,0.0,0.0,0.0,1.0,1.0,1.0,0.0,0.0,0.0,1.0,0.0,1.0,0.0,1.0,1.0,0.0,0.0,1.0,super built up,mid,old,professors enclave cghs,gurgaon,2.618
171.87,3.0,2.0,3.0,1.0,sector 56,44.0,1.0,0.0,0.0,0.0,1.0,1.0,1.0,0.0,0.0,0.0,1.0,0.0,1.0,0.0,1.0,1.0,0.0,0.0,1.0,super built up,mid,old,guru gram haryana cghs,gurgaon,2.363
227.61,3.0,3.0,3.0,1.0,sector 56,47.0,1.0,0.0,0.0,0.0,1.0,0.0,1.0,0.0,0.0,0.0,1.0,0.0,1.0,0.0,1.0,1.0,0.0,0.0,1.0,super built up,low,old,park view apartment,gurgaon,2.9579999999999997
112.88,2.0,2.0,3.0,0.0,sector 102,13.0,1.0,0.0,0.0,1.0,1.0,0.0,0.0,1.0,1.0,0.0,0.0,1.0,0.0,1.0,0.0,0.0,1.0,0.0,0.0,super built up,high,new,shapoorji pallonji joyville gurugram,gurgaon,2.176
199.74,3.0,4.0,3.0,1.0,sector 109,11.0,1.0,0.0,0.0,1.0,0.0,0.0,0.0,1.0,1.0,0.0,1.0,1.0,0.0,0.0,0.0,0.0,0.0,1.0,0.0,super built up,mid,new,ats tourmaline,gurgaon,2.924
162.58,3.0,3.0,3.0,0.0,sector 109,11.0,1.0,0.0,0.0,1.0,0.0,0.0,0.0,1.0,1.0,0.0,1.0,1.0,0.0,0.0,0.0,0.0,0.0,1.0,0.0,super built up,mid,new,ats tourmaline,gurgaon,2.55
127.09,2.0,2.0,3.0,1.0,sector 102,13.0,1.0,0.0,0.0,1.0,1.0,0.0,0.0,1.0,1.0,0.0,0.0,1.0,0.0,1.0,0.0,0.0,1.0,0.0,0.0,super built up,high,new,shapoorji pallonji joyville gurugram,gurgaon,2.397
195.1,3.0,3.0,2.0,1.0,sector 142,35.0,1.0,0.0,0.0,0.0,0.0,1.0,1.0,1.0,0.0,0.0,0.0,0.0,1.0,0.0,1.0,0.0,1.0,0.0,1.0,super built up,low,old,empire estate,gurgaon,5.95
199.74,3.0,4.0,3.0,1.0,sector 109,11.0,1.0,0.0,0.0,1.0,0.0,0.0,0.0,1.0,1.0,0.0,1.0,1.0,0.0,0.0,0.0,0.0,0.0,1.0,0.0,super built up,mid,new,ats tourmaline,gurgaon,2.55
199.74,3.0,4.0,3.0,1.0,sector 109,11.0,1.0,0.0,0.0,1.0,0.0,0.0,0.0,1.0,1.0,0.0,1.0,1.0,0.0,0.0,0.0,0.0,0.0,1.0,0.0,super built up,mid,new,ats tourmaline,gurgaon,2.465
261.24,4.0,4.0,3.0,0.0,sector 85,13.0,1.0,0.0,0.0,1.0,0.0,1.0,0.0,1.0,1.0,0.0,0.0,1.0,0.0,1.0,0.0,0.0,0.0,1.0,0.0,super built up,low,new,ss the leaf,gurgaon,3.6209999999999996
223.71,3.0,4.0,3.0,1.0,sector 85,13.0,1.0,0.0,0.0,1.0,0.0,1.0,0.0,1.0,1.0,0.0,0.0,1.0,0.0,1.0,0.0,0.0,0.0,1.0,0.0,super built up,mid,new,ss the leaf,gurgaon,3.4
261.24,4.0,4.0,3.0,1.0,sector 85,13.0,1.0,0.0,0.0,1.0,0.0,1.0,0.0,1.0,1.0,0.0,0.0,1.0,0.0,1.0,0.0,0.0,0.0,1.0,0.0,super built up,mid,new,ss the leaf,gurgaon,3.57
261.24,4.0,4.0,3.0,0.0,sector 85,13.0,1.0,0.0,0.0,1.0,0.0,1.0,0.0,1.0,1.0,0.0,0.0,1.0,0.0,1.0,0.0,0.0,0.0,1.0,0.0,super built up,mid,new,ss the leaf,gurgaon,3.6209999999999996
161.74,2.0,2.0,3.0,0.0,sector 85,13.0,1.0,0.0,0.0,1.0,0.0,1.0,0.0,1.0,1.0,0.0,0.0,1.0,0.0,1.0,0.0,0.0,0.0,1.0,0.0,super built up,high,new,ss the leaf,gurgaon,2.125
152.36,2.0,2.0,3.0,0.0,sector 83,35.0,0.0,0.0,0.0,0.0,1.0,0.0,1.0,1.0,0.0,0.0,0.0,0.0,0.0,0.0,1.0,0.0,0.0,0.0,1.0,super built up,mid,new,ss the leaf,gurgaon,2.0229999999999997
155.24,2.0,2.0,3.0,0.0,sector 85,13.0,1.0,0.0,0.0,1.0,0.0,1.0,0.0,1.0,1.0,0.0,0.0,1.0,0.0,1.0,0.0,0.0,0.0,1.0,0.0,super built up,high,new,ss the leaf,gurgaon,1.9889999999999999
261.24,4.0,4.0,3.0,1.0,sector 85,8.0,0.0,0.0,0.0,0.0,0.0,0.0,0.0,0.0,0.0,0.0,0.0,0.0,1.0,0.0,0.0,0.0,0.0,0.0,1.0,super built up,high,new,ss,gurgaon,3.5529999999999995
261.24,4.0,4.0,3.0,1.0,sector 85,8.0,0.0,0.0,0.0,0.0,0.0,0.0,0.0,0.0,0.0,0.0,0.0,0.0,1.0,0.0,0.0,0.0,0.0,0.0,1.0,super built up,mid,new,ss,gurgaon,3.6889999999999996
261.24,4.0,4.0,3.0,1.0,sector 85,8.0,0.0,0.0,0.0,0.0,0.0,0.0,0.0,0.0,0.0,0.0,0.0,0.0,1.0,0.0,0.0,0.0,0.0,0.0,1.0,super built up,mid,new,ss,gurgaon,3.638
261.24,4.0,4.0,3.0,0.0,sector 85,8.0,0.0,0.0,0.0,0.0,0.0,0.0,0.0,0.0,0.0,0.0,0.0,0.0,1.0,0.0,0.0,0.0,0.0,0.0,1.0,super built up,low,new,ss,gurgaon,3.57
223.71,3.0,4.0,3.0,0.0,sector 85,8.0,0.0,0.0,0.0,0.0,0.0,0.0,0.0,0.0,0.0,0.0,0.0,0.0,1.0,0.0,0.0,0.0,0.0,0.0,1.0,super built up,mid,new,ss,gurgaon,3.366
161.74,2.0,2.0,3.0,0.0,sector 85,13.0,1.0,0.0,0.0,1.0,0.0,1.0,0.0,1.0,1.0,0.0,0.0,1.0,0.0,1.0,0.0,0.0,0.0,1.0,0.0,super built up,high,new,ss the leaf,gurgaon,2.108
152.36,2.0,2.0,3.0,0.0,sector 85,14.0,1.0,0.0,0.0,0.0,0.0,1.0,1.0,0.0,0.0,0.0,0.0,0.0,0.0,0.0,1.0,0.0,0.0,0.0,0.0,super built up,mid,new,ss,gurgaon,2.006
155.24,2.0,2.0,3.0,0.0,sector 85,14.0,1.0,0.0,0.0,0.0,0.0,1.0,1.0,0.0,0.0,0.0,0.0,0.0,0.0,0.0,1.0,0.0,0.0,0.0,0.0,super built up,high,new,ss,gurgaon,2.04
155.24,2.0,2.0,3.0,0.0,sector 85,14.0,1.0,0.0,0.0,0.0,0.0,1.0,1.0,0.0,0.0,0.0,0.0,0.0,0.0,0.0,1.0,0.0,0.0,0.0,0.0,super built up,high,new,ss,gurgaon,2.0229999999999997
167.69,3.0,3.0,3.0,0.0,sector 49,13.0,1.0,0.0,0.0,1.0,0.0,0.0,1.0,1.0,0.0,0.0,0.0,0.0,0.0,1.0,1.0,0.0,0.0,0.0,0.0,super built up,high,new,orchid petals,gurgaon,3.5529999999999995
191.47,3.0,3.0,3.0,1.0,sector 49,13.0,1.0,0.0,0.0,1.0,0.0,0.0,1.0,1.0,0.0,0.0,0.0,0.0,0.0,1.0,1.0,0.0,0.0,0.0,0.0,super built up,high,new,orchid petals,gurgaon,4.165
188.87,3.0,3.0,3.0,1.0,sector 49,13.0,1.0,0.0,0.0,1.0,0.0,0.0,1.0,1.0,0.0,0.0,0.0,0.0,0.0,1.0,1.0,0.0,0.0,0.0,0.0,super built up,high,new,orchid petals,gurgaon,3.791
330.46,5.0,6.0,3.0,1.0,sector 49,13.0,1.0,0.0,0.0,1.0,0.0,0.0,1.0,1.0,0.0,0.0,0.0,0.0,0.0,1.0,1.0,0.0,0.0,0.0,0.0,super built up,high,new,orchid petals,gurgaon,7.157
330.46,5.0,4.0,3.0,1.0,sector 49,13.0,1.0,0.0,0.0,1.0,0.0,0.0,1.0,1.0,0.0,0.0,0.0,0.0,0.0,1.0,1.0,0.0,0.0,0.0,0.0,super built up,high,new,orchid petals,gurgaon,7.072
382.3,5.0,5.0,3.0,1.0,sector 49,13.0,1.0,0.0,0.0,1.0,0.0,0.0,1.0,1.0,0.0,0.0,0.0,0.0,0.0,1.0,1.0,0.0,0.0,0.0,0.0,super built up,high,old,orchid petals,gurgaon,7.683999999999999
134.71,2.0,2.0,3.0,0.0,sector 79,11.0,1.0,0.0,0.0,1.0,0.0,1.0,0.0,1.0,1.0,0.0,0.0,1.0,0.0,0.0,0.0,0.0,0.0,1.0,0.0,carpet,mid,new,godrej aria,gurgaon,1.615
124.21,2.0,3.0,3.0,1.0,sector 66,15.0,1.0,0.0,0.0,0.0,1.0,0.0,1.0,1.0,0.0,0.0,0.0,0.0,0.0,0.0,0.0,0.0,0.0,0.0,0.0,super built up,low,new,ireo uptown,gurgaon,2.55
355.73,4.0,4.0,3.0,1.0,sector 59,15.0,1.0,0.0,0.0,1.0,0.0,1.0,1.0,1.0,0.0,0.0,1.0,0.0,0.0,1.0,1.0,1.0,0.0,0.0,1.0,carpet,high,new,raisina residency,gurgaon,8.5
269.88,4.0,5.0,3.0,1.0,sector 72,10.0,1.0,0.0,0.0,0.0,0.0,1.0,0.0,1.0,0.0,0.0,1.0,0.0,0.0,1.0,0.0,0.0,0.0,0.0,0.0,super built up,high,new,tata primanti,gurgaon,6.8
50.5,2.0,2.0,2.0,0.0,sector 93,8.0,0.0,0.0,0.0,1.0,0.0,0.0,0.0,1.0,1.0,0.0,0.0,0.0,0.0,0.0,0.0,0.0,0.0,0.0,0.0,carpet,mid,new,signature global orchard avenue,gurgaon,0.612
643.45,4.0,4.0,3.0,1.0,sector 81,9.0,0.0,0.0,0.0,1.0,0.0,0.0,0.0,1.0,0.0,0.0,0.0,1.0,0.0,0.0,0.0,0.0,0.0,0.0,0.0,super built up,high,new,bestech park view grand spa,gurgaon,7.99
126.35,2.0,2.0,2.0,0.0,sector 81,9.0,0.0,0.0,0.0,1.0,0.0,0.0,0.0,1.0,0.0,0.0,1.0,1.0,0.0,0.0,0.0,0.0,0.0,0.0,0.0,super built up,low,new,bestech park view ananda,gurgaon,1.615
55.27,2.0,2.0,2.0,0.0,sector 93,8.0,0.0,0.0,0.0,1.0,0.0,0.0,0.0,1.0,1.0,0.0,0.0,0.0,0.0,0.0,0.0,0.0,0.0,0.0,0.0,carpet,mid,new,signature global orchard avenue,gurgaon,0.646
161.19,3.0,3.0,3.0,1.0,sector 83,10.0,0.0,0.0,0.0,1.0,0.0,0.0,0.0,1.0,1.0,0.0,1.0,1.0,0.0,0.0,0.0,0.0,0.0,0.0,0.0,super built up,high,new,vatika gurgaon 21,gurgaon,1.87
185.34,3.0,4.0,3.0,1.0,sector 92,11.0,1.0,0.0,0.0,1.0,0.0,1.0,0.0,1.0,1.0,0.0,0.0,1.0,0.0,1.0,0.0,0.0,0.0,0.0,0.0,super built up,high,new,bestech park view sanskruti,gurgaon,2.635
185.34,3.0,3.0,3.0,1.0,sector 92,11.0,1.0,0.0,0.0,1.0,0.0,1.0,0.0,1.0,1.0,0.0,0.0,1.0,0.0,1.0,0.0,0.0,0.0,0.0,0.0,super built up,high,new,bestech park view sanskruti,gurgaon,2.635
229.94,4.0,5.0,3.0,1.0,sector 92,11.0,1.0,0.0,0.0,1.0,0.0,1.0,0.0,1.0,1.0,0.0,0.0,1.0,0.0,1.0,0.0,0.0,0.0,0.0,0.0,super built up,high,new,bestech park view sanskruti,gurgaon,3.4
195.1,3.0,4.0,3.0,1.0,sector 81,9.0,1.0,0.0,0.0,0.0,0.0,0.0,0.0,1.0,1.0,0.0,1.0,0.0,0.0,0.0,0.0,0.0,0.0,0.0,0.0,super built up,high,new,dlf the ultima,gurgaon,3.9099999999999997
261.24,4.0,5.0,3.0,0.0,sector 85,13.0,1.0,0.0,0.0,1.0,0.0,1.0,0.0,1.0,1.0,0.0,0.0,1.0,0.0,1.0,0.0,0.0,0.0,1.0,0.0,super built up,high,new,ss the leaf,gurgaon,3.57
265.7,3.0,3.0,1.0,0.0,sector 83,10.0,1.0,0.0,0.0,1.0,0.0,1.0,0.0,1.0,1.0,0.0,0.0,0.0,0.0,0.0,0.0,0.0,0.0,0.0,0.0,super built up,mid,new,vatika lifestyle homes,gurgaon,2.21
58.81,2.0,2.0,1.0,0.0,sector 81,10.0,1.0,0.0,0.0,1.0,0.0,0.0,0.0,1.0,0.0,0.0,0.0,1.0,0.0,1.0,0.0,0.0,0.0,0.0,0.0,super built up,high,new,signature global synera,gurgaon,0.68
202.99,3.0,4.0,3.0,1.0,sector 72,10.0,1.0,0.0,0.0,0.0,0.0,1.0,0.0,1.0,0.0,0.0,1.0,0.0,0.0,1.0,0.0,0.0,0.0,0.0,0.0,super built up,high,new,tata primanti,gurgaon,5.609999999999999
120.77,2.0,2.0,2.0,1.0,sector 70,15.0,1.0,0.0,0.0,1.0,0.0,1.0,1.0,0.0,0.0,0.0,0.0,0.0,1.0,0.0,0.0,0.0,0.0,0.0,0.0,super built up,high,new,shree vardhman victoria,gurgaon,1.87
164.62,2.0,2.0,3.0,1.0,sector 85,13.0,1.0,0.0,0.0,1.0,0.0,1.0,0.0,1.0,1.0,0.0,0.0,1.0,0.0,1.0,0.0,0.0,0.0,1.0,0.0,super built up,high,new,ss the leaf,gurgaon,2.04
261.24,4.0,5.0,3.0,1.0,sector 85,13.0,1.0,0.0,0.0,1.0,0.0,1.0,0.0,1.0,1.0,0.0,0.0,1.0,0.0,1.0,0.0,0.0,0.0,1.0,0.0,super built up,mid,new,ss the leaf,gurgaon,3.655
223.71,3.0,4.0,3.0,1.0,sector 85,13.0,1.0,0.0,0.0,1.0,0.0,1.0,0.0,1.0,1.0,0.0,0.0,1.0,0.0,1.0,0.0,0.0,0.0,1.0,0.0,super built up,mid,new,ss the leaf,gurgaon,3.4
223.71,3.0,4.0,3.0,1.0,sector 85,13.0,1.0,0.0,0.0,1.0,0.0,1.0,0.0,1.0,1.0,0.0,0.0,1.0,0.0,1.0,0.0,0.0,0.0,1.0,0.0,super built up,mid,new,ss the leaf,gurgaon,3.57
152.36,2.0,2.0,3.0,1.0,sector 85,13.0,1.0,0.0,0.0,1.0,0.0,1.0,0.0,1.0,1.0,0.0,0.0,1.0,0.0,1.0,0.0,0.0,0.0,1.0,0.0,super built up,low,new,ss the leaf,gurgaon,2.04
155.24,2.0,2.0,3.0,1.0,sector 85,13.0,1.0,0.0,0.0,1.0,0.0,1.0,0.0,1.0,1.0,0.0,0.0,1.0,0.0,1.0,0.0,0.0,0.0,1.0,0.0,super built up,high,new,ss the leaf,gurgaon,2.21
164.62,2.0,2.0,3.0,1.0,sector 85,13.0,1.0,0.0,0.0,1.0,0.0,1.0,0.0,1.0,1.0,0.0,0.0,1.0,0.0,1.0,0.0,0.0,0.0,1.0,0.0,super built up,high,new,ss the leaf,gurgaon,2.21
152.36,2.0,2.0,3.0,1.0,sector 85,13.0,1.0,0.0,0.0,1.0,0.0,1.0,0.0,1.0,1.0,0.0,0.0,1.0,0.0,1.0,0.0,0.0,0.0,1.0,0.0,super built up,high,new,ss the leaf,gurgaon,2.04
161.74,2.0,2.0,3.0,1.0,sector 85,13.0,1.0,0.0,0.0,1.0,0.0,1.0,0.0,1.0,1.0,0.0,0.0,1.0,0.0,1.0,0.0,0.0,0.0,1.0,0.0,super built up,low,new,ss the leaf,gurgaon,1.87
161.74,2.0,2.0,3.0,1.0,sector 85,13.0,1.0,0.0,0.0,1.0,0.0,1.0,0.0,1.0,1.0,0.0,0.0,1.0,0.0,1.0,0.0,0.0,0.0,1.0,0.0,super built up,high,new,ss the leaf,gurgaon,2.125
152.36,2.0,2.0,3.0,1.0,sector 85,13.0,1.0,0.0,0.0,1.0,0.0,1.0,0.0,1.0,1.0,0.0,0.0,1.0,0.0,1.0,0.0,0.0,0.0,1.0,0.0,super built up,high,new,ss the leaf,gurgaon,1.9549999999999998
158.49,3.0,4.0,3.0,1.0,sector 70,11.0,1.0,0.0,0.0,1.0,0.0,1.0,0.0,1.0,1.0,0.0,0.0,0.0,0.0,1.0,0.0,0.0,0.0,0.0,0.0,built up,high,new,aipl zen residences,gurgaon,2.975
181.16,3.0,5.0,3.0,1.0,sector 70,15.0,1.0,0.0,0.0,1.0,0.0,1.0,1.0,0.0,0.0,0.0,0.0,0.0,1.0,0.0,0.0,0.0,0.0,0.0,0.0,super built up,mid,new,shree vardhman victoria,gurgaon,2.8049999999999997
227.61,4.0,4.0,3.0,1.0,sector 104,13.0,1.0,0.0,0.0,1.0,0.0,1.0,0.0,1.0,1.0,1.0,1.0,1.0,0.0,1.0,0.0,0.0,0.0,0.0,0.0,super built up,mid,new,puri emerald bay,gurgaon,4.335
269.88,4.0,4.0,3.0,1.0,sector 72,10.0,1.0,0.0,0.0,0.0,0.0,1.0,0.0,1.0,0.0,0.0,1.0,0.0,0.0,1.0,0.0,0.0,0.0,0.0,0.0,super built up,high,new,tata primanti,gurgaon,6.63
115.66,2.0,2.0,3.0,0.0,sector 68,10.0,1.0,0.0,0.0,1.0,0.0,1.0,0.0,1.0,1.0,0.0,0.0,0.0,0.0,1.0,0.0,0.0,1.0,0.0,0.0,super built up,low,new,m3m sierra 68,gurgaon,1.836
181.16,3.0,3.0,3.0,0.0,sector 68,8.0,1.0,0.0,0.0,1.0,0.0,1.0,0.0,1.0,0.0,0.0,0.0,0.0,0.0,0.0,0.0,0.0,0.0,0.0,0.0,super built up,high,new,m3m ikonic,gurgaon,3.06
115.66,2.0,2.0,3.0,0.0,sector 68,10.0,1.0,0.0,0.0,1.0,0.0,1.0,0.0,1.0,1.0,0.0,0.0,0.0,0.0,1.0,0.0,0.0,1.0,0.0,0.0,super built up,high,new,m3m sierra 68,gurgaon,1.9209999999999998
181.16,3.0,3.0,3.0,0.0,sector 68,8.0,1.0,0.0,0.0,1.0,0.0,1.0,0.0,1.0,0.0,0.0,0.0,0.0,0.0,0.0,0.0,0.0,0.0,0.0,0.0,super built up,high,new,m3m ikonic,gurgaon,3.026
113.71,2.0,2.0,3.0,0.0,sector 68,10.0,1.0,0.0,0.0,1.0,0.0,1.0,0.0,1.0,1.0,0.0,0.0,0.0,0.0,1.0,0.0,0.0,1.0,0.0,0.0,super built up,low,new,m3m sierra 68,gurgaon,1.87
199.74,3.0,3.0,3.0,1.0,sector 70,11.0,1.0,0.0,0.0,1.0,0.0,1.0,0.0,1.0,1.0,0.0,0.0,0.0,0.0,0.0,0.0,0.0,0.0,0.0,0.0,super built up,high,new,aipl the peaceful homes,gurgaon,4.25
223.71,3.0,4.0,3.0,1.0,sector 85,13.0,1.0,0.0,0.0,1.0,0.0,1.0,0.0,1.0,1.0,0.0,0.0,1.0,0.0,1.0,0.0,0.0,0.0,1.0,0.0,super built up,high,new,ss the leaf,gurgaon,3.128
155.24,2.0,3.0,3.0,1.0,sector 85,13.0,1.0,0.0,0.0,1.0,0.0,1.0,0.0,1.0,1.0,0.0,0.0,1.0,0.0,1.0,0.0,0.0,0.0,1.0,0.0,super built up,high,new,ss the leaf,gurgaon,2.006
181.16,3.0,3.0,3.0,1.0,sector 70,15.0,1.0,0.0,0.0,1.0,0.0,1.0,1.0,0.0,0.0,0.0,0.0,0.0,1.0,0.0,0.0,0.0,0.0,0.0,0.0,super built up,mid,new,shree vardhman victoria,gurgaon,2.771
297.1,4.0,5.0,3.0,1.0,sector 102,11.0,1.0,0.0,0.0,1.0,0.0,1.0,0.0,1.0,1.0,0.0,0.0,1.0,0.0,1.0,0.0,0.0,0.0,0.0,0.0,super built up,mid,new,adani m2k oyster grande,gurgaon,4.25
219.34,3.0,4.0,3.0,1.0,sector 107,6.0,0.0,0.0,0.0,0.0,0.0,0.0,0.0,1.0,1.0,0.0,0.0,0.0,0.0,0.0,0.0,0.0,0.0,0.0,0.0,super built up,mid,new,m3m woodshire,gurgaon,2.465
163.32,3.0,3.0,3.0,1.0,sector 108,9.0,1.0,0.0,0.0,1.0,0.0,1.0,0.0,1.0,1.0,0.0,0.0,1.0,0.0,0.0,0.0,0.0,0.0,0.0,0.0,super built up,high,new,experion the heartsong,gurgaon,2.04
186.08,3.0,4.0,3.0,1.0,sector 108,9.0,1.0,0.0,0.0,1.0,0.0,1.0,0.0,1.0,1.0,0.0,0.0,1.0,0.0,0.0,0.0,0.0,0.0,0.0,0.0,super built up,low,new,experion the heartsong,gurgaon,2.72
48.59,2.0,2.0,2.0,0.0,sector 67,11.0,0.0,0.0,0.0,1.0,0.0,1.0,0.0,1.0,0.0,0.0,0.0,0.0,1.0,0.0,0.0,0.0,0.0,0.0,0.0,carpet,low,new,pyramid urban,gurgaon,1.054
48.59,2.0,2.0,2.0,0.0,sector 67,11.0,0.0,0.0,0.0,1.0,0.0,1.0,0.0,1.0,0.0,0.0,0.0,0.0,1.0,0.0,0.0,0.0,0.0,0.0,0.0,carpet,low,new,pyramid urban,gurgaon,0.935
189.99,3.0,4.0,3.0,1.0,sector 60,7.0,1.0,0.0,0.0,0.0,0.0,1.0,0.0,1.0,1.0,0.0,1.0,0.0,0.0,0.0,0.0,0.0,0.0,0.0,0.0,super built up,mid,new,ireo skyon,gurgaon,4.845
152.36,2.0,2.0,2.0,1.0,sector 85,13.0,1.0,0.0,0.0,1.0,0.0,1.0,0.0,1.0,1.0,0.0,0.0,1.0,0.0,1.0,0.0,0.0,0.0,1.0,0.0,carpet,mid,new,ss the leaf,gurgaon,2.227
261.24,4.0,5.0,3.0,1.0,sector 85,13.0,1.0,0.0,0.0,1.0,0.0,1.0,0.0,1.0,1.0,0.0,0.0,1.0,0.0,1.0,0.0,0.0,0.0,1.0,0.0,super built up,mid,new,ss the leaf,gurgaon,3.74
260.31,3.0,3.0,2.0,1.0,sector 112,8.0,1.0,0.0,0.0,0.0,0.0,1.0,0.0,1.0,1.0,1.0,0.0,1.0,0.0,0.0,0.0,0.0,0.0,0.0,0.0,super built up,low,new,experion windchants,gurgaon,5.1
179.3,3.0,3.0,3.0,1.0,sector 86,15.0,1.0,0.0,0.0,0.0,0.0,0.0,1.0,1.0,1.0,0.0,0.0,0.0,0.0,0.0,0.0,0.0,0.0,0.0,0.0,super built up,high,new,dlf new town heights 2,gurgaon,2.21
239.6,3.0,4.0,3.0,1.0,sector 102,11.0,1.0,0.0,0.0,1.0,0.0,1.0,0.0,1.0,1.0,0.0,0.0,1.0,0.0,1.0,0.0,0.0,0.0,0.0,0.0,super built up,high,new,adani m2k oyster grande,gurgaon,3.315
119.19,2.0,3.0,3.0,1.0,sector 108,9.0,1.0,0.0,0.0,1.0,0.0,1.0,0.0,1.0,1.0,0.0,0.0,1.0,0.0,0.0,0.0,0.0,0.0,0.0,0.0,super built up,low,new,experion the heartsong,gurgaon,1.53
180.51,3.0,3.0,3.0,0.0,sector 107,6.0,0.0,0.0,0.0,0.0,0.0,0.0,0.0,1.0,1.0,0.0,0.0,0.0,0.0,0.0,0.0,0.0,0.0,0.0,0.0,super built up,mid,new,m3m woodshire,gurgaon,2.04
50.91,2.0,2.0,1.0,0.0,sector 107,10.0,0.0,0.0,0.0,1.0,0.0,0.0,0.0,1.0,0.0,0.0,0.0,1.0,0.0,0.0,0.0,0.0,0.0,0.0,0.0,super built up,high,new,signature global solera,gurgaon,0.612
50.91,2.0,2.0,1.0,0.0,sector 107,10.0,0.0,0.0,0.0,1.0,0.0,0.0,0.0,1.0,0.0,0.0,0.0,1.0,0.0,0.0,0.0,0.0,0.0,0.0,0.0,super built up,high,new,signature global solera,gurgaon,0.629
97.55,3.0,2.0,2.0,1.0,sector 107,10.0,0.0,0.0,0.0,1.0,0.0,0.0,0.0,1.0,0.0,0.0,0.0,1.0,0.0,0.0,0.0,0.0,0.0,0.0,0.0,super built up,mid,new,signature global solera,gurgaon,0.85
483.1,4.0,5.0,3.0,1.0,sector 43,48.0,1.0,0.0,0.0,0.0,0.0,0.0,1.0,0.0,0.0,0.0,1.0,0.0,0.0,0.0,1.0,1.0,0.0,0.0,1.0,super built up,high,old,beverley park 1,gurgaon,14.347999999999999
166.3,3.0,3.0,2.0,1.0,sector 82,10.0,0.0,0.0,0.0,1.0,0.0,0.0,0.0,1.0,0.0,0.0,0.0,0.0,0.0,0.0,0.0,0.0,0.0,0.0,0.0,super built up,high,new,mapsko royale ville,gurgaon,1.9040000000000001
166.3,3.0,4.0,2.0,1.0,sector 82,10.0,0.0,0.0,0.0,1.0,0.0,0.0,0.0,1.0,0.0,0.0,0.0,0.0,0.0,0.0,0.0,0.0,0.0,0.0,0.0,super built up,mid,new,mapsko royale ville,gurgaon,1.9040000000000001
55.74,2.0,2.0,2.0,0.0,sector 81,10.0,1.0,0.0,0.0,1.0,0.0,0.0,0.0,1.0,0.0,0.0,0.0,1.0,0.0,1.0,0.0,0.0,0.0,0.0,0.0,carpet,mid,new,signature global synera,gurgaon,0.663
37.16,1.0,1.0,2.0,0.0,sector 81,10.0,1.0,0.0,0.0,1.0,0.0,0.0,0.0,1.0,0.0,0.0,0.0,1.0,0.0,1.0,0.0,0.0,0.0,0.0,0.0,carpet,low,new,signature global synera,gurgaon,0.646
181.16,3.0,3.0,2.0,1.0,sector 70,15.0,1.0,0.0,0.0,1.0,0.0,1.0,1.0,0.0,0.0,0.0,0.0,0.0,1.0,0.0,0.0,0.0,0.0,0.0,0.0,carpet,mid,new,shree vardhman victoria,gurgaon,2.8049999999999997
125.42,2.0,2.0,2.0,1.0,sector 70,15.0,1.0,0.0,0.0,1.0,0.0,1.0,1.0,0.0,0.0,0.0,0.0,0.0,1.0,0.0,0.0,0.0,0.0,0.0,0.0,carpet,mid,new,shree vardhman victoria,gurgaon,1.9549999999999998
141.58,2.0,3.0,2.0,1.0,sector 60,7.0,1.0,0.0,0.0,0.0,0.0,1.0,0.0,1.0,1.0,0.0,1.0,0.0,0.0,0.0,0.0,0.0,0.0,0.0,0.0,super built up,mid,new,ireo skyon,gurgaon,3.655
222.97,4.0,5.0,3.0,1.0,sector 70,10.0,1.0,0.0,0.0,1.0,0.0,1.0,0.0,1.0,1.0,0.0,0.0,0.0,0.0,1.0,0.0,0.0,0.0,0.0,0.0,super built up,mid,old,tulip ivory,gurgaon,3.57
222.97,4.0,5.0,3.0,1.0,sector 70,10.0,1.0,0.0,0.0,1.0,0.0,1.0,0.0,1.0,1.0,0.0,0.0,0.0,0.0,1.0,0.0,0.0,0.0,0.0,0.0,super built up,mid,old,tulip ivory,gurgaon,3.4
167.69,3.0,3.0,3.0,1.0,sector 49,13.0,1.0,0.0,0.0,1.0,0.0,0.0,1.0,1.0,0.0,0.0,0.0,0.0,0.0,1.0,1.0,0.0,0.0,0.0,0.0,carpet,high,old,orchid petals,gurgaon,3.23
209.03,3.0,3.0,3.0,1.0,sector 54,44.0,1.0,0.0,0.0,0.0,1.0,1.0,1.0,0.0,0.0,0.0,1.0,0.0,1.0,0.0,1.0,1.0,0.0,0.0,1.0,built up,low,old,new sathi apartments,gurgaon,2.703
176.52,3.0,3.0,3.0,0.0,sector 56,43.0,1.0,0.0,0.0,0.0,1.0,1.0,1.0,1.0,0.0,0.0,1.0,0.0,1.0,0.0,1.0,1.0,0.0,0.0,1.0,super built up,low,old,kanchanjanga tower,gurgaon,2.465
178.37,3.0,3.0,3.0,1.0,sector 56,44.0,1.0,0.0,0.0,0.0,1.0,1.0,1.0,0.0,0.0,0.0,1.0,0.0,1.0,0.0,1.0,1.0,0.0,0.0,1.0,super built up,mid,old,guru gram haryana cghs,gurgaon,2.363
268.95,3.0,4.0,3.0,1.0,sector 53,15.0,0.0,0.0,0.0,1.0,0.0,1.0,0.0,1.0,1.0,0.0,1.0,0.0,0.0,0.0,0.0,0.0,1.0,0.0,0.0,super built up,high,new,parsvnath exotica,gurgaon,8.5
218.79,3.0,3.0,3.0,1.0,sector 56,46.0,1.0,0.0,0.0,0.0,1.0,1.0,1.0,0.0,0.0,0.0,1.0,0.0,1.0,0.0,1.0,1.0,0.0,0.0,1.0,super built up,mid,old,sukhshanti apartment,gurgaon,2.8049999999999997
160.44,3.0,3.0,2.0,1.0,sector 67,12.0,0.0,0.0,0.0,1.0,0.0,1.0,0.0,1.0,1.0,0.0,1.0,0.0,0.0,1.0,0.0,0.0,0.0,0.0,0.0,super built up,low,new,ireo the corridors,gurgaon,2.72
177.44,3.0,3.0,3.0,1.0,sector 56,44.0,1.0,0.0,0.0,0.0,1.0,1.0,1.0,1.0,0.0,0.0,0.0,0.0,1.0,0.0,1.0,0.0,1.0,0.0,1.0,built up,mid,old,guru gram haryana cghs,gurgaon,2.3459999999999996
178.47,3.0,3.0,2.0,1.0,sector 67,12.0,0.0,0.0,0.0,1.0,0.0,1.0,0.0,1.0,1.0,0.0,1.0,0.0,0.0,1.0,0.0,0.0,0.0,0.0,0.0,super built up,low,new,ireo the corridors,gurgaon,3.06
160.44,3.0,3.0,2.0,1.0,sector 67,12.0,0.0,0.0,0.0,1.0,0.0,1.0,0.0,1.0,1.0,0.0,1.0,0.0,0.0,1.0,0.0,0.0,0.0,0.0,0.0,super built up,mid,new,ireo the corridors,gurgaon,2.754
209.03,3.0,5.0,3.0,1.0,sector 56,45.0,1.0,0.0,0.0,0.0,1.0,1.0,1.0,1.0,0.0,0.0,1.0,0.0,1.0,0.0,1.0,1.0,0.0,0.0,1.0,built up,mid,old,kiran residency,gurgaon,2.55
180.32,3.0,4.0,3.0,1.0,sector 67,12.0,0.0,0.0,0.0,1.0,0.0,1.0,0.0,1.0,1.0,0.0,1.0,0.0,0.0,1.0,0.0,0.0,0.0,0.0,0.0,built up,mid,new,ireo the corridors,gurgaon,3.145
178.47,3.0,3.0,3.0,1.0,sector 67,12.0,0.0,0.0,0.0,1.0,0.0,1.0,0.0,1.0,1.0,0.0,1.0,0.0,0.0,1.0,0.0,0.0,0.0,0.0,0.0,super built up,mid,new,ireo the corridors,gurgaon,3.06
203.55,4.0,3.0,3.0,1.0,sector 37,11.0,1.0,0.0,0.0,1.0,0.0,1.0,0.0,1.0,1.0,0.0,0.0,1.0,0.0,1.0,0.0,0.0,0.0,0.0,0.0,super built up,high,new,bptp terra,gurgaon,3.06
181.16,3.0,3.0,3.0,1.0,sector 70,15.0,1.0,0.0,0.0,1.0,0.0,1.0,1.0,0.0,0.0,0.0,0.0,0.0,1.0,0.0,0.0,0.0,0.0,0.0,0.0,super built up,high,new,shree vardhman victoria,gurgaon,2.754
203.55,4.0,3.0,3.0,1.0,sector 37,11.0,1.0,0.0,0.0,1.0,0.0,1.0,0.0,1.0,1.0,0.0,0.0,1.0,0.0,1.0,0.0,0.0,0.0,0.0,0.0,super built up,high,new,bptp terra,gurgaon,3.026
168.25,3.0,3.0,3.0,0.0,sector 37,11.0,1.0,0.0,0.0,1.0,0.0,1.0,0.0,1.0,1.0,0.0,0.0,1.0,0.0,1.0,0.0,0.0,0.0,0.0,0.0,super built up,high,new,bptp terra,gurgaon,2.635
246.19,4.0,4.0,3.0,0.0,sector 43,44.0,1.0,0.0,0.0,0.0,1.0,0.0,1.0,1.0,0.0,0.0,1.0,0.0,1.0,0.0,1.0,0.0,0.0,0.0,1.0,super built up,low,new,millenium bajrang society,gurgaon,4.25
193.8,3.0,4.0,3.0,1.0,sector 47,42.0,1.0,0.0,0.0,0.0,0.0,1.0,1.0,0.0,0.0,0.0,0.0,0.0,0.0,0.0,0.0,0.0,0.0,0.0,0.0,super built up,high,old,unitech uniworld gardens,gurgaon,3.655
451.23,4.0,6.0,3.0,1.0,sector 112,8.0,1.0,0.0,0.0,0.0,0.0,1.0,0.0,1.0,1.0,1.0,0.0,1.0,0.0,0.0,0.0,0.0,0.0,0.0,0.0,super built up,high,old,experion windchants,gurgaon,9.52
134.71,3.0,4.0,3.0,1.0,sector 77,10.0,1.0,0.0,0.0,1.0,0.0,1.0,0.0,1.0,1.0,0.0,0.0,1.0,0.0,0.0,0.0,0.0,0.0,0.0,0.0,super built up,low,new,emaar mgf palm hills,gurgaon,2.125
192.96,3.0,4.0,3.0,1.0,sector 77,10.0,1.0,0.0,0.0,1.0,0.0,1.0,0.0,1.0,1.0,0.0,0.0,1.0,0.0,0.0,0.0,0.0,0.0,0.0,0.0,super built up,high,new,umang winter hills,gurgaon,1.87
249.44,3.0,3.0,2.0,1.0,sector 28,11.0,1.0,0.0,0.0,1.0,0.0,0.0,0.0,1.0,1.0,0.0,1.0,0.0,0.0,0.0,0.0,1.0,0.0,0.0,0.0,carpet,high,old,suncity platinum towers,gurgaon,10.2
292.64,4.0,3.0,2.0,1.0,sector 28,11.0,1.0,0.0,0.0,1.0,0.0,0.0,0.0,1.0,1.0,0.0,1.0,0.0,0.0,0.0,0.0,1.0,0.0,0.0,0.0,super built up,high,old,suncity platinum towers,gurgaon,11.9
929.03,4.0,4.0,3.0,1.0,sector 50,13.0,1.0,0.0,0.0,1.0,0.0,1.0,0.0,1.0,1.0,1.0,1.0,0.0,0.0,1.0,0.0,0.0,0.0,0.0,0.0,carpet,high,old,the penthouses at the hibiscus,gurgaon,14.45
408.77,4.0,3.0,3.0,1.0,sector 50,15.0,1.0,0.0,0.0,1.0,0.0,1.0,0.0,1.0,0.0,0.0,0.0,0.0,0.0,0.0,0.0,0.0,0.0,0.0,0.0,super built up,mid,old,ss hibiscus,gurgaon,10.2
836.13,4.0,3.0,3.0,1.0,sector 50,13.0,1.0,0.0,0.0,1.0,0.0,1.0,0.0,1.0,1.0,1.0,1.0,0.0,0.0,1.0,0.0,0.0,0.0,0.0,0.0,carpet,mid,old,the penthouses at the hibiscus,gurgaon,13.6
243.87,4.0,5.0,3.0,1.0,sector 72,10.0,1.0,0.0,0.0,0.0,0.0,1.0,0.0,1.0,0.0,0.0,1.0,0.0,0.0,1.0,0.0,0.0,0.0,0.0,0.0,built up,high,new,tata primanti,gurgaon,5.95
269.88,4.0,5.0,2.0,1.0,sector 72,10.0,1.0,0.0,0.0,0.0,0.0,1.0,0.0,1.0,0.0,0.0,1.0,0.0,0.0,1.0,0.0,0.0,0.0,0.0,0.0,super built up,mid,old,tata primanti,gurgaon,6.8
357.68,3.0,3.0,2.0,1.0,sector 65,9.0,1.0,0.0,0.0,1.0,0.0,1.0,0.0,1.0,1.0,0.0,1.0,0.0,0.0,1.0,0.0,1.0,0.0,0.0,0.0,carpet,high,old,m3m golfestate,gurgaon,11.9
1021.93,4.0,4.0,3.0,1.0,sector 65,9.0,1.0,0.0,0.0,1.0,0.0,1.0,0.0,1.0,1.0,0.0,1.0,0.0,0.0,1.0,0.0,1.0,0.0,0.0,0.0,carpet,high,old,m3m golfestate,gurgaon,22.439999999999998
445.93,4.0,5.0,3.0,0.0,sector 112,8.0,1.0,0.0,0.0,0.0,0.0,1.0,0.0,1.0,1.0,1.0,0.0,1.0,0.0,0.0,0.0,0.0,0.0,0.0,0.0,built up,high,new,experion windchants,gurgaon,11.049999999999999
202.99,3.0,4.0,3.0,1.0,sector 72,10.0,1.0,0.0,0.0,0.0,0.0,1.0,0.0,1.0,0.0,0.0,1.0,0.0,0.0,1.0,0.0,0.0,0.0,0.0,0.0,super built up,high,old,tata primanti,gurgaon,5.779999999999999
201.14,3.0,2.0,2.0,1.0,sector 70,11.0,1.0,0.0,0.0,1.0,0.0,1.0,0.0,1.0,1.0,0.0,0.0,0.0,0.0,0.0,0.0,0.0,0.0,0.0,0.0,carpet,high,old,aipl the peaceful homes,gurgaon,4.42
243.87,4.0,5.0,3.0,1.0,sector 72,10.0,1.0,0.0,0.0,0.0,0.0,1.0,0.0,1.0,0.0,0.0,1.0,0.0,0.0,1.0,0.0,0.0,0.0,0.0,0.0,built up,high,new,tata primanti,gurgaon,5.95
182.55,3.0,3.0,2.0,1.0,sector 95,4.0,1.0,0.0,0.0,0.0,0.0,0.0,0.0,0.0,0.0,0.0,0.0,0.0,1.0,0.0,0.0,0.0,0.0,0.0,0.0,super built up,mid,new,siddhartha apartment,gurgaon,1.224
260.13,3.0,5.0,2.0,1.0,sector 112,8.0,1.0,0.0,0.0,0.0,0.0,1.0,0.0,1.0,1.0,1.0,0.0,1.0,0.0,0.0,0.0,0.0,0.0,0.0,0.0,built up,low,new,experion windchants,gurgaon,6.205
71.26,2.0,2.0,2.0,1.0,sector 95,3.0,1.0,0.0,0.0,0.0,0.0,0.0,0.0,0.0,0.0,0.0,0.0,0.0,0.0,0.0,0.0,0.0,0.0,0.0,0.0,super built up,mid,new,ramsons kshitij,gurgaon,0.47600000000000003
242.01,3.0,3.0,3.0,1.0,sector 50,9.0,1.0,0.0,0.0,0.0,0.0,1.0,0.0,1.0,1.0,1.0,1.0,0.0,0.0,0.0,0.0,0.0,0.0,0.0,0.0,super built up,high,old,the close north,gurgaon,4.9639999999999995
170.57,3.0,3.0,3.0,1.0,sector 50,7.0,1.0,0.0,0.0,0.0,0.0,1.0,0.0,1.0,1.0,0.0,1.0,0.0,0.0,0.0,0.0,0.0,0.0,0.0,0.0,super built up,high,old,unitech fresco,gurgaon,3.094
117.06,2.0,2.0,2.0,1.0,sector 68,10.0,1.0,0.0,0.0,1.0,0.0,1.0,0.0,1.0,1.0,0.0,0.0,0.0,0.0,1.0,0.0,0.0,0.0,0.0,0.0,super built up,high,new,m3m the marina,gurgaon,1.734
125.42,2.0,2.0,3.0,1.0,sector 90,10.0,1.0,0.0,0.0,1.0,0.0,1.0,0.0,1.0,1.0,0.0,0.0,1.0,0.0,1.0,0.0,0.0,0.0,0.0,0.0,super built up,low,new,shree vardhman flora,gurgaon,1.105
59.62,3.0,3.0,3.0,0.0,sector 92,4.0,1.0,0.0,0.0,0.0,0.0,0.0,0.0,1.0,0.0,0.0,0.0,0.0,0.0,1.0,0.0,0.0,0.0,0.0,0.0,carpet,mid,new,gls avenue 51,gurgaon,0.663
168.9,3.0,3.0,3.0,1.0,sector 90,14.0,0.0,0.0,0.0,0.0,1.0,0.0,0.0,0.0,0.0,0.0,0.0,0.0,0.0,0.0,0.0,0.0,0.0,0.0,0.0,super built up,high,new,dlf regal gardens,gurgaon,1.9549999999999998
94.76,2.0,2.0,2.0,1.0,sector 65,8.0,1.0,0.0,0.0,1.0,0.0,0.0,0.0,1.0,1.0,0.0,1.0,0.0,0.0,0.0,0.0,0.0,1.0,0.0,0.0,super built up,mid,new,emaar mgf emerald estate,gurgaon,2.4139999999999997
188.87,3.0,3.0,3.0,1.0,sector 49,13.0,1.0,0.0,0.0,1.0,0.0,0.0,1.0,1.0,0.0,0.0,0.0,0.0,0.0,1.0,1.0,0.0,0.0,0.0,0.0,super built up,high,new,orchid petals,gurgaon,3.995
192.31,3.0,4.0,3.0,1.0,sector 49,13.0,1.0,0.0,0.0,1.0,0.0,0.0,1.0,1.0,0.0,0.0,0.0,0.0,0.0,1.0,1.0,0.0,0.0,0.0,0.0,super built up,low,new,orchid petals,gurgaon,4.045999999999999
179.3,3.0,3.0,3.0,1.0,sector 90,6.0,1.0,0.0,0.0,0.0,0.0,0.0,0.0,1.0,1.0,0.0,0.0,0.0,0.0,1.0,0.0,0.0,0.0,0.0,0.0,super built up,high,new,dlf new town heights 1,gurgaon,1.9549999999999998
219.62,4.0,4.0,3.0,1.0,sector 90,6.0,1.0,0.0,0.0,0.0,0.0,0.0,0.0,1.0,1.0,0.0,0.0,0.0,0.0,1.0,0.0,0.0,0.0,0.0,0.0,super built up,high,new,dlf new town heights 1,gurgaon,2.72
179.3,3.0,4.0,3.0,1.0,sector 86,15.0,1.0,0.0,0.0,0.0,0.0,0.0,1.0,1.0,1.0,0.0,0.0,0.0,0.0,0.0,0.0,0.0,0.0,0.0,0.0,super built up,high,old,dlf new town heights 2,gurgaon,2.176
253.35,4.0,4.0,3.0,1.0,sector 90,6.0,1.0,0.0,0.0,0.0,0.0,0.0,0.0,1.0,1.0,0.0,0.0,0.0,0.0,1.0,0.0,0.0,0.0,0.0,0.0,super built up,high,new,dlf new town heights 1,gurgaon,2.975
219.62,4.0,4.0,3.0,1.0,sector 91,8.0,1.0,0.0,0.0,0.0,0.0,1.0,0.0,1.0,1.0,0.0,1.0,0.0,0.0,0.0,0.0,0.0,0.0,0.0,0.0,super built up,high,new,dlf new town heights,gurgaon,2.975
205.78,3.0,4.0,3.0,1.0,sector 111,10.0,1.0,0.0,0.0,1.0,0.0,0.0,0.0,1.0,1.0,0.0,1.0,1.0,0.0,0.0,0.0,0.0,0.0,0.0,0.0,super built up,high,new,puri diplomatic greens,gurgaon,4.505
194.63,3.0,4.0,3.0,1.0,sector 109,15.0,0.0,0.0,0.0,0.0,1.0,0.0,1.0,1.0,1.0,0.0,0.0,0.0,1.0,0.0,1.0,0.0,1.0,1.0,0.0,super built up,high,new,ats kocoon,gurgaon,3.774
212.75,3.0,4.0,3.0,1.0,sector 104,13.0,1.0,0.0,0.0,1.0,0.0,1.0,0.0,1.0,1.0,0.0,1.0,1.0,0.0,1.0,0.0,1.0,0.0,0.0,0.0,super built up,high,new,ats triumph,gurgaon,3.145
90.88,2.0,3.0,3.0,1.0,sector 108,9.0,1.0,0.0,0.0,1.0,0.0,1.0,0.0,1.0,1.0,0.0,0.0,1.0,0.0,0.0,0.0,0.0,0.0,0.0,0.0,built up,high,new,experion the heartsong,gurgaon,1.666
267.1,4.0,4.0,3.0,1.0,sector 103,15.0,1.0,0.0,0.0,1.0,1.0,1.0,0.0,1.0,1.0,1.0,1.0,1.0,0.0,1.0,0.0,0.0,0.0,0.0,0.0,super built up,high,new,indiabulls centrum park,gurgaon,4.165
160.26,3.0,3.0,3.0,1.0,sector 103,15.0,1.0,0.0,0.0,1.0,1.0,1.0,0.0,1.0,1.0,1.0,1.0,1.0,0.0,1.0,0.0,0.0,0.0,0.0,0.0,super built up,high,new,indiabulls centrum park,gurgaon,2.278
185.81,3.0,3.0,3.0,1.0,sector 102,10.0,1.0,0.0,0.0,1.0,0.0,0.0,0.0,1.0,1.0,1.0,0.0,1.0,0.0,1.0,0.0,0.0,0.0,1.0,0.0,carpet,high,new,emaar imperial gardens,gurgaon,3.264
175.49,3.0,3.0,3.0,1.0,sector 102,14.0,1.0,0.0,0.0,0.0,0.0,0.0,1.0,1.0,0.0,0.0,0.0,0.0,1.0,1.0,1.0,0.0,0.0,0.0,0.0,carpet,high,new,adani oyster greens,gurgaon,3.23
432.0,4.0,4.0,3.0,0.0,sector 102,11.0,1.0,0.0,0.0,1.0,0.0,1.0,0.0,1.0,1.0,0.0,0.0,1.0,0.0,1.0,0.0,0.0,0.0,0.0,0.0,super built up,high,new,adani m2k oyster grande,gurgaon,7.734999999999999
153.29,3.0,3.0,3.0,1.0,sector 102,10.0,1.0,0.0,0.0,1.0,0.0,1.0,0.0,1.0,1.0,0.0,0.0,1.0,0.0,0.0,0.0,0.0,0.0,0.0,0.0,super built up,high,new,emaar gurgaon greens,gurgaon,2.618
218.88,4.0,4.0,3.0,1.0,sector 86,15.0,1.0,0.0,0.0,0.0,0.0,0.0,1.0,1.0,1.0,0.0,0.0,0.0,0.0,0.0,0.0,0.0,0.0,0.0,0.0,super built up,high,old,dlf new town heights 2,gurgaon,2.635
186.08,3.0,3.0,3.0,1.0,sector 108,9.0,1.0,0.0,0.0,1.0,0.0,1.0,0.0,1.0,1.0,0.0,0.0,1.0,0.0,0.0,0.0,0.0,0.0,0.0,0.0,super built up,mid,new,experion the heartsong,gurgaon,2.856
199.74,3.0,3.0,3.0,1.0,sector 70,11.0,1.0,0.0,0.0,1.0,0.0,1.0,0.0,1.0,1.0,0.0,0.0,0.0,0.0,0.0,0.0,0.0,0.0,0.0,0.0,super built up,low,new,aipl the peaceful homes,gurgaon,3.9099999999999997
137.5,3.0,3.0,3.0,1.0,sector 70,12.0,0.0,0.0,0.0,1.0,0.0,1.0,0.0,1.0,1.0,1.0,1.0,0.0,0.0,0.0,0.0,1.0,0.0,0.0,0.0,super built up,low,new,bptp astaire gardens,gurgaon,1.666
253.35,4.0,4.0,3.0,1.0,sector 90,6.0,1.0,0.0,0.0,0.0,0.0,0.0,0.0,1.0,1.0,0.0,0.0,0.0,0.0,1.0,0.0,0.0,0.0,0.0,0.0,super built up,mid,new,dlf new town heights 1,gurgaon,3.23
219.62,4.0,4.0,3.0,1.0,sector 90,6.0,1.0,0.0,0.0,0.0,0.0,0.0,0.0,1.0,1.0,0.0,0.0,0.0,0.0,1.0,0.0,0.0,0.0,0.0,0.0,super built up,low,new,dlf new town heights 1,gurgaon,2.635
160.72,3.0,3.0,3.0,1.0,sector 90,14.0,0.0,0.0,0.0,0.0,1.0,0.0,0.0,0.0,0.0,0.0,0.0,0.0,0.0,0.0,0.0,0.0,0.0,0.0,0.0,super built up,high,new,dlf regal gardens,gurgaon,1.9209999999999998
179.3,3.0,4.0,3.0,1.0,sector 90,10.0,1.0,0.0,0.0,1.0,0.0,1.0,0.0,1.0,1.0,0.0,0.0,1.0,0.0,1.0,0.0,0.0,0.0,0.0,0.0,super built up,low,new,shree vardhman flora,gurgaon,1.4449999999999998
209.16,3.0,4.0,3.0,1.0,sector 49,14.0,1.0,0.0,0.0,0.0,0.0,1.0,1.0,0.0,0.0,0.0,0.0,0.0,0.0,0.0,0.0,0.0,0.0,0.0,0.0,super built up,low,old,vatika city,gurgaon,4.488
187.25,3.0,3.0,3.0,1.0,sector 49,14.0,1.0,0.0,0.0,0.0,0.0,1.0,1.0,0.0,0.0,0.0,0.0,0.0,0.0,0.0,0.0,0.0,0.0,0.0,0.0,super built up,high,old,vatika city,gurgaon,3.57
127.09,2.0,2.0,3.0,0.0,sector 102,13.0,1.0,0.0,0.0,1.0,1.0,0.0,0.0,1.0,1.0,0.0,0.0,1.0,0.0,1.0,0.0,0.0,1.0,0.0,0.0,super built up,high,new,shapoorji pallonji joyville gurugram,gurgaon,2.38
153.29,3.0,3.0,2.0,1.0,sector 102,10.0,1.0,0.0,0.0,1.0,0.0,1.0,0.0,1.0,1.0,0.0,0.0,1.0,0.0,0.0,0.0,0.0,0.0,0.0,0.0,super built up,mid,new,emaar gurgaon greens,gurgaon,2.465
179.3,3.0,3.0,3.0,1.0,sector 90,6.0,1.0,0.0,0.0,0.0,0.0,0.0,0.0,1.0,1.0,0.0,0.0,0.0,0.0,1.0,0.0,0.0,0.0,0.0,0.0,carpet,high,old,dlf new town heights 1,gurgaon,2.04
65.03,1.0,1.0,1.0,0.0,sector 106,5.0,0.0,0.0,0.0,0.0,0.0,0.0,0.0,0.0,1.0,1.0,1.0,1.0,0.0,0.0,0.0,0.0,0.0,0.0,0.0,super built up,mid,new,viridian the plaza 106,gurgaon,0.663
161.93,3.0,4.0,2.0,1.0,sector 71,15.0,1.0,1.0,0.0,0.0,0.0,1.0,1.0,0.0,1.0,0.0,0.0,0.0,0.0,1.0,0.0,1.0,0.0,0.0,0.0,super built up,mid,new,chd avenue 71,gurgaon,2.125
144.0,2.0,2.0,2.0,0.0,sector 104,13.0,1.0,0.0,0.0,1.0,0.0,1.0,0.0,1.0,1.0,1.0,1.0,1.0,0.0,1.0,0.0,0.0,0.0,0.0,0.0,super built up,high,new,puri emerald bay,gurgaon,2.703
418.06,4.0,6.0,3.0,1.0,sector 111,10.0,1.0,0.0,0.0,1.0,0.0,0.0,0.0,1.0,1.0,0.0,1.0,1.0,0.0,0.0,0.0,0.0,0.0,0.0,0.0,super built up,mid,new,puri diplomatic greens,gurgaon,8.924999999999999
274.06,4.0,5.0,3.0,1.0,sector 111,10.0,1.0,0.0,0.0,1.0,0.0,0.0,0.0,1.0,1.0,0.0,1.0,1.0,0.0,0.0,0.0,0.0,0.0,0.0,0.0,super built up,high,new,puri diplomatic greens,gurgaon,5.779999999999999
260.31,3.0,3.0,3.0,1.0,sector 112,8.0,1.0,0.0,0.0,0.0,0.0,1.0,0.0,1.0,1.0,1.0,0.0,1.0,0.0,0.0,0.0,0.0,0.0,0.0,0.0,super built up,low,new,experion windchants,gurgaon,5.593
227.61,3.0,3.0,3.0,1.0,sector 104,13.0,1.0,0.0,0.0,1.0,0.0,1.0,0.0,1.0,1.0,1.0,1.0,1.0,0.0,1.0,0.0,0.0,0.0,0.0,0.0,super built up,high,new,puri emerald bay,gurgaon,4.2330000000000005
179.4,3.0,4.0,3.0,1.0,sector 102,15.0,0.0,0.0,0.0,1.0,0.0,1.0,0.0,1.0,1.0,1.0,1.0,1.0,0.0,1.0,0.0,0.0,0.0,1.0,0.0,super built up,high,new,conscient heritage max,gurgaon,2.975
258.18,4.0,5.0,3.0,1.0,sector 108,9.0,1.0,0.0,0.0,1.0,0.0,1.0,0.0,1.0,1.0,0.0,0.0,1.0,0.0,0.0,0.0,0.0,0.0,0.0,0.0,built up,high,new,experion the heartsong,gurgaon,3.893
199.65,3.0,4.0,3.0,1.0,sector 102,15.0,0.0,0.0,0.0,1.0,0.0,1.0,0.0,1.0,1.0,1.0,1.0,1.0,0.0,1.0,0.0,0.0,0.0,1.0,0.0,super built up,high,new,conscient heritage max,gurgaon,3.655
132.67,2.0,2.0,2.0,1.0,sector 82,10.0,1.0,0.0,0.0,1.0,0.0,1.0,0.0,1.0,1.0,0.0,0.0,0.0,0.0,0.0,0.0,0.0,0.0,1.0,0.0,super built up,high,new,vatika the seven lamps,gurgaon,1.496
242.01,3.0,3.0,3.0,1.0,sector 50,9.0,1.0,0.0,0.0,0.0,0.0,1.0,0.0,1.0,1.0,1.0,1.0,0.0,0.0,0.0,0.0,0.0,0.0,0.0,0.0,super built up,low,old,the close north,gurgaon,4.505
132.85,2.0,2.0,2.0,1.0,sector 82,10.0,1.0,0.0,0.0,1.0,0.0,1.0,0.0,1.0,1.0,0.0,0.0,0.0,0.0,0.0,0.0,0.0,0.0,1.0,0.0,super built up,high,new,vatika the seven lamps,gurgaon,1.462
139.82,3.0,3.0,2.0,0.0,sector 79,10.0,0.0,0.0,0.0,0.0,0.0,0.0,0.0,1.0,1.0,0.0,0.0,0.0,0.0,0.0,0.0,0.0,0.0,1.0,0.0,super built up,mid,new,godrej 101,gurgaon,2.295
184.23,3.0,3.0,2.0,0.0,sector 79,9.0,1.0,0.0,0.0,1.0,0.0,1.0,0.0,1.0,0.0,0.0,0.0,1.0,0.0,1.0,0.0,0.0,0.0,1.0,0.0,super built up,mid,new,godrej aria,gurgaon,2.8729999999999998
292.64,4.0,4.0,3.0,1.0,sector 104,13.0,1.0,0.0,0.0,1.0,0.0,1.0,0.0,1.0,1.0,0.0,1.0,1.0,0.0,1.0,0.0,1.0,0.0,0.0,0.0,super built up,high,new,ats triumph,gurgaon,4.505
212.75,3.0,4.0,3.0,1.0,sector 104,13.0,1.0,0.0,0.0,1.0,0.0,1.0,0.0,1.0,1.0,0.0,1.0,1.0,0.0,1.0,0.0,1.0,0.0,0.0,0.0,super built up,high,new,ats triumph,gurgaon,2.975
180.51,3.0,3.0,3.0,1.0,sector 107,6.0,0.0,0.0,0.0,0.0,0.0,0.0,0.0,1.0,1.0,0.0,0.0,0.0,0.0,0.0,0.0,0.0,0.0,0.0,0.0,super built up,mid,new,m3m woodshire,gurgaon,2.21
172.06,3.0,3.0,3.0,1.0,sector 102,13.0,1.0,0.0,0.0,1.0,1.0,0.0,0.0,1.0,1.0,0.0,0.0,1.0,0.0,1.0,0.0,0.0,1.0,0.0,0.0,super built up,high,new,shapoorji pallonji joyville gurugram,gurgaon,2.975
179.3,3.0,3.0,3.0,1.0,sector 90,6.0,1.0,0.0,0.0,0.0,0.0,0.0,0.0,1.0,1.0,0.0,0.0,0.0,0.0,1.0,0.0,0.0,0.0,0.0,0.0,super built up,mid,new,dlf new town heights 1,gurgaon,2.125
138.43,3.0,3.0,3.0,0.0,sector 79,9.0,0.0,0.0,0.0,1.0,0.0,0.0,0.0,1.0,1.0,0.0,1.0,1.0,0.0,0.0,0.0,0.0,0.0,0.0,0.0,super built up,high,new,mapsko mount ville,gurgaon,2.04
168.62,3.0,4.0,3.0,1.0,sector 79,9.0,0.0,0.0,0.0,1.0,0.0,0.0,0.0,1.0,1.0,0.0,1.0,1.0,0.0,0.0,0.0,0.0,0.0,0.0,0.0,super built up,high,new,mapsko mount ville,gurgaon,2.55
193.89,4.0,4.0,2.0,0.0,sector 69,10.0,1.0,0.0,0.0,1.0,0.0,1.0,0.0,1.0,1.0,0.0,0.0,0.0,0.0,1.0,0.0,0.0,0.0,0.0,0.0,super built up,high,new,tulip violet,gurgaon,3.4849999999999994
186.74,4.0,4.0,2.0,0.0,sector 69,10.0,1.0,0.0,0.0,1.0,0.0,1.0,0.0,1.0,1.0,0.0,0.0,0.0,0.0,1.0,0.0,0.0,0.0,0.0,0.0,super built up,high,new,tulip violet,gurgaon,3.315
125.42,2.0,3.0,1.0,1.0,sector 69,10.0,1.0,0.0,0.0,1.0,0.0,1.0,0.0,1.0,1.0,0.0,0.0,0.0,0.0,1.0,0.0,0.0,0.0,0.0,0.0,carpet,high,new,tulip violet,gurgaon,2.0229999999999997
142.88,3.0,3.0,1.0,0.0,sector 69,10.0,1.0,0.0,0.0,1.0,0.0,1.0,0.0,1.0,1.0,0.0,0.0,0.0,0.0,1.0,0.0,0.0,0.0,0.0,0.0,super built up,high,new,tulip violet,gurgaon,2.38
171.87,3.0,4.0,2.0,0.0,sector 69,10.0,1.0,0.0,0.0,1.0,0.0,1.0,0.0,1.0,1.0,0.0,0.0,0.0,0.0,1.0,0.0,0.0,0.0,0.0,0.0,carpet,high,new,tulip violet,gurgaon,2.975
146.6,3.0,3.0,1.0,1.0,sector 69,10.0,1.0,0.0,0.0,1.0,0.0,1.0,0.0,1.0,1.0,0.0,0.0,0.0,0.0,1.0,0.0,0.0,0.0,0.0,0.0,super built up,high,new,tulip violet,gurgaon,2.3120000000000003
146.6,3.0,3.0,2.0,1.0,sector 69,10.0,1.0,0.0,0.0,1.0,0.0,1.0,0.0,1.0,1.0,0.0,0.0,0.0,0.0,1.0,0.0,0.0,0.0,0.0,0.0,super built up,high,new,tulip violet,gurgaon,2.5669999999999997
295.9,4.0,5.0,2.0,1.0,sector 81,9.0,0.0,0.0,0.0,1.0,0.0,0.0,0.0,1.0,0.0,0.0,0.0,1.0,0.0,0.0,0.0,0.0,0.0,0.0,0.0,super built up,mid,new,bestech park view grand spa,gurgaon,4.947
152.83,3.0,2.0,3.0,0.0,sector 81,9.0,0.0,0.0,0.0,1.0,0.0,0.0,0.0,1.0,0.0,0.0,1.0,1.0,0.0,0.0,0.0,0.0,0.0,0.0,0.0,super built up,mid,new,bestech park view ananda,gurgaon,1.87
160.26,3.0,3.0,3.0,1.0,sector 84,3.0,0.0,0.0,0.0,0.0,1.0,1.0,0.0,1.0,0.0,0.0,0.0,0.0,0.0,0.0,0.0,0.0,0.0,0.0,0.0,super built up,high,new,antriksh heights,gurgaon,1.4449999999999998
55.83,2.0,2.0,1.0,0.0,sector 86,9.0,0.0,0.0,0.0,1.0,0.0,0.0,0.0,1.0,0.0,0.0,0.0,0.0,0.0,0.0,0.0,0.0,0.0,0.0,0.0,carpet,low,new,pyramid urban homes 2,gurgaon,0.714
54.16,2.0,2.0,1.0,0.0,sector 84,15.0,1.0,0.0,0.0,0.0,0.0,0.0,1.0,1.0,1.0,0.0,0.0,1.0,1.0,1.0,0.0,0.0,0.0,0.0,0.0,super built up,mid,new,pivotal devaan,gurgaon,0.629
169.55,3.0,3.0,3.0,1.0,sector 84,3.0,0.0,0.0,0.0,0.0,1.0,1.0,0.0,1.0,0.0,0.0,0.0,0.0,0.0,0.0,0.0,0.0,0.0,0.0,0.0,super built up,high,new,antriksh heights,gurgaon,1.496
188.13,3.0,3.0,3.0,1.0,sector 84,3.0,0.0,0.0,0.0,0.0,1.0,1.0,0.0,1.0,0.0,0.0,0.0,0.0,0.0,0.0,0.0,0.0,0.0,0.0,0.0,super built up,high,new,antriksh heights,gurgaon,1.53
149.39,3.0,3.0,2.0,1.0,sector 69,10.0,1.0,0.0,0.0,1.0,0.0,1.0,0.0,1.0,1.0,0.0,0.0,0.0,0.0,1.0,0.0,0.0,0.0,0.0,0.0,super built up,low,new,tulip violet,gurgaon,2.431
142.88,3.0,3.0,1.0,0.0,sector 69,10.0,1.0,0.0,0.0,1.0,0.0,1.0,0.0,1.0,1.0,0.0,0.0,0.0,0.0,1.0,0.0,0.0,0.0,0.0,0.0,carpet,high,new,tulip violet,gurgaon,2.3459999999999996
193.89,4.0,4.0,2.0,0.0,sector 69,10.0,1.0,0.0,0.0,1.0,0.0,1.0,0.0,1.0,1.0,0.0,0.0,0.0,0.0,1.0,0.0,0.0,0.0,0.0,0.0,super built up,high,new,tulip violet,gurgaon,3.4
149.39,3.0,3.0,2.0,1.0,sector 69,10.0,1.0,0.0,0.0,1.0,0.0,1.0,0.0,1.0,1.0,0.0,0.0,0.0,0.0,1.0,0.0,0.0,0.0,0.0,0.0,super built up,low,new,tulip violet,gurgaon,2.635
146.6,3.0,3.0,2.0,1.0,sector 69,10.0,1.0,0.0,0.0,1.0,0.0,1.0,0.0,1.0,1.0,0.0,0.0,0.0,0.0,1.0,0.0,0.0,0.0,0.0,0.0,super built up,high,new,tulip violet,gurgaon,2.4819999999999998
154.96,3.0,3.0,2.0,0.0,sector 69,10.0,1.0,0.0,0.0,1.0,0.0,1.0,0.0,1.0,1.0,0.0,0.0,0.0,0.0,1.0,0.0,0.0,0.0,0.0,0.0,super built up,high,new,tulip violet,gurgaon,2.856
125.42,2.0,3.0,1.0,0.0,sector 69,10.0,1.0,0.0,0.0,1.0,0.0,1.0,0.0,1.0,1.0,0.0,0.0,0.0,0.0,1.0,0.0,0.0,0.0,0.0,0.0,super built up,high,new,tulip violet,gurgaon,2.04
152.18,3.0,3.0,2.0,0.0,sector 69,10.0,1.0,0.0,0.0,1.0,0.0,1.0,0.0,1.0,1.0,0.0,0.0,0.0,0.0,1.0,0.0,0.0,0.0,0.0,0.0,super built up,high,new,tulip violet,gurgaon,2.8219999999999996
146.6,3.0,3.0,2.0,1.0,sector 69,10.0,1.0,0.0,0.0,1.0,0.0,1.0,0.0,1.0,1.0,0.0,0.0,0.0,0.0,1.0,0.0,0.0,0.0,0.0,0.0,super built up,high,new,tulip violet,gurgaon,2.72
171.87,3.0,4.0,2.0,0.0,sector 69,10.0,1.0,0.0,0.0,1.0,0.0,1.0,0.0,1.0,1.0,0.0,0.0,0.0,0.0,1.0,0.0,0.0,0.0,0.0,0.0,super built up,high,new,tulip violet,gurgaon,2.992
111.48,2.0,2.0,2.0,0.0,sector 84,3.0,0.0,0.0,0.0,0.0,1.0,1.0,0.0,1.0,0.0,0.0,0.0,0.0,0.0,0.0,0.0,0.0,0.0,0.0,0.0,super built up,high,new,antriksh heights,gurgaon,1.02
169.55,3.0,3.0,3.0,1.0,sector 84,3.0,0.0,0.0,0.0,0.0,1.0,1.0,0.0,1.0,0.0,0.0,0.0,0.0,0.0,0.0,0.0,0.0,0.0,0.0,0.0,super built up,low,new,antriksh heights,gurgaon,1.564
125.42,2.0,2.0,3.0,1.0,sector 84,3.0,0.0,0.0,0.0,0.0,1.0,1.0,0.0,1.0,0.0,0.0,0.0,0.0,0.0,0.0,0.0,0.0,0.0,0.0,0.0,super built up,high,new,antriksh heights,gurgaon,1.1729999999999998
219.62,4.0,4.0,3.0,1.0,sector 90,6.0,1.0,0.0,0.0,0.0,0.0,0.0,0.0,1.0,1.0,0.0,0.0,0.0,0.0,1.0,0.0,0.0,0.0,0.0,0.0,super built up,mid,new,dlf new town heights 1,gurgaon,2.5669999999999997
131.64,3.0,3.0,2.0,0.0,sector 92,7.0,1.0,0.0,0.0,0.0,0.0,0.0,0.0,0.0,0.0,0.0,0.0,0.0,1.0,0.0,0.0,0.0,0.0,0.0,0.0,carpet,low,new,sare homes,gurgaon,1.105
116.13,3.0,2.0,2.0,0.0,sector 92,8.0,1.0,0.0,0.0,0.0,0.0,0.0,0.0,0.0,0.0,0.0,0.0,0.0,1.0,0.0,0.0,0.0,0.0,0.0,0.0,super built up,low,new,sare crescent parc,gurgaon,0.867
105.35,2.0,2.0,3.0,1.0,sector 82,6.0,0.0,0.0,0.0,0.0,0.0,0.0,0.0,1.0,1.0,0.0,0.0,0.0,0.0,0.0,0.0,0.0,0.0,0.0,0.0,super built up,low,new,vatika iris floors,gurgaon,1.071
219.62,4.0,4.0,3.0,1.0,sector 86,15.0,1.0,0.0,0.0,0.0,0.0,0.0,1.0,1.0,1.0,0.0,0.0,0.0,0.0,0.0,0.0,0.0,0.0,0.0,0.0,super built up,high,old,dlf new town heights 2,gurgaon,2.618
126.35,2.0,2.0,2.0,0.0,sector 81,9.0,0.0,0.0,0.0,1.0,0.0,0.0,0.0,1.0,0.0,0.0,1.0,1.0,0.0,0.0,0.0,0.0,0.0,0.0,0.0,super built up,high,new,bestech park view ananda,gurgaon,1.615
162.3,3.0,3.0,3.0,1.0,sector 90,14.0,0.0,0.0,0.0,0.0,1.0,0.0,0.0,0.0,0.0,0.0,0.0,0.0,0.0,0.0,0.0,0.0,0.0,0.0,0.0,super built up,high,new,dlf regal gardens,gurgaon,2.057
195.1,3.0,4.0,3.0,1.0,sector 81,9.0,1.0,0.0,0.0,0.0,0.0,0.0,0.0,1.0,1.0,0.0,1.0,0.0,0.0,0.0,0.0,0.0,0.0,0.0,0.0,super built up,mid,new,dlf the ultima,gurgaon,3.74
205.78,4.0,4.0,3.0,0.0,sector 90,14.0,0.0,0.0,0.0,0.0,1.0,0.0,0.0,0.0,0.0,0.0,0.0,0.0,0.0,0.0,0.0,0.0,0.0,0.0,0.0,super built up,high,new,dlf regal gardens,gurgaon,2.8049999999999997
169.55,3.0,3.0,3.0,0.0,sector 84,3.0,0.0,0.0,0.0,0.0,1.0,1.0,0.0,1.0,0.0,0.0,0.0,0.0,0.0,0.0,0.0,0.0,0.0,0.0,0.0,super built up,high,new,antriksh heights,gurgaon,1.53
111.48,2.0,2.0,3.0,0.0,sector 84,3.0,0.0,0.0,0.0,0.0,1.0,1.0,0.0,1.0,0.0,0.0,0.0,0.0,0.0,0.0,0.0,0.0,0.0,0.0,0.0,super built up,high,new,antriksh heights,gurgaon,0.918
194.63,4.0,4.0,3.0,1.0,sector 84,3.0,0.0,0.0,0.0,0.0,1.0,1.0,0.0,1.0,0.0,0.0,0.0,0.0,0.0,0.0,0.0,0.0,0.0,0.0,0.0,super built up,high,new,antriksh heights,gurgaon,1.734
205.78,4.0,4.0,3.0,0.0,sector 90,14.0,0.0,0.0,0.0,0.0,1.0,0.0,0.0,0.0,0.0,0.0,0.0,0.0,0.0,0.0,0.0,0.0,0.0,0.0,0.0,super built up,high,new,dlf regal gardens,gurgaon,3.026
168.9,3.0,3.0,3.0,1.0,sector 90,14.0,0.0,0.0,0.0,0.0,1.0,0.0,0.0,0.0,0.0,0.0,0.0,0.0,0.0,0.0,0.0,0.0,0.0,0.0,0.0,super built up,high,new,dlf regal gardens,gurgaon,2.193
159.79,3.0,3.0,3.0,1.0,sector 90,14.0,0.0,0.0,0.0,0.0,1.0,0.0,0.0,0.0,0.0,0.0,0.0,0.0,0.0,0.0,0.0,0.0,0.0,0.0,0.0,super built up,high,new,dlf regal gardens,gurgaon,2.125
198.07,3.0,3.0,2.0,1.0,sector 81,9.0,1.0,0.0,0.0,0.0,0.0,0.0,0.0,1.0,1.0,0.0,1.0,0.0,0.0,0.0,0.0,0.0,0.0,0.0,0.0,super built up,mid,new,dlf the ultima,gurgaon,4.25
218.32,3.0,4.0,3.0,1.0,sector 70,11.0,1.0,0.0,0.0,1.0,0.0,1.0,0.0,1.0,1.0,0.0,0.0,0.0,0.0,0.0,0.0,0.0,0.0,0.0,0.0,super built up,high,new,aipl the peaceful homes,gurgaon,4.284
167.23,4.0,4.0,3.0,1.0,sector 33,15.0,1.0,0.0,0.0,0.0,0.0,1.0,0.0,1.0,1.0,0.0,0.0,0.0,0.0,1.0,0.0,1.0,0.0,0.0,0.0,carpet,mid,new,central park flower valley,sohna,3.9099999999999997
120.77,3.0,3.0,3.0,0.0,sector 33,15.0,1.0,0.0,0.0,0.0,0.0,1.0,0.0,1.0,1.0,0.0,0.0,0.0,0.0,1.0,0.0,1.0,0.0,0.0,0.0,carpet,mid,new,central park flower valley,sohna,2.635
179.3,3.0,3.0,3.0,0.0,sector 90,6.0,1.0,0.0,0.0,0.0,0.0,0.0,0.0,1.0,1.0,0.0,0.0,0.0,0.0,1.0,0.0,0.0,0.0,0.0,0.0,super built up,high,new,dlf new town heights 1,gurgaon,2.04
219.62,4.0,4.0,3.0,1.0,sector 90,6.0,1.0,0.0,0.0,0.0,0.0,0.0,0.0,1.0,1.0,0.0,0.0,0.0,0.0,1.0,0.0,0.0,0.0,0.0,0.0,super built up,high,old,dlf new town heights 1,gurgaon,2.8049999999999997
138.43,3.0,3.0,3.0,0.0,sector 79,9.0,0.0,0.0,0.0,1.0,0.0,0.0,0.0,1.0,1.0,0.0,1.0,1.0,0.0,0.0,0.0,0.0,0.0,0.0,0.0,carpet,high,new,mapsko mount ville,gurgaon,2.125
138.43,3.0,3.0,3.0,0.0,sector 79,9.0,0.0,0.0,0.0,1.0,0.0,0.0,0.0,1.0,1.0,0.0,1.0,1.0,0.0,0.0,0.0,0.0,0.0,0.0,0.0,super built up,high,new,mapsko mount ville,gurgaon,2.04
168.34,3.0,3.0,3.0,0.0,sector 69,12.0,1.0,0.0,0.0,0.0,0.0,1.0,0.0,1.0,1.0,0.0,0.0,0.0,0.0,1.0,0.0,1.0,0.0,0.0,0.0,super built up,high,new,tulip leaf,gurgaon,3.502
168.34,3.0,3.0,3.0,0.0,sector 69,12.0,1.0,0.0,0.0,0.0,0.0,1.0,0.0,1.0,1.0,0.0,0.0,0.0,0.0,1.0,0.0,1.0,0.0,0.0,0.0,super built up,high,new,tulip leaf,gurgaon,3.5189999999999997
181.16,3.0,5.0,3.0,1.0,sector 70,15.0,1.0,0.0,0.0,1.0,0.0,1.0,1.0,0.0,0.0,0.0,0.0,0.0,1.0,0.0,0.0,0.0,0.0,0.0,0.0,carpet,mid,new,shree vardhman victoria,gurgaon,2.72
142.88,3.0,3.0,2.0,1.0,sector 69,10.0,1.0,0.0,0.0,1.0,0.0,1.0,0.0,1.0,1.0,0.0,0.0,0.0,0.0,1.0,0.0,0.0,0.0,0.0,0.0,super built up,high,new,tulip violet,gurgaon,2.227
116.13,4.0,4.0,2.0,0.0,sector 69,47.0,1.0,0.0,0.0,0.0,1.0,0.0,1.0,1.0,0.0,0.0,1.0,0.0,1.0,0.0,1.0,0.0,0.0,0.0,1.0,carpet,high,new,tulip violet,gurgaon,3.264
186.74,4.0,4.0,2.0,1.0,sector 69,10.0,1.0,0.0,0.0,1.0,0.0,1.0,0.0,1.0,1.0,0.0,0.0,0.0,0.0,1.0,0.0,0.0,0.0,0.0,0.0,super built up,mid,new,tulip violet,gurgaon,3.23
293.2,4.0,6.0,3.0,1.0,sector 69,10.0,1.0,0.0,0.0,1.0,0.0,1.0,0.0,1.0,1.0,0.0,0.0,0.0,0.0,1.0,0.0,0.0,0.0,0.0,0.0,super built up,high,new,tulip violet,gurgaon,5.27
145.67,3.0,3.0,1.0,1.0,sector 69,10.0,1.0,0.0,0.0,1.0,0.0,1.0,0.0,1.0,1.0,0.0,0.0,0.0,0.0,1.0,0.0,0.0,0.0,0.0,0.0,super built up,high,new,tulip violet,gurgaon,2.38
146.6,3.0,3.0,2.0,1.0,sector 69,10.0,1.0,0.0,0.0,1.0,0.0,1.0,0.0,1.0,1.0,0.0,0.0,0.0,0.0,1.0,0.0,0.0,0.0,0.0,0.0,super built up,low,new,tulip violet,gurgaon,2.448
293.2,4.0,5.0,3.0,1.0,sector 69,10.0,1.0,0.0,0.0,1.0,0.0,1.0,0.0,1.0,1.0,0.0,0.0,0.0,0.0,1.0,0.0,0.0,0.0,0.0,0.0,super built up,high,new,tulip violet,gurgaon,5.185
146.6,3.0,3.0,2.0,1.0,sector 69,10.0,1.0,0.0,0.0,1.0,0.0,1.0,0.0,1.0,1.0,0.0,0.0,0.0,0.0,1.0,0.0,0.0,0.0,0.0,0.0,super built up,high,new,tulip violet,gurgaon,2.176
146.6,3.0,3.0,2.0,1.0,sector 69,10.0,1.0,0.0,0.0,1.0,0.0,1.0,0.0,1.0,1.0,0.0,0.0,0.0,0.0,1.0,0.0,0.0,0.0,0.0,0.0,super built up,high,new,tulip violet,gurgaon,2.72
186.74,4.0,4.0,2.0,0.0,sector 69,10.0,1.0,0.0,0.0,1.0,0.0,1.0,0.0,1.0,1.0,0.0,0.0,0.0,0.0,1.0,0.0,0.0,0.0,0.0,0.0,super built up,high,new,tulip violet,gurgaon,3.23
146.6,3.0,3.0,2.0,1.0,sector 69,10.0,1.0,0.0,0.0,1.0,0.0,1.0,0.0,1.0,1.0,0.0,0.0,0.0,0.0,1.0,0.0,0.0,0.0,0.0,0.0,super built up,high,new,tulip violet,gurgaon,2.8899999999999997
146.6,3.0,3.0,2.0,1.0,sector 69,10.0,1.0,0.0,0.0,1.0,0.0,1.0,0.0,1.0,1.0,0.0,0.0,0.0,0.0,1.0,0.0,0.0,0.0,0.0,0.0,super built up,high,new,tulip violet,gurgaon,2.3120000000000003
142.88,3.0,3.0,1.0,0.0,sector 69,10.0,1.0,0.0,0.0,1.0,0.0,1.0,0.0,1.0,1.0,0.0,0.0,0.0,0.0,1.0,0.0,0.0,0.0,0.0,0.0,super built up,high,new,tulip violet,gurgaon,2.3459999999999996
154.22,3.0,2.0,3.0,0.0,sector 81,9.0,0.0,0.0,0.0,1.0,0.0,0.0,0.0,1.0,0.0,0.0,1.0,1.0,0.0,0.0,0.0,0.0,0.0,0.0,0.0,super built up,high,new,bestech park view ananda,gurgaon,1.9549999999999998
145.67,3.0,3.0,1.0,0.0,sector 69,10.0,1.0,0.0,0.0,1.0,0.0,1.0,0.0,1.0,1.0,0.0,0.0,0.0,0.0,1.0,0.0,0.0,0.0,0.0,0.0,super built up,high,new,tulip violet,gurgaon,2.38
142.88,3.0,3.0,1.0,0.0,sector 69,10.0,1.0,0.0,0.0,1.0,0.0,1.0,0.0,1.0,1.0,0.0,0.0,0.0,0.0,1.0,0.0,0.0,0.0,0.0,0.0,super built up,high,new,tulip violet,gurgaon,2.329
145.67,3.0,3.0,1.0,1.0,sector 69,10.0,1.0,0.0,0.0,1.0,0.0,1.0,0.0,1.0,1.0,0.0,0.0,0.0,0.0,1.0,0.0,0.0,0.0,0.0,0.0,super built up,high,new,tulip violet,gurgaon,2.38
97.55,2.0,2.0,2.0,0.0,sector 83,15.0,1.0,0.0,0.0,0.0,0.0,0.0,0.0,1.0,0.0,0.0,0.0,0.0,0.0,0.0,0.0,0.0,0.0,0.0,0.0,super built up,low,new,vatika emilia floors,gurgaon,1.105
97.55,2.0,2.0,2.0,0.0,sector 83,15.0,1.0,0.0,0.0,0.0,0.0,0.0,0.0,1.0,0.0,0.0,0.0,0.0,0.0,0.0,0.0,0.0,0.0,0.0,0.0,super built up,low,new,vatika emilia floors,gurgaon,1.02
124.68,2.0,2.0,2.0,0.0,sector 77,10.0,1.0,0.0,0.0,1.0,0.0,1.0,0.0,1.0,1.0,0.0,0.0,1.0,0.0,0.0,0.0,0.0,0.0,0.0,0.0,super built up,mid,new,umang winter hills,gurgaon,1.275
126.35,2.0,2.0,2.0,0.0,sector 81,9.0,0.0,0.0,0.0,1.0,0.0,0.0,0.0,1.0,0.0,0.0,1.0,1.0,0.0,0.0,0.0,0.0,0.0,0.0,0.0,super built up,high,new,bestech park view ananda,gurgaon,1.615
178.19,3.0,3.0,3.0,1.0,sector 84,10.0,1.0,0.0,0.0,1.0,0.0,1.0,0.0,1.0,1.0,0.0,0.0,1.0,0.0,0.0,0.0,0.0,0.0,0.0,0.0,super built up,high,new,spaze privy at4,gurgaon,2.108
160.26,3.0,3.0,3.0,0.0,sector 84,3.0,0.0,0.0,0.0,0.0,1.0,1.0,0.0,1.0,0.0,0.0,0.0,0.0,0.0,0.0,0.0,0.0,0.0,0.0,0.0,super built up,high,new,antriksh heights,gurgaon,1.53
150.5,3.0,3.0,3.0,0.0,sector 79,9.0,0.0,0.0,0.0,1.0,0.0,0.0,0.0,1.0,1.0,0.0,1.0,1.0,0.0,0.0,0.0,0.0,0.0,0.0,0.0,super built up,low,new,mapsko mount ville,gurgaon,2.21
111.48,2.0,2.0,3.0,1.0,sector 84,3.0,0.0,0.0,0.0,0.0,1.0,1.0,0.0,1.0,0.0,0.0,0.0,0.0,0.0,0.0,0.0,0.0,0.0,0.0,0.0,super built up,mid,new,antriksh heights,gurgaon,1.2409999999999999
179.3,3.0,3.0,3.0,1.0,sector 86,15.0,1.0,0.0,0.0,0.0,0.0,0.0,1.0,1.0,1.0,0.0,0.0,0.0,0.0,0.0,0.0,0.0,0.0,0.0,0.0,super built up,mid,old,dlf new town heights 2,gurgaon,2.142
179.3,3.0,3.0,3.0,1.0,sector 90,6.0,1.0,0.0,0.0,0.0,0.0,0.0,0.0,1.0,1.0,0.0,0.0,0.0,0.0,1.0,0.0,0.0,0.0,0.0,0.0,super built up,mid,new,dlf new town heights 1,gurgaon,2.125
253.35,4.0,4.0,3.0,1.0,sector 90,6.0,1.0,0.0,0.0,0.0,0.0,0.0,0.0,1.0,1.0,0.0,0.0,0.0,0.0,1.0,0.0,0.0,0.0,0.0,0.0,super built up,high,new,dlf new town heights 1,gurgaon,3.1959999999999997
179.3,3.0,3.0,3.0,1.0,sector 90,6.0,1.0,0.0,0.0,0.0,0.0,0.0,0.0,1.0,1.0,0.0,0.0,0.0,0.0,1.0,0.0,0.0,0.0,0.0,0.0,super built up,high,new,dlf new town heights 1,gurgaon,2.21
55.83,2.0,2.0,2.0,0.0,sector 86,9.0,0.0,0.0,0.0,1.0,0.0,0.0,0.0,1.0,0.0,0.0,0.0,0.0,0.0,0.0,0.0,0.0,0.0,0.0,0.0,carpet,mid,new,pyramid urban homes 2,gurgaon,0.748
160.26,3.0,3.0,3.0,1.0,sector 84,3.0,0.0,0.0,0.0,0.0,1.0,1.0,0.0,1.0,0.0,0.0,0.0,0.0,0.0,0.0,0.0,0.0,0.0,0.0,0.0,super built up,high,new,antriksh heights,gurgaon,1.428
160.26,3.0,3.0,3.0,0.0,sector 84,3.0,0.0,0.0,0.0,0.0,1.0,1.0,0.0,1.0,0.0,0.0,0.0,0.0,0.0,0.0,0.0,0.0,0.0,0.0,0.0,super built up,high,new,antriksh heights,gurgaon,1.343
235.51,4.0,5.0,3.0,1.0,sector 82,11.0,0.0,0.0,0.0,1.0,0.0,1.0,0.0,1.0,1.0,0.0,0.0,0.0,0.0,1.0,0.0,0.0,0.0,0.0,0.0,super built up,high,new,mapsko casa bella,gurgaon,2.3459999999999996
158.96,3.0,3.0,2.0,0.0,sector 108,13.0,1.0,0.0,0.0,0.0,0.0,1.0,0.0,1.0,1.0,0.0,0.0,1.0,0.0,0.0,0.0,0.0,0.0,1.0,0.0,super built up,high,new,sobha city,gurgaon,4.42
186.74,4.0,4.0,2.0,0.0,sector 69,10.0,1.0,0.0,0.0,1.0,0.0,1.0,0.0,1.0,1.0,0.0,0.0,0.0,0.0,1.0,0.0,0.0,0.0,0.0,0.0,super built up,mid,new,tulip violet,gurgaon,2.8899999999999997
186.74,4.0,4.0,2.0,0.0,sector 69,10.0,1.0,0.0,0.0,1.0,0.0,1.0,0.0,1.0,1.0,0.0,0.0,0.0,0.0,1.0,0.0,0.0,0.0,0.0,0.0,super built up,high,new,tulip violet,gurgaon,2.8899999999999997
146.6,3.0,3.0,2.0,1.0,sector 69,10.0,1.0,0.0,0.0,1.0,0.0,1.0,0.0,1.0,1.0,0.0,0.0,0.0,0.0,1.0,0.0,0.0,0.0,0.0,0.0,super built up,high,new,tulip violet,gurgaon,2.38
186.74,4.0,4.0,2.0,0.0,sector 69,10.0,1.0,0.0,0.0,1.0,0.0,1.0,0.0,1.0,1.0,0.0,0.0,0.0,0.0,1.0,0.0,0.0,0.0,0.0,0.0,super built up,mid,new,tulip violet,gurgaon,2.856
186.74,4.0,4.0,2.0,0.0,sector 69,10.0,1.0,0.0,0.0,1.0,0.0,1.0,0.0,1.0,1.0,0.0,0.0,0.0,0.0,1.0,0.0,0.0,0.0,0.0,0.0,super built up,low,new,tulip violet,gurgaon,2.8899999999999997
146.6,3.0,3.0,2.0,0.0,sector 69,10.0,1.0,0.0,0.0,1.0,0.0,1.0,0.0,1.0,1.0,0.0,0.0,0.0,0.0,1.0,0.0,0.0,0.0,0.0,0.0,super built up,low,new,tulip violet,gurgaon,2.38
83.61,3.0,3.0,3.0,1.0,sector 37,10.0,0.0,0.0,0.0,1.0,1.0,1.0,0.0,1.0,1.0,0.0,0.0,1.0,0.0,1.0,0.0,0.0,0.0,0.0,0.0,carpet,mid,new,ramprastha primera,gurgaon,2.04
125.51,2.0,2.0,3.0,0.0,sector 79,11.0,1.0,0.0,0.0,1.0,0.0,1.0,0.0,1.0,1.0,0.0,0.0,1.0,0.0,0.0,0.0,0.0,0.0,1.0,0.0,super built up,high,new,godrej aria,gurgaon,1.632
78.97,2.0,3.0,3.0,1.0,sector 86,10.0,1.0,0.0,0.0,1.0,0.0,0.0,0.0,1.0,1.0,0.0,0.0,1.0,0.0,0.0,0.0,0.0,0.0,0.0,0.0,carpet,mid,new,microtek greenburg,gurgaon,2.21
196.95,3.0,3.0,3.0,1.0,sector 92,11.0,1.0,0.0,0.0,1.0,0.0,1.0,0.0,1.0,1.0,0.0,0.0,1.0,0.0,1.0,0.0,0.0,0.0,0.0,0.0,super built up,high,new,bestech park view sanskruti,gurgaon,2.72
212.28,3.0,4.0,3.0,1.0,sector 86,10.0,1.0,0.0,0.0,1.0,0.0,0.0,0.0,1.0,1.0,0.0,0.0,1.0,0.0,0.0,0.0,0.0,0.0,0.0,0.0,super built up,high,new,microtek greenburg,gurgaon,3.2809999999999997
178.37,3.0,3.0,2.0,0.0,sector 92,11.0,1.0,0.0,0.0,1.0,0.0,1.0,0.0,1.0,1.0,0.0,0.0,1.0,0.0,1.0,0.0,0.0,0.0,0.0,0.0,super built up,high,new,bestech park view sanskruti,gurgaon,2.4139999999999997
195.1,3.0,4.0,3.0,1.0,sector 81,9.0,1.0,0.0,0.0,0.0,0.0,0.0,0.0,1.0,1.0,0.0,1.0,0.0,0.0,0.0,0.0,0.0,0.0,0.0,0.0,super built up,high,new,dlf the ultima,gurgaon,3.74
179.21,3.0,3.0,1.0,0.0,sector 86,10.0,0.0,0.0,0.0,1.0,0.0,0.0,0.0,1.0,1.0,0.0,0.0,0.0,0.0,1.0,0.0,0.0,0.0,0.0,0.0,super built up,high,new,dlf the skycourt,gurgaon,2.295
176.05,3.0,4.0,3.0,1.0,sector 86,10.0,1.0,0.0,0.0,1.0,0.0,0.0,0.0,1.0,1.0,0.0,0.0,1.0,0.0,0.0,0.0,0.0,0.0,0.0,0.0,super built up,high,new,microtek greenburg,gurgaon,2.8049999999999997
153.29,3.0,3.0,3.0,1.0,sector 48,45.0,1.0,0.0,0.0,0.0,1.0,1.0,1.0,0.0,0.0,0.0,0.0,0.0,1.0,0.0,1.0,0.0,1.0,0.0,0.0,super built up,low,old,parsvnath green ville,gurgaon,2.4139999999999997
163.51,3.0,4.0,3.0,1.0,sector 106,11.0,1.0,0.0,0.0,1.0,0.0,1.0,0.0,1.0,1.0,0.0,1.0,1.0,0.0,1.0,0.0,0.0,0.0,0.0,0.0,super built up,high,new,paras dews,gurgaon,1.87
185.53,3.0,5.0,3.0,1.0,sector 99,15.0,1.0,0.0,0.0,1.0,1.0,1.0,1.0,1.0,1.0,0.0,0.0,0.0,0.0,1.0,0.0,0.0,0.0,0.0,0.0,super built up,mid,new,pareena coban residences,gurgaon,2.0909999999999997
178.37,3.0,3.0,3.0,1.0,sector 92,11.0,1.0,0.0,0.0,1.0,0.0,1.0,0.0,1.0,1.0,0.0,0.0,1.0,0.0,1.0,0.0,0.0,0.0,0.0,0.0,super built up,low,new,bestech park view sanskruti,gurgaon,2.55
120.77,2.0,2.0,2.0,1.0,sector 90,10.0,1.0,0.0,0.0,1.0,0.0,1.0,0.0,1.0,1.0,0.0,0.0,1.0,0.0,1.0,0.0,0.0,0.0,0.0,0.0,super built up,high,old,shree vardhman flora,gurgaon,1.105
120.77,2.0,2.0,3.0,1.0,sector 90,10.0,1.0,0.0,0.0,1.0,0.0,1.0,0.0,1.0,1.0,0.0,0.0,1.0,0.0,1.0,0.0,0.0,0.0,0.0,0.0,super built up,mid,old,shree vardhman flora,gurgaon,1.088
174.38,3.0,3.0,2.0,0.0,sector 37,11.0,1.0,0.0,0.0,1.0,0.0,1.0,0.0,1.0,1.0,0.0,0.0,1.0,0.0,1.0,0.0,0.0,0.0,0.0,0.0,super built up,high,new,bptp terra,gurgaon,2.8049999999999997
130.99,2.0,2.0,2.0,0.0,sector 37,11.0,1.0,0.0,0.0,1.0,0.0,1.0,0.0,1.0,1.0,0.0,0.0,1.0,0.0,1.0,0.0,0.0,0.0,0.0,0.0,super built up,high,new,bptp terra,gurgaon,1.9889999999999999
168.25,3.0,3.0,3.0,0.0,sector 37,11.0,1.0,0.0,0.0,1.0,0.0,1.0,0.0,1.0,1.0,0.0,0.0,1.0,0.0,1.0,0.0,0.0,0.0,0.0,0.0,super built up,high,new,bptp terra,gurgaon,2.465
172.06,3.0,3.0,3.0,1.0,sector 102,13.0,1.0,0.0,0.0,1.0,1.0,0.0,0.0,1.0,1.0,0.0,0.0,1.0,0.0,1.0,0.0,0.0,1.0,0.0,0.0,super built up,mid,new,shapoorji pallonji joyville gurugram,gurgaon,3.315
390.19,4.0,4.0,3.0,1.0,sector 81,9.0,0.0,0.0,0.0,1.0,0.0,0.0,0.0,1.0,0.0,0.0,0.0,1.0,0.0,0.0,0.0,0.0,0.0,0.0,0.0,super built up,high,new,bestech park view grand spa,gurgaon,7.14
185.34,3.0,4.0,3.0,1.0,sector 92,11.0,1.0,0.0,0.0,1.0,0.0,1.0,0.0,1.0,1.0,0.0,0.0,1.0,0.0,1.0,0.0,0.0,0.0,0.0,0.0,super built up,high,new,bestech park view sanskruti,gurgaon,2.635
223.71,3.0,4.0,3.0,1.0,sector 85,13.0,1.0,0.0,0.0,1.0,0.0,1.0,0.0,1.0,1.0,0.0,0.0,1.0,0.0,1.0,0.0,0.0,0.0,1.0,0.0,super built up,high,new,ss the leaf,gurgaon,2.686
179.77,3.0,4.0,3.0,1.0,sector 67,11.0,0.0,0.0,0.0,1.0,0.0,0.0,0.0,1.0,0.0,0.0,0.0,0.0,0.0,0.0,0.0,0.0,0.0,0.0,0.0,super built up,high,old,bestech park view spa next,gurgaon,3.9439999999999995
137.5,3.0,4.0,3.0,1.0,sector 86,10.0,1.0,0.0,0.0,1.0,0.0,0.0,0.0,1.0,1.0,0.0,0.0,1.0,0.0,0.0,0.0,0.0,0.0,0.0,0.0,super built up,high,new,microtek greenburg,gurgaon,2.125
151.62,2.0,2.0,1.0,1.0,sector 58,13.0,1.0,0.0,0.0,1.0,0.0,1.0,0.0,1.0,1.0,0.0,1.0,0.0,0.0,0.0,0.0,0.0,0.0,0.0,0.0,super built up,mid,new,ireo the grand arch,gurgaon,3.74
218.79,4.0,6.0,3.0,1.0,sector 106,11.0,1.0,0.0,0.0,1.0,0.0,1.0,0.0,1.0,1.0,0.0,1.0,1.0,0.0,1.0,0.0,0.0,0.0,0.0,0.0,super built up,high,new,paras dews,gurgaon,2.38
154.68,3.0,3.0,3.0,1.0,sector 106,11.0,1.0,0.0,0.0,1.0,0.0,1.0,0.0,1.0,1.0,0.0,1.0,1.0,0.0,1.0,0.0,0.0,0.0,0.0,0.0,super built up,high,new,paras dews,gurgaon,2.04
125.42,2.0,2.0,2.0,1.0,sector 88,7.0,1.0,0.0,0.0,0.0,0.0,0.0,0.0,1.0,0.0,0.0,0.0,1.0,0.0,0.0,0.0,0.0,0.0,0.0,0.0,super built up,low,new,vatika xpressions,gurgaon,1.564
176.52,3.0,4.0,3.0,1.0,sector 106,11.0,1.0,0.0,0.0,1.0,0.0,1.0,0.0,1.0,1.0,0.0,1.0,1.0,0.0,1.0,0.0,0.0,0.0,0.0,0.0,super built up,high,new,paras dews,gurgaon,2.125
163.51,3.0,4.0,3.0,1.0,sector 106,11.0,1.0,0.0,0.0,1.0,0.0,1.0,0.0,1.0,1.0,0.0,1.0,1.0,0.0,1.0,0.0,0.0,0.0,0.0,0.0,super built up,mid,new,paras dews,gurgaon,2.125
162.48,3.0,3.0,1.0,1.0,sector 49,14.0,1.0,0.0,0.0,0.0,0.0,1.0,1.0,0.0,0.0,0.0,0.0,0.0,0.0,0.0,0.0,0.0,0.0,0.0,0.0,super built up,mid,old,vatika city,gurgaon,3.145
182.09,3.0,3.0,3.0,1.0,sector 49,14.0,1.0,0.0,0.0,0.0,0.0,1.0,1.0,0.0,0.0,0.0,0.0,0.0,0.0,0.0,0.0,0.0,0.0,0.0,0.0,carpet,low,old,vatika city,gurgaon,2.8729999999999998
204.48,3.0,3.0,2.0,1.0,sector 66,14.0,1.0,0.0,0.0,0.0,0.0,1.0,0.0,1.0,1.0,0.0,1.0,0.0,0.0,0.0,0.0,0.0,1.0,0.0,0.0,super built up,mid,new,emaar mgf the palm drive,gurgaon,5.95
111.48,2.0,2.0,2.0,1.0,sector 66,14.0,1.0,0.0,0.0,0.0,0.0,1.0,0.0,1.0,1.0,0.0,1.0,0.0,0.0,0.0,0.0,0.0,1.0,0.0,0.0,super built up,mid,new,emaar mgf the palm drive,gurgaon,2.5669999999999997
225.75,3.0,3.0,3.0,1.0,sector 48,45.0,1.0,0.0,0.0,0.0,1.0,1.0,1.0,0.0,0.0,0.0,0.0,0.0,1.0,0.0,1.0,0.0,1.0,0.0,0.0,super built up,mid,old,parsvnath green ville,gurgaon,3.162
186.08,3.0,4.0,3.0,1.0,sector 108,9.0,1.0,0.0,0.0,1.0,0.0,1.0,0.0,1.0,1.0,0.0,0.0,1.0,0.0,0.0,0.0,0.0,0.0,0.0,0.0,super built up,high,new,experion the heartsong,gurgaon,2.8899999999999997
217.21,3.0,3.0,3.0,1.0,sector 108,9.0,1.0,0.0,0.0,1.0,0.0,1.0,0.0,1.0,1.0,0.0,0.0,1.0,0.0,0.0,0.0,0.0,0.0,0.0,0.0,super built up,high,new,experion the heartsong,gurgaon,3.4
171.31,3.0,4.0,3.0,1.0,sector 104,15.0,1.0,0.0,0.0,1.0,0.0,0.0,0.0,1.0,1.0,1.0,1.0,1.0,0.0,1.0,0.0,0.0,0.0,1.0,0.0,super built up,high,new,godrej summit,gurgaon,2.125
153.01,3.0,3.0,3.0,1.0,sector 104,15.0,1.0,0.0,0.0,1.0,0.0,0.0,0.0,1.0,1.0,1.0,1.0,1.0,0.0,1.0,0.0,0.0,0.0,1.0,0.0,super built up,high,new,godrej summit,gurgaon,1.666
134.34,2.0,2.0,3.0,1.0,sector 104,15.0,1.0,0.0,0.0,1.0,0.0,0.0,0.0,1.0,1.0,1.0,1.0,1.0,0.0,1.0,0.0,0.0,0.0,1.0,0.0,super built up,high,new,godrej summit,gurgaon,1.4449999999999998
117.89,2.0,2.0,3.0,1.0,sector 104,15.0,1.0,0.0,0.0,1.0,0.0,0.0,0.0,1.0,1.0,1.0,1.0,1.0,0.0,1.0,0.0,0.0,0.0,1.0,0.0,super built up,mid,new,godrej summit,gurgaon,1.275
55.93,2.0,2.0,1.0,0.0,sector 107,10.0,0.0,0.0,0.0,1.0,0.0,0.0,0.0,1.0,0.0,0.0,0.0,1.0,0.0,0.0,0.0,0.0,0.0,0.0,0.0,super built up,mid,new,signature global solera,gurgaon,0.51
162.12,3.0,3.0,3.0,0.0,sector 109,15.0,0.0,0.0,0.0,0.0,1.0,0.0,1.0,1.0,1.0,0.0,0.0,0.0,1.0,0.0,1.0,0.0,1.0,1.0,0.0,super built up,high,new,ats kocoon,gurgaon,2.8899999999999997
162.58,3.0,3.0,3.0,1.0,sector 109,11.0,1.0,0.0,0.0,1.0,0.0,0.0,0.0,1.0,1.0,0.0,1.0,1.0,0.0,0.0,0.0,0.0,0.0,1.0,0.0,super built up,high,new,ats tourmaline,gurgaon,2.38
160.44,3.0,3.0,2.0,1.0,sector 67,12.0,0.0,0.0,0.0,1.0,0.0,1.0,0.0,1.0,1.0,0.0,1.0,0.0,0.0,1.0,0.0,0.0,0.0,0.0,0.0,super built up,high,new,ireo the corridors,gurgaon,2.8899999999999997
181.16,3.0,4.0,3.0,1.0,sector 90,10.0,1.0,0.0,0.0,1.0,0.0,1.0,0.0,1.0,1.0,0.0,0.0,1.0,0.0,1.0,0.0,0.0,0.0,0.0,0.0,super built up,mid,new,shree vardhman flora,gurgaon,1.53
239.23,4.0,4.0,3.0,1.0,sector 90,10.0,1.0,0.0,0.0,1.0,0.0,1.0,0.0,1.0,1.0,0.0,0.0,1.0,0.0,1.0,0.0,0.0,0.0,0.0,0.0,carpet,high,new,shree vardhman flora,gurgaon,2.125
125.42,2.0,2.0,3.0,1.0,sector 90,10.0,1.0,0.0,0.0,1.0,0.0,1.0,0.0,1.0,1.0,0.0,0.0,1.0,0.0,1.0,0.0,0.0,0.0,0.0,0.0,super built up,mid,new,shree vardhman flora,gurgaon,1.105
181.16,3.0,4.0,3.0,1.0,sector 90,10.0,1.0,0.0,0.0,1.0,0.0,1.0,0.0,1.0,1.0,0.0,0.0,1.0,0.0,1.0,0.0,0.0,0.0,0.0,0.0,super built up,mid,new,shree vardhman flora,gurgaon,1.53
125.42,2.0,2.0,3.0,1.0,sector 90,10.0,1.0,0.0,0.0,1.0,0.0,1.0,0.0,1.0,1.0,0.0,0.0,1.0,0.0,1.0,0.0,0.0,0.0,0.0,0.0,super built up,mid,new,shree vardhman flora,gurgaon,1.105
120.77,2.0,2.0,3.0,1.0,sector 90,10.0,1.0,0.0,0.0,1.0,0.0,1.0,0.0,1.0,1.0,0.0,0.0,1.0,0.0,1.0,0.0,0.0,0.0,0.0,0.0,super built up,mid,new,shree vardhman flora,gurgaon,1.122
240.43,3.0,3.0,3.0,1.0,sector 1,11.0,1.0,0.0,0.0,0.0,0.0,0.0,0.0,0.0,0.0,0.0,0.0,0.0,1.0,0.0,0.0,0.0,0.0,0.0,1.0,super built up,high,old,hsiidc sidco aravali,manesar,1.547
213.68,3.0,3.0,2.0,0.0,sector 1,10.0,1.0,0.0,0.0,0.0,0.0,0.0,0.0,0.0,0.0,0.0,0.0,0.0,1.0,0.0,0.0,0.0,0.0,0.0,1.0,carpet,low,old,the crew bos chs manesar,manesar,1.4449999999999998
213.68,3.0,3.0,3.0,1.0,sector 1,10.0,1.0,0.0,0.0,0.0,0.0,0.0,0.0,0.0,0.0,0.0,0.0,0.0,1.0,0.0,0.0,0.0,0.0,0.0,1.0,super built up,mid,new,nagata group housing society,gurgaon,1.4449999999999998
183.48,4.0,4.0,0.0,1.0,sector 65,6.0,1.0,0.0,0.0,0.0,0.0,0.0,0.0,0.0,1.0,0.0,0.0,0.0,0.0,1.0,0.0,0.0,0.0,0.0,0.0,carpet,mid,new,emaar mgf emerald floors premier,gurgaon,4.93
183.48,4.0,4.0,3.0,1.0,sector 65,6.0,1.0,0.0,0.0,0.0,0.0,0.0,0.0,0.0,1.0,0.0,0.0,0.0,0.0,1.0,0.0,0.0,0.0,0.0,0.0,carpet,low,new,emaar mgf emerald floors premier,gurgaon,4.845
153.29,3.0,3.0,3.0,1.0,sector 65,6.0,1.0,0.0,0.0,0.0,0.0,0.0,0.0,0.0,1.0,0.0,0.0,0.0,0.0,1.0,0.0,0.0,0.0,0.0,0.0,carpet,low,new,emaar mgf emerald floors premier,gurgaon,3.8080000000000003
153.29,3.0,3.0,3.0,1.0,sector 65,6.0,1.0,0.0,0.0,0.0,0.0,0.0,0.0,0.0,1.0,0.0,0.0,0.0,0.0,1.0,0.0,0.0,0.0,0.0,0.0,super built up,low,new,emaar mgf emerald floors premier,gurgaon,4.335
183.48,4.0,4.0,3.0,1.0,sector 65,6.0,1.0,0.0,0.0,0.0,0.0,0.0,0.0,0.0,1.0,0.0,0.0,0.0,0.0,1.0,0.0,0.0,0.0,0.0,0.0,super built up,low,new,emaar mgf emerald floors premier,gurgaon,4.845
153.29,3.0,3.0,3.0,1.0,sector 65,6.0,1.0,0.0,0.0,0.0,0.0,0.0,0.0,0.0,1.0,0.0,0.0,0.0,0.0,1.0,0.0,0.0,0.0,0.0,0.0,super built up,low,new,emaar mgf emerald floors premier,gurgaon,4.25
242.01,3.0,3.0,3.0,1.0,sector 50,9.0,1.0,0.0,0.0,0.0,0.0,1.0,0.0,1.0,1.0,1.0,1.0,0.0,0.0,0.0,0.0,0.0,0.0,0.0,0.0,super built up,low,old,the close north,gurgaon,4.675
143.54,3.0,4.0,2.0,1.0,sector 33,13.0,0.0,0.0,0.0,1.0,0.0,1.0,0.0,1.0,1.0,0.0,1.0,1.0,0.0,0.0,0.0,0.0,0.0,0.0,0.0,super built up,high,old,unitech the residences,gurgaon,2.295
194.45,3.0,3.0,3.0,1.0,sector 50,9.0,1.0,0.0,0.0,0.0,0.0,1.0,0.0,1.0,1.0,1.0,1.0,0.0,0.0,0.0,0.0,0.0,0.0,0.0,0.0,super built up,high,old,the close north,gurgaon,4.2669999999999995
293.02,4.0,4.0,3.0,1.0,sector 67,10.0,1.0,0.0,0.0,1.0,0.0,1.0,0.0,1.0,1.0,0.0,0.0,0.0,0.0,1.0,0.0,0.0,1.0,0.0,0.0,super built up,high,new,m3m merlin,gurgaon,7.6499999999999995
194.45,3.0,3.0,3.0,1.0,sector 50,9.0,1.0,0.0,0.0,0.0,0.0,1.0,0.0,1.0,1.0,1.0,1.0,0.0,0.0,0.0,0.0,0.0,0.0,0.0,0.0,super built up,high,new,the close north,gurgaon,4.25
152.36,2.0,2.0,3.0,0.0,sector 85,13.0,1.0,0.0,0.0,1.0,0.0,1.0,0.0,1.0,1.0,0.0,0.0,1.0,0.0,1.0,0.0,0.0,0.0,1.0,0.0,super built up,mid,new,ss the leaf,gurgaon,1.9379999999999997
261.24,4.0,5.0,3.0,0.0,sector 85,13.0,1.0,0.0,0.0,1.0,0.0,1.0,0.0,1.0,1.0,0.0,0.0,1.0,0.0,1.0,0.0,0.0,0.0,1.0,0.0,super built up,low,new,ss the leaf,gurgaon,3.145
181.16,3.0,4.0,3.0,1.0,sector 66,14.0,1.0,0.0,0.0,0.0,0.0,1.0,0.0,1.0,1.0,0.0,1.0,0.0,0.0,0.0,0.0,0.0,1.0,0.0,0.0,super built up,high,new,emaar mgf the palm drive,gurgaon,4.76
110.37,2.0,2.0,3.0,0.0,sector 66,46.0,1.0,0.0,0.0,0.0,1.0,1.0,1.0,0.0,0.0,0.0,0.0,0.0,0.0,0.0,1.0,0.0,1.0,0.0,0.0,super built up,low,new,emaar mgf palm studios,gurgaon,2.465
132.85,3.0,3.0,3.0,1.0,sector 82,11.0,0.0,0.0,0.0,1.0,0.0,1.0,0.0,1.0,1.0,0.0,0.0,0.0,0.0,1.0,0.0,0.0,0.0,0.0,0.0,super built up,mid,old,mapsko casa bella,gurgaon,1.462
138.43,3.0,3.0,3.0,1.0,sector 79,9.0,0.0,0.0,0.0,1.0,0.0,0.0,0.0,1.0,1.0,0.0,1.0,1.0,0.0,0.0,0.0,0.0,0.0,0.0,0.0,super built up,high,new,mapsko mount ville,gurgaon,2.176
138.43,3.0,3.0,3.0,1.0,sector 79,9.0,0.0,0.0,0.0,1.0,0.0,0.0,0.0,1.0,1.0,0.0,1.0,1.0,0.0,0.0,0.0,0.0,0.0,0.0,0.0,super built up,high,new,mapsko mount ville,gurgaon,2.04
154.22,3.0,2.0,3.0,1.0,sector 81,9.0,0.0,0.0,0.0,1.0,0.0,0.0,0.0,1.0,0.0,0.0,1.0,1.0,0.0,0.0,0.0,0.0,0.0,0.0,0.0,super built up,mid,new,bestech park view ananda,gurgaon,1.9549999999999998
126.35,2.0,2.0,3.0,1.0,sector 81,9.0,0.0,0.0,0.0,1.0,0.0,0.0,0.0,1.0,0.0,0.0,1.0,1.0,0.0,0.0,0.0,0.0,0.0,0.0,0.0,super built up,high,new,bestech park view ananda,gurgaon,1.496
126.35,2.0,2.0,3.0,0.0,sector 81,9.0,0.0,0.0,0.0,1.0,0.0,0.0,0.0,1.0,0.0,0.0,1.0,1.0,0.0,0.0,0.0,0.0,0.0,0.0,0.0,super built up,high,new,bestech park view ananda,gurgaon,1.4789999999999999
267.1,4.0,6.0,3.0,1.0,sector 103,15.0,1.0,0.0,0.0,1.0,1.0,1.0,0.0,1.0,1.0,1.0,1.0,1.0,0.0,1.0,0.0,0.0,0.0,0.0,0.0,super built up,high,new,indiabulls centrum park,gurgaon,4.08
112.88,2.0,2.0,3.0,1.0,sector 102,13.0,1.0,0.0,0.0,1.0,1.0,0.0,0.0,1.0,1.0,0.0,0.0,1.0,0.0,1.0,0.0,0.0,1.0,0.0,0.0,super built up,high,new,shapoorji pallonji joyville gurugram,gurgaon,2.21
167.13,3.0,3.0,3.0,0.0,sector 82,7.0,1.0,0.0,0.0,0.0,0.0,0.0,0.0,0.0,1.0,0.0,0.0,0.0,0.0,0.0,0.0,0.0,0.0,0.0,0.0,super built up,low,new,dlf the primus,gurgaon,3.145
172.06,3.0,3.0,3.0,1.0,sector 102,13.0,1.0,0.0,0.0,1.0,1.0,0.0,0.0,1.0,1.0,0.0,0.0,1.0,0.0,1.0,0.0,0.0,1.0,0.0,0.0,super built up,low,new,shapoorji pallonji joyville gurugram,gurgaon,3.4
440.27,4.0,6.0,3.0,1.0,sector 62,11.0,1.0,0.0,0.0,1.0,0.0,1.0,0.0,1.0,1.0,0.0,0.0,0.0,0.0,1.0,0.0,0.0,1.0,0.0,0.0,super built up,high,new,pioneer araya,gurgaon,16.915
428.56,4.0,6.0,3.0,1.0,sector 62,11.0,1.0,0.0,0.0,1.0,0.0,1.0,0.0,1.0,1.0,0.0,0.0,0.0,0.0,1.0,0.0,0.0,1.0,0.0,0.0,super built up,mid,new,pioneer araya,gurgaon,15.639999999999999
166.2,3.0,3.0,3.0,0.0,sector 33,15.0,1.0,0.0,0.0,0.0,0.0,1.0,0.0,1.0,1.0,0.0,0.0,0.0,0.0,1.0,0.0,1.0,0.0,0.0,0.0,super built up,low,old,central park flower valley,sohna,3.043
240.15,3.0,4.0,3.0,1.0,sector 109,11.0,1.0,0.0,0.0,1.0,0.0,0.0,0.0,1.0,1.0,0.0,1.0,1.0,0.0,0.0,0.0,0.0,0.0,1.0,0.0,super built up,high,new,ats tourmaline,gurgaon,3.57
176.52,3.0,4.0,3.0,1.0,sector 106,11.0,1.0,0.0,0.0,1.0,0.0,1.0,0.0,1.0,1.0,0.0,1.0,1.0,0.0,1.0,0.0,0.0,0.0,0.0,0.0,super built up,high,new,paras dews,gurgaon,1.9379999999999997
185.53,3.0,5.0,3.0,1.0,sector 99,15.0,1.0,0.0,0.0,1.0,1.0,1.0,1.0,1.0,1.0,0.0,0.0,0.0,0.0,1.0,0.0,0.0,0.0,0.0,0.0,super built up,mid,new,pareena coban residences,gurgaon,1.9209999999999998
163.51,3.0,4.0,3.0,1.0,sector 106,11.0,1.0,0.0,0.0,1.0,0.0,1.0,0.0,1.0,1.0,0.0,1.0,1.0,0.0,1.0,0.0,0.0,0.0,0.0,0.0,super built up,high,new,paras dews,gurgaon,1.785
249.91,3.0,3.0,3.0,1.0,sector 113,8.0,1.0,0.0,0.0,1.0,0.0,0.0,0.0,1.0,0.0,0.0,0.0,1.0,0.0,0.0,0.0,0.0,0.0,0.0,0.0,super built up,low,new,la vida by tata housing,gurgaon,4.726
123.56,2.0,2.0,3.0,0.0,sector 113,8.0,1.0,0.0,0.0,1.0,0.0,0.0,0.0,1.0,0.0,0.0,0.0,1.0,0.0,0.0,0.0,0.0,0.0,0.0,0.0,super built up,low,new,la vida by tata housing,gurgaon,2.635
118.54,2.0,2.0,3.0,0.0,sector 113,8.0,1.0,0.0,0.0,1.0,0.0,0.0,0.0,1.0,0.0,0.0,0.0,1.0,0.0,0.0,0.0,0.0,0.0,0.0,0.0,super built up,high,new,la vida by tata housing,gurgaon,2.295
146.14,2.0,2.0,3.0,1.0,sector 113,8.0,1.0,0.0,0.0,1.0,0.0,0.0,0.0,1.0,0.0,0.0,0.0,1.0,0.0,0.0,0.0,0.0,0.0,0.0,0.0,super built up,high,new,la vida by tata housing,gurgaon,2.3459999999999996
205.97,3.0,3.0,3.0,1.0,sector 113,8.0,1.0,0.0,0.0,1.0,0.0,0.0,0.0,1.0,0.0,0.0,0.0,1.0,0.0,0.0,0.0,0.0,0.0,0.0,0.0,super built up,high,new,la vida by tata housing,gurgaon,3.995
157.19,3.0,3.0,3.0,0.0,sector 102,13.0,1.0,0.0,0.0,1.0,1.0,0.0,0.0,1.0,1.0,0.0,0.0,1.0,0.0,1.0,0.0,0.0,1.0,0.0,0.0,super built up,low,new,shapoorji pallonji joyville gurugram,gurgaon,3.06
112.88,2.0,2.0,2.0,0.0,sector 102,13.0,1.0,0.0,0.0,1.0,1.0,0.0,0.0,1.0,1.0,0.0,0.0,1.0,0.0,1.0,0.0,0.0,1.0,0.0,0.0,super built up,high,new,shapoorji pallonji joyville gurugram,gurgaon,2.108
85.01,2.0,2.0,2.0,0.0,sector 102,13.0,1.0,0.0,0.0,1.0,1.0,0.0,0.0,1.0,1.0,0.0,0.0,1.0,0.0,1.0,0.0,0.0,1.0,0.0,0.0,super built up,high,new,shapoorji pallonji joyville gurugram,gurgaon,1.632
180.42,3.0,4.0,3.0,1.0,sector 102,15.0,0.0,0.0,0.0,1.0,0.0,1.0,0.0,1.0,1.0,1.0,1.0,1.0,0.0,1.0,0.0,0.0,0.0,1.0,0.0,super built up,high,old,conscient heritage max,gurgaon,3.094
237.27,4.0,5.0,3.0,1.0,sector 102,15.0,0.0,0.0,0.0,1.0,0.0,1.0,0.0,1.0,1.0,1.0,1.0,1.0,0.0,1.0,0.0,0.0,0.0,1.0,0.0,super built up,high,old,conscient heritage max,gurgaon,4.505
199.65,3.0,4.0,3.0,1.0,sector 102,15.0,0.0,0.0,0.0,1.0,0.0,1.0,0.0,1.0,1.0,1.0,1.0,1.0,0.0,1.0,0.0,0.0,0.0,1.0,0.0,super built up,high,old,conscient heritage max,gurgaon,3.74
179.4,3.0,4.0,3.0,1.0,sector 102,15.0,0.0,0.0,0.0,1.0,0.0,1.0,0.0,1.0,1.0,1.0,1.0,1.0,0.0,1.0,0.0,0.0,0.0,1.0,0.0,super built up,mid,old,conscient heritage max,gurgaon,3.026
236.44,3.0,3.0,3.0,1.0,sector 109,11.0,1.0,0.0,0.0,0.0,0.0,0.0,0.0,0.0,0.0,1.0,0.0,0.0,0.0,0.0,0.0,0.0,0.0,0.0,0.0,super built up,mid,old,sbtl caladium,gurgaon,2.856
174.66,3.0,2.0,3.0,0.0,sector 109,11.0,1.0,0.0,0.0,0.0,0.0,0.0,0.0,0.0,0.0,1.0,0.0,0.0,0.0,0.0,0.0,0.0,0.0,0.0,0.0,super built up,high,old,sbtl caladium,gurgaon,2.21
55.93,2.0,2.0,1.0,1.0,sector 107,10.0,0.0,0.0,0.0,1.0,0.0,0.0,0.0,1.0,0.0,0.0,0.0,1.0,0.0,0.0,0.0,0.0,0.0,0.0,0.0,super built up,high,new,signature global solera,gurgaon,0.85
161.65,3.0,3.0,3.0,1.0,sector 83,15.0,1.0,0.0,0.0,0.0,0.0,0.0,0.0,1.0,0.0,0.0,0.0,0.0,1.0,0.0,0.0,0.0,0.0,0.0,0.0,super built up,mid,new,vatika city homes,gurgaon,1.836
190.45,3.0,4.0,3.0,0.0,sector 79,10.0,1.0,0.0,0.0,1.0,0.0,0.0,0.0,1.0,1.0,0.0,0.0,0.0,0.0,0.0,0.0,0.0,0.0,0.0,0.0,built up,high,new,bestech altura,gurgaon,2.924
72.46,2.0,2.0,2.0,0.0,sector 23,24.0,0.0,0.0,0.0,0.0,1.0,0.0,0.0,0.0,0.0,0.0,0.0,0.0,0.0,0.0,1.0,0.0,0.0,0.0,1.0,super built up,low,old,ashiana apartment,gurgaon,0.272
69.68,2.0,2.0,1.0,0.0,sector 33,5.0,0.0,0.0,0.0,0.0,0.0,0.0,0.0,0.0,0.0,0.0,0.0,0.0,0.0,0.0,0.0,0.0,0.0,0.0,1.0,super built up,mid,new,hcbs sports ville,sohna,0.34
84.17,2.0,2.0,1.0,0.0,sector 51,9.0,1.0,0.0,0.0,0.0,1.0,1.0,0.0,1.0,1.0,0.0,1.0,0.0,0.0,0.0,1.0,0.0,0.0,0.0,0.0,carpet,mid,new,orchid island,gurgaon,1.224
77.11,2.0,2.0,1.0,0.0,sector 33,8.0,1.0,0.0,0.0,0.0,0.0,0.0,0.0,1.0,1.0,1.0,1.0,0.0,0.0,0.0,0.0,0.0,0.0,0.0,0.0,carpet,low,new,signature global park,sohna,0.918
113.81,2.0,2.0,2.0,0.0,sector 81,13.0,0.0,0.0,0.0,0.0,0.0,0.0,0.0,0.0,0.0,0.0,0.0,0.0,1.0,0.0,0.0,0.0,0.0,0.0,1.0,super built up,high,old,vipul lavanya,gurgaon,1.088
134.71,3.0,3.0,1.0,0.0,sector 48,15.0,1.0,0.0,0.0,1.0,0.0,1.0,1.0,1.0,0.0,1.0,0.0,0.0,1.0,1.0,0.0,0.0,0.0,0.0,0.0,carpet,low,new,vipul world,gurgaon,2.3459999999999996
54.81,2.0,3.0,2.0,0.0,sector 37,12.0,1.0,0.0,0.0,1.0,0.0,1.0,0.0,1.0,1.0,1.0,0.0,1.0,0.0,1.0,0.0,0.0,1.0,0.0,0.0,carpet,high,mid aged,signature global the millennia 3,gurgaon,0.765
46.45,1.0,1.0,1.0,0.0,sector 36,6.0,1.0,0.0,0.0,0.0,0.0,0.0,0.0,0.0,0.0,0.0,0.0,0.0,1.0,0.0,0.0,0.0,0.0,0.0,0.0,super built up,high,new,avl 36 gurgaon,gurgaon,0.765
163.04,3.0,2.0,3.0,0.0,sector 83,10.0,1.0,0.0,0.0,1.0,0.0,1.0,0.0,1.0,1.0,0.0,0.0,0.0,0.0,0.0,0.0,0.0,0.0,0.0,0.0,super built up,high,new,vatika lifestyle homes,gurgaon,1.9549999999999998
280.57,4.0,5.0,3.0,1.0,sector 49,14.0,1.0,0.0,0.0,0.0,0.0,1.0,1.0,0.0,0.0,0.0,0.0,0.0,0.0,0.0,0.0,0.0,0.0,0.0,0.0,carpet,mid,old,vatika city,gurgaon,6.12
121.7,2.0,2.0,2.0,0.0,sector 91,10.0,1.0,0.0,0.0,0.0,0.0,0.0,0.0,1.0,1.0,0.0,0.0,1.0,0.0,1.0,0.0,0.0,0.0,0.0,0.0,super built up,high,new,tarc maceo,gurgaon,1.53
56.67,1.0,2.0,1.0,0.0,sector 56,45.0,1.0,0.0,0.0,0.0,1.0,1.0,1.0,1.0,0.0,0.0,1.0,0.0,1.0,0.0,1.0,1.0,0.0,0.0,1.0,carpet,low,old,kendriya vihar,gurgaon,0.935
63.45,1.0,1.0,0.0,0.0,sector 71,8.0,1.0,0.0,0.0,1.0,0.0,1.0,0.0,1.0,1.0,0.0,1.0,0.0,0.0,0.0,0.0,0.0,0.0,0.0,0.0,built up,mid,new,m3m sky lofts,gurgaon,1.53
31.3,1.0,1.0,1.0,0.0,sector 111,15.0,1.0,1.0,0.0,0.0,1.0,1.0,1.0,1.0,0.0,0.0,1.0,0.0,0.0,0.0,0.0,0.0,0.0,0.0,0.0,carpet,low,new,lotus homz,gurgaon,0.85
189.52,3.0,3.0,3.0,1.0,sector 65,11.0,1.0,0.0,0.0,1.0,0.0,1.0,0.0,1.0,1.0,0.0,1.0,1.0,0.0,1.0,0.0,0.0,0.0,0.0,0.0,carpet,high,mid aged,m3m heights,gurgaon,4.862
23.23,1.0,1.0,0.0,0.0,sector 52,43.0,1.0,0.0,0.0,0.0,0.0,0.0,1.0,0.0,0.0,0.0,0.0,0.0,1.0,0.0,1.0,0.0,0.0,0.0,1.0,carpet,mid,old,ansal api sushant estate,gurgaon,0.49299999999999994
134.71,2.0,3.0,3.0,1.0,sector 103,15.0,1.0,0.0,0.0,1.0,1.0,1.0,0.0,1.0,1.0,1.0,1.0,1.0,0.0,0.0,0.0,1.0,0.0,0.0,0.0,super built up,low,new,satya the hermitage,gurgaon,1.513
184.97,3.0,4.0,3.0,1.0,sector 103,15.0,1.0,0.0,0.0,1.0,1.0,1.0,0.0,1.0,1.0,1.0,1.0,1.0,0.0,0.0,0.0,1.0,0.0,0.0,0.0,super built up,high,new,satya the hermitage,gurgaon,1.9040000000000001
59.46,3.0,3.0,1.0,0.0,sector 92,4.0,1.0,0.0,0.0,0.0,0.0,0.0,0.0,1.0,0.0,0.0,0.0,0.0,0.0,1.0,0.0,0.0,0.0,0.0,0.0,super built up,high,new,gls avenue 51,gurgaon,0.85
185.53,3.0,5.0,3.0,0.0,sector 99,15.0,1.0,0.0,0.0,1.0,1.0,1.0,1.0,1.0,1.0,0.0,0.0,0.0,0.0,1.0,0.0,0.0,0.0,0.0,0.0,super built up,mid,new,pareena coban residences,gurgaon,2.38
205.78,4.0,4.0,3.0,0.0,sector 90,14.0,0.0,0.0,0.0,0.0,1.0,0.0,0.0,0.0,0.0,0.0,0.0,0.0,0.0,0.0,0.0,0.0,0.0,0.0,0.0,super built up,mid,new,dlf regal gardens,gurgaon,3.4849999999999994
135.36,2.0,2.0,3.0,1.0,sector 33,7.0,1.0,0.0,0.0,0.0,0.0,0.0,0.0,1.0,0.0,0.0,0.0,1.0,0.0,0.0,0.0,0.0,0.0,0.0,0.0,super built up,high,new,eldeco accolade,sohna,1.4789999999999999
107.58,2.0,2.0,2.0,0.0,sector 66,15.0,1.0,0.0,0.0,0.0,1.0,0.0,1.0,1.0,0.0,0.0,0.0,0.0,0.0,0.0,0.0,0.0,0.0,0.0,0.0,super built up,mid,new,ireo uptown,gurgaon,2.244
137.5,2.0,2.0,3.0,1.0,sector 86,10.0,1.0,0.0,0.0,1.0,0.0,0.0,0.0,1.0,1.0,0.0,0.0,1.0,0.0,0.0,0.0,0.0,0.0,0.0,0.0,super built up,high,new,microtek greenburg,gurgaon,2.21
112.41,3.0,2.0,3.0,0.0,sector 33,8.0,1.0,0.0,0.0,0.0,0.0,0.0,0.0,1.0,1.0,1.0,1.0,0.0,0.0,0.0,0.0,0.0,0.0,0.0,0.0,built up,low,new,signature global park,sohna,1.615
59.46,3.0,3.0,1.0,0.0,sector 92,4.0,1.0,0.0,0.0,0.0,0.0,0.0,0.0,1.0,0.0,0.0,0.0,0.0,0.0,1.0,0.0,0.0,0.0,0.0,0.0,carpet,low,new,gls avenue 51,gurgaon,0.714
137.96,3.0,3.0,1.0,0.0,sector 85,8.0,1.0,0.0,0.0,1.0,0.0,1.0,0.0,1.0,0.0,0.0,0.0,0.0,0.0,0.0,0.0,0.0,0.0,0.0,0.0,super built up,low,new,orris carnation residency,gurgaon,1.496
255.85,4.0,3.0,3.0,0.0,sector 49,44.0,1.0,0.0,0.0,0.0,0.0,1.0,1.0,0.0,0.0,0.0,0.0,0.0,0.0,0.0,0.0,0.0,0.0,0.0,0.0,super built up,mid,old,awho sispal vihar,gurgaon,3.4
217.49,3.0,3.0,3.0,1.0,sector 54,47.0,1.0,0.0,0.0,0.0,1.0,1.0,1.0,0.0,0.0,0.0,1.0,0.0,1.0,0.0,1.0,1.0,0.0,0.0,1.0,super built up,high,old,suncity heights,gurgaon,6.545
247.12,5.0,4.0,3.0,1.0,sector 113,8.0,1.0,0.0,0.0,1.0,0.0,0.0,0.0,1.0,0.0,0.0,0.0,1.0,0.0,0.0,0.0,0.0,0.0,0.0,0.0,carpet,high,new,la vida by tata housing,gurgaon,6.324
53.88,2.0,2.0,3.0,1.0,sector 37,10.0,1.0,0.0,0.0,1.0,0.0,1.0,0.0,1.0,1.0,0.0,0.0,1.0,0.0,1.0,0.0,0.0,0.0,0.0,0.0,carpet,high,new,signature global city,gurgaon,1.1560000000000001
83.61204013377927,2.0,2.0,2.0,0.0,sector 33,8.0,1.0,0.0,0.0,1.0,0.0,0.0,0.0,1.0,1.0,0.0,0.0,0.0,0.0,0.0,0.0,0.0,0.0,0.0,0.0,carpet,mid,under construction,godrej nature plus,sohna,2.227
185.43,3.0,3.0,3.0,1.0,sector 33,8.0,1.0,0.0,0.0,1.0,0.0,0.0,0.0,1.0,1.0,0.0,0.0,0.0,0.0,0.0,0.0,0.0,0.0,0.0,0.0,carpet,low,new,godrej nature plus,sohna,2.8049999999999997
185.81,3.0,4.0,3.0,1.0,sector 77,10.0,1.0,0.0,0.0,1.0,0.0,1.0,0.0,1.0,1.0,0.0,0.0,1.0,0.0,0.0,0.0,0.0,0.0,0.0,0.0,super built up,mid,new,emaar mgf palm hills,gurgaon,3.23
215.54,4.0,3.0,3.0,1.0,sector 91,10.0,1.0,0.0,0.0,0.0,0.0,0.0,0.0,1.0,1.0,0.0,0.0,1.0,0.0,1.0,0.0,0.0,0.0,0.0,0.0,carpet,high,new,tarc maceo,gurgaon,3.06
55.46,2.0,2.0,1.0,0.0,sector 102,8.0,1.0,0.0,0.0,0.0,0.0,0.0,0.0,1.0,1.0,0.0,1.0,1.0,0.0,0.0,0.0,0.0,0.0,0.0,0.0,super built up,high,new,rof aalayas,gurgaon,0.765
218.32,3.0,3.0,3.0,1.0,sector 52,47.0,1.0,0.0,0.0,0.0,1.0,0.0,1.0,0.0,0.0,0.0,1.0,0.0,1.0,0.0,1.0,1.0,0.0,0.0,1.0,super built up,mid,old,green homes,gurgaon,3.145
83.61,2.0,2.0,3.0,1.0,sector 95,8.0,1.0,0.0,0.0,0.0,0.0,0.0,0.0,0.0,0.0,1.0,0.0,0.0,1.0,0.0,0.0,0.0,0.0,0.0,0.0,super built up,high,new,awho shanti vihar,gurgaon,1.36
144.37,3.0,3.0,3.0,0.0,sector 67,12.0,0.0,0.0,0.0,0.0,0.0,0.0,0.0,0.0,0.0,0.0,1.0,0.0,0.0,0.0,0.0,0.0,0.0,0.0,0.0,super built up,low,old,ansal api esencia,gurgaon,1.7
131.92,3.0,3.0,2.0,0.0,sector 15,49.0,1.0,0.0,0.0,0.0,1.0,0.0,1.0,1.0,0.0,0.0,0.0,0.0,1.0,0.0,1.0,1.0,0.0,0.0,0.0,carpet,low,old,dron apartment,gurgaon,2.125
149.57,2.0,2.0,3.0,1.0,sector 84,10.0,1.0,0.0,0.0,1.0,0.0,1.0,0.0,1.0,1.0,0.0,0.0,1.0,0.0,0.0,0.0,0.0,0.0,0.0,0.0,super built up,low,new,spaze privy at4,gurgaon,2.04
100.43,3.0,2.0,2.0,0.0,sector 33,8.0,1.0,0.0,0.0,0.0,0.0,0.0,0.0,1.0,1.0,1.0,1.0,0.0,0.0,0.0,0.0,0.0,0.0,0.0,0.0,super built up,mid,new,signature global park,sohna,1.4449999999999998
58.06,2.0,2.0,2.0,0.0,sector 33,14.0,1.0,0.0,0.0,0.0,0.0,1.0,1.0,1.0,0.0,1.0,0.0,0.0,0.0,1.0,0.0,0.0,1.0,0.0,0.0,carpet,high,new,breez global hill view,sohna,0.595
83.61204013377927,2.0,2.0,1.0,1.0,sector 88,7.0,1.0,0.0,0.0,0.0,1.0,0.0,0.0,1.0,0.0,0.0,0.0,1.0,0.0,0.0,0.0,0.0,0.0,0.0,0.0,carpet,high,new,godrej oasis,gurgaon,1.9549999999999998
130.44,2.0,2.0,3.0,0.0,sector 91,10.0,1.0,0.0,0.0,0.0,0.0,0.0,0.0,1.0,1.0,0.0,0.0,1.0,0.0,1.0,0.0,0.0,0.0,0.0,0.0,super built up,high,old,tarc maceo,gurgaon,1.632
179.3,3.0,3.0,3.0,1.0,sector 86,15.0,1.0,0.0,0.0,0.0,0.0,0.0,1.0,1.0,1.0,0.0,0.0,0.0,0.0,0.0,0.0,0.0,0.0,0.0,0.0,super built up,high,old,dlf new town heights 2,gurgaon,2.21
265.89,3.0,5.0,3.0,0.0,sector 28,48.0,1.0,0.0,0.0,0.0,1.0,0.0,1.0,0.0,0.0,0.0,1.0,0.0,0.0,0.0,1.0,0.0,0.0,0.0,1.0,super built up,high,old,rose apartment,gurgaon,5.1
139.35,3.0,3.0,2.0,1.0,sector 89,9.0,1.0,0.0,0.0,0.0,0.0,0.0,0.0,1.0,1.0,0.0,0.0,1.0,0.0,0.0,0.0,0.0,0.0,0.0,0.0,super built up,low,new,m3m soulitude,gurgaon,2.21
227.61,4.0,4.0,3.0,1.0,sector 43,45.0,1.0,0.0,0.0,0.0,1.0,0.0,1.0,1.0,0.0,0.0,1.0,0.0,1.0,0.0,1.0,0.0,0.0,0.0,1.0,carpet,mid,old,the rama apartment cghs,gurgaon,4.25
185.81,3.0,3.0,3.0,1.0,sector 77,5.0,0.0,0.0,0.0,0.0,0.0,0.0,0.0,1.0,0.0,0.0,0.0,0.0,0.0,0.0,0.0,0.0,0.0,0.0,0.0,super built up,high,new,emaar palm heights,gurgaon,3.8249999999999997
154.22,3.0,2.0,3.0,1.0,sector 81,9.0,0.0,0.0,0.0,1.0,0.0,0.0,0.0,1.0,0.0,0.0,1.0,1.0,0.0,0.0,0.0,0.0,0.0,0.0,0.0,super built up,low,new,bestech park view ananda,gurgaon,2.465
138.89,2.0,2.0,3.0,1.0,sector 79,11.0,1.0,0.0,0.0,1.0,0.0,1.0,0.0,1.0,1.0,0.0,0.0,1.0,0.0,0.0,0.0,0.0,0.0,1.0,0.0,super built up,high,new,godrej aria,gurgaon,2.465
155.33,3.0,3.0,2.0,0.0,sector 76,11.0,1.0,0.0,0.0,0.0,0.0,1.0,0.0,1.0,1.0,0.0,1.0,0.0,0.0,0.0,0.0,0.0,0.0,0.0,0.0,super built up,mid,mid aged,whiteland blissville,gurgaon,3.23
59.46,3.0,3.0,1.0,0.0,sector 92,4.0,1.0,0.0,0.0,0.0,0.0,0.0,0.0,1.0,0.0,0.0,0.0,0.0,0.0,1.0,0.0,0.0,0.0,0.0,0.0,carpet,high,new,gls avenue 51,gurgaon,0.85
140.1,3.0,2.0,3.0,0.0,sector 68,10.0,1.0,0.0,0.0,1.0,0.0,1.0,0.0,1.0,1.0,0.0,0.0,0.0,0.0,1.0,0.0,0.0,0.0,0.0,0.0,super built up,high,new,m3m the marina,gurgaon,2.465
102.47,2.0,2.0,2.0,1.0,sector 89,14.0,1.0,0.0,0.0,1.0,0.0,1.0,0.0,1.0,0.0,1.0,1.0,1.0,0.0,1.0,0.0,0.0,0.0,0.0,0.0,built up,mid,new,smart world gems,gurgaon,1.785
465.44,5.0,6.0,3.0,1.0,sector 57,5.0,0.0,0.0,0.0,0.0,0.0,0.0,0.0,1.0,0.0,0.0,0.0,0.0,0.0,0.0,0.0,0.0,0.0,0.0,1.0,built up,high,old,bptp freedom park life,gurgaon,9.35
106.84,3.0,3.0,2.0,0.0,sector 7,50.0,1.0,0.0,0.0,0.0,0.0,0.0,1.0,1.0,0.0,0.0,0.0,0.0,0.0,0.0,0.0,0.0,0.0,0.0,1.0,built up,low,under construction,shyam apartment,gurgaon,1.122
212.75,3.0,4.0,3.0,1.0,sector 104,13.0,1.0,0.0,0.0,1.0,0.0,1.0,0.0,1.0,1.0,0.0,1.0,1.0,0.0,1.0,0.0,1.0,0.0,0.0,0.0,carpet,high,new,ats triumph,gurgaon,3.9099999999999997
181.16,3.0,5.0,3.0,1.0,sector 70,15.0,1.0,0.0,0.0,1.0,0.0,1.0,1.0,0.0,0.0,0.0,0.0,0.0,1.0,0.0,0.0,0.0,0.0,0.0,0.0,super built up,mid,new,shree vardhman victoria,gurgaon,2.975
153.29,3.0,3.0,3.0,0.0,sector 102,10.0,1.0,0.0,0.0,1.0,0.0,1.0,0.0,1.0,1.0,0.0,0.0,1.0,0.0,0.0,0.0,0.0,0.0,0.0,0.0,super built up,high,new,emaar gurgaon greens,gurgaon,2.72
240.43,3.0,3.0,3.0,1.0,sector 62,11.0,1.0,0.0,0.0,1.0,0.0,1.0,0.0,1.0,1.0,0.0,1.0,0.0,0.0,0.0,0.0,0.0,0.0,0.0,0.0,carpet,high,new,emaar digihomes,gurgaon,6.715
85.94,2.0,2.0,1.0,0.0,sector 37,4.0,1.0,0.0,0.0,1.0,0.0,0.0,0.0,1.0,0.0,0.0,0.0,0.0,0.0,0.0,0.0,0.0,0.0,0.0,0.0,built up,high,new,apex our homes,gurgaon,0.646
47788.95,2.0,2.0,1.0,0.0,sector 107,3.0,0.0,0.0,0.0,0.0,0.0,0.0,0.0,0.0,1.0,0.0,0.0,1.0,0.0,0.0,0.0,0.0,0.0,0.0,0.0,carpet,low,new,signature global solera 2,gurgaon,0.867
62.25,2.0,2.0,2.0,1.0,sector 95,12.0,0.0,0.0,0.0,1.0,0.0,0.0,0.0,1.0,1.0,0.0,0.0,1.0,1.0,1.0,0.0,0.0,0.0,0.0,0.0,built up,high,new,signature the roselia,gurgaon,0.714
1.8765999999999998,4.0,4.0,3.0,0.0,sector 92,8.0,1.0,0.0,0.0,0.0,0.0,0.0,0.0,0.0,0.0,0.0,0.0,0.0,1.0,0.0,0.0,0.0,0.0,0.0,0.0,super built up,high,new,sare crescent parc royal greens phase 1,gurgaon,1.7
65.03,3.0,3.0,2.0,0.0,sector 37,12.0,1.0,0.0,0.0,1.0,0.0,1.0,0.0,1.0,1.0,1.0,0.0,1.0,0.0,1.0,0.0,0.0,1.0,0.0,0.0,carpet,low,mid aged,signature global the millennia 3,gurgaon,0.85
123.19,3.0,2.0,2.0,0.0,sector 92,8.0,1.0,0.0,0.0,0.0,0.0,0.0,0.0,0.0,0.0,0.0,0.0,0.0,1.0,0.0,0.0,0.0,0.0,0.0,0.0,carpet,low,new,sare crescent parc,gurgaon,1.36
163.51,3.0,3.0,2.0,1.0,sector 37,8.0,1.0,0.0,0.0,1.0,1.0,0.0,0.0,1.0,0.0,0.0,0.0,1.0,0.0,0.0,0.0,0.0,0.0,0.0,0.0,super built up,high,new,imperia the esfera,gurgaon,1.462
157.01,3.0,2.0,1.0,0.0,sector 86,4.0,1.0,0.0,0.0,1.0,0.0,0.0,0.0,1.0,0.0,0.0,0.0,1.0,0.0,0.0,0.0,0.0,0.0,0.0,0.0,super built up,low,new,ansal heights 86,gurgaon,2.125
312.43,3.0,3.0,3.0,1.0,sector 65,9.0,1.0,0.0,0.0,1.0,0.0,1.0,0.0,1.0,1.0,0.0,1.0,0.0,0.0,1.0,0.0,1.0,0.0,0.0,0.0,super built up,high,old,m3m golfestate,gurgaon,10.030000000000001
153.29,3.0,2.0,2.0,1.0,sector 31,49.0,1.0,0.0,0.0,0.0,1.0,0.0,1.0,1.0,0.0,0.0,0.0,0.0,1.0,0.0,1.0,0.0,0.0,0.0,1.0,super built up,low,old,raheja teachers apartments,gurgaon,2.04
135.36,2.0,2.0,3.0,1.0,sector 33,7.0,1.0,0.0,0.0,0.0,0.0,0.0,0.0,1.0,0.0,0.0,0.0,1.0,0.0,0.0,0.0,0.0,0.0,0.0,0.0,super built up,high,mid aged,eldeco accolade,sohna,1.632
181.16,3.0,3.0,2.0,1.0,sector 66,14.0,1.0,0.0,0.0,0.0,0.0,1.0,0.0,1.0,1.0,0.0,1.0,0.0,0.0,0.0,0.0,0.0,1.0,0.0,0.0,super built up,high,new,emaar mgf the palm drive,gurgaon,4.76
60.39,2.0,2.0,2.0,0.0,sector 33,6.0,0.0,0.0,0.0,0.0,0.0,0.0,0.0,0.0,1.0,0.0,0.0,1.0,0.0,0.0,0.0,1.0,0.0,0.0,0.0,super built up,high,new,gls arawali homes,sohna,0.47600000000000003
157.19,3.0,3.0,2.0,0.0,sector 102,13.0,1.0,0.0,0.0,1.0,1.0,0.0,0.0,1.0,1.0,0.0,0.0,1.0,0.0,1.0,0.0,0.0,1.0,0.0,0.0,super built up,low,new,shapoorji pallonji joyville gurugram,gurgaon,3.4509999999999996
119.84,3.0,3.0,3.0,1.0,sector 9,49.0,1.0,0.0,0.0,0.0,0.0,0.0,1.0,1.0,0.0,1.0,0.0,0.0,0.0,0.0,1.0,0.0,0.0,0.0,1.0,carpet,mid,old,the new crpf apartments,gurgaon,1.275
176.52,4.0,3.0,3.0,0.0,sector 70,12.0,0.0,0.0,0.0,1.0,0.0,1.0,0.0,1.0,1.0,1.0,1.0,0.0,0.0,0.0,0.0,1.0,0.0,0.0,0.0,carpet,low,new,bptp astaire gardens,gurgaon,2.8899999999999997
139.35,2.0,2.0,3.0,1.0,sector 112,8.0,1.0,0.0,0.0,0.0,0.0,1.0,0.0,1.0,1.0,1.0,0.0,1.0,0.0,0.0,0.0,0.0,0.0,0.0,0.0,carpet,high,new,experion windchants,gurgaon,5.27
83.61,2.0,2.0,2.0,0.0,sector 99,8.0,0.0,0.0,0.0,1.0,0.0,0.0,0.0,1.0,1.0,0.0,1.0,1.0,0.0,0.0,0.0,0.0,0.0,0.0,0.0,super built up,high,new,pivotal riddhi siddhi,gurgaon,0.68
134.15,2.0,2.0,2.0,0.0,sector 3,11.0,1.0,0.0,0.0,1.0,0.0,1.0,0.0,1.0,1.0,0.0,1.0,1.0,0.0,1.0,0.0,0.0,0.0,0.0,0.0,carpet,mid,mid aged,godrej habitat,gurgaon,2.21
53.51,2.0,2.0,2.0,0.0,sector 33,6.0,0.0,0.0,0.0,0.0,0.0,0.0,0.0,0.0,1.0,0.0,0.0,1.0,0.0,0.0,0.0,1.0,0.0,0.0,0.0,carpet,mid,new,gls arawali homes,sohna,0.442
52.95,2.0,2.0,1.0,0.0,sector 33,10.0,0.0,0.0,0.0,0.0,0.0,0.0,1.0,0.0,0.0,0.0,0.0,0.0,0.0,0.0,0.0,0.0,0.0,0.0,1.0,super built up,high,new,mvn athens,sohna,0.408
74.32,2.0,2.0,1.0,0.0,sector 67,7.0,1.0,0.0,0.0,1.0,0.0,1.0,0.0,1.0,0.0,0.0,1.0,0.0,0.0,0.0,0.0,0.0,1.0,0.0,0.0,carpet,high,new,shree vardhman mantra,gurgaon,0.9520000000000001
273.41,4.0,5.0,3.0,1.0,sector 31,14.0,1.0,0.0,0.0,1.0,1.0,1.0,0.0,1.0,1.0,0.0,1.0,0.0,0.0,0.0,0.0,0.0,0.0,0.0,0.0,super built up,low,new,raheja atlantis,gurgaon,9.35
217.76,4.0,4.0,3.0,1.0,sector 91,8.0,1.0,0.0,0.0,0.0,0.0,1.0,0.0,1.0,1.0,0.0,1.0,0.0,0.0,0.0,0.0,0.0,0.0,0.0,0.0,carpet,mid,old,dlf new town heights,gurgaon,3.06
179.21,3.0,3.0,1.0,1.0,sector 86,10.0,0.0,0.0,0.0,1.0,0.0,0.0,0.0,1.0,1.0,0.0,0.0,0.0,0.0,1.0,0.0,0.0,0.0,0.0,0.0,super built up,high,new,dlf the skycourt,gurgaon,2.72
137.31,2.0,2.0,1.0,1.0,sector 111,7.0,1.0,0.0,0.0,1.0,0.0,1.0,0.0,1.0,1.0,0.0,0.0,1.0,0.0,0.0,0.0,0.0,0.0,0.0,0.0,super built up,mid,mid aged,tashee capital gateway,gurgaon,1.632
135.36,3.0,2.0,2.0,0.0,sector 109,15.0,1.0,0.0,0.0,0.0,0.0,0.0,0.0,1.0,0.0,0.0,0.0,1.0,0.0,0.0,0.0,0.0,0.0,0.0,0.0,super built up,low,new,raheja atharva,gurgaon,1.343
92.9,3.0,2.0,1.0,0.0,sector 4,50.0,1.0,0.0,0.0,0.0,0.0,0.0,1.0,1.0,0.0,0.0,0.0,0.0,1.0,0.0,1.0,0.0,0.0,0.0,0.0,super built up,low,new,builder floor,gurgaon,1.02
57.88,2.0,2.0,2.0,0.0,sector 33,10.0,1.0,0.0,0.0,1.0,0.0,1.0,0.0,1.0,1.0,0.0,0.0,0.0,0.0,1.0,0.0,0.0,1.0,0.0,0.0,super built up,low,new,breez global heights,sohna,0.714
188.96,3.0,3.0,3.0,0.0,sector 63,13.0,1.0,0.0,0.0,1.0,0.0,1.0,0.0,1.0,1.0,0.0,1.0,0.0,0.0,1.0,0.0,0.0,1.0,0.0,0.0,super built up,low,new,adani brahma samsara vilasa,gurgaon,5.695
399.48,3.0,4.0,3.0,0.0,sector 48,42.0,1.0,0.0,0.0,0.0,0.0,1.0,1.0,0.0,0.0,0.0,0.0,0.0,0.0,0.0,0.0,1.0,0.0,0.0,0.0,carpet,high,old,central park 2 bellevue,gurgaon,8.5
90.12,3.0,2.0,2.0,0.0,sector 70,8.0,1.0,0.0,0.0,0.0,0.0,1.0,0.0,1.0,1.0,0.0,1.0,0.0,0.0,0.0,0.0,0.0,0.0,0.0,0.0,carpet,low,old,tulip orange,gurgaon,1.7
237.55,3.0,4.0,3.0,0.0,sector 48,42.0,1.0,0.0,0.0,0.0,0.0,1.0,1.0,0.0,0.0,0.0,0.0,0.0,0.0,0.0,0.0,1.0,0.0,0.0,0.0,super built up,low,old,central park 2 bellevue,gurgaon,4.675
128.3,2.0,2.0,2.0,0.0,sector 108,13.0,1.0,0.0,0.0,0.0,0.0,1.0,0.0,1.0,1.0,0.0,0.0,1.0,0.0,0.0,0.0,0.0,0.0,1.0,0.0,super built up,high,new,sobha city,gurgaon,4.08
83.61204013377927,3.0,3.0,3.0,1.0,sector 63,12.0,1.0,0.0,0.0,0.0,0.0,0.0,0.0,1.0,1.0,1.0,1.0,1.0,0.0,1.0,0.0,1.0,0.0,0.0,0.0,carpet,mid,mid aged,birla navya,gurgaon,5.3549999999999995
136.1,2.0,2.0,3.0,1.0,sector 33,6.0,1.0,0.0,0.0,0.0,0.0,0.0,0.0,1.0,1.0,0.0,0.0,0.0,0.0,0.0,0.0,0.0,0.0,0.0,0.0,super built up,low,new,ashiana mulberry,sohna,1.615
83.61204013377927,3.0,2.0,3.0,0.0,sector 33,8.0,1.0,0.0,0.0,1.0,0.0,0.0,0.0,1.0,1.0,0.0,0.0,0.0,0.0,0.0,0.0,0.0,0.0,0.0,0.0,super built up,high,new,godrej nature plus,sohna,2.38
147.72,3.0,3.0,3.0,0.0,sector 33,15.0,1.0,0.0,0.0,0.0,0.0,1.0,0.0,1.0,1.0,0.0,0.0,0.0,0.0,1.0,0.0,1.0,0.0,0.0,0.0,super built up,low,new,central park flower valley,sohna,3.655
215.54,3.0,3.0,3.0,1.0,sector 91,10.0,1.0,0.0,0.0,0.0,0.0,0.0,0.0,1.0,1.0,0.0,0.0,1.0,0.0,1.0,0.0,0.0,0.0,0.0,0.0,carpet,high,new,tarc maceo,gurgaon,3.06
48.77,2.0,2.0,2.0,0.0,sector 99,15.0,1.0,0.0,0.0,0.0,0.0,0.0,1.0,1.0,0.0,1.0,0.0,1.0,1.0,0.0,1.0,0.0,1.0,1.0,0.0,carpet,mid,new,pareena laxmi apartments,gurgaon,0.527
121.24,3.0,3.0,2.0,0.0,sector 37,12.0,1.0,0.0,0.0,0.0,0.0,1.0,0.0,1.0,0.0,0.0,0.0,1.0,0.0,0.0,1.0,0.0,0.0,0.0,0.0,carpet,low,mid aged,signature global city 37d ph 2,gurgaon,1.819
135.36,3.0,2.0,3.0,0.0,sector 33,7.0,1.0,0.0,0.0,0.0,0.0,0.0,0.0,1.0,0.0,0.0,0.0,1.0,0.0,0.0,0.0,0.0,0.0,0.0,0.0,super built up,high,new,eldeco accolade,sohna,1.87
91.79,2.0,2.0,2.0,0.0,sector 50,45.0,1.0,0.0,0.0,0.0,1.0,1.0,1.0,1.0,0.0,0.0,0.0,0.0,0.0,0.0,1.0,0.0,1.0,0.0,0.0,carpet,low,old,woodstock floors,gurgaon,1.785
63.27,2.0,2.0,1.0,0.0,sector 33,10.0,0.0,0.0,0.0,0.0,0.0,0.0,1.0,0.0,0.0,0.0,0.0,0.0,0.0,0.0,0.0,0.0,0.0,0.0,1.0,built up,high,new,mvn athens,sohna,0.425
78.97,2.0,2.0,2.0,0.0,sector 89,3.0,0.0,0.0,0.0,0.0,0.0,0.0,0.0,0.0,0.0,1.0,0.0,0.0,1.0,0.0,0.0,0.0,0.0,0.0,0.0,super built up,low,new,adani aangan galleria,gurgaon,0.714
117.06,2.0,2.0,2.0,0.0,sector 63,12.0,1.0,0.0,0.0,0.0,0.0,0.0,0.0,1.0,1.0,1.0,1.0,1.0,0.0,1.0,0.0,1.0,0.0,0.0,0.0,carpet,low,mid aged,birla navya,gurgaon,3.57
298.4,1.0,1.0,1.0,0.0,sector 95,5.0,1.0,0.0,0.0,0.0,0.0,0.0,0.0,0.0,0.0,0.0,0.0,0.0,1.0,0.0,0.0,0.0,0.0,0.0,0.0,carpet,high,new,ramsons kshitij,gurgaon,0.323
213.68,4.0,4.0,3.0,0.0,sector 51,47.0,1.0,0.0,0.0,0.0,0.0,0.0,1.0,1.0,0.0,0.0,0.0,0.0,1.0,0.0,1.0,0.0,1.0,0.0,1.0,built up,low,new,the arzoo cghs,gurgaon,3.57
189.52,4.0,4.0,3.0,0.0,sector 92,8.0,1.0,0.0,0.0,0.0,0.0,0.0,0.0,0.0,0.0,0.0,0.0,0.0,1.0,0.0,0.0,0.0,0.0,0.0,0.0,carpet,high,new,sare crescent parc,gurgaon,2.448
133.41,3.0,3.0,2.0,0.0,sector 92,8.0,1.0,0.0,0.0,0.0,0.0,0.0,0.0,0.0,0.0,0.0,0.0,0.0,1.0,0.0,0.0,0.0,0.0,0.0,0.0,carpet,mid,new,sare crescent parc,gurgaon,1.2069999999999999
36.6,1.0,1.0,1.0,0.0,sector 33,10.0,1.0,0.0,0.0,1.0,0.0,1.0,0.0,1.0,1.0,0.0,0.0,0.0,0.0,1.0,0.0,0.0,1.0,0.0,0.0,carpet,low,new,breez global heights,sohna,0.357
169.73,3.0,3.0,3.0,0.0,sector 102,13.0,1.0,0.0,0.0,1.0,1.0,0.0,0.0,1.0,1.0,0.0,0.0,1.0,0.0,1.0,0.0,0.0,1.0,0.0,0.0,super built up,high,mid aged,shapoorji pallonji joyville gurugram,gurgaon,4.25
62.25,2.0,2.0,2.0,0.0,sector 95,12.0,0.0,0.0,0.0,1.0,0.0,0.0,0.0,1.0,1.0,0.0,0.0,1.0,1.0,1.0,0.0,0.0,0.0,0.0,0.0,built up,high,new,signature the roselia,gurgaon,0.714
110.0,3.0,1.0,3.0,0.0,sector 92,8.0,1.0,0.0,0.0,0.0,0.0,0.0,0.0,0.0,0.0,0.0,0.0,0.0,1.0,0.0,0.0,0.0,0.0,0.0,0.0,carpet,low,old,sare homes,gurgaon,0.9520000000000001
240.43,3.0,3.0,3.0,1.0,sector 1,11.0,1.0,0.0,0.0,0.0,0.0,0.0,0.0,0.0,0.0,0.0,0.0,0.0,1.0,0.0,0.0,0.0,0.0,0.0,1.0,super built up,low,old,hsiidc sidco aravali,manesar,1.53
166.3,3.0,3.0,3.0,0.0,sector 81,9.0,0.0,0.0,0.0,1.0,0.0,0.0,0.0,1.0,0.0,0.0,1.0,1.0,0.0,0.0,0.0,0.0,0.0,0.0,0.0,carpet,high,old,bestech park view ananda,gurgaon,2.295
167.78,3.0,3.0,3.0,0.0,sector 113,18.0,1.0,0.0,0.0,0.0,0.0,0.0,0.0,1.0,0.0,0.0,1.0,0.0,0.0,0.0,1.0,0.0,0.0,0.0,0.0,built up,high,under construction,smartworld one dxp,gurgaon,3.4
162.58,4.0,4.0,2.0,1.0,sector 92,8.0,1.0,0.0,0.0,0.0,0.0,0.0,0.0,0.0,0.0,0.0,0.0,0.0,1.0,0.0,0.0,0.0,0.0,0.0,0.0,super built up,low,old,sare crescent parc,gurgaon,1.4789999999999999
131.92,2.0,2.0,3.0,0.0,sector 70,15.0,1.0,0.0,0.0,1.0,0.0,1.0,0.0,1.0,1.0,0.0,0.0,0.0,0.0,1.0,0.0,0.0,1.0,0.0,0.0,super built up,high,old,paras irene,gurgaon,2.21
62.25,2.0,2.0,2.0,0.0,sector 95,12.0,0.0,0.0,0.0,1.0,0.0,0.0,0.0,1.0,1.0,0.0,0.0,1.0,1.0,1.0,0.0,0.0,0.0,0.0,0.0,carpet,mid,new,signature the roselia,gurgaon,0.816
126.91,2.0,2.0,3.0,0.0,sector 107,6.0,0.0,0.0,0.0,0.0,0.0,0.0,0.0,1.0,1.0,0.0,0.0,0.0,0.0,0.0,0.0,0.0,0.0,0.0,0.0,super built up,low,old,m3m woodshire,gurgaon,1.5979999999999999
101.73,2.0,2.0,2.0,0.0,sector 69,42.0,1.0,0.0,0.0,0.0,1.0,1.0,1.0,0.0,0.0,0.0,0.0,0.0,0.0,0.0,1.0,0.0,1.0,0.0,0.0,super built up,mid,mid aged,unitech sunbreeze,gurgaon,1.275
59.37,2.0,2.0,1.0,0.0,sector 71,15.0,1.0,0.0,0.0,0.0,0.0,1.0,1.0,1.0,1.0,0.0,0.0,0.0,1.0,0.0,0.0,0.0,0.0,0.0,0.0,super built up,high,new,signature andour heights,gurgaon,1.105
167.13,3.0,3.0,3.0,0.0,sector 33,15.0,0.0,0.0,0.0,0.0,0.0,1.0,1.0,1.0,0.0,0.0,0.0,0.0,1.0,1.0,0.0,0.0,0.0,0.0,1.0,super built up,mid,new,central park flower valley aqua front towers,sohna,2.8899999999999997
74.32,3.0,2.0,1.0,0.0,sector 7,50.0,1.0,0.0,0.0,0.0,0.0,0.0,1.0,1.0,0.0,0.0,0.0,0.0,0.0,0.0,0.0,0.0,0.0,0.0,1.0,carpet,low,new,rwa,gurgaon,0.816
102.19,2.0,2.0,1.0,0.0,sector 23,24.0,0.0,0.0,0.0,0.0,1.0,0.0,0.0,0.0,0.0,0.0,0.0,0.0,0.0,0.0,1.0,0.0,0.0,0.0,1.0,super built up,low,old,radhakrishna society,gurgaon,0.935
64.38,1.0,1.0,0.0,0.0,sector 63,10.0,1.0,0.0,0.0,1.0,0.0,1.0,0.0,1.0,1.0,0.0,1.0,0.0,0.0,0.0,0.0,0.0,1.0,0.0,0.0,built up,mid,under construction,aipl joy square,gurgaon,1.19
97.55,2.0,2.0,2.0,0.0,sector 63,13.0,1.0,0.0,0.0,0.0,0.0,1.0,0.0,1.0,1.0,0.0,1.0,0.0,0.0,1.0,0.0,1.0,1.0,0.0,0.0,carpet,low,mid aged,signature global city 63a,gurgaon,2.635
47.38,1.0,1.0,2.0,0.0,sector 51,45.0,1.0,0.0,0.0,0.0,0.0,1.0,1.0,0.0,0.0,0.0,0.0,0.0,0.0,0.0,1.0,0.0,0.0,0.0,0.0,super built up,low,old,housing board colony,gurgaon,0.51
115.66,2.0,2.0,2.0,0.0,sector 83,10.0,0.0,0.0,0.0,1.0,0.0,0.0,0.0,1.0,1.0,0.0,1.0,1.0,0.0,0.0,0.0,0.0,0.0,0.0,0.0,super built up,low,old,vatika gurgaon 21,gurgaon,1.4789999999999999
120.4,2.0,2.0,2.0,0.0,sector 67,12.0,0.0,0.0,0.0,1.0,0.0,1.0,0.0,1.0,1.0,0.0,1.0,0.0,0.0,1.0,0.0,0.0,0.0,0.0,0.0,built up,high,under construction,ireo the corridors,gurgaon,2.21
325.16,4.0,4.0,2.0,1.0,sector 82,6.0,1.0,0.0,0.0,0.0,0.0,0.0,0.0,0.0,0.0,0.0,0.0,0.0,1.0,0.0,0.0,0.0,0.0,0.0,0.0,carpet,mid,under construction,dlf 76,gurgaon,6.8
199.74,3.0,3.0,3.0,1.0,sector 89,6.0,1.0,0.0,0.0,1.0,0.0,0.0,0.0,1.0,1.0,0.0,0.0,1.0,0.0,0.0,0.0,0.0,0.0,0.0,0.0,super built up,high,new,ats marigold,gurgaon,3.145
181.16,3.0,5.0,0.0,0.0,sector 70,15.0,1.0,0.0,0.0,1.0,0.0,1.0,1.0,0.0,0.0,0.0,0.0,0.0,1.0,0.0,0.0,0.0,0.0,0.0,0.0,built up,high,under construction,shree vardhman victoria,gurgaon,2.975
268.95,3.0,4.0,3.0,0.0,sector 53,15.0,0.0,0.0,0.0,1.0,0.0,1.0,0.0,1.0,1.0,0.0,1.0,0.0,0.0,0.0,0.0,0.0,1.0,0.0,0.0,built up,high,new,parsvnath exotica,gurgaon,8.16
144.65,3.0,2.0,3.0,0.0,sector 33,8.0,1.0,0.0,0.0,1.0,0.0,0.0,0.0,1.0,1.0,0.0,0.0,0.0,0.0,0.0,0.0,0.0,0.0,0.0,0.0,super built up,high,new,godrej nature plus,sohna,2.21
133.32,3.0,3.0,3.0,0.0,sector 37,8.0,1.0,0.0,0.0,1.0,1.0,0.0,0.0,1.0,0.0,0.0,0.0,1.0,0.0,0.0,0.0,0.0,0.0,0.0,0.0,built up,high,under construction,imperia the esfera,gurgaon,1.53
260.22,4.0,4.0,3.0,0.0,sector 54,45.0,1.0,0.0,0.0,0.0,1.0,0.0,1.0,0.0,0.0,0.0,1.0,0.0,1.0,0.0,1.0,1.0,0.0,0.0,0.0,built up,high,under construction,dlf icon,gurgaon,9.86
117.24,2.0,2.0,2.0,0.0,sector 70,14.0,1.0,0.0,0.0,0.0,0.0,1.0,1.0,0.0,0.0,0.0,0.0,0.0,0.0,0.0,1.0,0.0,0.0,0.0,0.0,built up,high,under construction,aipl zen residences,gurgaon,2.38
111.48,2.0,2.0,0.0,0.0,sector 71,15.0,1.0,1.0,0.0,0.0,0.0,1.0,1.0,0.0,1.0,0.0,0.0,0.0,0.0,1.0,0.0,1.0,0.0,0.0,0.0,built up,mid,under construction,chd avenue 71,gurgaon,1.615
144.65,3.0,2.0,3.0,0.0,sector 33,8.0,1.0,0.0,0.0,1.0,0.0,0.0,0.0,1.0,1.0,0.0,0.0,0.0,0.0,0.0,0.0,0.0,0.0,0.0,0.0,super built up,high,new,godrej nature plus,sohna,2.295
157.01,3.0,2.0,1.0,0.0,sector 86,4.0,1.0,0.0,0.0,1.0,0.0,0.0,0.0,1.0,0.0,0.0,0.0,1.0,0.0,0.0,0.0,0.0,0.0,0.0,0.0,carpet,mid,new,ansal heights 86,gurgaon,1.615
125.6,2.0,2.0,3.0,1.0,sector 90,10.0,1.0,0.0,0.0,1.0,0.0,1.0,0.0,1.0,1.0,0.0,0.0,1.0,0.0,1.0,0.0,0.0,0.0,0.0,0.0,super built up,high,new,shree vardhman flora,gurgaon,1.19
258.18,4.0,5.0,3.0,1.0,sector 108,9.0,1.0,0.0,0.0,1.0,0.0,1.0,0.0,1.0,1.0,0.0,0.0,1.0,0.0,0.0,0.0,0.0,0.0,0.0,0.0,super built up,low,new,experion the heartsong,gurgaon,5.1
44.04,1.0,1.0,1.0,0.0,sector 33,5.0,0.0,0.0,0.0,0.0,0.0,0.0,0.0,0.0,0.0,0.0,0.0,0.0,0.0,0.0,0.0,0.0,0.0,0.0,1.0,built up,low,new,hcbs sports ville,sohna,0.34
92.9,2.0,2.0,3.0,0.0,sector 92,8.0,1.0,0.0,0.0,0.0,0.0,0.0,0.0,0.0,0.0,0.0,0.0,0.0,1.0,0.0,0.0,0.0,0.0,0.0,0.0,super built up,low,old,sare crescent parc,gurgaon,0.85
154.68,3.0,3.0,2.0,0.0,sector 113,8.0,1.0,0.0,0.0,1.0,0.0,0.0,0.0,1.0,1.0,1.0,1.0,1.0,0.0,0.0,0.0,0.0,0.0,0.0,0.0,super built up,high,mid aged,m3m capital,gurgaon,3.4
162.58,3.0,3.0,3.0,1.0,sector 89,6.0,1.0,0.0,0.0,1.0,0.0,0.0,0.0,1.0,1.0,0.0,0.0,1.0,0.0,0.0,0.0,0.0,0.0,0.0,0.0,carpet,high,under construction,ats marigold,gurgaon,2.8899999999999997
67.45,2.0,2.0,2.0,0.0,sector 36,7.0,1.0,0.0,0.0,0.0,0.0,0.0,0.0,0.0,0.0,0.0,0.0,0.0,1.0,0.0,0.0,0.0,0.0,0.0,0.0,super built up,mid,new,avl 36 gurgaon,gurgaon,1.105
367.52,4.0,4.0,3.0,0.0,sector 63,10.0,1.0,0.0,0.0,0.0,0.0,1.0,1.0,0.0,0.0,0.0,0.0,0.0,0.0,0.0,1.0,0.0,0.0,0.0,1.0,built up,high,under construction,dlf the arbour,gurgaon,12.783999999999999
213.49,4.0,4.0,3.0,1.0,sector 113,8.0,1.0,0.0,0.0,1.0,0.0,0.0,0.0,1.0,1.0,1.0,1.0,1.0,0.0,0.0,0.0,0.0,0.0,0.0,0.0,carpet,low,new,m3m capital,gurgaon,4.8790000000000004
83.61204013377927,2.0,2.0,3.0,0.0,sector 33,8.0,1.0,0.0,0.0,1.0,0.0,0.0,0.0,1.0,1.0,0.0,0.0,0.0,0.0,0.0,0.0,0.0,0.0,0.0,0.0,carpet,low,new,godrej nature plus,sohna,2.04
55.74,2.0,1.0,1.0,0.0,sector 69,33.0,1.0,0.0,0.0,0.0,1.0,1.0,1.0,0.0,0.0,0.0,0.0,0.0,0.0,0.0,1.0,0.0,0.0,0.0,0.0,carpet,high,new,tulip lemon,gurgaon,1.02
181.16,3.0,5.0,3.0,0.0,sector 70,15.0,1.0,0.0,0.0,1.0,0.0,1.0,1.0,0.0,0.0,0.0,0.0,0.0,1.0,0.0,0.0,0.0,0.0,0.0,0.0,carpet,high,new,shree vardhman victoria,gurgaon,3.06
55.56,2.0,2.0,1.0,0.0,sector 81,10.0,1.0,0.0,0.0,1.0,0.0,0.0,0.0,1.0,0.0,0.0,0.0,1.0,0.0,1.0,0.0,0.0,0.0,0.0,0.0,super built up,high,new,signature global synera,gurgaon,0.816
321.63,3.0,4.0,3.0,1.0,sector 28,48.0,1.0,0.0,0.0,0.0,0.0,1.0,1.0,0.0,0.0,0.0,1.0,0.0,0.0,0.0,1.0,0.0,0.0,0.0,1.0,super built up,mid,old,sahara grace,gurgaon,7.31
102.47,2.0,2.0,2.0,1.0,sector 89,14.0,1.0,0.0,0.0,1.0,0.0,1.0,0.0,1.0,0.0,1.0,1.0,1.0,0.0,1.0,0.0,0.0,0.0,0.0,0.0,super built up,low,new,smart world gems,gurgaon,1.53
199.74,3.0,3.0,3.0,0.0,sector 70,14.0,1.0,0.0,0.0,0.0,0.0,1.0,1.0,0.0,0.0,0.0,0.0,0.0,0.0,0.0,1.0,0.0,0.0,0.0,0.0,built up,high,under construction,aipl peaceful homes,gurgaon,4.675
157.94,3.0,3.0,3.0,0.0,sector 70,12.0,0.0,0.0,0.0,1.0,0.0,1.0,0.0,1.0,1.0,1.0,1.0,0.0,0.0,0.0,0.0,1.0,0.0,0.0,0.0,super built up,low,new,bptp astaire gardens,gurgaon,2.04
65.03,1.0,1.0,1.0,0.0,sector 106,5.0,0.0,0.0,0.0,0.0,0.0,0.0,0.0,0.0,1.0,1.0,1.0,1.0,0.0,0.0,0.0,0.0,0.0,0.0,0.0,carpet,high,new,viridian the plaza 106,gurgaon,0.782
120.31,3.0,3.0,2.0,0.0,sector 37,10.0,1.0,0.0,0.0,1.0,0.0,1.0,0.0,1.0,1.0,0.0,0.0,1.0,0.0,1.0,0.0,0.0,0.0,0.0,0.0,carpet,low,new,signature global city,gurgaon,1.87
115.66,2.0,2.0,3.0,0.0,sector 68,15.0,1.0,0.0,0.0,1.0,0.0,1.0,0.0,1.0,1.0,0.0,1.0,1.0,0.0,1.0,0.0,0.0,1.0,0.0,0.0,super built up,high,new,pareena mi casa,gurgaon,1.9549999999999998
42.9,1.0,1.0,0.0,1.0,sector 52,44.0,1.0,0.0,0.0,0.0,0.0,0.0,1.0,1.0,0.0,0.0,1.0,0.0,1.0,0.0,1.0,0.0,0.0,0.0,1.0,carpet,low,old,huda housing board society,gurgaon,0.765
49.33,2.0,2.0,1.0,0.0,sector 33,7.0,1.0,0.0,0.0,1.0,0.0,0.0,0.0,1.0,1.0,0.0,0.0,0.0,0.0,1.0,0.0,0.0,0.0,0.0,0.0,carpet,high,new,signature the serenas,sohna,0.765
67.82,2.0,2.0,0.0,0.0,sector 93,8.0,0.0,0.0,0.0,1.0,0.0,0.0,0.0,1.0,1.0,0.0,0.0,0.0,0.0,0.0,0.0,0.0,0.0,0.0,0.0,built up,high,under construction,signature global orchard avenue,gurgaon,0.68
83.61,2.0,2.0,2.0,0.0,sector 33,13.0,1.0,0.0,0.0,0.0,1.0,1.0,1.0,1.0,0.0,0.0,1.0,1.0,0.0,0.0,1.0,1.0,0.0,0.0,0.0,built up,low,under construction,trisara our homes 3,sohna,0.68
133.13,2.0,2.0,3.0,0.0,sector 65,11.0,1.0,0.0,0.0,1.0,0.0,1.0,0.0,1.0,1.0,0.0,1.0,1.0,0.0,1.0,0.0,0.0,0.0,0.0,0.0,carpet,mid,mid aged,m3m heights,gurgaon,3.8249999999999997
315.87,3.0,3.0,3.0,0.0,sector 63,13.0,1.0,0.0,0.0,1.0,0.0,1.0,0.0,1.0,1.0,0.0,1.0,0.0,0.0,1.0,0.0,0.0,1.0,0.0,0.0,super built up,low,new,adani brahma samsara vilasa,gurgaon,5.779999999999999
167.23,4.0,3.0,0.0,0.0,sector 82,7.0,1.0,0.0,0.0,1.0,0.0,0.0,0.0,1.0,0.0,0.0,0.0,1.0,0.0,0.0,0.0,0.0,0.0,0.0,0.0,built up,low,under construction,vatika independent floors,gurgaon,2.465
102.19,2.0,3.0,0.0,0.0,sector 69,10.0,1.0,0.0,0.0,1.0,0.0,1.0,0.0,1.0,1.0,0.0,0.0,0.0,0.0,1.0,0.0,0.0,0.0,0.0,0.0,built up,high,under construction,tulip violet,gurgaon,2.04
117.15,2.0,2.0,3.0,0.0,sector 65,11.0,1.0,0.0,0.0,1.0,0.0,1.0,0.0,1.0,1.0,0.0,1.0,1.0,0.0,1.0,0.0,0.0,0.0,0.0,0.0,super built up,mid,mid aged,m3m heights,gurgaon,3.23
169.55,3.0,3.0,3.0,0.0,sector 88,14.0,0.0,0.0,0.0,0.0,0.0,0.0,0.0,1.0,0.0,0.0,0.0,0.0,0.0,0.0,0.0,0.0,0.0,0.0,0.0,super built up,high,new,godrej icon,gurgaon,2.8049999999999997
187.48,3.0,3.0,3.0,1.0,sector 74,7.0,1.0,0.0,0.0,1.0,0.0,1.0,0.0,1.0,1.0,0.0,0.0,1.0,0.0,0.0,0.0,0.0,0.0,0.0,0.0,super built up,high,new,m3m skywalk,gurgaon,4.59
78.53,2.0,2.0,3.0,0.0,sector 33,8.0,1.0,0.0,0.0,0.0,0.0,0.0,0.0,1.0,1.0,1.0,1.0,0.0,0.0,0.0,0.0,0.0,0.0,0.0,0.0,super built up,mid,new,signature global park,sohna,0.918
65.03,1.0,1.0,1.0,0.0,sector 33,5.0,0.0,0.0,0.0,0.0,0.0,0.0,0.0,0.0,0.0,0.0,0.0,0.0,0.0,0.0,0.0,0.0,0.0,0.0,1.0,carpet,low,new,hcbs sports ville,sohna,0.374
44.64,2.0,2.0,2.0,0.0,sector 33,6.0,0.0,0.0,0.0,0.0,0.0,0.0,0.0,0.0,1.0,0.0,0.0,1.0,0.0,0.0,0.0,1.0,0.0,0.0,0.0,carpet,high,new,gls arawali homes,sohna,0.49299999999999994
27.96,1.0,1.0,1.0,0.0,sector 104,9.0,1.0,0.0,0.0,1.0,0.0,1.0,0.0,1.0,1.0,0.0,0.0,0.0,0.0,1.0,0.0,0.0,0.0,0.0,0.0,built up,low,under construction,zara aavaas,gurgaon,0.34
171.41,3.0,3.0,3.0,0.0,sector 103,7.0,1.0,0.0,0.0,0.0,0.0,0.0,0.0,0.0,0.0,1.0,0.0,0.0,0.0,0.0,0.0,0.0,0.0,0.0,0.0,built up,low,under construction,chintamani,gurgaon,2.669
88.26,2.0,2.0,2.0,0.0,sector 37,10.0,1.0,0.0,0.0,1.0,0.0,1.0,0.0,1.0,1.0,0.0,0.0,1.0,0.0,1.0,0.0,0.0,0.0,0.0,0.0,super built up,low,mid aged,signature global city,gurgaon,1.36
133.78,3.0,3.0,3.0,1.0,sector 37,12.0,1.0,0.0,0.0,0.0,0.0,1.0,0.0,1.0,0.0,0.0,0.0,1.0,0.0,0.0,1.0,0.0,0.0,0.0,0.0,carpet,low,mid aged,signature global city 37d ph 2,gurgaon,2.295
182.74,4.0,4.0,1.0,0.0,sector 69,10.0,1.0,0.0,0.0,1.0,0.0,1.0,0.0,1.0,1.0,0.0,0.0,0.0,0.0,1.0,0.0,0.0,0.0,0.0,0.0,carpet,high,new,tulip violet,gurgaon,3.4
112.41,3.0,2.0,3.0,0.0,sector 33,8.0,1.0,0.0,0.0,0.0,0.0,0.0,0.0,1.0,1.0,1.0,1.0,0.0,0.0,0.0,0.0,0.0,0.0,0.0,0.0,built up,mid,under construction,signature global park,sohna,1.4789999999999999
117.43,2.0,2.0,2.0,0.0,sector 33,7.0,1.0,0.0,0.0,0.0,0.0,0.0,0.0,1.0,0.0,0.0,0.0,1.0,0.0,0.0,0.0,0.0,0.0,0.0,0.0,super built up,low,new,eldeco accolade,sohna,1.326
111.3,2.0,2.0,2.0,0.0,sector 71,15.0,1.0,1.0,0.0,0.0,0.0,1.0,1.0,0.0,1.0,0.0,0.0,0.0,0.0,1.0,0.0,1.0,0.0,0.0,0.0,super built up,mid,old,chd avenue 71,gurgaon,1.615
218.32,3.0,2.0,3.0,0.0,sector 92,11.0,1.0,0.0,0.0,0.0,0.0,0.0,1.0,1.0,0.0,0.0,0.0,1.0,0.0,0.0,1.0,0.0,0.0,0.0,0.0,built up,high,under construction,raheja navodaya,gurgaon,1.87
199.74,3.0,3.0,3.0,1.0,sector 63,12.0,1.0,0.0,0.0,0.0,0.0,0.0,0.0,1.0,1.0,1.0,1.0,1.0,0.0,1.0,0.0,1.0,0.0,0.0,0.0,super built up,mid,mid aged,birla navya,gurgaon,5.609999999999999
6.69,1.0,1.0,0.0,1.0,sector 51,45.0,1.0,0.0,0.0,0.0,0.0,1.0,1.0,0.0,0.0,0.0,0.0,0.0,0.0,0.0,1.0,0.0,0.0,0.0,0.0,carpet,low,old,housing board colony,gurgaon,0.51
198.26,4.0,4.0,3.0,1.0,sector 33,15.0,0.0,0.0,0.0,0.0,0.0,1.0,1.0,1.0,0.0,0.0,0.0,0.0,1.0,1.0,0.0,0.0,0.0,0.0,1.0,carpet,low,new,central park flower valley aqua front towers,sohna,5.032
120.59,3.0,2.0,2.0,0.0,sector 92,11.0,0.0,0.0,0.0,0.0,0.0,0.0,0.0,1.0,1.0,0.0,1.0,1.0,0.0,0.0,0.0,0.0,0.0,0.0,0.0,super built up,high,new,sare green parc phase 3,gurgaon,1.343
120.59,3.0,2.0,2.0,0.0,sector 92,8.0,1.0,0.0,0.0,0.0,0.0,0.0,0.0,0.0,0.0,0.0,0.0,0.0,1.0,0.0,0.0,0.0,0.0,0.0,0.0,super built up,high,new,sare crescent parc royal greens phase 1,gurgaon,1.343
125.42,3.0,3.0,3.0,1.0,sector 33,8.0,1.0,0.0,0.0,1.0,0.0,0.0,0.0,1.0,1.0,0.0,0.0,0.0,0.0,0.0,0.0,0.0,0.0,0.0,0.0,carpet,mid,new,godrej nature plus,sohna,2.8899999999999997
171.87,3.0,3.0,3.0,0.0,sector 88,7.0,1.0,0.0,0.0,0.0,1.0,0.0,0.0,1.0,0.0,0.0,0.0,1.0,0.0,0.0,0.0,0.0,0.0,0.0,0.0,super built up,mid,new,godrej oasis,gurgaon,2.38
131.46,3.0,3.0,3.0,0.0,sector 92,8.0,1.0,0.0,0.0,0.0,0.0,0.0,0.0,0.0,0.0,0.0,0.0,0.0,1.0,0.0,0.0,0.0,0.0,0.0,0.0,super built up,low,new,sare homes,gurgaon,0.9859999999999999
248.52,4.0,5.0,2.0,1.0,sector 79,10.0,1.0,0.0,0.0,1.0,0.0,0.0,0.0,1.0,1.0,0.0,0.0,0.0,0.0,0.0,0.0,0.0,0.0,0.0,0.0,built up,mid,new,bestech altura,gurgaon,4.335
156.91,3.0,3.0,3.0,1.0,sector 104,7.0,1.0,0.0,0.0,0.0,1.0,0.0,0.0,1.0,1.0,1.0,1.0,1.0,0.0,0.0,0.0,0.0,0.0,0.0,0.0,super built up,high,new,hero homes,gurgaon,3.23
113.34,2.0,2.0,3.0,0.0,sector 68,10.0,1.0,0.0,0.0,1.0,0.0,1.0,0.0,1.0,1.0,0.0,0.0,0.0,0.0,1.0,0.0,0.0,1.0,0.0,0.0,super built up,mid,new,m3m sierra 68,gurgaon,2.125
185.81,3.0,3.0,3.0,1.0,sector 103,15.0,1.0,0.0,0.0,1.0,1.0,1.0,0.0,1.0,1.0,1.0,1.0,1.0,0.0,1.0,0.0,0.0,0.0,0.0,0.0,super built up,high,new,indiabulls centrum park,gurgaon,2.8049999999999997
135.08,3.0,3.0,3.0,1.0,sector 92,7.0,1.0,0.0,0.0,0.0,0.0,0.0,0.0,0.0,0.0,0.0,0.0,0.0,1.0,0.0,0.0,0.0,0.0,0.0,0.0,super built up,low,new,sare green parc 2,gurgaon,1.275
218.32,4.0,6.0,3.0,1.0,sector 1,10.0,1.0,0.0,0.0,0.0,0.0,0.0,0.0,0.0,0.0,0.0,0.0,0.0,1.0,0.0,0.0,0.0,0.0,0.0,1.0,carpet,mid,new,dlf express greens,manesar,2.72
142.51,2.0,2.0,3.0,1.0,sector 107,6.0,0.0,0.0,0.0,0.0,0.0,0.0,0.0,1.0,1.0,0.0,0.0,0.0,0.0,0.0,0.0,0.0,0.0,0.0,0.0,super built up,high,new,m3m woodshire,gurgaon,1.9549999999999998
129.04,3.0,2.0,2.0,0.0,sector 104,7.0,1.0,0.0,0.0,0.0,1.0,0.0,0.0,1.0,1.0,1.0,1.0,1.0,0.0,0.0,0.0,0.0,0.0,0.0,0.0,super built up,mid,mid aged,hero homes,gurgaon,2.38
165.74,3.0,3.0,3.0,1.0,sector 81,15.0,1.0,0.0,0.0,0.0,0.0,0.0,0.0,0.0,0.0,0.0,0.0,0.0,1.0,0.0,0.0,0.0,0.0,0.0,1.0,carpet,low,old,vipul lavanya,gurgaon,2.176
100.43,3.0,2.0,3.0,0.0,sector 33,8.0,1.0,0.0,0.0,0.0,0.0,0.0,0.0,1.0,1.0,1.0,1.0,0.0,0.0,0.0,0.0,0.0,0.0,0.0,0.0,carpet,mid,new,signature global park,sohna,1.275
69.68,2.0,2.0,2.0,0.0,sector 2,11.0,0.0,0.0,0.0,1.0,1.0,0.0,0.0,1.0,0.0,0.0,1.0,0.0,0.0,0.0,0.0,0.0,0.0,0.0,0.0,carpet,low,new,suncity vatsal valley,gurgaon,1.7
55.23,2.0,2.0,3.0,0.0,sector 95,9.0,1.0,0.0,0.0,1.0,0.0,0.0,0.0,1.0,1.0,1.0,1.0,0.0,0.0,0.0,0.0,0.0,0.0,0.0,0.0,carpet,low,new,signature global superbia,gurgaon,0.68
181.16,3.0,4.0,2.0,1.0,sector 70,15.0,1.0,0.0,0.0,1.0,0.0,1.0,1.0,0.0,0.0,0.0,0.0,0.0,1.0,0.0,0.0,0.0,0.0,0.0,0.0,built up,high,new,shree vardhman victoria,gurgaon,2.975
117.15,2.0,2.0,3.0,0.0,sector 65,11.0,1.0,0.0,0.0,1.0,0.0,1.0,0.0,1.0,1.0,0.0,1.0,1.0,0.0,1.0,0.0,0.0,0.0,0.0,0.0,super built up,high,new,m3m heights,gurgaon,3.57
143.91,3.0,3.0,1.0,0.0,sector 61,9.0,1.0,0.0,0.0,1.0,0.0,0.0,0.0,1.0,1.0,1.0,1.0,0.0,0.0,0.0,0.0,0.0,0.0,0.0,0.0,built up,low,under construction,smart world orchard,gurgaon,4.25
330.36,6.0,4.0,2.0,0.0,sector 10,49.0,1.0,0.0,0.0,0.0,0.0,0.0,0.0,1.0,0.0,0.0,0.0,0.0,1.0,0.0,0.0,1.0,0.0,0.0,0.0,carpet,mid,old,karmyogi apartment,gurgaon,3.9099999999999997
176.52,3.0,4.0,0.0,0.0,sector 83,10.0,0.0,0.0,0.0,1.0,0.0,0.0,0.0,0.0,0.0,0.0,0.0,0.0,0.0,0.0,0.0,0.0,0.0,0.0,0.0,built up,high,under construction,emaar palm gardens,gurgaon,3.06
143.91,3.0,3.0,2.0,1.0,sector 61,9.0,1.0,0.0,0.0,1.0,0.0,0.0,0.0,1.0,1.0,1.0,1.0,0.0,0.0,0.0,0.0,0.0,0.0,0.0,0.0,carpet,low,new,smart world orchard,gurgaon,3.4
142.14,2.0,2.0,3.0,1.0,sector 79,3.0,0.0,0.0,0.0,0.0,0.0,0.0,0.0,0.0,0.0,0.0,0.0,0.0,1.0,0.0,0.0,0.0,0.0,0.0,1.0,carpet,mid,new,supertech araville,gurgaon,1.7
147.44,3.0,3.0,3.0,0.0,sector 85,5.0,0.0,0.0,0.0,0.0,0.0,0.0,0.0,0.0,1.0,0.0,1.0,1.0,0.0,0.0,0.0,0.0,0.0,0.0,0.0,super built up,high,new,orris aster court,gurgaon,1.53
483.1,5.0,5.0,3.0,1.0,sector 25,43.0,1.0,0.0,0.0,0.0,0.0,1.0,1.0,0.0,0.0,0.0,1.0,0.0,0.0,0.0,1.0,0.0,0.0,0.0,1.0,carpet,low,old,dlf beverly park,gurgaon,13.6
86.4,2.0,2.0,1.0,0.0,sector 70,11.0,1.0,0.0,0.0,1.0,0.0,1.0,0.0,1.0,1.0,0.0,0.0,0.0,0.0,0.0,0.0,0.0,0.0,0.0,0.0,built up,high,new,aipl club residences,gurgaon,1.615
222.97,5.0,5.0,2.0,1.0,sector 21,11.0,1.0,0.0,0.0,0.0,0.0,0.0,1.0,0.0,0.0,0.0,0.0,0.0,1.0,0.0,0.0,0.0,0.0,0.0,0.0,built up,low,old,surya vihar rwa,gurgaon,2.21
55.74,2.0,2.0,1.0,0.0,sector 10,50.0,1.0,0.0,0.0,0.0,0.0,0.0,1.0,1.0,0.0,0.0,0.0,0.0,1.0,0.0,1.0,0.0,0.0,0.0,0.0,carpet,low,new,floor type society,gurgaon,0.68
131.92,2.0,2.0,3.0,0.0,sector 79,3.0,0.0,0.0,0.0,0.0,0.0,0.0,0.0,0.0,0.0,0.0,0.0,0.0,1.0,0.0,0.0,0.0,0.0,0.0,1.0,carpet,high,under construction,m3m golf hills,gurgaon,2.465
190.92,3.0,3.0,3.0,0.0,sector 37,10.0,1.0,0.0,0.0,1.0,0.0,1.0,0.0,1.0,1.0,0.0,0.0,1.0,0.0,1.0,0.0,0.0,0.0,0.0,0.0,carpet,mid,mid aged,signature global city,gurgaon,2.125
292.64,4.0,4.0,3.0,0.0,sector 63,13.0,1.0,0.0,0.0,1.0,0.0,1.0,0.0,1.0,1.0,0.0,1.0,0.0,0.0,1.0,0.0,0.0,1.0,0.0,0.0,carpet,low,new,adani brahma samsara vilasa,gurgaon,7.633
222.97,4.0,4.0,2.0,1.0,sector 54,8.0,1.0,0.0,0.0,1.0,0.0,1.0,0.0,1.0,1.0,0.0,1.0,0.0,0.0,0.0,0.0,0.0,0.0,0.0,0.0,carpet,low,mid aged,dlf the grove,gurgaon,10.2
132.85,3.0,3.0,3.0,0.0,sector 2,11.0,0.0,0.0,0.0,1.0,1.0,0.0,0.0,1.0,0.0,0.0,1.0,0.0,0.0,0.0,0.0,0.0,0.0,0.0,0.0,carpet,low,new,suncity vatsal valley,gurgaon,2.601
123.19,3.0,2.0,2.0,0.0,sector 92,11.0,0.0,0.0,0.0,0.0,0.0,0.0,0.0,1.0,1.0,0.0,1.0,1.0,0.0,0.0,0.0,0.0,0.0,0.0,0.0,super built up,mid,new,sare green parc phase 3,gurgaon,1.19
55.74,2.0,2.0,0.0,0.0,sector 84,10.0,1.0,0.0,0.0,0.0,0.0,0.0,0.0,0.0,0.0,0.0,0.0,0.0,1.0,0.0,0.0,0.0,0.0,0.0,1.0,super built up,mid,under construction,pivotal devaan apartments,gurgaon,0.663
76.37,2.0,2.0,3.0,0.0,sector 33,8.0,1.0,0.0,0.0,0.0,0.0,0.0,0.0,1.0,1.0,1.0,1.0,0.0,0.0,0.0,0.0,0.0,0.0,0.0,0.0,carpet,low,new,signature global park,sohna,0.9520000000000001
315.41,4.0,4.0,2.0,1.0,sector 59,15.0,1.0,0.0,0.0,1.0,0.0,1.0,0.0,1.0,1.0,1.0,1.0,0.0,0.0,0.0,0.0,0.0,0.0,0.0,0.0,super built up,high,new,conscient elevate,gurgaon,11.475
101.36,3.0,2.0,3.0,0.0,sector 92,10.0,1.0,0.0,0.0,1.0,0.0,0.0,0.0,1.0,1.0,0.0,0.0,1.0,0.0,1.0,0.0,0.0,0.0,0.0,0.0,built up,low,mid aged,signature global city 92,gurgaon,1.683
130.06,2.0,2.0,3.0,0.0,sector 85,8.0,1.0,0.0,0.0,1.0,0.0,0.0,0.0,1.0,1.0,0.0,0.0,1.0,0.0,0.0,0.0,0.0,0.0,0.0,0.0,built up,high,under construction,godrej air,gurgaon,2.38
65.03,2.0,2.0,2.0,0.0,sector 67,11.0,0.0,0.0,0.0,1.0,0.0,1.0,0.0,1.0,0.0,0.0,0.0,0.0,1.0,0.0,0.0,0.0,0.0,0.0,0.0,super built up,high,new,pyramid urban,gurgaon,1.02
126.26,3.0,2.0,2.0,0.0,sector 104,7.0,1.0,0.0,0.0,0.0,1.0,0.0,0.0,1.0,1.0,1.0,1.0,1.0,0.0,0.0,0.0,0.0,0.0,0.0,0.0,super built up,high,new,hero homes,gurgaon,2.295
120.31,2.0,2.0,0.0,0.0,sector 79,3.0,0.0,0.0,0.0,0.0,0.0,0.0,0.0,0.0,0.0,0.0,0.0,0.0,1.0,0.0,0.0,0.0,0.0,0.0,1.0,built up,high,under construction,supertech araville,gurgaon,1.224
88.26,2.0,2.0,2.0,0.0,sector 3,48.0,1.0,0.0,0.0,0.0,0.0,0.0,1.0,1.0,0.0,1.0,0.0,0.0,0.0,0.0,1.0,0.0,0.0,0.0,1.0,super built up,low,old,apna enclave,gurgaon,0.9859999999999999
132.2,3.0,3.0,2.0,1.0,sector 89,9.0,1.0,0.0,0.0,0.0,0.0,0.0,0.0,1.0,1.0,0.0,0.0,1.0,0.0,0.0,0.0,0.0,0.0,0.0,0.0,carpet,low,mid aged,m3m soulitude,gurgaon,1.9379999999999997
171.41,3.0,3.0,3.0,0.0,sector 103,17.0,1.0,0.0,0.0,0.0,0.0,0.0,1.0,0.0,0.0,1.0,0.0,0.0,0.0,0.0,0.0,0.0,0.0,0.0,1.0,super built up,high,new,on request,gurgaon,2.8729999999999998
102.1,2.0,2.0,2.0,0.0,sector 33,9.0,1.0,0.0,0.0,1.0,0.0,1.0,0.0,1.0,0.0,0.0,0.0,0.0,0.0,0.0,0.0,0.0,0.0,0.0,0.0,super built up,high,mid aged,raheja maheshwara,sohna,0.816
125.33,2.0,2.0,2.0,0.0,sector 102,13.0,1.0,0.0,0.0,1.0,1.0,0.0,0.0,1.0,1.0,0.0,0.0,1.0,0.0,1.0,0.0,0.0,1.0,0.0,0.0,super built up,high,new,shapoorji pallonji joyville gurugram,gurgaon,3.383
325.16,4.0,4.0,3.0,1.0,sector 24,42.0,1.0,0.0,0.0,0.0,0.0,1.0,1.0,0.0,0.0,0.0,1.0,0.0,0.0,0.0,1.0,0.0,0.0,0.0,1.0,super built up,low,old,dlf 3 apartment,gurgaon,4.25
116.78,2.0,2.0,2.0,0.0,sector 81,15.0,1.0,0.0,0.0,0.0,0.0,0.0,0.0,0.0,0.0,0.0,0.0,0.0,1.0,0.0,0.0,0.0,0.0,0.0,1.0,carpet,mid,old,vipul lavanya,gurgaon,1.275
208.47,3.0,3.0,3.0,0.0,sector 79,10.0,0.0,0.0,0.0,0.0,0.0,0.0,0.0,1.0,1.0,0.0,0.0,0.0,0.0,0.0,0.0,0.0,0.0,1.0,0.0,built up,mid,under construction,godrej 101,gurgaon,4.25
76.37,2.0,2.0,2.0,0.0,sector 33,8.0,1.0,0.0,0.0,0.0,0.0,0.0,0.0,1.0,1.0,1.0,1.0,0.0,0.0,0.0,0.0,0.0,0.0,0.0,0.0,built up,low,under construction,signature global park,sohna,0.9859999999999999
126.35,2.0,2.0,1.0,0.0,sector 86,4.0,1.0,0.0,0.0,1.0,0.0,0.0,0.0,1.0,0.0,0.0,0.0,1.0,0.0,0.0,0.0,0.0,0.0,0.0,0.0,built up,low,new,ansal heights 86,gurgaon,1.088
169.27,3.0,3.0,3.0,0.0,sector 77,10.0,1.0,0.0,0.0,1.0,0.0,1.0,0.0,1.0,1.0,0.0,0.0,1.0,0.0,0.0,0.0,0.0,0.0,0.0,0.0,built up,high,under construction,umang winter hills,gurgaon,2.04
147.44,3.0,3.0,3.0,0.0,sector 85,5.0,0.0,0.0,0.0,0.0,0.0,0.0,0.0,0.0,1.0,0.0,1.0,1.0,0.0,0.0,0.0,0.0,0.0,0.0,0.0,built up,high,new,orris aster court,gurgaon,1.581
109.63,2.0,2.0,3.0,0.0,sector 68,21.0,1.0,0.0,0.0,0.0,0.0,1.0,1.0,0.0,0.0,0.0,0.0,0.0,0.0,0.0,1.0,0.0,0.0,0.0,0.0,built up,high,new,supertech hues,gurgaon,1.36
38.74,1.0,1.0,1.0,0.0,sector 81,10.0,1.0,0.0,0.0,1.0,0.0,0.0,0.0,1.0,0.0,0.0,0.0,1.0,0.0,1.0,0.0,0.0,0.0,0.0,0.0,super built up,high,new,signature global synera,gurgaon,0.527
91.97,3.0,2.0,1.0,0.0,sector 7,50.0,1.0,0.0,0.0,0.0,0.0,0.0,1.0,1.0,0.0,0.0,0.0,0.0,0.0,0.0,0.0,0.0,0.0,0.0,1.0,carpet,mid,new,"new colony, gurgaon",gurgaon,1.36
54.91,2.0,2.0,1.0,0.0,sector 67,11.0,0.0,0.0,0.0,1.0,0.0,1.0,0.0,1.0,0.0,0.0,0.0,0.0,1.0,0.0,0.0,0.0,0.0,0.0,0.0,carpet,high,new,pyramid urban,gurgaon,1.19
171.87,4.0,3.0,3.0,0.0,sector 9,50.0,1.0,0.0,0.0,0.0,0.0,0.0,1.0,1.0,0.0,1.0,0.0,0.0,0.0,0.0,1.0,0.0,0.0,0.0,1.0,carpet,high,old,oriental valley chs,gurgaon,2.55
36.42,1.0,1.0,1.0,0.0,sector 36,6.0,1.0,0.0,0.0,0.0,0.0,0.0,0.0,0.0,0.0,0.0,0.0,0.0,1.0,0.0,0.0,0.0,0.0,0.0,0.0,carpet,mid,new,avl 36 gurgaon,gurgaon,0.68
102.47,3.0,1.0,0.0,0.0,sector 89,14.0,1.0,0.0,0.0,1.0,0.0,1.0,0.0,1.0,0.0,1.0,1.0,1.0,0.0,1.0,0.0,0.0,0.0,0.0,0.0,built up,low,under construction,smart world gems,gurgaon,1.87
69.68,2.0,2.0,0.0,0.0,sector 103,11.0,0.0,0.0,0.0,0.0,0.0,0.0,0.0,1.0,0.0,0.0,0.0,1.0,0.0,0.0,0.0,0.0,0.0,0.0,0.0,built up,high,under construction,signature global grand iva,gurgaon,0.85
120.77,3.0,2.0,2.0,0.0,sector 33,15.0,1.0,0.0,0.0,0.0,0.0,1.0,0.0,1.0,1.0,0.0,0.0,0.0,0.0,1.0,0.0,1.0,0.0,0.0,0.0,carpet,low,new,central park flower valley,sohna,2.295
148.27,3.0,4.0,3.0,1.0,sector 51,9.0,1.0,0.0,0.0,0.0,1.0,1.0,0.0,1.0,1.0,0.0,1.0,0.0,0.0,0.0,1.0,0.0,0.0,0.0,0.0,carpet,low,old,orchid island,gurgaon,2.8899999999999997
83.61204013377927,2.0,2.0,2.0,1.0,sector 99,8.0,0.0,0.0,0.0,1.0,0.0,0.0,0.0,1.0,1.0,0.0,1.0,1.0,0.0,0.0,0.0,0.0,0.0,0.0,0.0,carpet,high,new,pivotal riddhi siddhi,gurgaon,1.224
44.87,2.0,2.0,2.0,0.0,sector 84,15.0,1.0,0.0,0.0,0.0,0.0,0.0,1.0,1.0,1.0,0.0,0.0,1.0,1.0,1.0,0.0,0.0,0.0,0.0,0.0,carpet,mid,new,pivotal devaan,gurgaon,0.595
66.89,2.0,2.0,1.0,1.0,sector 8,50.0,1.0,0.0,0.0,0.0,0.0,0.0,1.0,1.0,0.0,0.0,0.0,0.0,0.0,0.0,1.0,0.0,0.0,0.0,0.0,carpet,mid,new,511 sarahah tower,gurgaon,1.02
116.13,2.0,2.0,3.0,0.0,sector 68,10.0,1.0,0.0,0.0,1.0,0.0,1.0,0.0,1.0,1.0,0.0,0.0,0.0,0.0,1.0,0.0,0.0,1.0,0.0,0.0,super built up,low,new,m3m sierra 68,gurgaon,2.04
74.32,2.0,2.0,2.0,0.0,sector 103,11.0,0.0,0.0,0.0,0.0,0.0,0.0,0.0,1.0,0.0,0.0,0.0,1.0,0.0,0.0,0.0,0.0,0.0,0.0,0.0,super built up,high,new,signature global grand iva,gurgaon,0.85
56.21,1.0,1.0,1.0,0.0,sector 56,45.0,1.0,0.0,0.0,0.0,1.0,1.0,1.0,1.0,0.0,0.0,1.0,0.0,1.0,0.0,1.0,1.0,0.0,0.0,1.0,carpet,low,old,kendriya vihar,gurgaon,0.7989999999999999
269.42,3.0,4.0,3.0,1.0,sector 53,15.0,0.0,0.0,0.0,1.0,0.0,1.0,0.0,1.0,1.0,0.0,1.0,0.0,0.0,0.0,0.0,0.0,1.0,0.0,0.0,carpet,mid,old,parsvnath exotica,gurgaon,8.5
110.09,2.0,2.0,2.0,1.0,sector 66,46.0,1.0,0.0,0.0,0.0,1.0,1.0,1.0,0.0,0.0,0.0,0.0,0.0,0.0,0.0,1.0,0.0,1.0,0.0,0.0,super built up,mid,new,emaar mgf palm studios,gurgaon,2.8899999999999997
174.19,3.0,3.0,3.0,0.0,sector 37,9.0,1.0,0.0,0.0,1.0,0.0,1.0,0.0,1.0,1.0,1.0,0.0,1.0,0.0,0.0,0.0,0.0,0.0,0.0,0.0,super built up,high,new,ild greens,gurgaon,1.615
179.3,3.0,3.0,1.0,1.0,sector 86,10.0,0.0,0.0,0.0,1.0,0.0,0.0,0.0,1.0,1.0,0.0,0.0,0.0,0.0,1.0,0.0,0.0,0.0,0.0,0.0,super built up,mid,new,dlf the skycourt,gurgaon,3.74
88.72,2.0,2.0,3.0,0.0,sector 81,12.0,0.0,0.0,0.0,0.0,0.0,0.0,0.0,0.0,0.0,0.0,0.0,0.0,1.0,0.0,0.0,0.0,0.0,0.0,1.0,built up,low,under construction,signature global city 81,gurgaon,1.394
195.56,4.0,4.0,3.0,0.0,sector 93,9.0,1.0,0.0,0.0,1.0,0.0,0.0,0.0,1.0,1.0,0.0,0.0,1.0,0.0,1.0,0.0,0.0,0.0,0.0,0.0,built up,high,new,spaze privvy the address,gurgaon,2.125
109.63,2.0,2.0,2.0,0.0,sector 68,25.0,1.0,0.0,0.0,0.0,0.0,1.0,1.0,0.0,0.0,0.0,0.0,0.0,0.0,0.0,1.0,0.0,0.0,0.0,0.0,built up,mid,under construction,supertech new soft launch,gurgaon,1.428
292.64,4.0,3.0,2.0,1.0,sector 65,14.0,0.0,0.0,0.0,0.0,0.0,0.0,0.0,1.0,0.0,0.0,0.0,0.0,0.0,0.0,0.0,0.0,0.0,0.0,0.0,built up,low,new,emaar mgf emerald floors,gurgaon,5.44
235.51,4.0,5.0,3.0,0.0,sector 82,11.0,0.0,0.0,0.0,1.0,0.0,1.0,0.0,1.0,1.0,0.0,0.0,0.0,0.0,1.0,0.0,0.0,0.0,0.0,0.0,built up,low,under construction,mapsko casa bella,gurgaon,2.975
58.44,2.0,2.0,1.0,0.0,sector 33,13.0,1.0,0.0,0.0,0.0,1.0,1.0,1.0,1.0,0.0,0.0,1.0,1.0,0.0,0.0,1.0,1.0,0.0,0.0,0.0,carpet,low,new,trisara our homes 3,sohna,0.595
227.61,3.0,3.0,0.0,0.0,sector 106,20.0,1.0,0.0,0.0,0.0,0.0,0.0,1.0,0.0,0.0,0.0,0.0,0.0,0.0,0.0,1.0,0.0,0.0,0.0,0.0,built up,high,under construction,elan the presidential,gurgaon,6.63
173.64,3.0,3.0,3.0,0.0,sector 48,42.0,1.0,0.0,0.0,0.0,0.0,1.0,1.0,0.0,0.0,0.0,0.0,0.0,0.0,0.0,0.0,1.0,0.0,0.0,0.0,built up,high,under construction,belgravia resort residences,gurgaon,5.865
222.97,4.0,4.0,3.0,1.0,sector 70,10.0,1.0,0.0,0.0,1.0,0.0,1.0,0.0,1.0,1.0,0.0,0.0,0.0,0.0,1.0,0.0,0.0,0.0,0.0,0.0,carpet,high,old,tulip ivory,gurgaon,3.995
162.58,3.0,3.0,3.0,0.0,sector 89,6.0,1.0,0.0,0.0,1.0,0.0,0.0,0.0,1.0,1.0,0.0,0.0,1.0,0.0,0.0,0.0,0.0,0.0,0.0,0.0,super built up,mid,under construction,ats marigold,gurgaon,2.55
121.15,2.0,2.0,3.0,0.0,sector 70,11.0,1.0,0.0,0.0,1.0,0.0,1.0,0.0,1.0,1.0,0.0,0.0,0.0,0.0,1.0,0.0,0.0,0.0,0.0,0.0,super built up,high,new,aipl zen residences,gurgaon,2.278
315.87,4.0,5.0,3.0,1.0,sector 110,15.0,1.0,0.0,0.0,1.0,1.0,0.0,0.0,1.0,1.0,1.0,1.0,1.0,0.0,0.0,0.0,0.0,0.0,0.0,0.0,super built up,low,new,indiabulls enigma,gurgaon,5.779999999999999
158.31,3.0,3.0,3.0,0.0,sector 69,13.0,1.0,0.0,0.0,1.0,0.0,1.0,0.0,1.0,1.0,1.0,1.0,0.0,0.0,1.0,0.0,0.0,0.0,0.0,0.0,carpet,high,mid aged,tulip yellow,gurgaon,3.06
148.64,4.0,3.0,2.0,0.0,sector 92,11.0,0.0,0.0,0.0,0.0,0.0,0.0,0.0,1.0,1.0,0.0,1.0,1.0,0.0,0.0,0.0,0.0,0.0,0.0,0.0,carpet,high,new,sare green parc phase 3,gurgaon,1.87
102.47,2.0,2.0,3.0,0.0,sector 89,14.0,1.0,0.0,0.0,1.0,0.0,1.0,0.0,1.0,0.0,1.0,1.0,1.0,0.0,1.0,0.0,0.0,0.0,0.0,0.0,built up,low,new,smart world gems,gurgaon,1.649
250.84,3.0,3.0,3.0,1.0,sector 63,13.0,1.0,0.0,0.0,1.0,0.0,1.0,0.0,1.0,1.0,0.0,1.0,0.0,0.0,1.0,0.0,0.0,1.0,0.0,0.0,built up,mid,new,adani brahma samsara vilasa,gurgaon,5.5249999999999995
151.43,3.0,3.0,2.0,1.0,sector 61,9.0,1.0,0.0,0.0,1.0,0.0,0.0,0.0,1.0,1.0,1.0,1.0,0.0,0.0,0.0,0.0,0.0,0.0,0.0,0.0,carpet,mid,new,smart world orchard,gurgaon,4.335
117.15,3.0,2.0,2.0,1.0,sector 92,7.0,1.0,0.0,0.0,0.0,0.0,0.0,0.0,0.0,0.0,0.0,0.0,0.0,1.0,0.0,0.0,0.0,0.0,0.0,0.0,super built up,mid,under construction,sare green parc 2,gurgaon,1.037
100.43,2.0,2.0,0.0,0.0,sector 33,8.0,1.0,0.0,0.0,0.0,0.0,0.0,0.0,1.0,1.0,1.0,1.0,0.0,0.0,0.0,0.0,0.0,0.0,0.0,0.0,built up,low,under construction,signature global park,sohna,1.275
204.39,3.0,3.0,3.0,1.0,sector 33,7.0,1.0,0.0,0.0,0.0,0.0,0.0,0.0,1.0,0.0,0.0,0.0,1.0,0.0,0.0,0.0,0.0,0.0,0.0,0.0,carpet,low,new,eldeco accolade,sohna,2.295
146.6,3.0,3.0,2.0,0.0,sector 69,42.0,1.0,0.0,0.0,0.0,1.0,1.0,1.0,0.0,0.0,0.0,0.0,0.0,0.0,0.0,1.0,0.0,1.0,0.0,0.0,built up,low,new,tulip violet,gurgaon,2.8049999999999997
141.21,3.0,2.0,3.0,0.0,sector 37,9.0,1.0,0.0,0.0,1.0,0.0,1.0,0.0,1.0,0.0,1.0,0.0,1.0,0.0,0.0,0.0,0.0,0.0,0.0,0.0,super built up,high,new,bptp park generations,gurgaon,2.55
183.48,3.0,3.0,3.0,1.0,sector 72,45.0,1.0,0.0,0.0,0.0,1.0,1.0,1.0,0.0,0.0,0.0,0.0,0.0,1.0,0.0,1.0,0.0,1.0,0.0,0.0,super built up,high,old,spaze privy,gurgaon,3.23
622.45,5.0,6.0,3.0,1.0,sector 48,9.0,1.0,0.0,0.0,1.0,0.0,1.0,0.0,1.0,1.0,0.0,1.0,0.0,0.0,0.0,0.0,1.0,0.0,0.0,0.0,carpet,high,new,central park resorts,gurgaon,25.5
162.58,3.0,3.0,3.0,0.0,sector 89,6.0,1.0,0.0,0.0,1.0,0.0,0.0,0.0,1.0,1.0,0.0,0.0,1.0,0.0,0.0,0.0,0.0,0.0,0.0,0.0,super built up,mid,new,ats marigold,gurgaon,2.72
278.71,4.0,5.0,3.0,1.0,sector 111,10.0,1.0,0.0,0.0,1.0,0.0,0.0,0.0,1.0,1.0,0.0,1.0,1.0,0.0,0.0,0.0,0.0,0.0,0.0,0.0,super built up,mid,new,puri diplomatic greens,gurgaon,6.63
88.26,2.0,2.0,2.0,0.0,sector 33,10.0,1.0,0.0,0.0,1.0,0.0,1.0,0.0,1.0,1.0,0.0,0.0,0.0,0.0,1.0,0.0,0.0,1.0,0.0,0.0,super built up,mid,new,breez global heights,sohna,0.782
88.26,2.0,2.0,1.0,0.0,sector 4,48.0,1.0,0.0,0.0,0.0,0.0,0.0,1.0,0.0,0.0,0.0,0.0,0.0,0.0,0.0,1.0,0.0,0.0,0.0,0.0,carpet,mid,new,shri ram apartments,gurgaon,0.544
54.39,2.0,2.0,1.0,0.0,sector 33,14.0,1.0,0.0,0.0,0.0,0.0,1.0,1.0,1.0,0.0,1.0,0.0,0.0,0.0,1.0,0.0,0.0,1.0,0.0,0.0,carpet,high,new,breez global hill view,sohna,0.714
366.97,4.0,4.0,0.0,0.0,sector 63,10.0,1.0,0.0,0.0,0.0,0.0,1.0,1.0,0.0,0.0,0.0,0.0,0.0,0.0,0.0,1.0,0.0,0.0,0.0,1.0,built up,mid,under construction,dlf the arbour,gurgaon,13.26
148.64,3.0,3.0,3.0,0.0,sector 2,9.0,1.0,0.0,0.0,0.0,0.0,1.0,0.0,1.0,0.0,0.0,0.0,0.0,0.0,0.0,1.0,0.0,0.0,0.0,0.0,carpet,high,old,bsf chs,gurgaon,1.615
250.84,4.0,4.0,3.0,0.0,sector 48,45.0,1.0,0.0,0.0,0.0,0.0,1.0,1.0,0.0,0.0,0.0,0.0,0.0,0.0,0.0,0.0,0.0,0.0,0.0,0.0,carpet,low,under construction,kibithu villas,gurgaon,5.865
125.42,3.0,2.0,2.0,0.0,sector 70,8.0,1.0,0.0,0.0,0.0,0.0,1.0,0.0,1.0,1.0,0.0,1.0,0.0,0.0,0.0,0.0,0.0,0.0,0.0,0.0,built up,mid,under construction,tulip orange,gurgaon,1.87
154.78,3.0,2.0,2.0,0.0,sector 1,11.0,1.0,0.0,0.0,0.0,0.0,0.0,0.0,0.0,0.0,0.0,0.0,0.0,1.0,0.0,0.0,0.0,0.0,0.0,1.0,super built up,mid,old,hsiidc sidco shivalik apartments,manesar,1.4449999999999998
121.7,2.0,2.0,2.0,0.0,sector 91,10.0,1.0,0.0,0.0,0.0,0.0,0.0,0.0,1.0,1.0,0.0,0.0,1.0,0.0,1.0,0.0,0.0,0.0,0.0,0.0,super built up,high,new,tarc maceo,gurgaon,1.615
154.22,3.0,2.0,2.0,0.0,sector 1,17.0,1.0,0.0,0.0,0.0,0.0,0.0,0.0,0.0,0.0,0.0,0.0,0.0,1.0,0.0,0.0,0.0,0.0,0.0,0.0,super built up,mid,old,dnha group housing society,manesar,1.275
105.91,2.0,2.0,2.0,0.0,sector 89,15.0,1.0,0.0,0.0,0.0,0.0,0.0,1.0,1.0,0.0,1.0,0.0,0.0,1.0,0.0,1.0,0.0,0.0,0.0,0.0,super built up,mid,old,nbcc heights,gurgaon,1.275
161.19,3.0,3.0,2.0,0.0,sector 83,10.0,0.0,0.0,0.0,1.0,0.0,0.0,0.0,1.0,1.0,0.0,1.0,1.0,0.0,0.0,0.0,0.0,0.0,0.0,0.0,super built up,mid,new,vatika gurgaon 21,gurgaon,2.38
212.75,3.0,4.0,2.0,1.0,sector 47,43.0,1.0,0.0,0.0,0.0,0.0,1.0,1.0,0.0,0.0,0.0,0.0,0.0,0.0,0.0,0.0,0.0,0.0,0.0,0.0,carpet,low,old,malibu towers,gurgaon,4.165
109.63,2.0,2.0,3.0,0.0,sector 68,21.0,1.0,0.0,0.0,0.0,0.0,1.0,1.0,0.0,0.0,0.0,0.0,0.0,0.0,0.0,1.0,0.0,0.0,0.0,0.0,carpet,high,new,supertech hues,gurgaon,1.7
132.2,3.0,3.0,2.0,1.0,sector 89,9.0,1.0,0.0,0.0,0.0,0.0,0.0,0.0,1.0,1.0,0.0,0.0,1.0,0.0,0.0,0.0,0.0,0.0,0.0,0.0,carpet,low,new,m3m soulitude,gurgaon,2.125
222.97,4.0,4.0,3.0,1.0,sector 69,11.0,1.0,0.0,0.0,1.0,0.0,1.0,0.0,1.0,1.0,1.0,1.0,0.0,0.0,1.0,0.0,0.0,0.0,0.0,0.0,super built up,mid,old,tulip purple,gurgaon,4.42
134.71,3.0,3.0,3.0,1.0,sector 15,49.0,1.0,0.0,0.0,0.0,1.0,0.0,1.0,1.0,0.0,0.0,0.0,0.0,1.0,0.0,1.0,1.0,0.0,0.0,1.0,carpet,low,old,park view apartments,gurgaon,2.72
144.0,3.0,2.0,3.0,0.0,sector 89,11.0,1.0,0.0,0.0,1.0,0.0,1.0,0.0,1.0,1.0,0.0,0.0,1.0,0.0,1.0,0.0,0.0,0.0,0.0,0.0,built up,mid,under construction,tulip petals,gurgaon,1.87
92.9,2.0,3.0,0.0,0.0,sector 2,29.0,0.0,0.0,0.0,0.0,1.0,1.0,1.0,1.0,0.0,1.0,0.0,0.0,0.0,0.0,1.0,0.0,0.0,0.0,0.0,built up,low,under construction,ansal plaza,gurgaon,1.7
235.79,3.0,3.0,2.0,0.0,sector 36,14.0,1.0,0.0,0.0,1.0,0.0,1.0,0.0,1.0,1.0,0.0,1.0,1.0,0.0,1.0,0.0,1.0,0.0,0.0,0.0,super built up,high,new,krisumi waterfall residences,gurgaon,6.205
163.7,3.0,3.0,2.0,1.0,sector 71,15.0,1.0,1.0,0.0,0.0,0.0,1.0,1.0,0.0,1.0,0.0,0.0,0.0,0.0,1.0,0.0,1.0,0.0,0.0,0.0,carpet,low,old,chd avenue 71,gurgaon,2.38
151.43,3.0,3.0,2.0,0.0,sector 61,9.0,1.0,0.0,0.0,1.0,0.0,0.0,0.0,1.0,1.0,1.0,1.0,0.0,0.0,0.0,0.0,0.0,0.0,0.0,0.0,super built up,low,new,smart world orchard,gurgaon,4.42
130.62,2.0,2.0,2.0,0.0,sector 74,7.0,1.0,0.0,0.0,1.0,0.0,1.0,0.0,1.0,1.0,0.0,0.0,1.0,0.0,0.0,0.0,0.0,0.0,0.0,0.0,super built up,high,new,m3m skywalk,gurgaon,2.72
111.48,2.0,2.0,2.0,1.0,sector 2,8.0,1.0,0.0,0.0,1.0,0.0,0.0,0.0,1.0,1.0,0.0,0.0,0.0,0.0,0.0,0.0,0.0,0.0,0.0,0.0,super built up,high,mid aged,supertech hill town,sohna,1.275
123.1,2.0,2.0,2.0,0.0,sector 83,15.0,1.0,0.0,0.0,0.0,0.0,0.0,0.0,1.0,0.0,0.0,0.0,0.0,1.0,0.0,0.0,0.0,0.0,0.0,0.0,super built up,low,new,vatika city homes,gurgaon,1.275
204.39,3.0,4.0,3.0,0.0,sector 66,44.0,1.0,0.0,0.0,0.0,1.0,1.0,1.0,0.0,0.0,0.0,0.0,0.0,0.0,0.0,1.0,0.0,1.0,0.0,0.0,built up,low,new,emaar the palm drive,gurgaon,6.63
80.73,1.0,1.0,1.0,0.0,sector 71,8.0,1.0,0.0,0.0,1.0,0.0,1.0,0.0,1.0,1.0,0.0,1.0,0.0,0.0,0.0,0.0,0.0,0.0,0.0,0.0,built up,high,under construction,m3m sky lofts,gurgaon,1.7
118.45,2.0,2.0,2.0,0.0,sector 33,13.0,1.0,0.0,0.0,1.0,0.0,1.0,0.0,1.0,0.0,0.0,0.0,0.0,1.0,1.0,0.0,0.0,1.0,0.0,0.0,built up,high,under construction,ashiana anmol,sohna,1.53
244.33,4.0,4.0,2.0,1.0,sector 109,8.0,1.0,0.0,0.0,0.0,0.0,1.0,0.0,1.0,1.0,0.0,0.0,0.0,0.0,1.0,0.0,0.0,0.0,0.0,0.0,super built up,high,new,chintels paradiso,gurgaon,3.3489999999999998
169.08,3.0,3.0,0.0,0.0,sector 37,6.0,1.0,0.0,0.0,1.0,0.0,0.0,0.0,1.0,1.0,0.0,0.0,1.0,0.0,0.0,0.0,0.0,0.0,0.0,0.0,built up,low,new,ild grand,gurgaon,2.295
130.99,2.0,2.0,3.0,0.0,sector 37,15.0,1.0,1.0,0.0,0.0,0.0,1.0,1.0,1.0,0.0,0.0,0.0,0.0,0.0,0.0,1.0,0.0,1.0,0.0,0.0,built up,high,old,ramprastha the edge towers,gurgaon,1.275
128.21,2.0,2.0,2.0,1.0,sector 61,14.0,1.0,0.0,0.0,0.0,0.0,1.0,0.0,1.0,1.0,0.0,1.0,0.0,0.0,1.0,0.0,0.0,1.0,0.0,0.0,carpet,high,new,pioneer park,gurgaon,2.72
55.93,2.0,2.0,1.0,0.0,sector 33,13.0,1.0,0.0,0.0,0.0,1.0,1.0,1.0,1.0,0.0,0.0,1.0,1.0,0.0,0.0,1.0,1.0,0.0,0.0,0.0,carpet,mid,new,trisara our homes 3,sohna,0.68
111.95,2.0,2.0,2.0,0.0,sector 33,13.0,1.0,0.0,0.0,1.0,0.0,1.0,0.0,1.0,0.0,0.0,0.0,0.0,1.0,1.0,0.0,0.0,1.0,0.0,0.0,super built up,mid,new,ashiana anmol,sohna,1.683
218.79,4.0,6.0,3.0,1.0,sector 106,20.0,1.0,0.0,0.0,0.0,0.0,0.0,1.0,0.0,0.0,0.0,0.0,0.0,0.0,0.0,1.0,0.0,0.0,0.0,0.0,super built up,mid,new,paras dews,gurgaon,3.57
118.92,2.0,2.0,2.0,0.0,sector 78,7.0,1.0,0.0,0.0,0.0,0.0,0.0,1.0,0.0,0.0,0.0,1.0,0.0,0.0,0.0,0.0,0.0,0.0,0.0,0.0,carpet,high,old,umang monsoon breeze,gurgaon,1.1729999999999998
102.47,2.0,2.0,2.0,1.0,sector 89,9.0,1.0,0.0,0.0,0.0,0.0,0.0,0.0,1.0,1.0,0.0,0.0,1.0,0.0,0.0,0.0,0.0,0.0,0.0,0.0,carpet,low,new,m3m soulitude,gurgaon,1.7
69.68,3.0,2.0,3.0,0.0,sector 36,12.0,1.0,0.0,0.0,1.0,0.0,1.0,0.0,1.0,1.0,0.0,1.0,0.0,0.0,0.0,0.0,0.0,0.0,0.0,0.0,carpet,low,new,signature global park 4,sohna,1.4449999999999998
69.12,2.0,2.0,1.0,0.0,sector 33,5.0,0.0,0.0,0.0,0.0,0.0,0.0,0.0,0.0,0.0,0.0,0.0,0.0,0.0,0.0,0.0,0.0,0.0,0.0,1.0,built up,low,new,hcbs sports ville,sohna,0.544
143.81,2.0,2.0,3.0,0.0,sector 108,8.0,0.0,0.0,0.0,0.0,0.0,0.0,1.0,1.0,1.0,0.0,1.0,0.0,0.0,0.0,0.0,0.0,0.0,0.0,0.0,carpet,low,old,raheja the vedaanta floors,gurgaon,1.19
132.2,3.0,3.0,2.0,0.0,sector 89,9.0,1.0,0.0,0.0,0.0,0.0,0.0,0.0,1.0,1.0,0.0,0.0,1.0,0.0,0.0,0.0,0.0,0.0,0.0,0.0,carpet,low,new,m3m soulitude,gurgaon,2.4139999999999997
59.84,2.0,2.0,2.0,1.0,sector 95,14.0,0.0,0.0,0.0,0.0,0.0,0.0,0.0,0.0,1.0,1.0,1.0,1.0,0.0,0.0,0.0,1.0,0.0,0.0,1.0,carpet,mid,new,rof ananda,gurgaon,0.646
53.51,2.0,2.0,2.0,0.0,sector 33,6.0,0.0,0.0,0.0,0.0,0.0,0.0,0.0,0.0,1.0,0.0,0.0,1.0,0.0,0.0,0.0,1.0,0.0,0.0,0.0,carpet,mid,new,gls arawali homes,sohna,0.442
394.84,4.0,4.0,3.0,1.0,sector 72,10.0,1.0,0.0,0.0,0.0,0.0,1.0,0.0,1.0,0.0,0.0,1.0,0.0,0.0,1.0,0.0,0.0,0.0,0.0,0.0,super built up,high,new,tata primanti,gurgaon,11.049999999999999
199.74,3.0,4.0,2.0,1.0,sector 79,10.0,1.0,0.0,0.0,1.0,0.0,0.0,0.0,1.0,1.0,0.0,0.0,0.0,0.0,0.0,0.0,0.0,0.0,0.0,0.0,carpet,high,new,bestech altura,gurgaon,3.23
117.43,2.0,2.0,3.0,0.0,sector 33,7.0,1.0,0.0,0.0,0.0,0.0,0.0,0.0,1.0,0.0,0.0,0.0,1.0,0.0,0.0,0.0,0.0,0.0,0.0,0.0,super built up,high,new,eldeco accolade,sohna,1.4449999999999998
97.55,3.0,3.0,1.0,0.0,sector 12,50.0,1.0,0.0,0.0,0.0,0.0,0.0,1.0,1.0,0.0,0.0,0.0,0.0,1.0,0.0,1.0,0.0,0.0,0.0,0.0,carpet,low,new,adarsh nagar,gurgaon,1.105
53.51,2.0,2.0,2.0,0.0,sector 33,6.0,0.0,0.0,0.0,0.0,0.0,0.0,0.0,0.0,1.0,0.0,0.0,1.0,0.0,0.0,0.0,1.0,0.0,0.0,0.0,super built up,high,new,gls arawali homes,sohna,0.595
174.19,3.0,3.0,3.0,0.0,sector 37,9.0,1.0,0.0,0.0,1.0,0.0,1.0,0.0,1.0,1.0,1.0,0.0,1.0,0.0,0.0,0.0,0.0,0.0,0.0,0.0,super built up,mid,new,ild greens,gurgaon,1.785
142.79,3.0,3.0,3.0,0.0,sector 37,29.0,1.0,0.0,0.0,0.0,0.0,0.0,0.0,0.0,0.0,1.0,0.0,0.0,0.0,0.0,0.0,0.0,0.0,0.0,0.0,built up,high,old,piedmont taksila heights,gurgaon,1.53
366.97,4.0,4.0,0.0,0.0,sector 63,10.0,1.0,0.0,0.0,0.0,0.0,1.0,1.0,0.0,0.0,0.0,0.0,0.0,0.0,0.0,1.0,0.0,0.0,0.0,1.0,built up,high,under construction,dlf the arbour,gurgaon,14.45
68.28,2.0,2.0,2.0,0.0,sector 76,6.0,1.0,0.0,0.0,1.0,0.0,1.0,0.0,1.0,1.0,0.0,0.0,0.0,0.0,0.0,0.0,0.0,0.0,0.0,0.0,super built up,high,mid aged,suncity avenue 76,gurgaon,1.275
163.97,4.0,4.0,2.0,0.0,sector 37,23.0,1.0,0.0,0.0,0.0,0.0,0.0,0.0,0.0,0.0,1.0,0.0,0.0,0.0,0.0,0.0,0.0,0.0,0.0,0.0,built up,mid,under construction,ild greens,gurgaon,1.343
162.58,3.0,3.0,3.0,1.0,sector 89,6.0,1.0,0.0,0.0,1.0,0.0,0.0,0.0,1.0,1.0,0.0,0.0,1.0,0.0,0.0,0.0,0.0,0.0,0.0,0.0,carpet,low,new,ats marigold,gurgaon,2.55
215.91,4.0,5.0,3.0,1.0,sector 104,15.0,1.0,0.0,0.0,1.0,0.0,0.0,0.0,1.0,1.0,1.0,1.0,1.0,0.0,1.0,0.0,0.0,0.0,1.0,0.0,carpet,low,new,godrej summit,gurgaon,2.975
199.74,3.0,4.0,3.0,0.0,sector 79,10.0,1.0,0.0,0.0,1.0,0.0,0.0,0.0,1.0,1.0,0.0,0.0,0.0,0.0,0.0,0.0,0.0,0.0,0.0,0.0,super built up,high,mid aged,bestech altura,gurgaon,3.23
155.24,3.0,2.0,3.0,0.0,sector 33,6.0,0.0,0.0,0.0,0.0,0.0,1.0,0.0,1.0,0.0,0.0,0.0,0.0,0.0,1.0,0.0,0.0,0.0,0.0,0.0,super built up,low,new,godrej nature plus serenity,sohna,2.465
213.21,3.0,3.0,1.0,0.0,sector 59,15.0,1.0,0.0,0.0,1.0,0.0,1.0,0.0,1.0,1.0,1.0,1.0,0.0,0.0,0.0,0.0,0.0,0.0,0.0,0.0,carpet,low,mid aged,conscient elevate,gurgaon,6.833999999999999
92.9,2.0,2.0,3.0,0.0,sector 92,8.0,1.0,0.0,0.0,0.0,0.0,0.0,0.0,0.0,0.0,1.0,0.0,0.0,1.0,0.0,0.0,0.0,0.0,0.0,0.0,built up,low,under construction,sare crescent parc royal greens phase 1,gurgaon,0.85
204.39,3.0,4.0,3.0,1.0,sector 66,14.0,1.0,0.0,0.0,0.0,0.0,1.0,0.0,1.0,1.0,0.0,1.0,0.0,0.0,0.0,0.0,0.0,1.0,0.0,0.0,super built up,low,old,emaar mgf the palm drive,gurgaon,6.766
69.21,2.0,2.0,3.0,0.0,sector 33,8.0,1.0,0.0,0.0,0.0,0.0,0.0,0.0,1.0,1.0,1.0,1.0,0.0,0.0,0.0,0.0,0.0,0.0,0.0,0.0,carpet,mid,new,signature global park,sohna,0.935
83.61204013377927,2.0,2.0,3.0,1.0,sector 79,10.0,0.0,0.0,0.0,0.0,0.0,0.0,0.0,1.0,1.0,0.0,0.0,0.0,0.0,0.0,0.0,0.0,0.0,1.0,0.0,carpet,high,new,godrej 101,gurgaon,2.499
64.66,2.0,2.0,2.0,0.0,sector 111,15.0,1.0,1.0,0.0,0.0,1.0,1.0,1.0,1.0,0.0,0.0,1.0,0.0,0.0,0.0,0.0,0.0,0.0,0.0,0.0,carpet,high,new,lotus homz,gurgaon,1.19
51.48,2.0,2.0,2.0,0.0,sector 33,14.0,1.0,0.0,0.0,0.0,0.0,1.0,1.0,1.0,0.0,1.0,0.0,0.0,0.0,1.0,0.0,0.0,1.0,0.0,0.0,carpet,mid,new,breez global hill view,sohna,4.42
102.47,2.0,2.0,2.0,1.0,sector 89,14.0,1.0,0.0,0.0,1.0,0.0,1.0,0.0,1.0,0.0,1.0,1.0,1.0,0.0,1.0,0.0,0.0,0.0,0.0,0.0,carpet,low,new,smart world gems,gurgaon,1.87
137.4,2.0,2.0,2.0,0.0,sector 36,11.0,1.0,0.0,0.0,1.0,0.0,0.0,0.0,1.0,1.0,0.0,0.0,1.0,0.0,1.0,0.0,0.0,0.0,0.0,0.0,super built up,high,new,krisumi waterfall residences,gurgaon,3.74
92.9,3.0,2.0,2.0,1.0,sector 95,14.0,0.0,0.0,0.0,0.0,0.0,0.0,0.0,0.0,1.0,1.0,1.0,1.0,0.0,0.0,0.0,1.0,0.0,0.0,1.0,super built up,high,new,rof ananda,gurgaon,0.935
92.9,3.0,2.0,2.0,1.0,sector 95,14.0,0.0,0.0,0.0,0.0,0.0,0.0,0.0,0.0,1.0,1.0,1.0,1.0,0.0,0.0,0.0,1.0,0.0,0.0,1.0,super built up,high,new,rof ananda,gurgaon,0.935
132.2,3.0,3.0,2.0,1.0,sector 89,14.0,1.0,0.0,0.0,1.0,0.0,1.0,0.0,1.0,0.0,1.0,1.0,1.0,0.0,1.0,0.0,0.0,0.0,0.0,0.0,carpet,low,mid aged,smart world gems,gurgaon,1.9719999999999998
115.66,2.0,2.0,3.0,0.0,sector 68,15.0,1.0,0.0,0.0,1.0,0.0,1.0,0.0,1.0,1.0,0.0,1.0,1.0,0.0,1.0,0.0,0.0,1.0,0.0,0.0,super built up,high,new,pareena mi casa,gurgaon,1.87
83.61204013377927,2.0,2.0,0.0,0.0,sector 33,8.0,1.0,0.0,0.0,1.0,0.0,0.0,0.0,1.0,1.0,0.0,0.0,0.0,0.0,0.0,0.0,0.0,0.0,0.0,0.0,carpet,high,mid aged,godrej nature plus,sohna,2.04
267.1,4.0,4.0,2.0,1.0,sector 45,48.0,1.0,0.0,0.0,0.0,1.0,0.0,1.0,1.0,0.0,0.0,1.0,0.0,1.0,0.0,0.0,0.0,0.0,0.0,1.0,carpet,high,old,antriksh green,gurgaon,3.8249999999999997
176.52,3.0,4.0,3.0,1.0,sector 76,12.0,0.0,0.0,0.0,0.0,0.0,1.0,0.0,1.0,1.0,1.0,1.0,1.0,0.0,0.0,0.0,1.0,0.0,0.0,0.0,carpet,mid,under construction,whiteland the aspen,gurgaon,5.695
199.74,3.0,4.0,3.0,1.0,sector 79,10.0,1.0,0.0,0.0,1.0,0.0,0.0,0.0,1.0,1.0,0.0,0.0,0.0,0.0,0.0,0.0,0.0,0.0,0.0,0.0,super built up,low,new,bestech altura,gurgaon,4.5729999999999995
126.35,2.0,2.0,0.0,0.0,sector 86,11.0,1.0,0.0,0.0,0.0,0.0,0.0,0.0,0.0,0.0,0.0,0.0,0.0,1.0,0.0,0.0,0.0,0.0,0.0,1.0,built up,low,under construction,ansal height 86,gurgaon,1.36
59.18,2.0,2.0,0.0,0.0,sector 95,3.0,1.0,0.0,0.0,0.0,0.0,0.0,0.0,0.0,0.0,0.0,0.0,0.0,0.0,0.0,0.0,0.0,0.0,0.0,0.0,built up,mid,under construction,ramsons kshitij,gurgaon,0.595
83.61,2.0,2.0,1.0,0.0,sector 81,15.0,1.0,0.0,0.0,0.0,0.0,0.0,0.0,0.0,0.0,0.0,0.0,0.0,1.0,0.0,0.0,0.0,0.0,0.0,1.0,super built up,high,mid aged,vipul lavanya,gurgaon,1.02
65.96,2.0,2.0,2.0,0.0,sector 33,10.0,1.0,0.0,0.0,1.0,0.0,1.0,0.0,1.0,1.0,0.0,0.0,0.0,0.0,1.0,0.0,0.0,1.0,0.0,0.0,carpet,mid,new,breez global heights,sohna,0.782
199.65,3.0,4.0,3.0,1.0,sector 102,15.0,0.0,0.0,0.0,1.0,0.0,1.0,0.0,1.0,1.0,1.0,1.0,1.0,0.0,1.0,0.0,0.0,0.0,1.0,0.0,super built up,high,new,conscient heritage max,gurgaon,4.25
83.61,2.0,2.0,1.0,0.0,sector 81,13.0,0.0,0.0,0.0,0.0,0.0,0.0,0.0,0.0,0.0,0.0,0.0,0.0,1.0,0.0,0.0,0.0,0.0,0.0,1.0,carpet,high,new,vipul lavanya,gurgaon,1.02
113.81,2.0,2.0,2.0,1.0,sector 68,15.0,1.0,0.0,0.0,1.0,0.0,1.0,0.0,1.0,1.0,0.0,1.0,1.0,0.0,1.0,0.0,0.0,1.0,0.0,0.0,carpet,high,new,pareena mi casa,gurgaon,1.7
152.36,3.0,3.0,3.0,1.0,sector 61,9.0,1.0,0.0,0.0,1.0,0.0,0.0,0.0,1.0,1.0,1.0,1.0,0.0,0.0,0.0,0.0,0.0,0.0,0.0,0.0,carpet,low,mid aged,smart world orchard,gurgaon,4.318
205.69,3.0,2.0,3.0,0.0,sector 57,45.0,1.0,0.0,0.0,0.0,0.0,0.0,1.0,1.0,0.0,0.0,0.0,0.0,1.0,0.0,1.0,0.0,1.0,0.0,1.0,carpet,low,old,ansal sushant residency,gurgaon,2.55
125.6,2.0,2.0,3.0,1.0,sector 90,10.0,1.0,0.0,0.0,1.0,0.0,1.0,0.0,1.0,1.0,0.0,0.0,1.0,0.0,1.0,0.0,0.0,0.0,0.0,0.0,super built up,high,new,shree vardhman flora,gurgaon,1.19
169.83,3.0,3.0,3.0,0.0,sector 65,11.0,1.0,0.0,0.0,1.0,0.0,1.0,0.0,1.0,1.0,0.0,1.0,1.0,0.0,1.0,0.0,0.0,0.0,0.0,0.0,super built up,high,under construction,m3m heights,gurgaon,4.726
44.69,2.0,2.0,0.0,0.0,sector 33,10.0,0.0,0.0,0.0,0.0,0.0,0.0,1.0,0.0,0.0,0.0,0.0,0.0,0.0,0.0,0.0,0.0,0.0,0.0,1.0,built up,high,new,mvn athens,sohna,0.425
185.34,4.0,5.0,3.0,1.0,sector 92,8.0,1.0,0.0,0.0,0.0,0.0,0.0,0.0,0.0,0.0,0.0,0.0,0.0,1.0,0.0,0.0,0.0,0.0,0.0,0.0,super built up,low,new,sare crescent parc,gurgaon,1.53
174.19,3.0,4.0,3.0,1.0,sector 90,10.0,1.0,0.0,0.0,1.0,0.0,1.0,0.0,1.0,1.0,0.0,0.0,1.0,0.0,1.0,0.0,0.0,0.0,0.0,0.0,super built up,low,new,shree vardhman flora,gurgaon,1.632
185.81,3.0,2.0,1.0,1.0,sector 37,5.0,1.0,0.0,0.0,0.0,0.0,0.0,0.0,0.0,0.0,1.0,0.0,0.0,0.0,0.0,0.0,0.0,0.0,0.0,0.0,super built up,high,under construction,ramprastha skyz,gurgaon,2.04
78.97,2.0,2.0,1.0,0.0,sector 23,41.0,0.0,0.0,0.0,0.0,1.0,0.0,1.0,0.0,0.0,0.0,0.0,0.0,0.0,0.0,1.0,0.0,0.0,0.0,1.0,carpet,low,old,ashray apartment,gurgaon,1.088
126.91,2.0,2.0,3.0,1.0,sector 107,6.0,0.0,0.0,0.0,0.0,0.0,0.0,0.0,1.0,1.0,0.0,0.0,0.0,0.0,0.0,0.0,0.0,0.0,0.0,0.0,super built up,high,new,m3m woodshire,gurgaon,1.53
69.68,1.0,1.0,2.0,0.0,sector 102,8.0,1.0,0.0,0.0,0.0,0.0,0.0,0.0,1.0,1.0,0.0,1.0,1.0,0.0,0.0,0.0,0.0,0.0,0.0,0.0,built up,mid,under construction,rof aalayas,gurgaon,0.765
497.03,4.0,4.0,3.0,0.0,sector 2,12.0,0.0,0.0,0.0,1.0,0.0,0.0,0.0,1.0,0.0,0.0,1.0,0.0,0.0,0.0,0.0,0.0,0.0,0.0,0.0,built up,low,old,paras quartier,gurgaon,10.030000000000001
44.22,2.0,1.0,0.0,0.0,sector 33,6.0,0.0,0.0,0.0,0.0,0.0,0.0,0.0,0.0,1.0,0.0,0.0,1.0,0.0,0.0,0.0,1.0,0.0,0.0,0.0,built up,low,under construction,gls arawali homes,sohna,0.544
169.08,3.0,3.0,3.0,0.0,sector 37,6.0,1.0,0.0,0.0,1.0,0.0,0.0,0.0,1.0,1.0,0.0,0.0,1.0,0.0,0.0,0.0,0.0,0.0,0.0,0.0,super built up,mid,mid aged,ild grand,gurgaon,2.04
91.97,2.0,2.0,3.0,0.0,sector 95,4.0,1.0,0.0,0.0,0.0,0.0,0.0,0.0,0.0,0.0,0.0,0.0,0.0,1.0,0.0,0.0,0.0,0.0,0.0,0.0,super built up,high,new,sidhartha ncr greens,gurgaon,0.9520000000000001
138.43,3.0,3.0,3.0,0.0,sector 79,9.0,0.0,0.0,0.0,1.0,0.0,0.0,0.0,1.0,1.0,0.0,1.0,1.0,0.0,0.0,0.0,0.0,0.0,0.0,0.0,carpet,low,new,mapsko mount ville,gurgaon,2.38
100.34,2.0,2.0,2.0,0.0,sector 31,49.0,1.0,0.0,0.0,0.0,1.0,0.0,1.0,1.0,0.0,0.0,0.0,0.0,1.0,0.0,1.0,0.0,0.0,0.0,1.0,carpet,low,old,cghs hewo apartments,gurgaon,2.125
128.67,2.0,2.0,3.0,0.0,sector 33,8.0,1.0,0.0,0.0,1.0,0.0,0.0,0.0,1.0,1.0,0.0,0.0,0.0,0.0,0.0,0.0,0.0,0.0,0.0,0.0,carpet,low,new,godrej nature plus,sohna,2.55
144.0,3.0,2.0,3.0,0.0,sector 68,10.0,1.0,0.0,0.0,1.0,0.0,1.0,0.0,1.0,1.0,0.0,0.0,0.0,0.0,1.0,0.0,0.0,0.0,0.0,0.0,super built up,mid,new,m3m the marina,gurgaon,3.774
168.34,4.0,4.0,3.0,1.0,sector 2,15.0,1.0,0.0,0.0,0.0,1.0,1.0,1.0,1.0,0.0,0.0,0.0,0.0,0.0,0.0,1.0,0.0,0.0,0.0,0.0,carpet,high,old,valley view estate,gurgaon,2.55
168.62,3.0,4.0,3.0,1.0,sector 79,9.0,0.0,0.0,0.0,1.0,0.0,0.0,0.0,1.0,1.0,0.0,1.0,1.0,0.0,0.0,0.0,0.0,0.0,0.0,0.0,super built up,high,new,mapsko mount ville,gurgaon,3.145
106.84,2.0,2.0,2.0,0.0,sector 61,9.0,1.0,0.0,0.0,1.0,0.0,0.0,0.0,1.0,1.0,1.0,1.0,0.0,0.0,0.0,0.0,0.0,0.0,0.0,0.0,carpet,mid,under construction,smart world orchard,gurgaon,2.72
52.68,2.0,2.0,2.0,0.0,sector 33,6.0,0.0,0.0,0.0,0.0,0.0,0.0,0.0,0.0,1.0,0.0,0.0,1.0,0.0,0.0,0.0,1.0,0.0,0.0,0.0,super built up,mid,new,gls arawali homes,sohna,0.51
113.81,3.0,3.0,2.0,0.0,sector 11,50.0,1.0,0.0,0.0,0.0,0.0,0.0,1.0,1.0,0.0,0.0,0.0,0.0,1.0,0.0,1.0,1.0,0.0,0.0,0.0,carpet,low,new,ganga apartment,gurgaon,1.258
246.19,4.0,3.0,3.0,0.0,sector 43,45.0,1.0,0.0,0.0,0.0,1.0,0.0,1.0,1.0,0.0,0.0,1.0,0.0,1.0,0.0,1.0,0.0,0.0,0.0,1.0,built up,mid,old,surbhi apartment,gurgaon,5.44
135.64,2.0,2.0,2.0,0.0,sector 68,50.0,1.0,0.0,0.0,0.0,0.0,0.0,1.0,1.0,0.0,0.0,0.0,0.0,0.0,0.0,0.0,0.0,0.0,0.0,0.0,built up,high,new,espire south,gurgaon,2.244
167.23,3.0,3.0,3.0,0.0,sector 63,13.0,1.0,0.0,0.0,1.0,0.0,1.0,0.0,1.0,1.0,0.0,1.0,0.0,0.0,1.0,0.0,0.0,1.0,0.0,0.0,carpet,low,new,adani brahma samsara vilasa,gurgaon,5.1
132.2,3.0,3.0,2.0,1.0,sector 89,14.0,1.0,0.0,0.0,1.0,0.0,1.0,0.0,1.0,0.0,1.0,1.0,1.0,0.0,1.0,0.0,0.0,0.0,0.0,0.0,built up,low,new,smart world gems,gurgaon,2.04
111.48,3.0,2.0,3.0,0.0,sector 33,6.0,0.0,0.0,0.0,0.0,0.0,1.0,0.0,1.0,0.0,0.0,0.0,0.0,0.0,1.0,0.0,0.0,0.0,0.0,0.0,carpet,high,new,godrej nature plus serenity,sohna,2.363
169.83,3.0,3.0,3.0,0.0,sector 65,9.0,1.0,0.0,0.0,0.0,0.0,1.0,0.0,1.0,1.0,0.0,1.0,0.0,0.0,1.0,0.0,0.0,0.0,0.0,0.0,super built up,high,mid aged,m3m skycity,gurgaon,5.1
197.42,3.0,3.0,3.0,1.0,sector 89,15.0,1.0,0.0,0.0,0.0,0.0,0.0,1.0,1.0,0.0,1.0,0.0,0.0,1.0,0.0,1.0,0.0,0.0,0.0,0.0,super built up,high,new,nbcc heights,gurgaon,2.55
213.68,4.0,4.0,2.0,0.0,sector 56,47.0,1.0,0.0,0.0,0.0,1.0,0.0,1.0,0.0,0.0,0.0,1.0,0.0,1.0,0.0,1.0,1.0,0.0,0.0,1.0,super built up,mid,mid aged,the castle society,gurgaon,3.4
204.39,4.0,5.0,3.0,1.0,sector 28,48.0,1.0,0.0,0.0,0.0,0.0,0.0,1.0,0.0,0.0,0.0,1.0,0.0,0.0,0.0,1.0,1.0,0.0,0.0,1.0,built up,high,old,essel towers,gurgaon,4.675
37.63,1.0,1.0,1.0,0.0,sector 111,15.0,1.0,1.0,0.0,0.0,1.0,1.0,1.0,1.0,0.0,0.0,1.0,0.0,0.0,0.0,0.0,0.0,0.0,0.0,0.0,carpet,high,new,lotus homz,gurgaon,0.612
41.81,1.0,1.0,1.0,0.0,sector 4,48.0,1.0,0.0,0.0,0.0,0.0,0.0,1.0,0.0,0.0,0.0,0.0,0.0,0.0,0.0,1.0,0.0,0.0,0.0,0.0,carpet,low,new,shreeram apartment ii,gurgaon,0.357
27.96,1.0,1.0,2.0,0.0,sector 104,9.0,1.0,0.0,0.0,1.0,0.0,1.0,0.0,1.0,1.0,0.0,0.0,0.0,0.0,1.0,0.0,0.0,0.0,0.0,0.0,built up,mid,new,zara aavaas,gurgaon,0.442
5994.94,2.0,2.0,2.0,1.0,sector 95,14.0,0.0,0.0,0.0,0.0,0.0,0.0,0.0,0.0,1.0,1.0,1.0,1.0,0.0,0.0,0.0,1.0,0.0,0.0,1.0,carpet,high,new,rof ananda,gurgaon,0.646
219.34,3.0,4.0,3.0,1.0,sector 107,6.0,0.0,0.0,0.0,0.0,0.0,0.0,0.0,1.0,1.0,0.0,0.0,0.0,0.0,0.0,0.0,0.0,0.0,0.0,0.0,super built up,low,new,m3m woodshire,gurgaon,3.06
235.79,3.0,4.0,3.0,1.0,sector 36,14.0,1.0,0.0,0.0,1.0,0.0,1.0,0.0,1.0,1.0,0.0,1.0,1.0,0.0,1.0,0.0,1.0,0.0,0.0,0.0,carpet,high,new,krisumi waterfall residences,gurgaon,6.969999999999999
14.604,2.0,2.0,3.0,1.0,sector 79,10.0,0.0,0.0,0.0,0.0,0.0,0.0,0.0,1.0,1.0,0.0,0.0,0.0,0.0,0.0,0.0,0.0,0.0,1.0,0.0,super built up,low,new,godrej 101,gurgaon,2.21
69.68,3.0,2.0,2.0,0.0,sector 107,10.0,0.0,0.0,0.0,1.0,0.0,0.0,0.0,1.0,0.0,0.0,0.0,1.0,0.0,0.0,0.0,0.0,0.0,0.0,0.0,built up,high,under construction,signature global solera,gurgaon,1.02
55.93,2.0,2.0,1.0,0.0,sector 107,10.0,0.0,0.0,0.0,1.0,0.0,0.0,0.0,1.0,0.0,0.0,0.0,1.0,0.0,0.0,0.0,0.0,0.0,0.0,0.0,super built up,mid,new,signature global solera,gurgaon,0.68
128.21,2.0,2.0,2.0,1.0,sector 22,14.0,1.0,0.0,0.0,1.0,0.0,1.0,0.0,1.0,1.0,1.0,0.0,1.0,0.0,0.0,0.0,0.0,0.0,0.0,0.0,super built up,high,new,ambience creacions,gurgaon,3.383
128.21,2.0,2.0,2.0,0.0,sector 22,14.0,1.0,0.0,0.0,1.0,0.0,1.0,0.0,1.0,1.0,1.0,0.0,1.0,0.0,0.0,0.0,0.0,0.0,0.0,0.0,super built up,high,new,ambience creacions,gurgaon,3.383
114.27,2.0,2.0,3.0,0.0,sector 33,6.0,1.0,0.0,0.0,0.0,0.0,0.0,0.0,1.0,1.0,0.0,0.0,0.0,0.0,0.0,0.0,0.0,0.0,0.0,0.0,carpet,high,new,ashiana mulberry,sohna,1.258
134.71,3.0,3.0,2.0,1.0,sector 89,9.0,1.0,0.0,0.0,0.0,0.0,0.0,0.0,1.0,1.0,0.0,0.0,1.0,0.0,0.0,0.0,0.0,0.0,0.0,0.0,carpet,mid,mid aged,m3m soulitude,gurgaon,2.176
106.84,2.0,2.0,2.0,1.0,sector 61,9.0,1.0,0.0,0.0,1.0,0.0,0.0,0.0,1.0,1.0,1.0,1.0,0.0,0.0,0.0,0.0,0.0,0.0,0.0,0.0,carpet,mid,new,smart world orchard,gurgaon,2.72
114.64,2.0,2.0,2.0,1.0,sector 89,14.0,0.0,0.0,0.0,0.0,0.0,0.0,0.0,0.0,0.0,0.0,0.0,0.0,0.0,0.0,0.0,0.0,0.0,0.0,0.0,carpet,low,new,ace palm floors,gurgaon,1.649
124.68,2.0,2.0,2.0,0.0,sector 77,10.0,1.0,0.0,0.0,1.0,0.0,1.0,0.0,1.0,1.0,0.0,0.0,1.0,0.0,0.0,0.0,0.0,0.0,0.0,0.0,super built up,high,new,umang winter hills,gurgaon,1.462
117.24,2.0,2.0,2.0,0.0,sector 70,11.0,1.0,0.0,0.0,1.0,0.0,1.0,0.0,1.0,1.0,0.0,0.0,0.0,0.0,1.0,0.0,0.0,0.0,0.0,0.0,carpet,high,new,aipl zen residences,gurgaon,2.125
86.4,2.0,2.0,0.0,0.0,sector 56,22.0,1.0,0.0,0.0,0.0,1.0,1.0,1.0,1.0,0.0,0.0,0.0,0.0,0.0,0.0,1.0,0.0,0.0,0.0,1.0,built up,high,under construction,ansal valley view estate,gurgaon,1.02
199.74,3.0,3.0,3.0,1.0,sector 63,12.0,1.0,0.0,0.0,0.0,0.0,0.0,0.0,1.0,1.0,1.0,1.0,1.0,0.0,1.0,0.0,1.0,0.0,0.0,0.0,super built up,mid,new,birla navya,gurgaon,5.491
29.54,1.0,1.0,0.0,0.0,sector 107,10.0,0.0,0.0,0.0,1.0,0.0,0.0,0.0,1.0,0.0,0.0,0.0,1.0,0.0,0.0,0.0,0.0,0.0,0.0,0.0,built up,mid,under construction,signature global solera,gurgaon,0.425
61.04,2.0,2.0,1.0,0.0,sector 81,10.0,1.0,0.0,0.0,1.0,0.0,0.0,0.0,1.0,0.0,0.0,0.0,1.0,0.0,1.0,0.0,0.0,0.0,0.0,0.0,super built up,mid,new,signature global synera,gurgaon,0.816
121.7,2.0,2.0,3.0,0.0,sector 65,9.0,1.0,0.0,0.0,0.0,0.0,1.0,0.0,1.0,1.0,0.0,1.0,0.0,0.0,1.0,0.0,0.0,0.0,0.0,0.0,carpet,high,new,m3m skycity,gurgaon,3.06
366.97,4.0,4.0,3.0,0.0,sector 63,10.0,1.0,0.0,0.0,0.0,0.0,1.0,1.0,0.0,0.0,0.0,0.0,0.0,0.0,0.0,1.0,0.0,0.0,0.0,1.0,built up,high,under construction,dlf the arbour,gurgaon,13.43
124.49,2.0,2.0,3.0,1.0,sector 37,9.0,1.0,0.0,0.0,1.0,0.0,1.0,0.0,1.0,1.0,1.0,0.0,1.0,0.0,0.0,0.0,0.0,0.0,0.0,0.0,super built up,high,new,ild greens,gurgaon,1.615
59.92,2.0,2.0,2.0,1.0,sector 95,14.0,0.0,0.0,0.0,0.0,0.0,0.0,0.0,0.0,1.0,1.0,1.0,1.0,0.0,0.0,0.0,1.0,0.0,0.0,1.0,carpet,high,new,rof ananda,gurgaon,0.612
38.28,1.0,1.0,1.0,0.0,sector 36,15.0,1.0,0.0,0.0,0.0,0.0,0.0,0.0,0.0,0.0,0.0,0.0,0.0,1.0,0.0,0.0,0.0,0.0,0.0,0.0,carpet,high,new,breez global heights,gurgaon,0.408
60.39,2.0,2.0,3.0,0.0,sector 37,15.0,1.0,0.0,0.0,0.0,0.0,0.0,0.0,1.0,0.0,1.0,0.0,1.0,0.0,0.0,0.0,1.0,0.0,0.0,0.0,super built up,high,new,signature global the millennia,gurgaon,1.105
140.84,2.0,2.0,3.0,1.0,sector 65,11.0,1.0,0.0,0.0,1.0,0.0,1.0,0.0,1.0,1.0,0.0,1.0,1.0,0.0,1.0,0.0,0.0,0.0,0.0,0.0,super built up,high,new,m3m heights,gurgaon,3.4169999999999994
102.84,2.0,2.0,2.0,1.0,sector 89,14.0,1.0,0.0,0.0,1.0,0.0,1.0,0.0,1.0,0.0,1.0,1.0,1.0,0.0,1.0,0.0,0.0,0.0,0.0,0.0,carpet,low,new,smart world gems,gurgaon,1.7
268.68,3.0,3.0,3.0,0.0,sector 53,9.0,1.0,0.0,0.0,1.0,0.0,0.0,0.0,1.0,0.0,0.0,1.0,0.0,0.0,1.0,0.0,0.0,1.0,0.0,1.0,built up,high,new,tulip monsella,gurgaon,10.233999999999998
102.66,2.0,2.0,2.0,0.0,sector 89,14.0,1.0,0.0,0.0,1.0,0.0,1.0,0.0,1.0,0.0,1.0,1.0,1.0,0.0,1.0,0.0,0.0,0.0,0.0,0.0,built up,low,under construction,smart world gems,gurgaon,1.53
272.86,3.0,4.0,3.0,0.0,sector 76,6.0,1.0,0.0,0.0,0.0,0.0,0.0,0.0,0.0,0.0,0.0,0.0,0.0,1.0,0.0,0.0,0.0,0.0,0.0,0.0,built up,high,under construction,whiteland  the aspen,gurgaon,5.95
130.06,2.0,2.0,3.0,0.0,sector 85,8.0,1.0,0.0,0.0,1.0,0.0,0.0,0.0,1.0,1.0,0.0,0.0,1.0,0.0,0.0,0.0,0.0,0.0,0.0,0.0,super built up,high,mid aged,godrej air,gurgaon,2.21
47.9,2.0,2.0,2.0,0.0,sector 86,9.0,0.0,0.0,0.0,1.0,0.0,0.0,0.0,1.0,0.0,0.0,0.0,0.0,0.0,0.0,0.0,0.0,0.0,0.0,0.0,carpet,mid,old,pyramid urban homes 2,gurgaon,0.85
61.13,2.0,2.0,2.0,0.0,sector 33,14.0,1.0,0.0,0.0,0.0,0.0,1.0,1.0,1.0,0.0,1.0,0.0,0.0,0.0,1.0,0.0,0.0,1.0,0.0,0.0,built up,high,new,breez global hill view,sohna,0.595
55.74,1.0,1.0,1.0,0.0,sector 33,5.0,0.0,0.0,0.0,0.0,0.0,0.0,0.0,0.0,0.0,0.0,0.0,0.0,0.0,0.0,0.0,0.0,0.0,0.0,1.0,built up,high,new,hcbs sports ville,sohna,0.425
120.77,2.0,2.0,0.0,0.0,sector 1,8.0,1.0,0.0,0.0,0.0,0.0,0.0,0.0,0.0,0.0,0.0,0.0,0.0,1.0,0.0,0.0,0.0,0.0,0.0,1.0,built up,mid,under construction,eden landmark,manesar,0.85
40.78,1.0,1.0,1.0,0.0,sector 84,15.0,1.0,0.0,0.0,0.0,0.0,0.0,1.0,1.0,1.0,0.0,0.0,1.0,1.0,1.0,0.0,0.0,0.0,0.0,0.0,super built up,high,new,pivotal devaan,gurgaon,0.459
148.64,3.0,2.0,3.0,1.0,sector 56,43.0,1.0,0.0,0.0,0.0,1.0,1.0,1.0,1.0,0.0,0.0,1.0,0.0,1.0,0.0,1.0,1.0,0.0,0.0,1.0,super built up,mid,old,cghs vidya enclave,gurgaon,2.8899999999999997
102.47,3.0,2.0,3.0,1.0,sector 89,14.0,1.0,0.0,0.0,1.0,0.0,1.0,0.0,1.0,0.0,1.0,1.0,1.0,0.0,1.0,0.0,0.0,0.0,0.0,0.0,super built up,low,new,smart world gems,gurgaon,1.9719999999999998
126.91,2.0,2.0,3.0,1.0,sector 107,6.0,0.0,0.0,0.0,0.0,0.0,0.0,0.0,1.0,1.0,0.0,0.0,0.0,0.0,0.0,0.0,0.0,0.0,0.0,0.0,super built up,high,new,m3m woodshire,gurgaon,1.7169999999999999
213.68,5.0,5.0,2.0,1.0,sector 14,50.0,1.0,0.0,0.0,0.0,1.0,0.0,1.0,1.0,0.0,0.0,0.0,0.0,1.0,0.0,1.0,0.0,0.0,0.0,1.0,carpet,low,old,vasant apartment,gurgaon,2.975
52.03,2.0,2.0,2.0,0.0,sector 107,3.0,0.0,0.0,0.0,0.0,0.0,0.0,0.0,0.0,1.0,0.0,0.0,1.0,0.0,0.0,0.0,0.0,0.0,0.0,0.0,carpet,high,new,signature global solera 2,gurgaon,0.85
100.43,3.0,2.0,3.0,0.0,sector 36,12.0,1.0,0.0,0.0,1.0,0.0,1.0,0.0,1.0,1.0,0.0,1.0,0.0,0.0,0.0,0.0,0.0,0.0,0.0,0.0,carpet,low,new,signature global park 4,sohna,1.394
152.83,3.0,4.0,3.0,1.0,sector 85,8.0,1.0,0.0,0.0,1.0,0.0,1.0,0.0,1.0,0.0,0.0,0.0,0.0,0.0,0.0,0.0,0.0,0.0,0.0,0.0,super built up,mid,old,orris carnation residency,gurgaon,1.87
50.07,1.0,1.0,2.0,0.0,sector 47,43.0,1.0,0.0,0.0,0.0,0.0,0.0,1.0,0.0,0.0,0.0,0.0,0.0,0.0,0.0,0.0,1.0,0.0,0.0,0.0,carpet,low,old,irwo westend towers,gurgaon,1.105
106.84,2.0,2.0,2.0,1.0,sector 61,9.0,1.0,0.0,0.0,1.0,0.0,0.0,0.0,1.0,1.0,1.0,1.0,0.0,0.0,0.0,0.0,0.0,0.0,0.0,0.0,carpet,low,new,smart world orchard,gurgaon,2.686
61.41,2.0,2.0,1.0,1.0,sector 30,49.0,1.0,0.0,0.0,0.0,1.0,0.0,1.0,1.0,0.0,0.0,0.0,0.0,1.0,0.0,0.0,0.0,0.0,0.0,1.0,carpet,low,old,afnhb jalvayu vihar,gurgaon,1.4449999999999998
128.48,2.0,2.0,3.0,0.0,sector 79,5.0,0.0,0.0,0.0,0.0,0.0,0.0,0.0,0.0,0.0,0.0,0.0,0.0,1.0,0.0,0.0,0.0,0.0,0.0,1.0,built up,low,under construction,"godrej 101, sector 79",gurgaon,2.125
41.81,1.0,1.0,1.0,0.0,sector 49,15.0,0.0,0.0,0.0,0.0,1.0,0.0,1.0,1.0,0.0,0.0,0.0,0.0,1.0,0.0,0.0,0.0,0.0,0.0,0.0,carpet,low,new,satya element one,gurgaon,1.4789999999999999
212.66,3.0,4.0,3.0,1.0,sector 79,11.0,1.0,0.0,0.0,1.0,0.0,1.0,0.0,1.0,1.0,0.0,0.0,1.0,0.0,0.0,0.0,0.0,0.0,1.0,0.0,super built up,mid,new,godrej aria,gurgaon,2.8899999999999997
222.97,4.0,4.0,3.0,1.0,sector 70,10.0,1.0,0.0,0.0,1.0,0.0,1.0,0.0,1.0,1.0,0.0,0.0,0.0,0.0,1.0,0.0,0.0,0.0,0.0,0.0,carpet,high,old,tulip ivory,gurgaon,3.995
55.46,3.0,2.0,2.0,0.0,sector 88,9.0,1.0,0.0,0.0,1.0,0.0,0.0,0.0,1.0,1.0,0.0,0.0,1.0,0.0,0.0,0.0,0.0,0.0,0.0,0.0,carpet,low,new,breez global heights 88a,gurgaon,0.85
146.04,2.0,2.0,3.0,1.0,sector 79,10.0,0.0,0.0,0.0,0.0,0.0,0.0,0.0,1.0,1.0,0.0,0.0,0.0,0.0,0.0,0.0,0.0,0.0,1.0,0.0,carpet,low,new,godrej 101,gurgaon,2.397
138.89,3.0,2.0,3.0,1.0,sector 92,10.0,1.0,0.0,0.0,1.0,0.0,0.0,0.0,1.0,1.0,0.0,0.0,1.0,0.0,1.0,0.0,0.0,0.0,0.0,0.0,carpet,low,new,signature global city 92,gurgaon,1.683
298.78,4.0,5.0,3.0,1.0,sector 69,10.0,1.0,0.0,0.0,1.0,0.0,1.0,0.0,1.0,1.0,0.0,0.0,0.0,0.0,1.0,0.0,0.0,0.0,0.0,0.0,super built up,high,new,tulip violet,gurgaon,5.5249999999999995
125.42,3.0,3.0,3.0,0.0,sector 63,12.0,1.0,0.0,0.0,0.0,0.0,0.0,0.0,1.0,1.0,1.0,1.0,1.0,0.0,1.0,0.0,1.0,0.0,0.0,0.0,carpet,low,under construction,birla navya,gurgaon,5.95
181.16,4.0,5.0,3.0,1.0,sector 48,45.0,1.0,0.0,0.0,0.0,1.0,1.0,1.0,0.0,0.0,0.0,0.0,0.0,1.0,0.0,1.0,0.0,1.0,0.0,0.0,carpet,low,old,parsvnath green ville,gurgaon,4.25
70.61,2.0,2.0,1.0,0.0,sector 76,8.0,1.0,0.0,0.0,1.0,0.0,1.0,0.0,1.0,1.0,0.0,0.0,0.0,0.0,0.0,0.0,0.0,0.0,0.0,0.0,carpet,high,mid aged,pyramid pride,gurgaon,0.85
143.91,3.0,3.0,2.0,0.0,sector 61,9.0,0.0,0.0,0.0,0.0,0.0,0.0,0.0,0.0,0.0,0.0,0.0,0.0,1.0,0.0,0.0,0.0,0.0,0.0,1.0,carpet,low,mid aged,suposhaa smartworld orchard,gurgaon,3.8249999999999997
222.97,5.0,4.0,2.0,0.0,sector 21,16.0,1.0,0.0,0.0,0.0,1.0,0.0,1.0,0.0,0.0,0.0,0.0,0.0,0.0,0.0,0.0,0.0,0.0,0.0,0.0,super built up,low,old,mittal surya vihar,gurgaon,2.38
137.96,3.0,3.0,2.0,0.0,sector 85,8.0,1.0,0.0,0.0,1.0,0.0,1.0,0.0,1.0,0.0,0.0,0.0,0.0,0.0,0.0,0.0,0.0,0.0,0.0,0.0,super built up,high,new,orris carnation residency,gurgaon,1.53
55.93,2.0,2.0,1.0,0.0,sector 33,13.0,1.0,0.0,0.0,0.0,1.0,1.0,1.0,1.0,0.0,0.0,1.0,1.0,0.0,0.0,1.0,1.0,0.0,0.0,0.0,super built up,low,new,trisara our homes 3,sohna,0.612
70.14,1.0,1.0,1.0,0.0,sector 56,45.0,1.0,0.0,0.0,0.0,1.0,1.0,1.0,1.0,0.0,0.0,1.0,0.0,1.0,0.0,1.0,1.0,0.0,0.0,1.0,carpet,mid,old,kendriya vihar,gurgaon,1.105
136.57,2.0,2.0,2.0,1.0,sector 79,9.0,1.0,0.0,0.0,1.0,0.0,1.0,0.0,1.0,0.0,0.0,0.0,1.0,0.0,1.0,0.0,0.0,0.0,1.0,0.0,super built up,mid,new,godrej aria,gurgaon,2.21
126.35,2.0,2.0,1.0,0.0,sector 86,4.0,1.0,0.0,0.0,1.0,0.0,0.0,0.0,1.0,0.0,0.0,0.0,1.0,0.0,0.0,0.0,0.0,0.0,0.0,0.0,super built up,high,new,ansal heights 86,gurgaon,1.139
38.46,1.0,1.0,1.0,0.0,sector 33,10.0,1.0,0.0,0.0,1.0,0.0,1.0,0.0,1.0,1.0,0.0,0.0,0.0,0.0,1.0,0.0,0.0,1.0,0.0,0.0,super built up,low,new,breez global heights,sohna,0.425
56.21,1.0,1.0,1.0,0.0,sector 56,45.0,1.0,0.0,0.0,0.0,1.0,1.0,1.0,1.0,0.0,0.0,1.0,0.0,1.0,0.0,1.0,1.0,0.0,0.0,1.0,carpet,low,old,kendriya vihar,gurgaon,0.9859999999999999
54.16,1.0,1.0,1.0,0.0,sector 5,48.0,1.0,0.0,0.0,0.0,0.0,0.0,1.0,0.0,0.0,0.0,0.0,0.0,0.0,0.0,1.0,0.0,0.0,0.0,0.0,carpet,low,new,om apartment dayanand colony,gurgaon,0.442
69.68,3.0,2.0,2.0,0.0,sector 86,9.0,0.0,0.0,0.0,1.0,0.0,0.0,0.0,1.0,0.0,0.0,0.0,0.0,0.0,0.0,0.0,0.0,0.0,0.0,0.0,carpet,low,new,pyramid urban homes 2,gurgaon,1.02
55.83,2.0,2.0,1.0,0.0,sector 86,9.0,0.0,0.0,0.0,1.0,0.0,0.0,0.0,1.0,0.0,0.0,0.0,0.0,0.0,0.0,0.0,0.0,0.0,0.0,0.0,carpet,low,new,pyramid urban homes 2,gurgaon,0.85
152.36,3.0,2.0,3.0,1.0,sector 33,8.0,1.0,0.0,0.0,1.0,0.0,0.0,0.0,1.0,1.0,0.0,0.0,0.0,0.0,0.0,0.0,0.0,0.0,0.0,0.0,super built up,mid,new,godrej nature plus,sohna,2.295
149.57,3.0,3.0,2.0,0.0,sector 70,33.0,1.0,0.0,0.0,0.0,1.0,1.0,1.0,0.0,0.0,0.0,0.0,0.0,0.0,0.0,1.0,0.0,0.0,0.0,0.0,super built up,low,new,unitech south park,gurgaon,1.9209999999999998
279.45,4.0,1.0,0.0,0.0,sector 109,15.0,1.0,0.0,0.0,0.0,0.0,0.0,0.0,1.0,0.0,0.0,0.0,1.0,0.0,0.0,0.0,0.0,0.0,0.0,0.0,built up,low,new,raheja atharva,gurgaon,2.72
116.22,2.0,2.0,2.0,0.0,sector 89,7.0,0.0,0.0,0.0,0.0,0.0,0.0,0.0,0.0,0.0,1.0,0.0,0.0,1.0,0.0,0.0,0.0,0.0,0.0,1.0,carpet,high,mid aged,greenopolis,gurgaon,1.105
51.47,2.0,2.0,2.0,0.0,sector 33,14.0,1.0,0.0,0.0,0.0,0.0,1.0,1.0,1.0,0.0,1.0,0.0,0.0,0.0,1.0,0.0,0.0,1.0,0.0,0.0,carpet,high,new,breez global hill view,sohna,0.544
134.71,2.0,2.0,0.0,0.0,sector 103,15.0,1.0,0.0,0.0,1.0,1.0,1.0,0.0,1.0,1.0,1.0,1.0,1.0,0.0,0.0,0.0,1.0,0.0,0.0,0.0,built up,high,under construction,satya the hermitage,gurgaon,1.36
349.69,4.0,5.0,3.0,1.0,sector 28,48.0,1.0,0.0,0.0,0.0,1.0,1.0,1.0,0.0,0.0,0.0,1.0,0.0,0.0,0.0,1.0,0.0,0.0,0.0,1.0,super built up,mid,old,sahara grace,gurgaon,9.35
146.6,2.0,2.0,0.0,1.0,sector 37,8.0,1.0,0.0,0.0,1.0,1.0,0.0,0.0,1.0,0.0,0.0,0.0,1.0,0.0,0.0,0.0,0.0,0.0,0.0,0.0,built up,high,under construction,imperia the esfera,gurgaon,1.615
117.99,2.0,2.0,1.0,0.0,sector 84,10.0,1.0,0.0,0.0,1.0,1.0,1.0,1.0,1.0,0.0,0.0,0.0,0.0,0.0,0.0,0.0,0.0,0.0,0.0,0.0,super built up,mid,new,alpha corp gurgaonone 84,gurgaon,2.04
106.84,2.0,2.0,1.0,1.0,sector 61,9.0,1.0,0.0,0.0,1.0,0.0,0.0,0.0,1.0,1.0,1.0,1.0,0.0,0.0,0.0,0.0,0.0,0.0,0.0,0.0,super built up,low,mid aged,smart world orchard,gurgaon,2.635
353.59,4.0,5.0,3.0,0.0,sector 43,48.0,1.0,0.0,0.0,0.0,0.0,0.0,1.0,0.0,0.0,0.0,1.0,0.0,0.0,0.0,0.0,1.0,0.0,0.0,1.0,built up,low,under construction,the ivy,gurgaon,10.2
69.03,2.0,2.0,2.0,0.0,sector 33,5.0,0.0,0.0,0.0,0.0,0.0,0.0,0.0,0.0,0.0,0.0,0.0,0.0,0.0,0.0,0.0,0.0,0.0,0.0,1.0,built up,low,under construction,hcbs sports ville,sohna,0.51
155.33,3.0,3.0,2.0,0.0,sector 76,11.0,1.0,0.0,0.0,0.0,0.0,1.0,0.0,1.0,1.0,0.0,1.0,0.0,0.0,0.0,0.0,0.0,0.0,0.0,0.0,built up,low,under construction,whiteland blissville,gurgaon,3.264
126.26,3.0,2.0,2.0,0.0,sector 106,20.0,1.0,0.0,0.0,0.0,0.0,0.0,1.0,0.0,0.0,0.0,0.0,0.0,0.0,0.0,1.0,0.0,0.0,0.0,0.0,built up,mid,under construction,mrg skyline,gurgaon,3.094
62.43,2.0,2.0,1.0,0.0,sector 89,6.0,1.0,0.0,0.0,1.0,0.0,0.0,0.0,1.0,1.0,0.0,0.0,0.0,0.0,0.0,0.0,0.0,0.0,0.0,0.0,built up,mid,new,adani aangan arcade,gurgaon,0.85
46.45,1.0,1.0,1.0,0.0,sector 89,3.0,0.0,0.0,0.0,0.0,0.0,0.0,0.0,0.0,0.0,1.0,0.0,0.0,1.0,0.0,0.0,0.0,0.0,0.0,0.0,super built up,mid,new,adani aangan galleria,gurgaon,0.425
189.52,4.0,3.0,3.0,1.0,sector 92,7.0,1.0,0.0,0.0,0.0,0.0,0.0,0.0,0.0,0.0,0.0,0.0,0.0,1.0,0.0,0.0,0.0,0.0,0.0,0.0,built up,high,under construction,sare green parc 2,gurgaon,1.819
125.42,2.0,3.0,2.0,0.0,sector 90,10.0,1.0,0.0,0.0,1.0,0.0,1.0,0.0,1.0,1.0,0.0,0.0,1.0,0.0,1.0,0.0,0.0,0.0,0.0,0.0,built up,low,under construction,shree vardhman flora,gurgaon,1.36
60.39,1.0,1.0,0.0,0.0,sector 82,10.0,0.0,0.0,0.0,0.0,0.0,0.0,0.0,0.0,0.0,0.0,0.0,0.0,1.0,0.0,0.0,0.0,0.0,0.0,1.0,built up,mid,under construction,spectrum centre,gurgaon,1.054
128.67,2.0,2.0,3.0,0.0,sector 33,8.0,1.0,0.0,0.0,1.0,0.0,0.0,0.0,1.0,1.0,0.0,0.0,0.0,0.0,0.0,0.0,0.0,0.0,0.0,0.0,built up,high,under construction,godrej nature plus,sohna,2.125
102.47,2.0,2.0,0.0,0.0,sector 89,14.0,1.0,0.0,0.0,1.0,0.0,1.0,0.0,1.0,0.0,1.0,1.0,1.0,0.0,1.0,0.0,0.0,0.0,0.0,0.0,built up,low,under construction,smart world gems,gurgaon,1.496
115.66,2.0,2.0,3.0,0.0,sector 82,8.0,1.0,0.0,0.0,1.0,0.0,0.0,0.0,1.0,1.0,0.0,0.0,1.0,0.0,1.0,0.0,0.0,0.0,0.0,0.0,carpet,high,under construction,vatika india next,gurgaon,1.36
128.21,2.0,2.0,2.0,0.0,sector 33,8.0,1.0,0.0,0.0,1.0,0.0,0.0,0.0,1.0,1.0,0.0,0.0,0.0,0.0,0.0,0.0,0.0,0.0,0.0,0.0,carpet,high,under construction,godrej nature plus,sohna,1.87
117.15,3.0,2.0,2.0,0.0,sector 92,49.0,1.0,0.0,0.0,0.0,1.0,1.0,1.0,1.0,0.0,0.0,1.0,0.0,0.0,0.0,0.0,1.0,0.0,0.0,1.0,built up,high,under construction,sare green parc,gurgaon,1.4449999999999998
483.1,5.0,7.0,3.0,1.0,sector 52,47.0,1.0,0.0,0.0,0.0,1.0,0.0,1.0,0.0,0.0,0.0,1.0,0.0,1.0,0.0,1.0,1.0,0.0,0.0,1.0,carpet,low,old,residency grand,gurgaon,8.5
166.67,3.0,3.0,3.0,0.0,sector 88,7.0,1.0,0.0,0.0,0.0,1.0,0.0,0.0,1.0,0.0,0.0,0.0,1.0,0.0,0.0,0.0,0.0,0.0,0.0,0.0,carpet,high,new,godrej oasis,gurgaon,2.465
1683.59,4.0,5.0,3.0,1.0,sector 85,8.0,1.0,0.0,0.0,1.0,0.0,0.0,0.0,1.0,1.0,0.0,0.0,1.0,0.0,0.0,0.0,0.0,0.0,0.0,0.0,carpet,high,mid aged,godrej air,gurgaon,4.25
132.2,3.0,3.0,3.0,1.0,sector 89,14.0,1.0,0.0,0.0,1.0,0.0,1.0,0.0,1.0,0.0,1.0,1.0,1.0,0.0,1.0,0.0,0.0,0.0,0.0,0.0,super built up,low,mid aged,smart world gems,gurgaon,2.125
83.61,3.0,2.0,2.0,0.0,sector 6,50.0,1.0,0.0,0.0,0.0,0.0,0.0,1.0,1.0,0.0,0.0,0.0,0.0,1.0,0.0,1.0,0.0,0.0,0.0,0.0,carpet,low,old,ss residency,gurgaon,0.816
162.58,3.0,3.0,3.0,1.0,sector 67,12.0,0.0,0.0,0.0,1.0,0.0,1.0,0.0,1.0,1.0,0.0,1.0,0.0,0.0,1.0,0.0,0.0,0.0,0.0,0.0,super built up,high,new,ireo the corridors,gurgaon,3.4
53.88,2.0,2.0,1.0,0.0,sector 33,5.0,0.0,0.0,0.0,0.0,0.0,0.0,0.0,0.0,0.0,0.0,0.0,0.0,0.0,0.0,0.0,0.0,0.0,0.0,1.0,carpet,mid,new,hcbs sports ville,sohna,0.544
126.35,2.0,2.0,1.0,0.0,sector 86,4.0,1.0,0.0,0.0,1.0,0.0,0.0,0.0,1.0,0.0,0.0,0.0,1.0,0.0,0.0,0.0,0.0,0.0,0.0,0.0,super built up,high,new,ansal heights 86,gurgaon,1.394
52.86,2.0,2.0,1.0,0.0,sector 104,9.0,1.0,0.0,0.0,1.0,0.0,1.0,0.0,1.0,1.0,0.0,0.0,0.0,0.0,1.0,0.0,0.0,0.0,0.0,0.0,super built up,high,new,zara aavaas,gurgaon,0.68
83.61204013377927,2.0,2.0,2.0,0.0,sector 33,8.0,1.0,0.0,0.0,1.0,0.0,0.0,0.0,1.0,1.0,0.0,0.0,0.0,0.0,0.0,0.0,0.0,0.0,0.0,0.0,carpet,high,mid aged,godrej nature plus,sohna,1.9549999999999998
68483.2,2.0,2.0,2.0,0.0,sector 33,5.0,0.0,0.0,0.0,0.0,0.0,0.0,0.0,0.0,0.0,0.0,0.0,0.0,0.0,0.0,0.0,0.0,0.0,0.0,1.0,built up,high,new,hcbs sports ville,sohna,0.595
125.42,3.0,2.0,3.0,1.0,sector 84,3.0,0.0,0.0,0.0,0.0,1.0,1.0,0.0,1.0,0.0,0.0,0.0,0.0,0.0,0.0,0.0,0.0,0.0,0.0,0.0,super built up,high,new,antriksh heights,gurgaon,1.5979999999999999
144.56,3.0,2.0,2.0,0.0,sector 92,49.0,1.0,0.0,0.0,0.0,1.0,1.0,1.0,1.0,0.0,0.0,1.0,0.0,0.0,0.0,0.0,1.0,0.0,0.0,1.0,built up,high,under construction,sare green parc,gurgaon,1.275
152.36,2.0,2.0,2.0,0.0,sector 85,13.0,1.0,0.0,0.0,1.0,0.0,1.0,0.0,1.0,1.0,0.0,0.0,1.0,0.0,1.0,0.0,0.0,0.0,1.0,0.0,super built up,high,new,ss the leaf,gurgaon,2.21
1.8580999999999999,3.0,3.0,3.0,1.0,sector 84,12.0,1.0,0.0,0.0,1.0,0.0,0.0,0.0,1.0,1.0,0.0,0.0,1.0,0.0,1.0,0.0,0.0,0.0,0.0,0.0,super built up,low,new,ss almeria,gurgaon,2.55
190.45,3.0,3.0,3.0,1.0,sector 92,8.0,1.0,0.0,0.0,0.0,0.0,0.0,0.0,0.0,0.0,0.0,0.0,0.0,1.0,0.0,0.0,0.0,0.0,0.0,0.0,carpet,high,mid aged,sare petioles,gurgaon,2.125
76.37,2.0,1.0,2.0,0.0,sector 33,8.0,1.0,0.0,0.0,0.0,0.0,0.0,0.0,1.0,1.0,1.0,1.0,0.0,0.0,0.0,0.0,0.0,0.0,0.0,0.0,carpet,low,new,signature global park,sohna,1.105
111.48,2.0,2.0,3.0,1.0,sector 10,49.0,1.0,0.0,0.0,0.0,0.0,0.0,0.0,0.0,0.0,0.0,0.0,0.0,0.0,0.0,0.0,1.0,0.0,0.0,0.0,super built up,high,new,maxworth city residences,gurgaon,1.53
125.42,2.0,2.0,3.0,0.0,sector 88,7.0,1.0,0.0,0.0,0.0,0.0,0.0,0.0,1.0,0.0,0.0,0.0,1.0,0.0,0.0,0.0,0.0,0.0,0.0,0.0,built up,low,new,vatika xpressions,gurgaon,1.564
152.55,3.0,3.0,3.0,1.0,sector 63,6.0,0.0,0.0,0.0,0.0,0.0,0.0,0.0,0.0,1.0,0.0,1.0,0.0,0.0,0.0,0.0,1.0,0.0,0.0,0.0,built up,high,new,dhoot time residency,gurgaon,5.1
76.55,2.0,2.0,2.0,0.0,sector 33,8.0,1.0,0.0,0.0,0.0,0.0,0.0,0.0,1.0,1.0,1.0,1.0,0.0,0.0,0.0,0.0,0.0,0.0,0.0,0.0,carpet,low,new,signature global park,sohna,1.1560000000000001
97.55,2.0,2.0,0.0,0.0,sector 51,46.0,1.0,0.0,0.0,0.0,0.0,1.0,1.0,0.0,0.0,0.0,0.0,0.0,0.0,0.0,1.0,0.0,0.0,0.0,0.0,carpet,mid,new,samaspurkunj,gurgaon,0.935
132.2,3.0,3.0,3.0,1.0,sector 89,9.0,1.0,0.0,0.0,0.0,0.0,0.0,0.0,1.0,1.0,0.0,0.0,1.0,0.0,0.0,0.0,0.0,0.0,0.0,0.0,built up,mid,mid aged,m3m soulitude,gurgaon,2.261
126.91,2.0,2.0,3.0,0.0,sector 107,6.0,0.0,0.0,0.0,0.0,0.0,0.0,0.0,1.0,1.0,0.0,0.0,0.0,0.0,0.0,0.0,0.0,0.0,0.0,0.0,super built up,high,new,m3m woodshire,gurgaon,1.36
144.0,3.0,2.0,3.0,1.0,sector 89,11.0,1.0,0.0,0.0,1.0,0.0,1.0,0.0,1.0,1.0,0.0,0.0,1.0,0.0,1.0,0.0,0.0,0.0,0.0,0.0,super built up,mid,old,tulip petals,gurgaon,2.635
154.4,3.0,3.0,3.0,0.0,sector 50,43.0,1.0,0.0,0.0,0.0,1.0,1.0,1.0,1.0,0.0,0.0,0.0,0.0,0.0,0.0,1.0,0.0,1.0,0.0,1.0,built up,high,under construction,unitech fresco,gurgaon,3.145
92.72,2.0,2.0,2.0,0.0,sector 92,8.0,1.0,0.0,0.0,0.0,0.0,0.0,0.0,0.0,0.0,0.0,0.0,0.0,1.0,0.0,0.0,0.0,0.0,0.0,0.0,carpet,low,new,sare crescent parc,gurgaon,0.833
144.93,3.0,2.0,3.0,1.0,sector 17,48.0,1.0,0.0,0.0,0.0,0.0,1.0,1.0,0.0,0.0,0.0,1.0,0.0,0.0,0.0,0.0,1.0,0.0,0.0,1.0,super built up,low,old,essel tower,gurgaon,3.145
240.15,3.0,4.0,3.0,1.0,sector 109,11.0,1.0,0.0,0.0,1.0,0.0,0.0,0.0,1.0,1.0,0.0,1.0,1.0,0.0,0.0,0.0,0.0,0.0,1.0,0.0,super built up,high,new,ats tourmaline,gurgaon,3.9099999999999997
125.42,2.0,2.0,2.0,1.0,sector 67,12.0,0.0,0.0,0.0,1.0,0.0,1.0,0.0,1.0,1.0,0.0,1.0,0.0,0.0,1.0,0.0,0.0,0.0,0.0,0.0,carpet,high,new,ireo the corridors,gurgaon,2.55
128.67,2.0,2.0,3.0,0.0,sector 33,8.0,1.0,0.0,0.0,1.0,0.0,0.0,0.0,1.0,1.0,0.0,0.0,0.0,0.0,0.0,0.0,0.0,0.0,0.0,0.0,carpet,high,under construction,godrej nature plus,sohna,2.125
124.49,2.0,2.0,2.0,0.0,sector 77,10.0,1.0,0.0,0.0,1.0,0.0,1.0,0.0,1.0,1.0,0.0,0.0,1.0,0.0,0.0,0.0,0.0,0.0,0.0,0.0,carpet,low,new,umang winter hills,gurgaon,1.7
182.09,3.0,3.0,3.0,0.0,sector 89,8.0,1.0,0.0,0.0,1.0,0.0,0.0,0.0,1.0,1.0,1.0,0.0,1.0,0.0,0.0,0.0,0.0,0.0,0.0,0.0,super built up,mid,new,vatika seven elements,gurgaon,2.72
236.16,4.0,3.0,3.0,1.0,sector 95,5.0,1.0,0.0,0.0,0.0,0.0,0.0,0.0,0.0,0.0,0.0,0.0,0.0,1.0,0.0,0.0,0.0,0.0,0.0,0.0,carpet,high,new,siddhartha apartment,gurgaon,1.87
151.43,3.0,4.0,2.0,0.0,sector 92,10.0,1.0,0.0,0.0,1.0,0.0,0.0,0.0,1.0,1.0,0.0,0.0,1.0,0.0,1.0,0.0,0.0,0.0,0.0,0.0,super built up,low,mid aged,dlf garden city floors,gurgaon,2.8899999999999997
246.19,4.0,6.0,3.0,1.0,sector 76,4.0,0.0,0.0,0.0,1.0,0.0,0.0,0.0,1.0,0.0,0.0,0.0,1.0,0.0,0.0,0.0,0.0,0.0,0.0,0.0,super built up,high,new,corona gracieux,gurgaon,2.4819999999999998
100.43,2.0,2.0,2.0,0.0,sector 63,13.0,1.0,0.0,0.0,0.0,0.0,1.0,0.0,1.0,1.0,0.0,1.0,0.0,0.0,1.0,0.0,1.0,1.0,0.0,0.0,super built up,low,mid aged,signature global city 63a,gurgaon,2.8049999999999997
83.61204013377927,3.0,3.0,3.0,0.0,sector 88,7.0,1.0,0.0,0.0,0.0,1.0,0.0,0.0,1.0,0.0,0.0,0.0,1.0,0.0,0.0,0.0,0.0,0.0,0.0,0.0,carpet,high,new,godrej oasis,gurgaon,4.505
33.62,1.0,2.0,2.0,0.0,sector 103,11.0,0.0,0.0,0.0,0.0,0.0,0.0,0.0,1.0,0.0,0.0,0.0,1.0,0.0,0.0,0.0,0.0,0.0,0.0,0.0,carpet,mid,new,signature global grand iva,gurgaon,0.51
70.89,3.0,2.0,2.0,0.0,sector 104,9.0,1.0,0.0,0.0,1.0,0.0,1.0,0.0,1.0,1.0,0.0,0.0,0.0,0.0,1.0,0.0,0.0,0.0,0.0,0.0,carpet,mid,new,zara aavaas,gurgaon,1.105
151.43,3.0,3.0,2.0,1.0,sector 61,9.0,1.0,0.0,0.0,1.0,0.0,0.0,0.0,1.0,1.0,1.0,1.0,0.0,0.0,0.0,0.0,0.0,0.0,0.0,0.0,carpet,low,under construction,smart world orchard,gurgaon,4.369
93.83,2.0,2.0,3.0,1.0,sector 92,10.0,1.0,0.0,0.0,1.0,0.0,0.0,0.0,1.0,1.0,0.0,0.0,1.0,0.0,1.0,0.0,0.0,0.0,0.0,0.0,super built up,low,new,signature global city 92,gurgaon,1.326
71.26,2.0,2.0,1.0,1.0,sector 95,3.0,1.0,0.0,0.0,0.0,0.0,0.0,0.0,0.0,0.0,0.0,0.0,0.0,0.0,0.0,0.0,0.0,0.0,0.0,0.0,super built up,high,new,ramsons kshitij,gurgaon,0.561
138.61,2.0,2.0,2.0,0.0,sector 33,7.0,1.0,0.0,0.0,0.0,0.0,0.0,0.0,1.0,0.0,0.0,0.0,1.0,0.0,0.0,0.0,0.0,0.0,0.0,0.0,built up,high,under construction,eldeco accolade,sohna,2.04
83.61,3.0,2.0,1.0,0.0,sector 3,48.0,1.0,0.0,0.0,0.0,0.0,0.0,0.0,0.0,0.0,0.0,0.0,0.0,0.0,0.0,1.0,0.0,0.0,0.0,0.0,carpet,low,new,om appartments,gurgaon,0.68
71.54,2.0,2.0,1.0,0.0,sector 15,50.0,1.0,0.0,0.0,0.0,1.0,0.0,1.0,1.0,0.0,0.0,0.0,0.0,1.0,0.0,1.0,0.0,0.0,0.0,1.0,carpet,low,new,the pearl apartmen,gurgaon,0.731
390.19,4.0,6.0,3.0,1.0,sector 81,9.0,0.0,0.0,0.0,1.0,0.0,0.0,0.0,1.0,0.0,0.0,0.0,1.0,0.0,0.0,0.0,0.0,0.0,0.0,0.0,super built up,high,new,bestech park view grand spa,gurgaon,7.6499999999999995
60.39,2.0,2.0,2.0,0.0,sector 107,10.0,0.0,0.0,0.0,1.0,0.0,0.0,0.0,1.0,0.0,0.0,0.0,1.0,0.0,0.0,0.0,0.0,0.0,0.0,0.0,super built up,low,new,signature global solera,gurgaon,0.646
92.9,2.0,2.0,2.0,0.0,sector 36,7.0,1.0,0.0,0.0,0.0,0.0,0.0,0.0,0.0,0.0,0.0,0.0,0.0,1.0,0.0,0.0,0.0,0.0,0.0,0.0,super built up,mid,new,avl 36 gurgaon,gurgaon,1.275
234.12,3.0,3.0,3.0,0.0,sector 113,12.0,1.0,0.0,0.0,1.0,0.0,1.0,0.0,1.0,1.0,0.0,1.0,1.0,0.0,0.0,0.0,0.0,0.0,0.0,0.0,super built up,high,new,tata gurgaon gateway,gurgaon,5.457
51.48,2.0,2.0,2.0,0.0,sector 33,14.0,1.0,0.0,0.0,0.0,0.0,1.0,1.0,1.0,0.0,1.0,0.0,0.0,0.0,1.0,0.0,0.0,1.0,0.0,0.0,carpet,high,new,breez global hill view,sohna,0.595
115.11,2.0,2.0,1.0,0.0,sector 78,7.0,1.0,0.0,0.0,0.0,0.0,0.0,1.0,0.0,0.0,0.0,1.0,0.0,0.0,0.0,0.0,0.0,0.0,0.0,0.0,built up,mid,under construction,umang monsoon breeze,gurgaon,1.275
181.72,4.0,3.0,3.0,0.0,sector 92,11.0,0.0,0.0,0.0,0.0,0.0,0.0,0.0,1.0,1.0,0.0,1.0,1.0,0.0,0.0,0.0,0.0,0.0,0.0,0.0,super built up,mid,old,sare green parc phase 3,gurgaon,1.615
165.37,3.0,3.0,0.0,0.0,sector 81,15.0,1.0,0.0,0.0,0.0,0.0,0.0,0.0,0.0,0.0,0.0,0.0,0.0,1.0,0.0,0.0,0.0,0.0,0.0,1.0,built up,mid,under construction,lavanya apartments,gurgaon,1.53
55.46,2.0,2.0,0.0,0.0,sector 93,8.0,0.0,0.0,0.0,1.0,0.0,0.0,0.0,1.0,1.0,0.0,0.0,0.0,0.0,0.0,0.0,0.0,0.0,0.0,0.0,built up,high,under construction,signature global orchard avenue,gurgaon,1.4449999999999998
151.25,3.0,3.0,2.0,0.0,sector 76,11.0,1.0,0.0,0.0,0.0,0.0,1.0,0.0,1.0,1.0,0.0,1.0,0.0,0.0,0.0,0.0,0.0,0.0,0.0,0.0,built up,low,under construction,whiteland blissville,gurgaon,3.264
132.2,3.0,3.0,2.0,0.0,sector 89,14.0,1.0,0.0,0.0,1.0,0.0,1.0,0.0,1.0,0.0,1.0,1.0,1.0,0.0,1.0,0.0,0.0,0.0,0.0,0.0,built up,low,under construction,smart world gems,gurgaon,2.04
125.42,3.0,3.0,1.0,1.0,sector 37,12.0,1.0,0.0,0.0,0.0,0.0,1.0,0.0,1.0,0.0,0.0,0.0,1.0,0.0,0.0,1.0,0.0,0.0,0.0,0.0,carpet,low,mid aged,signature global city 37d ph 2,gurgaon,1.87
278.43,4.0,4.0,3.0,1.0,sector 54,3.0,0.0,0.0,0.0,0.0,0.0,0.0,0.0,0.0,0.0,0.0,0.0,0.0,0.0,0.0,0.0,0.0,0.0,0.0,1.0,super built up,high,old,dlf royalton tower,gurgaon,11.049999999999999
116.13,2.0,2.0,2.0,0.0,sector 61,9.0,1.0,0.0,0.0,1.0,0.0,0.0,0.0,1.0,1.0,1.0,1.0,0.0,0.0,0.0,0.0,0.0,0.0,0.0,0.0,carpet,low,new,smart world orchard,gurgaon,3.145
104.98,2.0,2.0,2.0,0.0,sector 2,11.0,0.0,0.0,0.0,1.0,1.0,0.0,0.0,1.0,0.0,0.0,1.0,0.0,0.0,0.0,0.0,0.0,0.0,0.0,0.0,built up,mid,under construction,suncity vatsal valley,gurgaon,2.3459999999999996
301.93,4.0,4.0,0.0,0.0,sector 28,45.0,1.0,0.0,0.0,0.0,0.0,1.0,1.0,0.0,0.0,0.0,1.0,0.0,0.0,0.0,1.0,1.0,0.0,0.0,1.0,built up,high,under construction,unitech heritage city,gurgaon,7.241999999999999
137.4,2.0,2.0,2.0,0.0,sector 36,14.0,1.0,0.0,0.0,1.0,0.0,1.0,0.0,1.0,1.0,0.0,1.0,1.0,0.0,1.0,0.0,1.0,0.0,0.0,0.0,built up,high,under construction,krisumi waterfall residences,gurgaon,3.9099999999999997
222.97,3.0,3.0,3.0,0.0,sector 63,12.0,1.0,0.0,0.0,0.0,0.0,0.0,0.0,1.0,1.0,1.0,1.0,1.0,0.0,1.0,0.0,1.0,0.0,0.0,0.0,carpet,low,mid aged,birla navya,gurgaon,6.29
27.99,1.0,2.0,2.0,0.0,sector 104,9.0,1.0,0.0,0.0,1.0,0.0,1.0,0.0,1.0,1.0,0.0,0.0,0.0,0.0,1.0,0.0,0.0,0.0,0.0,0.0,carpet,low,new,zara aavaas,gurgaon,0.374
60.39,2.0,2.0,3.0,0.0,sector 37,15.0,1.0,0.0,0.0,0.0,0.0,0.0,0.0,1.0,0.0,1.0,0.0,1.0,0.0,0.0,0.0,1.0,0.0,0.0,0.0,super built up,mid,new,signature global the millennia,gurgaon,1.02
216.0,3.0,4.0,3.0,1.0,sector 111,25.0,1.0,0.0,0.0,0.0,1.0,0.0,0.0,1.0,0.0,0.0,1.0,0.0,0.0,0.0,1.0,0.0,0.0,0.0,0.0,super built up,high,under construction,kashish manor one,gurgaon,2.8049999999999997
27.96,1.0,2.0,2.0,0.0,sector 104,9.0,1.0,0.0,0.0,1.0,0.0,1.0,0.0,1.0,1.0,0.0,0.0,0.0,0.0,1.0,0.0,0.0,0.0,0.0,0.0,carpet,low,new,zara aavaas,gurgaon,0.34
148.64,3.0,4.0,3.0,1.0,sector 92,8.0,1.0,0.0,0.0,0.0,0.0,0.0,0.0,0.0,0.0,0.0,0.0,0.0,1.0,0.0,0.0,0.0,0.0,0.0,0.0,carpet,low,old,apartment,gurgaon,1.275
288.0,4.0,5.0,3.0,1.0,sector 48,43.0,1.0,0.0,0.0,0.0,0.0,1.0,1.0,0.0,0.0,0.0,0.0,0.0,0.0,0.0,1.0,0.0,0.0,0.0,0.0,carpet,mid,new,vipul world floors,gurgaon,7.31
181.16,3.0,3.0,3.0,1.0,sector 70,15.0,1.0,0.0,0.0,1.0,0.0,1.0,1.0,0.0,0.0,0.0,0.0,0.0,1.0,0.0,0.0,0.0,0.0,0.0,0.0,super built up,high,new,shree vardhman victoria,gurgaon,3.23
163.51,3.0,4.0,3.0,1.0,sector 28,48.0,1.0,0.0,0.0,0.0,1.0,1.0,1.0,0.0,0.0,0.0,1.0,0.0,0.0,0.0,1.0,0.0,0.0,0.0,1.0,carpet,low,old,essel tower,gurgaon,3.74
222.97,3.0,3.0,3.0,0.0,sector 39,46.0,1.0,0.0,0.0,0.0,0.0,0.0,1.0,0.0,0.0,0.0,0.0,0.0,0.0,0.0,0.0,1.0,0.0,0.0,0.0,built up,low,under construction,milan cghs 9,gurgaon,3.4
78.97,1.0,1.0,1.0,0.0,sector 49,43.0,1.0,0.0,0.0,0.0,0.0,1.0,1.0,0.0,0.0,0.0,0.0,0.0,0.0,0.0,0.0,0.0,0.0,0.0,0.0,built up,high,under construction,element one service,gurgaon,1.7
150.22,3.0,2.0,3.0,1.0,sector 88,14.0,0.0,0.0,0.0,0.0,0.0,0.0,0.0,1.0,0.0,0.0,0.0,0.0,0.0,0.0,0.0,0.0,0.0,0.0,0.0,super built up,high,new,godrej icon,gurgaon,2.754
204.39,3.0,3.0,0.0,0.0,sector 1,25.0,1.0,0.0,0.0,0.0,1.0,0.0,0.0,1.0,0.0,0.0,1.0,0.0,0.0,0.0,1.0,0.0,0.0,0.0,0.0,built up,mid,under construction,dnha cghs,gurgaon,1.4449999999999998
57.88,2.0,2.0,2.0,0.0,sector 33,47.0,1.0,0.0,0.0,0.0,0.0,0.0,1.0,0.0,0.0,0.0,0.0,0.0,0.0,0.0,0.0,1.0,0.0,0.0,0.0,built up,mid,under construction,breeze global heights,gurgaon,0.68
190.82,3.0,3.0,3.0,1.0,sector 65,9.0,1.0,0.0,0.0,0.0,0.0,1.0,0.0,1.0,1.0,0.0,1.0,0.0,0.0,1.0,0.0,0.0,0.0,0.0,0.0,carpet,high,new,m3m skycity,gurgaon,5.95
142.61,3.0,3.0,3.0,1.0,sector 37,12.0,1.0,0.0,0.0,0.0,0.0,1.0,0.0,1.0,0.0,0.0,0.0,1.0,0.0,0.0,1.0,0.0,0.0,0.0,0.0,built up,low,new,signature global city 37d ph 2,gurgaon,2.3120000000000003
139.35,3.0,3.0,3.0,0.0,sector 65,46.0,1.0,0.0,0.0,0.0,1.0,1.0,1.0,0.0,0.0,0.0,0.0,0.0,0.0,0.0,1.0,0.0,1.0,0.0,0.0,super built up,high,under construction,pareena micasa,gurgaon,2.21
151.43,3.0,3.0,3.0,0.0,sector 61,9.0,1.0,0.0,0.0,1.0,0.0,0.0,0.0,1.0,1.0,1.0,1.0,0.0,0.0,0.0,0.0,0.0,0.0,0.0,0.0,built up,low,new,smart world orchard,gurgaon,4.097
175.03,3.0,3.0,2.0,0.0,sector 33,15.0,1.0,0.0,0.0,0.0,0.0,1.0,0.0,1.0,1.0,0.0,0.0,0.0,0.0,1.0,0.0,1.0,0.0,0.0,0.0,carpet,low,under construction,central park flower valley,sohna,4.25
232.26,4.0,3.0,1.0,0.0,sector 104,33.0,1.0,0.0,0.0,0.0,0.0,0.0,1.0,0.0,0.0,0.0,0.0,0.0,0.0,0.0,1.0,0.0,0.0,0.0,0.0,super built up,low,new,dlf city,gurgaon,3.4339999999999997
106.84,2.0,2.0,2.0,1.0,sector 61,9.0,1.0,0.0,0.0,1.0,0.0,0.0,0.0,1.0,1.0,1.0,1.0,0.0,0.0,0.0,0.0,0.0,0.0,0.0,0.0,carpet,mid,new,smart world orchard,gurgaon,2.499
31.6,1.0,1.0,1.0,0.0,sector 33,10.0,0.0,0.0,0.0,0.0,0.0,0.0,1.0,0.0,0.0,0.0,0.0,0.0,0.0,0.0,0.0,0.0,0.0,0.0,1.0,carpet,high,new,mvn athens,sohna,0.408
199.74,3.0,4.0,2.0,0.0,sector 43,14.0,0.0,0.0,0.0,0.0,1.0,1.0,0.0,1.0,1.0,0.0,1.0,0.0,0.0,1.0,0.0,1.0,1.0,0.0,0.0,super built up,mid,mid aged,silverglades hightown residences,gurgaon,7.14
258.27,3.0,4.0,3.0,1.0,sector 99,10.0,1.0,0.0,0.0,1.0,0.0,1.0,0.0,1.0,1.0,0.0,0.0,1.0,0.0,1.0,0.0,0.0,0.0,0.0,0.0,super built up,low,new,vatika sovereign park,gurgaon,4.165
168.62,3.0,3.0,0.0,0.0,sector 79,9.0,0.0,0.0,0.0,1.0,0.0,0.0,0.0,1.0,1.0,0.0,1.0,1.0,0.0,0.0,0.0,0.0,0.0,0.0,0.0,built up,high,under construction,mapsko mount ville,gurgaon,2.8049999999999997
169.55,3.0,3.0,2.0,0.0,sector 85,8.0,1.0,0.0,0.0,1.0,0.0,0.0,0.0,1.0,1.0,0.0,0.0,1.0,0.0,0.0,0.0,0.0,0.0,0.0,0.0,built up,high,under construction,godrej air,gurgaon,2.975
114.74,2.0,2.0,2.0,1.0,sector 63,13.0,1.0,0.0,0.0,0.0,0.0,1.0,0.0,1.0,1.0,0.0,1.0,0.0,0.0,1.0,0.0,1.0,1.0,0.0,0.0,carpet,low,mid aged,signature global city 63a,gurgaon,2.38
52.86,2.0,2.0,2.0,0.0,sector 95,12.0,0.0,0.0,0.0,1.0,0.0,0.0,0.0,1.0,1.0,0.0,0.0,1.0,1.0,1.0,0.0,0.0,0.0,0.0,0.0,carpet,low,new,signature the roselia,gurgaon,0.765
141.77,3.0,3.0,3.0,0.0,sector 1,10.0,1.0,0.0,0.0,0.0,0.0,0.0,0.0,0.0,0.0,0.0,0.0,0.0,1.0,0.0,0.0,0.0,0.0,0.0,1.0,built up,low,old,sbr apartment,manesar,1.1560000000000001
103.12,2.0,2.0,3.0,1.0,sector 89,14.0,1.0,0.0,0.0,1.0,0.0,1.0,0.0,1.0,0.0,1.0,1.0,1.0,0.0,1.0,0.0,0.0,0.0,0.0,0.0,carpet,low,new,smart world gems,gurgaon,1.7
212.75,3.0,4.0,3.0,1.0,sector 104,13.0,1.0,0.0,0.0,1.0,0.0,1.0,0.0,1.0,1.0,0.0,1.0,1.0,0.0,1.0,0.0,1.0,0.0,0.0,0.0,super built up,mid,new,ats triumph,gurgaon,3.4
125.42,2.0,2.0,2.0,0.0,sector 33,8.0,1.0,0.0,0.0,1.0,0.0,0.0,0.0,1.0,0.0,0.0,0.0,1.0,0.0,0.0,0.0,0.0,0.0,0.0,0.0,built up,mid,old,silverglades the melia,sohna,1.275
312.15,4.0,4.0,3.0,1.0,sector 99,10.0,1.0,0.0,0.0,1.0,0.0,1.0,0.0,1.0,1.0,0.0,0.0,1.0,0.0,1.0,0.0,0.0,0.0,0.0,0.0,super built up,low,new,vatika sovereign park,gurgaon,5.5249999999999995
135.36,2.0,2.0,3.0,1.0,sector 33,7.0,1.0,0.0,0.0,0.0,0.0,0.0,0.0,1.0,0.0,0.0,0.0,1.0,0.0,0.0,0.0,0.0,0.0,0.0,0.0,super built up,high,new,eldeco accolade,sohna,1.87
137.5,3.0,2.0,3.0,0.0,sector 86,10.0,1.0,0.0,0.0,1.0,0.0,0.0,0.0,1.0,1.0,0.0,0.0,1.0,0.0,0.0,0.0,0.0,0.0,0.0,0.0,built up,high,new,microtek greenburg,gurgaon,2.465
299.61,4.0,4.0,0.0,0.0,sector 99,10.0,1.0,0.0,0.0,1.0,0.0,1.0,0.0,1.0,1.0,0.0,0.0,1.0,0.0,1.0,0.0,0.0,0.0,0.0,0.0,built up,mid,mid aged,vatika sovereign park,gurgaon,5.44
50.5,2.0,2.0,2.0,0.0,sector 93,8.0,0.0,0.0,0.0,1.0,0.0,0.0,0.0,1.0,1.0,0.0,0.0,0.0,0.0,0.0,0.0,0.0,0.0,0.0,0.0,carpet,high,new,signature global orchard avenue,gurgaon,0.68
102.47,2.0,2.0,2.0,1.0,sector 89,14.0,1.0,0.0,0.0,1.0,0.0,1.0,0.0,1.0,0.0,1.0,1.0,1.0,0.0,1.0,0.0,0.0,0.0,0.0,0.0,carpet,mid,new,smart world gems,gurgaon,1.615
213.21,3.0,4.0,3.0,0.0,sector 59,15.0,1.0,0.0,0.0,1.0,0.0,1.0,0.0,1.0,1.0,1.0,1.0,0.0,0.0,0.0,0.0,0.0,0.0,0.0,0.0,super built up,low,mid aged,conscient elevate,gurgaon,7.225
51.45,2.0,2.0,2.0,0.0,sector 107,3.0,0.0,0.0,0.0,0.0,0.0,0.0,0.0,0.0,1.0,0.0,0.0,1.0,0.0,0.0,0.0,0.0,0.0,0.0,0.0,carpet,high,new,signature global solera 2,gurgaon,0.629
167.69,3.0,4.0,2.0,0.0,sector 93,9.0,1.0,0.0,0.0,1.0,0.0,0.0,0.0,1.0,1.0,0.0,0.0,1.0,0.0,1.0,0.0,0.0,0.0,0.0,0.0,super built up,high,new,spaze privvy the address,gurgaon,2.125
102.19,2.0,2.0,2.0,0.0,sector 69,42.0,1.0,0.0,0.0,0.0,1.0,1.0,1.0,0.0,0.0,0.0,0.0,0.0,0.0,0.0,1.0,0.0,1.0,0.0,0.0,built up,mid,old,surendra avenue 69,gurgaon,1.275
78.97,2.0,2.0,1.0,0.0,sector 110,17.0,1.0,0.0,0.0,0.0,0.0,0.0,0.0,1.0,0.0,0.0,1.0,0.0,0.0,0.0,1.0,0.0,0.0,0.0,1.0,built up,low,new,krishna apartment,gurgaon,0.595
219.81,3.0,4.0,3.0,1.0,sector 79,10.0,0.0,0.0,0.0,0.0,0.0,0.0,0.0,1.0,1.0,0.0,0.0,0.0,0.0,0.0,0.0,0.0,0.0,1.0,0.0,carpet,low,new,godrej 101,gurgaon,3.4
242.11,5.0,5.0,3.0,1.0,sector 82,7.0,1.0,0.0,0.0,0.0,0.0,0.0,0.0,0.0,1.0,0.0,0.0,0.0,0.0,0.0,0.0,0.0,0.0,0.0,0.0,carpet,high,new,dlf the primus,gurgaon,5.95
106.84,2.0,2.0,2.0,0.0,sector 28,45.0,1.0,0.0,0.0,0.0,1.0,0.0,1.0,1.0,0.0,0.0,1.0,0.0,1.0,0.0,1.0,0.0,0.0,0.0,1.0,carpet,high,new,dlf regency park 1,gurgaon,3.247
164.44,3.0,3.0,3.0,0.0,sector 37,15.0,1.0,1.0,0.0,0.0,0.0,1.0,1.0,1.0,0.0,0.0,0.0,0.0,0.0,0.0,1.0,0.0,1.0,0.0,0.0,super built up,high,old,ramprastha the edge towers,gurgaon,1.7
60.39,3.0,3.0,3.0,0.0,sector 33,15.0,1.0,0.0,0.0,0.0,0.0,1.0,0.0,1.0,1.0,0.0,0.0,0.0,0.0,1.0,0.0,1.0,0.0,0.0,0.0,super built up,low,mid aged,central park flower valley,sohna,2.38
52.68,2.0,2.0,2.0,0.0,sector 33,6.0,0.0,0.0,0.0,0.0,0.0,0.0,0.0,0.0,1.0,0.0,0.0,1.0,0.0,0.0,0.0,1.0,0.0,0.0,0.0,super built up,mid,new,gls arawali homes,sohna,0.595
83.61204013377927,2.0,2.0,3.0,1.0,sector 104,15.0,1.0,0.0,0.0,1.0,0.0,0.0,0.0,1.0,1.0,1.0,1.0,1.0,0.0,1.0,0.0,0.0,0.0,1.0,0.0,carpet,high,new,godrej summit,gurgaon,1.394
118.45,2.0,2.0,2.0,0.0,sector 33,13.0,1.0,0.0,0.0,1.0,0.0,1.0,0.0,1.0,0.0,0.0,0.0,0.0,1.0,1.0,0.0,0.0,1.0,0.0,0.0,super built up,high,new,ashiana anmol,sohna,1.496
76.37,2.0,2.0,3.0,0.0,sector 33,8.0,1.0,0.0,0.0,0.0,0.0,0.0,0.0,1.0,1.0,1.0,1.0,0.0,0.0,0.0,0.0,0.0,0.0,0.0,0.0,carpet,low,under construction,signature global park,sohna,0.935
150.5,3.0,3.0,2.0,0.0,sector 67,12.0,0.0,0.0,0.0,0.0,0.0,0.0,0.0,0.0,0.0,0.0,1.0,0.0,0.0,0.0,0.0,0.0,0.0,0.0,0.0,carpet,low,under construction,ansal api esencia,gurgaon,2.04
132.29,2.0,2.0,3.0,0.0,sector 74,7.0,1.0,0.0,0.0,1.0,0.0,1.0,0.0,1.0,1.0,0.0,0.0,1.0,0.0,0.0,0.0,0.0,0.0,0.0,0.0,carpet,high,under construction,m3m skywalk,gurgaon,3.026
126.16,2.0,2.0,2.0,0.0,sector 65,11.0,1.0,0.0,0.0,1.0,0.0,1.0,0.0,1.0,1.0,0.0,1.0,1.0,0.0,1.0,0.0,0.0,0.0,0.0,0.0,built up,high,under construction,m3m heights,gurgaon,3.23
44.75,2.0,2.0,1.0,0.0,sector 33,10.0,0.0,0.0,0.0,0.0,0.0,0.0,1.0,0.0,0.0,0.0,0.0,0.0,0.0,0.0,0.0,0.0,0.0,0.0,1.0,carpet,mid,new,mvn athens,sohna,0.442
99.87,2.0,2.0,2.0,1.0,sector 81,6.0,0.0,0.0,0.0,1.0,0.0,0.0,0.0,1.0,0.0,0.0,0.0,1.0,0.0,0.0,0.0,0.0,0.0,0.0,0.0,carpet,low,mid aged,signature global city 81,gurgaon,1.513
106.84,2.0,2.0,2.0,1.0,sector 61,9.0,1.0,0.0,0.0,1.0,0.0,0.0,0.0,1.0,1.0,1.0,1.0,0.0,0.0,0.0,0.0,0.0,0.0,0.0,0.0,carpet,low,new,smart world orchard,gurgaon,2.72
65.03,4.0,5.0,3.0,0.0,sector 24,41.0,1.0,0.0,0.0,0.0,1.0,0.0,1.0,0.0,0.0,0.0,1.0,0.0,0.0,0.0,1.0,0.0,0.0,0.0,1.0,built up,low,under construction,ambience caitriona,gurgaon,23.8
157.01,3.0,3.0,2.0,0.0,sector 86,4.0,1.0,0.0,0.0,1.0,0.0,0.0,0.0,1.0,0.0,0.0,0.0,1.0,0.0,0.0,0.0,0.0,0.0,0.0,0.0,built up,high,new,ansal heights 86,gurgaon,1.53
184.88,3.0,3.0,3.0,0.0,sector 37,15.0,1.0,1.0,0.0,0.0,0.0,1.0,1.0,1.0,0.0,0.0,0.0,0.0,0.0,0.0,1.0,0.0,1.0,0.0,0.0,built up,high,under construction,ramprastha the edge towers,gurgaon,1.87
99.13,2.0,2.0,2.0,1.0,sector 89,14.0,1.0,0.0,0.0,1.0,0.0,1.0,0.0,1.0,0.0,1.0,1.0,1.0,0.0,1.0,0.0,0.0,0.0,0.0,0.0,super built up,low,mid aged,smart world gems,gurgaon,1.615
64.1,2.0,2.0,1.0,0.0,sector 90,15.0,1.0,0.0,0.0,0.0,0.0,0.0,1.0,1.0,0.0,0.0,0.0,0.0,1.0,0.0,0.0,1.0,1.0,0.0,0.0,carpet,high,new,green court,gurgaon,0.7989999999999999
292.64,4.0,3.0,3.0,0.0,sector 12,47.0,1.0,0.0,0.0,0.0,1.0,0.0,1.0,1.0,0.0,0.0,1.0,0.0,1.0,0.0,1.0,0.0,0.0,0.0,1.0,built up,mid,under construction,lord krishna,gurgaon,4.59
142.14,2.0,2.0,3.0,1.0,sector 79,3.0,0.0,0.0,0.0,0.0,0.0,0.0,0.0,0.0,0.0,0.0,0.0,0.0,1.0,0.0,0.0,0.0,0.0,0.0,1.0,super built up,mid,new,supertech araville,gurgaon,1.615
202.16,3.0,3.0,3.0,1.0,sector 78,7.0,1.0,0.0,0.0,0.0,0.0,0.0,1.0,0.0,0.0,0.0,1.0,0.0,0.0,0.0,0.0,0.0,0.0,0.0,0.0,super built up,high,old,umang monsoon breeze,gurgaon,1.9549999999999998
148.92,3.0,3.0,3.0,0.0,sector 37,9.0,1.0,0.0,0.0,1.0,0.0,1.0,0.0,1.0,1.0,1.0,0.0,1.0,0.0,0.0,0.0,0.0,0.0,0.0,0.0,super built up,high,under construction,ild greens,gurgaon,1.53
93.83,3.0,2.0,3.0,0.0,sector 36,12.0,1.0,0.0,0.0,1.0,0.0,1.0,0.0,1.0,1.0,0.0,1.0,0.0,0.0,0.0,0.0,0.0,0.0,0.0,0.0,carpet,low,new,signature global park 4,sohna,1.7
210.61,3.0,3.0,1.0,1.0,sector 109,10.0,1.0,0.0,0.0,0.0,0.0,0.0,0.0,0.0,0.0,1.0,0.0,0.0,0.0,0.0,1.0,0.0,0.0,0.0,0.0,carpet,mid,new,brisk lumbini terrace homes,gurgaon,2.55
185.81,3.0,4.0,2.0,1.0,sector 12,50.0,1.0,0.0,0.0,0.0,0.0,0.0,1.0,1.0,0.0,0.0,0.0,0.0,1.0,0.0,1.0,0.0,0.0,0.0,0.0,built up,low,old,bhagwati sadan,gurgaon,1.9549999999999998
112.41,2.0,2.0,2.0,1.0,sector 33,15.0,1.0,0.0,0.0,1.0,0.0,1.0,0.0,1.0,0.0,0.0,0.0,0.0,1.0,0.0,0.0,0.0,0.0,0.0,0.0,super built up,low,new,central park flower valley cerise floors,sohna,2.21
263.38,4.0,4.0,3.0,0.0,sector 99,11.0,1.0,0.0,0.0,0.0,0.0,1.0,0.0,1.0,1.0,0.0,1.0,1.0,0.0,1.0,0.0,0.0,0.0,0.0,0.0,built up,low,under construction,assotech blith,gurgaon,3.23
163.51,3.0,4.0,3.0,0.0,sector 28,48.0,1.0,0.0,0.0,0.0,0.0,0.0,1.0,0.0,0.0,0.0,1.0,0.0,0.0,0.0,1.0,1.0,0.0,0.0,1.0,carpet,low,under construction,essel towers,gurgaon,3.74
163.51,3.0,4.0,3.0,0.0,sector 28,48.0,1.0,0.0,0.0,0.0,0.0,0.0,1.0,0.0,0.0,0.0,1.0,0.0,0.0,0.0,1.0,1.0,0.0,0.0,1.0,carpet,low,under construction,essel towers,gurgaon,3.74
445.93,6.0,7.0,3.0,1.0,sector 70,10.0,1.0,0.0,0.0,1.0,0.0,1.0,0.0,1.0,1.0,0.0,0.0,0.0,0.0,1.0,0.0,0.0,0.0,0.0,0.0,carpet,high,new,tulip ivory,gurgaon,8.5
125.42,2.0,2.0,3.0,1.0,sector 84,3.0,0.0,0.0,0.0,0.0,1.0,1.0,0.0,1.0,0.0,0.0,0.0,0.0,0.0,0.0,0.0,0.0,0.0,0.0,0.0,super built up,high,new,antriksh heights,gurgaon,1.4449999999999998
167.23,4.0,3.0,3.0,1.0,sector 55,42.0,1.0,0.0,0.0,0.0,1.0,1.0,1.0,1.0,0.0,0.0,1.0,0.0,1.0,0.0,1.0,1.0,0.0,0.0,1.0,carpet,high,old,sidhivinayak apartments,gurgaon,3.23
111.48,2.0,2.0,3.0,1.0,sector 10,49.0,1.0,0.0,0.0,0.0,0.0,0.0,0.0,0.0,0.0,0.0,0.0,0.0,0.0,0.0,0.0,1.0,0.0,0.0,0.0,super built up,high,new,maxworth city residences,gurgaon,1.53
152.55,3.0,3.0,3.0,1.0,sector 63,6.0,0.0,0.0,0.0,0.0,0.0,0.0,0.0,0.0,1.0,0.0,1.0,0.0,0.0,0.0,0.0,1.0,0.0,0.0,0.0,built up,high,new,dhoot time residency,gurgaon,5.1
76.55,2.0,2.0,2.0,0.0,sector 33,8.0,1.0,0.0,0.0,0.0,0.0,0.0,0.0,1.0,1.0,1.0,1.0,0.0,0.0,0.0,0.0,0.0,0.0,0.0,0.0,carpet,low,new,signature global park,sohna,1.1560000000000001
97.55,2.0,2.0,0.0,0.0,sector 51,46.0,1.0,0.0,0.0,0.0,0.0,1.0,1.0,0.0,0.0,0.0,0.0,0.0,0.0,0.0,1.0,0.0,0.0,0.0,0.0,carpet,mid,new,samaspurkunj,gurgaon,0.935
132.2,3.0,3.0,3.0,1.0,sector 89,9.0,1.0,0.0,0.0,0.0,0.0,0.0,0.0,1.0,1.0,0.0,0.0,1.0,0.0,0.0,0.0,0.0,0.0,0.0,0.0,built up,mid,mid aged,m3m soulitude,gurgaon,2.261
126.91,2.0,2.0,3.0,0.0,sector 107,6.0,0.0,0.0,0.0,0.0,0.0,0.0,0.0,1.0,1.0,0.0,0.0,0.0,0.0,0.0,0.0,0.0,0.0,0.0,0.0,super built up,high,new,m3m woodshire,gurgaon,1.53
144.0,3.0,2.0,3.0,1.0,sector 89,11.0,1.0,0.0,0.0,1.0,0.0,1.0,0.0,1.0,1.0,0.0,0.0,1.0,0.0,1.0,0.0,0.0,0.0,0.0,0.0,super built up,mid,old,tulip petals,gurgaon,2.635
92.72,2.0,2.0,2.0,0.0,sector 92,8.0,1.0,0.0,0.0,0.0,0.0,0.0,0.0,0.0,0.0,0.0,0.0,0.0,1.0,0.0,0.0,0.0,0.0,0.0,0.0,carpet,low,new,sare crescent parc,gurgaon,0.833
60.02,2.0,2.0,1.0,1.0,sector 92,4.0,1.0,0.0,0.0,0.0,0.0,0.0,0.0,1.0,0.0,0.0,0.0,0.0,0.0,1.0,0.0,0.0,0.0,0.0,0.0,built up,high,new,gls avenue 51,gurgaon,0.765
240.15,3.0,4.0,3.0,1.0,sector 109,11.0,1.0,0.0,0.0,1.0,0.0,0.0,0.0,1.0,1.0,0.0,1.0,1.0,0.0,0.0,0.0,0.0,0.0,1.0,0.0,super built up,high,new,ats tourmaline,gurgaon,3.9099999999999997
125.42,2.0,2.0,2.0,1.0,sector 67,12.0,0.0,0.0,0.0,1.0,0.0,1.0,0.0,1.0,1.0,0.0,1.0,0.0,0.0,1.0,0.0,0.0,0.0,0.0,0.0,carpet,high,new,ireo the corridors,gurgaon,2.55
124.49,2.0,2.0,2.0,0.0,sector 77,10.0,1.0,0.0,0.0,1.0,0.0,1.0,0.0,1.0,1.0,0.0,0.0,1.0,0.0,0.0,0.0,0.0,0.0,0.0,0.0,carpet,low,new,umang winter hills,gurgaon,1.7
236.16,4.0,3.0,3.0,1.0,sector 95,5.0,1.0,0.0,0.0,0.0,0.0,0.0,0.0,0.0,0.0,0.0,0.0,0.0,1.0,0.0,0.0,0.0,0.0,0.0,0.0,carpet,high,new,siddhartha apartment,gurgaon,1.87
100.43,2.0,2.0,2.0,0.0,sector 63,13.0,1.0,0.0,0.0,0.0,0.0,1.0,0.0,1.0,1.0,0.0,1.0,0.0,0.0,1.0,0.0,1.0,1.0,0.0,0.0,super built up,low,mid aged,signature global city 63a,gurgaon,2.8049999999999997
83.61204013377927,3.0,3.0,3.0,0.0,sector 88,7.0,1.0,0.0,0.0,0.0,1.0,0.0,0.0,1.0,0.0,0.0,0.0,1.0,0.0,0.0,0.0,0.0,0.0,0.0,0.0,carpet,high,new,godrej oasis,gurgaon,4.505
33.62,1.0,2.0,2.0,0.0,sector 103,11.0,0.0,0.0,0.0,0.0,0.0,0.0,0.0,1.0,0.0,0.0,0.0,1.0,0.0,0.0,0.0,0.0,0.0,0.0,0.0,carpet,mid,new,signature global grand iva,gurgaon,0.51
93.83,2.0,2.0,3.0,1.0,sector 92,10.0,1.0,0.0,0.0,1.0,0.0,0.0,0.0,1.0,1.0,0.0,0.0,1.0,0.0,1.0,0.0,0.0,0.0,0.0,0.0,super built up,low,new,signature global city 92,gurgaon,1.326
71.26,2.0,2.0,1.0,1.0,sector 95,3.0,1.0,0.0,0.0,0.0,0.0,0.0,0.0,0.0,0.0,0.0,0.0,0.0,0.0,0.0,0.0,0.0,0.0,0.0,0.0,super built up,high,new,ramsons kshitij,gurgaon,0.561
138.61,2.0,2.0,2.0,0.0,sector 33,7.0,1.0,0.0,0.0,0.0,0.0,0.0,0.0,1.0,0.0,0.0,0.0,1.0,0.0,0.0,0.0,0.0,0.0,0.0,0.0,built up,high,under construction,eldeco accolade,sohna,2.04
83.61,3.0,2.0,1.0,0.0,sector 3,48.0,1.0,0.0,0.0,0.0,0.0,0.0,0.0,0.0,0.0,0.0,0.0,0.0,0.0,0.0,1.0,0.0,0.0,0.0,0.0,carpet,low,new,om appartments,gurgaon,0.68
390.19,4.0,6.0,3.0,1.0,sector 81,9.0,0.0,0.0,0.0,1.0,0.0,0.0,0.0,1.0,0.0,0.0,0.0,1.0,0.0,0.0,0.0,0.0,0.0,0.0,0.0,super built up,high,new,bestech park view grand spa,gurgaon,7.6499999999999995
92.9,2.0,2.0,2.0,0.0,sector 36,7.0,1.0,0.0,0.0,0.0,0.0,0.0,0.0,0.0,0.0,0.0,0.0,0.0,1.0,0.0,0.0,0.0,0.0,0.0,0.0,super built up,mid,new,avl 36 gurgaon,gurgaon,1.275
51.48,2.0,2.0,2.0,0.0,sector 33,14.0,1.0,0.0,0.0,0.0,0.0,1.0,1.0,1.0,0.0,1.0,0.0,0.0,0.0,1.0,0.0,0.0,1.0,0.0,0.0,carpet,high,new,breez global hill view,sohna,0.595
115.11,2.0,2.0,1.0,0.0,sector 78,7.0,1.0,0.0,0.0,0.0,0.0,0.0,1.0,0.0,0.0,0.0,1.0,0.0,0.0,0.0,0.0,0.0,0.0,0.0,0.0,built up,mid,under construction,umang monsoon breeze,gurgaon,1.275
451.23,4.0,6.0,3.0,1.0,sector 112,8.0,1.0,0.0,0.0,0.0,0.0,1.0,0.0,1.0,1.0,1.0,0.0,1.0,0.0,0.0,0.0,0.0,0.0,0.0,0.0,super built up,high,old,experion windchants,gurgaon,9.52
181.72,4.0,3.0,3.0,0.0,sector 92,11.0,0.0,0.0,0.0,0.0,0.0,0.0,0.0,1.0,1.0,0.0,1.0,1.0,0.0,0.0,0.0,0.0,0.0,0.0,0.0,super built up,mid,old,sare green parc phase 3,gurgaon,1.615
165.37,3.0,3.0,0.0,0.0,sector 81,15.0,1.0,0.0,0.0,0.0,0.0,0.0,0.0,0.0,0.0,0.0,0.0,0.0,1.0,0.0,0.0,0.0,0.0,0.0,1.0,built up,mid,under construction,lavanya apartments,gurgaon,1.53
55.46,2.0,2.0,0.0,0.0,sector 93,8.0,0.0,0.0,0.0,1.0,0.0,0.0,0.0,1.0,1.0,0.0,0.0,0.0,0.0,0.0,0.0,0.0,0.0,0.0,0.0,built up,high,under construction,signature global orchard avenue,gurgaon,1.4449999999999998
132.2,3.0,3.0,2.0,0.0,sector 89,14.0,1.0,0.0,0.0,1.0,0.0,1.0,0.0,1.0,0.0,1.0,1.0,1.0,0.0,1.0,0.0,0.0,0.0,0.0,0.0,built up,low,under construction,smart world gems,gurgaon,2.04
278.43,4.0,4.0,3.0,1.0,sector 54,3.0,0.0,0.0,0.0,0.0,0.0,0.0,0.0,0.0,0.0,0.0,0.0,0.0,0.0,0.0,0.0,0.0,0.0,0.0,1.0,super built up,high,old,dlf royalton tower,gurgaon,10.54
301.93,4.0,4.0,0.0,0.0,sector 28,45.0,1.0,0.0,0.0,0.0,0.0,1.0,1.0,0.0,0.0,0.0,1.0,0.0,0.0,0.0,1.0,1.0,0.0,0.0,1.0,built up,high,under construction,unitech heritage city,gurgaon,7.241999999999999
137.4,2.0,2.0,2.0,0.0,sector 36,11.0,1.0,0.0,0.0,1.0,0.0,0.0,0.0,1.0,1.0,0.0,0.0,1.0,0.0,1.0,0.0,0.0,0.0,0.0,0.0,built up,high,under construction,krisumi waterfall residences,gurgaon,3.9099999999999997
222.97,3.0,3.0,3.0,0.0,sector 63,12.0,1.0,0.0,0.0,0.0,0.0,0.0,0.0,1.0,1.0,1.0,1.0,1.0,0.0,1.0,0.0,1.0,0.0,0.0,0.0,carpet,low,mid aged,birla navya,gurgaon,6.29
27.99,1.0,2.0,2.0,0.0,sector 104,9.0,1.0,0.0,0.0,1.0,0.0,1.0,0.0,1.0,1.0,0.0,0.0,0.0,0.0,1.0,0.0,0.0,0.0,0.0,0.0,carpet,low,new,zara aavaas,gurgaon,0.374
60.39,2.0,2.0,3.0,0.0,sector 37,15.0,1.0,0.0,0.0,0.0,0.0,0.0,0.0,1.0,0.0,1.0,0.0,1.0,0.0,0.0,0.0,1.0,0.0,0.0,0.0,super built up,mid,new,signature global the millennia,gurgaon,1.02
27.96,1.0,2.0,2.0,0.0,sector 104,9.0,1.0,0.0,0.0,1.0,0.0,1.0,0.0,1.0,1.0,0.0,0.0,0.0,0.0,1.0,0.0,0.0,0.0,0.0,0.0,carpet,low,new,zara aavaas,gurgaon,0.34
102.47,2.0,3.0,2.0,1.0,sector 89,14.0,1.0,0.0,0.0,1.0,0.0,1.0,0.0,1.0,0.0,1.0,1.0,1.0,0.0,1.0,0.0,0.0,0.0,0.0,0.0,carpet,mid,new,smart world gems,gurgaon,1.462
148.64,3.0,4.0,3.0,1.0,sector 92,8.0,1.0,0.0,0.0,0.0,0.0,0.0,0.0,0.0,0.0,0.0,0.0,0.0,1.0,0.0,0.0,0.0,0.0,0.0,0.0,carpet,low,old,apartment,gurgaon,1.275
288.0,4.0,5.0,3.0,1.0,sector 48,43.0,1.0,0.0,0.0,0.0,0.0,1.0,1.0,0.0,0.0,0.0,0.0,0.0,0.0,0.0,1.0,0.0,0.0,0.0,0.0,carpet,mid,new,vipul world floors,gurgaon,7.31
181.16,3.0,3.0,3.0,1.0,sector 70,15.0,1.0,0.0,0.0,1.0,0.0,1.0,1.0,0.0,0.0,0.0,0.0,0.0,1.0,0.0,0.0,0.0,0.0,0.0,0.0,super built up,high,new,shree vardhman victoria,gurgaon,3.23
163.51,3.0,4.0,3.0,1.0,sector 28,48.0,1.0,0.0,0.0,0.0,1.0,1.0,1.0,0.0,0.0,0.0,1.0,0.0,0.0,0.0,1.0,0.0,0.0,0.0,1.0,carpet,low,old,essel tower,gurgaon,3.74
222.97,3.0,3.0,3.0,0.0,sector 39,46.0,1.0,0.0,0.0,0.0,0.0,0.0,1.0,0.0,0.0,0.0,0.0,0.0,0.0,0.0,0.0,1.0,0.0,0.0,0.0,built up,low,under construction,milan cghs 9,gurgaon,3.4
78.97,1.0,1.0,1.0,0.0,sector 49,43.0,1.0,0.0,0.0,0.0,0.0,1.0,1.0,0.0,0.0,0.0,0.0,0.0,0.0,0.0,0.0,0.0,0.0,0.0,0.0,built up,high,under construction,element one service,gurgaon,1.7
69.68,3.0,3.0,1.0,0.0,sector 92,4.0,1.0,0.0,0.0,0.0,0.0,0.0,0.0,1.0,0.0,0.0,0.0,0.0,0.0,1.0,0.0,0.0,0.0,0.0,0.0,carpet,high,new,gls avenue 51,gurgaon,0.765
57.88,2.0,2.0,2.0,0.0,sector 33,47.0,1.0,0.0,0.0,0.0,0.0,0.0,1.0,0.0,0.0,0.0,0.0,0.0,0.0,0.0,0.0,1.0,0.0,0.0,0.0,built up,mid,under construction,breeze global heights,gurgaon,0.68
190.82,3.0,3.0,3.0,1.0,sector 65,9.0,1.0,0.0,0.0,0.0,0.0,1.0,0.0,1.0,1.0,0.0,1.0,0.0,0.0,1.0,0.0,0.0,0.0,0.0,0.0,carpet,high,new,m3m skycity,gurgaon,5.95
142.61,3.0,3.0,3.0,1.0,sector 37,12.0,1.0,0.0,0.0,0.0,0.0,1.0,0.0,1.0,0.0,0.0,0.0,1.0,0.0,0.0,1.0,0.0,0.0,0.0,0.0,built up,low,new,signature global city 37d ph 2,gurgaon,2.3120000000000003
119.19,2.0,3.0,3.0,1.0,sector 108,9.0,1.0,0.0,0.0,1.0,0.0,1.0,0.0,1.0,1.0,0.0,0.0,1.0,0.0,0.0,0.0,0.0,0.0,0.0,0.0,built up,mid,new,experion the heartsong,gurgaon,1.734
88.26,2.0,2.0,2.0,0.0,sector 33,10.0,1.0,0.0,0.0,1.0,0.0,1.0,0.0,1.0,1.0,0.0,0.0,0.0,0.0,1.0,0.0,0.0,1.0,0.0,0.0,super built up,mid,new,breez global heights,sohna,0.68
213.21,3.0,1.0,0.0,0.0,sector 59,15.0,1.0,0.0,0.0,1.0,0.0,1.0,0.0,1.0,1.0,1.0,1.0,0.0,0.0,0.0,0.0,0.0,0.0,0.0,0.0,built up,low,under construction,conscient elevate,gurgaon,6.63
151.43,3.0,3.0,3.0,0.0,sector 61,13.0,1.0,0.0,0.0,1.0,0.0,1.0,0.0,1.0,1.0,1.0,1.0,0.0,0.0,0.0,0.0,0.0,0.0,0.0,0.0,built up,low,new,smart world orchard,gurgaon,4.097
175.03,3.0,3.0,2.0,0.0,sector 33,11.0,1.0,0.0,0.0,1.0,0.0,0.0,0.0,1.0,1.0,1.0,0.0,0.0,0.0,1.0,0.0,0.0,0.0,1.0,0.0,carpet,low,under construction,central park flower valley,sohna,4.25
169.83,3.0,3.0,2.0,0.0,sector 65,11.0,1.0,0.0,0.0,1.0,0.0,1.0,0.0,1.0,1.0,0.0,1.0,1.0,0.0,1.0,0.0,0.0,0.0,0.0,0.0,super built up,mid,mid aged,m3m heights,gurgaon,4.148
163.97,3.0,3.0,3.0,0.0,sector 76,4.0,0.0,0.0,0.0,1.0,0.0,0.0,0.0,1.0,0.0,0.0,0.0,1.0,0.0,0.0,0.0,0.0,0.0,0.0,0.0,super built up,mid,new,corona gracieux,gurgaon,1.785
232.26,4.0,3.0,1.0,0.0,sector 104,33.0,1.0,0.0,0.0,0.0,0.0,0.0,1.0,0.0,0.0,0.0,0.0,0.0,0.0,0.0,1.0,0.0,0.0,0.0,0.0,super built up,low,new,dlf city,gurgaon,3.4339999999999997
31.6,1.0,1.0,1.0,0.0,sector 33,10.0,0.0,0.0,0.0,0.0,0.0,0.0,1.0,0.0,0.0,0.0,0.0,0.0,0.0,0.0,0.0,0.0,0.0,0.0,1.0,carpet,high,new,mvn athens,sohna,0.408
199.74,3.0,4.0,2.0,0.0,sector 43,14.0,0.0,0.0,0.0,0.0,1.0,1.0,0.0,1.0,1.0,0.0,1.0,0.0,0.0,1.0,0.0,1.0,1.0,0.0,0.0,super built up,mid,mid aged,silverglades hightown residences,gurgaon,7.14
114.74,2.0,2.0,2.0,1.0,sector 63,13.0,1.0,0.0,0.0,0.0,0.0,1.0,0.0,1.0,1.0,0.0,1.0,0.0,0.0,1.0,0.0,1.0,1.0,0.0,0.0,carpet,low,mid aged,signature global city 63a,gurgaon,2.38
52.86,2.0,2.0,2.0,0.0,sector 95,12.0,0.0,0.0,0.0,1.0,0.0,0.0,0.0,1.0,1.0,0.0,0.0,1.0,1.0,1.0,0.0,0.0,0.0,0.0,0.0,carpet,low,new,signature the roselia,gurgaon,0.765
103.12,2.0,2.0,3.0,1.0,sector 89,14.0,1.0,0.0,0.0,1.0,0.0,1.0,0.0,1.0,0.0,1.0,1.0,1.0,0.0,1.0,0.0,0.0,0.0,0.0,0.0,carpet,low,new,smart world gems,gurgaon,1.7
212.75,3.0,4.0,3.0,1.0,sector 104,13.0,1.0,0.0,0.0,1.0,0.0,1.0,0.0,1.0,1.0,0.0,1.0,1.0,0.0,1.0,0.0,1.0,0.0,0.0,0.0,super built up,mid,new,ats triumph,gurgaon,3.4
125.42,2.0,2.0,2.0,0.0,sector 33,8.0,1.0,0.0,0.0,1.0,0.0,0.0,0.0,1.0,0.0,0.0,0.0,1.0,0.0,0.0,0.0,0.0,0.0,0.0,0.0,built up,mid,old,silverglades the melia,sohna,1.275
312.15,4.0,4.0,3.0,1.0,sector 99,10.0,1.0,0.0,0.0,1.0,0.0,1.0,0.0,1.0,1.0,0.0,0.0,1.0,0.0,1.0,0.0,0.0,0.0,0.0,0.0,super built up,low,new,vatika sovereign park,gurgaon,5.5249999999999995
135.36,2.0,2.0,3.0,1.0,sector 33,7.0,1.0,0.0,0.0,0.0,0.0,0.0,0.0,1.0,0.0,0.0,0.0,1.0,0.0,0.0,0.0,0.0,0.0,0.0,0.0,super built up,high,new,eldeco accolade,sohna,1.87
137.5,3.0,2.0,3.0,0.0,sector 86,10.0,1.0,0.0,0.0,1.0,0.0,0.0,0.0,1.0,1.0,0.0,0.0,1.0,0.0,0.0,0.0,0.0,0.0,0.0,0.0,built up,high,new,microtek greenburg,gurgaon,2.465
299.61,4.0,4.0,0.0,0.0,sector 99,10.0,1.0,0.0,0.0,1.0,0.0,1.0,0.0,1.0,1.0,0.0,0.0,1.0,0.0,1.0,0.0,0.0,0.0,0.0,0.0,built up,mid,mid aged,vatika sovereign park,gurgaon,5.44
50.5,2.0,2.0,2.0,0.0,sector 93,8.0,0.0,0.0,0.0,1.0,0.0,0.0,0.0,1.0,1.0,0.0,0.0,0.0,0.0,0.0,0.0,0.0,0.0,0.0,0.0,carpet,high,new,signature global orchard avenue,gurgaon,0.68
102.47,2.0,2.0,2.0,1.0,sector 89,14.0,1.0,0.0,0.0,1.0,0.0,1.0,0.0,1.0,0.0,1.0,1.0,1.0,0.0,1.0,0.0,0.0,0.0,0.0,0.0,carpet,mid,new,smart world gems,gurgaon,1.615
172.06,3.0,3.0,3.0,0.0,sector 102,13.0,1.0,0.0,0.0,1.0,1.0,0.0,0.0,1.0,1.0,0.0,0.0,1.0,0.0,1.0,0.0,0.0,1.0,0.0,0.0,super built up,high,new,shapoorji pallonji joyville gurugram,gurgaon,3.604
167.69,3.0,4.0,2.0,0.0,sector 93,9.0,1.0,0.0,0.0,1.0,0.0,0.0,0.0,1.0,1.0,0.0,0.0,1.0,0.0,1.0,0.0,0.0,0.0,0.0,0.0,super built up,high,new,spaze privvy the address,gurgaon,2.465
102.19,2.0,2.0,2.0,0.0,sector 69,42.0,1.0,0.0,0.0,0.0,1.0,1.0,1.0,0.0,0.0,0.0,0.0,0.0,0.0,0.0,1.0,0.0,1.0,0.0,0.0,built up,mid,old,surendra avenue 69,gurgaon,1.275
219.81,3.0,4.0,3.0,1.0,sector 79,10.0,0.0,0.0,0.0,0.0,0.0,0.0,0.0,1.0,1.0,0.0,0.0,0.0,0.0,0.0,0.0,0.0,0.0,1.0,0.0,carpet,low,new,godrej 101,gurgaon,3.4
242.11,5.0,5.0,3.0,1.0,sector 82,7.0,1.0,0.0,0.0,0.0,0.0,0.0,0.0,0.0,1.0,0.0,0.0,0.0,0.0,0.0,0.0,0.0,0.0,0.0,0.0,carpet,high,new,dlf the primus,gurgaon,5.95
106.84,2.0,2.0,2.0,0.0,sector 28,45.0,1.0,0.0,0.0,0.0,1.0,0.0,1.0,1.0,0.0,0.0,1.0,0.0,1.0,0.0,1.0,0.0,0.0,0.0,1.0,carpet,high,new,dlf regency park 1,gurgaon,3.247
164.44,3.0,3.0,3.0,0.0,sector 37,15.0,1.0,1.0,0.0,0.0,0.0,1.0,1.0,1.0,0.0,0.0,0.0,0.0,0.0,0.0,1.0,0.0,1.0,0.0,0.0,super built up,high,old,ramprastha the edge towers,gurgaon,1.7
60.39,3.0,3.0,3.0,0.0,sector 33,11.0,1.0,0.0,0.0,1.0,0.0,0.0,0.0,1.0,1.0,1.0,0.0,0.0,0.0,1.0,0.0,0.0,0.0,1.0,0.0,super built up,low,mid aged,central park flower valley,sohna,2.38
52.68,2.0,2.0,2.0,0.0,sector 33,6.0,0.0,0.0,0.0,0.0,0.0,0.0,0.0,0.0,1.0,0.0,0.0,1.0,0.0,0.0,0.0,1.0,0.0,0.0,0.0,super built up,mid,new,gls arawali homes,sohna,0.595
83.61204013377927,2.0,2.0,3.0,1.0,sector 104,15.0,1.0,0.0,0.0,1.0,0.0,0.0,0.0,1.0,1.0,1.0,1.0,1.0,0.0,1.0,0.0,0.0,0.0,1.0,0.0,carpet,high,new,godrej summit,gurgaon,1.394
118.45,2.0,2.0,2.0,0.0,sector 33,13.0,1.0,0.0,0.0,1.0,0.0,1.0,0.0,1.0,0.0,0.0,0.0,0.0,1.0,1.0,0.0,0.0,1.0,0.0,0.0,super built up,high,new,ashiana anmol,sohna,1.496
126.16,2.0,2.0,2.0,0.0,sector 65,11.0,1.0,0.0,0.0,1.0,0.0,1.0,0.0,1.0,1.0,0.0,1.0,1.0,0.0,1.0,0.0,0.0,0.0,0.0,0.0,built up,high,under construction,m3m heights,gurgaon,3.23
44.75,2.0,2.0,1.0,0.0,sector 33,10.0,0.0,0.0,0.0,0.0,0.0,0.0,1.0,0.0,0.0,0.0,0.0,0.0,0.0,0.0,0.0,0.0,0.0,0.0,1.0,carpet,mid,new,mvn athens,sohna,0.442
53.51,2.0,2.0,2.0,0.0,sector 33,6.0,0.0,0.0,0.0,0.0,0.0,0.0,0.0,0.0,1.0,0.0,0.0,1.0,0.0,0.0,0.0,1.0,0.0,0.0,0.0,carpet,low,new,gls arawali homes,sohna,0.459
99.87,2.0,2.0,2.0,1.0,sector 81,6.0,0.0,0.0,0.0,1.0,0.0,0.0,0.0,1.0,0.0,0.0,0.0,1.0,0.0,0.0,0.0,0.0,0.0,0.0,0.0,carpet,low,mid aged,signature global city 81,gurgaon,1.513
65.03,4.0,5.0,3.0,0.0,sector 24,41.0,1.0,0.0,0.0,0.0,1.0,0.0,1.0,0.0,0.0,0.0,1.0,0.0,0.0,0.0,1.0,0.0,0.0,0.0,1.0,built up,low,under construction,ambience caitriona,gurgaon,23.8
157.01,3.0,3.0,2.0,0.0,sector 86,4.0,1.0,0.0,0.0,1.0,0.0,0.0,0.0,1.0,0.0,0.0,0.0,1.0,0.0,0.0,0.0,0.0,0.0,0.0,0.0,built up,high,new,ansal heights 86,gurgaon,1.53
184.88,3.0,3.0,3.0,0.0,sector 37,15.0,1.0,1.0,0.0,0.0,0.0,1.0,1.0,1.0,0.0,0.0,0.0,0.0,0.0,0.0,1.0,0.0,1.0,0.0,0.0,built up,high,under construction,ramprastha the edge towers,gurgaon,1.87
99.13,2.0,2.0,2.0,1.0,sector 89,14.0,1.0,0.0,0.0,1.0,0.0,1.0,0.0,1.0,0.0,1.0,1.0,1.0,0.0,1.0,0.0,0.0,0.0,0.0,0.0,super built up,low,mid aged,smart world gems,gurgaon,1.615
64.1,2.0,2.0,1.0,0.0,sector 90,15.0,1.0,0.0,0.0,0.0,0.0,0.0,1.0,1.0,0.0,0.0,0.0,0.0,1.0,0.0,0.0,1.0,1.0,0.0,0.0,carpet,high,new,green court,gurgaon,0.7989999999999999
42.5,2.0,2.0,1.0,0.0,sector 33,10.0,0.0,0.0,0.0,0.0,0.0,0.0,1.0,0.0,0.0,0.0,0.0,0.0,0.0,0.0,0.0,0.0,0.0,0.0,1.0,carpet,high,new,mvn athens,sohna,0.459
142.14,2.0,2.0,3.0,1.0,sector 79,3.0,0.0,0.0,0.0,0.0,0.0,0.0,0.0,0.0,0.0,0.0,0.0,0.0,1.0,0.0,0.0,0.0,0.0,0.0,1.0,super built up,mid,new,supertech araville,gurgaon,1.615
202.16,3.0,3.0,3.0,1.0,sector 78,7.0,1.0,0.0,0.0,0.0,0.0,0.0,1.0,0.0,0.0,0.0,1.0,0.0,0.0,0.0,0.0,0.0,0.0,0.0,0.0,super built up,high,old,umang monsoon breeze,gurgaon,1.9549999999999998
148.92,3.0,3.0,3.0,0.0,sector 37,9.0,1.0,0.0,0.0,1.0,0.0,1.0,0.0,1.0,1.0,1.0,0.0,1.0,0.0,0.0,0.0,0.0,0.0,0.0,0.0,super built up,high,under construction,ild greens,gurgaon,1.53
210.61,3.0,3.0,1.0,1.0,sector 109,10.0,1.0,0.0,0.0,0.0,0.0,0.0,0.0,0.0,0.0,1.0,0.0,0.0,0.0,0.0,1.0,0.0,0.0,0.0,0.0,carpet,mid,new,brisk lumbini terrace homes,gurgaon,2.55
185.81,3.0,4.0,2.0,1.0,sector 12,50.0,1.0,0.0,0.0,0.0,0.0,0.0,1.0,1.0,0.0,0.0,0.0,0.0,1.0,0.0,1.0,0.0,0.0,0.0,0.0,built up,low,old,bhagwati sadan,gurgaon,1.9549999999999998
263.38,4.0,4.0,3.0,0.0,sector 99,11.0,1.0,0.0,0.0,0.0,0.0,1.0,0.0,1.0,1.0,0.0,1.0,1.0,0.0,1.0,0.0,0.0,0.0,0.0,0.0,built up,low,under construction,assotech blith,gurgaon,3.23
163.51,3.0,4.0,3.0,0.0,sector 28,48.0,1.0,0.0,0.0,0.0,0.0,0.0,1.0,0.0,0.0,0.0,1.0,0.0,0.0,0.0,1.0,1.0,0.0,0.0,1.0,carpet,low,under construction,essel towers,gurgaon,3.74
163.51,3.0,4.0,3.0,0.0,sector 28,48.0,1.0,0.0,0.0,0.0,0.0,0.0,1.0,0.0,0.0,0.0,1.0,0.0,0.0,0.0,1.0,1.0,0.0,0.0,1.0,carpet,low,under construction,essel towers,gurgaon,3.74
445.93,6.0,7.0,3.0,1.0,sector 70,10.0,1.0,0.0,0.0,1.0,0.0,1.0,0.0,1.0,1.0,0.0,0.0,0.0,0.0,1.0,0.0,0.0,0.0,0.0,0.0,carpet,high,new,tulip ivory,gurgaon,8.5
125.42,2.0,2.0,3.0,1.0,sector 84,3.0,0.0,0.0,0.0,0.0,1.0,1.0,0.0,1.0,0.0,0.0,0.0,0.0,0.0,0.0,0.0,0.0,0.0,0.0,0.0,super built up,high,new,antriksh heights,gurgaon,1.4449999999999998
167.23,4.0,3.0,3.0,1.0,sector 55,42.0,1.0,0.0,0.0,0.0,1.0,1.0,1.0,1.0,0.0,0.0,1.0,0.0,1.0,0.0,1.0,1.0,0.0,0.0,1.0,carpet,high,old,sidhivinayak apartments,gurgaon,3.23
197.42,3.0,4.0,3.0,1.0,sector 70,7.0,1.0,0.0,0.0,1.0,0.0,1.0,0.0,1.0,1.0,0.0,0.0,0.0,0.0,0.0,0.0,0.0,0.0,0.0,0.0,super built up,high,new,krrish florence estate,gurgaon,2.8049999999999997
146.69,3.0,3.0,2.0,0.0,sector 113,8.0,1.0,0.0,0.0,1.0,0.0,0.0,0.0,1.0,0.0,0.0,0.0,1.0,0.0,0.0,0.0,0.0,0.0,0.0,0.0,super built up,high,mid aged,la vida by tata housing,gurgaon,3.2809999999999997
111.48,2.0,2.0,2.0,0.0,sector 71,15.0,1.0,1.0,0.0,0.0,0.0,1.0,1.0,0.0,1.0,0.0,0.0,0.0,0.0,1.0,0.0,1.0,0.0,0.0,0.0,super built up,mid,old,chd avenue 71,gurgaon,1.394
43.48,2.0,2.0,2.0,0.0,sector 33,6.0,0.0,0.0,0.0,0.0,0.0,0.0,0.0,0.0,1.0,0.0,0.0,1.0,0.0,0.0,0.0,1.0,0.0,0.0,0.0,carpet,low,new,gls arawali homes,sohna,0.47600000000000003
44.97,1.0,1.0,0.0,0.0,sector 33,13.0,1.0,0.0,0.0,0.0,1.0,1.0,1.0,1.0,0.0,0.0,1.0,1.0,0.0,0.0,1.0,1.0,0.0,0.0,0.0,built up,low,under construction,trisara our homes 3,sohna,0.357
106.84,2.0,2.0,2.0,1.0,sector 61,9.0,1.0,0.0,0.0,1.0,0.0,0.0,0.0,1.0,1.0,1.0,1.0,0.0,0.0,0.0,0.0,0.0,0.0,0.0,0.0,carpet,low,mid aged,smart world orchard,gurgaon,2.72
116.13,3.0,3.0,3.0,0.0,sector 37,10.0,1.0,0.0,0.0,1.0,0.0,1.0,0.0,1.0,1.0,0.0,0.0,1.0,0.0,1.0,0.0,0.0,0.0,0.0,0.0,carpet,low,mid aged,signature global city,gurgaon,1.87
213.49,4.0,4.0,3.0,1.0,sector 113,8.0,1.0,0.0,0.0,1.0,0.0,0.0,0.0,1.0,1.0,1.0,1.0,1.0,0.0,0.0,0.0,0.0,0.0,0.0,0.0,carpet,high,new,m3m capital,gurgaon,5.5249999999999995
132.2,2.0,2.0,3.0,0.0,sector 103,15.0,1.0,0.0,0.0,1.0,1.0,1.0,0.0,1.0,1.0,1.0,1.0,1.0,0.0,1.0,0.0,0.0,0.0,0.0,0.0,super built up,low,old,indiabulls centrum park,gurgaon,2.04
55.93,2.0,2.0,2.0,0.0,sector 33,13.0,1.0,0.0,0.0,0.0,1.0,1.0,1.0,1.0,0.0,0.0,1.0,1.0,0.0,0.0,1.0,1.0,0.0,0.0,0.0,built up,low,under construction,trisara our homes 3,sohna,0.646
143.91,3.0,3.0,3.0,1.0,sector 61,9.0,1.0,0.0,0.0,1.0,0.0,0.0,0.0,1.0,1.0,1.0,1.0,0.0,0.0,0.0,0.0,0.0,0.0,0.0,0.0,super built up,low,new,smart world orchard,gurgaon,4.165
102.47,2.0,2.0,2.0,1.0,sector 89,14.0,1.0,0.0,0.0,1.0,0.0,1.0,0.0,1.0,0.0,1.0,1.0,1.0,0.0,1.0,0.0,0.0,0.0,0.0,0.0,carpet,low,mid aged,smart world gems,gurgaon,1.4449999999999998
273.13,4.0,5.0,2.0,1.0,sector 54,3.0,0.0,0.0,0.0,0.0,0.0,0.0,0.0,0.0,0.0,0.0,0.0,0.0,0.0,0.0,0.0,0.0,0.0,0.0,1.0,super built up,high,new,dlf royalton tower,gurgaon,11.049999999999999
60.39,2.0,2.0,1.0,0.0,sector 3,48.0,1.0,0.0,0.0,0.0,0.0,0.0,0.0,0.0,0.0,0.0,0.0,0.0,0.0,0.0,1.0,0.0,0.0,0.0,0.0,super built up,low,new,ashok vihar phase 2,gurgaon,0.47600000000000003
145.39,3.0,3.0,0.0,0.0,sector 70,4.0,0.0,0.0,0.0,1.0,0.0,0.0,0.0,1.0,0.0,0.0,0.0,0.0,0.0,0.0,0.0,0.0,0.0,0.0,0.0,built up,mid,under construction,unitech vistas,gurgaon,15.299999999999999
185.81,4.0,4.0,3.0,0.0,sector 2,15.0,1.0,0.0,0.0,0.0,1.0,1.0,1.0,1.0,0.0,0.0,0.0,0.0,0.0,0.0,1.0,0.0,0.0,0.0,0.0,super built up,high,old,valley view estate,gurgaon,2.55
141.12,2.0,2.0,2.0,1.0,sector 79,3.0,0.0,0.0,0.0,0.0,0.0,0.0,0.0,0.0,0.0,0.0,0.0,0.0,1.0,0.0,0.0,0.0,0.0,0.0,1.0,carpet,high,new,supertech araville,gurgaon,1.36
194.45,4.0,3.0,3.0,1.0,sector 92,8.0,1.0,0.0,0.0,0.0,0.0,0.0,0.0,0.0,0.0,0.0,0.0,0.0,1.0,0.0,0.0,0.0,0.0,0.0,0.0,built up,high,under construction,sare petioles,gurgaon,2.074
66.52,2.0,2.0,2.0,0.0,sector 90,9.0,1.0,0.0,0.0,1.0,0.0,0.0,0.0,1.0,1.0,1.0,1.0,0.0,0.0,0.0,0.0,0.0,0.0,0.0,0.0,carpet,low,mid aged,mrg world ultimus,gurgaon,0.85
126.81,2.0,2.0,3.0,0.0,sector 99,11.0,1.0,0.0,0.0,0.0,0.0,1.0,0.0,1.0,1.0,0.0,1.0,1.0,0.0,1.0,0.0,0.0,0.0,0.0,0.0,super built up,high,mid aged,assotech blith,gurgaon,1.564
120.31,2.0,2.0,3.0,1.0,sector 79,3.0,0.0,0.0,0.0,0.0,0.0,0.0,0.0,0.0,0.0,0.0,0.0,0.0,1.0,0.0,0.0,0.0,0.0,0.0,1.0,super built up,high,new,supertech araville,gurgaon,1.224
126.44,2.0,2.0,3.0,0.0,sector 103,18.0,1.0,0.0,0.0,0.0,0.0,0.0,1.0,0.0,0.0,1.0,0.0,0.0,0.0,0.0,0.0,0.0,0.0,0.0,1.0,super built up,low,new,ansal housing highland park,gurgaon,1.496
140.28,4.0,3.0,3.0,1.0,sector 106,11.0,1.0,0.0,0.0,1.0,0.0,1.0,0.0,1.0,1.0,0.0,1.0,1.0,0.0,1.0,0.0,0.0,0.0,0.0,0.0,carpet,high,old,paras dews,gurgaon,2.295
182.09,3.0,4.0,3.0,0.0,sector 82,11.0,0.0,0.0,0.0,1.0,0.0,1.0,0.0,1.0,1.0,0.0,0.0,0.0,0.0,1.0,0.0,0.0,0.0,0.0,0.0,super built up,high,mid aged,mapsko casa bella,gurgaon,2.125
92.62,2.0,2.0,2.0,0.0,sector 47,45.0,1.0,0.0,0.0,0.0,0.0,1.0,1.0,0.0,0.0,0.0,0.0,0.0,0.0,0.0,0.0,0.0,0.0,0.0,1.0,carpet,low,new,unitech uniworld gardens 2,gurgaon,1.785
121.7,2.0,2.0,3.0,0.0,sector 37,6.0,1.0,0.0,0.0,1.0,0.0,0.0,0.0,1.0,1.0,0.0,0.0,1.0,0.0,0.0,0.0,0.0,0.0,0.0,0.0,built up,high,under construction,ild grand,gurgaon,1.122
101.73,2.0,2.0,2.0,1.0,sector 70,4.0,0.0,0.0,0.0,1.0,0.0,0.0,0.0,1.0,0.0,0.0,0.0,0.0,0.0,0.0,0.0,0.0,0.0,0.0,0.0,super built up,high,mid aged,unitech vistas,gurgaon,0.901
128.21,2.0,2.0,3.0,0.0,sector 37,15.0,1.0,1.0,0.0,0.0,0.0,1.0,1.0,1.0,0.0,0.0,0.0,0.0,0.0,0.0,1.0,0.0,1.0,0.0,0.0,super built up,low,new,ramprastha the edge towers,gurgaon,1.36
132.2,3.0,2.0,0.0,0.0,sector 89,14.0,1.0,0.0,0.0,1.0,0.0,1.0,0.0,1.0,0.0,1.0,1.0,1.0,0.0,1.0,0.0,0.0,0.0,0.0,0.0,built up,low,under construction,smart world gems,gurgaon,2.907
65.03,1.0,1.0,0.0,0.0,sector 83,10.0,1.0,0.0,0.0,0.0,0.0,0.0,0.0,0.0,0.0,0.0,0.0,0.0,1.0,0.0,0.0,0.0,0.0,0.0,1.0,built up,mid,under construction,sapphire eighty three,gurgaon,1.105
185.53,3.0,3.0,0.0,0.0,sector 99,15.0,1.0,0.0,0.0,1.0,1.0,1.0,1.0,1.0,1.0,0.0,0.0,0.0,0.0,1.0,0.0,0.0,0.0,0.0,0.0,built up,high,under construction,pareena coban residences,gurgaon,2.21
128.39,3.0,3.0,3.0,0.0,sector 54,47.0,1.0,0.0,0.0,0.0,1.0,0.0,1.0,0.0,0.0,0.0,1.0,0.0,1.0,0.0,1.0,1.0,0.0,0.0,1.0,built up,low,under construction,dlf the grove,gurgaon,9.69
311.23,4.0,4.0,3.0,0.0,sector 110,15.0,1.0,0.0,0.0,1.0,1.0,0.0,0.0,1.0,1.0,1.0,1.0,1.0,0.0,0.0,0.0,0.0,0.0,0.0,0.0,built up,high,new,indiabulls enigma,gurgaon,6.8
169.83,3.0,3.0,0.0,0.0,sector 65,9.0,1.0,0.0,0.0,0.0,0.0,1.0,0.0,1.0,1.0,0.0,1.0,0.0,0.0,1.0,0.0,0.0,0.0,0.0,0.0,built up,high,under construction,m3m skycity,gurgaon,4.76
55.74,1.0,1.0,2.0,0.0,sector 56,47.0,1.0,0.0,0.0,0.0,1.0,1.0,1.0,0.0,0.0,0.0,1.0,0.0,1.0,0.0,1.0,1.0,0.0,0.0,1.0,carpet,low,under construction,sobha smriti apartments,gurgaon,0.85
76.37,2.0,2.0,3.0,0.0,sector 33,8.0,1.0,0.0,0.0,0.0,0.0,0.0,0.0,1.0,1.0,1.0,1.0,0.0,0.0,0.0,0.0,0.0,0.0,0.0,0.0,built up,low,new,signature global park,sohna,1.105
132.85,2.0,2.0,3.0,0.0,sector 37,9.0,1.0,0.0,0.0,1.0,0.0,1.0,0.0,1.0,1.0,1.0,0.0,1.0,0.0,0.0,0.0,0.0,0.0,0.0,0.0,built up,high,under construction,ild greens,gurgaon,1.275
161.19,3.0,3.0,3.0,0.0,sector 77,10.0,1.0,0.0,0.0,1.0,0.0,1.0,0.0,1.0,1.0,0.0,0.0,1.0,0.0,0.0,0.0,0.0,0.0,0.0,0.0,built up,high,under construction,umang winter hills,gurgaon,2.38
181.16,3.0,4.0,3.0,1.0,sector 70,15.0,1.0,0.0,0.0,1.0,0.0,1.0,1.0,0.0,0.0,0.0,0.0,0.0,1.0,0.0,0.0,0.0,0.0,0.0,0.0,super built up,low,new,shree vardhman victoria,gurgaon,3.06
92.9,2.0,2.0,3.0,0.0,sector 33,8.0,1.0,0.0,0.0,1.0,0.0,0.0,0.0,1.0,1.0,0.0,0.0,0.0,0.0,0.0,0.0,0.0,0.0,0.0,0.0,carpet,low,mid aged,godrej nature plus,sohna,2.04
126.81,2.0,2.0,3.0,0.0,sector 103,15.0,1.0,0.0,0.0,1.0,1.0,1.0,0.0,1.0,1.0,1.0,1.0,1.0,0.0,1.0,0.0,0.0,0.0,0.0,0.0,built up,low,new,indiabulls centrum park,gurgaon,1.785
123.19,3.0,2.0,2.0,0.0,sector 92,8.0,1.0,0.0,0.0,0.0,0.0,0.0,0.0,0.0,0.0,0.0,0.0,0.0,1.0,0.0,0.0,0.0,0.0,0.0,0.0,carpet,high,new,sare crescent parc,gurgaon,1.122
212.75,3.0,3.0,3.0,1.0,sector 104,13.0,1.0,0.0,0.0,1.0,0.0,1.0,0.0,1.0,1.0,0.0,1.0,1.0,0.0,1.0,0.0,1.0,0.0,0.0,0.0,carpet,low,new,ats triumph,gurgaon,3.315
102.47,2.0,2.0,2.0,1.0,sector 89,14.0,1.0,0.0,0.0,1.0,0.0,1.0,0.0,1.0,0.0,1.0,1.0,1.0,0.0,1.0,0.0,0.0,0.0,0.0,0.0,super built up,low,new,smart world gems,gurgaon,1.53
68.84,2.0,2.0,2.0,0.0,sector 76,6.0,1.0,0.0,0.0,1.0,0.0,1.0,0.0,1.0,1.0,0.0,0.0,0.0,0.0,0.0,0.0,0.0,0.0,0.0,0.0,carpet,high,under construction,suncity avenue 76,gurgaon,0.935
146.04,3.0,3.0,0.0,0.0,sector 92,14.0,1.0,0.0,0.0,0.0,0.0,0.0,1.0,1.0,0.0,0.0,0.0,1.0,0.0,0.0,1.0,0.0,0.0,0.0,0.0,built up,mid,under construction,raheja sampada,gurgaon,1.19
52.68,2.0,2.0,0.0,0.0,sector 33,6.0,0.0,0.0,0.0,0.0,0.0,0.0,0.0,0.0,1.0,0.0,0.0,1.0,0.0,0.0,0.0,1.0,0.0,0.0,0.0,built up,high,under construction,gls arawali homes,sohna,0.51
172.15,3.0,3.0,3.0,0.0,sector 78,7.0,1.0,0.0,0.0,0.0,0.0,0.0,1.0,0.0,0.0,0.0,1.0,0.0,0.0,0.0,0.0,0.0,0.0,0.0,0.0,built up,mid,old,umang monsoon breeze,gurgaon,1.785
167.23,3.0,4.0,3.0,1.0,sector 22,14.0,1.0,0.0,0.0,1.0,0.0,1.0,0.0,1.0,1.0,1.0,0.0,1.0,0.0,0.0,0.0,0.0,0.0,0.0,0.0,carpet,high,new,ambience creacions,gurgaon,5.95
197.79,3.0,3.0,3.0,1.0,sector 85,8.0,1.0,0.0,0.0,1.0,0.0,0.0,0.0,1.0,1.0,0.0,0.0,1.0,0.0,0.0,0.0,0.0,0.0,0.0,0.0,built up,high,mid aged,godrej air,gurgaon,4.42
161.09,4.0,4.0,3.0,0.0,sector 92,8.0,1.0,0.0,0.0,0.0,0.0,0.0,0.0,0.0,0.0,1.0,0.0,0.0,1.0,0.0,0.0,0.0,0.0,0.0,0.0,built up,low,new,sare crescent parc royal greens phase 1,gurgaon,1.275
62.34,1.0,2.0,2.0,0.0,sector 49,15.0,0.0,0.0,0.0,0.0,1.0,0.0,1.0,1.0,0.0,0.0,0.0,0.0,1.0,0.0,0.0,0.0,0.0,0.0,0.0,carpet,low,under construction,satya element one,gurgaon,1.5979999999999999
125.6,2.0,2.0,3.0,1.0,sector 90,10.0,1.0,0.0,0.0,1.0,0.0,1.0,0.0,1.0,1.0,0.0,0.0,1.0,0.0,1.0,0.0,0.0,0.0,0.0,0.0,super built up,high,new,shree vardhman flora,gurgaon,1.19
113.71,2.0,2.0,2.0,0.0,sector 78,7.0,1.0,0.0,0.0,0.0,0.0,0.0,1.0,0.0,0.0,0.0,1.0,0.0,0.0,0.0,0.0,0.0,0.0,0.0,0.0,built up,mid,under construction,umang monsoon breeze,gurgaon,1.19
180.23,3.0,3.0,3.0,1.0,sector 102,10.0,1.0,0.0,0.0,0.0,0.0,0.0,0.0,0.0,0.0,1.0,0.0,0.0,0.0,0.0,0.0,0.0,0.0,0.0,0.0,built up,mid,under construction,ansals highland park,gurgaon,2.04
50.73,2.0,2.0,2.0,1.0,sector 81,6.0,0.0,0.0,0.0,1.0,0.0,0.0,0.0,1.0,0.0,0.0,0.0,1.0,0.0,0.0,0.0,0.0,0.0,0.0,0.0,carpet,mid,mid aged,signature global city 81,gurgaon,1.36
134.15,2.0,2.0,3.0,0.0,sector 3,11.0,1.0,0.0,0.0,1.0,0.0,1.0,0.0,1.0,1.0,0.0,1.0,1.0,0.0,1.0,0.0,0.0,0.0,0.0,0.0,super built up,high,mid aged,godrej habitat,gurgaon,2.04
44.75,2.0,2.0,1.0,1.0,sector 33,10.0,0.0,0.0,0.0,0.0,0.0,0.0,1.0,0.0,0.0,0.0,0.0,0.0,0.0,0.0,0.0,0.0,0.0,0.0,1.0,carpet,high,new,mvn athens,sohna,0.425
139.35,3.0,3.0,3.0,1.0,sector 90,10.0,1.0,0.0,0.0,1.0,0.0,1.0,0.0,1.0,1.0,0.0,0.0,1.0,0.0,1.0,0.0,0.0,0.0,0.0,0.0,carpet,high,new,shree vardhman flora,gurgaon,1.615
91.04,2.0,2.0,1.0,1.0,sector 95,3.0,1.0,0.0,0.0,0.0,0.0,0.0,0.0,0.0,0.0,0.0,0.0,0.0,0.0,0.0,0.0,0.0,0.0,0.0,0.0,super built up,low,new,ramsons kshitij,gurgaon,0.765
153.29,4.0,3.0,3.0,0.0,sector 9,50.0,1.0,0.0,0.0,0.0,0.0,0.0,1.0,1.0,0.0,1.0,0.0,0.0,0.0,0.0,1.0,0.0,0.0,0.0,1.0,carpet,high,new,oriental valley chs,gurgaon,2.55
36.6,1.0,1.0,1.0,0.0,sector 33,10.0,1.0,0.0,0.0,1.0,0.0,1.0,0.0,1.0,1.0,0.0,0.0,0.0,0.0,1.0,0.0,0.0,1.0,0.0,0.0,carpet,mid,new,breez global heights,sohna,0.442
197.42,3.0,3.0,0.0,1.0,sector 48,45.0,1.0,0.0,0.0,0.0,1.0,1.0,1.0,0.0,0.0,0.0,0.0,0.0,1.0,0.0,1.0,0.0,1.0,0.0,0.0,super built up,high,new,parsvnath green ville,gurgaon,3.4
83.61,2.0,2.0,1.0,0.0,sector 4,48.0,1.0,0.0,0.0,0.0,0.0,0.0,1.0,0.0,0.0,0.0,0.0,0.0,0.0,0.0,1.0,0.0,0.0,0.0,0.0,carpet,low,new,shri ram apartments,gurgaon,0.782
158.31,4.0,4.0,3.0,0.0,sector 92,8.0,1.0,0.0,0.0,0.0,0.0,0.0,0.0,0.0,0.0,0.0,0.0,0.0,1.0,0.0,0.0,0.0,0.0,0.0,0.0,carpet,low,old,sare homes,gurgaon,1.36
125.42,2.0,2.0,3.0,1.0,sector 33,8.0,1.0,0.0,0.0,1.0,0.0,0.0,0.0,1.0,0.0,0.0,0.0,1.0,0.0,0.0,0.0,0.0,0.0,0.0,0.0,super built up,high,under construction,silverglades the melia,sohna,1.326
133.82,3.0,3.0,3.0,0.0,sector 92,8.0,1.0,0.0,0.0,0.0,0.0,0.0,0.0,0.0,0.0,0.0,0.0,0.0,1.0,0.0,0.0,0.0,0.0,0.0,0.0,super built up,low,old,sare crescent parc royal greens phase 1,gurgaon,1.105
48.77,1.0,1.0,1.0,0.0,sector 56,47.0,1.0,0.0,0.0,0.0,1.0,1.0,1.0,0.0,0.0,0.0,1.0,0.0,1.0,0.0,1.0,1.0,0.0,0.0,1.0,super built up,low,old,smriti apartment,gurgaon,0.884
115.66,2.0,2.0,3.0,0.0,sector 68,15.0,1.0,0.0,0.0,1.0,0.0,1.0,0.0,1.0,1.0,0.0,1.0,1.0,0.0,1.0,0.0,0.0,1.0,0.0,0.0,super built up,high,new,pareena mi casa,gurgaon,1.87
83.61204013377927,2.0,2.0,3.0,0.0,sector 33,8.0,1.0,0.0,0.0,1.0,0.0,0.0,0.0,1.0,1.0,0.0,0.0,0.0,0.0,0.0,0.0,0.0,0.0,0.0,0.0,carpet,high,mid aged,godrej nature plus,sohna,1.836
287.07,3.0,5.0,3.0,1.0,sector 22,14.0,1.0,0.0,0.0,1.0,0.0,1.0,0.0,1.0,1.0,1.0,0.0,1.0,0.0,0.0,0.0,0.0,0.0,0.0,0.0,super built up,low,new,ambience creacions,gurgaon,6.783
162.58,3.0,3.0,3.0,0.0,sector 109,11.0,1.0,0.0,0.0,1.0,0.0,0.0,0.0,1.0,1.0,0.0,1.0,1.0,0.0,0.0,0.0,0.0,0.0,1.0,0.0,super built up,mid,new,ats tourmaline,gurgaon,2.975
69.68,2.0,2.0,2.0,0.0,sector 33,8.0,1.0,0.0,0.0,0.0,0.0,0.0,0.0,1.0,1.0,1.0,1.0,0.0,0.0,0.0,0.0,0.0,0.0,0.0,0.0,carpet,mid,under construction,signature global park,sohna,0.918
244.33,4.0,4.0,2.0,1.0,sector 109,8.0,1.0,0.0,0.0,0.0,0.0,1.0,0.0,1.0,1.0,0.0,0.0,0.0,0.0,1.0,0.0,0.0,0.0,0.0,0.0,super built up,high,new,chintels paradiso,gurgaon,3.4
258.36,3.0,4.0,3.0,0.0,sector 22,14.0,1.0,0.0,0.0,1.0,0.0,1.0,0.0,1.0,1.0,1.0,0.0,1.0,0.0,0.0,0.0,0.0,0.0,0.0,0.0,super built up,low,new,ambience creacions,gurgaon,5.44
109.63,2.0,2.0,2.0,0.0,sector 68,24.0,1.0,0.0,0.0,0.0,0.0,1.0,1.0,0.0,0.0,0.0,0.0,0.0,0.0,0.0,1.0,0.0,0.0,0.0,0.0,carpet,high,new,supertech hues,gurgaon,1.7
265.7,4.0,4.0,3.0,1.0,sector 102,15.0,0.0,0.0,0.0,1.0,0.0,1.0,0.0,1.0,1.0,1.0,1.0,1.0,0.0,1.0,0.0,0.0,0.0,1.0,0.0,carpet,mid,new,conscient heritage max,gurgaon,5.1
41.81,1.0,1.0,1.0,0.0,sector 33,10.0,0.0,0.0,0.0,0.0,0.0,0.0,1.0,0.0,0.0,0.0,0.0,0.0,0.0,0.0,0.0,0.0,0.0,0.0,1.0,carpet,high,new,mvn athens,sohna,0.357
130.06,2.0,2.0,3.0,1.0,sector 95,8.0,1.0,0.0,0.0,0.0,0.0,0.0,0.0,0.0,0.0,1.0,0.0,0.0,1.0,0.0,0.0,0.0,0.0,0.0,0.0,super built up,high,new,awho shanti vihar,gurgaon,1.394
185.81,4.0,3.0,2.0,0.0,sector 92,8.0,1.0,0.0,0.0,0.0,0.0,0.0,0.0,0.0,0.0,0.0,0.0,0.0,1.0,0.0,0.0,0.0,0.0,0.0,0.0,super built up,high,new,sare homes,gurgaon,1.615
115.66,2.0,2.0,3.0,1.0,sector 68,15.0,1.0,0.0,0.0,1.0,0.0,1.0,0.0,1.0,1.0,0.0,1.0,1.0,0.0,1.0,0.0,0.0,1.0,0.0,0.0,super built up,mid,under construction,pareena mi casa,gurgaon,1.564
246.19,3.0,3.0,3.0,1.0,sector 1,10.0,1.0,0.0,0.0,0.0,0.0,0.0,0.0,0.0,0.0,0.0,0.0,0.0,1.0,0.0,0.0,0.0,0.0,0.0,1.0,carpet,mid,old,deepak minda,manesar,2.125
126.35,2.0,2.0,2.0,0.0,sector 86,4.0,1.0,0.0,0.0,1.0,0.0,0.0,0.0,1.0,0.0,0.0,0.0,1.0,0.0,0.0,0.0,0.0,0.0,0.0,0.0,built up,high,new,ansal heights 86,gurgaon,1.326
54.53,2.0,1.0,2.0,0.0,sector 99,8.0,0.0,0.0,0.0,1.0,0.0,0.0,0.0,1.0,1.0,0.0,1.0,1.0,0.0,0.0,0.0,0.0,0.0,0.0,0.0,carpet,mid,new,pivotal riddhi siddhi,gurgaon,0.85
181.16,4.0,3.0,3.0,0.0,sector 92,8.0,1.0,0.0,0.0,0.0,0.0,0.0,0.0,0.0,0.0,0.0,0.0,0.0,1.0,0.0,0.0,0.0,0.0,0.0,0.0,super built up,high,new,sare homes,gurgaon,1.615
166.2,3.0,3.0,3.0,0.0,sector 33,15.0,0.0,0.0,0.0,0.0,0.0,1.0,1.0,1.0,0.0,0.0,0.0,0.0,1.0,1.0,0.0,0.0,0.0,0.0,1.0,super built up,high,new,central park flower valley aqua front towers,sohna,3.4
65.03,2.0,1.0,2.0,0.0,sector 3,48.0,1.0,0.0,0.0,0.0,0.0,0.0,1.0,0.0,0.0,0.0,0.0,0.0,1.0,0.0,0.0,0.0,0.0,0.0,0.0,super built up,low,new,shyam apartment,gurgaon,0.442
55.74,2.0,1.0,1.0,0.0,sector 110,26.0,1.0,0.0,0.0,0.0,1.0,0.0,1.0,1.0,0.0,1.0,1.0,0.0,0.0,0.0,1.0,0.0,0.0,0.0,0.0,super built up,low,new,city shri ram apartments 1,gurgaon,0.374
117.89,2.0,2.0,3.0,1.0,sector 104,15.0,1.0,0.0,0.0,1.0,0.0,0.0,0.0,1.0,1.0,1.0,1.0,1.0,0.0,1.0,0.0,0.0,0.0,1.0,0.0,super built up,high,under construction,godrej summit,gurgaon,1.87
46.45,1.0,1.0,1.0,1.0,sector 2,41.0,1.0,0.0,0.0,0.0,1.0,1.0,1.0,1.0,0.0,1.0,0.0,0.0,0.0,0.0,1.0,0.0,0.0,0.0,1.0,carpet,low,old,palam vihar extension west zone rwa,gurgaon,0.34
173.73,4.0,5.0,3.0,1.0,sector 92,8.0,1.0,0.0,0.0,0.0,0.0,0.0,0.0,0.0,0.0,0.0,0.0,0.0,1.0,0.0,0.0,0.0,0.0,0.0,0.0,super built up,high,new,sare crescent parc,gurgaon,1.53
52.68,2.0,2.0,2.0,0.0,sector 33,6.0,0.0,0.0,0.0,0.0,0.0,0.0,0.0,0.0,1.0,0.0,0.0,1.0,0.0,0.0,0.0,1.0,0.0,0.0,0.0,super built up,high,new,gls arawali homes,sohna,0.51
172.8,3.0,3.0,3.0,0.0,sector 22,14.0,1.0,0.0,0.0,1.0,0.0,1.0,0.0,1.0,1.0,1.0,0.0,1.0,0.0,0.0,0.0,0.0,0.0,0.0,0.0,super built up,high,new,ambience creacions,gurgaon,4.743
88.26,2.0,2.0,2.0,0.0,sector 33,10.0,1.0,0.0,0.0,1.0,0.0,1.0,0.0,1.0,1.0,0.0,0.0,0.0,0.0,1.0,0.0,0.0,1.0,0.0,0.0,super built up,low,new,breez global heights,sohna,0.663
185.81,4.0,3.0,2.0,0.0,sector 92,8.0,1.0,0.0,0.0,0.0,0.0,0.0,0.0,0.0,0.0,0.0,0.0,0.0,1.0,0.0,0.0,0.0,0.0,0.0,0.0,super built up,high,new,sare homes,gurgaon,1.615
83.61204013377927,2.0,2.0,3.0,0.0,sector 85,8.0,1.0,0.0,0.0,1.0,0.0,0.0,0.0,1.0,1.0,0.0,0.0,1.0,0.0,0.0,0.0,0.0,0.0,0.0,0.0,carpet,high,mid aged,godrej air,gurgaon,2.295
52.95,2.0,2.0,1.0,1.0,sector 3,45.0,1.0,0.0,0.0,0.0,0.0,0.0,1.0,1.0,0.0,1.0,0.0,0.0,0.0,0.0,1.0,0.0,0.0,0.0,1.0,built up,low,new,vidya apartment,gurgaon,0.374
159.79,3.0,3.0,3.0,0.0,sector 2,8.0,1.0,0.0,0.0,1.0,0.0,0.0,0.0,1.0,1.0,0.0,0.0,0.0,0.0,0.0,0.0,0.0,0.0,0.0,0.0,carpet,low,under construction,supertech hill town,sohna,2.55
111.48,2.0,2.0,2.0,0.0,sector 82,6.0,1.0,0.0,0.0,0.0,0.0,0.0,0.0,0.0,0.0,0.0,0.0,0.0,1.0,0.0,0.0,0.0,0.0,0.0,0.0,super built up,low,new,takshila heights sector 37 c,gurgaon,1.139
334.45,2.0,2.0,1.0,1.0,sector 105,50.0,1.0,0.0,0.0,0.0,0.0,0.0,1.0,1.0,0.0,0.0,0.0,0.0,1.0,0.0,1.0,0.0,0.0,0.0,0.0,carpet,low,new,saroop garden,gurgaon,1.615
121.7,2.0,2.0,2.0,0.0,sector 65,9.0,1.0,0.0,0.0,0.0,0.0,1.0,0.0,1.0,1.0,0.0,1.0,0.0,0.0,1.0,0.0,0.0,0.0,0.0,0.0,super built up,high,new,m3m skycity,gurgaon,3.4
163.7,3.0,3.0,2.0,1.0,sector 71,15.0,1.0,1.0,0.0,0.0,0.0,1.0,1.0,0.0,1.0,0.0,0.0,0.0,0.0,1.0,0.0,1.0,0.0,0.0,0.0,super built up,high,old,chd avenue 71,gurgaon,1.9549999999999998
60.39,1.0,1.0,2.0,0.0,sector 2,10.0,1.0,0.0,0.0,1.0,1.0,0.0,0.0,1.0,1.0,1.0,1.0,0.0,0.0,0.0,0.0,0.0,0.0,0.0,0.0,super built up,mid,old,bestech park view residency,gurgaon,0.935
111.48,2.0,2.0,2.0,1.0,sector 61,9.0,1.0,0.0,0.0,1.0,0.0,0.0,0.0,1.0,1.0,1.0,1.0,0.0,0.0,0.0,0.0,0.0,0.0,0.0,0.0,carpet,low,under construction,smart world orchard,gurgaon,2.55
150.04,3.0,3.0,3.0,0.0,sector 111,20.0,1.0,0.0,0.0,0.0,1.0,0.0,0.0,1.0,0.0,0.0,1.0,0.0,0.0,0.0,1.0,0.0,0.0,0.0,0.0,built up,mid,new,m3m the tree of life,gurgaon,3.995
78.97,2.0,2.0,2.0,0.0,sector 6,49.0,1.0,0.0,0.0,0.0,0.0,0.0,1.0,0.0,0.0,0.0,0.0,0.0,0.0,0.0,1.0,0.0,0.0,0.0,0.0,carpet,low,old,bajrang apartments,gurgaon,0.646
116.13,2.0,2.0,2.0,0.0,sector 81,15.0,1.0,0.0,0.0,0.0,0.0,0.0,0.0,0.0,0.0,0.0,0.0,0.0,1.0,0.0,0.0,0.0,0.0,0.0,1.0,super built up,mid,new,vipul lavanya,gurgaon,1.7
157.94,3.0,2.0,3.0,0.0,sector 37,10.0,0.0,0.0,0.0,1.0,1.0,1.0,0.0,1.0,1.0,0.0,0.0,1.0,0.0,1.0,0.0,0.0,0.0,0.0,0.0,super built up,high,under construction,ramprastha primera,gurgaon,1.734
104.05,3.0,2.0,3.0,0.0,sector 36,12.0,1.0,0.0,0.0,1.0,0.0,1.0,0.0,1.0,1.0,0.0,1.0,0.0,0.0,0.0,0.0,0.0,0.0,0.0,0.0,carpet,low,mid aged,signature global park 4,sohna,1.224
63.64,1.0,1.0,1.0,0.0,sector 80,15.0,1.0,0.0,0.0,0.0,0.0,0.0,0.0,1.0,0.0,0.0,0.0,0.0,1.0,0.0,0.0,0.0,0.0,0.0,0.0,carpet,high,new,elan mercado,gurgaon,1.4449999999999998
153.29,3.0,3.0,3.0,0.0,sector 10,49.0,1.0,0.0,0.0,0.0,0.0,0.0,0.0,0.0,0.0,1.0,0.0,0.0,0.0,0.0,0.0,1.0,0.0,0.0,0.0,carpet,low,old,sanskriti apartment,gurgaon,1.87
85.01,2.0,2.0,2.0,0.0,sector 102,13.0,1.0,0.0,0.0,1.0,1.0,0.0,0.0,1.0,1.0,0.0,0.0,1.0,0.0,1.0,0.0,0.0,1.0,0.0,0.0,super built up,high,mid aged,shapoorji pallonji joyville gurugram,gurgaon,2.295
37.72,1.0,1.0,1.0,0.0,sector 36,6.0,1.0,0.0,0.0,0.0,0.0,0.0,0.0,0.0,0.0,0.0,0.0,0.0,1.0,0.0,0.0,0.0,0.0,0.0,0.0,super built up,mid,new,avl 36 gurgaon,gurgaon,0.612
139.35,3.0,2.0,3.0,1.0,sector 82,6.0,0.0,0.0,0.0,0.0,0.0,0.0,0.0,1.0,1.0,0.0,0.0,0.0,0.0,0.0,0.0,0.0,0.0,0.0,0.0,carpet,low,new,vatika inxt floors,gurgaon,2.125
176.52,4.0,3.0,3.0,1.0,sector 70,14.0,0.0,0.0,0.0,1.0,1.0,0.0,0.0,0.0,0.0,0.0,0.0,0.0,0.0,0.0,0.0,1.0,0.0,0.0,0.0,carpet,low,new,bptp pedestal,gurgaon,3.23
113.81,2.0,2.0,3.0,0.0,sector 81,15.0,1.0,0.0,0.0,0.0,0.0,0.0,0.0,0.0,0.0,0.0,0.0,0.0,1.0,0.0,0.0,0.0,0.0,0.0,1.0,carpet,high,new,vipul lavanya,gurgaon,1.088
323.49,4.0,4.0,3.0,0.0,sector 85,13.0,1.0,0.0,0.0,1.0,0.0,1.0,0.0,1.0,1.0,0.0,0.0,1.0,0.0,1.0,0.0,0.0,0.0,1.0,0.0,super built up,high,new,ss the leaf,gurgaon,4.59
128.3,2.0,2.0,2.0,0.0,sector 108,13.0,1.0,0.0,0.0,0.0,0.0,1.0,0.0,1.0,1.0,0.0,0.0,1.0,0.0,0.0,0.0,0.0,0.0,1.0,0.0,super built up,low,mid aged,sobha city,gurgaon,3.57
143.91,3.0,3.0,3.0,0.0,sector 61,35.0,1.0,0.0,0.0,0.0,0.0,1.0,1.0,1.0,0.0,0.0,1.0,0.0,1.0,0.0,1.0,0.0,0.0,0.0,1.0,carpet,low,under construction,suposhaa smartworld orchard,gurgaon,3.6889999999999996
104.05,2.0,2.0,2.0,1.0,sector 61,9.0,1.0,0.0,0.0,1.0,0.0,0.0,0.0,1.0,1.0,1.0,1.0,0.0,0.0,0.0,0.0,0.0,0.0,0.0,0.0,carpet,mid,under construction,smart world orchard,gurgaon,2.8899999999999997
258.73,3.0,4.0,3.0,0.0,sector 102,7.0,1.0,0.0,0.0,0.0,0.0,0.0,0.0,0.0,0.0,1.0,0.0,0.0,0.0,0.0,0.0,0.0,0.0,0.0,0.0,carpet,mid,under construction,smart world one,gurgaon,2.8049999999999997
225.75,4.0,4.0,3.0,0.0,sector 52,43.0,1.0,0.0,0.0,0.0,0.0,0.0,1.0,0.0,0.0,0.0,0.0,0.0,1.0,0.0,1.0,0.0,0.0,0.0,1.0,super built up,high,new,ramshanti cooperative society,gurgaon,2.992
98.48,3.0,3.0,2.0,0.0,sector 12,50.0,1.0,0.0,0.0,0.0,0.0,0.0,1.0,1.0,0.0,0.0,0.0,0.0,1.0,0.0,1.0,0.0,0.0,0.0,0.0,carpet,low,new,ss radiance residency,gurgaon,1.02
83.61,2.0,2.0,1.0,0.0,sector 4,48.0,1.0,0.0,0.0,0.0,0.0,0.0,1.0,0.0,0.0,0.0,0.0,0.0,0.0,0.0,1.0,0.0,0.0,0.0,0.0,built up,low,under construction,apna enclave,gurgaon,1.02
241.55,3.0,3.0,3.0,0.0,sector 37,10.0,1.0,0.0,0.0,1.0,0.0,1.0,0.0,1.0,1.0,1.0,0.0,1.0,0.0,0.0,0.0,0.0,1.0,0.0,1.0,super built up,mid,old,bptp amstoria,gurgaon,3.8249999999999997
125.42,2.0,2.0,3.0,1.0,sector 33,8.0,1.0,0.0,0.0,1.0,0.0,0.0,0.0,1.0,0.0,0.0,0.0,1.0,0.0,0.0,0.0,0.0,0.0,0.0,0.0,super built up,low,new,silverglades the melia,sohna,1.547
69.21,3.0,2.0,2.0,0.0,sector 104,9.0,1.0,0.0,0.0,1.0,0.0,1.0,0.0,1.0,1.0,0.0,0.0,0.0,0.0,1.0,0.0,0.0,0.0,0.0,0.0,super built up,mid,under construction,zara aavaas,gurgaon,0.833
91.97,2.0,2.0,1.0,0.0,sector 2,24.0,1.0,0.0,0.0,0.0,1.0,0.0,0.0,1.0,0.0,0.0,1.0,0.0,0.0,0.0,1.0,0.0,0.0,0.0,0.0,carpet,low,new,rk tower,gurgaon,1.615
54.39,2.0,2.0,1.0,0.0,sector 33,14.0,1.0,0.0,0.0,0.0,0.0,1.0,1.0,1.0,0.0,1.0,0.0,0.0,0.0,1.0,0.0,0.0,1.0,0.0,0.0,carpet,high,new,breez global hill view,sohna,0.51
32.7,1.0,1.0,1.0,0.0,sector 36,6.0,1.0,0.0,0.0,0.0,0.0,0.0,0.0,0.0,0.0,0.0,0.0,0.0,1.0,0.0,0.0,0.0,0.0,0.0,0.0,super built up,low,new,avl 36 gurgaon,gurgaon,0.629
123.1,2.0,2.0,3.0,0.0,sector 76,4.0,0.0,0.0,0.0,1.0,0.0,0.0,0.0,1.0,0.0,0.0,0.0,1.0,0.0,0.0,0.0,0.0,0.0,0.0,0.0,super built up,high,new,corona gracieux,gurgaon,1.275
153.29,3.0,3.0,3.0,0.0,sector 65,46.0,1.0,0.0,0.0,0.0,1.0,1.0,1.0,1.0,0.0,0.0,0.0,0.0,0.0,0.0,1.0,0.0,1.0,0.0,0.0,carpet,low,under construction,emaar mgf emerald floors,gurgaon,4.42
202.16,3.0,3.0,3.0,1.0,sector 78,7.0,1.0,0.0,0.0,0.0,0.0,0.0,1.0,0.0,0.0,0.0,1.0,0.0,0.0,0.0,0.0,0.0,0.0,0.0,0.0,built up,high,old,umang monsoon breeze,gurgaon,1.87
144.0,2.0,2.0,2.0,1.0,sector 104,13.0,1.0,0.0,0.0,1.0,0.0,1.0,0.0,1.0,1.0,1.0,1.0,1.0,0.0,1.0,0.0,0.0,0.0,0.0,0.0,super built up,mid,under construction,puri emerald bay,gurgaon,2.55
143.91,3.0,3.0,2.0,1.0,sector 61,9.0,1.0,0.0,0.0,1.0,0.0,0.0,0.0,1.0,1.0,1.0,1.0,0.0,0.0,0.0,0.0,0.0,0.0,0.0,0.0,super built up,low,new,smart world orchard,gurgaon,3.8080000000000003
106.84,2.0,2.0,2.0,1.0,sector 61,9.0,1.0,0.0,0.0,1.0,0.0,0.0,0.0,1.0,1.0,1.0,1.0,0.0,0.0,0.0,0.0,0.0,0.0,0.0,0.0,built up,low,new,smart world orchard,gurgaon,2.669
207.08,4.0,4.0,3.0,0.0,sector 53,9.0,1.0,0.0,0.0,1.0,0.0,0.0,0.0,1.0,0.0,0.0,1.0,0.0,0.0,1.0,0.0,0.0,1.0,0.0,1.0,carpet,high,under construction,tulip monsella,gurgaon,12.58
46.45,2.0,2.0,1.0,0.0,sector 110,14.0,1.0,0.0,0.0,0.0,0.0,0.0,1.0,1.0,0.0,0.0,1.0,0.0,0.0,0.0,1.0,0.0,0.0,0.0,0.0,carpet,low,new,my home,gurgaon,0.374
92.9,2.0,2.0,1.0,0.0,sector 33,14.0,1.0,0.0,0.0,0.0,0.0,1.0,1.0,1.0,0.0,1.0,0.0,0.0,0.0,1.0,0.0,0.0,1.0,0.0,0.0,built up,high,new,breez global hill view,sohna,0.544
126.35,2.0,2.0,1.0,1.0,sector 86,4.0,1.0,0.0,0.0,1.0,0.0,0.0,0.0,1.0,0.0,0.0,0.0,1.0,0.0,0.0,0.0,0.0,0.0,0.0,0.0,super built up,high,under construction,ansal heights 86,gurgaon,1.258
117.15,2.0,2.0,3.0,0.0,sector 65,11.0,1.0,0.0,0.0,1.0,0.0,1.0,0.0,1.0,1.0,0.0,1.0,1.0,0.0,1.0,0.0,0.0,0.0,0.0,0.0,super built up,high,under construction,m3m heights,gurgaon,3.315
55.74,1.0,1.0,1.0,0.0,sector 56,47.0,1.0,0.0,0.0,0.0,1.0,1.0,1.0,0.0,0.0,0.0,1.0,0.0,1.0,0.0,1.0,1.0,0.0,0.0,1.0,super built up,low,old,smriti apartment,gurgaon,1.02
88.26,3.0,2.0,1.0,0.0,sector 105,33.0,1.0,0.0,0.0,0.0,0.0,0.0,1.0,1.0,0.0,1.0,0.0,0.0,0.0,0.0,1.0,0.0,0.0,0.0,1.0,carpet,low,new,uphaar homes,gurgaon,0.765
51.38,2.0,1.0,2.0,0.0,sector 99,15.0,1.0,0.0,0.0,0.0,0.0,0.0,1.0,1.0,0.0,1.0,0.0,1.0,1.0,0.0,1.0,0.0,1.0,1.0,0.0,super built up,mid,new,pareena laxmi apartments,gurgaon,0.51
132.2,3.0,3.0,2.0,1.0,sector 89,14.0,1.0,0.0,0.0,1.0,0.0,1.0,0.0,1.0,0.0,1.0,1.0,1.0,0.0,1.0,0.0,0.0,0.0,0.0,0.0,carpet,low,new,smart world gems,gurgaon,2.21
152.36,3.0,3.0,2.0,0.0,sector 41,48.0,1.0,0.0,0.0,0.0,1.0,0.0,1.0,1.0,0.0,0.0,1.0,0.0,1.0,0.0,0.0,0.0,0.0,0.0,1.0,super built up,high,old,unitech the palms,gurgaon,4.675
106.84,2.0,2.0,2.0,0.0,sector 61,9.0,1.0,0.0,0.0,1.0,0.0,0.0,0.0,1.0,1.0,1.0,1.0,0.0,0.0,0.0,0.0,0.0,0.0,0.0,0.0,carpet,mid,under construction,smart world orchard,gurgaon,2.8899999999999997
83.61204013377927,3.0,3.0,3.0,0.0,sector 88,14.0,0.0,0.0,0.0,0.0,0.0,0.0,0.0,1.0,0.0,0.0,0.0,0.0,0.0,0.0,0.0,0.0,0.0,0.0,0.0,carpet,mid,new,godrej icon,gurgaon,2.975
106.84,2.0,2.0,3.0,0.0,sector 82,7.0,1.0,0.0,0.0,1.0,0.0,0.0,0.0,1.0,0.0,0.0,0.0,1.0,0.0,0.0,0.0,0.0,0.0,0.0,0.0,built up,low,old,vatika independent floors,gurgaon,1.139
182.09,3.0,3.0,3.0,1.0,sector 76,4.0,0.0,0.0,0.0,1.0,0.0,0.0,0.0,1.0,0.0,0.0,0.0,1.0,0.0,0.0,0.0,0.0,0.0,0.0,0.0,super built up,low,new,corona gracieux,gurgaon,1.836
134.71,2.0,3.0,3.0,1.0,sector 99,7.0,1.0,0.0,0.0,1.0,0.0,0.0,0.0,1.0,1.0,0.0,0.0,1.0,0.0,0.0,0.0,0.0,0.0,0.0,0.0,carpet,mid,new,lotus elise,gurgaon,1.615
85.94,2.0,2.0,1.0,0.0,sector 2,20.0,1.0,0.0,0.0,0.0,1.0,1.0,1.0,1.0,0.0,0.0,0.0,0.0,0.0,0.0,1.0,0.0,0.0,0.0,1.0,carpet,high,old,nul,gurgaon,0.9520000000000001
134.71,2.0,2.0,3.0,1.0,sector 104,15.0,1.0,0.0,0.0,1.0,0.0,0.0,0.0,1.0,1.0,1.0,1.0,1.0,0.0,1.0,0.0,0.0,0.0,1.0,0.0,carpet,high,new,godrej summit,gurgaon,1.4449999999999998
134.15,2.0,2.0,3.0,0.0,sector 3,11.0,1.0,0.0,0.0,1.0,0.0,1.0,0.0,1.0,1.0,0.0,1.0,1.0,0.0,1.0,0.0,0.0,0.0,0.0,0.0,super built up,high,mid aged,godrej habitat,gurgaon,2.125
180.23,2.0,2.0,3.0,1.0,sector 33,6.0,1.0,0.0,0.0,0.0,0.0,0.0,0.0,1.0,1.0,0.0,0.0,0.0,0.0,0.0,0.0,0.0,0.0,0.0,0.0,super built up,low,new,ashiana mulberry,sohna,1.785
126.35,2.0,2.0,1.0,0.0,sector 86,4.0,1.0,0.0,0.0,1.0,0.0,0.0,0.0,1.0,0.0,0.0,0.0,1.0,0.0,0.0,0.0,0.0,0.0,0.0,0.0,super built up,high,new,ansal heights 86,gurgaon,1.326
100.43,3.0,2.0,3.0,0.0,sector 33,8.0,1.0,0.0,0.0,0.0,0.0,0.0,0.0,1.0,1.0,1.0,1.0,0.0,0.0,0.0,0.0,0.0,0.0,0.0,0.0,super built up,mid,under construction,signature global park,sohna,1.343
51.38,2.0,2.0,2.0,0.0,sector 99,15.0,1.0,0.0,0.0,0.0,0.0,0.0,1.0,1.0,0.0,1.0,0.0,1.0,1.0,0.0,1.0,0.0,1.0,1.0,0.0,super built up,high,new,pareena laxmi apartments,gurgaon,0.544
213.21,3.0,3.0,3.0,0.0,sector 59,15.0,1.0,0.0,0.0,1.0,0.0,1.0,0.0,1.0,1.0,1.0,1.0,0.0,0.0,0.0,0.0,0.0,0.0,0.0,0.0,carpet,low,mid aged,conscient elevate,gurgaon,6.425999999999999
53.28,2.0,2.0,1.0,0.0,sector 86,8.0,1.0,0.0,0.0,1.0,0.0,0.0,0.0,1.0,1.0,0.0,0.0,1.0,0.0,0.0,0.0,0.0,0.0,0.0,0.0,carpet,high,under construction,pyramid elite,gurgaon,0.765
83.61204013377927,3.0,4.0,3.0,1.0,sector 33,8.0,1.0,0.0,0.0,1.0,0.0,0.0,0.0,1.0,1.0,0.0,0.0,0.0,0.0,0.0,0.0,0.0,0.0,0.0,0.0,built up,low,new,godrej nature plus,sohna,2.754
88.26,2.0,2.0,1.0,0.0,sector 4,48.0,1.0,0.0,0.0,0.0,0.0,0.0,1.0,0.0,0.0,0.0,0.0,0.0,0.0,0.0,1.0,0.0,0.0,0.0,0.0,carpet,mid,new,shri ram apartments,gurgaon,0.612
150.6,2.0,2.0,3.0,1.0,sector 78,10.0,0.0,0.0,0.0,1.0,0.0,1.0,0.0,1.0,1.0,0.0,0.0,0.0,0.0,0.0,0.0,0.0,0.0,0.0,0.0,super built up,high,under construction,raheja revanta,gurgaon,1.683
104.98,2.0,2.0,2.0,1.0,sector 95,4.0,1.0,0.0,0.0,0.0,0.0,0.0,0.0,0.0,0.0,0.0,0.0,0.0,1.0,0.0,0.0,0.0,0.0,0.0,0.0,carpet,high,new,sidhartha ncr one phase 1,gurgaon,0.935
73.39,2.0,2.0,0.0,0.0,sector 6,49.0,1.0,0.0,0.0,0.0,0.0,0.0,1.0,0.0,0.0,0.0,0.0,0.0,0.0,0.0,1.0,0.0,0.0,0.0,0.0,built up,low,new,divya apartments,gurgaon,1.02
67.63,2.0,2.0,2.0,1.0,sector 95,14.0,0.0,0.0,0.0,0.0,0.0,0.0,0.0,0.0,1.0,1.0,1.0,1.0,0.0,0.0,0.0,1.0,0.0,0.0,1.0,carpet,high,new,rof ananda,gurgaon,0.782
123.19,3.0,3.0,2.0,1.0,sector 89,14.0,1.0,0.0,0.0,1.0,0.0,1.0,0.0,1.0,0.0,1.0,1.0,1.0,0.0,1.0,0.0,0.0,0.0,0.0,0.0,carpet,mid,mid aged,smart world gems,gurgaon,1.9209999999999998
188.13,3.0,3.0,3.0,1.0,sector 77,5.0,0.0,0.0,0.0,0.0,0.0,0.0,0.0,1.0,0.0,0.0,0.0,0.0,0.0,0.0,0.0,0.0,0.0,0.0,0.0,super built up,high,new,emaar palm heights,gurgaon,3.57
51.02,2.0,2.0,1.0,0.0,sector 95,14.0,0.0,0.0,0.0,0.0,0.0,0.0,0.0,0.0,1.0,1.0,1.0,1.0,0.0,0.0,0.0,1.0,0.0,0.0,1.0,carpet,mid,new,rof ananda,gurgaon,0.646
202.06,4.0,4.0,3.0,1.0,sector 88,6.0,1.0,0.0,0.0,1.0,0.0,0.0,0.0,1.0,1.0,0.0,0.0,1.0,0.0,0.0,0.0,0.0,0.0,0.0,0.0,super built up,high,new,the center court,gurgaon,3.57
69.68,3.0,2.0,1.0,1.0,sector 105,35.0,1.0,0.0,0.0,0.0,0.0,0.0,1.0,1.0,0.0,1.0,0.0,0.0,0.0,0.0,1.0,0.0,0.0,0.0,1.0,carpet,mid,old,uphaar residency 2,gurgaon,0.714
167.23,4.0,3.0,2.0,0.0,sector 9,50.0,1.0,0.0,0.0,0.0,0.0,0.0,1.0,1.0,0.0,1.0,0.0,0.0,0.0,0.0,0.0,0.0,0.0,0.0,1.0,carpet,mid,old,wings apartment,gurgaon,2.04
52.68,2.0,2.0,2.0,0.0,sector 33,6.0,0.0,0.0,0.0,0.0,0.0,0.0,0.0,0.0,1.0,0.0,0.0,1.0,0.0,0.0,0.0,1.0,0.0,0.0,0.0,super built up,low,new,gls arawali homes,sohna,0.47600000000000003
133.32,2.0,2.0,2.0,1.0,sector 82,10.0,1.0,0.0,0.0,1.0,0.0,1.0,0.0,1.0,1.0,0.0,0.0,0.0,0.0,0.0,0.0,0.0,0.0,1.0,0.0,super built up,high,new,vatika the seven lamps,gurgaon,1.7
178.37,3.0,3.0,3.0,0.0,sector 37,29.0,1.0,0.0,0.0,0.0,0.0,0.0,0.0,0.0,0.0,1.0,0.0,0.0,0.0,0.0,0.0,0.0,0.0,0.0,0.0,super built up,mid,new,piedmont taksila heights,gurgaon,1.785
58.06,2.0,2.0,1.0,0.0,sector 88,6.0,1.0,0.0,0.0,1.0,0.0,0.0,0.0,1.0,1.0,0.0,0.0,0.0,0.0,0.0,0.0,0.0,0.0,0.0,0.0,carpet,low,new,adani aangan arcade,gurgaon,0.765
146.04,3.0,3.0,0.0,0.0,sector 92,11.0,1.0,0.0,0.0,0.0,0.0,0.0,1.0,1.0,0.0,0.0,0.0,1.0,0.0,0.0,1.0,0.0,0.0,0.0,0.0,super built up,high,new,raheja navodaya,gurgaon,1.4449999999999998
153.01,3.0,3.0,3.0,1.0,sector 104,15.0,1.0,0.0,0.0,1.0,0.0,0.0,0.0,1.0,1.0,1.0,1.0,1.0,0.0,1.0,0.0,0.0,0.0,1.0,0.0,super built up,high,new,godrej summit,gurgaon,2.21
125.42,2.0,2.0,2.0,0.0,sector 33,45.0,1.0,0.0,0.0,0.0,0.0,0.0,1.0,0.0,0.0,0.0,0.0,0.0,0.0,0.0,0.0,1.0,0.0,0.0,0.0,built up,low,under construction,bhemerlei,sohna,1.1729999999999998
57.97,1.0,1.0,1.0,0.0,sector 2,15.0,1.0,0.0,0.0,0.0,1.0,1.0,1.0,1.0,0.0,0.0,0.0,0.0,0.0,0.0,1.0,0.0,0.0,0.0,0.0,super built up,high,old,valley view estate,gurgaon,0.646
83.61204013377927,2.0,2.0,3.0,1.0,sector 88,7.0,1.0,0.0,0.0,0.0,1.0,0.0,0.0,1.0,0.0,0.0,0.0,1.0,0.0,0.0,0.0,0.0,0.0,0.0,0.0,super built up,high,new,godrej oasis,gurgaon,2.465
188.13,3.0,5.0,3.0,1.0,sector 37,5.0,1.0,0.0,0.0,0.0,0.0,0.0,0.0,0.0,0.0,1.0,0.0,0.0,0.0,0.0,0.0,0.0,0.0,0.0,0.0,super built up,high,under construction,ramprastha skyz,gurgaon,1.7
139.17,2.0,2.0,2.0,0.0,sector 112,8.0,1.0,0.0,0.0,0.0,0.0,0.0,1.0,1.0,0.0,1.0,1.0,0.0,0.0,0.0,1.0,0.0,0.0,0.0,0.0,built up,mid,new,earth copia,gurgaon,1.19
126.81,2.0,2.0,3.0,0.0,sector 99,4.0,1.0,0.0,0.0,0.0,0.0,0.0,0.0,0.0,0.0,1.0,0.0,0.0,0.0,0.0,0.0,0.0,0.0,0.0,0.0,built up,low,under construction,assotech blith,gurgaon,1.394
66.89,1.0,1.0,1.0,0.0,sector 49,42.0,1.0,0.0,0.0,0.0,0.0,1.0,1.0,0.0,0.0,0.0,0.0,0.0,0.0,0.0,0.0,0.0,0.0,0.0,0.0,built up,low,under construction,satya element one,gurgaon,1.36
121.15,2.0,2.0,3.0,1.0,sector 37,19.0,1.0,0.0,0.0,0.0,0.0,0.0,0.0,0.0,0.0,1.0,0.0,0.0,0.0,0.0,0.0,0.0,0.0,0.0,0.0,super built up,mid,under construction,proxima tower,gurgaon,1.02
57.51,2.0,2.0,2.0,0.0,sector 33,5.0,0.0,0.0,0.0,0.0,0.0,0.0,0.0,0.0,0.0,0.0,0.0,0.0,0.0,0.0,0.0,0.0,0.0,0.0,1.0,built up,high,new,hcbs sports ville,sohna,0.459
120.5,2.0,2.0,2.0,0.0,sector 89,7.0,0.0,0.0,0.0,0.0,0.0,0.0,0.0,0.0,0.0,1.0,0.0,0.0,1.0,0.0,0.0,0.0,0.0,0.0,1.0,carpet,mid,under construction,greenopolis,gurgaon,1.36
275.46,3.0,4.0,3.0,1.0,sector 53,10.0,1.0,0.0,0.0,1.0,0.0,1.0,0.0,1.0,1.0,0.0,1.0,0.0,0.0,1.0,0.0,0.0,0.0,0.0,0.0,super built up,high,old,vipul belmonte,gurgaon,11.049999999999999
64.1,2.0,2.0,1.0,0.0,sector 82,47.0,1.0,0.0,0.0,0.0,0.0,0.0,1.0,0.0,0.0,0.0,0.0,0.0,0.0,0.0,0.0,0.0,0.0,0.0,1.0,carpet,mid,under construction,green court,gurgaon,0.646
116.87,2.0,3.0,3.0,0.0,sector 63,12.0,1.0,0.0,0.0,0.0,0.0,0.0,0.0,1.0,1.0,1.0,1.0,1.0,0.0,1.0,0.0,1.0,0.0,0.0,0.0,super built up,mid,mid aged,birla navya,gurgaon,3.74
129.88,3.0,3.0,3.0,0.0,sector 61,13.0,1.0,0.0,0.0,1.0,0.0,1.0,0.0,1.0,1.0,1.0,1.0,0.0,0.0,0.0,0.0,0.0,0.0,0.0,0.0,super built up,low,new,smart world orchard,gurgaon,3.23
157.94,2.0,2.0,1.0,0.0,sector 11,50.0,1.0,0.0,0.0,0.0,0.0,0.0,1.0,1.0,0.0,0.0,0.0,0.0,1.0,0.0,1.0,1.0,0.0,0.0,0.0,super built up,low,old,ganga apartment,gurgaon,0.935
53.51,2.0,2.0,2.0,0.0,sector 33,6.0,0.0,0.0,0.0,0.0,0.0,0.0,0.0,0.0,1.0,0.0,0.0,1.0,0.0,0.0,0.0,1.0,0.0,0.0,0.0,super built up,mid,new,gls arawali homes,sohna,0.442
74.32,2.0,2.0,2.0,0.0,sector 33,46.0,1.0,0.0,0.0,0.0,0.0,0.0,0.0,0.0,0.0,0.0,0.0,0.0,0.0,0.0,0.0,1.0,0.0,0.0,0.0,super built up,low,new,shree balaji appartment,gurgaon,0.68
35.3,1.0,1.0,1.0,0.0,sector 95,14.0,0.0,0.0,0.0,0.0,0.0,0.0,0.0,0.0,1.0,1.0,1.0,1.0,0.0,0.0,0.0,1.0,0.0,0.0,1.0,carpet,high,new,rof ananda,gurgaon,0.442
119.38,3.0,3.0,2.0,0.0,sector 37,4.0,0.0,0.0,0.0,0.0,0.0,0.0,0.0,1.0,0.0,0.0,0.0,1.0,0.0,0.0,0.0,0.0,0.0,0.0,0.0,super built up,mid,new,ramprastha the atrium,gurgaon,1.7
46.92,2.0,2.0,3.0,0.0,sector 33,6.0,0.0,0.0,0.0,0.0,0.0,0.0,0.0,0.0,1.0,0.0,1.0,0.0,0.0,0.0,0.0,1.0,0.0,0.0,0.0,carpet,high,under construction,tulsiani easy in homes,sohna,0.68
135.36,2.0,2.0,3.0,1.0,sector 33,7.0,1.0,0.0,0.0,0.0,0.0,0.0,0.0,1.0,0.0,0.0,0.0,1.0,0.0,0.0,0.0,0.0,0.0,0.0,0.0,super built up,high,under construction,eldeco accolade,sohna,1.615
97.55,2.0,2.0,1.0,0.0,sector 57,44.0,1.0,0.0,0.0,0.0,0.0,0.0,1.0,1.0,0.0,0.0,1.0,0.0,1.0,0.0,1.0,0.0,1.0,0.0,1.0,super built up,low,old,ansal harmony homes,gurgaon,1.9040000000000001
106.37,2.0,2.0,2.0,0.0,sector 2,4.0,1.0,0.0,0.0,1.0,0.0,0.0,0.0,1.0,0.0,0.0,1.0,1.0,0.0,0.0,0.0,0.0,0.0,0.0,0.0,super built up,high,old,mittal cosmos executive apartments,gurgaon,1.275
53.51,2.0,2.0,2.0,0.0,sector 33,6.0,0.0,0.0,0.0,0.0,0.0,0.0,0.0,0.0,1.0,0.0,0.0,1.0,0.0,0.0,0.0,1.0,0.0,0.0,0.0,super built up,high,new,gls arawali homes,sohna,0.595
160.44,3.0,3.0,2.0,1.0,sector 67,12.0,0.0,0.0,0.0,1.0,0.0,1.0,0.0,1.0,1.0,0.0,1.0,0.0,0.0,1.0,0.0,0.0,0.0,0.0,0.0,super built up,mid,under construction,ireo the corridors,gurgaon,3.536
160.72,3.0,3.0,2.0,0.0,sector 78,7.0,1.0,0.0,0.0,0.0,0.0,0.0,1.0,0.0,0.0,0.0,1.0,0.0,0.0,0.0,0.0,0.0,0.0,0.0,0.0,built up,high,new,umang monsoon breeze,gurgaon,1.615
40.04,1.0,1.0,1.0,0.0,sector 95,14.0,0.0,0.0,0.0,0.0,0.0,0.0,0.0,0.0,1.0,1.0,1.0,1.0,0.0,0.0,0.0,1.0,0.0,0.0,1.0,super built up,high,new,rof ananda,gurgaon,0.442
120.77,3.0,3.0,1.0,0.0,sector 3,48.0,1.0,0.0,0.0,0.0,0.0,0.0,1.0,0.0,0.0,0.0,0.0,0.0,0.0,0.0,1.0,0.0,0.0,0.0,0.0,super built up,mid,old,apna enclave,gurgaon,1.36
124.21,3.0,3.0,1.0,1.0,sector 69,42.0,1.0,0.0,0.0,0.0,1.0,1.0,1.0,0.0,0.0,0.0,0.0,0.0,0.0,0.0,1.0,0.0,1.0,0.0,0.0,super built up,high,under construction,unitech sunbreeze,gurgaon,1.258
44.39,1.0,1.0,1.0,0.0,sector 33,5.0,0.0,0.0,0.0,0.0,0.0,0.0,0.0,0.0,0.0,0.0,0.0,0.0,0.0,0.0,0.0,0.0,0.0,0.0,1.0,built up,high,new,hcbs sports ville,sohna,0.374
144.0,3.0,3.0,3.0,1.0,sector 33,8.0,1.0,0.0,0.0,1.0,0.0,0.0,0.0,1.0,1.0,0.0,0.0,0.0,0.0,0.0,0.0,0.0,0.0,0.0,0.0,super built up,mid,under construction,godrej nature plus,sohna,2.55
181.16,4.0,3.0,2.0,0.0,sector 92,8.0,1.0,0.0,0.0,0.0,0.0,0.0,0.0,0.0,0.0,0.0,0.0,0.0,1.0,0.0,0.0,0.0,0.0,0.0,0.0,carpet,low,new,sare crescent parc,gurgaon,1.7
160.44,3.0,3.0,2.0,1.0,sector 67,12.0,0.0,0.0,0.0,1.0,0.0,1.0,0.0,1.0,1.0,0.0,1.0,0.0,0.0,1.0,0.0,0.0,0.0,0.0,0.0,super built up,mid,under construction,ireo the corridors,gurgaon,3.4
104.98,2.0,2.0,2.0,0.0,sector 21,16.0,1.0,0.0,0.0,0.0,1.0,0.0,1.0,0.0,0.0,0.0,0.0,0.0,0.0,0.0,0.0,0.0,0.0,0.0,0.0,carpet,mid,old,mittal surya vihar,gurgaon,1.36
210.15,3.0,3.0,3.0,1.0,sector 80,10.0,1.0,0.0,0.0,0.0,0.0,0.0,0.0,0.0,0.0,0.0,0.0,0.0,1.0,0.0,0.0,0.0,0.0,0.0,1.0,super built up,mid,old,godrej frontier,gurgaon,2.72
37.07,1.0,1.0,1.0,0.0,sector 33,10.0,1.0,0.0,0.0,1.0,0.0,1.0,0.0,1.0,1.0,0.0,0.0,0.0,0.0,1.0,0.0,0.0,1.0,0.0,0.0,carpet,mid,new,breez global heights,sohna,0.47600000000000003
44.75,2.0,2.0,1.0,0.0,sector 33,10.0,0.0,0.0,0.0,0.0,0.0,0.0,1.0,0.0,0.0,0.0,0.0,0.0,0.0,0.0,0.0,0.0,0.0,0.0,1.0,carpet,low,new,mvn athens,sohna,0.425
63.82,2.0,2.0,1.0,0.0,sector 99,8.0,1.0,0.0,0.0,1.0,0.0,0.0,0.0,1.0,1.0,0.0,0.0,1.0,0.0,0.0,0.0,0.0,0.0,0.0,0.0,super built up,mid,new,prime habitat,gurgaon,0.544
99.96,2.0,2.0,2.0,1.0,sector 95,4.0,1.0,0.0,0.0,0.0,0.0,0.0,0.0,0.0,0.0,0.0,0.0,0.0,1.0,0.0,0.0,0.0,0.0,0.0,0.0,super built up,high,new,sidhartha ncr greens,gurgaon,1.02
102.1,2.0,2.0,2.0,0.0,sector 104,7.0,1.0,0.0,0.0,0.0,1.0,0.0,0.0,1.0,1.0,1.0,1.0,1.0,0.0,0.0,0.0,0.0,0.0,0.0,0.0,super built up,high,mid aged,hero homes,gurgaon,2.04
144.0,3.0,3.0,2.0,0.0,sector 9,41.0,1.0,0.0,0.0,0.0,0.0,0.0,1.0,1.0,0.0,1.0,0.0,0.0,0.0,0.0,1.0,0.0,0.0,0.0,1.0,carpet,mid,old,jammu and kashmir bank employees cghs,gurgaon,1.5979999999999999
128.21,2.0,2.0,2.0,0.0,sector 22,14.0,1.0,0.0,0.0,1.0,0.0,1.0,0.0,1.0,1.0,1.0,0.0,1.0,0.0,0.0,0.0,0.0,0.0,0.0,0.0,super built up,high,mid aged,ambience creacions,gurgaon,2.975
177.44,3.0,3.0,0.0,0.0,sector 89,7.0,0.0,0.0,0.0,0.0,0.0,0.0,0.0,0.0,0.0,1.0,0.0,0.0,1.0,0.0,0.0,0.0,0.0,0.0,1.0,built up,high,under construction,greenopolis,gurgaon,1.53
185.53,3.0,5.0,3.0,1.0,sector 99,15.0,1.0,0.0,0.0,1.0,1.0,1.0,1.0,1.0,1.0,0.0,0.0,0.0,0.0,1.0,0.0,0.0,0.0,0.0,0.0,super built up,mid,new,pareena coban residences,gurgaon,2.295
171.41,3.0,4.0,2.0,1.0,sector 1,10.0,1.0,0.0,0.0,0.0,0.0,0.0,0.0,0.0,0.0,0.0,0.0,0.0,1.0,0.0,0.0,0.0,0.0,0.0,1.0,super built up,mid,new,dlf express greens,manesar,2.04
133.32,2.0,3.0,3.0,1.0,sector 37,8.0,1.0,0.0,0.0,1.0,1.0,0.0,0.0,1.0,0.0,0.0,0.0,1.0,0.0,0.0,0.0,0.0,0.0,0.0,0.0,super built up,high,under construction,imperia the esfera,gurgaon,1.19
230.4,3.0,4.0,0.0,0.0,sector 1,14.0,1.0,0.0,0.0,0.0,0.0,0.0,0.0,0.0,0.0,0.0,0.0,0.0,0.0,0.0,0.0,0.0,0.0,0.0,0.0,built up,low,new,aditya apartment,manesar,1.7
163.51,3.0,4.0,3.0,1.0,sector 106,20.0,1.0,0.0,0.0,0.0,0.0,0.0,1.0,0.0,0.0,0.0,0.0,0.0,0.0,0.0,1.0,0.0,0.0,0.0,0.0,super built up,high,under construction,paras dews,gurgaon,2.38
131.36,3.0,3.0,3.0,0.0,sector 92,8.0,1.0,0.0,0.0,0.0,0.0,0.0,0.0,0.0,0.0,0.0,0.0,0.0,1.0,0.0,0.0,0.0,0.0,0.0,0.0,carpet,low,old,sare crescent parc,gurgaon,1.105
126.35,2.0,2.0,1.0,1.0,sector 86,4.0,1.0,0.0,0.0,1.0,0.0,0.0,0.0,1.0,0.0,0.0,0.0,1.0,0.0,0.0,0.0,0.0,0.0,0.0,0.0,super built up,high,new,ansal heights 86,gurgaon,1.4789999999999999
27.87,1.0,1.0,0.0,0.0,sector 40,47.0,1.0,0.0,0.0,0.0,0.0,0.0,1.0,1.0,0.0,0.0,1.0,0.0,0.0,0.0,0.0,0.0,0.0,0.0,0.0,built up,low,under construction,lig flat,gurgaon,2.55
88.26,2.0,2.0,2.0,0.0,sector 3,48.0,1.0,0.0,0.0,0.0,0.0,0.0,1.0,1.0,0.0,1.0,0.0,0.0,0.0,0.0,1.0,0.0,0.0,0.0,1.0,super built up,low,old,apna enclave,gurgaon,0.935
80.55,2.0,2.0,1.0,0.0,sector 23,45.0,1.0,0.0,0.0,0.0,1.0,1.0,1.0,1.0,0.0,1.0,0.0,0.0,0.0,0.0,1.0,0.0,0.0,0.0,1.0,super built up,low,old,shri balaji apartment,gurgaon,0.595
173.26,3.0,3.0,3.0,0.0,sector 70,7.0,1.0,0.0,0.0,1.0,0.0,1.0,0.0,1.0,1.0,0.0,0.0,0.0,0.0,0.0,0.0,0.0,0.0,0.0,0.0,built up,high,under construction,krrish florence estate,gurgaon,2.21
248.05,4.0,5.0,3.0,1.0,sector 103,18.0,1.0,0.0,0.0,0.0,0.0,0.0,1.0,0.0,0.0,1.0,0.0,0.0,0.0,0.0,0.0,0.0,0.0,0.0,1.0,super built up,high,new,ansal housing highland park,gurgaon,3.4
219.16,4.0,5.0,3.0,1.0,sector 1,10.0,1.0,0.0,0.0,0.0,0.0,0.0,0.0,0.0,0.0,0.0,0.0,0.0,1.0,0.0,0.0,0.0,0.0,0.0,1.0,super built up,high,new,dlf express greens,manesar,2.55
191.29,3.0,3.0,3.0,1.0,sector 68,15.0,1.0,0.0,0.0,1.0,0.0,1.0,0.0,1.0,1.0,0.0,1.0,1.0,0.0,1.0,0.0,0.0,1.0,0.0,0.0,carpet,low,under construction,pareena mi casa,gurgaon,3.23
31.59,1.0,1.0,1.0,0.0,sector 95,3.0,1.0,0.0,0.0,0.0,0.0,0.0,0.0,0.0,0.0,0.0,0.0,0.0,0.0,0.0,0.0,0.0,0.0,0.0,0.0,super built up,low,new,ramsons kshitij,gurgaon,0.374
120.77,2.0,3.0,2.0,1.0,sector 2,25.0,1.0,0.0,0.0,0.0,1.0,0.0,0.0,1.0,0.0,0.0,1.0,0.0,0.0,0.0,1.0,0.0,0.0,0.0,0.0,carpet,low,old,ansals duplex flat,gurgaon,1.615
58.16,2.0,2.0,1.0,0.0,sector 90,15.0,1.0,0.0,0.0,0.0,0.0,0.0,1.0,1.0,0.0,0.0,0.0,0.0,1.0,0.0,0.0,1.0,1.0,0.0,0.0,super built up,high,new,green court,gurgaon,0.68
48.22,2.0,2.0,2.0,0.0,sector 33,5.0,0.0,0.0,0.0,0.0,0.0,0.0,0.0,0.0,0.0,0.0,0.0,0.0,0.0,0.0,0.0,0.0,0.0,0.0,1.0,carpet,low,new,hcbs sports ville,sohna,0.544
55.74,1.0,1.0,2.0,0.0,sector 56,47.0,1.0,0.0,0.0,0.0,1.0,1.0,1.0,0.0,0.0,0.0,1.0,0.0,1.0,0.0,1.0,1.0,0.0,0.0,1.0,super built up,low,old,smriti apartment,gurgaon,0.765
184.6,3.0,3.0,3.0,0.0,sector 68,15.0,1.0,0.0,0.0,1.0,0.0,1.0,0.0,1.0,1.0,0.0,1.0,1.0,0.0,1.0,0.0,0.0,1.0,0.0,0.0,super built up,high,under construction,pareena mi casa,gurgaon,3.145
143.81,3.0,3.0,3.0,1.0,sector 95,4.0,1.0,0.0,0.0,0.0,0.0,0.0,0.0,0.0,0.0,0.0,0.0,0.0,1.0,0.0,0.0,0.0,0.0,0.0,0.0,carpet,high,new,sidhartha ncr greens,gurgaon,1.632
232.26,4.0,4.0,3.0,0.0,sector 65,18.0,1.0,0.0,0.0,0.0,0.0,1.0,1.0,0.0,0.0,0.0,0.0,0.0,0.0,0.0,1.0,0.0,0.0,0.0,0.0,built up,low,new,ansals api esencia,gurgaon,4.08
120.31,2.0,2.0,3.0,1.0,sector 79,3.0,0.0,0.0,0.0,0.0,0.0,0.0,0.0,0.0,0.0,0.0,0.0,0.0,1.0,0.0,0.0,0.0,0.0,0.0,1.0,super built up,high,new,supertech araville,gurgaon,1.36
134.34,3.0,2.0,3.0,1.0,sector 104,15.0,1.0,0.0,0.0,1.0,0.0,0.0,0.0,1.0,1.0,1.0,1.0,1.0,0.0,1.0,0.0,0.0,0.0,1.0,0.0,carpet,high,new,godrej summit,gurgaon,2.04
92.9,2.0,2.0,2.0,1.0,sector 92,8.0,1.0,0.0,0.0,0.0,0.0,0.0,0.0,0.0,0.0,0.0,0.0,0.0,1.0,0.0,0.0,0.0,0.0,0.0,0.0,super built up,low,new,sare crescent parc,gurgaon,0.85
176.05,4.0,5.0,3.0,0.0,sector 92,8.0,1.0,0.0,0.0,0.0,0.0,0.0,0.0,0.0,0.0,0.0,0.0,0.0,1.0,0.0,0.0,0.0,0.0,0.0,0.0,built up,high,old,sare crescent parc,gurgaon,1.564
65.03,2.0,2.0,1.0,0.0,sector 90,15.0,1.0,0.0,0.0,0.0,0.0,0.0,1.0,1.0,0.0,0.0,0.0,0.0,1.0,0.0,0.0,1.0,1.0,0.0,0.0,super built up,high,new,green court,gurgaon,0.85
120.31,2.0,2.0,3.0,0.0,sector 79,3.0,0.0,0.0,0.0,0.0,0.0,0.0,0.0,0.0,0.0,0.0,0.0,0.0,1.0,0.0,0.0,0.0,0.0,0.0,1.0,super built up,high,new,supertech araville,gurgaon,1.326
58.9,2.0,2.0,1.0,0.0,sector 81,10.0,1.0,0.0,0.0,1.0,0.0,0.0,0.0,1.0,0.0,0.0,0.0,1.0,0.0,1.0,0.0,0.0,0.0,0.0,0.0,carpet,high,new,signature global synera,gurgaon,0.85
133.78,3.0,2.0,3.0,1.0,sector 104,15.0,1.0,0.0,0.0,1.0,0.0,0.0,0.0,1.0,1.0,1.0,1.0,1.0,0.0,1.0,0.0,0.0,0.0,1.0,0.0,super built up,high,new,godrej summit,gurgaon,2.21
46.17,2.0,2.0,1.0,0.0,sector 99,8.0,1.0,0.0,0.0,1.0,0.0,0.0,0.0,1.0,1.0,0.0,0.0,1.0,0.0,0.0,0.0,0.0,0.0,0.0,0.0,carpet,mid,new,prime habitat,gurgaon,0.459
165.0,4.0,4.0,3.0,0.0,sector 82,23.0,1.0,0.0,0.0,0.0,0.0,0.0,0.0,1.0,0.0,1.0,0.0,0.0,0.0,0.0,0.0,0.0,0.0,0.0,0.0,super built up,low,old,sare homes,gurgaon,1.4449999999999998
126.35,2.0,2.0,3.0,1.0,sector 81,13.0,0.0,0.0,0.0,0.0,0.0,0.0,0.0,0.0,0.0,0.0,0.0,0.0,1.0,0.0,0.0,0.0,0.0,0.0,1.0,super built up,high,new,bestech park view ananda,gurgaon,1.53
55.74,2.0,2.0,2.0,0.0,sector 37,50.0,1.0,0.0,0.0,0.0,0.0,0.0,1.0,1.0,0.0,0.0,0.0,0.0,1.0,0.0,1.0,0.0,0.0,0.0,0.0,carpet,mid,new,millenia,gurgaon,0.68
185.81,3.0,3.0,1.0,0.0,sector 95,4.0,1.0,0.0,0.0,0.0,0.0,0.0,0.0,0.0,0.0,0.0,0.0,0.0,1.0,0.0,0.0,0.0,0.0,0.0,0.0,built up,high,new,sidhartha ncr one phase 1,gurgaon,1.53
30.19,1.0,1.0,2.0,0.0,sector 71,15.0,1.0,0.0,0.0,0.0,0.0,1.0,1.0,1.0,1.0,0.0,0.0,0.0,1.0,0.0,0.0,0.0,0.0,0.0,0.0,super built up,low,new,signature andour heights,gurgaon,0.663
171.87,3.0,2.0,3.0,1.0,sector 43,47.0,1.0,0.0,0.0,0.0,1.0,0.0,1.0,1.0,0.0,0.0,1.0,0.0,1.0,0.0,1.0,0.0,0.0,0.0,1.0,super built up,mid,old,sanskriti apartments,gurgaon,4.25
176.52,4.0,3.0,2.0,1.0,sector 92,8.0,1.0,0.0,0.0,0.0,0.0,0.0,0.0,0.0,0.0,0.0,0.0,0.0,1.0,0.0,0.0,0.0,0.0,0.0,0.0,super built up,high,new,sare crescent parc,gurgaon,1.36
130.06,2.0,2.0,1.0,0.0,sector 74,9.0,1.0,0.0,0.0,0.0,0.0,1.0,1.0,0.0,0.0,0.0,0.0,0.0,1.0,0.0,0.0,0.0,0.0,0.0,0.0,carpet,high,new,m3m skywalk,gurgaon,2.55
141.49,3.0,3.0,3.0,0.0,sector 92,6.0,1.0,0.0,0.0,0.0,0.0,0.0,0.0,0.0,0.0,0.0,0.0,0.0,1.0,0.0,0.0,0.0,0.0,0.0,0.0,super built up,high,new,sare homes,gurgaon,1.394
157.94,2.0,3.0,3.0,1.0,sector 104,13.0,1.0,0.0,0.0,1.0,0.0,1.0,0.0,1.0,1.0,1.0,1.0,1.0,0.0,1.0,0.0,0.0,0.0,0.0,0.0,super built up,high,new,puri emerald bay,gurgaon,3.06
212.66,3.0,4.0,3.0,1.0,sector 79,11.0,1.0,0.0,0.0,1.0,0.0,1.0,0.0,1.0,1.0,0.0,0.0,1.0,0.0,0.0,0.0,0.0,0.0,1.0,0.0,super built up,high,new,godrej aria,gurgaon,3.315
160.72,3.0,3.0,3.0,0.0,sector 103,17.0,1.0,0.0,0.0,0.0,0.0,0.0,1.0,0.0,0.0,1.0,0.0,0.0,0.0,0.0,0.0,0.0,0.0,0.0,1.0,super built up,mid,under construction,ansal estella,gurgaon,2.55
115.57,4.0,2.0,3.0,0.0,sector 28,48.0,1.0,0.0,0.0,0.0,0.0,0.0,1.0,0.0,0.0,0.0,1.0,0.0,0.0,0.0,0.0,1.0,0.0,0.0,1.0,carpet,low,old,chanderlok society,gurgaon,1.53
144.0,3.0,3.0,2.0,1.0,sector 9,41.0,1.0,0.0,0.0,0.0,0.0,0.0,1.0,1.0,0.0,1.0,0.0,0.0,0.0,0.0,1.0,0.0,0.0,0.0,1.0,super built up,mid,old,jammu and kashmir bank employees cghs,gurgaon,1.615
167.23,3.0,3.0,3.0,0.0,sector 37,9.0,1.0,0.0,0.0,1.0,0.0,1.0,0.0,1.0,1.0,1.0,0.0,1.0,0.0,0.0,0.0,0.0,0.0,0.0,0.0,super built up,low,under construction,ild greens,gurgaon,1.7
102.19,3.0,3.0,2.0,0.0,sector 12,50.0,1.0,0.0,0.0,0.0,0.0,0.0,1.0,1.0,0.0,0.0,0.0,0.0,1.0,0.0,1.0,0.0,0.0,0.0,0.0,super built up,low,new,ss residency,gurgaon,0.901
92.9,3.0,2.0,1.0,0.0,sector 105,30.0,1.0,0.0,0.0,0.0,0.0,0.0,1.0,0.0,0.0,0.0,0.0,0.0,0.0,0.0,1.0,0.0,0.0,0.0,0.0,carpet,low,new,uphar lakshya homes,gurgaon,0.714
142.14,2.0,2.0,3.0,1.0,sector 79,3.0,0.0,0.0,0.0,0.0,0.0,0.0,0.0,0.0,0.0,0.0,0.0,0.0,1.0,0.0,0.0,0.0,0.0,0.0,1.0,super built up,mid,new,supertech araville,gurgaon,2.295
219.07,3.0,4.0,3.0,1.0,sector 37,13.0,0.0,0.0,0.0,1.0,0.0,1.0,0.0,1.0,1.0,1.0,0.0,1.0,0.0,1.0,0.0,0.0,0.0,0.0,0.0,super built up,high,new,corona optus,gurgaon,2.55
209.03,3.0,3.0,2.0,1.0,sector 78,7.0,1.0,0.0,0.0,0.0,0.0,0.0,1.0,0.0,0.0,0.0,1.0,0.0,0.0,0.0,0.0,0.0,0.0,0.0,0.0,super built up,high,old,umang monsoon breeze,gurgaon,2.04
171.87,3.0,3.0,2.0,0.0,sector 88,7.0,1.0,0.0,0.0,0.0,1.0,0.0,0.0,1.0,0.0,0.0,0.0,1.0,0.0,0.0,0.0,0.0,0.0,0.0,0.0,carpet,low,new,godrej oasis,gurgaon,2.55
125.42,2.0,2.0,3.0,0.0,sector 79,50.0,1.0,0.0,0.0,0.0,0.0,0.0,1.0,1.0,0.0,0.0,0.0,0.0,1.0,0.0,1.0,0.0,0.0,0.0,0.0,carpet,mid,new,"godrej aria , sector 79 , gurgaon",gurgaon,2.55
127.28,3.0,2.0,3.0,0.0,sector 92,14.0,1.0,0.0,0.0,0.0,0.0,0.0,1.0,1.0,0.0,0.0,0.0,1.0,0.0,0.0,1.0,0.0,0.0,0.0,0.0,super built up,high,new,raheja sampada,gurgaon,1.53
194.17,4.0,4.0,2.0,1.0,sector 92,11.0,0.0,0.0,0.0,0.0,0.0,0.0,0.0,1.0,1.0,0.0,1.0,1.0,0.0,0.0,0.0,0.0,0.0,0.0,0.0,super built up,high,new,sare green parc phase 3,gurgaon,1.836
139.17,2.0,2.0,2.0,0.0,sector 92,11.0,1.0,0.0,0.0,0.0,0.0,0.0,1.0,1.0,0.0,0.0,0.0,1.0,0.0,0.0,1.0,0.0,0.0,0.0,0.0,built up,mid,new,raheja navodaya,gurgaon,1.054
185.71,4.0,4.0,3.0,0.0,sector 68,15.0,1.0,0.0,0.0,1.0,0.0,1.0,0.0,1.0,1.0,0.0,1.0,1.0,0.0,1.0,0.0,0.0,1.0,0.0,0.0,super built up,high,new,pareena mi casa,gurgaon,2.8899999999999997
43.2,1.0,1.0,1.0,0.0,sector 2,28.0,1.0,0.0,0.0,0.0,1.0,1.0,1.0,1.0,0.0,1.0,1.0,0.0,0.0,0.0,1.0,0.0,0.0,0.0,0.0,super built up,mid,old,palam vihar society,gurgaon,0.68
92.9,3.0,3.0,1.0,0.0,sector 23,47.0,1.0,0.0,0.0,0.0,1.0,1.0,1.0,1.0,0.0,1.0,0.0,0.0,0.0,0.0,1.0,0.0,0.0,0.0,1.0,super built up,low,old,krishna appartment,gurgaon,0.595
168.25,3.0,4.0,3.0,1.0,sector 103,17.0,1.0,0.0,0.0,0.0,0.0,0.0,1.0,0.0,0.0,1.0,0.0,0.0,0.0,0.0,0.0,0.0,0.0,0.0,1.0,carpet,high,under construction,spire woods now ananda by alpha corp,gurgaon,2.125
103.03,2.0,2.0,2.0,0.0,sector 28,45.0,1.0,0.0,0.0,0.0,1.0,0.0,1.0,1.0,0.0,0.0,1.0,0.0,1.0,0.0,1.0,0.0,0.0,0.0,1.0,built up,low,old,dlf regency park 1,gurgaon,2.295
176.05,3.0,3.0,3.0,1.0,sector 86,4.0,1.0,0.0,0.0,1.0,0.0,0.0,0.0,1.0,0.0,0.0,0.0,1.0,0.0,0.0,0.0,0.0,0.0,0.0,0.0,super built up,high,under construction,ansal heights 86,gurgaon,1.785
362.79,5.0,5.0,3.0,1.0,sector 48,45.0,1.0,0.0,0.0,0.0,1.0,1.0,1.0,0.0,0.0,0.0,0.0,0.0,1.0,0.0,1.0,0.0,1.0,0.0,0.0,super built up,mid,old,parsvnath green ville,gurgaon,5.609999999999999
343.74,3.0,4.0,3.0,1.0,sector 24,42.0,1.0,0.0,0.0,0.0,0.0,0.0,1.0,0.0,0.0,0.0,1.0,0.0,0.0,0.0,1.0,0.0,0.0,0.0,1.0,built up,high,old,ambience lagoon,gurgaon,9.86
290.14,4.0,6.0,3.0,1.0,sector 54,13.0,0.0,0.0,0.0,1.0,0.0,0.0,0.0,1.0,0.0,0.0,1.0,0.0,0.0,0.0,0.0,0.0,0.0,0.0,0.0,super built up,mid,new,dlf the crest,gurgaon,18.7
